Season,Date,HomeTeam,AwayTeam,FTR,HomeEloBefore,AwayEloBefore,HomeRollingPoints5,AwayRollingPoints5,HomeRollingGoalsFor5,HomeRollingGoalsAgainst5,HomeRollingGoalDifference5,HomeRollingWinRate5,AwayRollingGoalsFor5,AwayRollingGoalsAgainst5,AwayRollingGoalDifference5,AwayRollingWinRate5,HomeVenueRollingPoints5,HomeVenueRollingGoalsFor5,HomeVenueRollingGoalsAgainst5,HomeVenueRollingGoalDifference5,HomeVenueRollingWinRate5,AwayVenueRollingPoints5,AwayVenueRollingGoalsFor5,AwayVenueRollingGoalsAgainst5,AwayVenueRollingGoalDifference5,AwayVenueRollingWinRate5,HomeRestDays,AwayRestDays,HomeShortRest3,AwayShortRest3,HomeMatchesLast7Days,HomeMatchesLast14Days,AwayMatchesLast7Days,AwayMatchesLast14Days,EloDifference,PointsFormDifference5,GoalsForFormDifference5,GoalsAgainstFormDifference5,GoalDifferenceFormDifference5,WinRateFormDifference5,VenuePointsFormDifference5,VenueGoalsForFormDifference5,VenueGoalsAgainstFormDifference5,VenueGoalDifferenceFormDifference5,VenueWinRateFormDifference5,RestDaysDifference,ShortRestDifference3,MatchesLast7DaysDifference,MatchesLast14DaysDifference,AwayMatchWeek,HomeMatchWeek,HomeSeasonProgress,AwaySeasonProgress,AverageSeasonProgress,SeasonProgressDifference,MatchesPlayedDifference,SecondHalfSeason,HomePointsBefore,AwayPointsBefore,HomeGoalDifferenceBefore,AwayGoalDifferenceBefore,HomeLeaguePosition,AwayLeaguePosition,PointsDifference,PositionDifference,GoalDifferenceDifference,HomeTop4Before,HomeTop6Before,HomeTopHalfBefore,HomeBottom3Before,AwayTop4Before,AwayTop6Before,AwayTopHalfBefore,AwayBottom3Before
2025-26,2025-08-15,Liverpool,Bournemouth,H,1757.201461698298,1560.693814115772,,,,,,,,,,,,,,,,,,,,,,,,,0,0,0,0,196.50764758252603,,,,,,,,,,,,,0,0,1,1,0.0,0.0,0.0,0.0,0,0,0,0,0,0,,,0,,0,,,,,,,,
2025-26,2025-08-16,Aston Villa,Newcastle,D,1652.3069497979623,1636.9823550722806,,,,,,,,,,,,,,,,,,,,,,,,,0,0,0,0,15.324594725681663,,,,,,,,,,,,,0,0,1,1,0.0,0.0,0.0,0.0,0,0,0,0,0,0,3,14,0,11,0,1,1,1,0,0,0,0,0
2025-26,2025-08-16,Brighton,Fulham,D,1609.9730670308102,1553.8546841333946,,,,,,,,,,,,,,,,,,,,,,,,,0,0,0,0,56.118382897415586,,,,,,,,,,,,,0,0,1,1,0.0,0.0,0.0,0.0,0,0,0,0,0,0,5,10,0,5,0,0,1,1,0,0,0,1,0
2025-26,2025-08-16,Sunderland,West Ham,H,1371.1677739011245,1515.4220044894835,,,,,,,,,,,,,,,,,,,,,,,,,0,0,0,0,-144.25423058835895,,,,,,,,,,,,,0,0,1,1,0.0,0.0,0.0,0.0,0,0,0,0,0,0,16,18,0,2,0,0,0,0,0,0,0,0,1
2025-26,2025-08-16,Tottenham,Burnley,H,1500.4773908268708,1409.8458861956826,,,,,,,,,,,,,,,,,,,,,,,,,0,0,0,0,90.63150463118814,,,,,,,,,,,,,0,0,1,1,0.0,0.0,0.0,0.0,0,0,0,0,0,0,17,6,0,-11,0,0,0,0,0,0,1,1,0
2025-26,2025-08-16,Wolves,Man City,A,1508.884888952467,1755.3842335836569,,,,,,,,,,,,,,,,,,,,,,,,,0,0,0,0,-246.49934463118984,,,,,,,,,,,,,0,0,1,1,0.0,0.0,0.0,0.0,0,0,0,0,0,0,19,12,0,-7,0,0,0,0,1,0,0,0,0
2025-26,2025-08-17,Chelsea,Crystal Palace,D,1659.0386833925484,1596.4312108474167,,,,,,,,,,,,,,,,,,,,,,,,,0,0,0,0,62.607472545131714,,,,,,,,,,,,,0,0,1,1,0.0,0.0,0.0,0.0,0,0,0,0,0,0,11,12,0,1,0,0,0,0,0,0,0,0,0
2025-26,2025-08-17,Man United,Arsenal,A,1540.695548481544,1743.5128812705545,,,,,,,,,,,,,,,,,,,,,,,,,0,0,0,0,-202.8173327890106,,,,,,,,,,,,,0,0,1,1,0.0,0.0,0.0,0.0,0,0,0,0,0,0,15,9,0,-6,0,0,0,0,0,0,0,1,0
2025-26,2025-08-17,Nott'm Forest,Brentford,H,1574.4666520155013,1572.5297634476804,,,,,,,,,,,,,,,,,,,,,,,,,0,0,0,0,1.9368885678209153,,,,,,,,,,,,,0,0,1,1,0.0,0.0,0.0,0.0,0,0,0,0,0,0,16,10,0,-6,0,0,0,0,0,0,0,1,0
2025-26,2025-08-18,Leeds,Everton,H,1439.336874896009,1567.5709802613057,,,,,,,,,,,,,,,,,,,,,,,,,0,0,0,0,-128.23410536529673,,,,,,,,,,,,,0,0,1,1,0.0,0.0,0.0,0.0,0,0,0,0,0,0,14,13,0,-1,0,0,0,0,0,0,0,0,0
2025-26,2025-08-22,West Ham,Chelsea,A,1502.7737987503087,1655.9064955155247,,,,,,,,,,,,,,,,,,,,,6.0,5.0,0.0,0.0,1,1,1,1,-153.132696765216,,,,,,,,,,,1.0,0.0,0,0,2,2,0.02702702702702703,0.02702702702702703,0.02702702702702703,0.0,0,0,0,1,-3,0,19,11,-1,-8,-3,0,0,0,1,0,0,0,0
2025-26,2025-08-23,Arsenal,Leeds,H,1749.3777329933805,1451.5513319632212,,,,,,,,,,,,,,,,,,,,,6.0,5.0,0.0,0.0,1,1,1,1,297.82640103015933,,,,,,,,,,,1.0,0.0,0,0,2,2,0.02702702702702703,0.02702702702702703,0.02702702702702703,0.0,0,0,3,3,1,1,7,8,0,1,0,0,0,1,0,0,0,1,0
2025-26,2025-08-23,Bournemouth,Wolves,H,1556.797484036428,1504.0058776243636,,,,,,,,,,,,,,,,,,,,,8.0,7.0,0.0,0.0,0,1,1,1,52.79160641206431,,,,,,,,,,,1.0,0.0,-1,0,2,2,0.02702702702702703,0.02702702702702703,0.02702702702702703,0.0,0,0,0,0,-2,-4,16,19,0,3,2,0,0,0,0,0,0,0,1
2025-26,2025-08-23,Brentford,Aston Villa,H,1564.0135910701695,1650.4486036770063,,,,,,,,,,,,,,,,,,,,,6.0,7.0,0.0,0.0,1,1,1,1,-86.43501260683684,,,,,,,,,,,-1.0,0.0,0,0,2,2,0.02702702702702703,0.02702702702702703,0.02702702702702703,0.0,0,0,0,1,-2,0,17,11,-1,-6,-2,0,0,0,0,0,0,0,0
2025-26,2025-08-23,Burnley,Sunderland,H,1403.6861157099993,1383.8159796402992,,,,,,,,,,,,,,,,,,,,,7.0,7.0,0.0,0.0,1,1,1,1,19.870136069700038,,,,,,,,,,,0.0,0.0,0,0,2,2,0.02702702702702703,0.02702702702702703,0.02702702702702703,0.0,0,0,0,3,-3,3,18,3,-3,-15,-6,0,0,0,1,1,1,1,0
2025-26,2025-08-23,Man City,Tottenham,A,1760.2632449117602,1506.637161312554,,,,,,,,,,,,,,,,,,,,,7.0,7.0,0.0,0.0,1,1,1,1,253.62608359920614,,,,,,,,,,,0.0,0.0,0,0,2,2,0.02702702702702703,0.02702702702702703,0.02702702702702703,0.0,0,0,3,3,4,3,2,4,0,2,1,1,1,1,0,1,1,1,0
2025-26,2025-08-24,Crystal Palace,Nott'm Forest,D,1599.5633987244403,1582.9828243930122,,,,,,,,,,,,,,,,,,,,,7.0,7.0,0.0,0.0,1,1,1,1,16.580574331428124,,,,,,,,,,,0.0,0.0,0,0,2,2,0.02702702702702703,0.02702702702702703,0.02702702702702703,0.0,0,0,1,3,0,2,14,6,-2,-8,-2,0,0,0,0,0,1,1,0
2025-26,2025-08-24,Everton,Brighton,H,1555.3565231940936,1607.010298214145,,,,,,,,,,,,,,,,,,,,,6.0,8.0,0.0,0.0,1,1,0,1,-51.6537750200514,,,,,,,,,,,-2.0,0.0,1,0,2,2,0.02702702702702703,0.02702702702702703,0.02702702702702703,0.0,0,0,0,1,-1,0,17,12,-1,-5,-1,0,0,0,0,0,0,0,0
2025-26,2025-08-24,Fulham,Man United,D,1556.8174529500598,1534.830696758718,,,,,,,,,,,,,,,,,,,,,8.0,7.0,0.0,0.0,0,1,1,1,21.986756191341783,,,,,,,,,,,1.0,0.0,-1,0,2,2,0.02702702702702703,0.02702702702702703,0.02702702702702703,0.0,0,0,1,0,0,-1,13,18,1,5,1,0,0,0,0,0,0,0,1
2025-26,2025-08-25,Newcastle,Liverpool,A,1638.8407011932366,1761.0977917776422,,,,,,,,,,,,,,,,,,,,,9.0,10.0,0.0,0.0,0,1,0,1,-122.25709058440566,,,,,,,,,,,-1.0,0.0,0,0,2,2,0.02702702702702703,0.02702702702702703,0.02702702702702703,0.0,0,0,1,3,0,2,15,5,-2,-10,-2,0,0,0,0,0,1,1,0
2025-26,2025-08-30,Chelsea,Fulham,H,1663.0223164432691,1554.7746563641551,,,,,,,,,,,,,,,,,,,,,8.0,6.0,0.0,0.0,0,2,1,2,108.24766007911398,,,,,,,,,,,2.0,0.0,-1,0,3,3,0.05405405405405406,0.05405405405405406,0.05405405405405406,0.0,0,0,4,2,4,0,4,13,2,9,4,1,1,1,0,0,0,0,0
2025-26,2025-08-30,Leeds,Newcastle,D,1449.1719935898573,1630.8909527457545,,,,,,,,,,,,,,,,,,,,,7.0,5.0,0.0,0.0,1,2,1,2,-181.7189591558972,,,,,,,,,,,2.0,0.0,0,0,3,3,0.05405405405405406,0.05405405405405406,0.05405405405405406,0.0,0,0,3,1,-4,-1,12,15,2,3,-3,0,0,0,0,0,0,0,0
2025-26,2025-08-30,Man United,Burnley,H,1536.8734933446226,1411.7017701137015,,,,,,,,,,,,,,,,,,,,,6.0,7.0,0.0,0.0,1,2,1,2,125.17172323092109,,,,,,,,,,,-1.0,0.0,0,0,3,3,0.05405405405405406,0.05405405405405406,0.05405405405405406,0.0,0,0,1,3,-1,-1,16,11,-2,-5,0,0,0,0,0,0,0,0,0
2025-26,2025-08-30,Sunderland,Brentford,H,1375.800325236597,1575.0584476082342,,,,,,,,,,,,,,,,,,,,,7.0,7.0,0.0,0.0,1,2,1,2,-199.25812237163723,,,,,,,,,,,0.0,0.0,0,0,3,3,0.05405405405405406,0.05405405405405406,0.05405405405405406,0.0,0,0,3,3,1,-1,7,10,0,3,2,0,0,1,0,0,0,1,0
2025-26,2025-08-30,Tottenham,Bournemouth,A,1523.6706942789447,1563.922308223292,,,,,,,,,,,,,,,,,,,,,7.0,7.0,0.0,0.0,1,2,1,1,-40.251613944347355,,,,,,,,,,,0.0,0.0,0,1,3,3,0.05405405405405406,0.05405405405405406,0.05405405405405406,0.0,0,0,6,3,5,-1,2,9,3,7,6,1,1,1,0,0,0,1,0
2025-26,2025-08-30,Wolves,Everton,A,1496.8810534374995,1565.4041223059623,,,,,,,,,,,,,,,,,,,,,7.0,6.0,0.0,0.0,1,2,1,2,-68.52306886846281,,,,,,,,,,,1.0,0.0,0,0,3,3,0.05405405405405406,0.05405405405405406,0.05405405405405406,0.0,0,0,0,3,-5,1,19,8,-3,-11,-6,0,0,0,1,0,0,1,0
2025-26,2025-08-31,Aston Villa,Crystal Palace,A,1639.4037471389415,1597.6701746094598,,,,,,,,,,,,,,,,,,,,,8.0,7.0,0.0,0.0,0,1,1,2,41.73357252948176,,,,,,,,,,,1.0,0.0,-1,-1,3,3,0.05405405405405406,0.05405405405405406,0.05405405405405406,0.0,0,0,1,2,-1,0,17,14,-1,-3,-1,0,0,0,0,0,0,0,0
2025-26,2025-08-31,Brighton,Man City,H,1596.9626991022762,1743.2297119453697,,,,,,,,,,,,,,,,,,,,,7.0,8.0,0.0,0.0,1,1,0,1,-146.26701284309343,,,,,,,,,,,-1.0,0.0,1,0,3,3,0.05405405405405406,0.05405405405405406,0.05405405405405406,0.0,0,0,1,3,-2,2,18,11,-2,-7,-4,0,0,0,1,0,0,0,0
2025-26,2025-08-31,Liverpool,Arsenal,H,1769.0475402251243,1751.7570713667444,,,,,,,,,,,,,,,,,,,,,6.0,8.0,0.0,0.0,1,1,0,2,17.29046885837988,,,,,,,,,,,-2.0,0.0,1,-1,3,3,0.05405405405405406,0.05405405405405406,0.05405405405405406,0.0,0,0,6,6,3,6,4,2,0,-2,-3,1,1,1,0,1,1,1,0
2025-26,2025-08-31,Nott'm Forest,West Ham,A,1584.8760485079927,1495.6579778225644,,,,,,,,,,,,,,,,,,,,,7.0,9.0,0.0,0.0,1,2,0,1,89.2180706854283,,,,,,,,,,,-2.0,0.0,1,1,3,3,0.05405405405405406,0.05405405405405406,0.05405405405405406,0.0,0,0,4,0,2,-7,8,20,4,12,9,0,0,1,0,0,0,0,1
2025-26,2025-09-13,Arsenal,Nott'm Forest,H,1743.6699878853642,1571.0705554620106,,,,,,,,,,,,,,,,,,,,,13.0,13.0,0.0,0.0,0,1,0,1,172.59943242335362,,,,,,,,,,,0.0,0.0,0,0,4,4,0.08108108108108109,0.08108108108108109,0.08108108108108109,0.0,0,0,6,4,5,-1,3,10,2,7,6,1,1,1,0,0,0,1,0
2025-26,2025-09-13,Bournemouth,Brighton,H,1574.2028157217612,1609.6646914473251,,,,,,,,,,,,,,,,,,,,,14.0,13.0,0.0,0.0,0,1,0,1,-35.461875725563914,,,,,,,,,,,1.0,0.0,0,0,4,4,0.08108108108108109,0.08108108108108109,0.08108108108108109,0.0,0,0,6,4,0,-1,7,11,2,4,1,0,0,1,0,0,0,0,0
2025-26,2025-09-13,Brentford,Chelsea,D,1561.008582858461,1668.7584392513459,,,,,,,,,,,,,,,,,,,,,14.0,14.0,0.0,0.0,0,1,0,1,-107.7498563928848,,,,,,,,,,,0.0,0.0,0,0,4,4,0.08108108108108109,0.08108108108108109,0.08108108108108109,0.0,0,0,3,7,-2,6,15,2,-4,-13,-8,0,0,0,0,1,1,1,0
2025-26,2025-09-13,Crystal Palace,Sunderland,D,1610.2507892549113,1389.8501899863702,,,,,,,,,,,,,,,,,,,,,13.0,14.0,0.0,0.0,0,1,0,1,220.4005992685411,,,,,,,,,,,-1.0,0.0,0,0,4,4,0.08108108108108109,0.08108108108108109,0.08108108108108109,0.0,0,0,5,6,3,2,8,6,-1,-2,1,0,0,1,0,0,1,1,0
2025-26,2025-09-13,Everton,Aston Villa,D,1574.8714900742966,1626.82313249349,,,,,,,,,,,,,,,,,,,,,14.0,13.0,0.0,0.0,0,1,0,1,-51.95164241919338,,,,,,,,,,,1.0,0.0,0,0,4,4,0.08108108108108109,0.08108108108108109,0.08108108108108109,0.0,0,0,6,1,2,-4,5,19,5,14,6,0,1,1,0,0,0,0,1
2025-26,2025-09-13,Fulham,Leeds,H,1549.0385335560784,1452.7914030162253,,,,,,,,,,,,,,,,,,,,,14.0,14.0,0.0,0.0,0,1,0,1,96.24713053985306,,,,,,,,,,,0.0,0.0,0,0,4,4,0.08108108108108109,0.08108108108108109,0.08108108108108109,0.0,0,0,2,4,-2,-4,18,12,-2,-6,2,0,0,0,1,0,0,0,0
2025-26,2025-09-13,Newcastle,Wolves,H,1627.2715433193864,1487.4136856691653,,,,,,,,,,,,,,,,,,,,,14.0,14.0,0.0,0.0,0,1,0,1,139.85785765022115,,,,,,,,,,,0.0,0.0,0,0,4,4,0.08108108108108109,0.08108108108108109,0.08108108108108109,0.0,0,0,2,0,-1,-6,17,20,2,3,5,0,0,0,0,0,0,0,1
2025-26,2025-09-13,West Ham,Tottenham,A,1509.4634708685464,1513.3901867804755,,,,,,,,,,,,,,,,,,,,,13.0,14.0,0.0,0.0,0,1,0,1,-3.9267159119290227,,,,,,,,,,,-1.0,0.0,0,0,4,4,0.08108108108108109,0.08108108108108109,0.08108108108108109,0.0,0,0,3,6,-4,4,16,4,-3,-12,-8,0,0,0,0,1,1,1,0
2025-26,2025-09-14,Burnley,Liverpool,A,1406.3557888313012,1777.1346237065045,,,,,,,,,,,,,,,,,,,,,15.0,14.0,0.0,0.0,0,0,0,1,-370.7788348752033,,,,,,,,,,,1.0,0.0,0,-1,4,4,0.08108108108108109,0.08108108108108109,0.08108108108108109,0.0,0,0,3,9,-2,4,17,3,-6,-14,-6,0,0,0,0,1,1,1,0
2025-26,2025-09-14,Man City,Man United,H,1730.5277196003208,1542.219474627023,,,,,,,,,,,,,,,,,,,,,14.0,15.0,0.0,0.0,0,1,0,0,188.30824497329786,,,,,,,,,,,-1.0,0.0,0,1,4,4,0.08108108108108109,0.08108108108108109,0.08108108108108109,0.0,0,0,3,4,1,0,16,11,-1,-5,1,0,0,0,0,0,0,0,0
2025-26,2025-09-20,Brighton,Tottenham,D,1600.0828882513167,1524.7085635232197,,,,,,,,,,,,,,,,,,,,,7.0,7.0,0.0,0.0,1,1,1,1,75.37432472809701,,,,,,,,,,,0.0,0.0,0,0,5,5,0.10810810810810811,0.10810810810810811,0.10810810810810811,0.0,0,0,4,9,-2,7,13,3,-5,-10,-9,0,0,0,0,1,1,1,0
2025-26,2025-09-20,Burnley,Nott'm Forest,D,1403.63022263424,1566.724265445194,,,,,,,,,,,,,,,,,,,,,6.0,7.0,0.0,0.0,1,1,1,1,-163.09404281095408,,,,,,,,,,,-1.0,0.0,0,0,5,5,0.10810810810810811,0.10810810810810811,0.10810810810810811,0.0,0,0,3,4,-3,-4,17,15,-1,-2,1,0,0,0,0,0,0,0,0
2025-26,2025-09-20,Fulham,Brentford,H,1555.0613714652268,1562.6556169858136,,,,,,,,,,,,,,,,,,,,,7.0,7.0,0.0,0.0,1,1,1,1,-7.59424552058681,,,,,,,,,,,0.0,0.0,0,0,5,5,0.10810810810810811,0.10810810810810811,0.10810810810810811,0.0,0,0,5,4,-1,-2,11,12,1,1,1,0,0,0,0,0,0,0,0
2025-26,2025-09-20,Liverpool,Everton,H,1779.8601899035657,1574.9276622677482,,,,,,,,,,,,,,,,,,,,,6.0,7.0,0.0,0.0,1,1,1,1,204.93252763581745,,,,,,,,,,,-1.0,0.0,0,0,5,5,0.10810810810810811,0.10810810810810811,0.10810810810810811,0.0,0,0,12,7,5,2,1,6,5,5,3,1,1,1,0,0,1,1,0
2025-26,2025-09-20,Man United,Chelsea,H,1538.172931374734,1667.1114051239933,,,,,,,,,,,,,,,,,,,,,6.0,7.0,0.0,0.0,1,1,1,1,-128.9384737492594,,,,,,,,,,,-1.0,0.0,0,0,5,5,0.10810810810810811,0.10810810810810811,0.10810810810810811,0.0,0,0,4,8,-3,6,14,5,-4,-9,-9,0,0,0,0,0,1,1,0
2025-26,2025-09-20,West Ham,Crystal Palace,A,1498.1450941258022,1603.7336315992134,,,,,,,,,,,,,,,,,,,,,7.0,7.0,0.0,0.0,1,1,1,1,-105.58853747341118,,,,,,,,,,,0.0,0.0,0,0,5,5,0.10810810810810811,0.10810810810810811,0.10810810810810811,0.0,0,0,3,6,-7,3,18,9,-3,-9,-10,0,0,0,1,0,0,1,0
2025-26,2025-09-20,Wolves,Leeds,A,1482.392270421635,1446.768565107077,,,,,,,,,,,,,,,,,,,,,7.0,7.0,0.0,0.0,1,1,1,1,35.62370531455804,,,,,,,,,,,0.0,0.0,0,0,5,5,0.10810810810810811,0.10810810810810811,0.10810810810810811,0.0,0,0,0,4,-7,-5,20,16,-4,-4,-2,0,0,0,1,0,0,0,0
2025-26,2025-09-21,Arsenal,Man City,D,1748.0162779021807,1734.5742628526098,,,,,,,,,,,,,,,,,,,,,8.0,7.0,0.0,0.0,0,1,1,1,13.442015049570955,,,,,,,,,,,1.0,0.0,-1,0,5,5,0.10810810810810811,0.10810810810810811,0.10810810810810811,0.0,0,0,9,6,8,4,3,12,3,9,4,1,1,1,0,0,0,0,0
2025-26,2025-09-21,Bournemouth,Newcastle,D,1583.7846189177696,1632.2929585669167,,,,,,,,,,,,,,,,,,,,,8.0,8.0,0.0,0.0,0,1,0,1,-48.50833964914705,,,,,,,,,,,0.0,0.0,0,0,5,5,0.10810810810810811,0.10810810810810811,0.10810810810810811,0.0,0,0,9,5,1,0,5,13,4,8,1,0,1,1,0,0,0,0,0
2025-26,2025-09-21,Sunderland,Aston Villa,D,1396.3673476420681,1626.7669603000384,,,,,,,,,,,,,,,,,,,,,8.0,8.0,0.0,0.0,0,1,0,1,-230.39961265797024,,,,,,,,,,,0.0,0.0,0,0,5,5,0.10810810810810811,0.10810810810810811,0.10810810810810811,0.0,0,0,7,2,2,-4,8,19,5,11,6,0,0,1,0,0,0,0,1
2025-26,2025-09-27,Brentford,Man United,H,1553.8701278072488,1550.4066589472163,4.0,7.0,6.0,10.0,-4.0,0.2,6.0,8.0,-2.0,0.4,,,,,,,,,,,7.0,7.0,0.0,0.0,1,2,1,2,3.4634688600324353,-3.0,0.0,2.0,-2.0,-0.2,,,,,,0.0,0.0,0,0,6,6,0.13513513513513514,0.13513513513513514,0.13513513513513514,0.0,0,0,4,7,-4,-2,17,11,-3,-6,-2,0,0,0,0,0,0,0,0
2025-26,2025-09-27,Chelsea,Brighton,A,1654.877677551511,1596.6232074940108,8.0,5.0,10.0,5.0,5.0,0.4,6.0,8.0,-2.0,0.2,,,,,,,,,,,7.0,7.0,0.0,0.0,1,2,1,2,58.25447005750016,3.0,4.0,-3.0,7.0,0.2,,,,,,0.0,0.0,0,0,6,6,0.13513513513513514,0.13513513513513514,0.13513513513513514,0.0,0,0,8,5,5,-2,6,14,3,8,7,0,1,1,0,0,0,0,0
2025-26,2025-09-27,Crystal Palace,Liverpool,H,1612.1471789970644,1783.606618672855,9.0,15.0,6.0,2.0,4.0,0.4,11.0,5.0,6.0,1.0,,,,,,,,,,,7.0,7.0,0.0,0.0,1,2,1,2,-171.45943967579046,-6.0,-5.0,-3.0,-2.0,-0.6,,,,,,0.0,0.0,0,0,6,6,0.13513513513513514,0.13513513513513514,0.13513513513513514,0.0,0,0,9,15,4,6,5,1,-6,-4,-2,0,1,1,0,1,1,1,0
2025-26,2025-09-27,Leeds,Bournemouth,D,1459.1843036627208,1583.7416857454662,7.0,10.0,4.0,7.0,-3.0,0.4,6.0,5.0,1.0,0.6,,,,,,,,,,,7.0,6.0,0.0,0.0,1,2,1,2,-124.55738208274533,-3.0,-2.0,2.0,-4.0,-0.19999999999999996,,,,,,1.0,0.0,0,0,6,6,0.13513513513513514,0.13513513513513514,0.13513513513513514,0.0,0,0,7,10,-3,1,12,4,-3,-8,-4,0,0,0,0,1,1,1,0
2025-26,2025-09-27,Man City,Burnley,H,1736.3802430096912,1406.775035645812,7.0,4.0,9.0,5.0,4.0,0.4,5.0,8.0,-3.0,0.2,,,,,,,,,,,6.0,7.0,0.0,0.0,1,2,1,2,329.6052073638791,3.0,4.0,-3.0,7.0,0.2,,,,,,-1.0,0.0,0,0,6,6,0.13513513513513514,0.13513513513513514,0.13513513513513514,0.0,0,0,7,4,4,-3,9,16,3,7,7,0,0,1,0,0,0,0,0
2025-26,2025-09-27,Nott'm Forest,Sunderland,A,1563.579452433622,1401.1384167823944,5.0,8.0,5.0,9.0,-4.0,0.2,6.0,4.0,2.0,0.4,,,,,,,,,,,7.0,6.0,0.0,0.0,1,2,1,2,162.4410356512276,-3.0,-1.0,5.0,-6.0,-0.2,,,,,,1.0,0.0,0,0,6,6,0.13513513513513514,0.13513513513513514,0.13513513513513514,0.0,0,0,5,8,-4,2,15,7,-3,-8,-6,0,0,0,0,0,0,1,0
2025-26,2025-09-27,Tottenham,Wolves,D,1528.1682442805256,1469.976531865991,10.0,0.0,10.0,3.0,7.0,0.6,3.0,12.0,-9.0,0.0,,,,,,,,,,,7.0,7.0,0.0,0.0,1,2,1,2,58.19171241453455,10.0,7.0,-9.0,16.0,0.6,,,,,,0.0,0.0,0,0,6,6,0.13513513513513514,0.13513513513513514,0.13513513513513514,0.0,0,0,10,0,7,-9,3,20,10,17,16,1,1,1,0,0,0,0,1
2025-26,2025-09-28,Aston Villa,Fulham,H,1621.995891159712,1563.8468606437916,3.0,8.0,1.0,5.0,-4.0,0.0,6.0,5.0,1.0,0.4,,,,,,,,,,,7.0,8.0,0.0,0.0,1,1,0,1,58.14903051592046,-5.0,-5.0,0.0,-5.0,-0.4,,,,,,-1.0,0.0,1,0,6,6,0.13513513513513514,0.13513513513513514,0.13513513513513514,0.0,0,0,3,8,-4,1,18,9,-5,-9,-5,0,0,0,1,0,0,1,0
2025-26,2025-09-28,Newcastle,Arsenal,A,1632.3358917392202,1746.2102977450993,6.0,10.0,3.0,3.0,0.0,0.2,10.0,2.0,8.0,0.6,,,,,,,,,,,7.0,7.0,0.0,0.0,1,1,1,1,-113.87440600587911,-4.0,-7.0,1.0,-8.0,-0.39999999999999997,,,,,,0.0,0.0,0,0,6,6,0.13513513513513514,0.13513513513513514,0.13513513513513514,0.0,0,0,6,10,0,8,15,7,-4,-8,-8,0,0,0,0,0,0,1,0
2025-26,2025-09-29,Everton,West Ham,D,1571.181233498459,1489.7315467279511,7.0,3.0,6.0,5.0,1.0,0.4,5.0,13.0,-8.0,0.2,,,,,,,,,,,9.0,9.0,0.0,0.0,0,1,0,1,81.44968677050792,4.0,1.0,-8.0,9.0,0.2,,,,,,0.0,0.0,0,0,6,6,0.13513513513513514,0.13513513513513514,0.13513513513513514,0.0,0,0,7,3,1,-8,12,19,4,7,9,0,0,0,0,0,0,0,1
2025-26,2025-10-03,Bournemouth,Fulham,H,1581.6280964451637,1556.8628529730584,11.0,7.0,6.0,3.0,3.0,0.6,6.0,7.0,-1.0,0.4,,,,,,,,,,,6.0,5.0,0.0,0.0,1,2,1,2,24.76524347210534,4.0,0.0,-4.0,4.0,0.19999999999999996,,,,,,1.0,0.0,0,0,7,7,0.16216216216216217,0.16216216216216217,0.16216216216216217,0.0,0,0,11,8,1,-1,6,11,3,5,2,0,1,1,0,0,0,0,0
2025-26,2025-10-04,Arsenal,West Ham,H,1754.3922809960234,1493.344219280253,10.0,4.0,11.0,3.0,8.0,0.6,6.0,11.0,-5.0,0.2,,,,,,,,,,,6.0,5.0,0.0,0.0,1,2,1,2,261.0480617157705,6.0,5.0,-8.0,13.0,0.39999999999999997,,,,,,1.0,0.0,0,0,7,7,0.16216216216216217,0.16216216216216217,0.16216216216216217,0.0,0,0,13,4,9,-8,3,19,9,16,17,1,1,1,0,0,0,0,1
2025-26,2025-10-04,Chelsea,Liverpool,H,1641.8589267320763,1770.2465142904807,7.0,12.0,11.0,8.0,3.0,0.4,8.0,5.0,3.0,0.8,,,,,,,,,,,7.0,7.0,0.0,0.0,1,2,1,2,-128.38758755840445,-5.0,3.0,3.0,0.0,-0.4,,,,,,0.0,0.0,0,0,7,7,0.16216216216216217,0.16216216216216217,0.16216216216216217,0.0,0,0,8,15,3,5,8,1,-7,-7,-2,0,0,1,0,1,1,1,0
2025-26,2025-10-04,Leeds,Tottenham,A,1461.2978929630233,1525.151135254308,5.0,8.0,5.0,9.0,-4.0,0.2,8.0,4.0,4.0,0.4,,,,,,,,,,,7.0,7.0,0.0,0.0,1,2,1,2,-63.85324229128469,-3.0,-3.0,5.0,-8.0,-0.2,,,,,,0.0,0.0,0,0,7,7,0.16216216216216217,0.16216216216216217,0.16216216216216217,0.0,0,0,8,11,-3,7,12,5,-3,-7,-10,0,0,0,0,0,1,1,0
2025-26,2025-10-04,Man United,Sunderland,H,1541.9334293948953,1416.5899179309538,7.0,8.0,7.0,10.0,-3.0,0.4,4.0,4.0,0.0,0.4,,,,,,,,,,,7.0,7.0,0.0,0.0,1,2,1,2,125.34351146394147,-1.0,3.0,6.0,-3.0,0.0,,,,,,0.0,0.0,0,0,7,7,0.16216216216216217,0.16216216216216217,0.16216216216216217,0.0,0,0,7,11,-4,3,14,6,-4,-8,-7,0,0,0,0,0,1,1,0
2025-26,2025-10-05,Aston Villa,Burnley,H,1628.9798988304453,1404.7532565826925,5.0,4.0,4.0,6.0,-2.0,0.2,6.0,10.0,-4.0,0.2,,,,,,,,,,,7.0,8.0,0.0,0.0,1,2,0,1,224.2266422477528,1.0,-2.0,-4.0,2.0,0.0,,,,,,-1.0,0.0,1,1,7,7,0.16216216216216217,0.16216216216216217,0.16216216216216217,0.0,0,0,6,4,-2,-7,16,18,2,2,5,0,0,0,0,0,0,0,1
2025-26,2025-10-05,Brentford,Man City,A,1562.3433573595698,1738.4020220728107,7.0,7.0,8.0,8.0,0.0,0.4,10.0,6.0,4.0,0.4,,,,,,,,,,,8.0,8.0,0.0,0.0,0,1,0,2,-176.0586647132409,0.0,-2.0,2.0,-4.0,0.0,,,,,,0.0,0.0,0,-1,7,7,0.16216216216216217,0.16216216216216217,0.16216216216216217,0.0,0,0,7,10,-2,8,14,8,-3,-6,-10,0,0,0,0,0,0,1,0
2025-26,2025-10-05,Everton,Crystal Palace,H,1567.5685609461573,1625.5072833794386,8.0,11.0,7.0,5.0,2.0,0.4,8.0,3.0,5.0,0.6,,,,,,,,,,,6.0,8.0,0.0,0.0,1,1,0,1,-57.93872243328133,-3.0,-1.0,2.0,-3.0,-0.19999999999999996,,,,,,-2.0,0.0,1,0,7,7,0.16216216216216217,0.16216216216216217,0.16216216216216217,0.0,0,0,8,12,1,5,10,5,-4,-5,-4,0,0,1,0,0,1,1,0
2025-26,2025-10-05,Newcastle,Nott'm Forest,H,1624.153908488296,1548.1279512850626,5.0,2.0,4.0,5.0,-1.0,0.2,2.0,9.0,-7.0,0.0,,,,,,,,,,,7.0,8.0,0.0,0.0,1,2,0,1,76.02595720323347,3.0,2.0,-4.0,6.0,0.2,,,,,,-1.0,0.0,1,1,7,7,0.16216216216216217,0.16216216216216217,0.16216216216216217,0.0,0,0,6,5,-1,-5,15,17,1,2,4,0,0,0,0,0,0,0,0
2025-26,2025-10-05,Wolves,Brighton,D,1472.9936408922088,1609.6419583134455,1.0,7.0,4.0,9.0,-5.0,0.0,8.0,8.0,0.0,0.4,,,,,,,,,,,8.0,8.0,0.0,0.0,0,1,0,1,-136.6483174212367,-6.0,-4.0,1.0,-5.0,-0.4,,,,,,0.0,0.0,0,0,7,7,0.16216216216216217,0.16216216216216217,0.16216216216216217,0.0,0,0,1,8,-9,0,20,11,-7,-9,-9,0,0,0,1,0,0,0,0
2025-26,2025-10-18,Brighton,Newcastle,H,1607.198469917257,1630.6777278844233,8.0,8.0,9.0,7.0,2.0,0.4,4.0,2.0,2.0,0.4,,,,,,,,,,,13.0,13.0,0.0,0.0,0,1,0,1,-23.479257967166404,0.0,5.0,5.0,0.0,0.0,,,,,,0.0,0.0,0,0,8,8,0.1891891891891892,0.1891891891891892,0.1891891891891892,0.0,0,0,9,9,0,1,12,11,0,-1,-1,0,0,0,0,0,0,0,0
2025-26,2025-10-18,Burnley,Leeds,H,1401.333310019043,1451.6964101570045,1.0,5.0,5.0,12.0,-7.0,0.0,6.0,6.0,0.0,0.2,,,,,,,,,,,13.0,14.0,0.0,0.0,0,1,0,1,-50.36310013796151,-4.0,-1.0,6.0,-7.0,-0.2,,,,,,-1.0,0.0,0,0,8,8,0.1891891891891892,0.1891891891891892,0.1891891891891892,0.0,0,0,4,8,-8,-4,18,15,-4,-3,-4,0,0,0,1,0,0,0,0
2025-26,2025-10-18,Crystal Palace,Bournemouth,D,1615.2788283375971,1589.508792400632,10.0,11.0,8.0,4.0,4.0,0.6,8.0,4.0,4.0,0.6,,,,,,,,,,,13.0,15.0,0.0,0.0,0,1,0,0,25.770035936965087,-1.0,0.0,0.0,0.0,0.0,,,,,,-2.0,0.0,0,1,8,8,0.1891891891891892,0.1891891891891892,0.1891891891891892,0.0,0,0,12,14,4,3,6,4,-2,-2,1,0,1,1,0,1,1,1,0
2025-26,2025-10-18,Fulham,Arsenal,A,1548.98215701759,1757.2524200036803,6.0,10.0,6.0,9.0,-3.0,0.4,8.0,3.0,5.0,0.6,,,,,,,,,,,15.0,14.0,0.0,0.0,0,0,0,1,-208.2702629860903,-4.0,-2.0,6.0,-8.0,-0.19999999999999996,,,,,,1.0,0.0,0,-1,8,8,0.1891891891891892,0.1891891891891892,0.1891891891891892,0.0,0,0,8,16,-3,11,14,1,-8,-13,-14,0,0,0,0,1,1,1,0
2025-26,2025-10-18,Man City,Everton,H,1744.9250138551379,1577.7970159879987,10.0,8.0,11.0,4.0,7.0,0.6,7.0,6.0,1.0,0.4,,,,,,,,,,,13.0,13.0,0.0,0.0,0,1,0,1,167.12799786713913,2.0,4.0,-2.0,6.0,0.19999999999999996,,,,,,0.0,0.0,0,0,8,8,0.1891891891891892,0.1891891891891892,0.1891891891891892,0.0,0,0,13,11,9,2,5,8,2,3,7,0,1,1,0,0,0,1,0
2025-26,2025-10-18,Nott'm Forest,Chelsea,A,1541.6041318889354,1654.0775843309066,1.0,7.0,1.0,10.0,-9.0,0.0,8.0,8.0,0.0,0.4,,,,,,,,,,,13.0,14.0,0.0,0.0,0,1,0,1,-112.47345244197118,-6.0,-7.0,2.0,-9.0,-0.4,,,,,,-1.0,0.0,0,0,8,8,0.1891891891891892,0.1891891891891892,0.1891891891891892,0.0,0,0,5,11,-7,4,17,7,-6,-10,-11,0,0,0,0,0,0,1,0
2025-26,2025-10-18,Sunderland,Wolves,H,1411.2478092546787,1475.4371292883973,8.0,2.0,4.0,4.0,0.0,0.4,5.0,9.0,-4.0,0.0,,,,,,,,,,,14.0,13.0,0.0,0.0,0,1,0,1,-64.18932003371856,6.0,-1.0,-5.0,4.0,0.4,,,,,,1.0,0.0,0,0,8,8,0.1891891891891892,0.1891891891891892,0.1891891891891892,0.0,0,0,11,2,1,-9,9,20,9,11,10,0,0,1,0,0,0,0,1
2025-26,2025-10-19,Liverpool,Man United,A,1758.0278566916504,1547.2755380711703,9.0,9.0,6.0,5.0,1.0,0.6,8.0,9.0,-1.0,0.6,,,,,,,,,,,15.0,15.0,0.0,0.0,0,0,0,0,210.75231862048008,0.0,-2.0,-4.0,2.0,0.0,,,,,,0.0,0.0,0,0,8,8,0.1891891891891892,0.1891891891891892,0.1891891891891892,0.0,0,0,15,10,4,-2,3,11,5,8,6,1,1,1,0,0,0,0,0
2025-26,2025-10-19,Tottenham,Aston Villa,A,1534.7526180603268,1632.3998453940949,8.0,8.0,8.0,5.0,3.0,0.4,6.0,6.0,0.0,0.4,,,,,,,,,,,15.0,14.0,0.0,0.0,0,0,0,1,-97.64722733376811,0.0,2.0,-1.0,3.0,0.0,,,,,,1.0,0.0,0,-1,8,8,0.1891891891891892,0.1891891891891892,0.1891891891891892,0.0,0,0,14,9,8,-1,5,13,5,8,9,0,1,1,0,0,0,0,0
2025-26,2025-10-20,West Ham,Brentford,A,1490.484080272596,1555.8203655772427,4.0,4.0,5.0,8.0,-3.0,0.2,7.0,9.0,-2.0,0.2,,,,,,,,,,,16.0,15.0,0.0,0.0,0,0,0,0,-65.33628530464671,0.0,-2.0,-1.0,-1.0,0.0,,,,,,1.0,0.0,0,0,8,8,0.1891891891891892,0.1891891891891892,0.1891891891891892,0.0,0,0,4,7,-10,-3,19,16,-3,-3,-7,0,0,0,1,0,0,0,0
2025-26,2025-10-24,Leeds,West Ham,H,1441.6859592987475,1480.9252075773811,4.0,1.0,6.0,8.0,-2.0,0.2,2.0,10.0,-8.0,0.0,,,,,,,,,,,6.0,4.0,0.0,0.0,1,1,1,1,-39.23924827863357,3.0,4.0,-2.0,6.0,0.2,,,,,,2.0,0.0,0,0,9,9,0.21621621621621623,0.21621621621621623,0.21621621621621623,0.0,0,0,8,4,-6,-12,16,19,4,3,6,0,0,0,0,0,0,0,1
2025-26,2025-10-25,Brentford,Liverpool,H,1565.3792382724575,1741.6733523811627,7.0,6.0,8.0,7.0,1.0,0.4,6.0,7.0,-1.0,0.4,,,,,,,,,,,5.0,6.0,0.0,0.0,1,1,1,1,-176.29411410870512,1.0,2.0,0.0,2.0,0.0,,,,,,-1.0,0.0,0,0,9,9,0.21621621621621623,0.21621621621621623,0.21621621621621623,0.0,0,0,10,15,-1,3,14,4,-5,-10,-4,0,0,0,0,1,1,1,0
2025-26,2025-10-25,Chelsea,Sunderland,A,1662.2985859192684,1421.6559838059466,7.0,8.0,9.0,8.0,1.0,0.4,4.0,3.0,1.0,0.4,,,,,,,,,,,7.0,7.0,0.0,0.0,1,1,1,1,240.6426021133218,-1.0,5.0,5.0,0.0,0.0,,,,,,0.0,0.0,0,0,9,9,0.21621621621621623,0.21621621621621623,0.21621621621621623,0.0,0,0,14,14,7,3,5,7,0,2,4,0,1,1,0,0,0,1,0
2025-26,2025-10-25,Man United,Brighton,H,1563.630042381658,1616.4366207162577,9.0,8.0,7.0,8.0,-1.0,0.6,9.0,7.0,2.0,0.4,,,,,,,,,,,6.0,7.0,0.0,0.0,1,1,1,1,-52.806578334599635,1.0,-2.0,1.0,-3.0,0.19999999999999996,,,,,,-1.0,0.0,0,0,9,9,0.21621621621621623,0.21621621621621623,0.21621621621621623,0.0,0,0,13,12,-1,1,9,10,1,1,-2,0,0,1,0,0,0,1,0
2025-26,2025-10-25,Newcastle,Fulham,H,1621.4395770854226,1543.246566481958,7.0,6.0,5.0,4.0,1.0,0.4,6.0,8.0,-2.0,0.4,,,,,,,,,,,7.0,7.0,0.0,0.0,1,1,1,1,78.19301060346447,1.0,-1.0,-4.0,3.0,0.0,,,,,,0.0,0.0,0,0,9,9,0.21621621621621623,0.21621621621621623,0.21621621621621623,0.0,0,0,9,8,0,-4,15,16,1,1,4,0,0,0,0,0,0,0,0
2025-26,2025-10-26,Arsenal,Crystal Palace,H,1762.9880105393122,1613.1319199755917,13.0,8.0,9.0,2.0,7.0,0.8,8.0,7.0,1.0,0.4,,,,,,,,,,,8.0,8.0,0.0,0.0,0,1,0,1,149.8560905637205,5.0,1.0,-5.0,6.0,0.4,,,,,,0.0,0.0,0,0,9,9,0.21621621621621623,0.21621621621621623,0.21621621621621623,0.0,0,0,19,13,12,4,1,9,6,8,8,1,1,1,0,0,0,1,0
2025-26,2025-10-26,Aston Villa,Man City,H,1641.036981194662,1749.379400147035,11.0,13.0,8.0,4.0,4.0,0.6,12.0,2.0,10.0,0.8,,,,,,,,,,,7.0,8.0,0.0,0.0,1,1,0,1,-108.34241895237301,-2.0,-4.0,2.0,-6.0,-0.20000000000000007,,,,,,-1.0,0.0,1,0,9,9,0.21621621621621623,0.21621621621621623,0.21621621621621623,0.0,0,0,12,16,0,11,12,3,-4,-9,-11,0,0,0,0,1,1,1,0
2025-26,2025-10-26,Bournemouth,Nott'm Forest,H,1591.6557007626375,1533.3831303005736,9.0,1.0,10.0,7.0,3.0,0.4,1.0,10.0,-9.0,0.0,,,,,,,,,,,8.0,8.0,0.0,0.0,0,1,0,1,58.27257046206387,8.0,9.0,-3.0,12.0,0.4,,,,,,0.0,0.0,0,0,9,9,0.21621621621621623,0.21621621621621623,0.21621621621621623,0.0,0,0,15,5,3,-10,5,18,10,13,13,0,1,1,0,0,0,0,1
2025-26,2025-10-26,Everton,Tottenham,A,1573.3426296961015,1526.1154822597596,5.0,8.0,4.0,6.0,-2.0,0.2,9.0,6.0,3.0,0.4,,,,,,,,,,,8.0,7.0,0.0,0.0,0,1,1,1,47.227147436341966,-3.0,-5.0,0.0,-5.0,-0.2,,,,,,1.0,0.0,-1,0,9,9,0.21621621621621623,0.21621621621621623,0.21621621621621623,0.0,0,0,11,14,0,7,14,7,-3,-7,-7,0,0,0,0,0,0,1,0
2025-26,2025-10-26,Wolves,Burnley,A,1465.0289547371294,1411.3437608773,2.0,4.0,3.0,8.0,-5.0,0.0,5.0,9.0,-4.0,0.2,,,,,,,,,,,8.0,8.0,0.0,0.0,0,1,0,1,53.685193859829496,-2.0,-2.0,-1.0,-1.0,-0.2,,,,,,0.0,0.0,0,0,9,9,0.21621621621621623,0.21621621621621623,0.21621621621621623,0.0,0,0,2,7,-11,-6,20,17,-5,-3,-5,0,0,0,1,0,0,0,0
2025-26,2025-11-01,Brighton,Leeds,H,1606.3558426553304,1451.3763389633295,8.0,7.0,10.0,9.0,1.0,0.4,8.0,8.0,0.0,0.4,,,,,,,,,,,7.0,8.0,0.0,0.0,1,2,0,2,154.9795036920009,1.0,2.0,1.0,1.0,0.0,,,,,,-1.0,0.0,1,0,10,10,0.24324324324324326,0.24324324324324326,0.24324324324324326,0.0,0,0,12,11,-1,-5,13,15,1,2,4,0,0,0,0,0,0,0,0
2025-26,2025-11-01,Burnley,Arsenal,A,1424.2425125801203,1767.7960968734938,7.0,13.0,8.0,10.0,-2.0,0.4,7.0,2.0,5.0,0.8,,,,,,,,,,,6.0,6.0,0.0,0.0,1,2,1,2,-343.55358429337343,-6.0,1.0,8.0,-7.0,-0.4,,,,,,0.0,0.0,0,0,10,10,0.24324324324324326,0.24324324324324326,0.24324324324324326,0.0,0,0,10,22,-5,13,16,1,-12,-15,-18,0,0,0,0,1,1,1,0
2025-26,2025-11-01,Crystal Palace,Brentford,H,1608.3238336414101,1578.8622025796853,7.0,9.0,8.0,8.0,0.0,0.4,9.0,7.0,2.0,0.6,,,,,,,,,,,6.0,7.0,0.0,0.0,1,2,1,2,29.461631061724802,-2.0,-1.0,1.0,-2.0,-0.19999999999999996,,,,,,-1.0,0.0,0,0,10,10,0.24324324324324326,0.24324324324324326,0.24324324324324326,0.0,0,0,13,13,3,0,10,11,0,1,3,0,0,1,0,0,0,0,0
2025-26,2025-11-01,Fulham,Wolves,H,1536.7774635258397,1452.130203034309,3.0,2.0,6.0,10.0,-4.0,0.2,5.0,10.0,-5.0,0.0,,,,,,,,,,,7.0,6.0,0.0,0.0,1,2,1,2,84.64726049153069,1.0,1.0,0.0,1.0,0.2,,,,,,1.0,0.0,0,0,10,10,0.24324324324324326,0.24324324324324326,0.24324324324324326,0.0,0,0,8,2,-5,-12,17,20,6,3,7,0,0,0,0,0,0,0,1
2025-26,2025-11-01,Liverpool,Aston Villa,H,1728.1903880739349,1652.700603304345,3.0,13.0,7.0,10.0,-3.0,0.2,9.0,4.0,5.0,0.8,,,,,,,,,,,7.0,6.0,0.0,0.0,1,2,1,2,75.48978476958996,-10.0,-2.0,6.0,-8.0,-0.6000000000000001,,,,,,1.0,0.0,0,0,10,10,0.24324324324324326,0.24324324324324326,0.24324324324324326,0.0,0,0,15,15,2,1,7,8,0,1,1,0,0,1,0,0,0,1,0
2025-26,2025-11-01,Nott'm Forest,Man United,D,1526.4023546086958,1573.7108204425854,1.0,12.0,1.0,9.0,-8.0,0.0,11.0,7.0,4.0,0.8,,,,,,,,,,,6.0,7.0,0.0,0.0,1,2,1,2,-47.30846583388961,-11.0,-10.0,2.0,-12.0,-0.8,,,,,,-1.0,0.0,0,0,10,10,0.24324324324324326,0.24324324324324326,0.24324324324324326,0.0,0,0,5,16,-12,1,18,6,-11,-12,-13,0,0,0,1,0,1,1,0
2025-26,2025-11-01,Tottenham,Chelsea,A,1538.843072762618,1645.458883063004,8.0,6.0,9.0,6.0,3.0,0.4,8.0,8.0,0.0,0.4,,,,,,,,,,,6.0,7.0,0.0,0.0,1,2,1,2,-106.61581030038587,2.0,1.0,-2.0,3.0,0.0,,,,,,-1.0,0.0,0,0,10,10,0.24324324324324326,0.24324324324324326,0.24324324324324326,0.0,0,0,17,14,10,6,3,9,3,6,4,1,1,1,0,0,0,1,0
2025-26,2025-11-02,Man City,Bournemouth,H,1737.7157780373523,1598.6364764545153,10.0,9.0,9.0,3.0,6.0,0.6,10.0,6.0,4.0,0.4,,,,,,,,,,,7.0,7.0,0.0,0.0,1,1,1,1,139.07930158283693,1.0,-1.0,-3.0,2.0,0.19999999999999996,,,,,,0.0,0.0,0,0,10,10,0.24324324324324326,0.24324324324324326,0.24324324324324326,0.0,0,0,16,18,10,5,8,2,-2,-6,5,0,0,1,0,1,1,1,0
2025-26,2025-11-02,West Ham,Newcastle,H,1471.2348279127991,1627.908680041541,1.0,7.0,3.0,9.0,-6.0,0.0,6.0,5.0,1.0,0.4,,,,,,,,,,,9.0,8.0,0.0,0.0,0,2,0,1,-156.67385212874183,-6.0,-3.0,4.0,-7.0,-0.4,,,,,,1.0,0.0,0,1,10,10,0.24324324324324326,0.24324324324324326,0.24324324324324326,0.0,0,0,4,12,-13,1,19,13,-8,-6,-14,0,0,0,1,0,0,0,0
2025-26,2025-11-03,Sunderland,Everton,D,1438.495686662211,1560.615039193243,10.0,4.0,6.0,4.0,2.0,0.6,4.0,9.0,-5.0,0.2,,,,,,,,,,,9.0,8.0,0.0,0.0,0,1,0,1,-122.11935253103206,6.0,2.0,-5.0,7.0,0.39999999999999997,,,,,,1.0,0.0,0,0,10,10,0.24324324324324326,0.24324324324324326,0.24324324324324326,0.0,0,0,17,11,4,-3,7,15,6,8,7,0,0,1,0,0,0,0,0
2025-26,2025-11-08,Chelsea,Wolves,H,1653.8436209287445,1445.8226300592025,9.0,2.0,8.0,6.0,2.0,0.6,4.0,10.0,-6.0,0.0,7.0,6.0,6.0,0.0,0.4,1.0,1.0,8.0,-7.0,0.0,7.0,7.0,0.0,0.0,1,2,1,2,208.02099086954195,7.0,4.0,-4.0,8.0,0.6,6.0,5.0,-2.0,7.0,0.4,0.0,0.0,0,0,11,11,0.2702702702702703,0.2702702702702703,0.2702702702702703,0.0,0,0,17,2,7,-15,7,20,15,13,22,0,0,1,0,0,0,0,1
2025-26,2025-11-08,Everton,Fulham,H,1558.5685857234573,1543.0850365009462,5.0,3.0,4.0,8.0,-4.0,0.2,6.0,9.0,-3.0,0.2,8.0,5.0,5.0,0.0,0.4,1.0,4.0,11.0,-7.0,0.0,5.0,7.0,0.0,0.0,1,2,1,2,15.483549222511101,2.0,-2.0,-1.0,-1.0,0.0,7.0,1.0,-6.0,7.0,0.4,-2.0,0.0,0,0,11,11,0.2702702702702703,0.2702702702702703,0.2702702702702703,0.0,0,0,12,11,-3,-2,14,15,1,1,-1,0,0,0,0,0,0,0,0
2025-26,2025-11-08,Sunderland,Arsenal,D,1440.5421401319968,1770.9120601303073,10.0,15.0,6.0,4.0,2.0,0.6,8.0,1.0,7.0,1.0,11.0,9.0,3.0,6.0,0.6,12.0,6.0,2.0,4.0,0.8,5.0,7.0,0.0,0.0,1,2,1,2,-330.3699199983105,-5.0,-2.0,3.0,-5.0,-0.4,-1.0,3.0,1.0,2.0,-0.20000000000000007,-2.0,0.0,0,0,11,11,0.2702702702702703,0.2702702702702703,0.2702702702702703,0.0,0,0,18,25,4,15,4,1,-7,-3,-11,1,1,1,0,1,1,1,0
2025-26,2025-11-08,Tottenham,Man United,D,1530.4583348968774,1573.7882874734964,7.0,10.0,7.0,5.0,2.0,0.4,11.0,8.0,3.0,0.6,4.0,5.0,5.0,0.0,0.2,5.0,6.0,10.0,-4.0,0.2,7.0,7.0,0.0,0.0,1,2,1,2,-43.32995257661901,-3.0,-4.0,-3.0,-1.0,-0.19999999999999996,-1.0,-1.0,-5.0,4.0,0.0,0.0,0.0,0,0,11,11,0.2702702702702703,0.2702702702702703,0.2702702702702703,0.0,0,0,17,17,9,1,6,8,0,2,8,0,1,1,0,0,0,1,0
2025-26,2025-11-08,West Ham,Burnley,H,1484.212174102458,1421.1265493233068,4.0,6.0,5.0,8.0,-3.0,0.2,7.0,11.0,-4.0,0.4,3.0,5.0,13.0,-8.0,0.2,3.0,7.0,15.0,-8.0,0.2,6.0,7.0,0.0,0.0,1,1,1,2,63.0856247791512,-2.0,-2.0,-3.0,1.0,-0.2,0.0,-2.0,-2.0,0.0,0.0,-1.0,0.0,0,-1,11,11,0.2702702702702703,0.2702702702702703,0.2702702702702703,0.0,0,0,7,10,-11,-7,18,17,-3,-1,-4,0,0,0,1,0,0,0,0
2025-26,2025-11-09,Aston Villa,Bournemouth,H,1646.1632091647136,1593.5981880413608,12.0,8.0,8.0,5.0,3.0,0.8,11.0,9.0,2.0,0.4,10.0,6.0,5.0,1.0,0.6,5.0,9.0,12.0,-3.0,0.2,8.0,7.0,0.0,0.0,0,2,1,2,52.565021123352835,4.0,-3.0,-4.0,1.0,0.4,5.0,-3.0,-7.0,4.0,0.39999999999999997,1.0,0.0,-1,0,11,11,0.2702702702702703,0.2702702702702703,0.2702702702702703,0.0,0,0,15,18,-1,3,12,7,-3,-5,-4,0,0,0,0,0,0,1,0
2025-26,2025-11-09,Brentford,Newcastle,H,1571.1102317002417,1614.931333851882,9.0,6.0,8.0,6.0,2.0,0.6,7.0,8.0,-1.0,0.4,10.0,9.0,6.0,3.0,0.6,3.0,2.0,5.0,-3.0,0.0,8.0,7.0,0.0,0.0,0,1,1,1,-43.82110215164039,3.0,1.0,-2.0,3.0,0.19999999999999996,7.0,7.0,1.0,6.0,0.6,1.0,0.0,-1,0,11,11,0.2702702702702703,0.2702702702702703,0.2702702702702703,0.0,0,0,13,12,-2,-1,13,14,1,1,-1,0,0,0,0,0,0,0,0
2025-26,2025-11-09,Crystal Palace,Brighton,D,1616.0758045208538,1611.0570416654837,7.0,10.0,8.0,7.0,1.0,0.4,11.0,7.0,4.0,0.6,9.0,8.0,5.0,3.0,0.4,4.0,7.0,10.0,-3.0,0.2,8.0,8.0,0.0,0.0,0,2,0,1,5.0187628553701416,-3.0,-3.0,0.0,-3.0,-0.19999999999999996,5.0,1.0,-5.0,6.0,0.2,0.0,0.0,0,1,11,11,0.2702702702702703,0.2702702702702703,0.2702702702702703,0.0,0,0,16,15,5,2,9,10,1,1,3,0,0,1,0,0,0,1,0
2025-26,2025-11-09,Man City,Liverpool,H,1742.7540664505068,1734.7277822135661,12.0,3.0,11.0,3.0,8.0,0.8,7.0,9.0,-2.0,0.2,12.0,13.0,4.0,9.0,0.8,6.0,8.0,9.0,-1.0,0.4,7.0,8.0,0.0,0.0,1,2,0,1,8.026284236940683,9.0,4.0,-6.0,10.0,0.6000000000000001,6.0,5.0,-5.0,10.0,0.4,-1.0,0.0,1,1,11,11,0.2702702702702703,0.2702702702702703,0.2702702702702703,0.0,0,0,19,18,12,4,3,6,1,3,8,1,1,1,0,0,1,1,0
2025-26,2025-11-09,Nott'm Forest,Leeds,H,1526.3248875777847,1446.6751399531763,1.0,4.0,2.0,10.0,-8.0,0.0,5.0,10.0,-5.0,0.2,4.0,5.0,10.0,-5.0,0.2,3.0,3.0,12.0,-9.0,0.2,8.0,8.0,0.0,0.0,0,2,0,1,79.64974762460838,-3.0,-3.0,0.0,-3.0,-0.2,1.0,2.0,-2.0,4.0,0.0,0.0,0.0,0,1,11,11,0.2702702702702703,0.2702702702702703,0.2702702702702703,0.0,0,0,6,11,-12,-8,19,16,-5,-3,-4,0,0,0,1,0,0,0,0
2025-26,2025-11-22,Bournemouth,West Ham,D,1586.4673802054756,1491.0675794208237,7.0,6.0,9.0,11.0,-2.0,0.4,7.0,9.0,-2.0,0.4,13.0,8.0,2.0,6.0,0.8,4.0,5.0,8.0,-3.0,0.2,13.0,14.0,0.0,0.0,0,1,0,1,95.39980078465192,1.0,2.0,2.0,0.0,0.0,9.0,3.0,-6.0,9.0,0.6000000000000001,-1.0,0.0,0,0,12,12,0.2972972972972973,0.2972972972972973,0.2972972972972973,0.0,0,0,18,10,-1,-10,9,18,8,9,9,0,0,1,0,0,0,0,1
2025-26,2025-11-22,Brighton,Brentford,H,1612.627503435996,1580.932407471376,8.0,9.0,8.0,6.0,2.0,0.4,8.0,6.0,2.0,0.6,11.0,10.0,5.0,5.0,0.6,3.0,5.0,10.0,-5.0,0.2,13.0,13.0,0.0,0.0,0,1,0,1,31.695095964619895,-1.0,0.0,0.0,0.0,-0.19999999999999996,8.0,5.0,-5.0,10.0,0.39999999999999997,0.0,0.0,0,0,12,12,0.2972972972972973,0.2972972972972973,0.2972972972972973,0.0,0,0,16,16,2,0,11,12,0,1,2,0,0,0,0,0,0,0,0
2025-26,2025-11-22,Burnley,Chelsea,A,1414.271144004941,1657.5362208004908,6.0,12.0,8.0,9.0,-1.0,0.4,10.0,3.0,7.0,0.8,7.0,5.0,4.0,1.0,0.4,10.0,12.0,5.0,7.0,0.6,14.0,14.0,0.0,0.0,0,1,0,1,-243.2650767955497,-6.0,-2.0,6.0,-8.0,-0.4,-3.0,-7.0,-1.0,-6.0,-0.19999999999999996,0.0,0.0,0,0,12,12,0.2972972972972973,0.2972972972972973,0.2972972972972973,0.0,0,0,10,20,-8,10,17,3,-10,-14,-18,0,0,0,0,1,1,1,0
2025-26,2025-11-22,Fulham,Sunderland,H,1534.9477993262167,1447.2212910559863,3.0,8.0,5.0,8.0,-3.0,0.2,7.0,6.0,1.0,0.4,10.0,8.0,3.0,5.0,0.6,7.0,3.0,5.0,-2.0,0.4,14.0,14.0,0.0,0.0,0,1,0,1,87.7265082702304,-5.0,-2.0,2.0,-4.0,-0.2,3.0,5.0,-2.0,7.0,0.19999999999999996,0.0,0.0,0,0,12,12,0.2972972972972973,0.2972972972972973,0.2972972972972973,0.0,0,0,11,19,-4,4,15,4,-8,-11,-8,0,0,0,0,1,1,1,0
2025-26,2025-11-22,Liverpool,Nott'm Forest,A,1726.3825557275802,1532.7573440343556,3.0,4.0,6.0,10.0,-4.0,0.2,5.0,10.0,-5.0,0.2,12.0,10.0,5.0,5.0,0.8,2.0,2.0,9.0,-7.0,0.0,13.0,13.0,0.0,0.0,0,1,0,1,193.62521169322463,-1.0,1.0,0.0,1.0,0.0,10.0,8.0,-4.0,12.0,0.8,0.0,0.0,0,0,12,12,0.2972972972972973,0.2972972972972973,0.2972972972972973,0.0,0,0,18,9,1,-10,8,19,9,11,11,0,0,1,0,0,0,0,1
2025-26,2025-11-22,Newcastle,Man City,H,1605.1091580807476,1751.0992929364927,6.0,12.0,7.0,9.0,-2.0,0.4,9.0,2.0,7.0,0.8,9.0,8.0,6.0,2.0,0.6,7.0,7.0,4.0,3.0,0.4,13.0,13.0,0.0,0.0,0,1,0,1,-145.99013485574505,-6.0,-2.0,7.0,-9.0,-0.4,2.0,1.0,2.0,-1.0,0.19999999999999996,0.0,0.0,0,0,12,12,0.2972972972972973,0.2972972972972973,0.2972972972972973,0.0,0,0,12,22,-3,15,14,2,-10,-12,-18,0,0,0,0,1,1,1,0
2025-26,2025-11-22,Wolves,Crystal Palace,A,1442.1300301874562,1614.5053427503415,1.0,5.0,3.0,12.0,-9.0,0.0,6.0,6.0,0.0,0.2,1.0,6.0,14.0,-8.0,0.0,7.0,6.0,4.0,2.0,0.4,14.0,13.0,0.0,0.0,0,1,0,1,-172.37531256288526,-4.0,-3.0,6.0,-9.0,-0.2,-6.0,0.0,10.0,-10.0,-0.4,1.0,0.0,0,0,12,12,0.2972972972972973,0.2972972972972973,0.2972972972972973,0.0,0,0,2,17,-18,5,20,10,-15,-10,-23,0,0,0,1,0,0,1,0
2025-26,2025-11-23,Arsenal,Tottenham,H,1764.2329092063178,1530.2663790816837,13.0,7.0,8.0,2.0,6.0,0.8,8.0,6.0,2.0,0.4,13.0,12.0,1.0,11.0,0.8,13.0,12.0,3.0,9.0,0.8,15.0,15.0,0.0,0.0,0,0,0,0,233.96653012463412,6.0,0.0,-4.0,4.0,0.4,0.0,0.0,-2.0,2.0,0.0,0.0,0.0,0,0,12,12,0.2972972972972973,0.2972972972972973,0.2972972972972973,0.0,0,0,26,18,15,9,1,8,8,7,6,1,1,1,0,0,0,1,0
2025-26,2025-11-23,Leeds,Aston Villa,A,1440.2426834966054,1653.2940170005988,3.0,12.0,4.0,11.0,-7.0,0.2,9.0,4.0,5.0,0.8,8.0,6.0,5.0,1.0,0.4,5.0,3.0,5.0,-2.0,0.2,14.0,14.0,0.0,0.0,0,1,0,1,-213.05133350399342,-9.0,-5.0,7.0,-12.0,-0.6000000000000001,3.0,3.0,0.0,3.0,0.2,0.0,0.0,0,0,12,12,0.2972972972972973,0.2972972972972973,0.2972972972972973,0.0,0,0,11,18,-10,3,18,9,-7,-9,-13,0,0,0,1,0,0,1,0
2025-26,2025-11-24,Man United,Everton,A,1573.9802432886902,1566.7058228981869,11.0,7.0,12.0,7.0,5.0,0.6,5.0,7.0,-2.0,0.4,12.0,11.0,6.0,5.0,0.8,4.0,5.0,8.0,-3.0,0.2,16.0,16.0,0.0,0.0,0,0,0,0,7.274420390503337,4.0,7.0,0.0,7.0,0.19999999999999996,8.0,6.0,-2.0,8.0,0.6000000000000001,0.0,0.0,0,0,12,12,0.2972972972972973,0.2972972972972973,0.2972972972972973,0.0,0,0,18,15,1,-1,10,13,3,3,2,0,0,1,0,0,0,0,0
2025-26,2025-11-29,Brentford,Burnley,H,1573.241383270746,1409.3231283418409,9.0,6.0,9.0,7.0,2.0,0.6,7.0,9.0,-2.0,0.4,10.0,11.0,7.0,4.0,0.6,3.0,9.0,15.0,-6.0,0.2,7.0,7.0,0.0,0.0,1,1,1,1,163.91825492890507,3.0,2.0,-2.0,4.0,0.19999999999999996,7.0,2.0,-8.0,10.0,0.39999999999999997,0.0,0.0,0,0,13,13,0.32432432432432434,0.32432432432432434,0.32432432432432434,0.0,0,0,16,10,-1,-10,13,19,6,6,9,0,0,0,0,0,0,0,1
2025-26,2025-11-29,Everton,Newcastle,A,1578.339541097343,1617.8037614588177,7.0,6.0,4.0,6.0,-2.0,0.4,7.0,10.0,-3.0,0.4,8.0,5.0,5.0,0.0,0.4,2.0,3.0,8.0,-5.0,0.0,5.0,7.0,0.0,0.0,1,1,1,1,-39.464220361474645,1.0,-3.0,-4.0,1.0,0.0,6.0,2.0,-3.0,5.0,0.4,-2.0,0.0,0,0,13,13,0.32432432432432434,0.32432432432432434,0.32432432432432434,0.0,0,0,18,15,0,-2,11,14,3,3,2,0,0,0,0,0,0,0,0
2025-26,2025-11-29,Man City,Leeds,H,1738.4046895584227,1434.6190146945412,9.0,3.0,9.0,4.0,5.0,0.6,4.0,11.0,-7.0,0.2,15.0,16.0,2.0,14.0,1.0,3.0,4.0,10.0,-6.0,0.2,7.0,6.0,0.0,0.0,1,1,1,1,303.78567486388147,6.0,5.0,-7.0,12.0,0.39999999999999997,12.0,12.0,-8.0,20.0,0.8,1.0,0.0,0,0,13,13,0.32432432432432434,0.32432432432432434,0.32432432432432434,0.0,0,0,22,11,14,-11,3,18,11,15,25,1,1,1,0,0,0,0,1
2025-26,2025-11-29,Sunderland,Bournemouth,H,1440.9900107495782,1582.5107684505147,8.0,5.0,7.0,5.0,2.0,0.4,8.0,12.0,-4.0,0.2,9.0,8.0,5.0,3.0,0.4,5.0,7.0,12.0,-5.0,0.2,7.0,7.0,0.0,0.0,1,1,1,1,-141.52075770093643,3.0,-1.0,-7.0,6.0,0.2,4.0,1.0,-7.0,8.0,0.2,0.0,0.0,0,0,13,13,0.32432432432432434,0.32432432432432434,0.32432432432432434,0.0,0,0,19,19,3,-1,7,8,0,1,4,0,0,1,0,0,0,1,0
2025-26,2025-11-29,Tottenham,Fulham,A,1527.0024722106916,1541.1790796326247,4.0,6.0,7.0,9.0,-2.0,0.2,5.0,5.0,0.0,0.4,2.0,4.0,7.0,-3.0,0.0,0.0,3.0,12.0,-9.0,0.0,6.0,7.0,0.0,0.0,1,1,1,1,-14.176607421933113,-2.0,2.0,4.0,-2.0,-0.2,2.0,1.0,-5.0,6.0,0.0,-1.0,0.0,0,0,13,13,0.32432432432432434,0.32432432432432434,0.32432432432432434,0.0,0,0,18,14,6,-3,9,15,4,6,9,0,0,1,0,0,0,0,0
2025-26,2025-11-30,Aston Villa,Wolves,H,1658.917685802663,1435.5134985319996,12.0,0.0,9.0,4.0,5.0,0.8,2.0,13.0,-11.0,0.0,12.0,10.0,5.0,5.0,0.8,1.0,1.0,10.0,-9.0,0.0,7.0,8.0,0.0,0.0,1,1,0,1,223.40418727066344,12.0,7.0,-9.0,16.0,0.8,11.0,9.0,-5.0,14.0,0.8,-1.0,0.0,1,0,13,13,0.32432432432432434,0.32432432432432434,0.32432432432432434,0.0,0,0,21,2,4,-20,5,20,19,15,24,0,1,1,0,0,0,0,1
2025-26,2025-11-30,Chelsea,Arsenal,D,1662.484236463591,1767.4968160773099,12.0,13.0,10.0,2.0,8.0,0.8,10.0,3.0,7.0,0.8,9.0,9.0,6.0,3.0,0.6,10.0,7.0,4.0,3.0,0.6,8.0,7.0,0.0,0.0,0,1,1,1,-105.0125796137188,-1.0,0.0,-1.0,1.0,0.0,-1.0,2.0,2.0,0.0,0.0,1.0,0.0,-1,0,13,13,0.32432432432432434,0.32432432432432434,0.32432432432432434,0.0,0,0,23,29,12,18,3,1,-6,-2,-6,1,1,1,0,1,1,1,0
2025-26,2025-11-30,Crystal Palace,Man United,A,1621.121874405798,1562.346525089534,8.0,8.0,7.0,4.0,3.0,0.4,10.0,8.0,2.0,0.4,9.0,7.0,4.0,3.0,0.4,5.0,7.0,11.0,-4.0,0.2,8.0,6.0,0.0,0.0,0,1,1,1,58.775349316264055,0.0,-3.0,-4.0,1.0,0.0,4.0,0.0,-7.0,7.0,0.2,2.0,0.0,-1,0,13,13,0.32432432432432434,0.32432432432432434,0.32432432432432434,0.0,0,0,20,18,7,0,6,12,2,6,7,0,1,1,0,0,0,0,0
2025-26,2025-11-30,Nott'm Forest,Brighton,A,1548.8086948011448,1620.3185276366262,7.0,10.0,8.0,8.0,0.0,0.4,9.0,6.0,3.0,0.6,4.0,5.0,10.0,-5.0,0.2,5.0,7.0,8.0,-1.0,0.2,8.0,8.0,0.0,0.0,0,1,0,1,-71.50983283548135,-3.0,-1.0,2.0,-3.0,-0.19999999999999996,-1.0,-2.0,2.0,-4.0,0.0,0.0,0.0,0,0,13,13,0.32432432432432434,0.32432432432432434,0.32432432432432434,0.0,0,0,12,19,-7,3,16,7,-7,-9,-10,0,0,0,0,0,0,1,0
2025-26,2025-11-30,West Ham,Liverpool,A,1495.0241911757846,1710.331204960791,7.0,3.0,9.0,9.0,0.0,0.4,5.0,11.0,-6.0,0.2,6.0,7.0,10.0,-3.0,0.4,3.0,5.0,10.0,-5.0,0.2,8.0,8.0,0.0,0.0,0,1,0,1,-215.30701378500635,4.0,4.0,-2.0,6.0,0.2,3.0,2.0,0.0,2.0,0.2,0.0,0.0,0,0,13,13,0.32432432432432434,0.32432432432432434,0.32432432432432434,0.0,0,0,11,18,-10,-2,17,13,-7,-4,-8,0,0,0,0,0,0,0,0
2025-26,2025-12-02,Bournemouth,Everton,A,1569.9358720924174,1568.036389900321,4.0,7.0,7.0,12.0,-5.0,0.2,5.0,8.0,-3.0,0.4,11.0,9.0,4.0,5.0,0.6,7.0,6.0,7.0,-1.0,0.4,3.0,3.0,1.0,1.0,1,2,1,2,1.8994821920964569,-3.0,2.0,4.0,-2.0,-0.2,4.0,3.0,-3.0,6.0,0.19999999999999996,0.0,0.0,0,0,14,14,0.35135135135135137,0.35135135135135137,0.35135135135135137,0.0,0,0,19,18,-2,-3,11,14,1,3,1,0,0,0,0,0,0,0,0
2025-26,2025-12-02,Fulham,Man City,A,1552.2065213315218,1740.7130512803715,9.0,9.0,7.0,5.0,2.0,0.6,10.0,6.0,4.0,0.6,12.0,8.0,2.0,6.0,0.8,4.0,4.0,6.0,-2.0,0.2,3.0,3.0,1.0,1.0,1,2,1,2,-188.50652994884967,0.0,-3.0,-1.0,-2.0,0.0,8.0,4.0,-4.0,8.0,0.6000000000000001,0.0,0.0,0,0,14,14,0.35135135135135137,0.35135135135135137,0.35135135135135137,0.0,0,0,17,25,-2,15,15,2,-8,-13,-17,0,0,0,0,1,1,1,0
2025-26,2025-12-02,Newcastle,Tottenham,D,1628.1069126558398,1515.9750305117946,9.0,4.0,10.0,9.0,1.0,0.6,7.0,9.0,-2.0,0.2,12.0,8.0,4.0,4.0,0.8,10.0,11.0,7.0,4.0,0.6,3.0,3.0,1.0,1.0,1,2,1,2,112.13188214404522,5.0,3.0,0.0,3.0,0.39999999999999997,2.0,-3.0,-3.0,0.0,0.20000000000000007,0.0,0.0,0,0,14,14,0.35135135135135137,0.35135135135135137,0.35135135135135137,0.0,0,0,18,18,1,5,13,12,0,-1,-4,0,0,0,0,0,0,0,0
2025-26,2025-12-03,Arsenal,Brentford,H,1765.9265278859693,1577.7600694189384,11.0,9.0,10.0,4.0,6.0,0.6,10.0,8.0,2.0,0.6,13.0,11.0,2.0,9.0,0.8,3.0,5.0,9.0,-4.0,0.2,3.0,4.0,1.0,0.0,1,2,1,2,188.1664584670309,2.0,0.0,-4.0,4.0,0.0,10.0,6.0,-7.0,13.0,0.6000000000000001,-1.0,1.0,0,0,14,14,0.35135135135135137,0.35135135135135137,0.35135135135135137,0.0,0,0,30,19,18,1,1,12,11,11,17,1,1,1,0,0,0,0,0
2025-26,2025-12-03,Brighton,Aston Villa,A,1629.7002146529578,1662.351076080494,10.0,12.0,9.0,5.0,4.0,0.6,8.0,3.0,5.0,0.8,13.0,11.0,5.0,6.0,0.8,8.0,5.0,5.0,0.0,0.4,3.0,3.0,1.0,1.0,1,2,1,2,-32.650861427536256,-2.0,1.0,2.0,-1.0,-0.20000000000000007,5.0,6.0,0.0,6.0,0.4,0.0,0.0,0,0,14,14,0.35135135135135137,0.35135135135135137,0.35135135135135137,0.0,0,0,22,24,5,5,5,4,-2,-1,0,0,1,1,0,1,1,1,0
2025-26,2025-12-03,Burnley,Crystal Palace,A,1404.8044421936484,1608.0895038597926,3.0,7.0,6.0,12.0,-6.0,0.2,5.0,3.0,2.0,0.4,4.0,3.0,6.0,-3.0,0.2,9.0,8.0,4.0,4.0,0.6,4.0,3.0,0.0,1.0,1,2,1,2,-203.2850616661442,-4.0,1.0,9.0,-8.0,-0.2,-5.0,-5.0,2.0,-7.0,-0.39999999999999997,1.0,-1.0,0,0,14,14,0.35135135135135137,0.35135135135135137,0.35135135135135137,0.0,0,0,10,20,-12,6,19,10,-10,-9,-18,0,0,0,1,0,0,1,0
2025-26,2025-12-03,Leeds,Chelsea,H,1432.3106529725924,1664.0545246549316,3.0,10.0,6.0,12.0,-6.0,0.2,8.0,3.0,5.0,0.6,5.0,6.0,7.0,-1.0,0.2,10.0,9.0,4.0,5.0,0.6,4.0,3.0,0.0,1.0,1,2,1,2,-231.7438716823392,-7.0,-2.0,9.0,-11.0,-0.39999999999999997,-5.0,-3.0,3.0,-6.0,-0.39999999999999997,1.0,-1.0,0,0,14,14,0.35135135135135137,0.35135135135135137,0.35135135135135137,0.0,0,0,11,24,-12,12,18,3,-13,-15,-24,0,0,0,1,1,1,1,0
2025-26,2025-12-03,Liverpool,Sunderland,D,1715.9025338778345,1453.5649071076755,6.0,8.0,6.0,9.0,-3.0,0.4,8.0,7.0,1.0,0.4,9.0,6.0,6.0,0.0,0.6,7.0,3.0,4.0,-1.0,0.4,3.0,4.0,1.0,0.0,1,2,1,2,262.337626770159,-2.0,-2.0,2.0,-4.0,0.0,2.0,3.0,2.0,1.0,0.19999999999999996,-1.0,1.0,0,0,14,14,0.35135135135135137,0.35135135135135137,0.35135135135135137,0.0,0,0,21,22,0,4,8,6,-1,-2,-4,0,0,1,0,0,1,1,0
2025-26,2025-12-03,Wolves,Nott'm Forest,A,1432.0801082541686,1539.4270077848132,0.0,7.0,2.0,12.0,-10.0,0.0,8.0,7.0,1.0,0.4,1.0,6.0,12.0,-6.0,0.0,4.0,4.0,8.0,-4.0,0.2,3.0,3.0,1.0,1.0,1,2,1,2,-107.34689953064458,-7.0,-6.0,5.0,-11.0,-0.4,-3.0,2.0,4.0,-2.0,-0.2,0.0,0.0,0,0,14,14,0.35135135135135137,0.35135135135135137,0.35135135135135137,0.0,0,0,2,12,-21,-9,20,16,-10,-4,-12,0,0,0,1,0,0,0,0
2025-26,2025-12-04,Man United,West Ham,D,1575.3788956355395,1489.452862258741,8.0,7.0,10.0,8.0,2.0,0.4,9.0,9.0,0.0,0.4,12.0,11.0,6.0,5.0,0.8,5.0,7.0,7.0,0.0,0.2,4.0,4.0,0.0,0.0,1,2,1,2,85.92603337679839,1.0,1.0,-1.0,2.0,0.0,7.0,4.0,-1.0,5.0,0.6000000000000001,0.0,0.0,0,0,14,14,0.35135135135135137,0.35135135135135137,0.35135135135135137,0.0,0,0,21,11,1,-12,9,18,10,9,13,0,0,1,0,0,0,0,1
2025-26,2025-12-06,Aston Villa,Arsenal,H,1672.8500098025413,1769.9757062867488,12.0,11.0,11.0,6.0,5.0,0.8,11.0,4.0,7.0,0.6,15.0,11.0,2.0,9.0,1.0,11.0,8.0,4.0,4.0,0.6,3.0,3.0,1.0,1.0,2,3,2,3,-97.12569648420754,1.0,0.0,2.0,-2.0,0.20000000000000007,4.0,3.0,-2.0,5.0,0.4,0.0,0.0,0,0,15,15,0.3783783783783784,0.3783783783783784,0.3783783783783784,0.0,0,0,27,33,6,20,3,1,-6,-2,-14,1,1,1,0,1,1,1,0
2025-26,2025-12-06,Bournemouth,Chelsea,D,1558.453097423879,1649.2536270860187,1.0,10.0,5.0,13.0,-8.0,0.0,8.0,4.0,4.0,0.6,8.0,7.0,4.0,3.0,0.4,9.0,8.0,5.0,3.0,0.6,4.0,3.0,0.0,1.0,2,3,2,3,-90.80052966213975,-9.0,-3.0,9.0,-12.0,-0.6,-1.0,-1.0,-1.0,0.0,-0.19999999999999996,1.0,-1.0,0,0,15,15,0.3783783783783784,0.3783783783783784,0.3783783783783784,0.0,0,0,19,24,-3,10,14,4,-5,-10,-13,0,0,0,0,1,1,1,0
2025-26,2025-12-06,Everton,Nott'm Forest,H,1579.5191645688594,1547.7912592167438,10.0,10.0,6.0,5.0,1.0,0.6,9.0,5.0,4.0,0.6,7.0,6.0,9.0,-3.0,0.4,7.0,5.0,5.0,0.0,0.4,4.0,3.0,0.0,1.0,2,3,2,3,31.727905352115613,0.0,-3.0,0.0,-3.0,0.0,0.0,1.0,4.0,-3.0,0.0,1.0,-1.0,0,0,15,15,0.3783783783783784,0.3783783783783784,0.3783783783783784,0.0,0,0,21,15,-2,-8,10,16,6,6,6,0,0,1,0,0,0,0,0
2025-26,2025-12-06,Leeds,Liverpool,D,1447.1115505415053,1708.7445255857406,3.0,7.0,7.0,12.0,-5.0,0.2,5.0,7.0,-2.0,0.4,7.0,9.0,8.0,1.0,0.4,3.0,6.0,10.0,-4.0,0.2,3.0,3.0,1.0,1.0,2,3,2,3,-261.6329750442353,-4.0,2.0,5.0,-3.0,-0.2,4.0,3.0,-2.0,5.0,0.2,0.0,0.0,0,0,15,15,0.3783783783783784,0.3783783783783784,0.3783783783783784,0.0,0,0,14,22,-10,0,17,9,-8,-8,-10,0,0,0,0,0,0,1,0
2025-26,2025-12-06,Man City,Sunderland,H,1746.9250858214043,1460.7229153997694,12.0,6.0,15.0,9.0,6.0,0.8,7.0,7.0,0.0,0.2,15.0,16.0,4.0,12.0,1.0,7.0,4.0,5.0,-1.0,0.4,4.0,3.0,0.0,1.0,2,3,2,3,286.20217042163495,6.0,8.0,2.0,6.0,0.6000000000000001,8.0,12.0,-1.0,13.0,0.6,1.0,-1.0,0,0,15,15,0.3783783783783784,0.3783783783783784,0.3783783783783784,0.0,0,0,28,23,16,4,2,6,5,4,12,1,1,1,0,0,1,1,0
2025-26,2025-12-06,Newcastle,Burnley,H,1623.7520017071815,1398.9507445912616,7.0,0.0,10.0,10.0,0.0,0.4,3.0,11.0,-8.0,0.0,10.0,9.0,6.0,3.0,0.6,3.0,8.0,15.0,-7.0,0.2,4.0,3.0,0.0,1.0,2,3,2,3,224.80125711591995,7.0,7.0,-1.0,8.0,0.4,7.0,1.0,-9.0,10.0,0.39999999999999997,1.0,-1.0,0,0,15,15,0.3783783783783784,0.3783783783783784,0.3783783783783784,0.0,0,0,19,10,1,-13,12,19,9,7,14,0,0,0,0,0,0,0,1
2025-26,2025-12-06,Tottenham,Brentford,H,1520.3299414604528,1573.710891018159,2.0,6.0,6.0,11.0,-5.0,0.0,7.0,8.0,-1.0,0.4,2.0,5.0,8.0,-3.0,0.0,3.0,4.0,9.0,-5.0,0.2,4.0,3.0,0.0,1.0,2,3,2,3,-53.38094955770612,-4.0,-1.0,3.0,-4.0,-0.4,-1.0,1.0,-1.0,2.0,-0.2,1.0,-1.0,0,0,15,15,0.3783783783783784,0.3783783783783784,0.3783783783783784,0.0,0,0,19,19,5,-1,11,13,0,2,6,0,0,0,0,0,0,0,0
2025-26,2025-12-07,Brighton,West Ham,D,1619.2012809309106,1493.1770338983076,10.0,8.0,10.0,5.0,5.0,0.6,9.0,8.0,1.0,0.4,10.0,12.0,8.0,4.0,0.6,3.0,5.0,8.0,-3.0,0.0,4.0,3.0,0.0,1.0,2,2,2,2,126.02424703260294,2.0,1.0,-3.0,4.0,0.19999999999999996,7.0,7.0,0.0,7.0,0.6,1.0,-1.0,0,0,15,15,0.3783783783783784,0.3783783783783784,0.3783783783783784,0.0,0,0,22,12,4,-12,10,18,10,8,16,0,0,1,0,0,0,0,1
2025-26,2025-12-07,Fulham,Crystal Palace,A,1545.994486790489,1613.9432014621793,9.0,10.0,10.0,8.0,2.0,0.6,6.0,2.0,4.0,0.6,9.0,11.0,7.0,4.0,0.6,9.0,6.0,4.0,2.0,0.6,5.0,4.0,0.0,0.0,1,2,2,2,-67.94871467169037,-1.0,4.0,6.0,-2.0,0.0,0.0,5.0,3.0,2.0,0.0,1.0,0.0,-1,0,15,15,0.3783783783783784,0.3783783783783784,0.3783783783783784,0.0,0,0,17,23,-3,7,15,6,-6,-9,-10,0,0,0,0,0,1,1,0
2025-26,2025-12-08,Wolves,Man United,A,1423.715856822238,1571.654723995973,0.0,6.0,0.0,10.0,-10.0,0.0,7.0,7.0,0.0,0.2,1.0,4.0,10.0,-6.0,0.0,8.0,9.0,9.0,0.0,0.4,5.0,4.0,0.0,0.0,1,2,1,3,-147.93886717373493,-6.0,-7.0,3.0,-10.0,-0.2,-7.0,-5.0,1.0,-6.0,-0.4,1.0,0.0,0,-1,15,15,0.3783783783783784,0.3783783783783784,0.3783783783783784,0.0,0,0,2,22,-22,1,20,12,-20,-8,-23,0,0,0,1,0,0,0,0
2025-26,2025-12-13,Arsenal,Wolves,H,1758.6275771435883,1416.462397622554,8.0,0.0,10.0,6.0,4.0,0.4,1.0,11.0,-10.0,0.0,13.0,10.0,2.0,8.0,0.8,1.0,1.0,10.0,-9.0,0.0,7.0,5.0,0.0,0.0,1,3,1,3,342.16517952103436,8.0,9.0,-5.0,14.0,0.4,12.0,9.0,-8.0,17.0,0.8,2.0,0.0,0,0,16,16,0.40540540540540543,0.40540540540540543,0.40540540540540543,0.0,0,0,33,2,19,-25,1,20,31,19,44,1,1,1,0,0,0,0,1
2025-26,2025-12-13,Burnley,Fulham,A,1395.5401657722605,1536.5106332415974,0.0,6.0,4.0,11.0,-7.0,0.0,8.0,10.0,-2.0,0.4,4.0,3.0,6.0,-3.0,0.2,3.0,5.0,11.0,-6.0,0.2,7.0,6.0,0.0,0.0,1,3,1,3,-140.97046746933688,-6.0,-4.0,1.0,-5.0,-0.4,1.0,-2.0,-5.0,3.0,0.0,1.0,0.0,0,0,16,16,0.40540540540540543,0.40540540540540543,0.40540540540540543,0.0,0,0,10,17,-14,-4,19,15,-7,-4,-10,0,0,0,1,0,0,0,0
2025-26,2025-12-13,Chelsea,Everton,H,1648.0846620841673,1587.209294804626,8.0,12.0,7.0,4.0,3.0,0.4,8.0,4.0,4.0,0.8,7.0,8.0,7.0,1.0,0.4,7.0,4.0,5.0,-1.0,0.4,7.0,7.0,0.0,0.0,1,3,1,3,60.87536727954125,-4.0,-1.0,0.0,-1.0,-0.4,0.0,4.0,2.0,2.0,0.0,0.0,0.0,0,0,16,16,0.40540540540540543,0.40540540540540543,0.40540540540540543,0.0,0,0,25,24,10,1,5,7,1,2,9,0,1,1,0,0,0,1,0
2025-26,2025-12-13,Liverpool,Brighton,H,1703.3093910426396,1614.528061390271,5.0,8.0,6.0,10.0,-4.0,0.2,8.0,6.0,2.0,0.4,7.0,6.0,7.0,-1.0,0.4,8.0,8.0,6.0,2.0,0.4,7.0,6.0,0.0,0.0,1,3,1,3,88.78132965236864,-3.0,-2.0,4.0,-6.0,-0.2,-1.0,-2.0,1.0,-3.0,0.0,1.0,0.0,0,0,16,16,0.40540540540540543,0.40540540540540543,0.40540540540540543,0.0,0,0,23,23,0,4,10,8,0,-2,-4,0,0,1,0,0,0,1,0
2025-26,2025-12-14,Brentford,Leeds,D,1563.6135825390472,1452.5466850846062,6.0,4.0,7.0,8.0,-1.0,0.4,10.0,12.0,-2.0,0.2,12.0,12.0,6.0,6.0,0.8,3.0,6.0,12.0,-6.0,0.2,8.0,8.0,0.0,0.0,0,2,0,2,111.066897454441,2.0,-3.0,-4.0,1.0,0.2,9.0,6.0,-6.0,12.0,0.6000000000000001,0.0,0.0,0,0,16,16,0.40540540540540543,0.40540540540540543,0.40540540540540543,0.0,0,0,19,15,-3,-10,15,16,4,1,7,0,0,0,0,0,0,0,0
2025-26,2025-12-14,Crystal Palace,Man City,A,1623.427055011071,1749.448310263114,10.0,12.0,6.0,3.0,3.0,0.6,15.0,8.0,7.0,0.8,8.0,8.0,6.0,2.0,0.4,7.0,8.0,8.0,0.0,0.4,7.0,8.0,0.0,0.0,1,3,0,2,-126.02125525204315,-2.0,-9.0,-5.0,-4.0,-0.20000000000000007,1.0,0.0,-2.0,2.0,0.0,-1.0,0.0,1,1,16,16,0.40540540540540543,0.40540540540540543,0.40540540540540543,0.0,0,0,26,31,8,19,5,2,-5,-3,-11,0,1,1,0,1,1,1,0
2025-26,2025-12-14,Nott'm Forest,Tottenham,H,1540.1011289809771,1530.4272499395645,9.0,5.0,7.0,6.0,1.0,0.6,8.0,10.0,-2.0,0.2,4.0,5.0,9.0,-4.0,0.2,8.0,10.0,9.0,1.0,0.4,8.0,8.0,0.0,0.0,0,3,0,2,9.673879041412647,4.0,-1.0,-4.0,3.0,0.39999999999999997,-4.0,-5.0,0.0,-5.0,-0.2,0.0,0.0,0,1,16,16,0.40540540540540543,0.40540540540540543,0.40540540540540543,0.0,0,0,15,22,-11,7,17,11,-7,-6,-18,0,0,0,0,0,0,0,0
2025-26,2025-12-14,Sunderland,Newcastle,H,1458.1996909580596,1627.1625805261826,5.0,10.0,6.0,9.0,-3.0,0.2,11.0,8.0,3.0,0.6,9.0,9.0,6.0,3.0,0.4,4.0,7.0,9.0,-2.0,0.2,8.0,8.0,0.0,0.0,0,2,0,2,-168.96288956812305,-5.0,-5.0,1.0,-6.0,-0.39999999999999997,5.0,2.0,-3.0,5.0,0.2,0.0,0.0,0,0,16,16,0.40540540540540543,0.40540540540540543,0.40540540540540543,0.0,0,0,23,22,1,2,10,12,1,2,-1,0,0,1,0,0,0,0,0
2025-26,2025-12-14,West Ham,Aston Villa,A,1497.8502534389472,1684.1981389457019,6.0,15.0,7.0,8.0,-1.0,0.2,13.0,5.0,8.0,1.0,6.0,7.0,9.0,-2.0,0.4,10.0,9.0,8.0,1.0,0.6,7.0,8.0,0.0,0.0,1,3,0,3,-186.34788550675466,-9.0,-6.0,3.0,-9.0,-0.8,-4.0,-2.0,1.0,-3.0,-0.19999999999999996,-1.0,0.0,1,0,16,16,0.40540540540540543,0.40540540540540543,0.40540540540540543,0.0,0,0,13,30,-12,7,18,3,-17,-15,-19,0,0,0,1,1,1,1,0
2025-26,2025-12-15,Man United,Bournemouth,D,1578.908183195657,1559.6220624257303,8.0,2.0,9.0,6.0,3.0,0.4,4.0,10.0,-6.0,0.0,10.0,9.0,5.0,4.0,0.6,2.0,8.0,15.0,-7.0,0.0,7.0,9.0,0.0,0.0,1,2,0,2,19.28612076992681,6.0,5.0,-4.0,9.0,0.4,8.0,1.0,-10.0,11.0,0.6,-2.0,0.0,1,0,16,16,0.40540540540540543,0.40540540540540543,0.40540540540540543,0.0,0,0,25,20,4,-3,8,15,5,7,7,0,0,1,0,0,0,0,0
2025-26,2025-12-20,Bournemouth,Burnley,D,1561.5902552259213,1388.100267598411,3.0,0.0,8.0,10.0,-2.0,0.0,4.0,11.0,-7.0,0.0,8.0,7.0,4.0,3.0,0.4,3.0,8.0,12.0,-4.0,0.2,5.0,7.0,0.0,0.0,1,2,1,2,173.48998762751035,3.0,4.0,-1.0,5.0,0.0,5.0,-1.0,-8.0,7.0,0.2,-2.0,0.0,0,0,17,17,0.43243243243243246,0.43243243243243246,0.43243243243243246,0.0,0,0,21,10,-3,-15,13,19,11,6,12,0,0,0,0,0,0,0,1
2025-26,2025-12-20,Brighton,Sunderland,D,1608.3227992994764,1471.4958984900995,7.0,7.0,8.0,8.0,0.0,0.4,5.0,7.0,-2.0,0.4,10.0,11.0,7.0,4.0,0.6,4.0,3.0,8.0,-5.0,0.2,7.0,6.0,0.0,0.0,1,2,1,2,136.82690080937687,0.0,3.0,1.0,2.0,0.0,6.0,8.0,-1.0,9.0,0.39999999999999997,1.0,0.0,0,0,17,17,0.43243243243243246,0.43243243243243246,0.43243243243243246,0.0,0,0,23,26,2,2,10,8,-3,-2,0,0,0,1,0,0,0,1,0
2025-26,2025-12-20,Everton,Arsenal,A,1580.2964497144492,1760.5216939812299,9.0,10.0,6.0,6.0,0.0,0.6,10.0,5.0,5.0,0.6,9.0,8.0,8.0,0.0,0.6,8.0,7.0,5.0,2.0,0.4,7.0,7.0,0.0,0.0,1,2,1,2,-180.2252442667807,-1.0,-4.0,1.0,-5.0,0.0,1.0,1.0,3.0,-2.0,0.19999999999999996,0.0,0.0,0,0,17,17,0.43243243243243246,0.43243243243243246,0.43243243243243246,0.0,0,0,24,36,-1,20,9,1,-12,-8,-21,0,0,1,0,1,1,1,0
2025-26,2025-12-20,Leeds,Crystal Palace,H,1456.8767235509638,1615.5808596971344,5.0,9.0,10.0,10.0,0.0,0.2,6.0,6.0,0.0,0.6,7.0,10.0,9.0,1.0,0.4,9.0,6.0,4.0,2.0,0.6,6.0,6.0,0.0,0.0,1,2,1,2,-158.70413614617064,-4.0,4.0,4.0,0.0,-0.39999999999999997,-2.0,4.0,5.0,-1.0,-0.19999999999999996,0.0,0.0,0,0,17,17,0.43243243243243246,0.43243243243243246,0.43243243243243246,0.0,0,0,16,26,-10,5,17,5,-10,-12,-15,0,0,0,0,0,1,1,0
2025-26,2025-12-20,Man City,West Ham,H,1757.2945055770506,1491.5848782143999,12.0,3.0,15.0,8.0,7.0,0.8,6.0,9.0,-3.0,0.0,15.0,14.0,3.0,11.0,1.0,3.0,5.0,8.0,-3.0,0.0,6.0,6.0,0.0,0.0,1,2,1,2,265.70962736265074,9.0,9.0,-1.0,10.0,0.8,12.0,9.0,-5.0,14.0,1.0,0.0,0.0,0,0,17,17,0.43243243243243246,0.43243243243243246,0.43243243243243246,0.0,0,0,34,13,22,-13,2,18,21,16,35,1,1,1,0,0,0,0,1
2025-26,2025-12-20,Newcastle,Chelsea,D,1613.8663729941427,1654.9975071743443,10.0,8.0,10.0,6.0,4.0,0.6,6.0,4.0,2.0,0.4,13.0,10.0,5.0,5.0,0.8,10.0,7.0,3.0,4.0,0.6,6.0,7.0,0.0,0.0,1,2,1,2,-41.13113418020157,2.0,4.0,2.0,2.0,0.19999999999999996,3.0,3.0,2.0,1.0,0.20000000000000007,-1.0,0.0,0,0,17,17,0.43243243243243246,0.43243243243243246,0.43243243243243246,0.0,0,0,22,28,1,12,12,4,-6,-8,-11,0,0,0,0,1,1,1,0
2025-26,2025-12-20,Tottenham,Liverpool,A,1522.128109999796,1709.5146531334342,4.0,8.0,6.0,11.0,-5.0,0.2,8.0,7.0,1.0,0.4,4.0,6.0,7.0,-1.0,0.2,4.0,8.0,11.0,-3.0,0.2,6.0,7.0,0.0,0.0,1,2,1,2,-187.38654313363827,-4.0,-2.0,4.0,-6.0,-0.2,0.0,-2.0,-4.0,2.0,0.0,-1.0,0.0,0,0,17,17,0.43243243243243246,0.43243243243243246,0.43243243243243246,0.0,0,0,22,26,4,2,11,7,-4,-4,2,0,0,0,0,0,0,1,0
2025-26,2025-12-20,Wolves,Brentford,A,1414.5682807849123,1559.2835440726897,0.0,4.0,2.0,10.0,-8.0,0.0,5.0,8.0,-3.0,0.2,1.0,4.0,11.0,-7.0,0.0,3.0,3.0,8.0,-5.0,0.2,7.0,6.0,0.0,0.0,1,2,1,2,-144.71526328777736,-4.0,-3.0,2.0,-5.0,-0.2,-2.0,1.0,3.0,-2.0,-0.2,1.0,0.0,0,0,17,17,0.43243243243243246,0.43243243243243246,0.43243243243243246,0.0,0,0,2,20,-26,-3,20,15,-18,-5,-23,0,0,0,1,0,0,0,0
2025-26,2025-12-21,Aston Villa,Man United,H,1690.4635141702493,1576.939990395466,15.0,8.0,12.0,7.0,5.0,1.0,11.0,8.0,3.0,0.4,15.0,10.0,2.0,8.0,1.0,11.0,12.0,7.0,5.0,0.6,7.0,6.0,0.0,0.0,1,1,1,2,113.52352377478314,7.0,1.0,-1.0,2.0,0.6,4.0,-2.0,-5.0,3.0,0.4,1.0,0.0,0,-1,17,17,0.43243243243243246,0.43243243243243246,0.43243243243243246,0.0,0,0,33,26,8,4,3,7,7,4,4,1,1,1,0,0,0,1,0
2025-26,2025-12-22,Fulham,Nott'm Forest,H,1543.950531415447,1548.4002689207457,9.0,9.0,11.0,10.0,1.0,0.6,7.0,5.0,2.0,0.6,6.0,9.0,8.0,1.0,0.4,6.0,4.0,7.0,-3.0,0.4,9.0,8.0,0.0,0.0,0,1,0,1,-4.449737505298799,0.0,4.0,5.0,-1.0,0.0,0.0,5.0,1.0,4.0,0.0,1.0,0.0,0,0,17,17,0.43243243243243246,0.43243243243243246,0.43243243243243246,0.0,0,0,20,18,-3,-8,15,17,2,2,5,0,0,0,0,0,0,0,0
2025-26,2025-12-26,Man United,Newcastle,H,1571.327302850083,1613.6111619465482,8.0,8.0,12.0,9.0,3.0,0.4,10.0,7.0,3.0,0.4,8.0,11.0,8.0,3.0,0.4,3.0,7.0,10.0,-3.0,0.2,5.0,6.0,0.0,0.0,1,2,1,2,-42.28385909646522,0.0,2.0,2.0,0.0,0.0,5.0,4.0,-2.0,6.0,0.2,-1.0,0.0,0,0,18,18,0.4594594594594595,0.4594594594594595,0.4594594594594595,0.0,0,0,26,23,3,1,7,11,3,4,2,0,0,1,0,0,0,0,0
2025-26,2025-12-27,Arsenal,Brighton,H,1766.9397030405332,1603.410113975686,10.0,5.0,7.0,4.0,3.0,0.6,6.0,7.0,-1.0,0.2,15.0,11.0,2.0,9.0,1.0,5.0,5.0,7.0,-2.0,0.2,7.0,7.0,0.0,0.0,1,2,1,2,163.5295890648472,5.0,1.0,-3.0,4.0,0.39999999999999997,10.0,6.0,-5.0,11.0,0.8,0.0,0.0,0,0,18,18,0.4594594594594595,0.4594594594594595,0.4594594594594595,0.0,0,0,39,24,21,2,1,9,15,8,19,1,1,1,0,0,0,1,0
2025-26,2025-12-27,Brentford,Bournemouth,H,1566.623003682807,1555.919131478051,7.0,3.0,6.0,6.0,0.0,0.4,7.0,9.0,-2.0,0.0,10.0,10.0,6.0,4.0,0.6,2.0,10.0,17.0,-7.0,0.0,7.0,7.0,0.0,0.0,1,2,1,2,10.703872204755953,4.0,-1.0,-3.0,2.0,0.4,8.0,0.0,-11.0,11.0,0.6,0.0,0.0,0,0,18,18,0.4594594594594595,0.4594594594594595,0.4594594594594595,0.0,0,0,23,22,-1,-3,12,15,1,3,2,0,0,0,0,0,0,0,0
2025-26,2025-12-27,Burnley,Everton,D,1393.7713913462812,1573.8784406551458,1.0,6.0,5.0,10.0,-5.0,0.0,5.0,7.0,-2.0,0.4,3.0,4.0,8.0,-4.0,0.2,7.0,3.0,5.0,-2.0,0.4,7.0,7.0,0.0,0.0,1,2,1,2,-180.1070493088646,-5.0,0.0,3.0,-3.0,-0.4,-4.0,1.0,3.0,-2.0,-0.2,0.0,0.0,0,0,18,18,0.4594594594594595,0.4594594594594595,0.4594594594594595,0.0,0,0,11,24,-15,-2,19,10,-13,-9,-13,0,0,0,1,0,0,1,0
2025-26,2025-12-27,Chelsea,Aston Villa,A,1655.2527182219387,1696.0762017156324,6.0,15.0,6.0,6.0,0.0,0.2,12.0,7.0,5.0,1.0,10.0,9.0,4.0,5.0,0.6,12.0,11.0,9.0,2.0,0.8,7.0,6.0,0.0,0.0,1,2,1,2,-40.82348349369363,-9.0,-6.0,-1.0,-5.0,-0.8,-2.0,-2.0,-5.0,3.0,-0.20000000000000007,1.0,0.0,0,0,18,18,0.4594594594594595,0.4594594594594595,0.4594594594594595,0.0,0,0,29,36,12,9,4,3,-7,-1,3,1,1,1,0,1,1,1,0
2025-26,2025-12-27,Liverpool,Wolves,H,1715.7543317319412,1407.228821174795,11.0,0.0,10.0,5.0,5.0,0.6,2.0,10.0,-8.0,0.0,7.0,6.0,6.0,0.0,0.4,0.0,1.0,11.0,-10.0,0.0,7.0,7.0,0.0,0.0,1,2,1,2,308.52551055714616,11.0,8.0,-5.0,13.0,0.6,7.0,5.0,-5.0,10.0,0.4,0.0,0.0,0,0,18,18,0.4594594594594595,0.4594594594594595,0.4594594594594595,0.0,0,0,29,2,3,-28,6,20,27,14,31,0,1,1,0,0,0,0,1
2025-26,2025-12-27,Nott'm Forest,Man City,A,1539.7038506190067,1760.089498913128,6.0,15.0,4.0,6.0,-2.0,0.4,17.0,6.0,11.0,1.0,7.0,8.0,8.0,0.0,0.4,9.0,10.0,7.0,3.0,0.6,5.0,7.0,0.0,0.0,1,2,1,2,-220.3856482941212,-9.0,-13.0,0.0,-13.0,-0.6,-2.0,-2.0,1.0,-3.0,-0.19999999999999996,-2.0,0.0,0,0,18,18,0.4594594594594595,0.4594594594594595,0.4594594594594595,0.0,0,0,18,37,-9,25,17,2,-19,-15,-34,0,0,0,0,1,1,1,0
2025-26,2025-12-27,West Ham,Fulham,A,1488.7898848783225,1552.6469497171859,2.0,9.0,4.0,10.0,-6.0,0.0,11.0,10.0,1.0,0.6,6.0,8.0,10.0,-2.0,0.4,6.0,7.0,10.0,-3.0,0.4,7.0,5.0,0.0,0.0,1,2,1,2,-63.85706483886338,-7.0,-7.0,0.0,-7.0,-0.6,0.0,1.0,0.0,1.0,0.0,2.0,0.0,0,0,18,18,0.4594594594594595,0.4594594594594595,0.4594594594594595,0.0,0,0,13,23,-16,-2,18,13,-10,-5,-14,0,0,0,1,0,0,0,0
2025-26,2025-12-28,Crystal Palace,Tottenham,A,1602.550350472975,1515.888431401289,6.0,4.0,5.0,10.0,-5.0,0.4,6.0,9.0,-3.0,0.2,5.0,6.0,8.0,-2.0,0.2,7.0,8.0,10.0,-2.0,0.4,8.0,8.0,0.0,0.0,0,2,0,2,86.66191907168604,2.0,-1.0,1.0,-2.0,0.2,-2.0,-2.0,-2.0,0.0,-0.2,0.0,0.0,0,0,18,18,0.4594594594594595,0.4594594594594595,0.4594594594594595,0.0,0,0,26,22,2,3,9,14,4,5,-1,0,0,1,0,0,0,0,0
2025-26,2025-12-28,Sunderland,Leeds,D,1476.40858381389,1469.9072327751232,8.0,8.0,5.0,6.0,-1.0,0.4,13.0,9.0,4.0,0.4,11.0,9.0,5.0,4.0,0.6,1.0,4.0,12.0,-8.0,0.0,8.0,8.0,0.0,0.0,0,2,0,2,6.501351038766643,0.0,-8.0,-3.0,-5.0,0.0,10.0,5.0,-7.0,12.0,0.6,0.0,0.0,0,0,18,18,0.4594594594594595,0.4594594594594595,0.4594594594594595,0.0,0,0,27,19,2,-7,7,16,8,9,9,0,0,1,0,0,0,0,0
2025-26,2025-12-30,Arsenal,Aston Villa,H,1771.4662196670897,1706.3402616920648,12.0,15.0,8.0,4.0,4.0,0.8,13.0,8.0,5.0,1.0,15.0,11.0,3.0,8.0,1.0,12.0,11.0,9.0,2.0,0.8,3.0,3.0,1.0,1.0,1,2,1,2,65.1259579750249,-3.0,-5.0,-4.0,-1.0,-0.19999999999999996,3.0,0.0,-6.0,6.0,0.19999999999999996,0.0,0.0,0,0,19,19,0.4864864864864865,0.4864864864864865,0.4864864864864865,0.0,0,0,42,39,22,10,1,3,3,2,12,1,1,1,0,1,1,1,0
2025-26,2025-12-30,Burnley,Newcastle,A,1397.3504164906549,1603.8332138277613,2.0,5.0,4.0,7.0,-3.0,0.0,6.0,7.0,-1.0,0.2,1.0,2.0,8.0,-6.0,0.0,3.0,6.0,9.0,-3.0,0.2,3.0,4.0,1.0,0.0,1,2,1,2,-206.48279733710638,-3.0,-2.0,0.0,-2.0,-0.2,-2.0,-4.0,-1.0,-3.0,-0.2,-1.0,1.0,0,0,19,19,0.4864864864864865,0.4864864864864865,0.4864864864864865,0.0,0,0,12,23,-15,0,19,14,-11,-5,-15,0,0,0,1,0,0,0,0
2025-26,2025-12-30,Chelsea,Bournemouth,D,1644.9886582455063,1547.6487649073324,5.0,3.0,6.0,7.0,-1.0,0.2,6.0,10.0,-4.0,0.0,7.0,8.0,5.0,3.0,0.4,1.0,8.0,18.0,-10.0,0.0,3.0,3.0,1.0,1.0,1,2,1,2,97.33989333817385,2.0,0.0,-3.0,3.0,0.2,6.0,0.0,-13.0,13.0,0.4,0.0,0.0,0,0,19,19,0.4864864864864865,0.4864864864864865,0.4864864864864865,0.0,0,0,29,22,11,-6,5,15,7,10,17,0,1,1,0,0,0,0,0
2025-26,2025-12-30,Man United,Wolves,D,1581.10525096887,1404.975591084789,8.0,0.0,11.0,8.0,3.0,0.4,3.0,11.0,-8.0,0.0,8.0,10.0,8.0,2.0,0.4,0.0,2.0,11.0,-9.0,0.0,4.0,3.0,0.0,1.0,1,2,1,2,176.1296598840811,8.0,8.0,-3.0,11.0,0.4,8.0,8.0,-3.0,11.0,0.4,1.0,-1.0,0,0,19,19,0.4864864864864865,0.4864864864864865,0.4864864864864865,0.0,0,0,29,2,4,-29,6,20,27,14,33,0,1,1,0,0,0,0,1
2025-26,2025-12-30,Nott'm Forest,Everton,A,1534.2492630415577,1570.2994155107722,6.0,7.0,5.0,6.0,-1.0,0.4,4.0,3.0,1.0,0.4,7.0,9.0,7.0,2.0,0.4,8.0,3.0,3.0,0.0,0.4,3.0,3.0,1.0,1.0,1,2,1,2,-36.05015246921448,-1.0,1.0,3.0,-2.0,0.0,-1.0,6.0,4.0,2.0,0.0,0.0,0.0,0,0,19,19,0.4864864864864865,0.4864864864864865,0.4864864864864865,0.0,0,0,18,25,-10,-2,17,12,-7,-5,-8,0,0,0,0,0,0,0,0
2025-26,2025-12-30,West Ham,Brighton,D,1479.1885119192868,1598.8835973491296,2.0,2.0,4.0,9.0,-5.0,0.0,5.0,9.0,-4.0,0.0,6.0,8.0,9.0,-1.0,0.4,4.0,5.0,8.0,-3.0,0.2,3.0,3.0,1.0,1.0,1,2,1,2,-119.69508542984272,0.0,-1.0,0.0,-1.0,0.0,2.0,3.0,1.0,2.0,0.2,0.0,0.0,0,0,19,19,0.4864864864864865,0.4864864864864865,0.4864864864864865,0.0,0,0,13,24,-17,1,18,13,-11,-5,-18,0,0,0,1,0,0,0,0
2025-26,2026-01-01,Brentford,Tottenham,D,1574.8933702535255,1529.630831509106,7.0,7.0,7.0,6.0,1.0,0.4,6.0,7.0,-1.0,0.4,13.0,14.0,6.0,8.0,0.8,7.0,7.0,9.0,-2.0,0.4,5.0,4.0,0.0,0.0,1,2,1,2,45.262538744419544,0.0,1.0,-1.0,2.0,0.0,6.0,7.0,-3.0,10.0,0.4,1.0,0.0,0,0,19,19,0.4864864864864865,0.4864864864864865,0.4864864864864865,0.0,0,0,26,25,2,4,9,13,1,4,-2,0,0,1,0,0,0,0,0
2025-26,2026-01-01,Crystal Palace,Fulham,D,1588.807950365158,1562.2483226762215,6.0,9.0,4.0,9.0,-5.0,0.4,10.0,9.0,1.0,0.6,4.0,3.0,6.0,-3.0,0.2,9.0,7.0,7.0,0.0,0.6,4.0,5.0,0.0,0.0,1,2,1,2,26.559627688936416,-3.0,-6.0,0.0,-6.0,-0.19999999999999996,-5.0,-4.0,-1.0,-3.0,-0.39999999999999997,-1.0,0.0,0,0,19,19,0.4864864864864865,0.4864864864864865,0.4864864864864865,0.0,0,0,26,26,1,-1,11,12,0,1,2,0,0,0,0,0,0,0,0
2025-26,2026-01-01,Liverpool,Leeds,D,1718.0075618219473,1471.5192862897102,11.0,9.0,10.0,6.0,4.0,0.6,12.0,7.0,5.0,0.4,10.0,7.0,5.0,2.0,0.6,2.0,5.0,11.0,-6.0,0.0,5.0,4.0,0.0,0.0,1,2,1,2,246.48827553223714,2.0,-2.0,-1.0,-1.0,0.19999999999999996,8.0,2.0,-6.0,8.0,0.6,1.0,0.0,0,0,19,19,0.4864864864864865,0.4864864864864865,0.4864864864864865,0.0,0,0,32,20,4,-7,4,16,12,12,11,1,1,1,0,0,0,0,0
2025-26,2026-01-01,Sunderland,Man City,D,1474.796530299303,1765.544086490577,6.0,15.0,3.0,5.0,-2.0,0.2,16.0,5.0,11.0,1.0,9.0,8.0,6.0,2.0,0.4,9.0,11.0,8.0,3.0,0.6,4.0,5.0,0.0,0.0,1,2,1,2,-290.74755619127404,-9.0,-13.0,0.0,-13.0,-0.8,0.0,-3.0,-2.0,-1.0,-0.19999999999999996,-1.0,0.0,0,0,19,19,0.4864864864864865,0.4864864864864865,0.4864864864864865,0.0,0,0,28,40,2,26,7,2,-12,-5,-24,0,0,1,0,1,1,1,0
2025-26,2026-01-03,Aston Villa,Nott'm Forest,H,1699.537676676565,1523.8479697720174,12.0,3.0,10.0,9.0,1.0,0.8,4.0,8.0,-4.0,0.2,15.0,10.0,2.0,8.0,1.0,6.0,4.0,6.0,-2.0,0.4,4.0,4.0,0.0,0.0,2,3,2,3,175.68970690454762,9.0,6.0,1.0,5.0,0.6000000000000001,9.0,6.0,-4.0,10.0,0.6,0.0,0.0,0,0,20,20,0.5135135135135135,0.5135135135135135,0.5135135135135135,0.0,0,1,39,18,7,-12,3,17,21,14,19,1,1,1,0,0,0,0,0
2025-26,2026-01-03,Bournemouth,Arsenal,A,1551.6523710151794,1778.2688046825895,4.0,12.0,8.0,11.0,-3.0,0.0,10.0,5.0,5.0,0.8,6.0,5.0,4.0,1.0,0.2,8.0,7.0,5.0,2.0,0.4,4.0,4.0,0.0,0.0,2,3,2,3,-226.6164336674101,-8.0,-2.0,6.0,-8.0,-0.8,-2.0,-2.0,-1.0,-1.0,-0.2,0.0,0.0,0,0,20,20,0.5135135135135135,0.5135135135135135,0.5135135135135135,0.0,0,1,23,45,-6,25,15,1,-22,-14,-31,0,0,0,0,1,1,1,0
2025-26,2026-01-03,Brighton,Burnley,H,1596.9040922068452,1391.5726421879983,3.0,2.0,4.0,7.0,-3.0,0.0,5.0,9.0,-4.0,0.0,8.0,9.0,6.0,3.0,0.4,4.0,8.0,11.0,-3.0,0.2,4.0,4.0,0.0,0.0,2,3,2,3,205.3314500188469,1.0,-1.0,-2.0,1.0,0.0,4.0,1.0,-5.0,6.0,0.2,0.0,0.0,0,0,20,20,0.5135135135135135,0.5135135135135135,0.5135135135135135,0.0,0,1,25,12,1,-17,14,19,13,5,18,0,0,0,0,0,0,0,1
2025-26,2026-01-03,Wolves,West Ham,H,1410.69803351319,1481.1680170615712,1.0,2.0,4.0,11.0,-7.0,0.0,5.0,10.0,-5.0,0.0,0.0,3.0,12.0,-9.0,0.0,3.0,5.0,9.0,-4.0,0.0,4.0,4.0,0.0,0.0,2,3,2,3,-70.46998354838115,-1.0,-1.0,1.0,-2.0,0.0,-3.0,-2.0,3.0,-5.0,0.0,0.0,0.0,0,0,20,20,0.5135135135135135,0.5135135135135135,0.5135135135135135,0.0,0,1,3,14,-29,-17,20,18,-11,-2,-12,0,0,0,1,0,0,0,1
2025-26,2026-01-04,Everton,Brentford,A,1580.7007087803124,1572.2181991444604,7.0,8.0,5.0,3.0,2.0,0.4,7.0,4.0,3.0,0.4,6.0,6.0,8.0,-2.0,0.4,3.0,3.0,8.0,-5.0,0.2,5.0,3.0,0.0,1.0,1,2,1,2,8.482509635852011,-1.0,-2.0,-1.0,-1.0,0.0,3.0,3.0,0.0,3.0,0.2,2.0,-1.0,0,0,20,20,0.5135135135135135,0.5135135135135135,0.5135135135135135,0.0,0,1,28,27,0,2,9,10,1,1,-2,0,0,1,0,0,0,1,0
2025-26,2026-01-04,Fulham,Liverpool,D,1564.416899203121,1711.0793447988128,10.0,11.0,7.0,5.0,2.0,0.6,9.0,5.0,4.0,0.6,9.0,10.0,7.0,3.0,0.6,7.0,9.0,10.0,-1.0,0.4,3.0,3.0,1.0,1.0,1,3,1,2,-146.6624455956919,-1.0,-2.0,0.0,-2.0,0.0,2.0,1.0,-3.0,4.0,0.19999999999999996,0.0,0.0,0,1,20,20,0.5135135135135135,0.5135135135135135,0.5135135135135135,0.0,0,1,27,33,-1,4,12,4,-6,-8,-5,0,0,0,0,1,1,1,0
2025-26,2026-01-04,Leeds,Man United,D,1478.4475033128447,1575.382808540469,7.0,8.0,9.0,6.0,3.0,0.2,11.0,8.0,3.0,0.4,10.0,13.0,8.0,5.0,0.6,8.0,11.0,8.0,3.0,0.4,3.0,5.0,1.0,0.0,2,2,1,3,-96.93530522762421,-1.0,-2.0,-2.0,0.0,-0.2,2.0,2.0,0.0,2.0,0.19999999999999996,-2.0,1.0,1,-1,20,20,0.5135135135135135,0.5135135135135135,0.5135135135135135,0.0,0,1,21,30,-7,4,16,6,-9,-10,-11,0,0,0,0,0,1,1,0
2025-26,2026-01-04,Man City,Chelsea,D,1759.5454947595542,1640.9850521376593,13.0,6.0,11.0,1.0,10.0,0.8,7.0,6.0,1.0,0.2,15.0,15.0,3.0,12.0,1.0,8.0,6.0,5.0,1.0,0.4,3.0,5.0,1.0,0.0,1,2,1,2,118.56044262189494,7.0,4.0,-5.0,9.0,0.6000000000000001,7.0,9.0,-2.0,11.0,0.6,-2.0,1.0,0,0,20,20,0.5135135135135135,0.5135135135135135,0.5135135135135135,0.0,0,1,41,30,26,11,3,5,11,2,15,1,1,1,0,0,1,1,0
2025-26,2026-01-04,Newcastle,Crystal Palace,H,1609.6109881304178,1586.6393738382585,7.0,4.0,7.0,6.0,1.0,0.4,4.0,10.0,-6.0,0.2,11.0,10.0,7.0,3.0,0.6,9.0,6.0,6.0,0.0,0.6,5.0,3.0,0.0,1.0,1,2,2,2,22.971614292159302,3.0,3.0,-4.0,7.0,0.2,2.0,4.0,1.0,3.0,0.0,2.0,-1.0,-1,0,20,20,0.5135135135135135,0.5135135135135135,0.5135135135135135,0.0,0,1,26,27,2,1,14,11,-1,-3,1,0,0,0,0,0,0,0,0
2025-26,2026-01-04,Tottenham,Sunderland,D,1532.306002618171,1480.7951220303257,7.0,6.0,4.0,5.0,-1.0,0.4,2.0,4.0,-2.0,0.2,4.0,6.0,7.0,-1.0,0.2,5.0,3.0,6.0,-3.0,0.2,3.0,3.0,1.0,1.0,2,2,2,2,51.51088058784535,1.0,2.0,1.0,1.0,0.2,-1.0,3.0,1.0,2.0,0.0,0.0,0.0,0,0,20,20,0.5135135135135135,0.5135135135135135,0.5135135135135135,0.0,0,1,26,29,4,2,13,7,-3,-6,2,0,0,0,0,0,0,1,0
2025-26,2026-01-06,West Ham,Nott'm Forest,A,1470.5795243527748,1519.561889790411,1.0,3.0,4.0,12.0,-8.0,0.0,5.0,8.0,-3.0,0.2,4.0,7.0,10.0,-3.0,0.2,6.0,5.0,7.0,-2.0,0.4,3.0,3.0,1.0,1.0,2,3,2,3,-48.98236543763619,-2.0,-1.0,4.0,-5.0,-0.2,-2.0,2.0,3.0,-1.0,-0.2,0.0,0.0,0,0,21,21,0.5405405405405406,0.5405405405405406,0.5405405405405406,0.0,0,1,14,18,-20,-14,18,17,-4,-1,-6,0,0,0,1,0,0,0,0
2025-26,2026-01-07,Bournemouth,Tottenham,H,1546.338902095981,1529.4646775127164,3.0,5.0,10.0,14.0,-4.0,0.0,3.0,6.0,-3.0,0.2,3.0,5.0,7.0,-2.0,0.0,5.0,4.0,9.0,-5.0,0.2,4.0,3.0,0.0,1.0,1,3,2,3,16.87422458326455,-2.0,7.0,8.0,-1.0,-0.2,-2.0,1.0,-2.0,3.0,-0.2,1.0,-1.0,-1,0,21,21,0.5405405405405406,0.5405405405405406,0.5405405405405406,0.0,0,1,23,27,-7,4,15,13,-4,-2,-11,0,0,0,0,0,0,0,0
2025-26,2026-01-07,Brentford,Sunderland,H,1583.8857415300602,1483.6364471357804,11.0,7.0,11.0,4.0,7.0,0.6,3.0,2.0,1.0,0.2,11.0,11.0,4.0,7.0,0.6,3.0,2.0,6.0,-4.0,0.0,3.0,3.0,1.0,1.0,2,3,2,3,100.24929439427979,4.0,8.0,2.0,6.0,0.39999999999999997,8.0,9.0,-2.0,11.0,0.6,0.0,0.0,0,0,21,21,0.5405405405405406,0.5405405405405406,0.5405405405405406,0.0,0,1,30,30,4,2,7,8,0,1,2,0,0,1,0,0,0,1,0
2025-26,2026-01-07,Burnley,Man United,D,1387.8332000603837,1574.0400601005629,2.0,6.0,4.0,9.0,-5.0,0.0,8.0,8.0,0.0,0.2,1.0,3.0,9.0,-6.0,0.0,8.0,10.0,7.0,3.0,0.4,4.0,3.0,0.0,1.0,1,3,1,3,-186.2068600401792,-4.0,-4.0,1.0,-5.0,-0.2,-7.0,-7.0,2.0,-9.0,-0.4,1.0,-1.0,0,0,21,21,0.5405405405405406,0.5405405405405406,0.5405405405405406,0.0,0,1,12,31,-19,4,19,6,-19,-13,-23,0,0,0,1,0,1,1,0
2025-26,2026-01-07,Crystal Palace,Aston Villa,D,1578.7093182216856,1703.8237566581715,1.0,12.0,2.0,11.0,-9.0,0.0,11.0,9.0,2.0,0.8,2.0,2.0,7.0,-5.0,0.0,12.0,12.0,11.0,1.0,0.8,3.0,4.0,1.0,0.0,2,3,1,3,-125.1144384364859,-11.0,-9.0,2.0,-11.0,-0.8,-10.0,-10.0,-4.0,-6.0,-0.8,-1.0,1.0,1,0,21,21,0.5405405405405406,0.5405405405405406,0.5405405405405406,0.0,0,1,27,42,-1,9,14,3,-15,-11,-10,0,0,0,0,1,1,1,0
2025-26,2026-01-07,Everton,Wolves,D,1569.0331663947127,1421.2865262219864,4.0,4.0,4.0,7.0,-3.0,0.2,6.0,7.0,-1.0,0.2,6.0,8.0,9.0,-1.0,0.4,1.0,3.0,9.0,-6.0,0.0,3.0,4.0,1.0,0.0,1,3,1,3,147.7466401727263,0.0,-2.0,0.0,-2.0,0.0,5.0,5.0,0.0,5.0,0.4,-1.0,1.0,0,0,21,21,0.5405405405405406,0.5405405405405406,0.5405405405405406,0.0,0,1,28,6,-2,-26,12,20,22,8,24,0,0,0,0,0,0,0,1
2025-26,2026-01-07,Fulham,Chelsea,H,1567.12943883549,1645.4886853962778,11.0,6.0,8.0,5.0,3.0,0.6,8.0,7.0,1.0,0.2,7.0,9.0,9.0,0.0,0.4,6.0,6.0,6.0,0.0,0.2,3.0,3.0,1.0,1.0,2,3,1,3,-78.35924656078782,5.0,0.0,-2.0,2.0,0.39999999999999997,1.0,3.0,3.0,0.0,0.2,0.0,0.0,1,0,21,21,0.5405405405405406,0.5405405405405406,0.5405405405405406,0.0,0,1,28,31,-1,11,11,5,-3,-6,-12,0,0,0,0,0,1,1,0
2025-26,2026-01-07,Man City,Brighton,D,1755.0418615009357,1600.64353433446,11.0,5.0,9.0,2.0,7.0,0.6,5.0,6.0,-1.0,0.2,13.0,13.0,3.0,10.0,0.8,5.0,5.0,6.0,-1.0,0.2,3.0,4.0,1.0,0.0,2,3,1,3,154.39832716647584,6.0,4.0,-4.0,8.0,0.39999999999999997,8.0,8.0,-3.0,11.0,0.6000000000000001,-1.0,1.0,1,0,21,21,0.5405405405405406,0.5405405405405406,0.5405405405405406,0.0,0,1,42,28,26,3,2,10,14,8,23,1,1,1,0,0,0,1,0
2025-26,2026-01-07,Newcastle,Leeds,H,1617.5410437469907,1479.7902517527507,7.0,7.0,7.0,5.0,2.0,0.4,7.0,4.0,3.0,0.2,11.0,10.0,6.0,4.0,0.6,3.0,5.0,8.0,-3.0,0.0,3.0,3.0,1.0,1.0,1,3,2,3,137.75079199424,0.0,0.0,1.0,-1.0,0.2,8.0,5.0,-2.0,7.0,0.6,0.0,0.0,-1,0,21,21,0.5405405405405406,0.5405405405405406,0.5405405405405406,0.0,0,1,29,22,4,-7,9,16,7,7,11,0,0,1,0,0,0,0,0
2025-26,2026-01-08,Arsenal,Liverpool,D,1783.5822736017878,1708.3668051664438,15.0,11.0,12.0,5.0,7.0,1.0,8.0,4.0,4.0,0.6,15.0,14.0,4.0,10.0,1.0,8.0,9.0,9.0,0.0,0.4,5.0,4.0,0.0,0.0,1,3,2,3,75.21546843534406,4.0,4.0,1.0,3.0,0.4,7.0,5.0,-5.0,10.0,0.6,1.0,0.0,-1,0,21,21,0.5405405405405406,0.5405405405405406,0.5405405405405406,0.0,0,1,48,34,26,4,1,4,14,3,22,1,1,1,0,1,1,1,0
2025-26,2026-01-17,Chelsea,Brentford,H,1634.674248606844,1589.8120551726843,3.0,13.0,7.0,9.0,-2.0,0.0,13.0,3.0,10.0,0.8,8.0,9.0,5.0,4.0,0.4,6.0,7.0,8.0,-1.0,0.4,10.0,10.0,0.0,0.0,0,2,0,2,44.862193434159735,-10.0,-6.0,6.0,-12.0,-0.8,2.0,2.0,-3.0,5.0,0.0,0.0,0.0,0,0,22,22,0.5675675675675675,0.5675675675675675,0.5675675675675675,0.0,0,1,31,33,10,7,8,5,-2,-3,3,0,0,1,0,0,1,1,0
2025-26,2026-01-17,Leeds,Fulham,H,1474.7230846607804,1577.9438756249237,6.0,11.0,9.0,7.0,2.0,0.2,7.0,4.0,3.0,0.6,8.0,12.0,8.0,4.0,0.4,10.0,7.0,6.0,1.0,0.6,10.0,10.0,0.0,0.0,0,2,0,2,-103.22079096414336,-5.0,2.0,3.0,-1.0,-0.39999999999999997,-2.0,5.0,2.0,3.0,-0.19999999999999996,0.0,0.0,0,0,22,22,0.5675675675675675,0.5675675675675675,0.5675675675675675,0.0,0,1,22,31,-8,0,16,9,-9,-7,-8,0,0,0,0,0,0,1,0
2025-26,2026-01-17,Liverpool,Burnley,D,1711.8224603062656,1391.564331398582,9.0,3.0,6.0,4.0,2.0,0.4,4.0,8.0,-4.0,0.0,8.0,5.0,5.0,0.0,0.4,1.0,5.0,11.0,-6.0,0.0,9.0,10.0,0.0,0.0,0,2,0,2,320.2581289076836,6.0,2.0,-4.0,6.0,0.4,7.0,0.0,-6.0,6.0,0.4,-1.0,0.0,0,0,22,22,0.5675675675675675,0.5675675675675675,0.5675675675675675,0.0,0,1,35,13,4,-19,4,19,22,15,23,1,1,1,0,0,0,0,1
2025-26,2026-01-17,Man United,Man City,H,1570.3089287623645,1749.7551021196357,6.0,9.0,6.0,6.0,0.0,0.2,7.0,3.0,4.0,0.4,6.0,7.0,7.0,0.0,0.2,10.0,11.0,7.0,4.0,0.6,10.0,10.0,0.0,0.0,0,2,0,2,-179.44617335727116,-3.0,-1.0,3.0,-4.0,-0.2,-4.0,-4.0,0.0,-4.0,-0.39999999999999997,0.0,0.0,0,0,22,22,0.5675675675675675,0.5675675675675675,0.5675675675675675,0.0,0,1,32,43,4,26,7,2,-11,-5,-22,0,0,1,0,1,1,1,0
2025-26,2026-01-17,Nott'm Forest,Arsenal,D,1529.59117958382,1780.126618461966,3.0,13.0,4.0,9.0,-5.0,0.2,10.0,4.0,6.0,0.8,6.0,7.0,7.0,0.0,0.4,8.0,8.0,7.0,1.0,0.4,11.0,9.0,0.0,0.0,0,2,0,2,-250.53543887814612,-10.0,-6.0,5.0,-11.0,-0.6000000000000001,-2.0,-1.0,0.0,-1.0,0.0,2.0,0.0,0,0,22,22,0.5675675675675675,0.5675675675675675,0.5675675675675675,0.0,0,1,21,49,-13,26,17,1,-28,-16,-39,0,0,0,0,1,1,1,0
2025-26,2026-01-17,Sunderland,Crystal Palace,H,1477.7101334931563,1580.8382194383594,4.0,2.0,2.0,5.0,-3.0,0.0,2.0,8.0,-6.0,0.0,9.0,7.0,5.0,2.0,0.4,9.0,6.0,7.0,-1.0,0.6,10.0,10.0,0.0,0.0,0,2,0,2,-103.12808594520311,2.0,0.0,-3.0,3.0,0.0,0.0,1.0,-2.0,3.0,-0.19999999999999996,0.0,0.0,0,0,22,22,0.5675675675675675,0.5675675675675675,0.5675675675675675,0.0,0,1,30,28,-1,-1,10,13,2,3,0,0,0,1,0,0,0,0,0
2025-26,2026-01-17,Tottenham,West Ham,A,1521.3660493132172,1460.550234559366,5.0,1.0,5.0,6.0,-1.0,0.2,3.0,11.0,-8.0,0.0,5.0,7.0,7.0,0.0,0.2,3.0,4.0,10.0,-6.0,0.0,10.0,11.0,0.0,0.0,0,2,0,2,60.81581475385133,4.0,2.0,-5.0,7.0,0.2,2.0,3.0,-3.0,6.0,0.2,-1.0,0.0,0,0,22,22,0.5675675675675675,0.5675675675675675,0.5675675675675675,0.0,0,1,27,14,3,-21,14,18,13,4,24,0,0,0,0,0,0,0,1
2025-26,2026-01-18,Aston Villa,Everton,A,1701.6948554414978,1563.8857410051123,10.0,5.0,8.0,7.0,1.0,0.6,5.0,6.0,-1.0,0.2,15.0,12.0,3.0,9.0,1.0,10.0,4.0,2.0,2.0,0.6,11.0,11.0,0.0,0.0,0,1,0,2,137.80911443638547,5.0,3.0,1.0,2.0,0.39999999999999997,5.0,8.0,1.0,7.0,0.4,0.0,0.0,0,-1,22,22,0.5675675675675675,0.5675675675675675,0.5675675675675675,0.0,0,1,43,29,9,-2,3,12,14,9,11,1,1,1,0,0,0,0,0
2025-26,2026-01-18,Wolves,Newcastle,D,1426.4339516115867,1622.608210838961,5.0,10.0,6.0,6.0,0.0,0.2,11.0,7.0,4.0,0.6,3.0,4.0,9.0,-5.0,0.2,6.0,8.0,7.0,1.0,0.4,11.0,11.0,0.0,0.0,0,1,0,2,-196.17425922737425,-5.0,-5.0,-1.0,-4.0,-0.39999999999999997,-3.0,-4.0,2.0,-6.0,-0.2,0.0,0.0,0,-1,22,22,0.5675675675675675,0.5675675675675675,0.5675675675675675,0.0,0,1,7,32,-26,5,20,9,-25,-11,-31,0,0,0,1,0,0,1,0
2025-26,2026-01-19,Brighton,Bournemouth,D,1605.93029371576,1554.4375302954802,6.0,5.0,6.0,5.0,1.0,0.2,9.0,12.0,-3.0,0.2,8.0,8.0,6.0,2.0,0.4,2.0,9.0,17.0,-8.0,0.0,12.0,12.0,0.0,0.0,0,1,0,1,51.49276342027974,1.0,-3.0,-7.0,4.0,0.0,6.0,-1.0,-11.0,10.0,0.4,0.0,0.0,0,0,22,22,0.5675675675675675,0.5675675675675675,0.5675675675675675,0.0,0,1,29,26,3,-6,12,15,3,3,9,0,0,0,0,0,0,0,0
2025-26,2026-01-24,Bournemouth,Liverpool,H,1557.2783760374841,1703.9441468636935,5.0,7.0,9.0,12.0,-3.0,0.2,5.0,4.0,1.0,0.2,5.0,6.0,7.0,-1.0,0.2,9.0,9.0,6.0,3.0,0.4,5.0,7.0,0.0,0.0,1,1,1,1,-146.66577082620938,-2.0,4.0,8.0,-4.0,0.0,-4.0,-3.0,1.0,-4.0,-0.2,-2.0,0.0,0,0,23,23,0.5945945945945946,0.5945945945945946,0.5945945945945946,0.0,0,1,27,36,-6,4,15,4,-9,-11,-10,0,0,0,0,1,1,1,0
2025-26,2026-01-24,Burnley,Tottenham,D,1399.442644841154,1508.2804451860393,3.0,5.0,4.0,8.0,-4.0,0.0,5.0,6.0,-1.0,0.2,2.0,5.0,9.0,-4.0,0.0,5.0,5.0,8.0,-3.0,0.2,7.0,7.0,0.0,0.0,1,1,1,1,-108.83780034488518,-2.0,-1.0,2.0,-3.0,-0.2,-3.0,0.0,1.0,-1.0,-0.2,0.0,0.0,0,0,23,23,0.5945945945945946,0.5945945945945946,0.5945945945945946,0.0,0,1,14,27,-19,2,19,14,-13,-5,-21,0,0,0,1,0,0,0,0
2025-26,2026-01-24,Fulham,Brighton,H,1566.4239279166727,1603.089447973756,8.0,6.0,6.0,5.0,1.0,0.4,7.0,6.0,1.0,0.2,7.0,10.0,10.0,0.0,0.4,5.0,6.0,7.0,-1.0,0.2,7.0,5.0,0.0,0.0,1,1,1,1,-36.66552005708331,2.0,-1.0,-1.0,0.0,0.2,2.0,4.0,3.0,1.0,0.2,2.0,0.0,0,0,23,23,0.5945945945945946,0.5945945945945946,0.5945945945945946,0.0,0,1,31,30,-1,3,11,12,1,1,-4,0,0,0,0,0,0,0,0
2025-26,2026-01-24,Man City,Wolves,H,1736.192673243679,1430.409347913902,6.0,6.0,4.0,5.0,-1.0,0.2,6.0,4.0,2.0,0.2,11.0,11.0,4.0,7.0,0.6,2.0,4.0,7.0,-3.0,0.0,7.0,6.0,0.0,0.0,1,1,1,1,305.7833253297772,0.0,-2.0,1.0,-3.0,0.0,9.0,7.0,-3.0,10.0,0.6,1.0,0.0,0,0,23,23,0.5945945945945946,0.5945945945945946,0.5945945945945946,0.0,0,1,43,8,24,-26,2,20,35,18,50,1,1,1,0,0,0,0,1
2025-26,2026-01-24,West Ham,Sunderland,H,1473.6358386865438,1489.2274744741683,4.0,6.0,5.0,9.0,-4.0,0.2,4.0,6.0,-2.0,0.2,1.0,5.0,10.0,-5.0,0.0,3.0,2.0,8.0,-6.0,0.0,7.0,7.0,0.0,0.0,1,1,1,1,-15.591635787624455,-2.0,1.0,3.0,-2.0,0.0,-2.0,3.0,2.0,1.0,0.0,0.0,0.0,0,0,23,23,0.5945945945945946,0.5945945945945946,0.5945945945945946,0.0,0,1,17,33,-20,0,18,9,-16,-9,-20,0,0,0,1,0,0,1,0
2025-26,2026-01-25,Arsenal,Man United,A,1774.9204368413148,1583.8713576383211,11.0,9.0,9.0,4.0,5.0,0.6,7.0,4.0,3.0,0.4,13.0,10.0,3.0,7.0,0.8,8.0,10.0,7.0,3.0,0.4,8.0,8.0,0.0,0.0,0,1,0,1,191.04907920299365,2.0,2.0,0.0,2.0,0.19999999999999996,5.0,0.0,-4.0,4.0,0.4,0.0,0.0,0,0,23,23,0.5945945945945946,0.5945945945945946,0.5945945945945946,0.0,0,1,50,35,26,6,1,5,15,4,20,1,1,1,0,0,1,1,0
2025-26,2026-01-25,Brentford,Nott'm Forest,A,1582.4765247618268,1534.7973612044711,10.0,4.0,11.0,5.0,6.0,0.6,4.0,8.0,-4.0,0.2,11.0,11.0,3.0,8.0,0.6,6.0,4.0,8.0,-4.0,0.4,8.0,8.0,0.0,0.0,0,1,0,1,47.67916355735565,6.0,7.0,-3.0,10.0,0.39999999999999997,5.0,7.0,-5.0,12.0,0.19999999999999996,0.0,0.0,0,0,23,23,0.5945945945945946,0.5945945945945946,0.5945945945945946,0.0,0,1,33,22,5,-13,8,17,11,9,18,0,0,1,0,0,0,0,0
2025-26,2026-01-25,Crystal Palace,Chelsea,A,1569.3208784573474,1642.0097790177015,2.0,5.0,2.0,6.0,-4.0,0.0,7.0,7.0,0.0,0.2,2.0,2.0,7.0,-5.0,0.0,3.0,5.0,8.0,-3.0,0.0,8.0,8.0,0.0,0.0,0,1,0,1,-72.68890056035411,-3.0,-5.0,-1.0,-4.0,-0.2,-1.0,-3.0,-1.0,-2.0,0.0,0.0,0.0,0,0,23,23,0.5945945945945946,0.5945945945945946,0.5945945945945946,0.0,0,1,28,34,-2,12,15,6,-6,-9,-14,0,0,0,0,0,1,1,0
2025-26,2026-01-25,Newcastle,Aston Villa,A,1618.6328145366458,1686.760752448227,10.0,7.0,9.0,5.0,4.0,0.6,6.0,7.0,-1.0,0.4,11.0,12.0,8.0,4.0,0.6,10.0,10.0,10.0,0.0,0.6,7.0,7.0,0.0,0.0,1,1,1,1,-68.12793791158128,3.0,3.0,-2.0,5.0,0.19999999999999996,1.0,2.0,-2.0,4.0,0.0,0.0,0.0,0,0,23,23,0.5945945945945946,0.5945945945945946,0.5945945945945946,0.0,0,1,33,43,5,8,9,3,-10,-6,-3,0,0,1,0,1,1,1,0
2025-26,2026-01-26,Everton,Leeds,D,1578.819843998383,1486.2430323690314,8.0,6.0,6.0,5.0,1.0,0.4,6.0,6.0,0.0,0.2,4.0,7.0,10.0,-3.0,0.2,3.0,7.0,9.0,-2.0,0.0,8.0,9.0,0.0,0.0,0,1,0,1,92.5768116293516,2.0,0.0,-1.0,1.0,0.2,1.0,0.0,1.0,-1.0,0.2,-1.0,0.0,0,0,23,23,0.5945945945945946,0.5945945945945946,0.5945945945945946,0.0,0,1,32,25,-1,-7,11,16,7,5,6,0,0,0,0,0,0,0,0
2025-26,2026-01-31,Brighton,Everton,D,1593.47305682419,1574.931984071384,6.0,8.0,7.0,6.0,1.0,0.2,7.0,6.0,1.0,0.4,6.0,7.0,6.0,1.0,0.2,10.0,4.0,2.0,2.0,0.6,7.0,5.0,0.0,0.0,1,2,1,2,18.54107275280603,-2.0,0.0,0.0,0.0,-0.2,-4.0,3.0,4.0,-1.0,-0.39999999999999997,2.0,0.0,0,0,24,24,0.6216216216216216,0.6216216216216216,0.6216216216216216,0.0,0,1,30,33,2,-1,12,10,-3,-2,3,0,0,0,0,0,0,1,0
2025-26,2026-01-31,Chelsea,West Ham,H,1651.357666701077,1482.6487114873823,8.0,7.0,9.0,6.0,3.0,0.4,8.0,9.0,-1.0,0.4,8.0,8.0,5.0,3.0,0.4,5.0,4.0,9.0,-5.0,0.2,6.0,7.0,0.0,0.0,1,2,1,2,168.7089552136947,1.0,1.0,-3.0,4.0,0.0,3.0,4.0,-4.0,8.0,0.2,-1.0,0.0,0,0,24,24,0.6216216216216216,0.6216216216216216,0.6216216216216216,0.0,0,1,37,20,14,-18,5,18,17,13,32,0,1,1,0,0,0,0,1
2025-26,2026-01-31,Leeds,Arsenal,A,1490.1308922960304,1758.916292276865,6.0,8.0,6.0,6.0,0.0,0.2,9.0,6.0,3.0,0.4,11.0,12.0,6.0,6.0,0.6,8.0,6.0,5.0,1.0,0.4,5.0,6.0,0.0,0.0,1,2,1,2,-268.78539998083465,-2.0,-3.0,0.0,-3.0,-0.2,3.0,6.0,1.0,5.0,0.19999999999999996,-1.0,0.0,0,0,24,24,0.6216216216216216,0.6216216216216216,0.6216216216216216,0.0,0,1,26,50,-7,25,16,1,-24,-15,-32,0,0,0,0,1,1,1,0
2025-26,2026-01-31,Liverpool,Newcastle,H,1691.2315185657856,1609.154105567323,4.0,10.0,5.0,6.0,-1.0,0.0,9.0,6.0,3.0,0.6,9.0,6.0,3.0,3.0,0.4,7.0,7.0,4.0,3.0,0.4,7.0,6.0,0.0,0.0,1,2,1,2,82.07741299846248,-6.0,-4.0,0.0,-4.0,-0.6,2.0,-1.0,-1.0,0.0,0.0,1.0,0.0,0,0,24,24,0.6216216216216216,0.6216216216216216,0.6216216216216216,0.0,0,1,36,33,3,3,6,9,3,3,0,0,1,1,0,0,0,1,0
2025-26,2026-01-31,Wolves,Bournemouth,A,1428.1243635773787,1569.991004335392,6.0,8.0,5.0,4.0,1.0,0.2,11.0,10.0,1.0,0.4,4.0,4.0,7.0,-3.0,0.2,3.0,10.0,14.0,-4.0,0.0,7.0,7.0,0.0,0.0,1,2,1,2,-141.86664075801332,-2.0,-6.0,-6.0,0.0,-0.2,1.0,-6.0,-7.0,1.0,0.2,0.0,0.0,0,0,24,24,0.6216216216216216,0.6216216216216216,0.6216216216216216,0.0,0,1,8,30,-28,-5,20,13,-22,-7,-23,0,0,0,1,0,0,0,0
2025-26,2026-02-01,Aston Villa,Brentford,A,1696.2394614175498,1569.7368963844217,7.0,7.0,6.0,6.0,0.0,0.4,7.0,6.0,1.0,0.4,12.0,8.0,4.0,4.0,0.8,6.0,6.0,8.0,-2.0,0.4,7.0,7.0,0.0,0.0,1,2,1,1,126.50256503312812,0.0,-1.0,0.0,-1.0,0.0,6.0,2.0,-4.0,6.0,0.4,0.0,0.0,0,1,24,24,0.6216216216216216,0.6216216216216216,0.6216216216216216,0.0,0,1,46,33,10,3,3,9,13,6,7,1,1,1,0,0,0,1,0
2025-26,2026-02-01,Man United,Fulham,H,1599.8755022027708,1576.0403190662387,9.0,8.0,9.0,6.0,3.0,0.4,7.0,6.0,1.0,0.4,9.0,9.0,6.0,3.0,0.4,10.0,7.0,5.0,2.0,0.6,7.0,8.0,0.0,0.0,1,1,0,1,23.835183136532123,1.0,2.0,0.0,2.0,0.0,-1.0,2.0,1.0,1.0,-0.19999999999999996,-1.0,0.0,1,0,24,24,0.6216216216216216,0.6216216216216216,0.6216216216216216,0.0,0,1,38,34,7,0,6,7,4,1,7,0,1,1,0,0,0,1,0
2025-26,2026-02-01,Nott'm Forest,Crystal Palace,D,1547.5369895818762,1559.9729907739718,7.0,2.0,5.0,6.0,-1.0,0.4,3.0,8.0,-5.0,0.0,4.0,4.0,6.0,-2.0,0.2,6.0,5.0,9.0,-4.0,0.4,7.0,7.0,0.0,0.0,1,1,1,1,-12.436001192095546,5.0,2.0,-2.0,4.0,0.4,-2.0,-1.0,-3.0,2.0,-0.2,0.0,0.0,0,0,24,24,0.6216216216216216,0.6216216216216216,0.6216216216216216,0.0,0,1,25,28,-11,-4,17,15,-3,-2,-7,0,0,0,0,0,0,0,0
2025-26,2026-02-01,Tottenham,Man City,D,1506.6029627668954,1738.4776575802023,3.0,6.0,6.0,8.0,-2.0,0.0,4.0,4.0,0.0,0.2,4.0,6.0,7.0,-1.0,0.2,10.0,10.0,7.0,3.0,0.6,8.0,8.0,0.0,0.0,0,1,0,1,-231.87469481330686,-3.0,2.0,4.0,-2.0,-0.2,-6.0,-4.0,0.0,-4.0,-0.39999999999999997,0.0,0.0,0,0,24,24,0.6216216216216216,0.6216216216216216,0.6216216216216216,0.0,0,1,28,46,2,26,14,2,-18,-12,-24,0,0,0,0,1,1,1,0
2025-26,2026-02-02,Sunderland,Burnley,H,1480.2146016733298,1401.120127260298,5.0,3.0,4.0,8.0,-4.0,0.2,6.0,10.0,-4.0,0.0,11.0,7.0,4.0,3.0,0.6,2.0,4.0,9.0,-5.0,0.0,9.0,9.0,0.0,0.0,0,1,0,1,79.09447441303178,2.0,-2.0,-2.0,0.0,0.2,9.0,3.0,-5.0,8.0,0.6,0.0,0.0,0,0,24,24,0.6216216216216216,0.6216216216216216,0.6216216216216216,0.0,0,1,33,15,-2,-19,11,19,18,8,17,0,0,0,0,0,0,0,1
2025-26,2026-02-06,Leeds,Nott'm Forest,H,1485.7094516978245,1546.4600039848337,5.0,8.0,6.0,10.0,-4.0,0.2,6.0,5.0,1.0,0.4,8.0,9.0,9.0,0.0,0.4,6.0,5.0,8.0,-3.0,0.4,6.0,5.0,0.0,0.0,1,2,1,2,-60.750552287009214,-3.0,0.0,5.0,-5.0,-0.2,2.0,4.0,1.0,3.0,0.0,1.0,0.0,0,0,25,25,0.6486486486486487,0.6486486486486487,0.6486486486486487,0.0,0,1,26,26,-11,-11,16,17,0,1,0,0,0,0,0,0,0,0,0
2025-26,2026-02-07,Arsenal,Sunderland,H,1763.337732875071,1486.6610140290886,8.0,7.0,9.0,5.0,4.0,0.4,7.0,8.0,-1.0,0.4,10.0,10.0,6.0,4.0,0.6,2.0,2.0,10.0,-8.0,0.0,7.0,5.0,0.0,0.0,1,2,1,2,276.67671884598235,1.0,2.0,-3.0,5.0,0.0,8.0,8.0,-4.0,12.0,0.6,2.0,0.0,0,0,25,25,0.6486486486486487,0.6486486486486487,0.6486486486486487,0.0,0,1,53,36,29,1,1,8,17,7,28,1,1,1,0,0,0,1,0
2025-26,2026-02-07,Bournemouth,Aston Villa,D,1577.4068150942996,1681.5554882975348,10.0,7.0,11.0,8.0,3.0,0.6,5.0,3.0,2.0,0.4,8.0,9.0,8.0,1.0,0.4,10.0,8.0,7.0,1.0,0.6,7.0,6.0,0.0,0.0,1,2,1,2,-104.14867320323515,3.0,6.0,5.0,1.0,0.19999999999999996,-2.0,1.0,1.0,0.0,-0.19999999999999996,1.0,0.0,0,0,25,25,0.6486486486486487,0.6486486486486487,0.6486486486486487,0.0,0,1,33,46,-3,9,12,3,-13,-9,-12,0,0,0,0,1,1,1,0
2025-26,2026-02-07,Burnley,West Ham,A,1394.673714904539,1478.225755173104,3.0,6.0,5.0,10.0,-5.0,0.0,8.0,10.0,-2.0,0.4,3.0,7.0,10.0,-3.0,0.0,4.0,5.0,11.0,-6.0,0.2,5.0,7.0,0.0,0.0,1,2,1,2,-83.55204026856495,-3.0,-3.0,0.0,-3.0,-0.4,-1.0,2.0,-1.0,3.0,-0.2,-2.0,0.0,0,0,25,25,0.6486486486486487,0.6486486486486487,0.6486486486486487,0.0,0,1,15,20,-22,-19,19,18,-5,-1,-3,0,0,0,1,0,0,0,1
2025-26,2026-02-07,Fulham,Everton,A,1568.1340416997602,1576.8795546955732,7.0,6.0,8.0,8.0,0.0,0.4,6.0,7.0,-1.0,0.2,10.0,8.0,6.0,2.0,0.6,8.0,4.0,3.0,1.0,0.4,6.0,7.0,0.0,0.0,1,2,1,2,-8.745512995812987,1.0,2.0,1.0,1.0,0.2,2.0,4.0,3.0,1.0,0.19999999999999996,-1.0,0.0,0,0,25,25,0.6486486486486487,0.6486486486486487,0.6486486486486487,0.0,0,1,34,34,-1,-1,9,10,0,1,0,0,0,1,0,0,0,1,0
2025-26,2026-02-07,Man United,Tottenham,H,1607.7817795692492,1511.406757333475,11.0,3.0,11.0,7.0,4.0,0.6,8.0,10.0,-2.0,0.0,11.0,11.0,7.0,4.0,0.6,5.0,5.0,8.0,-3.0,0.2,6.0,6.0,0.0,0.0,1,2,1,2,96.37502223577417,8.0,3.0,-3.0,6.0,0.6,6.0,6.0,-1.0,7.0,0.39999999999999997,0.0,0.0,0,0,25,25,0.6486486486486487,0.6486486486486487,0.6486486486486487,0.0,0,1,41,29,8,2,4,14,12,10,6,1,1,1,0,0,0,0,0
2025-26,2026-02-07,Newcastle,Brentford,A,1602.7824772177682,1584.4208695044367,7.0,9.0,7.0,9.0,-2.0,0.4,8.0,6.0,2.0,0.6,10.0,10.0,8.0,2.0,0.6,9.0,7.0,6.0,1.0,0.6,7.0,6.0,0.0,0.0,1,2,1,2,18.361607713331523,-2.0,-1.0,3.0,-4.0,-0.19999999999999996,1.0,3.0,2.0,1.0,0.0,1.0,0.0,0,0,25,25,0.6486486486486487,0.6486486486486487,0.6486486486486487,0.0,0,1,33,36,0,4,11,7,-3,-4,-4,0,0,0,0,0,0,1,0
2025-26,2026-02-07,Wolves,Chelsea,A,1420.7085528184712,1655.7806230153553,5.0,10.0,4.0,5.0,-1.0,0.2,10.0,6.0,4.0,0.6,4.0,4.0,8.0,-4.0,0.2,6.0,7.0,6.0,1.0,0.2,7.0,7.0,0.0,0.0,1,2,1,2,-235.07207019688417,-5.0,-6.0,-1.0,-5.0,-0.39999999999999997,-2.0,-3.0,2.0,-5.0,0.0,0.0,0.0,0,0,25,25,0.6486486486486487,0.6486486486486487,0.6486486486486487,0.0,0,1,8,40,-30,15,20,5,-32,-15,-45,0,0,0,1,0,1,1,0
2025-26,2026-02-08,Brighton,Crystal Palace,A,1591.5254862000008,1561.0499763710143,6.0,2.0,6.0,5.0,1.0,0.2,3.0,8.0,-5.0,0.0,7.0,5.0,3.0,2.0,0.2,4.0,5.0,10.0,-5.0,0.2,8.0,7.0,0.0,0.0,0,1,1,2,30.47550982898656,4.0,3.0,-3.0,6.0,0.2,3.0,0.0,-7.0,7.0,0.0,1.0,0.0,-1,-1,25,25,0.6486486486486487,0.6486486486486487,0.6486486486486487,0.0,0,1,31,29,2,-4,13,15,2,2,6,0,0,0,0,0,0,0,0
2025-26,2026-02-08,Liverpool,Man City,A,1697.6031469153404,1733.6738630136226,6.0,6.0,9.0,7.0,2.0,0.2,6.0,6.0,0.0,0.2,11.0,9.0,3.0,6.0,0.6,8.0,7.0,5.0,2.0,0.4,8.0,7.0,0.0,0.0,0,1,1,1,-36.07071609828222,0.0,3.0,1.0,2.0,0.0,3.0,2.0,-2.0,4.0,0.19999999999999996,1.0,0.0,-1,0,25,25,0.6486486486486487,0.6486486486486487,0.6486486486486487,0.0,0,1,39,47,6,26,6,2,-8,-4,-20,0,1,1,0,1,1,1,0
2025-26,2026-02-10,Chelsea,Leeds,D,1660.906350902626,1496.0187787510808,12.0,7.0,12.0,6.0,6.0,0.8,8.0,10.0,-2.0,0.4,10.0,10.0,6.0,4.0,0.6,4.0,6.0,7.0,-1.0,0.0,3.0,4.0,1.0,0.0,1,2,1,2,164.8875721515451,5.0,4.0,-4.0,8.0,0.4,6.0,4.0,-1.0,5.0,0.6,-1.0,1.0,0,0,26,26,0.6756756756756757,0.6756756756756757,0.6756756756756757,0.0,0,1,43,29,17,-9,5,16,14,11,26,0,1,1,0,0,0,0,0
2025-26,2026-02-10,Everton,Bournemouth,A,1588.0614051212435,1578.9528417652805,9.0,11.0,6.0,4.0,2.0,0.4,10.0,6.0,4.0,0.6,5.0,7.0,7.0,0.0,0.2,6.0,10.0,11.0,-1.0,0.2,3.0,3.0,1.0,1.0,1,2,1,2,9.108563355963042,-2.0,-4.0,-2.0,-2.0,-0.19999999999999996,-1.0,-3.0,-4.0,1.0,0.0,0.0,0.0,0,0,26,26,0.6756756756756757,0.6756756756756757,0.6756756756756757,0.0,0,1,37,34,0,-3,8,11,3,3,3,0,0,1,0,0,0,0,0
2025-26,2026-02-10,Tottenham,Newcastle,A,1505.3870177326187,1590.8398765862132,2.0,4.0,7.0,11.0,-4.0,0.0,7.0,12.0,-5.0,0.2,5.0,7.0,7.0,0.0,0.2,4.0,4.0,7.0,-3.0,0.2,3.0,3.0,1.0,1.0,1,2,1,2,-85.45285885359453,-2.0,0.0,-1.0,1.0,-0.2,1.0,3.0,0.0,3.0,0.0,0.0,0.0,0,0,26,26,0.6756756756756757,0.6756756756756757,0.6756756756756757,0.0,0,1,29,33,0,-1,15,12,-4,-3,1,0,0,0,0,0,0,0,0
2025-26,2026-02-10,West Ham,Man United,D,1487.263040683226,1613.8015191701056,9.0,13.0,10.0,7.0,3.0,0.6,12.0,6.0,6.0,0.8,4.0,8.0,9.0,-1.0,0.2,8.0,11.0,8.0,3.0,0.4,3.0,3.0,1.0,1.0,1,2,1,2,-126.53847848687951,-4.0,-2.0,1.0,-3.0,-0.20000000000000007,-4.0,-3.0,1.0,-4.0,-0.2,0.0,0.0,0,0,26,26,0.6756756756756757,0.6756756756756757,0.6756756756756757,0.0,0,1,23,44,-17,10,18,4,-21,-14,-27,0,0,0,1,1,1,1,0
2025-26,2026-02-11,Aston Villa,Brighton,H,1680.009461626554,1579.249768286065,5.0,3.0,3.0,3.0,0.0,0.2,4.0,6.0,-2.0,0.0,9.0,7.0,5.0,2.0,0.6,2.0,5.0,9.0,-4.0,0.0,4.0,3.0,0.0,1.0,1,2,1,2,100.75969334048887,2.0,-1.0,-3.0,2.0,0.2,7.0,2.0,-4.0,6.0,0.6,1.0,-1.0,0,0,26,26,0.6756756756756757,0.6756756756756757,0.6756756756756757,0.0,0,1,47,31,9,1,3,14,16,11,8,1,1,1,0,0,0,0,0
2025-26,2026-02-11,Crystal Palace,Burnley,A,1573.32569428495,1385.636429394417,5.0,3.0,4.0,6.0,-2.0,0.2,5.0,10.0,-5.0,0.0,2.0,2.0,8.0,-6.0,0.0,2.0,3.0,9.0,-6.0,0.0,3.0,4.0,1.0,0.0,1,2,1,2,187.68926489053297,2.0,-1.0,-4.0,3.0,0.2,0.0,-1.0,-1.0,0.0,0.0,-1.0,1.0,0,0,26,26,0.6756756756756757,0.6756756756756757,0.6756756756756757,0.0,0,1,32,15,-3,-24,13,19,17,6,21,0,0,0,0,0,0,0,1
2025-26,2026-02-11,Man City,Fulham,H,1744.0745653660617,1556.95219127409,8.0,6.0,7.0,6.0,1.0,0.4,7.0,8.0,-1.0,0.4,11.0,10.0,2.0,8.0,0.6,7.0,7.0,7.0,0.0,0.4,3.0,4.0,1.0,0.0,1,2,1,2,187.12237409197178,2.0,0.0,-2.0,2.0,0.0,4.0,3.0,-5.0,8.0,0.19999999999999996,-1.0,1.0,0,0,26,26,0.6756756756756757,0.6756756756756757,0.6756756756756757,0.0,0,1,50,34,27,-2,2,12,16,10,29,1,1,1,0,0,0,0,0
2025-26,2026-02-11,Nott'm Forest,Wolves,D,1536.1506769315774,1415.5828249312005,8.0,2.0,6.0,5.0,1.0,0.4,2.0,8.0,-6.0,0.0,5.0,5.0,5.0,0.0,0.2,2.0,4.0,8.0,-4.0,0.0,5.0,4.0,0.0,0.0,1,2,1,2,120.56785200037689,6.0,4.0,-3.0,7.0,0.4,3.0,1.0,-3.0,4.0,0.2,1.0,0.0,0,0,26,26,0.6756756756756757,0.6756756756756757,0.6756756756756757,0.0,0,1,26,8,-13,-32,17,20,18,3,19,0,0,0,0,0,0,0,1
2025-26,2026-02-11,Sunderland,Liverpool,A,1484.0143903817338,1687.2024445629013,6.0,5.0,6.0,10.0,-4.0,0.4,8.0,7.0,1.0,0.2,11.0,7.0,2.0,5.0,0.6,6.0,9.0,9.0,0.0,0.2,4.0,3.0,0.0,1.0,1,2,1,2,-203.18805418116744,1.0,-2.0,3.0,-5.0,0.2,5.0,-2.0,-7.0,5.0,0.39999999999999997,1.0,-1.0,0,0,26,26,0.6756756756756757,0.6756756756756757,0.6756756756756757,0.0,0,1,36,39,-2,5,11,6,-3,-5,-7,0,0,0,0,0,1,1,0
2025-26,2026-02-12,Brentford,Arsenal,D,1596.3634701359917,1765.9843565224257,9.0,8.0,7.0,6.0,1.0,0.6,9.0,3.0,6.0,0.4,8.0,8.0,4.0,4.0,0.4,10.0,9.0,4.0,5.0,0.6,5.0,5.0,0.0,0.0,1,2,1,2,-169.620886386434,1.0,-2.0,3.0,-5.0,0.19999999999999996,-2.0,-1.0,0.0,-1.0,-0.19999999999999996,0.0,0.0,0,0,26,26,0.6756756756756757,0.6756756756756757,0.6756756756756757,0.0,0,1,39,56,5,32,7,1,-17,-6,-27,0,0,1,0,1,1,1,0
2025-26,2026-02-18,Wolves,Arsenal,D,1420.132397104572,1762.6712785548164,2.0,8.0,1.0,7.0,-6.0,0.0,10.0,4.0,6.0,0.4,4.0,4.0,7.0,-3.0,0.2,11.0,9.0,3.0,6.0,0.6,7.0,6.0,0.0,0.0,1,2,1,2,-342.5388814502444,-6.0,-9.0,3.0,-12.0,-0.4,-7.0,-5.0,4.0,-9.0,-0.39999999999999997,1.0,0.0,0,0,27,27,0.7027027027027027,0.7027027027027027,0.7027027027027027,0.0,0,1,9,57,-32,32,20,1,-48,-19,-64,0,0,0,1,1,1,1,0
2025-26,2026-02-21,Aston Villa,Leeds,D,1685.923530014105,1501.5195796872247,7.0,8.0,4.0,3.0,1.0,0.4,7.0,8.0,-1.0,0.4,9.0,6.0,4.0,2.0,0.6,4.0,7.0,8.0,-1.0,0.0,10.0,11.0,0.0,0.0,0,2,0,1,184.40395032688025,-1.0,-3.0,-5.0,2.0,0.0,5.0,-1.0,-4.0,3.0,0.6,-1.0,0.0,0,1,27,27,0.7027027027027027,0.7027027027027027,0.7027027027027027,0.0,0,1,50,30,10,-9,3,15,20,12,19,1,1,1,0,0,0,0,0
2025-26,2026-02-21,Brentford,Brighton,A,1599.6765481036011,1573.3356998985141,7.0,2.0,5.0,7.0,-2.0,0.4,3.0,6.0,-3.0,0.0,8.0,8.0,4.0,4.0,0.4,2.0,5.0,8.0,-3.0,0.0,9.0,10.0,0.0,0.0,0,2,0,2,26.340848205087013,5.0,2.0,1.0,1.0,0.4,6.0,3.0,-4.0,7.0,0.4,-1.0,0.0,0,0,27,27,0.7027027027027027,0.7027027027027027,0.7027027027027027,0.0,0,1,40,31,5,0,7,14,9,7,5,0,0,1,0,0,0,0,0
2025-26,2026-02-21,Chelsea,Burnley,D,1655.405549966482,1401.5783727901753,13.0,5.0,13.0,6.0,7.0,0.8,6.0,10.0,-4.0,0.2,8.0,10.0,8.0,2.0,0.4,5.0,5.0,9.0,-4.0,0.2,11.0,10.0,0.0,0.0,0,2,0,2,253.8271771763068,8.0,7.0,-4.0,11.0,0.6000000000000001,3.0,5.0,-1.0,6.0,0.2,1.0,0.0,0,0,27,27,0.7027027027027027,0.7027027027027027,0.7027027027027027,0.0,0,1,44,18,17,-23,5,19,26,14,40,0,1,1,0,0,0,0,1
2025-26,2026-02-21,Man City,Newcastle,H,1748.1431878423111,1599.8229882758765,10.0,4.0,9.0,5.0,4.0,0.6,5.0,10.0,-5.0,0.2,11.0,10.0,2.0,8.0,0.6,7.0,6.0,7.0,-1.0,0.4,10.0,11.0,0.0,0.0,0,2,0,2,148.32019956643467,6.0,4.0,-5.0,9.0,0.39999999999999997,4.0,4.0,-5.0,9.0,0.19999999999999996,-1.0,0.0,0,0,27,27,0.7027027027027027,0.7027027027027027,0.7027027027027027,0.0,0,1,53,36,30,0,2,10,17,8,30,1,1,1,0,0,0,1,0
2025-26,2026-02-21,West Ham,Bournemouth,D,1489.4310371060633,1590.6378970826624,10.0,11.0,10.0,6.0,4.0,0.6,9.0,5.0,4.0,0.6,5.0,7.0,7.0,0.0,0.2,8.0,8.0,8.0,0.0,0.4,11.0,11.0,0.0,0.0,0,2,0,2,-101.20685997659916,-1.0,1.0,1.0,0.0,0.0,-3.0,-1.0,-1.0,0.0,-0.2,0.0,0.0,0,0,27,27,0.7027027027027027,0.7027027027027027,0.7027027027027027,0.0,0,1,24,37,-17,-2,18,9,-13,-9,-15,0,0,0,1,0,0,1,0
2025-26,2026-02-22,Crystal Palace,Wolves,H,1557.3837508891918,1427.0010379154298,4.0,2.0,6.0,9.0,-3.0,0.2,3.0,9.0,-6.0,0.0,2.0,4.0,8.0,-4.0,0.0,3.0,3.0,6.0,-3.0,0.0,11.0,4.0,0.0,0.0,0,2,1,2,130.38271297376195,2.0,3.0,0.0,3.0,0.2,-1.0,1.0,2.0,-1.0,0.0,7.0,0.0,-1,0,28,27,0.7027027027027027,0.7297297297297297,0.7162162162162162,-0.027027027027026973,-1,1,32,10,-4,-32,14,20,22,6,28,0,0,0,0,0,0,0,1
2025-26,2026-02-22,Nott'm Forest,Liverpool,A,1531.601104758206,1693.058454519905,6.0,7.0,4.0,4.0,0.0,0.2,9.0,7.0,2.0,0.4,3.0,2.0,5.0,-3.0,0.0,8.0,7.0,6.0,1.0,0.4,11.0,11.0,0.0,0.0,0,1,0,2,-161.45734976169888,-1.0,-5.0,-3.0,-2.0,-0.2,-5.0,-5.0,-1.0,-4.0,-0.4,0.0,0.0,0,-1,27,27,0.7027027027027027,0.7027027027027027,0.7027027027027027,0.0,0,1,27,42,-13,6,17,6,-15,-11,-19,0,0,0,0,0,1,1,0
2025-26,2026-02-22,Sunderland,Fulham,A,1478.1583804247302,1552.8835687978406,6.0,3.0,6.0,8.0,-2.0,0.4,5.0,10.0,-5.0,0.2,8.0,6.0,3.0,3.0,0.4,4.0,4.0,8.0,-4.0,0.2,11.0,11.0,0.0,0.0,0,1,0,1,-74.72518837311031,3.0,1.0,-2.0,3.0,0.2,4.0,2.0,-5.0,7.0,0.2,0.0,0.0,0,0,27,27,0.7027027027027027,0.7027027027027027,0.7027027027027027,0.0,0,1,36,34,-3,-5,11,13,2,2,2,0,0,0,0,0,0,0,0
2025-26,2026-02-22,Tottenham,Arsenal,A,1496.4039060429554,1755.8026377439585,2.0,8.0,6.0,10.0,-4.0,0.0,12.0,6.0,6.0,0.4,2.0,6.0,9.0,-3.0,0.0,9.0,10.0,5.0,5.0,0.4,12.0,4.0,0.0,0.0,0,1,1,2,-259.39873170100304,-6.0,-6.0,4.0,-10.0,-0.4,-7.0,-4.0,4.0,-8.0,-0.4,8.0,0.0,-1,-1,28,27,0.7027027027027027,0.7297297297297297,0.7162162162162162,-0.027027027027026973,-1,1,29,58,-1,32,16,1,-29,-15,-33,0,0,0,0,1,1,1,0
2025-26,2026-02-23,Everton,Man United,A,1576.3763498038616,1611.6335227472684,8.0,13.0,6.0,5.0,1.0,0.4,11.0,5.0,6.0,0.8,2.0,5.0,9.0,-4.0,0.0,6.0,8.0,8.0,0.0,0.2,13.0,13.0,0.0,0.0,0,1,0,1,-35.257172943406886,-5.0,-5.0,0.0,-5.0,-0.4,-4.0,-3.0,1.0,-4.0,-0.2,0.0,0.0,0,0,27,27,0.7027027027027027,0.7027027027027027,0.7027027027027027,0.0,0,1,37,45,-1,10,9,5,-8,-4,-11,0,0,1,0,0,1,1,0
2025-26,2026-02-27,Wolves,Aston Villa,H,1421.7717313574822,1680.0431037435726,2.0,8.0,3.0,8.0,-5.0,0.0,5.0,3.0,2.0,0.4,5.0,6.0,7.0,-1.0,0.2,8.0,6.0,6.0,0.0,0.4,5.0,6.0,0.0,0.0,1,2,1,1,-258.27137238609043,-6.0,-2.0,5.0,-7.0,-0.4,-3.0,0.0,1.0,-1.0,-0.2,-1.0,0.0,0,1,28,29,0.7567567567567568,0.7297297297297297,0.7432432432432432,0.027027027027027084,1,1,10,51,-33,10,20,3,-41,-17,-43,0,0,0,1,1,1,1,0
2025-26,2026-02-28,Bournemouth,Sunderland,D,1589.1746251220766,1468.868829616383,11.0,3.0,8.0,4.0,4.0,0.6,5.0,10.0,-5.0,0.2,8.0,10.0,9.0,1.0,0.4,2.0,2.0,10.0,-8.0,0.0,7.0,6.0,0.0,0.0,1,1,1,1,120.3057955056936,8.0,3.0,-6.0,9.0,0.39999999999999997,6.0,8.0,-1.0,9.0,0.4,1.0,0.0,0,0,28,28,0.7297297297297297,0.7297297297297297,0.7297297297297297,0.0,0,1,38,36,-2,-5,8,12,2,4,3,0,0,1,0,0,0,0,0
2025-26,2026-02-28,Burnley,Brentford,A,1408.6148291774875,1587.5139732456057,5.0,7.0,6.0,10.0,-4.0,0.2,5.0,7.0,-2.0,0.4,3.0,5.0,9.0,-4.0,0.0,12.0,10.0,6.0,4.0,0.8,7.0,7.0,0.0,0.0,1,1,1,1,-178.89914406811818,-2.0,1.0,3.0,-2.0,-0.2,-9.0,-5.0,3.0,-8.0,-0.8,0.0,0.0,0,0,28,28,0.7297297297297297,0.7297297297297297,0.7297297297297297,0.0,0,1,19,40,-23,3,19,7,-21,-12,-26,0,0,0,1,0,0,1,0
2025-26,2026-02-28,Leeds,Man City,A,1507.400005957757,1752.9836384545856,6.0,13.0,7.0,9.0,-2.0,0.2,11.0,4.0,7.0,0.8,10.0,9.0,7.0,2.0,0.6,8.0,6.0,6.0,0.0,0.4,7.0,7.0,0.0,0.0,1,1,1,1,-245.5836324968286,-7.0,-4.0,5.0,-9.0,-0.6000000000000001,2.0,3.0,1.0,2.0,0.19999999999999996,0.0,0.0,0,0,28,28,0.7297297297297297,0.7297297297297297,0.7297297297297297,0.0,0,1,31,56,-9,31,15,2,-25,-13,-40,0,0,0,0,1,1,1,0
2025-26,2026-02-28,Liverpool,West Ham,H,1699.9561530939945,1490.8943090666492,9.0,8.0,9.0,6.0,3.0,0.6,8.0,5.0,3.0,0.4,8.0,8.0,5.0,3.0,0.4,6.0,6.0,10.0,-4.0,0.4,6.0,7.0,0.0,0.0,1,1,1,1,209.0618440273454,1.0,1.0,1.0,0.0,0.19999999999999996,2.0,2.0,-5.0,7.0,0.0,-1.0,0.0,0,0,28,28,0.7297297297297297,0.7297297297297297,0.7297297297297297,0.0,0,1,45,25,7,-17,6,18,20,12,24,0,1,1,0,0,0,0,1
2025-26,2026-02-28,Newcastle,Everton,A,1594.982537663602,1565.9522716298993,3.0,5.0,6.0,12.0,-6.0,0.2,5.0,6.0,-1.0,0.2,7.0,10.0,10.0,0.0,0.4,11.0,6.0,2.0,4.0,0.6,7.0,5.0,0.0,0.0,1,1,1,1,29.030266033702674,-2.0,1.0,6.0,-5.0,0.0,-4.0,4.0,8.0,-4.0,-0.19999999999999996,2.0,0.0,0,0,28,28,0.7297297297297297,0.7297297297297297,0.7297297297297297,0.0,0,1,36,37,-1,-2,11,9,-1,-2,1,0,0,0,0,0,0,1,0
2025-26,2026-03-01,Arsenal,Chelsea,H,1760.412971546598,1648.3690935791699,11.0,11.0,14.0,4.0,10.0,0.6,12.0,7.0,5.0,0.6,10.0,11.0,5.0,6.0,0.6,8.0,10.0,7.0,3.0,0.4,7.0,8.0,0.0,0.0,1,2,0,1,112.04387796742822,0.0,2.0,-3.0,5.0,0.0,2.0,1.0,-2.0,3.0,0.19999999999999996,-1.0,0.0,1,1,28,29,0.7567567567567568,0.7297297297297297,0.7432432432432432,0.027027027027027084,1,1,61,45,35,17,1,6,16,5,18,1,1,1,0,0,1,1,0
2025-26,2026-03-01,Brighton,Nott'm Forest,H,1585.4982747565095,1524.7034061841164,4.0,5.0,4.0,5.0,-1.0,0.2,4.0,5.0,-1.0,0.2,6.0,4.0,3.0,1.0,0.2,6.0,6.0,8.0,-2.0,0.4,8.0,7.0,0.0,0.0,0,1,1,1,60.79486857239317,-1.0,0.0,0.0,0.0,0.0,0.0,-2.0,-5.0,3.0,-0.2,1.0,0.0,-1,0,28,28,0.7297297297297297,0.7297297297297297,0.7297297297297297,0.0,0,1,34,27,2,-14,14,17,7,3,16,0,0,0,0,0,0,0,0
2025-26,2026-03-01,Fulham,Tottenham,H,1562.1731196061878,1491.7935722403158,6.0,2.0,8.0,10.0,-2.0,0.4,6.0,12.0,-6.0,0.0,10.0,8.0,6.0,2.0,0.6,5.0,5.0,7.0,-2.0,0.2,7.0,7.0,0.0,0.0,1,1,1,1,70.37954736587199,4.0,2.0,-2.0,4.0,0.4,5.0,3.0,-1.0,4.0,0.39999999999999997,0.0,0.0,0,0,28,28,0.7297297297297297,0.7297297297297297,0.7297297297297297,0.0,0,1,37,29,-3,-4,10,16,8,6,1,0,0,1,0,0,0,0,0
2025-26,2026-03-01,Man United,Crystal Palace,H,1622.0576009212307,1562.6130574471395,13.0,7.0,10.0,5.0,5.0,0.8,6.0,7.0,-1.0,0.4,13.0,9.0,3.0,6.0,0.8,4.0,4.0,9.0,-5.0,0.2,6.0,7.0,0.0,0.0,1,1,1,1,59.44454347409123,6.0,4.0,-2.0,6.0,0.4,9.0,5.0,-6.0,11.0,0.6000000000000001,-1.0,0.0,0,0,28,28,0.7297297297297297,0.7297297297297297,0.7297297297297297,0.0,0,1,48,35,11,-3,4,13,13,9,14,1,1,1,0,0,0,0,0
2025-26,2026-03-03,Bournemouth,Brentford,D,1584.6310363815269,1593.9652986888548,9.0,10.0,6.0,3.0,3.0,0.4,9.0,8.0,1.0,0.6,8.0,10.0,9.0,1.0,0.4,12.0,12.0,9.0,3.0,0.8,3.0,3.0,1.0,1.0,1,2,1,2,-9.33426230732789,-1.0,-3.0,-5.0,2.0,-0.19999999999999996,-4.0,-2.0,0.0,-2.0,-0.4,0.0,0.0,0,0,29,29,0.7567567567567568,0.7567567567567568,0.7567567567567568,0.0,0,1,39,43,-2,4,10,7,-4,-3,-6,0,0,1,0,0,0,1,0
2025-26,2026-03-03,Everton,Burnley,H,1578.1885092251835,1402.1635037342385,7.0,4.0,7.0,7.0,0.0,0.4,7.0,12.0,-5.0,0.2,2.0,5.0,9.0,-4.0,0.0,5.0,5.0,9.0,-4.0,0.2,3.0,3.0,1.0,1.0,1,2,1,2,176.02500549094498,3.0,0.0,-5.0,5.0,0.2,-3.0,0.0,0.0,0.0,-0.2,0.0,0.0,0,0,29,29,0.7567567567567568,0.7567567567567568,0.7567567567567568,0.0,0,1,40,19,-1,-24,8,19,21,11,23,0,0,1,0,0,0,0,1
2025-26,2026-03-03,Leeds,Sunderland,A,1502.5015238992587,1473.4124183569327,5.0,4.0,6.0,9.0,-3.0,0.2,5.0,8.0,-3.0,0.2,7.0,5.0,7.0,-2.0,0.4,2.0,3.0,11.0,-8.0,0.0,3.0,3.0,1.0,1.0,1,2,1,2,29.089105542326024,1.0,1.0,1.0,0.0,0.0,5.0,2.0,-4.0,6.0,0.4,0.0,0.0,0,0,29,29,0.7567567567567568,0.7567567567567568,0.7567567567567568,0.0,0,1,31,37,-10,-5,15,12,-6,-3,-5,0,0,0,0,0,0,0,0
2025-26,2026-03-03,Wolves,Liverpool,H,1437.1383349541577,1703.6307472252545,5.0,12.0,5.0,6.0,-1.0,0.2,12.0,5.0,7.0,0.8,5.0,5.0,7.0,-2.0,0.2,8.0,6.0,5.0,1.0,0.4,4.0,3.0,0.0,1.0,1,3,1,2,-266.4924122710968,-7.0,-7.0,1.0,-8.0,-0.6000000000000001,-3.0,-1.0,2.0,-3.0,-0.2,1.0,-1.0,0,1,29,30,0.7837837837837838,0.7567567567567568,0.7702702702702703,0.027027027027026973,1,1,13,48,-31,10,20,5,-35,-15,-41,0,0,0,1,0,1,1,0
2025-26,2026-03-04,Aston Villa,Chelsea,A,1664.676500146897,1642.7219517205194,5.0,8.0,3.0,5.0,-2.0,0.2,10.0,8.0,2.0,0.4,7.0,5.0,4.0,1.0,0.4,7.0,9.0,7.0,2.0,0.4,5.0,3.0,0.0,1.0,1,2,1,2,21.95454842637764,-3.0,-7.0,-3.0,-4.0,-0.2,0.0,-4.0,-3.0,-1.0,0.0,2.0,-1.0,0,0,29,29,0.7567567567567568,0.7567567567567568,0.7567567567567568,0.0,0,1,51,45,8,16,4,6,6,2,-8,1,1,1,0,0,1,1,0
2025-26,2026-03-04,Brighton,Arsenal,A,1592.4132161191642,1766.0601134052486,7.0,11.0,5.0,4.0,1.0,0.4,12.0,5.0,7.0,0.6,8.0,6.0,4.0,2.0,0.4,9.0,11.0,4.0,7.0,0.4,3.0,3.0,1.0,1.0,1,2,1,3,-173.64689728608437,-4.0,-7.0,-1.0,-6.0,-0.19999999999999996,-1.0,-5.0,0.0,-5.0,0.0,0.0,0.0,0,-1,30,29,0.7567567567567568,0.7837837837837838,0.7702702702702703,-0.027027027027026973,-1,1,37,64,3,36,12,1,-27,-11,-33,0,0,0,0,1,1,1,0
2025-26,2026-03-04,Fulham,West Ham,A,1568.8406165315673,1487.2197149353892,6.0,5.0,8.0,10.0,-2.0,0.4,7.0,9.0,-2.0,0.2,10.0,9.0,7.0,2.0,0.6,6.0,8.0,12.0,-4.0,0.4,3.0,4.0,1.0,0.0,1,2,1,2,81.6209015961781,1.0,1.0,1.0,0.0,0.2,4.0,1.0,-5.0,6.0,0.19999999999999996,-1.0,1.0,0,0,29,29,0.7567567567567568,0.7567567567567568,0.7567567567567568,0.0,0,1,40,25,-2,-20,10,18,15,8,18,0,0,1,0,0,0,0,1
2025-26,2026-03-04,Man City,Nott'm Forest,D,1757.882120513084,1517.7884648214617,13.0,2.0,10.0,4.0,6.0,0.8,3.0,7.0,-4.0,0.0,11.0,9.0,3.0,6.0,0.6,6.0,7.0,9.0,-2.0,0.4,4.0,3.0,0.0,1.0,1,2,1,2,240.0936556916222,11.0,7.0,-3.0,10.0,0.8,5.0,2.0,-6.0,8.0,0.19999999999999996,1.0,-1.0,0,0,29,29,0.7567567567567568,0.7567567567567568,0.7567567567567568,0.0,0,1,59,27,32,-15,2,17,32,15,47,1,1,1,0,0,0,0,0
2025-26,2026-03-04,Newcastle,Man United,H,1582.7463000683179,1629.007750747043,3.0,13.0,8.0,13.0,-5.0,0.2,9.0,4.0,5.0,0.8,6.0,10.0,11.0,-1.0,0.4,9.0,8.0,6.0,2.0,0.4,4.0,3.0,0.0,1.0,1,2,1,2,-46.26145067872517,-10.0,-1.0,9.0,-10.0,-0.6000000000000001,-3.0,2.0,5.0,-3.0,0.0,1.0,-1.0,0,0,29,29,0.7567567567567568,0.7567567567567568,0.7567567567567568,0.0,0,1,36,51,-2,12,13,3,-15,-10,-14,0,0,0,0,1,1,1,0
2025-26,2026-03-05,Tottenham,Crystal Palace,A,1485.1260753149363,1555.6629076213271,1.0,7.0,5.0,12.0,-7.0,0.0,6.0,6.0,0.0,0.4,2.0,6.0,11.0,-5.0,0.0,4.0,4.0,7.0,-3.0,0.2,4.0,4.0,0.0,0.0,1,2,1,2,-70.5368323063908,-6.0,-1.0,6.0,-7.0,-0.4,-2.0,2.0,4.0,-2.0,-0.2,0.0,0.0,0,0,29,29,0.7567567567567568,0.7567567567567568,0.7567567567567568,0.0,0,1,29,35,-5,-4,16,14,-6,-2,-1,0,0,0,0,0,0,0,0
2025-26,2026-03-14,Arsenal,Everton,H,1772.644275956987,1582.4680929575181,11.0,9.0,10.0,5.0,5.0,0.6,8.0,6.0,2.0,0.6,10.0,11.0,5.0,6.0,0.6,13.0,9.0,4.0,5.0,0.8,10.0,11.0,0.0,0.0,0,2,0,2,190.1761829994689,2.0,2.0,-1.0,3.0,0.0,-3.0,2.0,1.0,1.0,-0.20000000000000007,-1.0,0.0,0,0,30,31,0.8108108108108109,0.7837837837837838,0.7972972972972974,0.027027027027027084,1,1,67,43,37,1,1,8,24,7,36,1,1,1,0,0,0,1,0
2025-26,2026-03-14,Burnley,Bournemouth,D,1397.8839200019038,1583.4658981635139,4.0,7.0,7.0,11.0,-4.0,0.2,4.0,3.0,1.0,0.2,2.0,8.0,13.0,-5.0,0.0,9.0,7.0,4.0,3.0,0.4,11.0,11.0,0.0,0.0,0,2,0,2,-185.5819781616101,-3.0,3.0,8.0,-5.0,0.0,-7.0,1.0,9.0,-8.0,-0.4,0.0,0.0,0,0,30,30,0.7837837837837838,0.7837837837837838,0.7837837837837838,0.0,0,1,19,40,-26,-2,19,9,-21,-10,-24,0,0,0,1,0,0,1,0
2025-26,2026-03-14,Chelsea,Newcastle,A,1654.7638599600702,1592.6387001219493,8.0,6.0,11.0,7.0,4.0,0.4,9.0,10.0,-1.0,0.4,9.0,10.0,7.0,3.0,0.4,7.0,7.0,8.0,-1.0,0.4,10.0,10.0,0.0,0.0,0,2,0,2,62.12515983812091,2.0,2.0,-3.0,5.0,0.0,2.0,3.0,-1.0,4.0,0.0,0.0,0.0,0,0,30,30,0.7837837837837838,0.7837837837837838,0.7837837837837838,0.0,0,1,48,39,19,-1,5,12,9,7,20,0,1,1,0,0,0,0,0
2025-26,2026-03-14,Sunderland,Brighton,A,1485.6502647387608,1585.8290535674257,4.0,6.0,3.0,8.0,-5.0,0.2,4.0,4.0,0.0,0.4,7.0,6.0,5.0,1.0,0.4,5.0,6.0,6.0,0.0,0.2,11.0,10.0,0.0,0.0,0,2,0,2,-100.17878882866489,-2.0,-1.0,4.0,-5.0,-0.2,2.0,0.0,-1.0,1.0,0.2,1.0,0.0,0,0,30,30,0.7837837837837838,0.7837837837837838,0.7837837837837838,0.0,0,1,40,37,-4,2,11,14,3,3,-6,0,0,0,0,0,0,0,0
2025-26,2026-03-14,West Ham,Man City,D,1500.8366715157072,1751.0508352362567,8.0,13.0,6.0,6.0,0.0,0.4,10.0,4.0,6.0,0.8,6.0,7.0,6.0,1.0,0.2,8.0,5.0,5.0,0.0,0.4,10.0,10.0,0.0,0.0,0,2,0,2,-250.21416372054955,-5.0,-4.0,2.0,-6.0,-0.4,-2.0,2.0,1.0,1.0,-0.2,0.0,0.0,0,0,30,30,0.7837837837837838,0.7837837837837838,0.7837837837837838,0.0,0,1,28,60,-19,32,18,2,-32,-16,-51,0,0,0,1,1,1,1,0
2025-26,2026-03-15,Crystal Palace,Leeds,D,1565.0724975358255,1490.2636775174306,9.0,5.0,8.0,6.0,2.0,0.6,6.0,6.0,0.0,0.2,5.0,5.0,7.0,-2.0,0.2,4.0,7.0,8.0,-1.0,0.0,10.0,12.0,0.0,0.0,0,2,0,1,74.80882001839495,4.0,2.0,0.0,2.0,0.39999999999999997,1.0,-2.0,-1.0,-1.0,0.2,-2.0,0.0,0,1,30,30,0.7837837837837838,0.7837837837837838,0.7837837837837838,0.0,0,1,38,31,-2,-11,14,15,7,1,9,0,0,0,0,0,0,0,0
2025-26,2026-03-15,Liverpool,Tottenham,D,1688.0978140009852,1475.716485400438,9.0,0.0,9.0,6.0,3.0,0.6,4.0,13.0,-9.0,0.0,8.0,11.0,6.0,5.0,0.4,2.0,5.0,9.0,-4.0,0.0,12.0,10.0,0.0,0.0,0,1,0,2,212.38132860054725,9.0,5.0,-7.0,12.0,0.6,6.0,6.0,-3.0,9.0,0.4,2.0,0.0,0,-1,30,30,0.7837837837837838,0.7837837837837838,0.7837837837837838,0.0,0,1,48,29,9,-7,6,16,19,10,16,0,1,1,0,0,0,0,0
2025-26,2026-03-15,Man United,Aston Villa,H,1619.1153506934115,1652.6345919073462,10.0,5.0,7.0,4.0,3.0,0.6,4.0,8.0,-4.0,0.2,13.0,10.0,4.0,6.0,0.8,5.0,4.0,7.0,-3.0,0.2,11.0,11.0,0.0,0.0,0,2,0,1,-33.51924121393472,5.0,3.0,-4.0,7.0,0.39999999999999997,8.0,6.0,-3.0,9.0,0.6000000000000001,0.0,0.0,0,1,30,30,0.7837837837837838,0.7837837837837838,0.7837837837837838,0.0,0,1,51,51,11,5,3,4,0,1,6,1,1,1,0,1,1,1,0
2025-26,2026-03-15,Nott'm Forest,Fulham,D,1524.619750098289,1555.2236599512494,2.0,6.0,4.0,8.0,-4.0,0.0,6.0,8.0,-2.0,0.4,3.0,1.0,4.0,-3.0,0.0,4.0,6.0,9.0,-3.0,0.2,11.0,11.0,0.0,0.0,0,2,0,2,-30.60390985296044,-4.0,-2.0,0.0,-2.0,-0.4,-1.0,-5.0,-5.0,0.0,-0.2,0.0,0.0,0,0,30,30,0.7837837837837838,0.7837837837837838,0.7837837837837838,0.0,0,1,28,40,-15,-3,18,12,-12,-6,-12,0,0,0,1,0,0,0,0
2025-26,2026-03-16,Brentford,Wolves,D,1595.1304369068678,1452.671268178427,8.0,8.0,8.0,8.0,0.0,0.4,6.0,4.0,2.0,0.4,5.0,4.0,5.0,-1.0,0.2,3.0,2.0,5.0,-3.0,0.0,13.0,13.0,0.0,0.0,0,1,0,1,142.45916872844077,0.0,2.0,4.0,-2.0,0.0,2.0,2.0,0.0,2.0,0.2,0.0,0.0,0,0,31,30,0.7837837837837838,0.8108108108108109,0.7972972972972974,-0.027027027027027084,-1,1,44,16,4,-30,7,20,28,13,34,0,0,1,0,0,0,0,1
2025-26,2026-03-20,Bournemouth,Man United,D,1579.750258921803,1628.641351789561,7.0,10.0,3.0,2.0,1.0,0.2,8.0,5.0,3.0,0.6,9.0,8.0,6.0,2.0,0.4,8.0,8.0,7.0,1.0,0.4,6.0,5.0,0.0,0.0,1,1,1,1,-48.89109286775806,-3.0,-5.0,-3.0,-2.0,-0.39999999999999997,1.0,0.0,-1.0,1.0,0.0,1.0,0.0,0,0,31,31,0.8108108108108109,0.8108108108108109,0.8108108108108109,0.0,0,1,41,54,-2,13,10,3,-13,-7,-15,0,0,1,0,1,1,1,0
2025-26,2026-03-21,Brighton,Liverpool,H,1594.394750755401,1681.715438967926,9.0,10.0,5.0,3.0,2.0,0.6,9.0,5.0,4.0,0.6,5.0,4.0,5.0,-1.0,0.2,7.0,5.0,5.0,0.0,0.4,7.0,6.0,0.0,0.0,1,1,1,1,-87.32068821252506,-1.0,-4.0,-2.0,-2.0,0.0,-2.0,-1.0,0.0,-1.0,-0.2,1.0,0.0,0,0,31,31,0.8108108108108109,0.8108108108108109,0.8108108108108109,0.0,0,1,40,49,3,9,12,5,-9,-7,-6,0,0,0,0,0,1,1,0
2025-26,2026-03-21,Everton,Chelsea,H,1578.4561464401338,1641.6441976818714,6.0,5.0,6.0,7.0,-1.0,0.4,8.0,7.0,1.0,0.2,5.0,5.0,5.0,0.0,0.2,9.0,12.0,7.0,5.0,0.6,7.0,7.0,0.0,0.0,1,1,1,1,-63.18805124173764,1.0,-2.0,0.0,-2.0,0.2,-4.0,-7.0,-2.0,-5.0,-0.39999999999999997,0.0,0.0,0,0,31,31,0.8108108108108109,0.8108108108108109,0.8108108108108109,0.0,0,1,43,48,-1,18,8,6,-5,-2,-19,0,0,1,0,0,1,1,0
2025-26,2026-03-21,Fulham,Burnley,H,1555.781345063253,1401.5995592436147,7.0,5.0,5.0,6.0,-1.0,0.4,7.0,9.0,-2.0,0.2,9.0,7.0,6.0,1.0,0.6,5.0,5.0,9.0,-4.0,0.2,6.0,7.0,0.0,0.0,1,1,1,1,154.1817858196382,2.0,-2.0,-3.0,1.0,0.2,4.0,2.0,-3.0,5.0,0.39999999999999997,-1.0,0.0,0,0,31,31,0.8108108108108109,0.8108108108108109,0.8108108108108109,0.0,0,1,41,20,-3,-26,11,19,21,8,23,0,0,0,0,0,0,0,1
2025-26,2026-03-21,Leeds,Brentford,D,1493.7090218823892,1590.0957485221613,3.0,6.0,3.0,5.0,-2.0,0.0,7.0,8.0,-1.0,0.2,6.0,4.0,7.0,-3.0,0.4,10.0,8.0,7.0,1.0,0.6,6.0,5.0,0.0,0.0,1,1,1,1,-96.38672663977218,-3.0,-4.0,-3.0,-1.0,-0.2,-4.0,-4.0,0.0,-4.0,-0.19999999999999996,1.0,0.0,0,0,31,31,0.8108108108108109,0.8108108108108109,0.8108108108108109,0.0,0,1,32,45,-11,4,15,7,-13,-8,-15,0,0,0,0,0,0,1,0
2025-26,2026-03-22,Aston Villa,West Ham,H,1643.1085908111968,1506.0361091978752,4.0,6.0,4.0,10.0,-6.0,0.2,5.0,7.0,-2.0,0.2,4.0,3.0,7.0,-4.0,0.2,9.0,9.0,9.0,0.0,0.6,7.0,8.0,0.0,0.0,1,1,0,1,137.07248161332154,-2.0,-1.0,3.0,-4.0,0.0,-5.0,-6.0,-2.0,-4.0,-0.39999999999999997,-1.0,0.0,1,0,31,31,0.8108108108108109,0.8108108108108109,0.8108108108108109,0.0,0,1,51,29,3,-19,4,18,22,14,22,1,1,1,0,0,0,0,1
2025-26,2026-03-22,Newcastle,Sunderland,A,1605.7583624001481,1477.0845675507856,9.0,4.0,8.0,7.0,1.0,0.6,3.0,6.0,-3.0,0.2,6.0,10.0,12.0,-2.0,0.4,4.0,3.0,10.0,-7.0,0.2,8.0,8.0,0.0,0.0,0,1,0,1,128.6737948493626,5.0,5.0,1.0,4.0,0.39999999999999997,2.0,7.0,2.0,5.0,0.2,0.0,0.0,0,0,31,31,0.8108108108108109,0.8108108108108109,0.8108108108108109,0.0,0,1,42,40,0,-5,11,13,2,2,5,0,0,0,0,0,0,0,0
2025-26,2026-03-22,Tottenham,Nott'm Forest,A,1482.098860433497,1524.0620649862853,1.0,3.0,5.0,12.0,-7.0,0.0,3.0,5.0,-2.0,0.0,1.0,6.0,13.0,-7.0,0.0,7.0,8.0,8.0,0.0,0.4,7.0,7.0,0.0,0.0,1,1,1,1,-41.963204552788284,-2.0,2.0,7.0,-5.0,0.0,-6.0,-2.0,5.0,-7.0,-0.4,0.0,0.0,0,0,31,31,0.8108108108108109,0.8108108108108109,0.8108108108108109,0.0,0,1,30,29,-7,-15,16,17,1,1,8,0,0,0,0,0,0,0,0
2025-26,2026-04-10,West Ham,Wolves,H,1500.9541551255938,1457.7059565631334,5.0,8.0,4.0,8.0,-4.0,0.2,8.0,6.0,2.0,0.4,6.0,6.0,5.0,1.0,0.2,3.0,3.0,6.0,-3.0,0.0,19.0,25.0,0.0,0.0,0,0,0,0,43.2481985624604,-3.0,-4.0,2.0,-6.0,-0.2,3.0,3.0,-1.0,4.0,0.2,-6.0,0.0,0,0,32,32,0.8378378378378378,0.8378378378378378,0.8378378378378378,0.0,0,1,29,17,-21,-30,18,20,12,2,9,0,0,0,1,0,0,0,1
2025-26,2026-04-11,Arsenal,Bournemouth,A,1776.6562224743714,1579.7183421172779,13.0,5.0,11.0,4.0,7.0,0.8,3.0,3.0,0.0,0.0,10.0,9.0,4.0,5.0,0.6,9.0,5.0,2.0,3.0,0.4,28.0,22.0,0.0,0.0,0,0,0,0,196.9378803570935,8.0,8.0,1.0,7.0,0.8,1.0,4.0,2.0,2.0,0.19999999999999996,6.0,0.0,0,0,32,32,0.8378378378378378,0.8378378378378378,0.8378378378378378,0.0,0,1,70,42,39,-2,1,13,28,12,41,1,1,1,0,0,0,0,0
2025-26,2026-04-11,Brentford,Everton,D,1588.7685080402416,1588.835546867934,6.0,9.0,6.0,7.0,-1.0,0.2,8.0,5.0,3.0,0.6,5.0,6.0,7.0,-1.0,0.2,10.0,7.0,6.0,1.0,0.6,21.0,21.0,0.0,0.0,0,0,0,0,-0.0670388276923859,-3.0,-2.0,2.0,-4.0,-0.39999999999999997,-5.0,-1.0,1.0,-2.0,-0.39999999999999997,0.0,0.0,0,0,32,32,0.8378378378378378,0.8378378378378378,0.8378378378378378,0.0,0,1,46,46,4,2,7,8,0,1,2,0,0,1,0,0,0,1,0
2025-26,2026-04-11,Burnley,Brighton,A,1396.8818265742657,1605.4648140177478,2.0,12.0,5.0,10.0,-5.0,0.0,7.0,3.0,4.0,0.8,3.0,7.0,10.0,-3.0,0.0,7.0,5.0,4.0,1.0,0.4,21.0,21.0,0.0,0.0,0,0,0,0,-208.58298744348212,-10.0,-2.0,7.0,-9.0,-0.8,-4.0,2.0,6.0,-4.0,-0.4,0.0,0.0,0,0,32,32,0.8378378378378378,0.8378378378378378,0.8378378378378378,0.0,0,1,20,43,-28,4,19,10,-23,-9,-32,0,0,0,1,0,0,1,0
2025-26,2026-04-11,Liverpool,Fulham,H,1670.6453757055792,1560.499077732602,7.0,10.0,9.0,7.0,2.0,0.4,8.0,4.0,4.0,0.6,8.0,12.0,7.0,5.0,0.4,4.0,5.0,8.0,-3.0,0.2,21.0,21.0,0.0,0.0,0,0,0,0,110.14629797297721,-3.0,1.0,3.0,-2.0,-0.19999999999999996,4.0,7.0,-1.0,8.0,0.2,0.0,0.0,0,0,32,32,0.8378378378378378,0.8378378378378378,0.8378378378378378,0.0,0,1,49,44,8,-1,5,9,5,4,9,0,1,1,0,0,0,1,0
2025-26,2026-04-12,Chelsea,Man City,A,1631.2647972540713,1745.8513975540886,4.0,11.0,6.0,8.0,-2.0,0.2,9.0,4.0,5.0,0.6,8.0,8.0,6.0,2.0,0.4,8.0,6.0,6.0,0.0,0.4,22.0,29.0,0.0,0.0,0,0,0,0,-114.58660030001738,-7.0,-3.0,4.0,-7.0,-0.39999999999999997,0.0,2.0,0.0,2.0,0.0,-7.0,0.0,0,0,31,32,0.8378378378378378,0.8108108108108109,0.8243243243243243,0.027027027027026973,1,1,48,61,15,32,6,2,-13,-4,-17,0,1,1,0,1,1,1,0
2025-26,2026-04-12,Crystal Palace,Newcastle,H,1561.627153170867,1591.0257499912118,7.0,6.0,7.0,6.0,1.0,0.4,7.0,8.0,-1.0,0.4,5.0,4.0,6.0,-2.0,0.2,7.0,5.0,7.0,-2.0,0.4,28.0,21.0,0.0,0.0,0,0,0,0,-29.398596820344892,1.0,0.0,-2.0,2.0,0.0,-2.0,-1.0,-1.0,0.0,-0.2,7.0,0.0,0,0,32,31,0.8108108108108109,0.8378378378378378,0.8243243243243243,-0.027027027027026973,-1,1,39,42,-2,-1,14,13,-3,-1,-1,0,0,0,0,0,0,0,0
2025-26,2026-04-12,Nott'm Forest,Aston Villa,D,1534.293341304856,1648.1905448834782,5.0,4.0,6.0,5.0,1.0,0.2,5.0,10.0,-5.0,0.2,4.0,1.0,2.0,-1.0,0.0,5.0,4.0,6.0,-2.0,0.2,21.0,21.0,0.0,0.0,0,0,0,0,-113.89720357862211,1.0,1.0,-5.0,6.0,0.0,-1.0,-3.0,-4.0,1.0,-0.2,0.0,0.0,0,0,32,32,0.8378378378378378,0.8378378378378378,0.8378378378378378,0.0,0,1,32,54,-12,5,16,4,-22,-12,-17,0,0,0,0,1,1,1,0
2025-26,2026-04-12,Sunderland,Tottenham,H,1491.817179959722,1471.8675841149263,7.0,1.0,5.0,6.0,-1.0,0.4,4.0,13.0,-9.0,0.0,6.0,6.0,6.0,0.0,0.4,2.0,6.0,10.0,-4.0,0.0,21.0,21.0,0.0,0.0,0,0,0,0,19.949595844795567,6.0,1.0,-7.0,8.0,0.4,4.0,0.0,-4.0,4.0,0.4,0.0,0.0,0,0,32,32,0.8378378378378378,0.8378378378378378,0.8378378378378378,0.0,0,1,43,30,-4,-10,12,18,13,6,6,0,0,0,0,0,0,0,1
2025-26,2026-04-13,Man United,Leeds,A,1628.673268594086,1495.0362623643089,10.0,3.0,9.0,6.0,3.0,0.6,1.0,3.0,-2.0,0.0,15.0,12.0,4.0,8.0,1.0,4.0,7.0,8.0,-1.0,0.0,24.0,23.0,0.0,0.0,0,0,0,0,133.63700622977717,7.0,8.0,3.0,5.0,0.6,11.0,5.0,-4.0,9.0,1.0,1.0,0.0,0,0,32,32,0.8378378378378378,0.8378378378378378,0.8378378378378378,0.0,0,1,55,33,13,-11,3,15,22,12,24,1,1,1,0,0,0,0,0
2025-26,2026-04-18,Brentford,Fulham,D,1587.341135860429,1554.8075625183124,7.0,7.0,8.0,7.0,1.0,0.2,5.0,5.0,0.0,0.4,3.0,5.0,9.0,-4.0,0.0,4.0,5.0,9.0,-4.0,0.2,7.0,7.0,0.0,0.0,1,1,1,1,32.5335733421166,0.0,3.0,2.0,1.0,-0.2,-1.0,0.0,0.0,0.0,-0.2,0.0,0.0,0,0,33,33,0.8648648648648649,0.8648648648648649,0.8648648648648649,0.0,0,1,47,44,4,-3,7,12,3,5,7,0,0,1,0,0,0,0,0
2025-26,2026-04-18,Chelsea,Man United,A,1623.1026276744196,1613.8305509592649,3.0,7.0,5.0,10.0,-5.0,0.2,9.0,8.0,1.0,0.4,5.0,6.0,9.0,-3.0,0.2,8.0,8.0,7.0,1.0,0.4,6.0,5.0,0.0,0.0,1,1,1,1,9.272076715154753,-4.0,-4.0,2.0,-6.0,-0.2,-3.0,-2.0,2.0,-4.0,-0.2,1.0,0.0,0,0,33,33,0.8648648648648649,0.8648648648648649,0.8648648648648649,0.0,0,1,48,55,12,12,6,3,-7,-3,0,0,1,1,0,1,1,1,0
2025-26,2026-04-18,Leeds,Wolves,H,1509.87897999913,1450.3272164633656,5.0,7.0,2.0,3.0,-1.0,0.2,6.0,8.0,-2.0,0.4,4.0,3.0,7.0,-4.0,0.2,2.0,2.0,9.0,-7.0,0.0,5.0,8.0,0.0,0.0,1,1,0,1,59.551763535764394,-2.0,-4.0,-5.0,1.0,-0.2,2.0,1.0,-2.0,3.0,0.2,-3.0,0.0,1,0,33,33,0.8648648648648649,0.8648648648648649,0.8648648648648649,0.0,0,1,36,17,-10,-34,15,20,19,5,24,0,0,0,0,0,0,0,1
2025-26,2026-04-18,Newcastle,Bournemouth,A,1581.6180120770664,1595.8297759649947,6.0,7.0,7.0,8.0,-1.0,0.4,5.0,4.0,1.0,0.2,3.0,7.0,11.0,-4.0,0.2,11.0,6.0,2.0,4.0,0.6,6.0,7.0,0.0,0.0,1,1,1,1,-14.211763887928328,-1.0,2.0,4.0,-2.0,0.2,-8.0,1.0,9.0,-8.0,-0.39999999999999997,-1.0,0.0,0,0,33,33,0.8648648648648649,0.8648648648648649,0.8648648648648649,0.0,0,1,42,45,-2,-1,14,11,-3,-3,-1,0,0,0,0,0,0,0,0
2025-26,2026-04-18,Tottenham,Brighton,D,1463.8541265926917,1611.1930432841418,1.0,12.0,3.0,10.0,-7.0,0.0,7.0,3.0,4.0,0.8,1.0,5.0,14.0,-9.0,0.0,9.0,6.0,3.0,3.0,0.6,6.0,7.0,0.0,0.0,1,1,1,1,-147.3389166914501,-11.0,-4.0,7.0,-11.0,-0.8,-8.0,-1.0,11.0,-12.0,-0.6,-1.0,0.0,0,0,33,33,0.8648648648648649,0.8648648648648649,0.8648648648648649,0.0,0,1,30,46,-11,6,18,9,-16,-9,-17,0,0,0,1,0,0,1,0
2025-26,2026-04-19,Aston Villa,Sunderland,H,1646.3718936626115,1499.8306374819565,4.0,10.0,5.0,10.0,-5.0,0.2,5.0,3.0,2.0,0.6,7.0,5.0,6.0,-1.0,0.4,7.0,5.0,8.0,-3.0,0.4,7.0,7.0,0.0,0.0,1,1,1,1,146.54125618065495,-6.0,0.0,7.0,-7.0,-0.39999999999999997,0.0,0.0,-2.0,2.0,0.0,0.0,0.0,0,0,33,33,0.8648648648648649,0.8648648648648649,0.8648648648648649,0.0,0,1,55,46,5,-3,4,11,9,7,8,1,1,1,0,0,0,0,0
2025-26,2026-04-19,Everton,Liverpool,A,1590.2629190477467,1676.336890919869,10.0,7.0,10.0,6.0,4.0,0.6,10.0,7.0,3.0,0.4,7.0,7.0,4.0,3.0,0.4,6.0,6.0,7.0,-1.0,0.4,8.0,8.0,0.0,0.0,0,1,0,1,-86.07397187212223,3.0,0.0,-1.0,1.0,0.19999999999999996,1.0,1.0,-3.0,4.0,0.0,0.0,0.0,0,0,33,33,0.8648648648648649,0.8648648648648649,0.8648648648648649,0.0,0,1,47,52,2,10,10,5,-5,-5,-8,0,0,1,0,0,1,1,0
2025-26,2026-04-19,Man City,Arsenal,H,1754.0135671337403,1760.5447886266545,11.0,12.0,9.0,4.0,5.0,0.6,10.0,4.0,6.0,0.8,11.0,10.0,4.0,6.0,0.6,11.0,12.0,4.0,8.0,0.6,7.0,8.0,0.0,0.0,1,1,0,1,-6.531221492914256,-1.0,-1.0,0.0,-1.0,-0.20000000000000007,0.0,-2.0,0.0,-2.0,0.0,-1.0,0.0,1,0,33,32,0.8378378378378378,0.8648648648648649,0.8513513513513513,-0.027027027027027084,-1,1,64,70,35,38,2,1,-6,-1,-3,1,1,1,0,1,1,1,0
2025-26,2026-04-19,Nott'm Forest,Burnley,H,1536.1119925257228,1391.1535973078717,6.0,1.0,7.0,5.0,2.0,0.2,4.0,11.0,-7.0,0.0,4.0,2.0,3.0,-1.0,0.0,4.0,5.0,11.0,-6.0,0.2,7.0,8.0,0.0,0.0,1,1,0,1,144.95839521785115,5.0,3.0,-6.0,9.0,0.2,0.0,-3.0,-8.0,5.0,-0.2,-1.0,0.0,1,0,33,33,0.8648648648648649,0.8648648648648649,0.8648648648648649,0.0,0,1,33,20,-12,-30,16,19,13,3,18,0,0,0,0,0,0,0,1
2025-26,2026-04-20,Crystal Palace,West Ham,D,1571.0348910850123,1508.3328952253617,10.0,7.0,7.0,4.0,3.0,0.6,8.0,8.0,0.0,0.4,7.0,6.0,7.0,-1.0,0.4,6.0,7.0,10.0,-3.0,0.4,8.0,10.0,0.0,0.0,0,1,0,1,62.70199585965065,3.0,-1.0,-4.0,3.0,0.19999999999999996,1.0,-1.0,-3.0,2.0,0.0,-2.0,0.0,0,0,33,32,0.8378378378378378,0.8648648648648649,0.8513513513513513,-0.027027027027027084,-1,1,42,32,-1,-17,13,17,10,4,16,0,0,0,0,0,0,0,0
2025-26,2026-04-21,Brighton,Chelsea,H,1608.4624753999822,1611.4130000581981,10.0,3.0,7.0,4.0,3.0,0.6,4.0,9.0,-5.0,0.2,7.0,5.0,5.0,0.0,0.4,9.0,11.0,8.0,3.0,0.6,3.0,3.0,1.0,1.0,1,2,1,2,-2.9505246582159543,7.0,3.0,-5.0,8.0,0.39999999999999997,-2.0,-6.0,-3.0,-3.0,-0.19999999999999996,0.0,0.0,0,0,34,34,0.8918918918918919,0.8918918918918919,0.8918918918918919,0.0,0,1,47,48,6,11,9,6,-1,-3,-5,0,0,1,0,0,1,1,0
2025-26,2026-04-22,Bournemouth,Leeds,D,1606.8562164508753,1516.8263310978023,9.0,8.0,6.0,4.0,2.0,0.4,5.0,2.0,3.0,0.4,7.0,7.0,6.0,1.0,0.2,7.0,6.0,5.0,1.0,0.2,4.0,4.0,0.0,0.0,1,2,1,2,90.02988535307304,1.0,1.0,2.0,-1.0,0.0,0.0,1.0,1.0,0.0,0.0,0.0,0.0,0,0,34,34,0.8918918918918919,0.8918918918918919,0.8918918918918919,0.0,0,1,48,39,0,-7,9,15,9,6,7,0,0,1,0,0,0,0,0
2025-26,2026-04-22,Burnley,Man City,A,1386.2417907435174,1762.7689226193486,1.0,11.0,2.0,11.0,-9.0,0.0,9.0,4.0,5.0,0.6,2.0,5.0,10.0,-5.0,0.0,11.0,9.0,4.0,5.0,0.6,3.0,3.0,1.0,1.0,1,2,1,2,-376.5271318758312,-10.0,-7.0,7.0,-14.0,-0.6,-9.0,-4.0,6.0,-10.0,-0.6,0.0,0.0,0,0,33,34,0.8918918918918919,0.8648648648648649,0.8783783783783784,0.027027027027026973,1,1,20,67,-33,36,19,2,-47,-17,-69,0,0,0,1,1,1,1,0
2025-26,2026-04-24,Sunderland,Nott'm Forest,A,1494.952516060813,1541.023799090077,9.0,9.0,7.0,6.0,1.0,0.6,10.0,4.0,6.0,0.4,6.0,5.0,5.0,0.0,0.4,7.0,9.0,7.0,2.0,0.4,5.0,5.0,0.0,0.0,1,2,1,2,-46.07128302926412,0.0,-3.0,2.0,-5.0,0.19999999999999996,-1.0,-4.0,-2.0,-2.0,0.0,0.0,0.0,0,0,34,34,0.8918918918918919,0.8918918918918919,0.8918918918918919,0.0,0,1,46,36,-4,-9,11,16,10,5,5,0,0,0,0,0,0,0,0
2025-26,2026-04-25,Arsenal,Newcastle,H,1751.7894331410462,1570.5915715911858,9.0,6.0,7.0,5.0,2.0,0.6,6.0,7.0,-1.0,0.4,9.0,10.0,6.0,4.0,0.6,6.0,6.0,9.0,-3.0,0.4,6.0,7.0,0.0,0.0,1,2,1,2,181.19786154986036,3.0,1.0,-2.0,3.0,0.19999999999999996,3.0,4.0,-3.0,7.0,0.19999999999999996,-1.0,0.0,0,0,34,34,0.8918918918918919,0.8918918918918919,0.8918918918918919,0.0,0,1,70,42,37,-3,2,14,28,12,40,1,1,1,0,0,0,0,0
2025-26,2026-04-25,Fulham,Aston Villa,H,1557.139372232092,1651.250015083755,5.0,7.0,3.0,4.0,-1.0,0.2,9.0,11.0,-2.0,0.4,9.0,8.0,6.0,2.0,0.6,5.0,5.0,7.0,-2.0,0.2,7.0,6.0,0.0,0.0,1,2,1,2,-94.11064285166299,-2.0,-6.0,-7.0,1.0,-0.2,4.0,3.0,-1.0,4.0,0.39999999999999997,1.0,0.0,0,0,34,34,0.8918918918918919,0.8918918918918919,0.8918918918918919,0.0,0,1,45,58,-3,6,12,4,-13,-8,-9,0,0,0,0,1,1,1,0
2025-26,2026-04-25,Liverpool,Crystal Palace,H,1685.302313634288,1567.9002497246115,7.0,8.0,7.0,6.0,1.0,0.4,6.0,4.0,2.0,0.4,10.0,13.0,6.0,7.0,0.6,7.0,7.0,6.0,1.0,0.4,6.0,5.0,0.0,0.0,1,2,1,2,117.4020639096766,-1.0,1.0,2.0,-1.0,0.0,3.0,6.0,0.0,6.0,0.19999999999999996,1.0,0.0,0,0,33,34,0.8918918918918919,0.8648648648648649,0.8783783783783784,0.027027027027026973,1,1,55,43,11,-1,5,13,12,8,12,0,1,1,0,0,0,0,0
2025-26,2026-04-25,West Ham,Everton,H,1511.4675365857624,1581.2974963333274,8.0,7.0,6.0,3.0,3.0,0.4,8.0,6.0,2.0,0.4,9.0,9.0,3.0,6.0,0.4,8.0,8.0,8.0,0.0,0.4,5.0,6.0,0.0,0.0,1,1,1,2,-69.829959747565,1.0,-2.0,-3.0,1.0,0.0,1.0,1.0,-5.0,6.0,0.0,-1.0,0.0,0,-1,34,34,0.8918918918918919,0.8918918918918919,0.8918918918918919,0.0,0,1,33,47,-17,1,17,10,-14,-7,-18,0,0,0,0,0,0,1,0
2025-26,2026-04-25,Wolves,Tottenham,A,1443.3798653646934,1466.5846944768514,7.0,2.0,6.0,10.0,-4.0,0.4,4.0,10.0,-6.0,0.0,7.0,7.0,8.0,-1.0,0.4,2.0,4.0,8.0,-4.0,0.0,7.0,7.0,0.0,0.0,1,1,1,2,-23.204829112157995,5.0,2.0,0.0,2.0,0.4,5.0,3.0,0.0,3.0,0.4,0.0,0.0,0,-1,34,34,0.8918918918918919,0.8918918918918919,0.8918918918918919,0.0,0,1,17,31,-37,-11,20,18,-14,-2,-26,0,0,0,1,0,0,0,1
2025-26,2026-04-27,Man United,Brentford,H,1625.5201785754864,1585.0093261466493,7.0,5.0,8.0,7.0,1.0,0.4,4.0,4.0,0.0,0.0,12.0,11.0,6.0,5.0,0.8,11.0,8.0,5.0,3.0,0.6,9.0,9.0,0.0,0.0,0,2,0,1,40.5108524288371,2.0,4.0,3.0,1.0,0.4,1.0,3.0,1.0,2.0,0.20000000000000007,0.0,0.0,0,1,34,34,0.8918918918918919,0.8918918918918919,0.8918918918918919,0.0,0,1,58,48,13,4,3,9,10,6,9,1,1,1,0,0,0,1,0
2025-26,2026-05-01,Leeds,Burnley,H,1520.6517884615776,1383.5931890649845,9.0,1.0,7.0,3.0,4.0,0.4,2.0,10.0,-8.0,0.0,7.0,6.0,3.0,3.0,0.4,4.0,6.0,12.0,-6.0,0.2,9.0,9.0,0.0,0.0,0,2,0,2,137.05859939659308,8.0,5.0,-7.0,12.0,0.4,3.0,0.0,-9.0,9.0,0.2,0.0,0.0,0,0,35,35,0.918918918918919,0.918918918918919,0.918918918918919,0.0,0,1,40,20,-7,-34,15,19,20,4,27,0,0,0,0,0,0,0,1
2025-26,2026-05-02,Arsenal,Fulham,H,1755.9697037481133,1568.4022006920782,9.0,8.0,6.0,4.0,2.0,0.6,4.0,3.0,1.0,0.4,12.0,9.0,3.0,6.0,0.8,5.0,3.0,6.0,-3.0,0.2,7.0,7.0,0.0,0.0,1,2,1,2,187.5675030560351,1.0,2.0,1.0,1.0,0.19999999999999996,7.0,6.0,-3.0,9.0,0.6000000000000001,0.0,0.0,0,0,35,35,0.918918918918919,0.918918918918919,0.918918918918919,0.0,0,1,73,48,38,-2,1,10,25,9,40,1,1,1,0,0,0,1,0
2025-26,2026-05-02,Brentford,West Ham,H,1577.5570620383533,1522.0376697567615,4.0,8.0,5.0,6.0,-1.0,0.0,7.0,4.0,3.0,0.4,4.0,5.0,7.0,-2.0,0.0,7.0,5.0,7.0,-2.0,0.4,5.0,7.0,0.0,0.0,1,2,1,2,55.51939228159176,-4.0,-2.0,2.0,-4.0,-0.4,-3.0,0.0,0.0,0.0,-0.4,-2.0,0.0,0,0,35,35,0.918918918918919,0.918918918918919,0.918918918918919,0.0,0,1,48,36,3,-16,9,17,12,8,19,0,0,1,0,0,0,0,0
2025-26,2026-05-02,Newcastle,Brighton,H,1566.4113009841187,1617.1165002696775,3.0,13.0,4.0,7.0,-3.0,0.2,10.0,3.0,7.0,0.8,3.0,8.0,11.0,-3.0,0.2,10.0,7.0,3.0,4.0,0.6,7.0,11.0,0.0,0.0,1,2,0,2,-50.70519928555882,-10.0,-6.0,4.0,-10.0,-0.6000000000000001,-7.0,1.0,8.0,-7.0,-0.39999999999999997,-4.0,0.0,1,0,35,35,0.918918918918919,0.918918918918919,0.918918918918919,0.0,0,1,42,50,-4,9,15,6,-8,-9,-13,0,0,0,0,0,1,1,0
2025-26,2026-05-02,Wolves,Sunderland,D,1432.610163785632,1484.8394433159915,4.0,6.0,4.0,11.0,-7.0,0.2,6.0,11.0,-5.0,0.4,7.0,7.0,7.0,0.0,0.4,7.0,7.0,9.0,-2.0,0.4,7.0,8.0,0.0,0.0,1,2,0,2,-52.22927953035946,-2.0,-2.0,0.0,-2.0,-0.2,0.0,0.0,-2.0,2.0,0.0,-1.0,0.0,1,0,35,35,0.918918918918919,0.918918918918919,0.918918918918919,0.0,0,1,17,46,-38,-9,20,12,-29,-8,-29,0,0,0,1,0,0,0,0
2025-26,2026-05-03,Aston Villa,Tottenham,A,1639.9871866237688,1477.3543960559127,7.0,5.0,8.0,8.0,0.0,0.4,4.0,7.0,-3.0,0.2,10.0,9.0,8.0,1.0,0.6,4.0,3.0,6.0,-3.0,0.2,8.0,8.0,0.0,0.0,0,2,0,1,162.6327905678561,2.0,4.0,1.0,3.0,0.2,6.0,6.0,2.0,4.0,0.39999999999999997,0.0,0.0,0,1,35,35,0.918918918918919,0.918918918918919,0.918918918918919,0.0,0,1,58,34,5,-10,5,18,24,13,15,0,1,1,0,0,0,0,1
2025-26,2026-05-03,Bournemouth,Crystal Palace,H,1603.0307590871,1562.3772647163744,9.0,8.0,8.0,6.0,2.0,0.4,6.0,5.0,1.0,0.4,5.0,6.0,6.0,0.0,0.0,7.0,7.0,7.0,0.0,0.4,11.0,8.0,0.0,0.0,0,1,0,2,40.65349437072564,1.0,2.0,1.0,1.0,0.0,-2.0,-1.0,-1.0,0.0,-0.4,3.0,0.0,0,-1,34,35,0.918918918918919,0.8918918918918919,0.9054054054054055,0.027027027027027084,1,1,49,43,0,-3,8,14,6,6,3,0,0,1,0,0,0,0,0
2025-26,2026-05-03,Man United,Liverpool,H,1632.9724426837824,1690.8252986425252,10.0,10.0,9.0,6.0,3.0,0.6,9.0,5.0,4.0,0.6,12.0,10.0,5.0,5.0,0.8,9.0,6.0,5.0,1.0,0.6,6.0,8.0,0.0,0.0,1,1,0,2,-57.85285595874279,0.0,0.0,1.0,-1.0,0.0,3.0,4.0,0.0,4.0,0.20000000000000007,-2.0,0.0,1,-1,35,35,0.918918918918919,0.918918918918919,0.918918918918919,0.0,0,1,61,58,14,13,3,4,3,1,1,1,1,1,0,1,1,1,0
2025-26,2026-05-04,Chelsea,Nott'm Forest,A,1602.7589751885027,1551.1368718348986,0.0,11.0,0.0,11.0,-11.0,0.0,13.0,2.0,11.0,0.6,2.0,3.0,8.0,-5.0,0.0,7.0,12.0,7.0,5.0,0.4,13.0,10.0,0.0,0.0,0,1,0,1,51.62210335360419,-11.0,-13.0,9.0,-22.0,-0.6,-5.0,-9.0,1.0,-10.0,-0.4,3.0,0.0,0,0,35,35,0.918918918918919,0.918918918918919,0.918918918918919,0.0,0,1,48,39,8,-4,9,16,9,7,12,0,0,1,0,0,0,0,0
2025-26,2026-05-04,Everton,Man City,D,1570.7273631623284,1765.4175242978815,4.0,11.0,7.0,8.0,-1.0,0.2,9.0,4.0,5.0,0.6,6.0,7.0,5.0,2.0,0.4,13.0,8.0,2.0,6.0,0.8,9.0,12.0,0.0,0.0,0,1,0,1,-194.69016113555313,-7.0,-2.0,4.0,-6.0,-0.39999999999999997,-7.0,-1.0,3.0,-4.0,-0.4,-3.0,0.0,0,0,34,35,0.918918918918919,0.8918918918918919,0.9054054054054055,0.027027027027027084,1,1,47,70,0,37,11,2,-23,-9,-37,0,0,0,0,1,1,1,0
2025-26,2026-05-09,Brighton,Wolves,H,1607.0962030305195,1432.6743267277898,10.0,2.0,10.0,6.0,4.0,0.6,3.0,11.0,-8.0,0.0,9.0,7.0,4.0,3.0,0.6,2.0,2.0,10.0,-8.0,0.0,7.0,7.0,0.0,0.0,1,1,1,2,174.42187630272974,8.0,7.0,-5.0,12.0,0.6,7.0,5.0,-6.0,11.0,0.6,0.0,0.0,0,-1,36,36,0.9459459459459459,0.9459459459459459,0.9459459459459459,0.0,0,1,50,18,7,-38,8,20,32,12,45,0,0,1,0,0,0,0,1
2025-26,2026-05-09,Fulham,Bournemouth,A,1564.3418763822128,1610.4791845225343,7.0,11.0,4.0,6.0,-2.0,0.4,11.0,6.0,5.0,0.6,9.0,7.0,5.0,2.0,0.6,11.0,6.0,3.0,3.0,0.6,7.0,6.0,0.0,0.0,1,2,1,1,-46.137308140321466,-4.0,-7.0,0.0,-7.0,-0.19999999999999996,-2.0,1.0,2.0,-1.0,0.0,1.0,0.0,0,1,36,36,0.9459459459459459,0.9459459459459459,0.9459459459459459,0.0,0,1,48,52,-5,3,11,6,-4,-5,-8,0,0,0,0,0,1,1,0
2025-26,2026-05-09,Liverpool,Chelsea,D,1680.599313760499,1589.914707543168,9.0,0.0,10.0,7.0,3.0,0.6,1.0,13.0,-12.0,0.0,10.0,12.0,6.0,6.0,0.6,6.0,8.0,10.0,-2.0,0.4,6.0,5.0,0.0,0.0,1,2,1,1,90.68460621733084,9.0,9.0,-6.0,15.0,0.6,4.0,4.0,-4.0,8.0,0.19999999999999996,1.0,0.0,0,1,36,36,0.9459459459459459,0.9459459459459459,0.9459459459459459,0.0,0,1,58,48,12,6,4,9,10,5,6,1,1,1,0,0,0,1,0
2025-26,2026-05-09,Man City,Brentford,H,1761.4781540242298,1584.6100282226719,11.0,6.0,10.0,5.0,5.0,0.6,6.0,4.0,2.0,0.2,13.0,11.0,4.0,7.0,0.8,8.0,8.0,7.0,1.0,0.4,5.0,7.0,0.0,0.0,1,1,1,2,176.86812580155788,5.0,4.0,1.0,3.0,0.39999999999999997,5.0,3.0,-3.0,6.0,0.4,-2.0,0.0,0,-1,36,35,0.918918918918919,0.9459459459459459,0.9324324324324325,-0.027027027027026973,-1,1,71,51,37,6,2,7,20,5,31,1,1,1,0,0,0,1,0
2025-26,2026-05-09,Sunderland,Man United,D,1484.7752803738338,1643.1984275658087,7.0,10.0,7.0,11.0,-4.0,0.4,9.0,7.0,2.0,0.6,3.0,2.0,10.0,-8.0,0.2,8.0,6.0,5.0,1.0,0.4,7.0,6.0,0.0,0.0,1,1,1,2,-158.42314719197498,-3.0,-2.0,4.0,-6.0,-0.19999999999999996,-5.0,-4.0,5.0,-9.0,-0.2,1.0,0.0,0,-1,36,36,0.9459459459459459,0.9459459459459459,0.9459459459459459,0.0,0,1,47,64,-9,15,12,3,-17,-9,-24,0,0,0,0,1,1,1,0
2025-26,2026-05-10,Burnley,Aston Villa,D,1378.5109320672739,1624.5318077209436,0.0,7.0,3.0,13.0,-10.0,0.0,8.0,7.0,1.0,0.4,1.0,3.0,9.0,-6.0,0.0,2.0,3.0,8.0,-5.0,0.0,9.0,7.0,0.0,0.0,0,1,1,1,-246.0208756536697,-7.0,-5.0,6.0,-11.0,-0.4,-1.0,0.0,1.0,-1.0,0.0,2.0,0.0,-1,0,36,36,0.9459459459459459,0.9459459459459459,0.9459459459459459,0.0,0,1,20,58,-36,4,19,5,-38,-14,-40,0,0,0,1,0,1,1,0
2025-26,2026-05-10,Crystal Palace,Everton,D,1554.92883928094,1574.6667334359802,5.0,5.0,3.0,7.0,-4.0,0.2,10.0,9.0,1.0,0.2,8.0,5.0,4.0,1.0,0.4,7.0,8.0,9.0,-1.0,0.4,7.0,6.0,0.0,0.0,1,1,1,1,-19.737894155040067,0.0,-7.0,-2.0,-5.0,0.0,1.0,-3.0,-5.0,2.0,0.0,1.0,0.0,0,0,36,35,0.918918918918919,0.9459459459459459,0.9324324324324325,-0.027027027027026973,-1,1,43,48,-6,0,15,10,-5,-5,-6,0,0,0,0,0,0,1,0
2025-26,2026-05-10,Nott'm Forest,Newcastle,D,1563.9811394802332,1576.4315982232768,13.0,3.0,16.0,3.0,13.0,0.8,6.0,8.0,-2.0,0.2,6.0,5.0,3.0,2.0,0.2,6.0,5.0,6.0,-1.0,0.4,6.0,8.0,0.0,0.0,1,1,0,1,-12.450458743043555,10.0,10.0,-5.0,15.0,0.6000000000000001,0.0,0.0,-3.0,3.0,-0.2,-2.0,0.0,1,0,36,36,0.9459459459459459,0.9459459459459459,0.9459459459459459,0.0,0,1,42,45,-2,-2,16,13,-3,-3,0,0,0,0,0,0,0,0,0
2025-26,2026-05-10,West Ham,Arsenal,A,1514.9847035724429,1760.0300280579786,7.0,9.0,6.0,6.0,0.0,0.4,8.0,4.0,4.0,0.6,9.0,8.0,3.0,5.0,0.4,8.0,9.0,6.0,3.0,0.4,8.0,8.0,0.0,0.0,0,1,0,1,-245.04532448553573,-2.0,-2.0,2.0,-4.0,-0.19999999999999996,1.0,-1.0,-3.0,2.0,0.0,0.0,0.0,0,0,36,36,0.9459459459459459,0.9459459459459459,0.9459459459459459,0.0,0,1,36,76,-19,41,18,1,-40,-17,-60,0,0,0,1,1,1,1,0
2025-26,2026-05-11,Tottenham,Leeds,D,1492.8097749587382,1525.7340454592882,7.0,11.0,5.0,7.0,-2.0,0.4,10.0,4.0,6.0,0.6,1.0,5.0,14.0,-9.0,0.0,7.0,7.0,6.0,1.0,0.2,8.0,10.0,0.0,0.0,0,1,0,1,-32.92427050054994,-4.0,-5.0,3.0,-8.0,-0.19999999999999996,-6.0,-2.0,8.0,-10.0,-0.2,-2.0,0.0,0,0,36,36,0.9459459459459459,0.9459459459459459,0.9459459459459459,0.0,0,1,37,43,-9,-5,17,16,-6,-1,-4,0,0,0,0,0,0,0,0
2025-26,2026-05-13,Man City,Crystal Palace,H,1765.7414343816865,1554.0600218840136,13.0,5.0,12.0,4.0,8.0,0.8,5.0,9.0,-4.0,0.2,13.0,12.0,4.0,8.0,0.8,6.0,6.0,9.0,-3.0,0.4,4.0,3.0,0.0,1.0,1,2,1,2,211.6814124976729,8.0,7.0,-5.0,12.0,0.6000000000000001,7.0,6.0,-5.0,11.0,0.4,1.0,-1.0,0,0,36,36,0.9459459459459459,0.9459459459459459,0.9459459459459459,0.0,0,1,74,44,40,-6,2,15,30,13,46,1,1,1,0,0,0,0,0
2025-26,2026-05-15,Aston Villa,Liverpool,H,1619.4209861611812,1676.757781332859,5.0,10.0,8.0,9.0,-1.0,0.2,10.0,6.0,4.0,0.6,7.0,9.0,10.0,-1.0,0.4,6.0,7.0,8.0,-1.0,0.4,5.0,6.0,0.0,0.0,1,2,1,2,-57.33679517167775,-5.0,-2.0,3.0,-5.0,-0.39999999999999997,1.0,2.0,2.0,0.0,0.0,-1.0,0.0,0,0,37,37,0.972972972972973,0.972972972972973,0.972972972972973,0.0,0,1,59,59,4,12,5,4,0,-1,-8,0,1,1,0,1,1,1,0
2025-26,2026-05-17,Brentford,Crystal Palace,D,1580.346747865215,1550.4304424490388,5.0,2.0,6.0,7.0,-1.0,0.2,3.0,11.0,-8.0,0.0,6.0,7.0,6.0,1.0,0.2,3.0,5.0,12.0,-7.0,0.2,8.0,4.0,0.0,0.0,0,1,2,3,29.91630541617633,3.0,3.0,-4.0,7.0,0.2,3.0,2.0,-6.0,8.0,0.0,4.0,0.0,-2,-2,37,37,0.972972972972973,0.972972972972973,0.972972972972973,0.0,0,1,51,44,3,-9,8,15,7,7,12,0,0,1,0,0,0,0,0
2025-26,2026-05-17,Everton,Sunderland,A,1575.5355508329067,1487.7984430427941,3.0,5.0,9.0,11.0,-2.0,0.0,5.0,10.0,-5.0,0.2,7.0,9.0,6.0,3.0,0.4,8.0,8.0,7.0,1.0,0.4,7.0,8.0,0.0,0.0,1,2,0,1,87.73710779011253,-2.0,4.0,1.0,3.0,-0.2,-1.0,1.0,-1.0,2.0,0.0,-1.0,0.0,1,1,37,37,0.972972972972973,0.972972972972973,0.972972972972973,0.0,0,1,49,48,0,-9,10,12,1,2,9,0,0,1,0,0,0,0,0
2025-26,2026-05-17,Leeds,Brighton,H,1526.2251291185873,1611.406911417328,11.0,10.0,11.0,5.0,6.0,0.6,11.0,5.0,6.0,0.6,7.0,6.0,3.0,3.0,0.4,10.0,8.0,5.0,3.0,0.6,6.0,8.0,0.0,0.0,1,1,0,1,-85.1817822987407,1.0,0.0,0.0,0.0,0.0,-3.0,-2.0,-2.0,0.0,-0.19999999999999996,-2.0,0.0,1,0,37,37,0.972972972972973,0.972972972972973,0.972972972972973,0.0,0,1,44,53,-5,10,14,7,-9,-7,-15,0,0,0,0,0,0,1,0
2025-26,2026-05-17,Man United,Nott'm Forest,H,1640.1752648968484,1562.9045651802119,10.0,11.0,7.0,5.0,2.0,0.6,14.0,4.0,10.0,0.6,12.0,11.0,7.0,4.0,0.8,10.0,14.0,5.0,9.0,0.6,8.0,7.0,0.0,0.0,0,2,1,2,77.2706997166365,-1.0,-7.0,1.0,-8.0,0.0,2.0,-3.0,2.0,-5.0,0.20000000000000007,1.0,0.0,-1,0,37,37,0.972972972972973,0.972972972972973,0.972972972972973,0.0,0,1,65,43,15,-2,3,16,22,13,17,1,1,1,0,0,0,0,0
2025-26,2026-05-17,Newcastle,West Ham,H,1577.508172523298,1510.0747510302733,4.0,7.0,6.0,7.0,-1.0,0.2,6.0,5.0,1.0,0.4,6.0,9.0,9.0,0.0,0.4,4.0,3.0,10.0,-7.0,0.2,7.0,7.0,0.0,0.0,1,1,1,1,67.43342149302475,-3.0,0.0,2.0,-2.0,-0.2,2.0,6.0,-1.0,7.0,0.2,0.0,0.0,0,0,37,37,0.972972972972973,0.972972972972973,0.972972972972973,0.0,0,1,46,36,-2,-20,13,18,10,5,18,0,0,0,0,0,0,0,1
2025-26,2026-05-17,Wolves,Fulham,D,1428.3636183409812,1554.2307037539385,1.0,4.0,1.0,12.0,-11.0,0.0,1.0,6.0,-5.0,0.2,8.0,7.0,5.0,2.0,0.4,5.0,3.0,6.0,-3.0,0.2,8.0,8.0,0.0,0.0,0,1,0,1,-125.8670854129573,-3.0,0.0,6.0,-6.0,-0.2,3.0,4.0,-1.0,5.0,0.2,0.0,0.0,0,0,37,37,0.972972972972973,0.972972972972973,0.972972972972973,0.0,0,1,18,48,-41,-6,20,11,-30,-9,-35,0,0,0,1,0,0,0,0
2025-26,2026-05-18,Arsenal,Burnley,H,1764.9399806001481,1383.6217536270362,9.0,1.0,7.0,4.0,3.0,0.6,4.0,12.0,-8.0,0.0,12.0,9.0,3.0,6.0,0.8,1.0,4.0,13.0,-9.0,0.0,8.0,8.0,0.0,0.0,0,1,0,1,381.3182269731119,8.0,3.0,-8.0,11.0,0.6,11.0,5.0,-10.0,15.0,0.8,0.0,0.0,0,0,37,37,0.972972972972973,0.972972972972973,0.972972972972973,0.0,0,1,79,21,42,-36,1,19,58,18,78,1,1,1,0,0,0,0,1
2025-26,2026-05-19,Bournemouth,Man City,D,1620.5903571508086,1769.3710138166614,13.0,13.0,10.0,4.0,6.0,0.8,12.0,4.0,8.0,0.8,7.0,8.0,5.0,3.0,0.2,11.0,9.0,4.0,5.0,0.6,10.0,6.0,0.0,0.0,0,1,1,2,-148.7806566658528,0.0,-2.0,0.0,-2.0,0.0,-4.0,-1.0,1.0,-2.0,-0.39999999999999997,4.0,0.0,-1,-1,37,37,0.972972972972973,0.972972972972973,0.972972972972973,0.0,0,1,55,77,4,43,6,2,-22,-4,-39,0,1,1,0,1,1,1,0
2025-26,2026-05-19,Chelsea,Tottenham,H,1593.756239970808,1492.318691299439,1.0,8.0,2.0,11.0,-9.0,0.0,6.0,5.0,1.0,0.4,1.0,2.0,9.0,-7.0,0.0,7.0,5.0,5.0,0.0,0.4,10.0,8.0,0.0,0.0,0,1,0,1,101.43754867136909,-7.0,-4.0,6.0,-10.0,-0.4,-6.0,-3.0,4.0,-7.0,-0.4,2.0,0.0,0,0,37,37,0.972972972972973,0.972972972972973,0.972972972972973,0.0,0,1,49,38,6,-9,10,17,11,7,15,0,0,1,0,0,0,0,0
2025-26,2026-05-24,Brighton,Man United,A,1600.3977452488452,1646.6676262581543,7.0,13.0,9.0,6.0,3.0,0.4,9.0,5.0,4.0,0.8,12.0,10.0,3.0,7.0,0.8,8.0,5.0,4.0,1.0,0.4,7.0,7.0,0.0,0.0,1,1,1,1,-46.269881009309074,-6.0,0.0,1.0,-1.0,-0.4,4.0,5.0,-1.0,6.0,0.4,0.0,0.0,0,0,38,38,1.0,1.0,1.0,0.0,0,1,53,68,9,16,7,3,-15,-4,-7,0,0,1,0,1,1,1,0
2025-26,2026-05-24,Burnley,Wolves,D,1382.0803934697683,1430.513191101986,1.0,2.0,4.0,11.0,-7.0,0.0,2.0,9.0,-7.0,0.0,2.0,5.0,9.0,-4.0,0.0,1.0,2.0,13.0,-11.0,0.0,6.0,7.0,0.0,0.0,1,2,1,1,-48.43279763221767,-1.0,2.0,2.0,0.0,0.0,1.0,3.0,-4.0,7.0,0.0,-1.0,0.0,0,1,38,38,1.0,1.0,1.0,0.0,0,1,21,19,-37,-41,19,20,2,1,4,0,0,0,1,0,0,0,1
2025-26,2026-05-24,Crystal Palace,Arsenal,A,1552.690893140113,1766.481340757416,2.0,12.0,5.0,13.0,-8.0,0.0,7.0,2.0,5.0,0.8,9.0,5.0,3.0,2.0,0.4,10.0,9.0,5.0,4.0,0.6,7.0,6.0,0.0,0.0,1,3,1,2,-213.79044761730302,-10.0,-2.0,11.0,-13.0,-0.8,-1.0,-4.0,-2.0,-2.0,-0.19999999999999996,1.0,0.0,0,1,38,38,1.0,1.0,1.0,0.0,0,1,45,82,-9,43,15,1,-37,-14,-52,0,0,0,0,1,1,1,0
2025-26,2026-05-24,Fulham,Newcastle,H,1552.0811309929338,1584.251260443654,5.0,7.0,2.0,5.0,-3.0,0.2,8.0,6.0,2.0,0.4,9.0,6.0,4.0,2.0,0.6,4.0,4.0,6.0,-2.0,0.2,7.0,7.0,0.0,0.0,1,1,1,2,-32.1701294507202,-2.0,-6.0,-1.0,-5.0,-0.2,5.0,2.0,-2.0,4.0,0.39999999999999997,0.0,0.0,0,-1,38,38,1.0,1.0,1.0,0.0,0,1,49,49,-6,0,13,11,0,-2,-6,0,0,0,0,0,0,0,0
2025-26,2026-05-24,Liverpool,Brentford,D,1666.5466427761762,1578.0862971741408,7.0,5.0,10.0,10.0,0.0,0.4,6.0,7.0,-1.0,0.2,11.0,12.0,5.0,7.0,0.6,5.0,5.0,8.0,-3.0,0.2,9.0,7.0,0.0,0.0,0,1,1,1,88.46034560203543,2.0,4.0,3.0,1.0,0.2,6.0,7.0,-3.0,10.0,0.39999999999999997,2.0,0.0,-1,0,38,38,1.0,1.0,1.0,0.0,0,1,59,52,10,3,5,9,7,4,7,0,1,1,0,0,0,1,0
2025-26,2026-05-24,Man City,Aston Villa,A,1766.6020869925728,1629.632124717864,11.0,7.0,11.0,4.0,7.0,0.6,11.0,10.0,1.0,0.4,13.0,12.0,4.0,8.0,0.8,2.0,4.0,9.0,-5.0,0.0,5.0,9.0,0.0,0.0,1,2,0,2,136.9699622747089,4.0,0.0,-6.0,6.0,0.19999999999999996,11.0,8.0,-5.0,13.0,0.8,-4.0,0.0,1,0,38,38,1.0,1.0,1.0,0.0,0,1,78,62,43,6,2,4,16,2,37,1,1,1,0,1,1,1,0
2025-26,2026-05-24,Nott'm Forest,Bournemouth,D,1556.412203818906,1623.3592839748972,10.0,11.0,15.0,6.0,9.0,0.6,9.0,4.0,5.0,0.6,6.0,6.0,4.0,2.0,0.2,11.0,5.0,2.0,3.0,0.6,7.0,5.0,0.0,0.0,1,2,1,1,-66.94708015599122,-1.0,6.0,2.0,4.0,0.0,-5.0,1.0,2.0,-1.0,-0.39999999999999997,2.0,0.0,0,1,38,38,1.0,1.0,1.0,0.0,0,1,43,56,-3,4,16,6,-13,-10,-7,0,0,0,0,0,1,1,0
2025-26,2026-05-24,Sunderland,Chelsea,H,1501.567424480997,1599.6540682839864,5.0,4.0,7.0,11.0,-4.0,0.2,4.0,9.0,-5.0,0.2,4.0,2.0,9.0,-7.0,0.2,4.0,6.0,10.0,-4.0,0.2,7.0,5.0,0.0,0.0,1,1,1,1,-98.08664380298933,1.0,3.0,2.0,1.0,0.0,0.0,-4.0,-1.0,-3.0,0.0,2.0,0.0,0,0,38,38,1.0,1.0,1.0,0.0,0,1,51,52,-7,7,10,8,-1,-2,-14,0,0,1,0,0,0,1,0
2025-26,2026-05-24,Tottenham,Everton,H,1486.4208629862608,1561.7665693947038,8.0,2.0,7.0,6.0,1.0,0.4,8.0,12.0,-4.0,0.0,2.0,5.0,13.0,-8.0,0.0,5.0,8.0,10.0,-2.0,0.2,5.0,7.0,0.0,0.0,1,2,1,2,-75.345706408443,6.0,-1.0,-6.0,5.0,0.4,-3.0,-3.0,3.0,-6.0,-0.2,-2.0,0.0,0,0,38,38,1.0,1.0,1.0,0.0,0,1,38,49,-10,-2,17,12,-11,-5,-8,0,0,0,0,0,0,0,0
2025-26,2026-05-24,West Ham,Leeds,H,1503.3316631099174,1537.2342952870702,4.0,11.0,3.0,8.0,-5.0,0.2,10.0,4.0,6.0,0.6,8.0,7.0,3.0,4.0,0.4,7.0,6.0,5.0,1.0,0.2,7.0,7.0,0.0,0.0,1,2,1,2,-33.90263217715278,-7.0,-7.0,4.0,-11.0,-0.39999999999999997,1.0,1.0,-2.0,3.0,0.2,0.0,0.0,0,0,38,38,1.0,1.0,1.0,0.0,0,1,36,47,-22,-4,18,14,-11,-4,-18,0,0,0,1,0,0,0,0
