Season,Date,HomeTeam,AwayTeam,Fold,EvaluationSeason,Model,ActualOutcome,ModelPredictedOutcome,ModelProbability_H,ModelProbability_D,ModelProbability_A,MarketRecordedOutcome,MarketOdds_H,MarketOdds_D,MarketOdds_A,RawImpliedProbability_H,RawImpliedProbability_D,RawImpliedProbability_A,RawImpliedProbabilityTotal,MarketOverround,MarketProbability_H,MarketProbability_D,MarketProbability_A,MarketPredictedOutcome,ModelObservedOutcomeProbability,MarketObservedOutcomeProbability,ModelFixtureLogLoss,MarketFixtureLogLoss,ModelMinusMarketFixtureLoss
2020-21,2020-09-12,Crystal Palace,Southampton,1,2020-21,Independent Poisson,H,A,0.3537809833695609,0.2461180206514139,0.4001009959790252,H,3.09,3.27,2.54,0.3236245954692557,0.3058103975535168,0.39370078740157477,1.0231357804243473,0.023135780424347274,0.31630659552833923,0.2988952232974214,0.38479818117423936,A,0.3537809833695609,0.31630659552833923,1.0390772483630835,1.151043296759137,-0.11196604839605362
2020-21,2020-09-12,Fulham,Arsenal,1,2020-21,Independent Poisson,A,A,0.2030143687767847,0.2126931657926678,0.5842924654305472,A,5.48,3.98,1.69,0.18248175182481752,0.25125628140703515,0.591715976331361,1.0254540095632136,0.025454009563213642,0.17795215594558414,0.24501955140246257,0.5770282926519533,A,0.5842924654305472,0.5770282926519533,0.537353624540747,0.549863979617323,-0.012510355076576052
2020-21,2020-09-12,Liverpool,Leeds,1,2020-21,Independent Poisson,H,H,0.830040387255834,0.1098603704109345,0.0600992423332315,H,1.28,6.34,11.38,0.78125,0.15772870662460567,0.08787346221441124,1.0268521688390169,0.026852168839016866,0.7608203241984672,0.1536041033082079,0.08557557249332495,H,0.830040387255834,0.7608203241984672,0.18628092003094268,0.2733580538616305,-0.0870771338306878
2020-21,2020-09-12,West Ham,Newcastle,1,2020-21,Independent Poisson,A,H,0.3839570784061846,0.2488969350587638,0.3671459865350515,A,2.04,3.59,3.92,0.49019607843137253,0.2785515320334262,0.25510204081632654,1.0238496512811253,0.02384965128112526,0.47877740429759263,0.2720629261189663,0.24915966958344107,H,0.3671459865350515,0.24915966958344107,1.0019957265481838,1.3896613447190773,-0.3876656181708935
2020-21,2020-09-13,Tottenham,Everton,1,2020-21,Independent Poisson,A,H,0.5306869706563574,0.235549298792248,0.2337637305513945,A,2.09,3.5,3.88,0.47846889952153115,0.2857142857142857,0.2577319587628866,1.0219151439987035,0.021915143998703535,0.46820805262686094,0.2795870942828969,0.2522048530902421,H,0.2337637305513945,0.2522048530902421,1.4534443722116648,1.377513612614091,0.07593075959757378
2020-21,2020-09-13,West Brom,Leicester,1,2020-21,Independent Poisson,A,A,0.2652824672511168,0.2508377541740961,0.483879778574787,A,3.38,3.38,2.32,0.2958579881656805,0.2958579881656805,0.4310344827586207,1.0227504590899816,0.022750459089981634,0.2892768079800499,0.2892768079800499,0.42144638403990026,A,0.483879778574787,0.42144638403990026,0.7259187944941592,0.8640627123834957,-0.13814391788933655
2020-21,2020-09-14,Brighton,Chelsea,1,2020-21,Independent Poisson,A,A,0.2831729628918444,0.260498095387268,0.4563289417208874,A,6.07,4.46,1.57,0.16474464579901152,0.2242152466367713,0.6369426751592356,1.0259025675950184,0.02590256759501841,0.16058507991184356,0.2185541334226212,0.6208607866655353,A,0.4563289417208874,0.6208607866655353,0.7845413661022899,0.4766483982418075,0.30789296786048237
2020-21,2020-09-14,Sheffield United,Wolves,1,2020-21,Independent Poisson,A,A,0.3716943825373646,0.2507091284809677,0.3775964889816675,A,3.28,2.9,2.68,0.3048780487804878,0.3448275862068966,0.3731343283582089,1.0228399633455934,0.02283996334559335,0.29807013775964164,0.3371276040867671,0.36480225815359124,A,0.3775964889816675,0.36480225815359124,0.9739291430017231,1.0083998306871083,-0.03447068768538519
2020-21,2020-09-19,Arsenal,West Ham,1,2020-21,Independent Poisson,H,H,0.683111149938293,0.202690469299741,0.1141983807619661,H,1.53,4.53,6.81,0.6535947712418301,0.22075055187637968,0.14684287812041116,1.0211882012386209,0.021188201238620863,0.6400336103071609,0.21617029222294837,0.14379609746989078,H,0.683111149938293,0.6400336103071609,0.3810976948211212,0.446234587902403,-0.06513689308128179
2020-21,2020-09-19,Everton,West Brom,1,2020-21,Independent Poisson,H,H,0.5557110268012864,0.2646979352467039,0.1795910379520096,H,1.61,4.12,6.41,0.6211180124223602,0.24271844660194175,0.15600624024961,1.019842699273912,0.019842699273912023,0.6090331507639088,0.23799596425482847,0.1529708849812626,H,0.5557110268012864,0.6090331507639088,0.587506855810019,0.4958825780018545,0.09162427780816457
2020-21,2020-09-19,Leeds,Fulham,1,2020-21,Independent Poisson,H,H,0.5088424045222708,0.2660093279067555,0.2251482675709737,H,1.75,3.91,5.12,0.5714285714285714,0.2557544757033248,0.1953125,1.0224955471318962,0.022495547131896165,0.5588567823414299,0.2501277158817142,0.19101550177685594,H,0.5088424045222708,0.5588567823414299,0.6756169282075505,0.5818620419775289,0.0937548862300216
2020-21,2020-09-19,Man United,Crystal Palace,1,2020-21,Independent Poisson,A,H,0.6135603242889137,0.2228032662217711,0.163636409489315,A,1.38,5.18,9.33,0.7246376811594204,0.19305019305019305,0.10718113612004287,1.0248690103296565,0.024869010329656493,0.7070539491933077,0.18836572391636378,0.10458032689032844,H,0.163636409489315,0.10458032689032844,1.8101083276838104,2.2577998244828374,-0.4476914967990271
2020-21,2020-09-20,Chelsea,Liverpool,1,2020-21,Independent Poisson,A,A,0.3488830661828082,0.2387973316827625,0.4123196021344292,A,3.32,3.89,2.17,0.30120481927710846,0.2570694087403599,0.4608294930875576,1.019103721105026,0.019103721105026006,0.29555855114581325,0.2522504858108226,0.45219096304336404,A,0.4123196021344292,0.45219096304336404,0.8859564970222099,0.7936507037621869,0.09230579326002297
2020-21,2020-09-20,Leicester,Burnley,1,2020-21,Independent Poisson,H,H,0.5041188539406436,0.2304751176836194,0.265406028375737,H,1.55,4.36,6.74,0.6451612903225806,0.2293577981651376,0.14836795252225518,1.0228870410099733,0.022887041009973297,0.6307258421082003,0.22422593010727304,0.14504822778452678,H,0.5041188539406436,0.6307258421082003,0.6849432174014423,0.46088399245889045,0.22405922494255182
2020-21,2020-09-20,Newcastle,Brighton,1,2020-21,Independent Poisson,A,H,0.475362565624765,0.2611545568833863,0.2634828774918484,A,2.7,3.21,2.96,0.37037037037037035,0.3115264797507788,0.33783783783783783,1.0197346879589868,0.019734687958986807,0.3632026788376414,0.3054975803307264,0.3312997408316324,H,0.2634828774918484,0.3312997408316324,1.3337668941676841,1.1047317519535853,0.22903514221409882
2020-21,2020-09-20,Southampton,Tottenham,1,2020-21,Independent Poisson,A,A,0.3213541041990272,0.2505949824599399,0.4280509133410328,A,3.45,3.46,2.27,0.2898550724637681,0.28901734104046245,0.44052863436123346,1.019401047865464,0.01940104786546404,0.28433860556716034,0.28351681768979864,0.432144576743041,A,0.4280509133410328,0.432144576743041,0.8485131340708101,0.8389950783403307,0.009518055730479369
2020-21,2020-09-21,Aston Villa,Sheffield United,1,2020-21,Independent Poisson,H,A,0.2693465754901546,0.2744937262105704,0.4561596982992749,H,2.46,3.19,3.35,0.4065040650406504,0.31347962382445144,0.29850746268656714,1.018491151551669,0.018491151551669027,0.3991238062513772,0.3077882643819398,0.29308792936668293,H,0.2693465754901546,0.3991238062513772,1.311756343913939,0.9184836188658455,0.3932727250480935
2020-21,2020-09-21,Wolves,Man City,1,2020-21,Independent Poisson,A,A,0.2800577178217418,0.2248984884428978,0.4950437937353602,A,6.7,4.55,1.53,0.14925373134328357,0.21978021978021978,0.6535947712418301,1.0226287223653334,0.02262872236533342,0.14595104565228784,0.2149169243671052,0.6391320299806069,A,0.4950437937353602,0.6391320299806069,0.7031090481342335,0.44764422625954936,0.2554648218746841
2020-21,2020-09-26,Brighton,Man United,1,2020-21,Independent Poisson,A,A,0.2434001073498566,0.2352188995950873,0.5213809930550559,A,5.58,4.36,1.63,0.17921146953405018,0.2293577981651376,0.6134969325153374,1.022066200214525,0.0220662002145251,0.17534233056179221,0.2244060102144038,0.6002516592238041,A,0.5213809930550559,0.6002516592238041,0.6512742318198838,0.510406279663347,0.1408679521565368
2020-21,2020-09-26,Burnley,Southampton,1,2020-21,Independent Poisson,A,H,0.4380859892551758,0.2874383190260621,0.2744756917187618,A,3.37,3.47,2.3,0.29673590504451036,0.2881844380403458,0.4347826086956522,1.0197029517805083,0.019702951780508293,0.2910023007449163,0.2826160672940542,0.42638163196102963,A,0.2744756917187618,0.42638163196102963,1.292892576712365,0.8524204840728143,0.44047209263955056
2020-21,2020-09-26,Crystal Palace,Everton,1,2020-21,Independent Poisson,A,A,0.3148826759477547,0.2543043645936527,0.4308129594585925,A,3.58,3.34,2.27,0.27932960893854747,0.29940119760479045,0.44052863436123346,1.0192594409045714,0.019259440904571434,0.2740515296975305,0.29374385518477825,0.43220461511769126,A,0.4308129594585925,0.43220461511769126,0.8420812518436566,0.83885615676717,0.003225095076486606
2020-21,2020-09-26,West Brom,Chelsea,1,2020-21,Independent Poisson,D,A,0.1473783209454419,0.1918146498170081,0.6608070292375499,D,6.96,5.03,1.47,0.14367816091954022,0.19880715705765406,0.6802721088435374,1.0227574268207316,0.022757426820731563,0.14048117095191143,0.19438348903087543,0.6651353400172133,A,0.1918146498170081,0.19438348903087543,1.6512257387561828,1.637922323531555,0.013303415224627857
2020-21,2020-09-27,Man City,Leicester,1,2020-21,Independent Poisson,A,H,0.6104032649527291,0.2243547358124412,0.1652419992348295,A,1.32,5.9,9.96,0.7575757575757576,0.1694915254237288,0.1004016064257028,1.027468889425189,0.027468889425189102,0.7373223319682005,0.16496025054203808,0.0977174174897615,H,0.1652419992348295,0.0977174174897615,1.800344217550552,2.3256754605946846,-0.5253312430441326
2020-21,2020-09-27,Sheffield United,Leeds,1,2020-21,Independent Poisson,A,H,0.4004268048685236,0.2585820092045074,0.3409911859269688,A,3.09,3.44,2.47,0.3236245954692557,0.29069767441860467,0.4048582995951417,1.019180569483002,0.019180569483002063,0.31753411040147694,0.2852268607966755,0.3972390288018476,A,0.3409911859269688,0.3972390288018476,1.0758986497541774,0.9232170918149172,0.1526815579392602
2020-21,2020-09-27,Tottenham,Newcastle,1,2020-21,Independent Poisson,D,H,0.5379559647811702,0.2440610242671664,0.2179830109516633,D,1.42,5.05,8.16,0.7042253521126761,0.19801980198019803,0.12254901960784313,1.0247941737007173,0.024794173700717348,0.6871871154083466,0.19322885225343608,0.11958403233821717,H,0.2440610242671664,0.19322885225343608,1.4103369855029906,1.6438800295677447,-0.23354304406475412
2020-21,2020-09-27,West Ham,Wolves,1,2020-21,Independent Poisson,H,A,0.2927060331850981,0.2497156864010133,0.4575782804138885,H,3.43,3.35,2.33,0.29154518950437314,0.29850746268656714,0.4291845493562232,1.0192372015471634,0.01923720154716335,0.28604253167154675,0.292873398099524,0.4210840702289294,A,0.2927060331850981,0.28604253167154675,1.2285864733166836,1.251614767080563,-0.023028293763879493
2020-21,2020-09-28,Fulham,Aston Villa,1,2020-21,Independent Poisson,A,A,0.3356238267795824,0.2526321715599134,0.411744001660504,A,3.04,3.49,2.48,0.32894736842105265,0.28653295128939826,0.40322580645161293,1.0187061261620638,0.018706126162063796,0.32290702880167144,0.28127145202208625,0.39582151917624236,A,0.411744001660504,0.39582151917624236,0.887353477946702,0.9267918784784581,-0.03943840053175607
2020-21,2020-09-28,Liverpool,Arsenal,1,2020-21,Independent Poisson,H,H,0.7516958517034134,0.1528299270081283,0.0954742212884582,H,1.5,5.25,5.95,0.6666666666666666,0.19047619047619047,0.1680672268907563,1.0252100840336134,0.025210084033613356,0.6502732240437159,0.18579234972677597,0.16393442622950818,H,0.7516958517034134,0.6502732240437159,0.28542348936733564,0.43036265972989146,-0.14493917036255582
2020-21,2020-10-03,Chelsea,Crystal Palace,1,2020-21,Independent Poisson,H,H,0.5346689932648145,0.2438809345467683,0.2214500721884172,H,1.56,4.31,6.67,0.641025641025641,0.2320185614849188,0.14992503748125938,1.022969239991819,0.0229692399918191,0.6266323716935686,0.22680893267795063,0.14655869562848084,H,0.5346689932648145,0.6266323716935686,0.6261074277404594,0.4673952393446764,0.15871218839578294
2020-21,2020-10-03,Everton,Brighton,1,2020-21,Independent Poisson,H,H,0.555479867830447,0.2399318378513844,0.2045882943181686,H,1.81,3.86,4.78,0.5524861878453039,0.2590673575129534,0.20920502092050208,1.0207585662787593,0.020758566278759272,0.5412506013634818,0.2537988571160368,0.20495054152048156,H,0.555479867830447,0.5412506013634818,0.5879229120885408,0.613872888601885,-0.025949976513344297
2020-21,2020-10-03,Leeds,Man City,1,2020-21,Independent Poisson,D,A,0.2033936931448928,0.2131982504305939,0.5834080564245132,D,8.85,7.49,1.28,0.11299435028248588,0.13351134846461948,0.78125,1.0277556987471055,0.027755698747105484,0.10994281074795559,0.1299057243150076,0.7601514649370367,A,0.2131982504305939,0.1299057243150076,1.5455327929596072,2.040946289186381,-0.4954134962267738
2020-21,2020-10-03,Newcastle,Burnley,1,2020-21,Independent Poisson,H,H,0.394445444125962,0.2758625596351655,0.3296919962388726,H,2.45,3.38,3.17,0.4081632653061224,0.2958579881656805,0.31545741324921134,1.0194786667210143,0.01947866672101428,0.40036469484831155,0.2902051782184507,0.3094301269332377,H,0.394445444125962,0.40036469484831155,0.9302744394482593,0.9153794101332059,0.014895029315053376
2020-21,2020-10-04,Arsenal,Sheffield United,1,2020-21,Independent Poisson,H,H,0.5686069136473388,0.2511106862542373,0.180282400098424,H,1.5,4.46,7.41,0.6666666666666666,0.2242152466367713,0.1349527665317139,1.0258346798351519,0.025834679835151864,0.6498772948227853,0.21856859691349287,0.13155410826372174,H,0.5686069136473388,0.6498772948227853,0.5645659207689179,0.4309717111088267,0.13359420966009117
2020-21,2020-10-04,Aston Villa,Liverpool,1,2020-21,Independent Poisson,H,A,0.0603263387454896,0.1239003345883074,0.815773326666203,H,6.76,5.1,1.47,0.14792899408284024,0.19607843137254904,0.6802721088435374,1.0242795342989268,0.02427953429892682,0.1444224834425604,0.19143058589641343,0.664146930661026,A,0.0603263387454896,0.1444224834425604,2.8079864755003006,1.9350123621329829,0.8729741133673177
2020-21,2020-10-04,Leicester,West Ham,1,2020-21,Independent Poisson,A,H,0.5836100556874735,0.2262261638084748,0.1901637805040515,A,1.87,3.88,4.38,0.53475935828877,0.2577319587628866,0.22831050228310504,1.0208018193347617,0.020801819334761662,0.5238620740676806,0.2524799171408667,0.2236580087914527,H,0.1901637805040515,0.2236580087914527,1.6598695754796697,1.497637140258832,0.16223243522083775
2020-21,2020-10-04,Man United,Tottenham,1,2020-21,Independent Poisson,A,H,0.4953590353388371,0.258155093804887,0.2464858708562757,A,2.12,3.7,3.6,0.4716981132075471,0.27027027027027023,0.2777777777777778,1.0197461612555951,0.01974616125559514,0.4625642450340325,0.2650368106681483,0.2723989442978192,H,0.2464858708562757,0.2723989442978192,1.4004506061836692,1.3004875802729565,0.09996302591071271
2020-21,2020-10-04,Southampton,West Brom,1,2020-21,Independent Poisson,H,H,0.4591605755662868,0.2581363204054128,0.2827031040283003,H,1.88,3.88,4.34,0.5319148936170213,0.2577319587628866,0.2304147465437788,1.0200615989236868,0.020061598923686752,0.5214536986572857,0.25266313233909726,0.22588316900361688,H,0.4591605755662868,0.5214536986572857,0.7783552922655317,0.6511347934162222,0.12722049884930953
2020-21,2020-10-04,Wolves,Fulham,1,2020-21,Independent Poisson,H,H,0.5618809922641879,0.2489891111934268,0.1891298965423852,H,1.82,3.64,5.08,0.5494505494505494,0.2747252747252747,0.19685039370078738,1.0210262178766114,0.02102621787661141,0.538135593220339,0.2690677966101695,0.19279661016949154,H,0.5618809922641879,0.538135593220339,0.5764652090492711,0.6196447185670187,-0.04317950951774763
2020-21,2020-10-17,Chelsea,Southampton,1,2020-21,Independent Poisson,D,H,0.5674195956531172,0.2286795044270143,0.2039008999198685,D,1.62,4.53,5.39,0.6172839506172839,0.22075055187637968,0.1855287569573284,1.023563259450992,0.023563259450992025,0.6030735715820594,0.21566869447305437,0.18125773394488617,H,0.2286795044270143,0.21566869447305437,1.4754337996911535,1.5340118706909789,-0.05857807099982537
2020-21,2020-10-17,Everton,Liverpool,1,2020-21,Independent Poisson,D,A,0.3056709387925464,0.2382365039836458,0.4560925572238076,D,4.22,4.24,1.83,0.23696682464454977,0.23584905660377356,0.5464480874316939,1.0192639686800171,0.01926396868001712,0.23248817963361365,0.23139153727685127,0.5361202830895352,A,0.2382365039836458,0.23139153727685127,1.4344913845007923,1.463644036728616,-0.029152652227823816
2020-21,2020-10-17,Man City,Arsenal,1,2020-21,Independent Poisson,H,H,0.5383110687190911,0.2347407884032568,0.2269481428776518,H,1.55,4.81,5.76,0.6451612903225806,0.2079002079002079,0.1736111111111111,1.0266726093338996,0.02667260933389959,0.6284002168336392,0.20249903037258646,0.16910075279377443,H,0.5383110687190911,0.6284002168336392,0.6193186912653218,0.4645780275440163,0.15474066372130552
2020-21,2020-10-17,Newcastle,Man United,1,2020-21,Independent Poisson,A,A,0.3051101246103576,0.2541427787798831,0.4407470966097593,A,4.77,4.21,1.74,0.20964360587002098,0.23752969121140144,0.5747126436781609,1.0218859407595833,0.021885940759583278,0.20515362576980922,0.23244246910261043,0.5624039051275803,A,0.4407470966097593,0.5624039051275803,0.8192840451115394,0.5755349948263249,0.24374905028521454
2020-21,2020-10-18,Crystal Palace,Brighton,1,2020-21,Independent Poisson,D,H,0.4096097187912588,0.2673178317800549,0.3230724494286863,D,3.27,3.25,2.47,0.3058103975535168,0.3076923076923077,0.4048582995951417,1.0183610048409661,0.018361004840966144,0.30029664932159705,0.3021446287020377,0.3975587219763653,A,0.2673178317800549,0.3021446287020377,1.319316947325121,1.1968494732578245,0.12246747406729641
2020-21,2020-10-18,Leicester,Aston Villa,1,2020-21,Independent Poisson,A,H,0.5683177224946078,0.2291126765310258,0.2025696009743666,A,2.48,3.62,2.95,0.40322580645161293,0.27624309392265195,0.3389830508474576,1.0184519512217225,0.018451951221722496,0.39592030430881714,0.2712382195264824,0.33284147616470044,H,0.2025696009743666,0.33284147616470044,1.596671742974393,1.1000889499017557,0.4965827930726374
2020-21,2020-10-18,Sheffield United,Fulham,1,2020-21,Independent Poisson,D,H,0.5496215622611926,0.2537927318520348,0.1965857058867726,D,2.4,3.16,3.48,0.4166666666666667,0.3164556962025316,0.28735632183908044,1.0204786847082787,0.020478684708278738,0.4083051149527714,0.3101051505970415,0.28158973445018715,H,0.2537927318520348,0.3101051505970415,1.3712373614167326,1.1708438435423973,0.20039351787433524
2020-21,2020-10-18,Tottenham,West Ham,1,2020-21,Independent Poisson,D,H,0.5924667791418168,0.2239778107270059,0.1835554101311773,D,1.65,4.17,5.61,0.6060606060606061,0.23980815347721823,0.17825311942959002,1.0241218789674142,0.024121878967414245,0.5917856248434762,0.2341597796143251,0.17405459554219885,H,0.2239778107270059,0.2341597796143251,1.496208291288227,1.4517515777745342,0.04445671351369285
2020-21,2020-10-19,Leeds,Wolves,1,2020-21,Independent Poisson,A,A,0.3577556435263378,0.2722389419185668,0.3700054145550951,A,2.61,3.35,2.96,0.3831417624521073,0.29850746268656714,0.33783783783783783,1.0194870629765123,0.01948706297651226,0.3758181701035812,0.2928016190956259,0.3313802108007929,H,0.3700054145550951,0.3313802108007929,0.9942376395182524,1.1044888897110872,-0.11025125019283477
2020-21,2020-10-19,West Brom,Burnley,1,2020-21,Independent Poisson,D,A,0.3458713906774818,0.270613718277602,0.3835148910449162,D,2.73,3.25,2.9,0.3663003663003663,0.3076923076923077,0.3448275862068966,1.0188202601995706,0.018820260199570615,0.35953384577237785,0.30200843044879744,0.3384577237788247,H,0.270613718277602,0.30200843044879744,1.307062868752159,1.1973003466035257,0.10976252214863336
2020-21,2020-10-23,Aston Villa,Leeds,1,2020-21,Independent Poisson,A,H,0.4373911156463654,0.287554634357375,0.2750542499962595,A,1.93,4.12,3.88,0.5181347150259068,0.24271844660194175,0.2577319587628866,1.0185851203907352,0.018585120390735232,0.5086808207321419,0.23828980194491112,0.2530293773229469,H,0.2750542499962595,0.2530293773229469,1.2907869280575979,1.3742496810945704,-0.08346275303697248
2020-21,2020-10-24,Fulham,Crystal Palace,1,2020-21,Independent Poisson,A,A,0.33618544095404,0.2667243103374916,0.3970902487084685,A,2.66,3.14,3.08,0.37593984962406013,0.3184713375796178,0.3246753246753247,1.0190865118790027,0.019086511879002677,0.3688988572038876,0.31250667521093667,0.3185944675851757,H,0.3970902487084685,0.3185944675851757,0.9235916974081675,1.1438362464241407,-0.22024454901597323
2020-21,2020-10-24,Liverpool,Sheffield United,1,2020-21,Independent Poisson,H,H,0.9072584302591342,0.0695863987985484,0.0231551709423174,H,1.22,7.45,13.55,0.819672131147541,0.1342281879194631,0.07380073800738007,1.0277010570743843,0.027701057074384305,0.7975783672743791,0.1306101487348648,0.0718114839907559,H,0.9072584302591342,0.7975783672743791,0.09732794083057536,0.22617518297617162,-0.12884724214559626
2020-21,2020-10-24,Man United,Chelsea,1,2020-21,Independent Poisson,D,A,0.3480873052079384,0.2696160445514222,0.3822966502406393,D,2.69,3.46,2.79,0.3717472118959108,0.28901734104046245,0.35842293906810035,1.0191874920044737,0.019187492004473672,0.3647486010300046,0.2835762245002059,0.3516751744697894,H,0.2696160445514222,0.2835762245002059,1.3107563892836884,1.2602743224639912,0.05048206681969725
2020-21,2020-10-24,West Ham,Man City,1,2020-21,Independent Poisson,D,A,0.2229705677512978,0.2203520973928054,0.5566773348558967,D,6.97,5.13,1.45,0.14347202295552366,0.19493177387914232,0.6896551724137931,1.0280589692484592,0.028058969248459187,0.1395562192900334,0.18961147143304735,0.6708323092769192,A,0.2203520973928054,0.18961147143304735,1.512528569278786,1.6627781876526115,-0.15024961837382556
2020-21,2020-10-25,Arsenal,Leicester,1,2020-21,Independent Poisson,A,H,0.4644356726643108,0.2649814185955984,0.2705829087400907,A,2.0,3.57,4.17,0.5,0.2801120448179272,0.23980815347721823,1.0199201982951454,0.019920198295145353,0.4902344328858066,0.27464113887160035,0.2351244282425931,H,0.2705829087400907,0.2351244282425931,1.3071767258458897,1.447640423080675,-0.14046369723478525
2020-21,2020-10-25,Southampton,Everton,1,2020-21,Independent Poisson,H,A,0.2875080014299879,0.2436598014467839,0.4688321971232281,H,3.08,3.56,2.41,0.3246753246753247,0.2808988764044944,0.41493775933609955,1.0205119604159187,0.02051196041591874,0.3181494556349936,0.27525289981903944,0.40659764454596686,A,0.2875080014299879,0.3181494556349936,1.2465045880711814,1.1452340203373517,0.1012705677338297
2020-21,2020-10-25,Wolves,Newcastle,1,2020-21,Independent Poisson,D,H,0.5323540289619737,0.2470000845350703,0.2206458865029561,D,1.86,3.52,5.01,0.5376344086021505,0.2840909090909091,0.1996007984031936,1.0213261160962532,0.021326116096253234,0.5264081669203904,0.2781588609295245,0.19543297215008507,H,0.2470000845350703,0.2781588609295245,1.3983666001069703,1.2795628863098814,0.11880371379708898
2020-21,2020-10-26,Brighton,West Brom,1,2020-21,Independent Poisson,D,H,0.5402302333491457,0.2488837197791246,0.2108860468717296,D,1.67,4.3,5.26,0.5988023952095809,0.23255813953488372,0.19011406844106465,1.0214746031855293,0.021474603185529295,0.5862136888594,0.2276690373012088,0.18611727383939122,H,0.2488837197791246,0.2276690373012088,1.390769480429533,1.4798622953904386,-0.0890928149609056
2020-21,2020-10-26,Burnley,Tottenham,1,2020-21,Independent Poisson,A,A,0.1713347120918868,0.2097138070947236,0.6189514808133894,A,5.59,4.41,1.61,0.17889087656529518,0.22675736961451246,0.6211180124223602,1.026766258602168,0.02676625860216797,0.17422745933318445,0.220846144596939,0.6049263960698764,A,0.6189514808133894,0.6049263960698764,0.47972839254673966,0.5026484877410333,-0.022920095194293666
2020-21,2020-10-30,Wolves,Crystal Palace,1,2020-21,Independent Poisson,H,H,0.5403714367740127,0.2487205562712952,0.2109080069546921,H,2.12,3.14,4.34,0.4716981132075471,0.3184713375796178,0.2304147465437788,1.0205841973309437,0.020584197330943743,0.4621844179452742,0.31204807835795584,0.22576750369676993,H,0.5403714367740127,0.4621844179452742,0.6154985300035669,0.7717912945070428,-0.15629276450347585
2020-21,2020-10-31,Burnley,Chelsea,1,2020-21,Independent Poisson,A,A,0.3103267411229878,0.2720562961747325,0.4176169627022796,A,5.59,4.29,1.63,0.17889087656529518,0.2331002331002331,0.6134969325153374,1.0254880421808656,0.025488042180865644,0.1744446246148857,0.22730663207394194,0.5982487433111724,A,0.4176169627022796,0.5982487433111724,0.8731906237408615,0.5137486528040137,0.3594419709368478
2020-21,2020-10-31,Liverpool,West Ham,1,2020-21,Independent Poisson,H,H,0.8155882269351543,0.1239964261249855,0.0604153469398602,H,1.44,5.3,7.1,0.6944444444444444,0.18867924528301888,0.14084507042253522,1.0239687601499985,0.02396876014999849,0.6781890927441157,0.18426269689651445,0.13754821035936995,H,0.8155882269351543,0.6781890927441157,0.20384567523747418,0.3883291320738399,-0.18448345683636572
2020-21,2020-10-31,Sheffield United,Man City,1,2020-21,Independent Poisson,A,A,0.2348184032955592,0.2190818246044632,0.5460997720999776,A,10.63,6.25,1.3,0.09407337723424271,0.16,0.7692307692307692,1.0233041464650119,0.023304146465011888,0.09193100366026827,0.15635625102538428,0.7517127453143474,A,0.5460997720999776,0.7517127453143474,0.6049535871469918,0.28540101562205006,0.3195525715249417
2020-21,2020-11-01,Aston Villa,Southampton,1,2020-21,Independent Poisson,A,A,0.3462340833944322,0.2874598466556868,0.3663060699498809,A,2.69,3.56,2.73,0.3717472118959108,0.2808988764044944,0.3663003663003663,1.0189464546007716,0.0189464546007716,0.36483488432330163,0.2756757974240678,0.3594893182526305,H,0.3663060699498809,0.3594893182526305,1.0042860383549197,1.0230708150507017,-0.018784776695782046
2020-21,2020-11-01,Man United,Arsenal,1,2020-21,Independent Poisson,A,H,0.5249033736287986,0.2378361829489905,0.2372604434222108,A,2.02,3.65,3.97,0.49504950495049505,0.273972602739726,0.2518891687657431,1.0209112764559642,0.020911276455964245,0.4849094298076826,0.2683608351264435,0.24672973506587378,H,0.2372604434222108,0.24672973506587378,1.4385968238214362,1.3994617314337938,0.039135092387642345
2020-21,2020-11-01,Newcastle,Everton,1,2020-21,Independent Poisson,H,A,0.2565890983340109,0.2448141991200914,0.4985967025458978,H,3.34,3.43,2.33,0.29940119760479045,0.29154518950437314,0.4291845493562232,1.0201309364653868,0.020130936465386773,0.2934929104710562,0.28579193031292344,0.42071515921602043,A,0.2565890983340109,0.2934929104710562,1.360279312761531,1.2259017951298954,0.13437751763163552
2020-21,2020-11-01,Tottenham,Brighton,1,2020-21,Independent Poisson,H,H,0.6366373609900707,0.2200214185927211,0.1433412204172081,H,1.61,4.36,5.77,0.6211180124223602,0.2293577981651376,0.1733102253032929,1.0237860358907906,0.023786035890790647,0.6066873259136893,0.22402903548647704,0.16928363859983364,H,0.6366373609900707,0.6066873259136893,0.4515550775275053,0.4997417344553364,-0.048186656927831084
2020-21,2020-11-02,Fulham,West Brom,1,2020-21,Independent Poisson,H,H,0.4373712789782185,0.2773837186851468,0.2852450023366346,H,2.48,3.32,3.19,0.40322580645161293,0.30120481927710846,0.31347962382445144,1.0179102495531729,0.017910249553172886,0.39613100136148055,0.29590508535435894,0.30796391328416045,H,0.4373712789782185,0.39613100136148055,0.826972835953868,0.9260103109148321,-0.09903747496096416
2020-21,2020-11-02,Leeds,Leicester,1,2020-21,Independent Poisson,A,H,0.3821852838515205,0.2566429302379352,0.3611717859105442,A,2.42,3.71,2.97,0.4132231404958678,0.2695417789757412,0.33670033670033667,1.0194652561719457,0.019465256171945722,0.40533322542791245,0.2643952575567515,0.330271517015336,H,0.3611717859105442,0.330271517015336,1.018401572587269,1.107840183984215,-0.08943861139694587
2020-21,2020-11-06,Brighton,Burnley,1,2020-21,Independent Poisson,D,H,0.5173110164469166,0.2451123651903757,0.2375766183627077,D,1.99,3.42,4.45,0.5025125628140703,0.29239766081871343,0.2247191011235955,1.0196293247563792,0.01962932475637924,0.49283847631013944,0.286768587092742,0.22039293659711856,H,0.2451123651903757,0.286768587092742,1.4060385401474709,1.2490797052207416,0.15695883492672924
2020-21,2020-11-06,Southampton,Newcastle,1,2020-21,Independent Poisson,H,H,0.5098210809176229,0.2429679000081289,0.2472110190742482,H,2.2,3.47,3.59,0.45454545454545453,0.2881844380403458,0.2785515320334262,1.0212814246192266,0.021281424619226552,0.44507365314602365,0.28217926136059135,0.272747085493385,H,0.5098210809176229,0.44507365314602365,0.6736954365462563,0.809515497823917,-0.13582006127766066
2020-21,2020-11-07,Chelsea,Sheffield United,1,2020-21,Independent Poisson,H,H,0.7009571610744431,0.1943609107875624,0.1046819281379947,H,1.39,5.16,8.7,0.7194244604316548,0.19379844961240308,0.1149425287356322,1.0281654387796901,0.028165438779690133,0.6997166344022668,0.1884895584920835,0.11179380710564954,H,0.7009571610744431,0.6997166344022668,0.3553085049783295,0.3570798338923698,-0.0017713289140403043
2020-21,2020-11-07,Crystal Palace,Leeds,1,2020-21,Independent Poisson,H,H,0.3901237229700728,0.2511103101137882,0.3587659669161388,H,2.89,3.57,2.54,0.3460207612456747,0.2801120448179272,0.39370078740157477,1.0198335934651768,0.01983359346517677,0.3392913936772469,0.27466446154824753,0.3860441447745054,A,0.3901237229700728,0.3392913936772469,0.9412913517830995,1.0808959724495546,-0.13960462066645507
2020-21,2020-11-07,Everton,Man United,1,2020-21,Independent Poisson,A,H,0.4977025322774154,0.2393161598407676,0.262981307881817,A,3.33,3.68,2.23,0.3003003003003003,0.2717391304347826,0.4484304932735426,1.0204699240086255,0.020469924008625462,0.29427648305464615,0.2662882305902097,0.43943528635514423,A,0.262981307881817,0.43943528635514423,1.335672322022867,0.8222648164864039,0.5134075055364631
2020-21,2020-11-07,West Ham,Fulham,1,2020-21,Independent Poisson,H,H,0.5636994946613922,0.2417469119813208,0.1945535933572867,H,1.9,3.96,4.12,0.5263157894736842,0.25252525252525254,0.24271844660194175,1.0215594886008783,0.021559488600878307,0.5152081649151172,0.2471958367016977,0.23759599838318518,H,0.5636994946613922,0.5152081649151172,0.5732339803622931,0.6631842562680434,-0.08995027590575033
2020-21,2020-11-08,Arsenal,Aston Villa,1,2020-21,Independent Poisson,A,H,0.5193630356744315,0.2553118974076181,0.2253250669179504,A,1.66,4.58,4.95,0.6024096385542169,0.2183406113537118,0.20202020202020202,1.0227704519281307,0.022770451928130653,0.58899789040498,0.21347958473193596,0.19752252486308416,H,0.2253250669179504,0.19752252486308416,1.490211177555572,1.6219026512044938,-0.13169147364892186
2020-21,2020-11-08,Leicester,Wolves,1,2020-21,Independent Poisson,H,H,0.5784091903923438,0.2290438967051925,0.1925469129024635,H,2.47,3.17,3.35,0.4048582995951417,0.31545741324921134,0.29850746268656714,1.0188231755309203,0.018823175530920278,0.39737837665909537,0.3096292083116611,0.29299241502924345,H,0.5784091903923438,0.39737837665909537,0.5474737189271223,0.9228663623752684,-0.37539264344814616
2020-21,2020-11-08,Man City,Liverpool,1,2020-21,Independent Poisson,D,H,0.4470560744270432,0.2394544590126785,0.3134894665602781,D,1.95,4.17,3.78,0.5128205128205129,0.23980815347721823,0.2645502645502646,1.0171789308479957,0.01717893084799571,0.5041595900860704,0.235758081694925,0.26008232821900457,H,0.2394544590126785,0.235758081694925,1.429392030472235,1.4449490772717315,-0.015557046799496543
2020-21,2020-11-08,West Brom,Tottenham,1,2020-21,Independent Poisson,A,A,0.1762795931188221,0.215206429011202,0.6085139778699761,A,6.88,4.71,1.5,0.14534883720930233,0.21231422505307856,0.6666666666666666,1.0243297289290476,0.02432972892904761,0.1418965330248364,0.20727136883458058,0.650832098140583,A,0.6085139778699761,0.650832098140583,0.49673539579130865,0.42950358380158754,0.06723181198972111
2020-21,2020-11-21,Aston Villa,Brighton,1,2020-21,Independent Poisson,A,H,0.4608509621126839,0.2696376741675989,0.2695113637197172,A,2.4,3.51,3.12,0.4166666666666667,0.2849002849002849,0.3205128205128205,1.022079772079772,0.022079772079772075,0.4076655052264809,0.2787456445993031,0.313588850174216,H,0.2695113637197172,0.313588850174216,1.3111447235861724,1.1596725454293562,0.15147217815681624
2020-21,2020-11-21,Man United,West Brom,1,2020-21,Independent Poisson,H,H,0.7384821064646164,0.1720838504092666,0.0894340431261167,H,1.33,5.76,9.79,0.7518796992481203,0.1736111111111111,0.10214504596527069,1.027635856324502,0.02763585632450205,0.7316596580595521,0.16894224743388966,0.09939809450655816,H,0.7384821064646164,0.7316596580595521,0.3031584068714519,0.3124398211487413,-0.009281414277289401
2020-21,2020-11-21,Newcastle,Chelsea,1,2020-21,Independent Poisson,A,A,0.2260604722541143,0.2306613688349431,0.5432781589109427,A,7.33,4.94,1.46,0.1364256480218281,0.20242914979757085,0.684931506849315,1.0237863046687141,0.02378630466871412,0.13325598066676025,0.1977259794103953,0.6690180399228443,A,0.5432781589109427,0.6690180399228443,0.6101338270224576,0.4019442537124724,0.20818957330998517
2020-21,2020-11-21,Tottenham,Man City,1,2020-21,Independent Poisson,H,H,0.549992848327716,0.2221444438357064,0.2278627078365774,H,4.3,4.21,1.81,0.23255813953488372,0.23752969121140144,0.5524861878453039,1.022574018591589,0.02257401859158903,0.22742426006010846,0.23228606134405377,0.5402896785958378,A,0.549992848327716,0.22742426006010846,0.5978500038806771,1.4809380188349448,-0.8830880149542677
2020-21,2020-11-22,Fulham,Everton,1,2020-21,Independent Poisson,A,A,0.2226251445500988,0.2415980238949707,0.5357768315549304,A,4.24,3.89,1.88,0.23584905660377356,0.2570694087403599,0.5319148936170213,1.0248333589611547,0.024833358961154683,0.23013405500660833,0.25084020391465794,0.5190257410787338,A,0.5357768315549304,0.5190257410787338,0.6240375636521357,0.6558017995919538,-0.03176423593981814
2020-21,2020-11-22,Leeds,Arsenal,1,2020-21,Independent Poisson,D,H,0.4050358027026949,0.2522802834217744,0.3426839138755307,D,3.58,3.89,2.06,0.27932960893854747,0.2570694087403599,0.4854368932038835,1.0218359108827908,0.0218359108827908,0.27336053270747485,0.2515760172474961,0.4750634500450291,A,0.2522802834217744,0.2515760172474961,1.3772145737460049,1.3800100796550805,-0.002795505909075624
2020-21,2020-11-22,Liverpool,Leicester,1,2020-21,Independent Poisson,H,H,0.8053024715034127,0.1278999969356575,0.0667975315609295,H,1.82,4.12,4.32,0.5494505494505494,0.24271844660194175,0.23148148148148145,1.0236504775339725,0.023650477533972536,0.5367560134140752,0.2371106661198099,0.22613332046611498,H,0.8053024715034127,0.5367560134140752,0.2165373311385167,0.6222116389062645,-0.4056743077677478
2020-21,2020-11-22,Sheffield United,West Ham,1,2020-21,Independent Poisson,A,H,0.4052376782846227,0.2593058065433919,0.3354565151719855,A,3.09,3.25,2.56,0.3236245954692557,0.3076923076923077,0.390625,1.0219419031615633,0.021941903161563303,0.31667611873831975,0.30108590981581784,0.38223797144586247,A,0.3354565151719855,0.38223797144586247,1.092262942976767,0.9617119024356139,0.13055104054115307
2020-21,2020-11-23,Burnley,Crystal Palace,1,2020-21,Independent Poisson,H,H,0.4612662024410741,0.2729001501632419,0.2658336473956841,H,2.68,3.16,3.01,0.3731343283582089,0.3164556962025316,0.33222591362126247,1.021815938182003,0.021815938182002892,0.3651678491354157,0.3096993150895298,0.3251328357750546,H,0.4612662024410741,0.3651678491354157,0.7737799570008262,1.0073981704581727,-0.23361821345734646
2020-21,2020-11-23,Wolves,Southampton,1,2020-21,Independent Poisson,D,H,0.4012087301993807,0.2578949000373995,0.3408963697632198,D,2.4,3.32,3.28,0.4166666666666667,0.30120481927710846,0.3048780487804878,1.022749534724263,0.022749534724263,0.4073985394469053,0.2945049682748713,0.2980964922782234,H,0.2578949000373995,0.2945049682748713,1.35520314125198,1.2224594058294977,0.1327437354224823
2020-21,2020-11-27,Crystal Palace,Newcastle,1,2020-21,Independent Poisson,A,H,0.4789610479732874,0.253904910432397,0.2671340415943154,A,2.18,3.22,3.96,0.4587155963302752,0.3105590062111801,0.25252525252525254,1.0217998550667078,0.021799855066707785,0.4489290089988593,0.3039333042290414,0.24713768677209935,H,0.2671340415943154,0.24713768677209935,1.3200047181128776,1.3978096613397846,-0.07780494322690701
2020-21,2020-11-28,Brighton,Liverpool,1,2020-21,Independent Poisson,D,A,0.0792332956542992,0.1306027073281962,0.7901639970175043,D,4.96,4.29,1.69,0.20161290322580647,0.2331002331002331,0.591715976331361,1.0264291126574006,0.026429112657400555,0.1964216532243863,0.22709822843658645,0.5764801183390272,A,0.1306027073281962,0.22709822843658645,2.0355953324297356,1.4823726307086842,0.5532227017210514
2020-21,2020-11-28,Everton,Leeds,1,2020-21,Independent Poisson,A,H,0.5888389592271516,0.2281747373577593,0.182986303415089,A,2.35,3.66,3.09,0.425531914893617,0.27322404371584696,0.3236245954692557,1.0223805540787199,0.02238055407871986,0.41621675333708713,0.26724299736124446,0.31654024930166824,H,0.182986303415089,0.31654024930166824,1.698343973668012,1.1503048754938507,0.5480390981741612
2020-21,2020-11-28,Man City,Burnley,1,2020-21,Independent Poisson,H,H,0.7670657542581625,0.1482428992864066,0.0846913464554306,H,1.13,11.08,19.55,0.8849557522123894,0.09025270758122744,0.05115089514066496,1.0263593549342818,0.026359354934281765,0.8622279788827506,0.08793480290049713,0.049837218216752334,H,0.7670657542581625,0.8622279788827506,0.2651827521392678,0.1482355666241074,0.1169471855151604
2020-21,2020-11-28,West Brom,Sheffield United,1,2020-21,Independent Poisson,H,H,0.3818879480987071,0.2809075605345169,0.3372044913667762,H,2.67,3.17,3.02,0.37453183520599254,0.31545741324921134,0.33112582781456956,1.0211150762697736,0.021115076269773603,0.36678709766404727,0.30893424314290413,0.32427865919304844,H,0.3818879480987071,0.36678709766404727,0.9626280429896357,1.0029737146164044,-0.04034567162676872
2020-21,2020-11-29,Arsenal,Wolves,1,2020-21,Independent Poisson,A,H,0.458029540703628,0.2545585502784107,0.2874119090179611,A,2.14,3.33,3.91,0.4672897196261682,0.3003003003003003,0.2557544757033248,1.0233444956297932,0.023344495629793238,0.4566299243526842,0.293449861295719,0.24992021435159698,H,0.2874119090179611,0.24992021435159698,1.246838869111637,1.386613554650338,-0.13977468553870098
2020-21,2020-11-29,Chelsea,Tottenham,1,2020-21,Independent Poisson,D,H,0.5490511191326658,0.2309584731774242,0.2199904076899101,D,2.0,3.75,3.89,0.5,0.26666666666666666,0.2570694087403599,1.0237360754070264,0.02373607540702638,0.48840713149744713,0.26048380346530514,0.2511090650372479,H,0.2309584731774242,0.26048380346530514,1.4655173544155702,1.3452145945189413,0.12030275989662886
2020-21,2020-11-29,Southampton,Man United,1,2020-21,Independent Poisson,A,H,0.4269466375569501,0.2394742864760389,0.3335790759670109,A,3.92,3.86,1.96,0.25510204081632654,0.2590673575129534,0.5102040816326531,1.024373479961933,0.024373479961933064,0.24903225806451612,0.25290322580645164,0.49806451612903224,A,0.3335790759670109,0.49806451612903224,1.0978753323860775,0.6970256598885162,0.4008496724975613
2020-21,2020-11-30,Leicester,Fulham,1,2020-21,Independent Poisson,A,H,0.7139757290564794,0.1876812768813878,0.0983429940621327,A,1.68,4.1,5.34,0.5952380952380952,0.24390243902439027,0.18726591760299627,1.0264064518654816,0.026406451865481628,0.5799243507835098,0.2376275388576333,0.18244811035885702,H,0.0983429940621327,0.18244811035885702,2.319293971436467,1.7012894731889026,0.6180044982475643
2020-21,2020-11-30,West Ham,Aston Villa,1,2020-21,Independent Poisson,H,H,0.5835343655252996,0.2219322685630445,0.1945333659116557,H,2.37,3.56,3.12,0.42194092827004215,0.2808988764044944,0.3205128205128205,1.023352625187357,0.023352625187357035,0.41231235244331593,0.2744888413737806,0.31319880618290347,H,0.5835343655252996,0.41231235244331593,0.5386519334879996,0.8859740798749558,-0.34732214638695624
2020-21,2020-12-05,Burnley,Everton,1,2020-21,Independent Poisson,D,H,0.3975981494571629,0.2637818236044603,0.3386200269383769,D,3.68,3.63,2.1,0.2717391304347826,0.27548209366391185,0.47619047619047616,1.0234117002891705,0.0234117002891705,0.2655227904449414,0.26918012915630424,0.46529708039875445,A,0.2637818236044603,0.26918012915630424,1.3326329432545148,1.3123744983627876,0.020258444891727123
2020-21,2020-12-05,Chelsea,Leeds,1,2020-21,Independent Poisson,H,H,0.7172553493144349,0.1726850231315359,0.1100596275540292,H,1.48,5.15,6.34,0.6756756756756757,0.1941747572815534,0.15772870662460567,1.0275791395818348,0.027579139581834777,0.6575412536601672,0.18896331173146555,0.15349543460836712,H,0.7172553493144349,0.6575412536601672,0.3323233660593353,0.4192477736891104,-0.0869244076297751
2020-21,2020-12-05,Man City,Fulham,1,2020-21,Independent Poisson,H,H,0.7765335804213415,0.1506648648396983,0.0728015547389601,H,1.13,9.9,22.91,0.8849557522123894,0.10101010101010101,0.04364906154517678,1.0296149147676672,0.0296149147676672,0.8595016831240055,0.09810473756869961,0.042393579307294905,H,0.7765335804213415,0.8595016831240055,0.25291539145423875,0.15140249590169086,0.10151289555254789
2020-21,2020-12-05,West Ham,Man United,1,2020-21,Independent Poisson,A,A,0.3170197690579943,0.2446821343494128,0.4382980965925926,A,3.52,3.53,2.2,0.2840909090909091,0.28328611898017,0.45454545454545453,1.0219224826165336,0.021922482616533623,0.27799653488738385,0.277209009292802,0.44479445581981414,A,0.4382980965925926,0.44479445581981414,0.8248560142713602,0.8101430005573172,0.014713013714042988
2020-21,2020-12-06,Liverpool,Wolves,1,2020-21,Independent Poisson,H,H,0.7858461607166574,0.1408567905358814,0.0732970487474611,H,1.61,4.44,5.64,0.6211180124223602,0.2252252252252252,0.1773049645390071,1.0236482021865925,0.02364820218659247,0.6067690160502442,0.22002209816236334,0.17320888578739244,H,0.7858461607166574,0.6067690160502442,0.24099422998848874,0.49960709403383413,-0.2586128640453454
2020-21,2020-12-06,Sheffield United,Leicester,1,2020-21,Independent Poisson,A,H,0.3956733485617626,0.2641863353614506,0.3401403160767868,A,4.14,3.67,1.96,0.24154589371980678,0.2724795640326976,0.5102040816326531,1.0242295393851575,0.024229539385157484,0.23583179788468725,0.26603369025684065,0.498134511858472,A,0.3401403160767868,0.498134511858472,1.0783970521633277,0.6968851342955604,0.3815119178677673
2020-21,2020-12-06,Tottenham,Arsenal,1,2020-21,Independent Poisson,H,H,0.6738799280465683,0.1933176935472484,0.1328023784061833,H,2.3,3.54,3.29,0.4347826086956522,0.2824858757062147,0.303951367781155,1.0212198521830218,0.021219852183021803,0.42574829285411403,0.2766161224758368,0.2976355846700493,H,0.6738799280465683,0.42574829285411403,0.39470333223898324,0.8539069691852198,-0.45920363694623656
2020-21,2020-12-06,West Brom,Crystal Palace,1,2020-21,Independent Poisson,A,H,0.3808167721620272,0.2764336341169643,0.3427495937210084,A,3.14,3.4,2.44,0.3184713375796178,0.29411764705882354,0.4098360655737705,1.0224250502122119,0.02242505021221186,0.3114862429412471,0.28766670671632827,0.4008470503424246,A,0.3427495937210084,0.4008470503424246,1.07075514589123,0.9141753450273612,0.1565798008638689
2020-21,2020-12-07,Brighton,Southampton,1,2020-21,Independent Poisson,A,A,0.3547703424159102,0.2614428890910558,0.383786768493034,A,2.51,3.42,3.02,0.39840637450199207,0.29239766081871343,0.33112582781456956,1.021929863135275,0.021929863135274896,0.3898568667713493,0.2861230221041189,0.324020111124532,H,0.383786768493034,0.324020111124532,0.9576681710079367,1.1269496937441432,-0.16928152273620656
2020-21,2020-12-11,Leeds,West Ham,1,2020-21,Independent Poisson,A,H,0.4724681909151889,0.2464458731682237,0.2810859359165873,A,2.19,3.78,3.32,0.4566210045662101,0.2645502645502646,0.30120481927710846,1.022376088393583,0.02237608839358307,0.44662723409707245,0.25876022292925627,0.2946125429736713,H,0.2810859359165873,0.2946125429736713,1.2690948346351212,1.222094199574577,0.04700063506054408
2020-21,2020-12-12,Everton,Chelsea,1,2020-21,Independent Poisson,H,A,0.2059397562896875,0.2264112759919369,0.5676489677183756,H,4.99,4.19,1.71,0.2004008016032064,0.2386634844868735,0.5847953216374269,1.0238596077275068,0.023859607727506837,0.19573074285839165,0.23310176774782207,0.5711674893937863,A,0.2059397562896875,0.19573074285839165,1.5801715981586828,1.631015325152822,-0.050843726994139304
2020-21,2020-12-12,Man United,Man City,1,2020-21,Independent Poisson,D,A,0.3412461654499051,0.266100132235638,0.3926537023144567,D,4.68,4.29,1.73,0.2136752136752137,0.2331002331002331,0.5780346820809249,1.0248101288563718,0.024810128856371794,0.20850224608305026,0.2274569957269639,0.5640407581899857,A,0.266100132235638,0.2274569957269639,1.3238826040589777,1.4807940882310984,-0.15691148417212064
2020-21,2020-12-12,Newcastle,West Brom,1,2020-21,Independent Poisson,H,H,0.5998620457591202,0.2527167242291628,0.1474212300117171,H,2.47,3.24,3.24,0.4048582995951417,0.30864197530864196,0.30864197530864196,1.0221422502124256,0.02214225021242555,0.39608801955990225,0.30195599022004893,0.30195599022004893,H,0.5998620457591202,0.39608801955990225,0.5110555739373046,0.9261188208104175,-0.4150632468731129
2020-21,2020-12-12,Wolves,Aston Villa,1,2020-21,Independent Poisson,A,H,0.5208593175884502,0.228437225819914,0.2507034565916358,A,2.59,3.31,2.99,0.3861003861003861,0.3021148036253776,0.33444816053511706,1.0226633502608808,0.022663350260880843,0.3775439747614815,0.2954196056290746,0.32703641960944385,H,0.2507034565916358,0.32703641960944385,1.3834844861521267,1.1176837393341854,0.2658007468179413
2020-21,2020-12-13,Arsenal,Burnley,1,2020-21,Independent Poisson,A,H,0.5909166030433994,0.2199197208386836,0.1891636761179173,A,1.49,4.82,6.88,0.6711409395973155,0.20746887966804978,0.14534883720930233,1.0239586564746677,0.02395865647466766,0.6554375368122289,0.2026145082676807,0.14194795492009027,H,0.1891636761179173,0.14194795492009027,1.6651426274879322,1.9522948032110374,-0.28715217572310525
2020-21,2020-12-13,Crystal Palace,Tottenham,1,2020-21,Independent Poisson,D,A,0.2116437653189258,0.2212129366554581,0.5671432980256159,D,4.33,3.93,1.85,0.23094688221709006,0.2544529262086514,0.5405405405405405,1.025940348966282,0.025940348966281945,0.22510751473005985,0.2480192210639082,0.526873264206032,A,0.2212129366554581,0.2480192210639082,1.508629527068228,1.3942490315305047,0.11438049553772323
2020-21,2020-12-13,Fulham,Liverpool,1,2020-21,Independent Poisson,D,A,0.0179581620134535,0.0469139863507098,0.9351278516358366,D,8.51,5.36,1.38,0.11750881316098707,0.18656716417910446,0.7246376811594204,1.028713658499512,0.028713658499512018,0.11422888399516941,0.18135966470128573,0.7044114513035448,A,0.0469139863507098,0.18135966470128573,3.059439431554541,1.7072731215864818,1.352166309968059
2020-21,2020-12-13,Leicester,Brighton,1,2020-21,Independent Poisson,H,H,0.5899856970484932,0.2302873700244296,0.1797269329270772,H,2.12,3.55,3.72,0.4716981132075471,0.28169014084507044,0.26881720430107525,1.0222054583536928,0.02220545835369281,0.4614513739412406,0.2755709613395578,0.26297766471920164,H,0.5899856970484932,0.4614513739412406,0.5276569846669105,0.7733785958316193,-0.2457216111647088
2020-21,2020-12-13,Southampton,Sheffield United,1,2020-21,Independent Poisson,H,H,0.6413964204563823,0.2130043397371298,0.1455992398064879,H,1.65,4.11,5.75,0.6060606060606061,0.24330900243309,0.17391304347826086,1.023282651971957,0.02328265197195689,0.5922709672568701,0.2377730160520281,0.16995601669110186,H,0.6413964204563823,0.5922709672568701,0.4441075725674949,0.5237910338567416,-0.07968346128924675
2020-21,2020-12-15,Man City,West Brom,1,2020-21,Independent Poisson,D,H,0.8424470670502542,0.1174798118431614,0.0400731211065845,D,1.09,12.6,29.4,0.9174311926605504,0.07936507936507936,0.034013605442176874,1.0308098774678067,0.030809877467806723,0.8900100908173562,0.07699293642785066,0.03299697275479314,H,0.1174798118431614,0.07699293642785066,2.1414887742604107,2.564041596039577,-0.4225528217791661
2020-21,2020-12-15,Wolves,Chelsea,1,2020-21,Independent Poisson,H,A,0.3115270781899911,0.2401263602816517,0.4483465615283571,H,5.79,3.86,1.68,0.17271157167530224,0.2590673575129534,0.5952380952380952,1.027017024426351,0.02701702442635101,0.16816816816816813,0.25225225225225223,0.5795795795795795,A,0.3115270781899911,0.16816816816816813,1.1662690161538982,1.782790799245295,-0.6165217830913967
2020-21,2020-12-16,Arsenal,Southampton,1,2020-21,Independent Poisson,D,A,0.3335281290372025,0.2631678569917911,0.4033040139710062,D,2.17,3.58,3.55,0.4608294930875576,0.27932960893854747,0.28169014084507044,1.0218492428711756,0.021849242871175623,0.45097600874344856,0.27335696619365457,0.27566702506289675,H,0.2631678569917911,0.27335696619365457,1.3349632108800755,1.296976769445442,0.03798644143463359
2020-21,2020-12-16,Fulham,Brighton,1,2020-21,Independent Poisson,D,H,0.4167209064493624,0.2647336984245914,0.3185453951260461,D,3.04,3.31,2.56,0.32894736842105265,0.3021148036253776,0.390625,1.0216871720464302,0.021687172046430225,0.3219648610857803,0.2957018663748556,0.3823332725393641,A,0.2647336984245914,0.2957018663748556,1.329030869863422,1.2184035404261553,0.11062732943726661
2020-21,2020-12-16,Leeds,Newcastle,1,2020-21,Independent Poisson,H,H,0.4449813355167733,0.2484531697608344,0.3065654947223923,H,1.6,4.54,5.6,0.625,0.22026431718061673,0.17857142857142858,1.0238357457520453,0.02383574575204528,0.6104494813676528,0.21513638109873223,0.17441413753361507,H,0.4449813355167733,0.6104494813676528,0.8097229403544511,0.49355973845784934,0.3161632018966018
2020-21,2020-12-16,Leicester,Everton,1,2020-21,Independent Poisson,A,H,0.6572407071827249,0.2115311618192103,0.1312281309980647,A,2.16,3.55,3.58,0.4629629629629629,0.28169014084507044,0.27932960893854747,1.0239827127465808,0.023982712746580814,0.4521199012444058,0.27509267230645545,0.2727874264491387,H,0.1312281309980647,0.2727874264491387,2.030818012360345,1.299062444804004,0.7317555675563412
2020-21,2020-12-16,Liverpool,Tottenham,1,2020-21,Independent Poisson,H,H,0.6695493007055087,0.1837104922600498,0.1467402070344415,H,1.81,4.07,4.39,0.5524861878453039,0.24570024570024568,0.22779043280182235,1.0259768663473718,0.02597686634737184,0.5384977049358196,0.2394793233252662,0.22202297173891425,H,0.6695493007055087,0.5384977049358196,0.4011504784657079,0.6189720443523997,-0.21782156588669183
2020-21,2020-12-16,West Ham,Crystal Palace,1,2020-21,Independent Poisson,D,A,0.2876813493385629,0.2482190042182863,0.4640996464431508,D,2.17,3.45,3.68,0.4608294930875576,0.2898550724637681,0.2717391304347826,1.0224236959861082,0.02242369598610816,0.45072262594921214,0.28349799951008414,0.2657793745407039,H,0.2482190042182863,0.28349799951008414,1.393443840978897,1.2605502122410464,0.1328936287378506
2020-21,2020-12-17,Aston Villa,Burnley,1,2020-21,Independent Poisson,D,H,0.4633894821906763,0.2851503108515167,0.2514602069578069,D,1.85,3.86,4.47,0.5405405405405405,0.2590673575129534,0.2237136465324385,1.0233215445859323,0.023321544585932275,0.5282215970145141,0.25316320064167136,0.21861520234381462,H,0.2851503108515167,0.25316320064167136,1.2547388312468617,1.3737209363927798,-0.11898210514591812
2020-21,2020-12-17,Sheffield United,Man United,1,2020-21,Independent Poisson,A,A,0.287797422909185,0.2435789745656572,0.4686236025251576,A,7.88,4.75,1.45,0.12690355329949238,0.21052631578947367,0.6896551724137931,1.0270850415027593,0.027085041502759255,0.12355700664651482,0.20497457102621827,0.6714684223272669,A,0.4686236025251576,0.6714684223272669,0.757955386005391,0.3982882896982722,0.35966709630711885
2020-21,2020-12-19,Crystal Palace,Liverpool,1,2020-21,Independent Poisson,A,A,0.0609617871692257,0.1086529992396791,0.830385213591095,A,5.54,4.2,1.65,0.18050541516245489,0.23809523809523808,0.6060606060606061,1.024661259318299,0.0246612593182991,0.17616106154198125,0.2323648287958514,0.5914741096621673,A,0.830385213591095,0.5914741096621673,0.18586557309815344,0.5251373671688818,-0.3392717940707284
2020-21,2020-12-19,Everton,Arsenal,1,2020-21,Independent Poisson,H,H,0.5250529838693823,0.2466202138929003,0.2283268022377176,H,2.75,3.45,2.72,0.36363636363636365,0.2898550724637681,0.3676470588235294,1.0211384949236613,0.021138494923661266,0.35610876041212075,0.2838548090241542,0.360036430563725,A,0.5250529838693823,0.35610876041212075,0.6442560998267948,1.0325190880121788,-0.3882629881853841
2020-21,2020-12-19,Newcastle,Fulham,1,2020-21,Independent Poisson,D,H,0.5216805278531954,0.2735939817433984,0.2047254904034061,D,2.89,3.38,2.63,0.3460207612456747,0.2958579881656805,0.3802281368821293,1.0221068862934843,0.02210688629348434,0.33853676742211036,0.2894589520265974,0.3720042805512924,A,0.2735939817433984,0.2894589520265974,1.296110090027576,1.239741781222135,0.05636830880544097
2020-21,2020-12-19,Southampton,Man City,1,2020-21,Independent Poisson,A,A,0.3577067392921827,0.2624285843003855,0.3798646764074316,A,5.97,4.81,1.54,0.16750418760469013,0.2079002079002079,0.6493506493506493,1.0247550448555474,0.02475504485554736,0.16345778285805077,0.2028779550234019,0.6336642621185474,A,0.3798646764074316,0.6336642621185474,0.9679402044028947,0.45623601982675416,0.5117041845761405
2020-21,2020-12-20,Brighton,Sheffield United,1,2020-21,Independent Poisson,D,H,0.4169732573707447,0.2708430227122542,0.3121837199170009,D,1.94,3.41,4.64,0.5154639175257733,0.29325513196480935,0.21551724137931036,1.024236290869893,0.024236290869892985,0.5032666017799322,0.286315896613803,0.21041750160626474,H,0.2708430227122542,0.286315896613803,1.3062158779179829,1.2506595440960384,0.05555633382194447
2020-21,2020-12-20,Man United,Leeds,1,2020-21,Independent Poisson,H,H,0.6738036405874722,0.2102821610893915,0.1159141983231363,H,1.74,4.44,4.45,0.5747126436781609,0.2252252252252252,0.2247191011235955,1.0246569700269816,0.02465697002698164,0.5608829691199264,0.21980548789834953,0.21931154298172403,H,0.6738036405874722,0.5608829691199264,0.3948165449559044,0.5782430064162096,-0.18342646146030522
2020-21,2020-12-20,Tottenham,Leicester,1,2020-21,Independent Poisson,A,H,0.5525629839481174,0.2308032065950353,0.2166338094568474,A,2.15,3.54,3.63,0.46511627906976744,0.2824858757062147,0.27548209366391185,1.0230842484398939,0.023084248439893873,0.45462167927912633,0.2761120368503168,0.26926628387055696,H,0.2166338094568474,0.26926628387055696,1.529546864921089,1.3120544861465167,0.2174923787745724
2020-21,2020-12-20,West Brom,Aston Villa,1,2020-21,Independent Poisson,A,A,0.29382081299232,0.2230338570453581,0.4831453299623217,A,5.08,4.17,1.7,0.19685039370078738,0.23980815347721823,0.5882352941176471,1.0248938412956528,0.024893841295652752,0.19206905707612856,0.2339834076610871,0.5739475352627843,A,0.4831453299623217,0.5739475352627843,0.7274377803967974,0.5552172888211983,0.17222049157559915
2020-21,2020-12-21,Burnley,Wolves,1,2020-21,Independent Poisson,H,H,0.3766771056490923,0.2755966238347362,0.3477262705161714,H,3.49,3.08,2.44,0.28653295128939826,0.3246753246753247,0.4098360655737705,1.0210443415384933,0.021044341538493327,0.28062733383121735,0.31798356982823006,0.4013890963405527,A,0.3766771056490923,0.28062733383121735,0.976366942215255,1.2707277039724327,-0.29436076175717774
2020-21,2020-12-21,Chelsea,West Ham,1,2020-21,Independent Poisson,H,H,0.6039098719150436,0.2201851354063524,0.1759049926786038,H,1.61,4.43,5.64,0.6211180124223602,0.22573363431151244,0.1773049645390071,1.0241566112728797,0.024156611272879713,0.606467805397848,0.22040929270666712,0.173122901895485,H,0.6039098719150436,0.606467805397848,0.5043303108652402,0.5001036346156233,0.004226676249616812
2020-21,2020-12-26,Arsenal,Chelsea,1,2020-21,Independent Poisson,H,H,0.3714425887595594,0.2631975936993184,0.3653598175411222,H,4.84,3.96,1.77,0.2066115702479339,0.25252525252525254,0.5649717514124294,1.024108574185616,0.02410857418561596,0.20174772036474162,0.24658054711246197,0.5516717325227962,A,0.3714425887595594,0.20174772036474162,0.9903609657719294,1.600737271203269,-0.6103763054313396
2020-21,2020-12-26,Aston Villa,Crystal Palace,1,2020-21,Independent Poisson,H,H,0.4044289889831989,0.297092824225854,0.298478186790947,H,1.83,3.93,4.47,0.5464480874316939,0.2544529262086514,0.2237136465324385,1.024614660172784,0.02461466017278391,0.5333205825295773,0.24834011858247493,0.21833929888794776,H,0.4044289889831989,0.5333205825295773,0.9052791104702758,0.6286325674652118,0.27664654300506397
2020-21,2020-12-26,Fulham,Southampton,1,2020-21,Independent Poisson,D,A,0.1989233098855135,0.2203503608136448,0.5807263293008416,D,2.8,3.43,2.68,0.35714285714285715,0.29154518950437314,0.3731343283582089,1.0218223750054392,0.021822375005439154,0.3495155967209625,0.2853188544660918,0.36516554881294583,A,0.2203503608136448,0.2853188544660918,1.512536450238505,1.2541479364896129,0.25838851374889216
2020-21,2020-12-26,Leicester,Man United,1,2020-21,Independent Poisson,D,A,0.3221622358876657,0.252476822510022,0.4253609416023122,D,3.03,3.62,2.4,0.33003300330033003,0.27624309392265195,0.4166666666666667,1.0229427638896487,0.022942763889648665,0.32263095742073483,0.27004745883558745,0.4073215837436777,A,0.252476822510022,0.27004745883558745,1.3764358265193863,1.3091575619649691,0.06727826455441721
2020-21,2020-12-26,Man City,Newcastle,1,2020-21,Independent Poisson,H,H,0.6712659270202672,0.1939162555559248,0.1348178174238078,H,1.13,9.55,22.04,0.8849557522123894,0.10471204188481674,0.045372050816696916,1.035039844913903,0.035039844913903107,0.8549967970421486,0.10116716027828564,0.043836042679565694,H,0.6712659270202672,0.8549967970421486,0.3985899060360581,0.15665755620192748,0.24193234983413062
2020-21,2020-12-26,Sheffield United,Everton,1,2020-21,Independent Poisson,A,A,0.2937524024061286,0.2613934276526093,0.444854169941262,A,3.38,3.29,2.37,0.2958579881656805,0.303951367781155,0.42194092827004215,1.0217502842168775,0.021750284216877525,0.28955997638154946,0.297481069960376,0.41295895365807467,A,0.444854169941262,0.41295895365807467,0.8100087585210607,0.8844070767760016,-0.07439831825494092
2020-21,2020-12-27,Leeds,Burnley,1,2020-21,Independent Poisson,H,H,0.4755442694937437,0.2560688149886809,0.2683869155175754,H,1.72,4.18,4.91,0.5813953488372093,0.23923444976076558,0.20366598778004072,1.0242957863780155,0.02429578637801555,0.5676049404567656,0.2335599276520662,0.19883513189116836,H,0.4755442694937437,0.5676049404567656,0.7432953003971001,0.5663296296172069,0.17696567077989322
2020-21,2020-12-27,Liverpool,West Brom,1,2020-21,Independent Poisson,D,H,0.9286189838128592,0.0552073228743229,0.0161736933128177,D,1.13,9.46,22.33,0.8849557522123894,0.10570824524312895,0.04478280340349306,1.0354468008590114,0.03544680085901142,0.8546607623667639,0.10208949909877833,0.04324973853445782,H,0.0552073228743229,0.10208949909877833,2.8966596737310297,2.2819054082803047,0.614754265450725
2020-21,2020-12-27,West Ham,Brighton,1,2020-21,Independent Poisson,D,H,0.4881952782275481,0.2628114706481313,0.2489932511243205,D,2.42,3.34,3.24,0.4132231404958678,0.29940119760479045,0.30864197530864196,1.0212663134093003,0.021266313409300297,0.40461839881548833,0.2931666242914616,0.30221497689304994,H,0.2628114706481313,0.2931666242914616,1.3363183455002805,1.2270141480156973,0.1093041974845832
2020-21,2020-12-27,Wolves,Tottenham,1,2020-21,Independent Poisson,D,H,0.3977260471399578,0.2589219631140192,0.3433519897460226,D,3.61,3.4,2.21,0.2770083102493075,0.29411764705882354,0.45248868778280543,1.0236146450909365,0.02361464509093647,0.2706177677095451,0.28733239453866405,0.44204983775179085,A,0.2589219631140192,0.28733239453866405,1.3512285634008527,1.2471155642587217,0.10411299914213101
2020-21,2020-12-28,Chelsea,Aston Villa,1,2020-21,Independent Poisson,D,H,0.6956069260048219,0.1733009947010272,0.1310920792941509,D,1.86,4.07,4.15,0.5376344086021505,0.24570024570024568,0.24096385542168672,1.0242985097240829,0.024298509724082873,0.5248805924231736,0.23987172037029555,0.23524768720653083,H,0.1733009947010272,0.23987172037029555,1.7527253425134761,1.4276509969924684,0.32507434552100767
2020-21,2020-12-28,Crystal Palace,Leicester,1,2020-21,Independent Poisson,D,A,0.317258538895964,0.2449596199692866,0.4377818411347493,D,3.4,3.49,2.27,0.29411764705882354,0.28653295128939826,0.44052863436123346,1.0211792327094553,0.02117923270945532,0.2880176541374158,0.2805902647757059,0.43139208108687827,A,0.2449596199692866,0.2805902647757059,1.4066618984730255,1.2708598062288743,0.13580209224415118
2020-21,2020-12-29,Brighton,Arsenal,1,2020-21,Independent Poisson,A,H,0.4024821754112992,0.2571992674977563,0.3403185570909447,A,3.85,3.56,2.08,0.2597402597402597,0.2808988764044944,0.4807692307692307,1.0214083669139848,0.021408366913984844,0.2542961935244584,0.27501133288459695,0.4706924735909447,A,0.3403185570909447,0.4706924735909447,1.0778731673989046,0.753550320524539,0.32432284687436563
2020-21,2020-12-29,Burnley,Sheffield United,1,2020-21,Independent Poisson,H,H,0.4541216378243717,0.2797596080263316,0.2661187541492967,H,2.43,3.22,3.34,0.4115226337448559,0.3105590062111801,0.29940119760479045,1.0214828375608265,0.021482837560826473,0.40286788834114984,0.30402763002142674,0.2931044816374234,H,0.4541216378243717,0.40286788834114984,0.7893901921029225,0.9091465912737628,-0.11975639917084036
2020-21,2020-12-29,Man United,Wolves,1,2020-21,Independent Poisson,H,H,0.6903323396154709,0.1918491775206434,0.1178184828638856,H,1.57,4.31,6.35,0.6369426751592356,0.2320185614849188,0.15748031496062992,1.0264415516047845,0.026441551604784452,0.6205347729380315,0.2260416690284709,0.15342355803349755,H,0.6903323396154709,0.6205347729380315,0.370582145731115,0.477173635717448,-0.106591489986333
2020-21,2020-12-29,Southampton,West Ham,1,2020-21,Independent Poisson,D,H,0.4978275761799121,0.2663316102225577,0.2358408135975302,D,2.05,3.65,3.84,0.48780487804878053,0.273972602739726,0.2604166666666667,1.0221941474551732,0.02219414745517323,0.47721353058340854,0.26802403772492805,0.2547624316916634,H,0.2663316102225577,0.26802403772492805,1.3230130916575005,1.3166786094899945,0.006334482167505984
2020-21,2020-12-29,West Brom,Leeds,1,2020-21,Independent Poisson,A,A,0.3437918040213744,0.259500191081319,0.3967080048973067,A,4.35,4.04,1.83,0.2298850574712644,0.24752475247524752,0.5464480874316939,1.023857897378206,0.023857897378205983,0.22452828469647138,0.24175694020535898,0.5337147750981696,A,0.3967080048973067,0.5337147750981696,0.9245547729477526,0.6278937117493123,0.29666106119844027
2020-21,2020-12-30,Newcastle,Liverpool,1,2020-21,Independent Poisson,D,A,0.0131387683678736,0.0349280781667533,0.9519331534653728,D,10.49,6.04,1.3,0.09532888465204957,0.16556291390728478,0.7692307692307692,1.0301225677901036,0.030122567790103583,0.09254130297966023,0.16072156759215828,0.7467371294281814,A,0.0349280781667533,0.16072156759215828,3.354464241237483,1.8280818049630543,1.5263824362744287
2020-21,2021-01-01,Everton,West Ham,1,2020-21,Independent Poisson,A,H,0.4812721203351323,0.2833793378972143,0.2353485417676531,A,2.3,3.52,3.3,0.4347826086956522,0.2840909090909091,0.30303030303030304,1.0219038208168643,0.02190382081686426,0.4254633360193393,0.2780016116035456,0.29653505237711525,H,0.2353485417676531,0.29653505237711525,1.4466877071701016,1.2155898470356763,0.23109786013442535
2020-21,2021-01-01,Man United,Aston Villa,1,2020-21,Independent Poisson,H,H,0.7704608981391967,0.1492750161287006,0.0802640857321028,H,1.75,4.13,4.74,0.5714285714285714,0.24213075060532688,0.21097046413502107,1.0245297861689193,0.02452978616891932,0.5577471530284598,0.2363335394188389,0.20591930755270138,H,0.7704608981391967,0.5577471530284598,0.2607663741934408,0.5838495500689685,-0.32308317587552776
2020-21,2021-01-02,Brighton,Wolves,1,2020-21,Independent Poisson,D,A,0.3171354117026812,0.2578562015149444,0.4250083867823743,D,2.87,3.09,2.86,0.3484320557491289,0.3236245954692557,0.3496503496503497,1.0217070008687341,0.021707000868734116,0.34102933174859823,0.31674892625193435,0.34222174199946753,A,0.2578562015149444,0.31674892625193435,1.3553532079116972,1.149645849677923,0.20570735823377428
2020-21,2021-01-02,Crystal Palace,Sheffield United,1,2020-21,Independent Poisson,H,H,0.5241558510601623,0.2501257613061828,0.2257183876336549,H,2.14,3.28,4.0,0.4672897196261682,0.3048780487804878,0.25,1.0221677684066561,0.02216776840665613,0.45715560015610185,0.2982661537603835,0.2445782460835145,H,0.5241558510601623,0.45715560015610185,0.6459662131960138,0.7827314642966697,-0.13676525110065596
2020-21,2021-01-02,Tottenham,Leeds,1,2020-21,Independent Poisson,H,H,0.4953046190375627,0.2614682517461111,0.243227129216326,H,1.89,4.08,3.98,0.5291005291005292,0.24509803921568626,0.25125628140703515,1.0254548497232507,0.02545484972325074,0.5159666749280308,0.23901397441519068,0.24501935065677838,H,0.4953046190375627,0.5159666749280308,0.7025823136943758,0.661713099058985,0.04086921463539084
2020-21,2021-01-02,West Brom,Arsenal,1,2020-21,Independent Poisson,A,A,0.2505464449758134,0.2580994197335342,0.4913541352906524,A,6.21,4.14,1.61,0.1610305958132045,0.24154589371980678,0.6211180124223602,1.0236945019553714,0.023694501955371372,0.15730337078651688,0.23595505617977533,0.6067415730337079,A,0.4913541352906524,0.6067415730337079,0.7105901580278767,0.4996523231678654,0.21093783486001133
2020-21,2021-01-03,Chelsea,Man City,1,2020-21,Independent Poisson,A,H,0.4109938078442479,0.2179542813341242,0.3710519108216279,A,3.5,3.59,2.18,0.2857142857142857,0.2785515320334262,0.4587155963302752,1.0229814140779872,0.02298141407798715,0.2792956761309294,0.2722938346680371,0.4484104892010335,A,0.3710519108216279,0.4484104892010335,0.9914133048106845,0.8020461955487374,0.1893671092619471
2020-21,2021-01-03,Newcastle,Leicester,1,2020-21,Independent Poisson,A,A,0.2345104405158502,0.2486015833133069,0.5168879761708428,A,6.57,4.14,1.58,0.15220700152207,0.24154589371980678,0.6329113924050632,1.02666428764694,0.026664287646940066,0.14825391644908614,0.23527251958224546,0.6164735639686684,A,0.5168879761708428,0.6164735639686684,0.6599291084729371,0.4837398381265577,0.17618927034637938
2020-21,2021-01-04,Southampton,Liverpool,1,2020-21,Independent Poisson,H,A,0.0862595303105252,0.1416248263545063,0.7721156433349685,H,6.16,4.92,1.52,0.16233766233766234,0.2032520325203252,0.6578947368421053,1.0234844317000928,0.023484431700092845,0.158612732455545,0.19858829917198315,0.6427989683724719,A,0.0862595303105252,0.158612732455545,2.450394732821025,1.8412896927039009,0.6091050401171241
2020-21,2021-01-12,Burnley,Man United,1,2020-21,Independent Poisson,A,A,0.107953408885918,0.1683963835336311,0.7236502075804507,A,7.92,5.05,1.43,0.12626262626262627,0.19801980198019803,0.6993006993006994,1.0235831275435237,0.023583127543523652,0.12335356344300183,0.19345746979575731,0.6831889667612409,A,0.7236502075804507,0.6831889667612409,0.32344714204656333,0.38098378599233484,-0.057536643945771515
2020-21,2021-01-12,Sheffield United,Newcastle,1,2020-21,Independent Poisson,H,H,0.4577917341291441,0.2560410307523664,0.2861672351184894,H,2.34,3.23,3.5,0.4273504273504274,0.30959752321981426,0.2857142857142857,1.0226622362845275,0.02266223628452746,0.41788032469356673,0.3027368296541629,0.2793828456522703,H,0.4577917341291441,0.41788032469356673,0.7813409272641941,0.8725601920112012,-0.09121926474700703
2020-21,2021-01-12,Wolves,Everton,1,2020-21,Independent Poisson,A,H,0.4687137460127887,0.2349427915303323,0.2963434624568791,A,2.73,2.93,3.18,0.3663003663003663,0.341296928327645,0.31446540880503143,1.0220627034330427,0.02206270343304273,0.3583932424791424,0.3339295399208391,0.3076772176000185,H,0.2963434624568791,0.3076772176000185,1.21623615120124,1.1787040403442235,0.037532110857016576
2020-21,2021-01-13,Man City,Brighton,1,2020-21,Independent Poisson,H,H,0.7296926010352265,0.1754393004565347,0.0948680985082383,H,1.18,7.99,17.46,0.8474576271186441,0.1251564455569462,0.0572737686139748,1.0298878412895651,0.02988784128956512,0.8228639985277498,0.12152434521436105,0.05561165625788916,H,0.7296926010352265,0.8228639985277498,0.31513192799716744,0.19496434283808015,0.12016758515908729
2020-21,2021-01-13,Tottenham,Fulham,1,2020-21,Independent Poisson,D,H,0.7899708140696312,0.136134273913791,0.0738949120165778,D,1.66,3.85,6.19,0.6024096385542169,0.2597402597402597,0.16155088852988692,1.0237007868243635,0.023700786824363496,0.5884626116415913,0.2537267364480627,0.15781065191034596,H,0.136134273913791,0.2537267364480627,1.9941135721246115,1.3714974318513313,0.6226161402732802
2020-21,2021-01-14,Arsenal,Crystal Palace,1,2020-21,Independent Poisson,D,H,0.6660466897214887,0.1946880992377387,0.1392652110407727,D,1.74,3.94,5.14,0.5747126436781609,0.25380710659898476,0.19455252918287938,1.023072279460025,0.023072279460025102,0.5617517503078988,0.2480832602882599,0.19016498940384124,H,0.1946880992377387,0.2480832602882599,1.6363564920584504,1.3939908621920534,0.24236562986639698
2020-21,2021-01-16,Fulham,Chelsea,1,2020-21,Independent Poisson,A,H,0.3815198542833826,0.272474142461396,0.3460060032552212,A,6.29,4.09,1.61,0.1589825119236884,0.24449877750611249,0.6211180124223602,1.024599301852161,0.024599301852161082,0.15516554777686928,0.23862867861039308,0.6062057736127376,A,0.3460060032552212,0.6062057736127376,1.0612991536263139,0.5005357901333549,0.560763363492959
2020-21,2021-01-16,Leeds,Brighton,1,2020-21,Independent Poisson,A,H,0.3997077503193122,0.2737246315281365,0.3265676181525513,A,2.3,3.58,3.24,0.4347826086956522,0.27932960893854747,0.30864197530864196,1.0227541929428416,0.022754192942841645,0.4251095832172753,0.27311509536305395,0.30177532141967073,H,0.3265676181525513,0.30177532141967073,1.1191182517000835,1.1980725072984355,-0.07895425559835201
2020-21,2021-01-16,Leicester,Southampton,1,2020-21,Independent Poisson,H,H,0.5546657168211399,0.2320648663759517,0.2132694168029084,H,1.73,3.86,5.32,0.5780346820809249,0.2590673575129534,0.18796992481203006,1.0250719644059083,0.02507196440590831,0.5638966844790563,0.2527308974478672,0.18337241807307655,H,0.5546657168211399,0.5638966844790563,0.5893896587324464,0.5728842278120061,0.016505430920440323
2020-21,2021-01-16,West Ham,Burnley,1,2020-21,Independent Poisson,H,H,0.4922408588706906,0.2571258816981859,0.2506332594311235,H,1.79,3.73,5.11,0.5586592178770949,0.2680965147453083,0.19569471624266144,1.0224504488650648,0.022450448865064754,0.5463924618520292,0.26220978732309175,0.1913977508248791,H,0.4922408588706906,0.5463924618520292,0.7087871317304213,0.6044177668455596,0.1043693648848617
2020-21,2021-01-16,Wolves,West Brom,1,2020-21,Independent Poisson,A,H,0.7498853041010938,0.1587130454649239,0.0914016504339823,A,1.64,3.85,6.52,0.6097560975609756,0.2597402597402597,0.15337423312883436,1.0228705904300697,0.02287059043006967,0.5961224257162399,0.2539326696557489,0.14994490462801124,H,0.0914016504339823,0.14994490462801124,2.3924917434204866,1.8974873548378846,0.4950043885826021
2020-21,2021-01-17,Liverpool,Man United,1,2020-21,Independent Poisson,D,H,0.5747565568459588,0.2180809906008482,0.2071624525531929,D,1.94,3.98,3.89,0.5154639175257733,0.25125628140703515,0.2570694087403599,1.0237896076731683,0.02378960767316829,0.5034861788617887,0.24541788617886176,0.25109593495934956,H,0.2180809906008482,0.24541788617886176,1.5228887686705692,1.4047928635469353,0.11809590512363388
2020-21,2021-01-17,Man City,Crystal Palace,1,2020-21,Independent Poisson,H,H,0.6926928001776613,0.187137229470891,0.1201699703514475,H,1.19,7.48,17.24,0.8403361344537815,0.1336898395721925,0.0580046403712297,1.0320306143972038,0.03203061439720378,0.8142550450837269,0.12954057535422925,0.0562043795620438,H,0.6926928001776613,0.8142550450837269,0.3671686678611219,0.2054816388563777,0.1616870290047442
2020-21,2021-01-17,Sheffield United,Tottenham,1,2020-21,Independent Poisson,A,A,0.2131261011962135,0.2232773707590842,0.5635965280447023,A,4.81,3.71,1.83,0.2079002079002079,0.2695417789757412,0.5464480874316939,1.0238900743076431,0.023890074307643117,0.2030493439843047,0.26325265352143,0.5336980024942652,A,0.5635965280447023,0.5336980024942652,0.5734166592947161,0.6279251383993539,-0.05450847910463785
2020-21,2021-01-18,Arsenal,Newcastle,1,2020-21,Independent Poisson,H,H,0.6100966407806766,0.2090243520735616,0.1808790071457618,H,1.44,4.84,7.87,0.6944444444444444,0.2066115702479339,0.12706480304955528,1.0281208177419336,0.028120817741933646,0.6754502315882056,0.20096039948078845,0.12358936893100587,H,0.6100966407806766,0.6754502315882056,0.4941379068537868,0.39237580070144423,0.10176210615234255
2020-21,2021-01-19,Leicester,Chelsea,1,2020-21,Independent Poisson,H,H,0.5855086850770866,0.2299375538015713,0.1845537611213419,H,2.88,3.48,2.58,0.3472222222222222,0.28735632183908044,0.38759689922480617,1.0221754432861088,0.022175443286108765,0.3396894579133751,0.28112230999727594,0.379188232089349,A,0.5855086850770866,0.3396894579133751,0.5352742624470606,1.0797234378167977,-0.5444491753697371
2020-21,2021-01-19,West Ham,West Brom,1,2020-21,Independent Poisson,H,H,0.6865699246038572,0.1973008897234829,0.1161291856726598,H,1.54,4.27,7.01,0.6493506493506493,0.234192037470726,0.14265335235378032,1.0261960391751557,0.026196039175155672,0.63277446468473,0.2282137413617059,0.13901179395356408,H,0.6865699246038572,0.63277446468473,0.37604720229129207,0.4576412162431302,-0.08159401395183813
2020-21,2021-01-20,Fulham,Man United,1,2020-21,Independent Poisson,A,A,0.0970260991958692,0.1604177476991564,0.7425561531049744,A,5.49,4.18,1.66,0.18214936247723132,0.23923444976076558,0.6024096385542169,1.0237934507922137,0.023793450792213733,0.1779161239371904,0.23367452641511371,0.588409349647696,A,0.7425561531049744,0.588409349647696,0.29765678408745905,0.5303324004292019,-0.23267561634174289
2020-21,2021-01-20,Man City,Aston Villa,1,2020-21,Independent Poisson,H,H,0.8350202793673469,0.1041639234683575,0.0608157971642956,H,1.33,5.95,9.55,0.7518796992481203,0.1680672268907563,0.10471204188481674,1.0246589680236933,0.024658968023693273,0.7337853107344633,0.1640225988700565,0.10219209039548022,H,0.8350202793673469,0.7337853107344633,0.18029926775871657,0.30953878533918394,-0.12923951758046737
2020-21,2021-01-21,Liverpool,Burnley,1,2020-21,Independent Poisson,A,H,0.8615484826832822,0.0984572656392305,0.0399942516774872,A,1.35,5.34,9.48,0.7407407407407407,0.18726591760299627,0.10548523206751054,1.0334918904112476,0.03349189041124756,0.7167359005071484,0.18119727821809936,0.10206682127475215,H,0.0399942516774872,0.10206682127475215,3.219019543258014,2.282127569652316,0.936891973605698
2020-21,2021-01-23,Aston Villa,Newcastle,1,2020-21,Independent Poisson,H,H,0.5932639031908665,0.2467917303742619,0.1599443664348714,H,1.52,4.66,6.51,0.6578947368421053,0.2145922746781116,0.15360983102918588,1.0260968425494028,0.02609684254940281,0.6411624220648843,0.20913452393532705,0.14970305399978864,H,0.5932639031908665,0.6411624220648843,0.5221159483051954,0.44447246560216364,0.07764348270303173
2020-21,2021-01-26,Crystal Palace,West Ham,1,2020-21,Independent Poisson,A,H,0.45364163811018,0.2675558595859147,0.2788025023039053,A,3.64,3.38,2.21,0.2747252747252747,0.2958579881656805,0.45248868778280543,1.0230719506737607,0.023071950673760666,0.26852976913730253,0.2891859052247874,0.4422843256379101,A,0.2788025023039053,0.4422843256379101,1.2772516248709622,0.8158023330403291,0.4614492918306331
2020-21,2021-01-26,Newcastle,Leeds,1,2020-21,Independent Poisson,A,H,0.4659586957261778,0.24040183759495,0.2936394666788722,A,4.2,4.01,1.86,0.23809523809523808,0.24937655860349128,0.5376344086021505,1.02510620530088,0.025106205300879925,0.2322639711515106,0.24326899721604606,0.5244670316324433,A,0.2936394666788722,0.5244670316324433,1.2254025679826164,0.6453727098755132,0.5800298581071032
2020-21,2021-01-26,Southampton,Arsenal,1,2020-21,Independent Poisson,A,H,0.377859795108588,0.294484259022452,0.3276559458689598,A,3.55,3.74,2.11,0.28169014084507044,0.267379679144385,0.47393364928909953,1.023003469278555,0.02300346927855501,0.27535599761330687,0.26136732393776446,0.4632766784489286,A,0.3276559458689598,0.4632766784489286,1.1157911666478273,0.7694308257308491,0.3463603409169782
2020-21,2021-01-26,West Brom,Man City,1,2020-21,Independent Poisson,A,A,0.1101327353018904,0.1708858599089745,0.718981404789135,A,20.07,8.8,1.16,0.04982561036372696,0.11363636363636363,0.8620689655172414,1.025530939517332,0.025530939517331985,0.04858518494544638,0.11080734793808053,0.8406074671164732,A,0.718981404789135,0.8406074671164732,0.32991978419757084,0.1736304733712589,0.15628931082631195
2020-21,2021-01-27,Brighton,Fulham,1,2020-21,Independent Poisson,D,H,0.5978582375818704,0.2289624827104053,0.1731792797077244,D,2.14,3.35,3.9,0.4672897196261682,0.29850746268656714,0.25641025641025644,1.0222074387229918,0.0222074387229918,0.45713785864240725,0.29202239328201535,0.25083974807557735,H,0.2289624827104053,0.29202239328201535,1.4741971198085837,1.2309247903323606,0.24327232947622313
2020-21,2021-01-27,Burnley,Aston Villa,1,2020-21,Independent Poisson,H,A,0.3508249554409343,0.2652874390049123,0.3838876055541533,H,4.66,3.84,1.82,0.2145922746781116,0.2604166666666667,0.5494505494505494,1.0244594907953277,0.02445949079532772,0.2094687751016053,0.2541990864514273,0.5363321384469674,A,0.3508249554409343,0.2094687751016053,1.0474678823571761,1.5631805955893063,-0.5157127132321302
2020-21,2021-01-27,Chelsea,Wolves,1,2020-21,Independent Poisson,D,H,0.573409829961615,0.2242208486487798,0.202369321389605,D,1.64,3.97,6.1,0.6097560975609756,0.2518891687657431,0.1639344262295082,1.0255796925562268,0.02557969255622683,0.5945477489332659,0.24560662676336426,0.15984562430336988,H,0.2242208486487798,0.24560662676336426,1.495123781370534,1.4040241011376333,0.09109968023290071
2020-21,2021-01-27,Everton,Leicester,1,2020-21,Independent Poisson,D,A,0.3157722339778195,0.3150235321318473,0.3692042338903332,D,3.38,3.34,2.34,0.2958579881656805,0.29940119760479045,0.4273504273504274,1.0226096131208984,0.022609613120898375,0.2893166506256015,0.29278152069297403,0.41790182868142445,A,0.3150235321318473,0.29278152069297403,1.1551079377663294,1.2283286112740348,-0.07322067350770545
2020-21,2021-01-27,Man United,Sheffield United,1,2020-21,Independent Poisson,A,H,0.7820231055938281,0.1478751954410413,0.0701016989651304,A,1.28,6.26,11.23,0.78125,0.1597444089456869,0.08904719501335707,1.0300416039590439,0.030041603959043872,0.7584645095860262,0.15508539493132803,0.0864500954826459,H,0.0701016989651304,0.0864500954826459,2.657808248928149,2.4481879623694,0.20962028655874887
2020-21,2021-01-28,Tottenham,Liverpool,1,2020-21,Independent Poisson,A,H,0.4640552116343415,0.2434282770599312,0.2925165113057273,A,3.69,3.9,2.02,0.2710027100271003,0.25641025641025644,0.49504950495049505,1.0224624713878518,0.022462471387851846,0.2650490532520489,0.25077718115386166,0.4841737655940893,A,0.2925165113057273,0.4841737655940893,1.229234164994936,0.7253114168752021,0.503922748119734
2020-21,2021-01-30,Arsenal,Man United,1,2020-21,Independent Poisson,D,A,0.2512911722241994,0.2500395878768411,0.4986692398989595,D,3.6,3.7,2.11,0.2777777777777778,0.27027027027027023,0.47393364928909953,1.0219816973371476,0.02198169733714761,0.271803084636006,0.2644570553215193,0.46373986004247464,A,0.2500395878768411,0.2644570553215193,1.3861360221488028,1.3300764025992624,0.05605961954954042
2020-21,2021-01-30,Crystal Palace,Wolves,1,2020-21,Independent Poisson,H,A,0.2866030625769694,0.2408255031686088,0.4725714342544216,H,2.99,3.18,2.68,0.33444816053511706,0.31446540880503143,0.3731343283582089,1.0220478976983574,0.022047897698357355,0.3272333530437187,0.3076816747172072,0.36508497223907416,A,0.2866030625769694,0.3272333530437187,1.2496570777520353,1.117081744718345,0.1325753330336903
2020-21,2021-01-30,Everton,Newcastle,1,2020-21,Independent Poisson,A,H,0.6469019638288531,0.247218043788547,0.1058799923825999,A,1.56,4.17,6.83,0.641025641025641,0.23980815347721823,0.14641288433382138,1.0272466788366805,0.027246678836680527,0.6240230844567726,0.23344748483274946,0.14252943071047808,H,0.1058799923825999,0.14252943071047808,2.24544897356695,1.9482067692964844,0.29724220427046544
2020-21,2021-01-30,Man City,Sheffield United,1,2020-21,Independent Poisson,H,H,0.7972603239850957,0.1427385504248074,0.0600011255900968,H,1.19,7.29,18.12,0.8403361344537815,0.13717421124828533,0.05518763796909492,1.0326979836711618,0.032697983671161834,0.8137288420632441,0.1328309083752072,0.05344024956154859,H,0.7972603239850957,0.8137288420632441,0.22657402368055443,0.20612808633409782,0.02044593734645661
2020-21,2021-01-30,Southampton,Aston Villa,1,2020-21,Independent Poisson,A,H,0.5242659389969269,0.2497287940019934,0.2260052670010796,A,3.37,3.74,2.18,0.29673590504451036,0.267379679144385,0.4587155963302752,1.0228311805191705,0.022831180519170546,0.29011229878022743,0.26141134943565947,0.4484763517841131,A,0.2260052670010796,0.4484763517841131,1.4871969746669043,0.8018993262221105,0.6852976484447938
2020-21,2021-01-30,West Brom,Fulham,1,2020-21,Independent Poisson,D,H,0.4258338312009374,0.2553747391790279,0.3187914296200347,D,3.6,3.41,2.22,0.2777777777777778,0.29325513196480935,0.4504504504504504,1.0214833601930375,0.021483360193037537,0.27193568549690716,0.28708752721081104,0.4409767872922818,A,0.2553747391790279,0.28708752721081104,1.3650232471702648,1.247968136857317,0.1170551103129478
2020-21,2021-01-31,Brighton,Tottenham,1,2020-21,Independent Poisson,H,A,0.2160865874487732,0.218865414026986,0.5650479985242407,H,3.12,3.43,2.44,0.3205128205128205,0.29154518950437314,0.4098360655737705,1.0218940755909642,0.021894075590964235,0.3136458348948417,0.2852988352396228,0.4010553298655354,A,0.2160865874487732,0.3136458348948417,1.5320760838056153,1.1594908439956217,0.3725852398099936
2020-21,2021-01-31,Chelsea,Burnley,1,2020-21,Independent Poisson,H,H,0.6436725431676806,0.2095470450441962,0.1467804117881232,H,1.36,5.2,9.96,0.7352941176470588,0.1923076923076923,0.1004016064257028,1.028003416380454,0.028003416380453894,0.7152642743503623,0.18706911790701786,0.09766660774261976,H,0.6436725431676806,0.7152642743503623,0.4405651555363019,0.3351031901027017,0.1054619654336002
2020-21,2021-01-31,Leicester,Leeds,1,2020-21,Independent Poisson,A,H,0.6025915308670825,0.2107692078830631,0.1866392612498544,A,1.87,3.93,4.28,0.53475935828877,0.2544529262086514,0.2336448598130841,1.0228571443105055,0.02285714431050545,0.5228094277517553,0.24876682694549176,0.22842374530275295,H,0.1866392612498544,0.22842374530275295,1.6785776094323126,1.4765528429318315,0.20202476650048107
2020-21,2021-01-31,West Ham,Liverpool,1,2020-21,Independent Poisson,A,A,0.1869560014330066,0.197745864161057,0.6152981344059363,A,3.66,3.53,2.14,0.27322404371584696,0.28328611898017,0.4672897196261682,1.0237998823221852,0.023799882322185217,0.2668725093971681,0.2767006754656191,0.4564268151372128,A,0.6152981344059363,0.4564268151372128,0.4856483572475435,0.7843269091329087,-0.2986785518853652
2020-21,2021-02-02,Man United,Southampton,1,2020-21,Independent Poisson,H,H,0.6901983160986662,0.1823049290538093,0.1274967548475243,H,1.45,4.95,7.33,0.6896551724137931,0.20202020202020202,0.1364256480218281,1.0281010224558234,0.028101022455823355,0.6708048697066898,0.19649839617670709,0.13269673411660302,H,0.6901983160986662,0.6708048697066898,0.3707763080507578,0.399276989508614,-0.028500681457856225
2020-21,2021-02-02,Newcastle,Crystal Palace,1,2020-21,Independent Poisson,A,H,0.3742417507601369,0.2651528794543619,0.360605369785501,A,3.01,3.45,2.49,0.33222591362126247,0.2898550724637681,0.4016064257028112,1.0236874117878418,0.02368741178784184,0.324538437999388,0.28314802851540805,0.39231353348520387,A,0.360605369785501,0.39231353348520387,1.0199710770717112,0.9356939285660909,0.08427714850562029
2020-21,2021-02-02,Sheffield United,West Brom,1,2020-21,Independent Poisson,H,H,0.590542767756278,0.2462504414670127,0.1632067907767092,H,2.2,3.36,3.68,0.45454545454545453,0.2976190476190476,0.2717391304347826,1.0239036325992847,0.02390363259928474,0.44393382352941174,0.2906709558823529,0.2653952205882353,H,0.590542767756278,0.44393382352941174,0.5267132196231338,0.8120797737633153,-0.2853665541401815
2020-21,2021-02-02,Wolves,Arsenal,1,2020-21,Independent Poisson,H,H,0.4407317296316161,0.2751590315278504,0.2841092388405335,H,3.72,3.34,2.2,0.26881720430107525,0.29940119760479045,0.45454545454545453,1.0227638564513202,0.022763856451320175,0.2628340868768958,0.2927373662221714,0.44442854690093286,A,0.4407317296316161,0.2628340868768958,0.819318911469499,1.3362322942497575,-0.5169133827802586
2020-21,2021-02-03,Aston Villa,West Ham,1,2020-21,Independent Poisson,A,A,0.2706866026391376,0.2843787407602424,0.4449346566006201,A,2.46,3.57,2.98,0.4065040650406504,0.2801120448179272,0.33557046979865773,1.0221865796572354,0.02218657965723536,0.3976808863768896,0.2740322074193693,0.32828690620374107,H,0.4449346566006201,0.32828690620374107,0.809827846697543,1.1138673389015774,-0.30403949220403437
2020-21,2021-02-03,Burnley,Man City,1,2020-21,Independent Poisson,A,A,0.1321846701446695,0.1855596512893915,0.682255678565939,A,17.18,6.69,1.22,0.05820721769499418,0.14947683109118085,0.819672131147541,1.027356179933716,0.027356179933716085,0.05665729065721846,0.14549659992391822,0.7978461094188632,A,0.682255678565939,0.7978461094188632,0.3823507961363686,0.22583954546915214,0.15651125066721644
2020-21,2021-02-03,Fulham,Leicester,1,2020-21,Independent Poisson,A,A,0.1640108073963277,0.2327585450732045,0.6032306475304676,A,3.9,3.34,2.14,0.25641025641025644,0.29940119760479045,0.4672897196261682,1.0231011736412152,0.023101173641215222,0.2506206258152288,0.2926408505028121,0.456738523681959,A,0.6032306475304676,0.456738523681959,0.5054556553389205,0.783644210078089,-0.2781885547391686
2020-21,2021-02-03,Leeds,Everton,1,2020-21,Independent Poisson,A,H,0.5730168309986531,0.2348994416312229,0.1920837273701239,A,2.65,3.51,2.78,0.37735849056603776,0.2849002849002849,0.3597122302158274,1.02197100568215,0.021971005682150047,0.36924578923269624,0.2787753109591581,0.3519788998081457,H,0.1920837273701239,0.3519788998081457,1.6498239219568995,1.0441840489075958,0.6056398730493038
2020-21,2021-02-03,Liverpool,Brighton,1,2020-21,Independent Poisson,A,H,0.8521957825059944,0.107458683632633,0.0403455338613726,A,1.52,4.68,6.57,0.6578947368421053,0.2136752136752137,0.15220700152207,1.023776952039389,0.0237769520393889,0.6426153035888948,0.2087126627040855,0.14867203370701979,H,0.0403455338613726,0.14867203370701979,3.2102745753643913,1.9060125151135197,1.3042620602508717
2020-21,2021-02-04,Tottenham,Chelsea,1,2020-21,Independent Poisson,A,H,0.5706460896943166,0.2519277084601728,0.1774262018455101,A,4.11,3.59,1.99,0.24330900243309,0.2785515320334262,0.5025125628140703,1.0243730972805865,0.024373097280586453,0.23751990664241854,0.27192390426193325,0.4905561890956483,A,0.1774262018455101,0.4905561890956483,1.7292005207712338,0.7122154518064222,1.0169850689648117
2020-21,2021-02-06,Aston Villa,Arsenal,1,2020-21,Independent Poisson,H,H,0.4010801835251132,0.3072960487283199,0.2916237677465669,H,3.05,3.5,2.45,0.3278688524590164,0.2857142857142857,0.4081632653061224,1.0217464034794246,0.02174640347942458,0.320890635232482,0.27963326784544856,0.39947609692206937,A,0.4010801835251132,0.320890635232482,0.9135939127491929,1.1366549141139601,-0.22306100136476725
2020-21,2021-02-06,Burnley,Brighton,1,2020-21,Independent Poisson,D,H,0.3699684111795078,0.2892604583964558,0.3407711304240364,D,3.66,3.24,2.27,0.27322404371584696,0.30864197530864196,0.44052863436123346,1.0223946533857222,0.02239465338572222,0.26723931195360706,0.3018814449846302,0.43087924306176295,A,0.2892604583964558,0.3018814449846302,1.2404277566166015,1.1977209049576387,0.04270685165896282
2020-21,2021-02-06,Fulham,West Ham,1,2020-21,Independent Poisson,D,A,0.3342424135371362,0.2977508653862291,0.3680067210766347,D,4.07,3.67,1.98,0.24570024570024568,0.2724795640326976,0.5050505050505051,1.0232303147834485,0.023230314783448502,0.24012213296499574,0.2662934826069572,0.4935843844280469,A,0.2977508653862291,0.2662934826069572,1.2114981643320457,1.32315626033723,-0.11165809600518428
2020-21,2021-02-06,Man United,Everton,1,2020-21,Independent Poisson,D,H,0.6790936688214424,0.1870438975294392,0.1338624336491183,D,1.64,4.25,5.61,0.6097560975609756,0.23529411764705882,0.17825311942959002,1.0233033346376244,0.02330333463762435,0.5958703318179888,0.22993584568976508,0.17419382249224627,H,0.1870438975294392,0.22993584568976508,1.6764119435293823,1.469954940751277,0.2064570027781052
2020-21,2021-02-06,Newcastle,Southampton,1,2020-21,Independent Poisson,H,H,0.3970832855092755,0.2633352747680549,0.3395814397226697,H,3.39,3.64,2.21,0.2949852507374631,0.2747252747252747,0.45248868778280543,1.0221992132455433,0.022199213245543303,0.2885790234575386,0.2687590355827076,0.44266194095975375,A,0.3970832855092755,0.2885790234575386,0.923609233120183,1.2427863190762738,-0.31917708595609084
2020-21,2021-02-07,Liverpool,Man City,1,2020-21,Independent Poisson,A,H,0.4931625771870617,0.2412198142601182,0.2656176085528201,A,3.15,3.69,2.3,0.31746031746031744,0.2710027100271003,0.4347826086956522,1.02324563618307,0.023245636183069962,0.3102483961177825,0.2648461918078632,0.42490541207435434,A,0.2656176085528201,0.42490541207435434,1.3256975663153008,0.855888694652882,0.4698088716624188
2020-21,2021-02-07,Sheffield United,Chelsea,1,2020-21,Independent Poisson,A,A,0.2442039660406512,0.2463810661506564,0.5094149678086923,A,6.96,4.36,1.53,0.14367816091954022,0.2293577981651376,0.6535947712418301,1.0266307303265079,0.026630730326507868,0.13995115933637117,0.22340827270209712,0.6366405679615317,A,0.5094149678086923,0.6366405679615317,0.6744923336554779,0.45155004018037465,0.22294229347510325
2020-21,2021-02-07,Tottenham,West Brom,1,2020-21,Independent Poisson,H,H,0.7871775982694487,0.157528774784656,0.0552936269458954,H,1.4,5.04,8.69,0.7142857142857143,0.1984126984126984,0.11507479861910243,1.027773211317515,0.02777321131751509,0.6949837828231217,0.19305105078420046,0.11196516639267785,H,0.7871775982694487,0.6949837828231217,0.23930139113193105,0.36386676775703936,-0.1245653766251083
2020-21,2021-02-07,Wolves,Leicester,1,2020-21,Independent Poisson,D,A,0.3005946666055044,0.2637066190649546,0.435698714329541,D,3.51,3.32,2.3,0.2849002849002849,0.30120481927710846,0.4347826086956522,1.0208877128730456,0.020887712873045583,0.27907112732163347,0.2950420653310041,0.42588680734736245,A,0.2637066190649546,0.2950420653310041,1.33291808519861,1.2206373384655373,0.11228074673307264
2020-21,2021-02-08,Leeds,Crystal Palace,1,2020-21,Independent Poisson,H,H,0.4551562288978251,0.2771625611490569,0.2676812099531178,H,1.79,3.67,5.13,0.5586592178770949,0.2724795640326976,0.19493177387914232,1.026070555788935,0.026070555788934913,0.5444647200187396,0.26555636207998473,0.18997891790127563,H,0.4551562288978251,0.5444647200187396,0.7871145587508149,0.6079521320623156,0.17916242668849935
2020-21,2021-02-13,Brighton,Aston Villa,1,2020-21,Independent Poisson,D,H,0.4814058225368913,0.2413177948010032,0.2772763826621054,D,2.87,3.45,2.61,0.3484320557491289,0.2898550724637681,0.3831417624521073,1.0214288906650042,0.021428890665004197,0.34112218572776143,0.2837741081271523,0.37510370614508637,A,0.2413177948010032,0.2837741081271523,1.421640563521098,1.2595767512329874,0.16206381228811062
2020-21,2021-02-13,Crystal Palace,Burnley,1,2020-21,Independent Poisson,A,H,0.4823417601533698,0.2526397654395121,0.2650184744071181,A,2.91,3.25,2.7,0.3436426116838488,0.3076923076923077,0.37037037037037035,1.0217052897465269,0.021705289746526857,0.3363422066348531,0.30115563732536077,0.3625021560397861,A,0.2650184744071181,0.3625021560397861,1.3279557406820326,1.0147248570091334,0.3132308836728992
2020-21,2021-02-13,Leicester,Liverpool,1,2020-21,Independent Poisson,H,H,0.3981641647343541,0.2559899977187557,0.3458458375468899,H,3.96,4.02,1.92,0.25252525252525254,0.24875621890547267,0.5208333333333334,1.0221148047640587,0.022114804764058693,0.2470615349158792,0.24337404932011983,0.5095644157640009,A,0.3981641647343541,0.2470615349158792,0.9208908845348803,1.3981178441676034,-0.4772269596327231
2020-21,2021-02-13,Man City,Tottenham,1,2020-21,Independent Poisson,H,H,0.7237905000442313,0.1734070024756675,0.1028024974801011,H,1.34,5.94,9.05,0.7462686567164178,0.16835016835016833,0.11049723756906077,1.025116062635647,0.02511606263564703,0.7279845511323932,0.1642254711308766,0.10778997773673006,H,0.7237905000442313,0.7279845511323932,0.3232532930502198,0.3174754519826064,0.005777841067613421
2020-21,2021-02-14,Arsenal,Leeds,1,2020-21,Independent Poisson,H,H,0.5775465521078883,0.2201713834518066,0.2022820644403049,H,1.85,3.9,4.42,0.5405405405405405,0.25641025641025644,0.22624434389140272,1.0231951408421998,0.023195140842199757,0.5282868525896413,0.250597609561753,0.22111553784860555,H,0.5775465521078883,0.5282868525896413,0.5489662301243475,0.6381158613800221,-0.08914963125567454
2020-21,2021-02-14,Everton,Fulham,1,2020-21,Independent Poisson,A,H,0.6116358403276414,0.241846081927561,0.1465180777447978,A,2.03,3.47,4.13,0.4926108374384237,0.2881844380403458,0.24213075060532688,1.0229260260840964,0.02292602608409644,0.48157034318914216,0.28172558981958457,0.23670406699127325,H,0.1465180777447978,0.23670406699127325,1.920606460562458,1.440944580559647,0.47966188000281096
2020-21,2021-02-14,Southampton,Wolves,1,2020-21,Independent Poisson,A,H,0.4761446319813582,0.2630768524600088,0.2607785155586329,A,2.27,3.29,3.6,0.44052863436123346,0.303951367781155,0.2777777777777778,1.0222577799201664,0.02225777992016642,0.43093693490465457,0.2973333866971325,0.27172967839821277,H,0.2607785155586329,0.27172967839821277,1.3440838313159467,1.3029475362803764,0.04113629503557026
2020-21,2021-02-14,West Brom,Man United,1,2020-21,Independent Poisson,D,A,0.0941222478687883,0.1646236191737387,0.7412541329574729,D,9.8,6.02,1.32,0.1020408163265306,0.16611295681063123,0.7575757575757576,1.0257295307129195,0.0257295307129195,0.0994812114413909,0.1619461581604038,0.7385726303982052,A,0.1646236191737387,0.1619461581604038,1.8040935066608472,1.8204913560271372,-0.016397849366289963
2020-21,2021-02-15,Chelsea,Newcastle,1,2020-21,Independent Poisson,H,H,0.7330790731177996,0.1728756310718123,0.0940452958103879,H,1.28,6.11,12.8,0.78125,0.1636661211129296,0.078125,1.0230411211129296,0.023041121112929552,0.7636545431821022,0.15998000249968752,0.07636545431821024,H,0.7330790731177996,0.7636545431821022,0.31050170690031503,0.269639760684483,0.04086194621583206
2020-21,2021-02-15,West Ham,Sheffield United,1,2020-21,Independent Poisson,H,H,0.6708542827944575,0.2045740226288903,0.1245716945766521,H,2.07,3.37,4.11,0.48309178743961356,0.29673590504451036,0.24330900243309,1.0231366949172138,0.023136694917213818,0.47216739448359096,0.2900256696086152,0.23780693590779395,H,0.6708542827944575,0.47216739448359096,0.3992033298347723,0.7504217069401484,-0.3512183771053761
2020-21,2021-02-17,Burnley,Fulham,1,2020-21,Independent Poisson,D,H,0.3992459268605566,0.2688442449183885,0.3319098282210548,D,3.05,3.15,2.66,0.3278688524590164,0.31746031746031744,0.37593984962406013,1.021269019543394,0.021269019543393997,0.32104063296231733,0.3108488668365294,0.36811050020115327,A,0.2688442449183885,0.3108488668365294,1.3136230822475952,1.1684484436440978,0.14517463860349733
2020-21,2021-02-17,Everton,Man City,1,2020-21,Independent Poisson,A,A,0.2751256094757734,0.279375583071009,0.4454988074532176,A,12.07,6.04,1.28,0.08285004142502071,0.16556291390728478,0.78125,1.0296629553323056,0.029662955332305563,0.08046326324159377,0.1607933091599399,0.7587434275984662,A,0.4454988074532176,0.7587434275984662,0.8085607089475436,0.27609159878964745,0.5324691101578962
2020-21,2021-02-19,Wolves,Leeds,1,2020-21,Independent Poisson,H,H,0.495592328851256,0.2330486929945565,0.2713589781541872,H,2.34,3.44,3.28,0.4273504273504274,0.29069767441860467,0.3048780487804878,1.02292615054952,0.022926150549519964,0.4177725118483412,0.2841824644549763,0.2980450236966824,H,0.495592328851256,0.4177725118483412,0.7020016078553046,0.8728182246321874,-0.17081661677688276
2020-21,2021-02-20,Burnley,West Brom,1,2020-21,Independent Poisson,D,H,0.7032592190677329,0.1903566361613739,0.1063841447708931,D,2.18,3.36,3.77,0.4587155963302752,0.2976190476190476,0.26525198938992045,1.0215866333392434,0.021586633339243377,0.4490227077765095,0.2913302092121401,0.25964708301135037,H,0.1903566361613739,0.2913302092121401,1.6588559338174156,1.233297915580332,0.4255580182370835
2020-21,2021-02-20,Fulham,Sheffield United,1,2020-21,Independent Poisson,H,H,0.6154504644868135,0.2393225253378218,0.1452270101753643,H,1.97,3.43,4.45,0.5076142131979695,0.29154518950437314,0.2247191011235955,1.0238785038259381,0.023878503825938147,0.49577582818777993,0.2847458838279669,0.21947828798425315,H,0.6154504644868135,0.49577582818777993,0.48540081671523316,0.7016314137204281,-0.21623059700519498
2020-21,2021-02-20,Liverpool,Everton,1,2020-21,Independent Poisson,A,H,0.8095438716781822,0.1273481515764196,0.0631079767453981,A,1.38,5.42,8.5,0.7246376811594204,0.18450184501845018,0.11764705882352941,1.0267865850014,0.026786585001399965,0.7057334910140382,0.17968860103309456,0.11457790795286735,H,0.0631079767453981,0.11457790795286735,2.7629081030759672,2.16650026856543,0.5964078345105372
2020-21,2021-02-20,Southampton,Chelsea,1,2020-21,Independent Poisson,D,A,0.3281699026121604,0.2843517570082116,0.3874783403796278,D,4.55,3.78,1.85,0.21978021978021978,0.2645502645502646,0.5405405405405405,1.0248710248710249,0.024871024871024883,0.2144467103144789,0.25813029945261357,0.5274229902329075,A,0.2843517570082116,0.25813029945261357,1.2575432262147925,1.3542907849105632,-0.09674755869577067
2020-21,2021-02-21,Arsenal,Man City,1,2020-21,Independent Poisson,A,A,0.2099240098264057,0.226302893094626,0.5637730970789682,A,7.22,4.64,1.49,0.13850415512465375,0.21551724137931036,0.6711409395973155,1.0251623361012796,0.025162336101279603,0.1351046075798969,0.21022742817389128,0.6546679642462118,A,0.5637730970789682,0.6546679642462118,0.5731034185761891,0.4236270966916515,0.14947632188453758
2020-21,2021-02-21,Aston Villa,Leicester,1,2020-21,Independent Poisson,A,A,0.2526726955953891,0.2863400446928201,0.4609872597117906,A,3.68,3.76,2.06,0.2717391304347826,0.26595744680851063,0.4854368932038835,1.0231334704471768,0.02313347044717684,0.2655949964338618,0.25994403906292857,0.47446096450320946,A,0.4609872597117906,0.47446096450320946,0.7743848725673957,0.7455759309058894,0.028808941661506382
2020-21,2021-02-21,Man United,Newcastle,1,2020-21,Independent Poisson,H,H,0.8104560818528925,0.1361737292278884,0.0533701889192189,H,1.35,5.36,10.03,0.7407407407407407,0.18656716417910446,0.09970089730807578,1.027008802227921,0.027008802227920903,0.7212603622615791,0.18166072556961413,0.09707891216880678,H,0.8104560818528925,0.7212603622615791,0.21015812576079923,0.32675509417592197,-0.11659696841512274
2020-21,2021-02-21,West Ham,Tottenham,1,2020-21,Independent Poisson,H,H,0.5653464186441299,0.226133057553984,0.208520523801886,H,3.18,3.54,2.35,0.31446540880503143,0.2824858757062147,0.425531914893617,1.022483199404863,0.022483199404863097,0.3075506854176833,0.27627434452774946,0.4161749700545673,A,0.5653464186441299,0.3075506854176833,0.5703166053797166,1.1791153746920273,-0.6087987693123107
2020-21,2021-02-22,Brighton,Crystal Palace,1,2020-21,Independent Poisson,A,H,0.4875575107072672,0.2575919881863146,0.254850501106418,A,1.79,3.53,5.47,0.5586592178770949,0.28328611898017,0.18281535648994515,1.02476069334721,0.024760693347209983,0.5451606619027587,0.2764412421546567,0.17839809594258466,H,0.254850501106418,0.17839809594258466,1.3670781759181765,1.7237377318607594,-0.3566595559425829
2020-21,2021-02-23,Leeds,Southampton,1,2020-21,Independent Poisson,H,H,0.3866394514978399,0.2619052051004991,0.3514553434016609,H,2.22,3.62,3.39,0.4504504504504504,0.27624309392265195,0.2949852507374631,1.0216787951105655,0.021678795110565474,0.4408924337141625,0.2703815477473594,0.2887260185384781,H,0.3866394514978399,0.4408924337141625,0.950262670084221,0.8189543477676232,0.13130832231659784
2020-21,2021-02-27,Leeds,Aston Villa,1,2020-21,Independent Poisson,A,H,0.5019532548162234,0.2508733005789868,0.2471734446047896,A,2.05,3.91,3.59,0.48780487804878053,0.2557544757033248,0.2785515320334262,1.0221108857855317,0.022110885785531664,0.47725240463893864,0.2502218489794947,0.2725257463815666,H,0.2471734446047896,0.2725257463815666,1.397664983906958,1.3000221872078046,0.09764279669915332
2020-21,2021-02-27,Man City,West Ham,1,2020-21,Independent Poisson,H,H,0.6753263165210461,0.1957701448822855,0.1289035385966682,H,1.29,6.33,11.01,0.7751937984496123,0.1579778830963665,0.09082652134423251,1.0239982028902113,0.023998202890211262,0.7570265223724473,0.15427554721334236,0.08869793041421045,H,0.6753263165210461,0.7570265223724473,0.39255927304212196,0.27835698999932884,0.11420228304279312
2020-21,2021-02-27,Newcastle,Wolves,1,2020-21,Independent Poisson,D,A,0.3041809358970447,0.2534118099204505,0.4424072541825048,D,3.78,3.25,2.22,0.2645502645502646,0.3076923076923077,0.4504504504504504,1.0226930226930229,0.02269302269302287,0.2586800326980166,0.30086477649184695,0.4404551908101363,A,0.2534118099204505,0.30086477649184695,1.3727394063387708,1.2010943627105606,0.1716450436282102
2020-21,2021-02-27,West Brom,Brighton,1,2020-21,Independent Poisson,H,H,0.3667930277319119,0.2747902888615351,0.3584166834065528,H,4.61,3.7,1.86,0.21691973969631234,0.27027027027027023,0.5376344086021505,1.0248244185687332,0.024824418568733186,0.2116652723783278,0.2637234880173219,0.5246112396043502,A,0.3667930277319119,0.2116652723783278,1.0029575471449599,1.5527491559682531,-0.5497916088232933
2020-21,2021-02-28,Chelsea,Man United,1,2020-21,Independent Poisson,D,A,0.2919478051885735,0.2571380741393543,0.4509141206720721,D,2.42,3.32,3.24,0.4132231404958678,0.30120481927710846,0.30864197530864196,1.0230699350816181,0.023069935081618143,0.40390507659957947,0.2944127365575248,0.30168218684289577,H,0.2571380741393543,0.2944127365575248,1.3581420848953647,1.2227726302998907,0.135369454595474
2020-21,2021-02-28,Crystal Palace,Fulham,1,2020-21,Independent Poisson,D,H,0.4520734114433831,0.2715210788821006,0.2764055096745162,D,3.54,3.25,2.32,0.2824858757062147,0.3076923076923077,0.4310344827586207,1.0212126661571432,0.021212666157143234,0.2766180689564088,0.3013009120325191,0.42208101901107203,A,0.2715210788821006,0.3013009120325191,1.3037155040137625,1.1996458058590287,0.10406969815473377
2020-21,2021-02-28,Leicester,Arsenal,1,2020-21,Independent Poisson,A,H,0.6325268812628617,0.2086209987482125,0.1588521199889256,A,2.33,3.4,3.36,0.4291845493562232,0.29411764705882354,0.2976190476190476,1.0209212440340945,0.020921244034094455,0.42038947848742214,0.28809043672814516,0.2915200847844326,H,0.1588521199889256,0.2915200847844326,1.8397815725015556,1.232646374074854,0.6071351984267017
2020-21,2021-02-28,Sheffield United,Liverpool,1,2020-21,Independent Poisson,A,A,0.2151489175494396,0.2179897927953414,0.5668612896552189,A,8.48,5.5,1.38,0.11792452830188678,0.18181818181818182,0.7246376811594204,1.024380391279489,0.0243803912794891,0.11511790864582508,0.1774908846030176,0.7073912067511572,A,0.5668612896552189,0.7073912067511572,0.5676406442394515,0.34617143266523087,0.22146921157422061
2020-21,2021-02-28,Tottenham,Burnley,1,2020-21,Independent Poisson,H,H,0.6086534967412798,0.2387189010030683,0.152627602255652,H,1.52,4.41,6.99,0.6578947368421053,0.22675736961451246,0.14306151645207438,1.027713622908692,0.02771362290869206,0.6401537570165657,0.22064256477668476,0.13920367820674961,H,0.6086534967412798,0.6401537570165657,0.4965061440657656,0.4460468861443255,0.05045925792144007
2020-21,2021-03-01,Everton,Southampton,1,2020-21,Independent Poisson,H,H,0.6313009798543826,0.239640384204432,0.1290586359411855,H,2.2,3.55,3.49,0.45454545454545453,0.28169014084507044,0.28653295128939826,1.0227685466799232,0.02276854667992323,0.4444265088332885,0.27541924491077036,0.28015424625594115,H,0.6313009798543826,0.4444265088332885,0.4599725414881355,0.8109705721557197,-0.35099803066758417
2020-21,2021-03-02,Man City,Wolves,1,2020-21,Independent Poisson,H,H,0.7960500156458685,0.1299015124125635,0.0740484719415678,H,1.21,6.96,15.9,0.8264462809917356,0.14367816091954022,0.06289308176100629,1.033017523672282,0.033017523672282056,0.8000312308873476,0.1390858892778291,0.06088287983482331,H,0.7960500156458685,0.8000312308873476,0.22809326138574443,0.2231045134670119,0.004988747918732522
2020-21,2021-03-03,Burnley,Leicester,1,2020-21,Independent Poisson,D,A,0.2758625317307475,0.2491612179578711,0.4749762503113814,D,3.89,3.13,2.24,0.2570694087403599,0.3194888178913738,0.4464285714285714,1.0229867980603051,0.022986798060305125,0.2512929875808677,0.3123098152362861,0.43639719718284614,A,0.2491612179578711,0.3123098152362861,1.3896551303521152,1.163759586316388,0.2258955440357271
2020-21,2021-03-03,Crystal Palace,Man United,1,2020-21,Independent Poisson,D,A,0.1008227084518079,0.1710123048995993,0.7281649866485929,D,7.73,4.61,1.47,0.129366106080207,0.21691973969631234,0.6802721088435374,1.0265579546200567,0.026557954620056723,0.12601929145645477,0.21130783578273216,0.6626728727608131,A,0.1710123048995993,0.21130783578273216,1.7660197665911754,1.5544392713622752,0.2115804952289002
2020-21,2021-03-03,Sheffield United,Aston Villa,1,2020-21,Independent Poisson,H,H,0.5623451440723354,0.231416314305748,0.2062385416219164,H,3.59,3.39,2.23,0.2785515320334262,0.2949852507374631,0.4484304932735426,1.0219672760444318,0.021967276044431827,0.2725640424726434,0.28864451695480525,0.4387914405725515,A,0.5623451440723354,0.2725640424726434,0.5756394822323648,1.299881674243068,-0.7242421920107033
2020-21,2021-03-04,Fulham,Tottenham,1,2020-21,Independent Poisson,A,A,0.3091025055217703,0.2584358201902377,0.4324616742879918,A,3.95,3.39,2.11,0.2531645569620253,0.2949852507374631,0.47393364928909953,1.022083456988588,0.022083456988587935,0.24769460383199607,0.288611706529907,0.463693689638097,A,0.4324616742879918,0.463693689638097,0.8382615708997124,0.768531096393955,0.06973047450575742
2020-21,2021-03-04,Liverpool,Chelsea,1,2020-21,Independent Poisson,A,H,0.7501470479003955,0.1625792211508396,0.0872737309487647,A,2.26,3.52,3.37,0.4424778761061947,0.2840909090909091,0.29673590504451036,1.0233046902416143,0.0233046902416143,0.4324009069104535,0.2776210368231889,0.2899780562663575,H,0.0872737309487647,0.2899780562663575,2.43870576693016,1.2379500269116317,1.2007557400185283
2020-21,2021-03-04,West Brom,Everton,1,2020-21,Independent Poisson,A,A,0.2081800989068081,0.2212080276837791,0.5706118734094128,A,3.99,3.54,2.04,0.2506265664160401,0.2824858757062147,0.49019607843137253,1.0233085205536274,0.02330852055362742,0.2449178926805445,0.2760515231060375,0.47903058421341793,A,0.5706118734094128,0.47903058421341793,0.5610460317802353,0.7359908334771582,-0.17494480169692295
2020-21,2021-03-06,Aston Villa,Wolves,1,2020-21,Independent Poisson,D,H,0.3742480424158423,0.3029022917044536,0.3228496658797043,D,2.7,3.13,3.02,0.37037037037037035,0.3194888178913738,0.33112582781456956,1.0209850160763136,0.020985016076313645,0.3627578902124524,0.312922141716812,0.32431996807073565,H,0.3029022917044536,0.312922141716812,1.1943449950995422,1.1618008678936134,0.03254412720592881
2020-21,2021-03-06,Brighton,Leicester,1,2020-21,Independent Poisson,A,A,0.181022756138511,0.2337936558715498,0.5851835879899391,A,2.52,3.25,3.14,0.3968253968253968,0.3076923076923077,0.3184713375796178,1.0229890420973222,0.02298904209732222,0.3879077687986073,0.30077771611461246,0.3113145150867804,H,0.5851835879899391,0.3113145150867804,0.5358296553594141,1.166951575294963,-0.631121919935549
2020-21,2021-03-06,Burnley,Arsenal,1,2020-21,Independent Poisson,D,H,0.4927316868472835,0.2418261938627258,0.2654421192899905,D,5.18,3.7,1.78,0.19305019305019305,0.27027027027027023,0.5617977528089888,1.025118216129452,0.025118216129452087,0.18831993228946256,0.2636479052052475,0.54803216250529,A,0.2418261938627258,0.2636479052052475,1.419536018038601,1.333140758399455,0.08639525963914596
2020-21,2021-03-06,Sheffield United,Southampton,1,2020-21,Independent Poisson,A,H,0.4661883900030302,0.2514937195763395,0.2823178904206304,A,3.74,3.34,2.19,0.267379679144385,0.29940119760479045,0.4566210045662101,1.0234018813153856,0.023401881315385564,0.26126557320836663,0.2925548634129615,0.4461795633786719,A,0.2823178904206304,0.4461795633786719,1.2647215719417424,0.8070337995147587,0.45768777242698366
2020-21,2021-03-07,Liverpool,Fulham,1,2020-21,Independent Poisson,A,H,0.8089130561899099,0.1399771682621007,0.0511097755479893,A,1.67,4.03,5.68,0.5988023952095809,0.24813895781637715,0.17605633802816903,1.0229976910541272,0.02299769105412719,0.5853409058944767,0.24256062353443575,0.17209847057108738,H,0.0511097755479893,0.17209847057108738,2.9737794977594434,1.7596884626659133,1.2140910350935301
2020-21,2021-03-07,Man City,Man United,1,2020-21,Independent Poisson,A,H,0.6027286478416873,0.2206623045374728,0.1766090476208397,A,1.51,4.48,7.2,0.6622516556291391,0.2232142857142857,0.1388888888888889,1.0243548302323138,0.024354830232313773,0.6465061090979058,0.21790719302183878,0.13558669788025526,H,0.1766090476208397,0.13558669788025526,1.7338167598435203,1.9981440065159937,-0.2643272466724733
2020-21,2021-03-07,Tottenham,Crystal Palace,1,2020-21,Independent Poisson,H,H,0.6808192656188694,0.2084971668056385,0.110683567575492,H,1.56,4.17,6.87,0.641025641025641,0.23980815347721823,0.14556040756914118,1.0263942020720005,0.026394202072000494,0.6245413699060175,0.23364137579217925,0.14181725430180311,H,0.6808192656188694,0.6245413699060175,0.3844584036232657,0.4707377067650932,-0.08627930314182747
2020-21,2021-03-07,West Brom,Newcastle,1,2020-21,Independent Poisson,D,H,0.4765111315634238,0.2600341398147469,0.2634547286218294,D,2.32,3.29,3.48,0.4310344827586207,0.303951367781155,0.28735632183908044,1.0223421723788562,0.022342172378856162,0.421614694574968,0.2973088423750534,0.28107646304997863,H,0.2600341398147469,0.2973088423750534,1.3469423496068205,1.2129838071564911,0.13395854245032934
2020-21,2021-03-08,Chelsea,Everton,1,2020-21,Independent Poisson,H,H,0.6697133514742876,0.1916316970105378,0.1386549515151746,H,1.68,3.95,5.74,0.5952380952380952,0.2531645569620253,0.17421602787456444,1.0226186800746848,0.022618680074684816,0.5820723861553392,0.2475649642382202,0.17036264960644074,H,0.6697133514742876,0.5820723861553392,0.4009054917645072,0.5411604641472555,-0.1402549723827483
2020-21,2021-03-08,West Ham,Leeds,1,2020-21,Independent Poisson,H,H,0.4843649661557665,0.2568515958409075,0.2587834380033261,H,2.25,3.61,3.33,0.4444444444444444,0.2770083102493075,0.3003003003003003,1.0217530549940523,0.021753054994052334,0.4349822516038688,0.2711108216367603,0.2939069267593708,H,0.4843649661557665,0.4349822516038688,0.7249165941223411,0.8324500496364793,-0.10753345551413818
2020-21,2021-03-10,Man City,Southampton,1,2020-21,Independent Poisson,H,H,0.9209885543109896,0.0578985073820061,0.0211129383070041,H,1.18,7.78,18.52,0.8474576271186441,0.12853470437017994,0.05399568034557235,1.0299880118343965,0.029988011834396477,0.8227839716399534,0.12479242757521143,0.052423600784835045,H,0.9209885543109896,0.8227839716399534,0.08230767026226063,0.19506160165565256,-0.11275393139339193
2020-21,2021-03-12,Newcastle,Aston Villa,1,2020-21,Independent Poisson,D,H,0.4877854581416785,0.2593316379611309,0.2528829038971904,D,3.8,3.42,2.14,0.2631578947368421,0.29239766081871343,0.4672897196261682,1.0228452751817239,0.022845275181723856,0.2572802564787603,0.285866951643067,0.45685279187817257,A,0.2593316379611309,0.285866951643067,1.3496475809181694,1.2522287804484773,0.09741880046969209
2020-21,2021-03-13,Crystal Palace,West Brom,1,2020-21,Independent Poisson,H,H,0.5444154852443588,0.2496243084925101,0.2059602062631311,H,2.39,3.16,3.48,0.41841004184100417,0.3164556962025316,0.28735632183908044,1.0222220598826162,0.022222059882616163,0.4093142363695918,0.30957627370991275,0.2811094899204955,H,0.5444154852443588,0.4093142363695918,0.6080425640018005,0.8932721138516978,-0.28522954984989735
2020-21,2021-03-13,Everton,Burnley,1,2020-21,Independent Poisson,A,H,0.5918171883499903,0.243324831094115,0.1648579805558946,A,2.05,3.35,4.23,0.48780487804878053,0.29850746268656714,0.23640661938534277,1.0227189601206903,0.0227189601206903,0.47696864639256814,0.2918763358521685,0.23115501775526348,H,0.1648579805558946,0.23115501775526348,1.8026708996207366,1.4646667209952222,0.33800417862551435
2020-21,2021-03-13,Fulham,Man City,1,2020-21,Independent Poisson,A,A,0.0990636751382142,0.1753077141244726,0.7256286107373133,A,8.36,4.76,1.44,0.11961722488038279,0.21008403361344538,0.6944444444444444,1.0241457029382726,0.024145702938272562,0.11679707734671067,0.2051310013904414,0.678071921262848,A,0.7256286107373133,0.678071921262848,0.32071695050472043,0.3885019181089011,-0.06778496760418068
2020-21,2021-03-13,Leeds,Chelsea,1,2020-21,Independent Poisson,D,A,0.2772275593865266,0.2880142919119159,0.4347581487015572,D,5.3,3.99,1.71,0.18867924528301888,0.2506265664160401,0.5847953216374269,1.0241011333364858,0.02410113333648578,0.18423887948283826,0.24472833615514855,0.5710327843620132,A,0.2880142919119159,0.24472833615514855,1.244745175383303,1.4076065156662536,-0.16286134028295063
2020-21,2021-03-14,Arsenal,Tottenham,1,2020-21,Independent Poisson,H,H,0.4761285613924151,0.2711075360357797,0.2527639025718051,H,2.73,3.34,2.81,0.3663003663003663,0.29940119760479045,0.35587188612099646,1.021573450026153,0.021573450026153074,0.35856488467959763,0.29307848358541966,0.3483566317349828,H,0.4761285613924151,0.35856488467959763,0.7420673742587784,1.0256456459756886,-0.2835782717169102
2020-21,2021-03-14,Leicester,Sheffield United,1,2020-21,Independent Poisson,H,H,0.8146673712772585,0.131581886270396,0.0537507424523456,H,1.56,3.96,7.64,0.641025641025641,0.25252525252525254,0.13089005235602094,1.0244409459069146,0.02444094590691459,0.625732155266554,0.24650054601409707,0.12776729871934875,H,0.8146673712772585,0.625732155266554,0.20497538245251634,0.4688328664295712,-0.2638574839770549
2020-21,2021-03-14,Man United,West Ham,1,2020-21,Independent Poisson,H,H,0.6947429822210149,0.1742482313246335,0.1310087864543515,H,1.81,3.68,5.05,0.5524861878453039,0.2717391304347826,0.19801980198019803,1.0222451202602845,0.022245120260284468,0.5404635120240335,0.26582580346834256,0.1937106845076239,H,0.6947429822210149,0.5404635120240335,0.3642133115677703,0.6153281520002538,-0.2511148404324835
2020-21,2021-03-14,Southampton,Brighton,1,2020-21,Independent Poisson,A,H,0.4910383406457217,0.2459438352593775,0.2630178240949006,A,3.34,3.25,2.41,0.29940119760479045,0.3076923076923077,0.41493775933609955,1.0220312646331977,0.02203126463319771,0.29294720031118043,0.30105958431979774,0.4059932153690218,A,0.2630178240949006,0.4059932153690218,1.3355334768768492,0.9014188304337728,0.4341146464430764
2020-21,2021-03-15,Wolves,Liverpool,1,2020-21,Independent Poisson,A,H,0.4024293822175702,0.2475437517656818,0.350026866016748,A,5.93,3.95,1.66,0.16863406408094436,0.2531645569620253,0.6024096385542169,1.0242082595971866,0.024208259597186643,0.16464821729446594,0.24718074140662855,0.5881710412989054,A,0.350026866016748,0.5881710412989054,1.049745367396728,0.5307374868200394,0.5190078805766887
2020-21,2021-03-19,Fulham,Leeds,1,2020-21,Independent Poisson,A,H,0.4061065800793194,0.2479383870287852,0.3459550328918954,A,2.56,3.45,2.94,0.390625,0.2898550724637681,0.3401360544217687,1.0206161268855367,0.020616126885536712,0.38273449704543916,0.2840000905612534,0.33326541239330754,H,0.3459550328918954,0.33326541239330754,1.0614464751104882,1.098816072250651,-0.03736959714016286
2020-21,2021-03-20,Brighton,Newcastle,1,2020-21,Independent Poisson,H,H,0.4940407322401136,0.2564817753410831,0.2494774924188031,H,1.76,3.64,5.55,0.5681818181818182,0.2747252747252747,0.1801801801801802,1.023087273087273,0.023087273087273097,0.5553600686159158,0.2685257474626406,0.1761141839214436,H,0.4940407322401136,0.5553600686159158,0.7051373112659973,0.5881386033165298,0.11699870794946754
2020-21,2021-03-21,Aston Villa,Tottenham,1,2020-21,Independent Poisson,A,A,0.3423729824188801,0.3115542572112014,0.3460727603699184,A,3.12,3.54,2.39,0.3205128205128205,0.2824858757062147,0.41841004184100417,1.0214087380600394,0.0214087380600394,0.3137948683712753,0.2765649687340054,0.4096401628947193,A,0.3460727603699184,0.4096401628947193,1.0611062359458043,0.8924761561216269,0.16863007982417744
2020-21,2021-03-21,West Ham,Arsenal,1,2020-21,Independent Poisson,D,H,0.4165847054626421,0.2655704925250862,0.3178448020122716,D,3.54,3.56,2.18,0.2824858757062147,0.2808988764044944,0.4587155963302752,1.0221003484409843,0.022100348440984297,0.2763778293756499,0.2748251449409553,0.4487970256833948,A,0.2655704925250862,0.2748251449409553,1.325874964972243,1.2916202201237152,0.03425474484852775
2020-21,2021-04-03,Arsenal,Liverpool,1,2020-21,Independent Poisson,A,H,0.453510021678969,0.2455487036983582,0.3009412746226727,A,2.94,3.69,2.43,0.3401360544217687,0.2710027100271003,0.4115226337448559,1.022661398193725,0.022661398193724924,0.33259889834752127,0.2649974962443666,0.40240360540811215,A,0.3009412746226727,0.40240360540811215,1.200840134189275,0.9102997004750359,0.290540433714239
2020-21,2021-04-03,Chelsea,West Brom,1,2020-21,Independent Poisson,A,H,0.8234433023203289,0.1255283375543289,0.0510283601253421,A,1.3,5.73,12.2,0.7692307692307692,0.17452006980802792,0.0819672131147541,1.0257180521535512,0.025718052153551163,0.7499436785925012,0.17014429008206836,0.07991203132543047,H,0.0510283601253421,0.07991203132543047,2.9753737199244337,2.5268288577532854,0.4485448621711483
2020-21,2021-04-03,Leeds,Sheffield United,1,2020-21,Independent Poisson,H,H,0.6423973035019005,0.220854221633722,0.1367484748643773,H,1.6,4.17,6.25,0.625,0.23980815347721823,0.16,1.0248081534772182,0.02480815347721821,0.609870245352116,0.23400297183774235,0.1561267828101417,H,0.6423973035019005,0.609870245352116,0.4425483138959096,0.4945090569788154,-0.051960743082905825
2020-21,2021-04-03,Leicester,Man City,1,2020-21,Independent Poisson,A,A,0.3314863658388008,0.2802133067325125,0.3883003274286867,A,5.2,3.86,1.75,0.1923076923076923,0.2590673575129534,0.5714285714285714,1.022803621249217,0.022803621249217088,0.18802015197483785,0.2532913964427868,0.5586884515823753,A,0.3883003274286867,0.5586884515823753,0.9459761990084901,0.5821632928892911,0.3638129061191989
2020-21,2021-04-04,Aston Villa,Fulham,1,2020-21,Independent Poisson,H,H,0.5139147033886367,0.2759061036935523,0.2101791929178109,H,2.6,3.28,3.02,0.3846153846153846,0.3048780487804878,0.33112582781456956,1.020619261210442,0.020619261210442108,0.37684511671789866,0.2987186900812612,0.32443619320084,H,0.5139147033886367,0.37684511671789866,0.6656979740123662,0.9759210069353031,-0.31022303292293696
2020-21,2021-04-04,Man United,Brighton,1,2020-21,Independent Poisson,H,H,0.7535093683097623,0.1640407710053956,0.082449860684842,H,1.67,4.06,5.6,0.5988023952095809,0.24630541871921185,0.17857142857142858,1.0236792425002212,0.023679242500221243,0.5849511940352268,0.2406080034578396,0.1744408025069337,H,0.7535093683097623,0.5849511940352268,0.28301382793413443,0.5362268642302854,-0.253213036296151
2020-21,2021-04-04,Newcastle,Tottenham,1,2020-21,Independent Poisson,D,A,0.2803076657137373,0.2684727262049191,0.4512196080813436,D,5.62,3.95,1.68,0.17793594306049823,0.2531645569620253,0.5952380952380952,1.0263385952606188,0.02633859526061877,0.1733696305314474,0.2466676768574011,0.5799626926111514,A,0.2684727262049191,0.2466676768574011,1.3150059485728405,1.399713286092575,-0.08470733751973447
2020-21,2021-04-04,Southampton,Burnley,1,2020-21,Independent Poisson,H,H,0.51150088533204,0.2606853336276931,0.227813781040267,H,2.03,3.45,4.16,0.4926108374384237,0.2898550724637681,0.24038461538461536,1.0228505252868072,0.0228505252868072,0.48160588987359193,0.2833796975198236,0.23501441260658446,H,0.51150088533204,0.48160588987359193,0.6704059627375257,0.7306291552583393,-0.06022319252081354
2020-21,2021-04-05,Everton,Crystal Palace,1,2020-21,Independent Poisson,D,H,0.5213809179249649,0.2782927219435031,0.200326360131532,D,1.89,3.47,4.8,0.5291005291005292,0.2881844380403458,0.20833333333333334,1.0256183004742083,0.025618300474208322,0.515884446344115,0.2809860529078897,0.20312950074799527,H,0.2782927219435031,0.2809860529078897,1.279081762630191,1.26945024465994,0.009631517970250858
2020-21,2021-04-05,Wolves,West Ham,1,2020-21,Independent Poisson,A,H,0.4420222999533596,0.2660708165655419,0.2919068834810984,A,2.91,3.2,2.74,0.3436426116838488,0.3125,0.36496350364963503,1.0211061153334837,0.02110611533348372,0.3365395687319122,0.30604067031558263,0.35741976095250527,A,0.2919068834810984,0.35741976095250527,1.2313204197588006,1.0288443869276953,0.20247603283110527
2020-21,2021-04-09,Fulham,Wolves,1,2020-21,Independent Poisson,A,H,0.3770013503545873,0.2516353980744664,0.3713632515709461,A,2.75,3.13,2.96,0.36363636363636365,0.3194888178913738,0.33783783783783783,1.0209630193655754,0.02096301936557543,0.3561699657469735,0.31292888364350707,0.3309011506095193,H,0.3713632515709461,0.3309011506095193,0.9905745806484083,1.105935586848409,-0.11536100620000078
2020-21,2021-04-10,Crystal Palace,Chelsea,1,2020-21,Independent Poisson,A,A,0.2780541305099633,0.258283119675657,0.4636627498143796,A,7.75,4.23,1.52,0.12903225806451613,0.23640661938534277,0.6578947368421053,1.0233336142919642,0.023333614291964233,0.12609011984209317,0.23101617701565533,0.6428937031422515,A,0.4636627498143796,0.6428937031422515,0.7685978233231325,0.4417758823415514,0.3268219409815811
2020-21,2021-04-10,Liverpool,Aston Villa,1,2020-21,Independent Poisson,H,H,0.781497144133556,0.1545650788616505,0.0639377770047935,H,1.46,4.79,7.53,0.684931506849315,0.20876826722338204,0.13280212483399734,1.0265018989066945,0.02650189890669452,0.6672481634752172,0.2033783546291894,0.12937348189559325,H,0.781497144133556,0.6672481634752172,0.24654378346694253,0.40459324308013406,-0.15804945961319153
2020-21,2021-04-10,Man City,Leeds,1,2020-21,Independent Poisson,A,H,0.91645660890511,0.0599300674809496,0.0236133236139401,A,1.39,5.32,8.5,0.7194244604316548,0.18796992481203006,0.11764705882352941,1.0250414440672142,0.025041444067214202,0.7018491443400414,0.18337787793846944,0.11477297772148912,H,0.0236133236139401,0.11477297772148912,3.7459441663418493,2.1647992085055474,1.581144957836302
2020-21,2021-04-11,Burnley,Newcastle,1,2020-21,Independent Poisson,A,H,0.5420039591422392,0.2385503234849257,0.2194457173728352,A,2.27,3.44,3.43,0.44052863436123346,0.29069767441860467,0.29154518950437314,1.0227714982842113,0.022771498284211322,0.43072048360778414,0.2842254354039739,0.285054080988242,H,0.2194457173728352,0.285054080988242,1.5166503783136205,1.2550763588617502,0.2615740194518703
2020-21,2021-04-11,Sheffield United,Arsenal,1,2020-21,Independent Poisson,A,A,0.245155591705411,0.227790172719196,0.5270542355753931,A,5.58,4.05,1.67,0.17921146953405018,0.2469135802469136,0.5988023952095809,1.0249274449905448,0.024927444990544778,0.1748528351055166,0.2409083505898229,0.5842388143046604,A,0.5270542355753931,0.5842388143046604,0.6404518219307371,0.5374454511385539,0.10300637079218322
2020-21,2021-04-11,Tottenham,Man United,1,2020-21,Independent Poisson,A,A,0.3557022734447164,0.2671779268103372,0.3771197997449466,A,3.02,3.6,2.42,0.33112582781456956,0.2777777777777778,0.4132231404958678,1.022126746088215,0.022126746088215077,0.3239576980857045,0.2717645133941188,0.4042777885201767,A,0.3771197997449466,0.4042777885201767,0.9751923708059479,0.9056530419593892,0.06953932884655867
2020-21,2021-04-11,West Ham,Leicester,1,2020-21,Independent Poisson,H,H,0.3890314633098559,0.2606222462629816,0.3503462904271625,H,3.25,3.31,2.42,0.3076923076923077,0.3021148036253776,0.4132231404958678,1.023030251813553,0.023030251813553004,0.30076560018323345,0.29531365576903584,0.4039207440477309,A,0.3890314633098559,0.30076560018323345,0.9440950560898907,1.2014240545391546,-0.2573289984492638
2020-21,2021-04-12,Brighton,Everton,1,2020-21,Independent Poisson,D,H,0.418390224870279,0.252415566586309,0.3291942085434122,D,2.15,3.51,3.67,0.46511627906976744,0.2849002849002849,0.2724795640326976,1.02249612800275,0.022496128002750027,0.4548831690720265,0.2786321405996744,0.26648469032829897,H,0.252415566586309,0.2786321405996744,1.3766784759446362,1.2778628596110477,0.09881561633358849
2020-21,2021-04-12,West Brom,Southampton,1,2020-21,Independent Poisson,H,A,0.306568100319698,0.260153698463094,0.4332782012172079,H,3.69,3.65,2.09,0.2710027100271003,0.273972602739726,0.47846889952153115,1.0234442122883576,0.02344421228835758,0.2647948044194369,0.26769666528978686,0.46750853029077616,A,0.306568100319698,0.2647948044194369,1.1823153612720534,1.328800075884293,-0.14648471461223966
2020-21,2021-04-16,Everton,Tottenham,1,2020-21,Independent Poisson,D,H,0.4027441903295928,0.2982883273587758,0.2989674823116313,D,3.59,3.46,2.2,0.2785515320334262,0.28901734104046245,0.45454545454545453,1.0221143276193432,0.022114327619343177,0.27252482868742706,0.28276420086354426,0.4447109704490287,A,0.2982883273587758,0.28276420086354426,1.2096947187708829,1.2631419411496794,-0.05344722237879651
2020-21,2021-04-17,Newcastle,West Ham,1,2020-21,Independent Poisson,H,A,0.2397609375654301,0.2442136438157224,0.5160254186188473,H,3.48,3.5,2.22,0.28735632183908044,0.2857142857142857,0.4504504504504504,1.0235210580038165,0.023521058003816542,0.28075272080822095,0.2791484195464597,0.4400988596453193,A,0.2397609375654301,0.28075272080822095,1.4281129455483166,1.2702809941969342,0.1578319513513824
2020-21,2021-04-17,Wolves,Sheffield United,1,2020-21,Independent Poisson,H,H,0.702720989952819,0.1908142350934511,0.10646477495373,H,1.81,3.52,5.31,0.5524861878453039,0.2840909090909091,0.18832391713747648,1.0249010140736894,0.024901014073689387,0.5390629731639437,0.27718863108714153,0.1837483957489149,H,0.702720989952819,0.5390629731639437,0.3527953507977381,0.6179228815693402,-0.26512753077160206
2020-21,2021-04-18,Arsenal,Fulham,1,2020-21,Independent Poisson,D,H,0.7031271013937254,0.1981083168839202,0.0987645817223546,D,1.9,3.7,4.38,0.5263157894736842,0.27027027027027023,0.22831050228310504,1.0248965620270596,0.024896562027059588,0.5135306419925216,0.26370492426643,0.22276443374104823,H,0.1981083168839202,0.26370492426643,1.6189413428983277,1.332924512052728,0.2860168308455997
2020-21,2021-04-18,Man United,Burnley,1,2020-21,Independent Poisson,H,H,0.7499021885188958,0.1584551317082893,0.091642679772815,H,1.39,5.23,8.59,0.7194244604316548,0.19120458891013384,0.11641443538998836,1.0270434847317769,0.027043484731776868,0.7004810128555948,0.18616990590234736,0.11334908124205784,H,0.7499021885188958,0.7004810128555948,0.28781249626473565,0.35598801870362545,-0.0681755224388898
2020-21,2021-04-19,Leeds,Liverpool,1,2020-21,Independent Poisson,D,A,0.2719656730659859,0.2477330646127221,0.480301262321292,D,5.44,4.47,1.62,0.1838235294117647,0.2237136465324385,0.6172839506172839,1.024821126561487,0.02482112656148705,0.17937133090584825,0.21829531099056257,0.6023333581035892,A,0.2477330646127221,0.21829531099056257,1.3954034648684206,1.5219064953153698,-0.12650303044694922
2020-21,2021-04-20,Chelsea,Brighton,1,2020-21,Independent Poisson,D,H,0.7062158476310381,0.1795458307505704,0.1142383216183914,D,1.69,3.74,6.02,0.591715976331361,0.267379679144385,0.16611295681063123,1.0252086122863773,0.025208612286377274,0.577166412025881,0.2608051434020692,0.16202844457204965,H,0.1795458307505704,0.2608051434020692,1.7173247791278479,1.3439817274904071,0.37334305163744075
2020-21,2021-04-21,Aston Villa,Man City,1,2020-21,Independent Poisson,A,A,0.1775662841350064,0.2343480702781293,0.5880856455868644,A,9.64,5.47,1.34,0.10373443983402489,0.18281535648994515,0.7462686567164178,1.0328184530403879,0.032818453040387885,0.10043821305540558,0.17700628406839303,0.7225555028762014,A,0.5880856455868644,0.7225555028762014,0.530882685930307,0.3249610413562021,0.2059216445741049
2020-21,2021-04-21,Tottenham,Southampton,1,2020-21,Independent Poisson,H,H,0.7026589370439149,0.1779177085554605,0.1194233544006246,H,1.86,3.9,4.33,0.5376344086021505,0.25641025641025644,0.23094688221709006,1.024991547229497,0.024991547229497035,0.5245256998024526,0.2501584106750159,0.22531588952253156,H,0.7026589370439149,0.5245256998024526,0.3528836584613846,0.6452608536761092,-0.2923771952147246
2020-21,2021-04-22,Leicester,West Brom,1,2020-21,Independent Poisson,H,H,0.7535733081070608,0.1673108959757231,0.0791157959172162,H,1.64,4.04,5.96,0.6097560975609756,0.24752475247524752,0.16778523489932887,1.025066084935552,0.025066084935551958,0.5948456460729673,0.2414719949405115,0.16368235898652123,H,0.7535733081070608,0.5948456460729673,0.28292897552578633,0.5194533254560327,-0.2365243499302464
2020-21,2021-04-23,Arsenal,Everton,1,2020-21,Independent Poisson,A,H,0.5932403185517816,0.2198389210826493,0.186920760365569,A,2.06,3.62,3.81,0.4854368932038835,0.27624309392265195,0.26246719160104987,1.0241471787275853,0.024147178727585317,0.47399133961096984,0.2697298783421541,0.25627878204687604,H,0.186920760365569,0.25627878204687604,1.6770704932918843,1.3614894346540276,0.3155810586378567
2020-21,2021-04-24,Liverpool,Newcastle,1,2020-21,Independent Poisson,D,H,0.7562043910859395,0.1667919166242883,0.0770036922897721,D,1.22,7.14,12.64,0.819672131147541,0.1400560224089636,0.0791139240506329,1.0388420776071374,0.038842077607137426,0.7890247698048282,0.13481935842603507,0.07615587176913688,H,0.1667919166242883,0.13481935842603507,1.7910082517168686,2.0038194823129003,-0.2128112305960317
2020-21,2021-04-24,Sheffield United,Brighton,1,2020-21,Independent Poisson,H,A,0.3303543841483375,0.2709175774816245,0.3987280383700381,H,6.43,3.94,1.61,0.15552099533437014,0.25380710659898476,0.6211180124223602,1.030446114355715,0.030446114355715093,0.15092588847463353,0.24630798550555677,0.6027661260198097,A,0.3303543841483375,0.15092588847463353,1.1075893093718507,1.8909663674550663,-0.7833770580832156
2020-21,2021-04-24,West Ham,Chelsea,1,2020-21,Independent Poisson,A,A,0.372465352976029,0.2531385864410396,0.3743960605829313,A,5.09,3.97,1.72,0.19646365422396858,0.2518891687657431,0.5813953488372093,1.029748171826921,0.02974817182692102,0.19078805828362275,0.24461239714449365,0.5645995445718835,A,0.3743960605829313,0.5645995445718835,0.982441056381355,0.5716385698016077,0.4108024865797474
2020-21,2021-04-25,Aston Villa,West Brom,1,2020-21,Independent Poisson,D,H,0.5012552751578303,0.2720046489320948,0.2267400759100749,D,2.1,3.57,3.76,0.47619047619047616,0.2801120448179272,0.26595744680851063,1.022259967816914,0.022259967816913973,0.4658213088471068,0.2740125346159452,0.26016615653694797,H,0.2720046489320948,0.2740125346159452,1.3019361211700873,1.2945814268668958,0.007354694303191467
2020-21,2021-04-25,Leeds,Man United,1,2020-21,Independent Poisson,D,A,0.1985643742190777,0.2474261547293609,0.5540094710515613,D,4.42,3.98,1.83,0.22624434389140272,0.25125628140703515,0.5464480874316939,1.0239487127301317,0.02394871273013166,0.220952808552464,0.24537975221153033,0.5336674392360058,A,0.2474261547293609,0.24537975221153033,1.3966431062228586,1.404948259434875,-0.008305153212016414
2020-21,2021-04-25,Wolves,Burnley,1,2020-21,Independent Poisson,A,H,0.5073632638741497,0.2564175305706283,0.236219205555222,A,2.44,3.06,3.5,0.4098360655737705,0.32679738562091504,0.2857142857142857,1.022347736908971,0.022347736908971072,0.4008773637166685,0.3196538455779971,0.2794687907053346,H,0.236219205555222,0.2794687907053346,1.4429950679603778,1.2748646537831485,0.1681304141772293
2020-21,2021-04-26,Leicester,Crystal Palace,1,2020-21,Independent Poisson,H,H,0.7252489738110226,0.1660324449148359,0.1087185812741412,H,1.44,4.75,8.25,0.6944444444444444,0.21052631578947367,0.12121212121212122,1.0261828814460392,0.026182881446039197,0.6767258127185598,0.20515477269783708,0.11811941458360319,H,0.7252489738110226,0.6767258127185598,0.32124027092678487,0.39048909147580396,-0.0692488205490191
2020-21,2021-04-30,Southampton,Leicester,1,2020-21,Independent Poisson,D,A,0.218861944132868,0.263686267682602,0.5174517881845297,D,4.21,3.81,1.91,0.23752969121140144,0.26246719160104987,0.5235602094240838,1.0235570922365351,0.023557092236535127,0.23206296259682443,0.25642652822378764,0.5115105091793879,A,0.263686267682602,0.25642652822378764,1.332995262509393,1.3609130950763342,-0.027917832566941136
2020-21,2021-05-01,Brighton,Leeds,1,2020-21,Independent Poisson,H,H,0.4114383842826052,0.2704130278530322,0.3181485878643625,H,2.09,3.54,3.82,0.47846889952153115,0.2824858757062147,0.2617801047120419,1.0227348799397877,0.022734879939787733,0.467832777493323,0.2762063573336285,0.25596086517304845,H,0.4114383842826052,0.467832777493323,0.8880960045049942,0.7596443599644631,0.12845164454053104
2020-21,2021-05-01,Chelsea,Fulham,1,2020-21,Independent Poisson,H,H,0.7926906412520742,0.1393853273770413,0.0679240313708844,H,1.49,4.26,8.34,0.6711409395973155,0.2347417840375587,0.11990407673860912,1.0257868003734831,0.025786800373483132,0.6542694245558208,0.22884071422257582,0.11688986122160348,H,0.7926906412520742,0.6542694245558208,0.23232224537489377,0.42423604820624045,-0.19191380283134668
2020-21,2021-05-01,Crystal Palace,Man City,1,2020-21,Independent Poisson,A,A,0.1304213739268847,0.2006202471220958,0.6689583789510195,A,9.44,5.58,1.34,0.10593220338983052,0.17921146953405018,0.7462686567164178,1.0314123296402986,0.03141232964029861,0.10270596961621935,0.17375346831131014,0.7235405620724704,A,0.6689583789510195,0.7235405620724704,0.4020334346143518,0.3235986708021211,0.07843476381223069
2020-21,2021-05-01,Everton,Aston Villa,1,2020-21,Independent Poisson,A,H,0.5740071833771135,0.2483783398417083,0.1776144767811783,A,1.99,3.84,3.84,0.5025125628140703,0.2604166666666667,0.2604166666666667,1.0233458961474038,0.02334589614740379,0.49104859335038353,0.2544757033248082,0.2544757033248082,H,0.1776144767811783,0.2544757033248082,1.7281399383385692,1.3685499158208188,0.3595900225177504
2020-21,2021-05-02,Newcastle,Arsenal,1,2020-21,Independent Poisson,A,A,0.3009007476552553,0.2249210830605715,0.4741781692841732,A,3.75,3.64,2.08,0.26666666666666666,0.2747252747252747,0.4807692307692307,1.022161172161172,0.022161172161172082,0.26088514603117724,0.26876903780684464,0.4703458161619781,A,0.4741781692841732,0.4703458161619781,0.7461721433481998,0.7542870757627095,-0.008114932414509668
2020-21,2021-05-02,Tottenham,Sheffield United,1,2020-21,Independent Poisson,H,H,0.804904283258214,0.1339505390408243,0.0611451777009615,H,1.31,5.78,10.51,0.7633587786259541,0.17301038062283736,0.09514747859181732,1.0315166378406089,0.031516637840608874,0.7400353524340431,0.1677242753786499,0.092240372187307,H,0.804904283258214,0.7400353524340431,0.2170319114178976,0.30105732036552413,-0.08402540894762653
2020-21,2021-05-03,Burnley,West Ham,1,2020-21,Independent Poisson,A,H,0.4066606953330191,0.2566116456035187,0.3367276590634621,A,3.09,3.61,2.38,0.3236245954692557,0.2770083102493075,0.42016806722689076,1.020800972945454,0.02080097294545391,0.3170300617322672,0.2713636816489489,0.41160625661878386,A,0.3367276590634621,0.41160625661878386,1.0884808086883995,0.887688074411864,0.20079273427653543
2020-21,2021-05-03,West Brom,Wolves,1,2020-21,Independent Poisson,D,A,0.2645857599556029,0.2412267468118463,0.4941874932325505,D,2.62,3.13,3.11,0.38167938931297707,0.3194888178913738,0.3215434083601286,1.0227116155644795,0.022711615564479537,0.3732033385602171,0.31239384889066096,0.31440281254912184,H,0.2412267468118463,0.31239384889066096,1.4220179296806366,1.163490551061091,0.25852737861954567
2020-21,2021-05-07,Leicester,Newcastle,1,2020-21,Independent Poisson,A,H,0.6630323855019644,0.2102152874587319,0.1267523270393038,A,1.41,4.99,8.68,0.7092198581560284,0.2004008016032064,0.1152073732718894,1.0248280330311241,0.02482803303112413,0.6920379178723044,0.19554578440880743,0.11241629771888816,H,0.1267523270393038,0.11241629771888816,2.065520277394926,2.1855463545346625,-0.12002607713973656
2020-21,2021-05-08,Leeds,Tottenham,1,2020-21,Independent Poisson,H,A,0.3148117249417037,0.2505764207925314,0.4346118542657647,H,4.13,4.06,1.87,0.24213075060532688,0.24630541871921185,0.53475935828877,1.0231955276133087,0.023195527613308675,0.23664172103069842,0.24072175070364152,0.5226365282656601,A,0.3148117249417037,0.23664172103069842,1.1557805174472835,1.4412080072659281,-0.28542748981864463
2020-21,2021-05-08,Liverpool,Southampton,1,2020-21,Independent Poisson,H,H,0.7924653008562841,0.1433249041091618,0.0642097950345541,H,1.33,6.09,9.28,0.7518796992481203,0.16420361247947454,0.10775862068965518,1.02384193241725,0.023841932417250078,0.7343708783962014,0.16037984700606697,0.10524927459773147,H,0.7924653008562841,0.7343708783962014,0.2326065585977409,0.3087410940620247,-0.07613453546428381
2020-21,2021-05-08,Man City,Chelsea,1,2020-21,Independent Poisson,A,H,0.7269368529525355,0.1764855616403514,0.0965775854071132,A,2.08,3.36,4.09,0.4807692307692307,0.2976190476190476,0.24449877750611249,1.0228870558943908,0.022887055894390773,0.4700120389624603,0.29095983364342787,0.2390281273941119,H,0.0965775854071132,0.2390281273941119,2.3374085998110306,1.4311740461338247,0.9062345536772058
2020-21,2021-05-08,Sheffield United,Crystal Palace,1,2020-21,Independent Poisson,A,A,0.3472412977702468,0.2508644389762373,0.4018942632535159,A,3.05,3.25,2.55,0.3278688524590164,0.3076923076923077,0.3921568627450981,1.0277180228964222,0.027718022896422223,0.319026080261765,0.2993937060918102,0.3815802136464248,A,0.4018942632535159,0.3815802136464248,0.9115662516932613,0.9634341917836984,-0.05186794009043705
2020-21,2021-05-09,Arsenal,West Brom,1,2020-21,Independent Poisson,H,H,0.6138141233137149,0.2384003471184569,0.1477855295678283,H,1.52,4.41,7.07,0.6578947368421053,0.22675736961451246,0.14144271570014144,1.0260948221567592,0.02609482215675918,0.6411636845211534,0.22099065770343604,0.1378456577754106,H,0.6138141233137149,0.6411636845211534,0.48806312742662306,0.44447049659246696,0.0435926308341561
2020-21,2021-05-09,Aston Villa,Man United,1,2020-21,Independent Poisson,A,A,0.2433446327748556,0.2345786524826267,0.5220767147425176,A,4.38,4.07,1.82,0.22831050228310504,0.24570024570024568,0.5494505494505494,1.0234612974339001,0.02346129743390013,0.22307683041414703,0.24006794034741127,0.5368552292384416,A,0.5220767147425176,0.5368552292384416,0.6499407387892467,0.6220268125544022,0.027913926234844566
2020-21,2021-05-09,West Ham,Everton,1,2020-21,Independent Poisson,A,H,0.6056960155389601,0.2130562735750908,0.181247710885949,A,2.15,3.62,3.54,0.46511627906976744,0.27624309392265195,0.2824858757062147,1.023845248698634,0.023845248698634025,0.45428376960381156,0.2698094211735345,0.2759068092226539,H,0.181247710885949,0.2759068092226539,1.707890614921871,1.2876921180248286,0.4201984968970425
2020-21,2021-05-09,Wolves,Brighton,1,2020-21,Independent Poisson,H,H,0.4839179875554476,0.2477007672386345,0.2683812452059179,H,4.23,3.35,2.05,0.23640661938534277,0.29850746268656714,0.48780487804878053,1.0227189601206905,0.022718960120690523,0.23115501775526343,0.29187633585216843,0.47696864639256803,A,0.4839179875554476,0.23115501775526343,0.7258398338227924,1.4646667209952224,-0.7388268871724301
2020-21,2021-05-10,Fulham,Burnley,1,2020-21,Independent Poisson,A,H,0.3915259401009001,0.2735241443450951,0.3349499155540048,A,2.26,3.48,3.43,0.4424778761061947,0.28735632183908044,0.29154518950437314,1.0213793874496484,0.0213793874496484,0.4332159837404275,0.28134141472797874,0.2854426015315936,H,0.3349499155540048,0.2854426015315936,1.0937742641431192,1.2537143155219024,-0.1599400513787832
2020-21,2021-05-11,Man United,Leicester,1,2020-21,Independent Poisson,A,H,0.6800866389428053,0.1998399933230729,0.1200733677341219,A,3.94,3.61,2.03,0.25380710659898476,0.2770083102493075,0.4926108374384237,1.0234262542867159,0.023426254286715853,0.24799745515213248,0.27066758263141333,0.4813349622164543,A,0.1200733677341219,0.4813349622164543,2.1196523252432207,0.7311918640969943,1.3884604611462263
2020-21,2021-05-11,Southampton,Crystal Palace,1,2020-21,Independent Poisson,H,H,0.4342351933104195,0.2509648908138858,0.3147999158756944,H,1.88,3.87,4.28,0.5319148936170213,0.25839793281653745,0.2336448598130841,1.0239576862466429,0.02395768624664285,0.5194696038337054,0.2523521589683117,0.22817823719798278,H,0.4342351933104195,0.5194696038337054,0.8341689715972941,0.6549469805806327,0.17922199101666136
2020-21,2021-05-12,Chelsea,Arsenal,1,2020-21,Independent Poisson,A,H,0.5169468539750182,0.2384933800073926,0.244559766017589,A,1.99,3.39,4.42,0.5025125628140703,0.2949852507374631,0.22624434389140272,1.0237421574429362,0.023742157442936174,0.4908585224908847,0.2881440884238527,0.2209973890852626,H,0.244559766017589,0.2209973890852626,1.4082955581485068,1.5096043916280055,-0.1013088334794987
2020-21,2021-05-13,Aston Villa,Everton,1,2020-21,Independent Poisson,D,H,0.5144558755783677,0.2565068703059139,0.2290372541157182,D,3.12,3.39,2.47,0.3205128205128205,0.2949852507374631,0.4048582995951417,1.0203563708454253,0.020356370845425298,0.31411850768105337,0.28910021945866865,0.396781272860278,A,0.2565068703059139,0.28910021945866865,1.360599829911642,1.2409818708502367,0.11961795906140527
2020-21,2021-05-13,Man United,Liverpool,1,2020-21,Independent Poisson,A,H,0.6726585663561634,0.1859103400082404,0.141431093635596,A,2.85,3.77,2.47,0.3508771929824561,0.26525198938992045,0.4048582995951417,1.0209874819675182,0.020987481967518207,0.3436645396536007,0.2597994530537831,0.39653600729261623,A,0.141431093635596,0.39653600729261623,1.9559426512807925,0.9249884291865461,1.0309542220942465
2020-21,2021-05-14,Newcastle,Man City,1,2020-21,Independent Poisson,A,A,0.1517257144268683,0.1951659692669794,0.653108316306152,A,8.12,5.89,1.35,0.12315270935960593,0.16977928692699493,0.7407407407407407,1.0336727370273415,0.033672737027341526,0.11914090886615734,0.16424858743517787,0.7166105036986649,A,0.653108316306152,0.7166105036986649,0.42601228856685863,0.3332228165314823,0.09278947203537635
2020-21,2021-05-15,Brighton,West Ham,1,2020-21,Independent Poisson,D,A,0.3611124544796182,0.2591662491194725,0.3797212964009091,D,3.51,3.61,2.17,0.2849002849002849,0.2770083102493075,0.4608294930875576,1.02273808823715,0.022738088237149956,0.2785662215742404,0.2708497057411589,0.45058407268460077,A,0.2591662491194725,0.2708497057411589,1.350285534712731,1.3061912033061447,0.04409433140658625
2020-21,2021-05-15,Burnley,Leeds,1,2020-21,Independent Poisson,A,H,0.4667252712402173,0.2686510687094006,0.264623660050382,A,3.58,3.87,2.06,0.27932960893854747,0.25839793281653745,0.4854368932038835,1.0231644349589684,0.02316443495896836,0.27300558873486386,0.25254780559969314,0.47444660566544306,A,0.264623660050382,0.47444660566544306,1.3294466131190226,0.7456061948393196,0.583840418279703
2020-21,2021-05-15,Southampton,Fulham,1,2020-21,Independent Poisson,H,H,0.498341854283971,0.2532790435685116,0.2483791021475173,H,1.87,3.84,4.38,0.53475935828877,0.2604166666666667,0.22831050228310504,1.0234865272385418,0.023486527238541832,0.5224879312594358,0.25444073735811074,0.22307133138245325,H,0.498341854283971,0.5224879312594358,0.6964689830740438,0.6491533934780008,0.047315589596042984
2020-21,2021-05-16,Crystal Palace,Aston Villa,1,2020-21,Independent Poisson,H,A,0.3227142448876249,0.265352887987246,0.4119328671251291,H,3.2,3.62,2.31,0.3125,0.27624309392265195,0.4329004329004329,1.0216435268230848,0.02164352682308479,0.3058796848366023,0.2703908816235158,0.42372943353988196,A,0.3227142448876249,0.3058796848366023,1.1309880380796922,1.1845634411564465,-0.05357540307675435
2020-21,2021-05-16,Everton,Sheffield United,1,2020-21,Independent Poisson,A,H,0.7791256379394801,0.1551912409137167,0.0656831211468032,A,1.35,5.33,9.25,0.7407407407407407,0.18761726078799248,0.10810810810810811,1.0364661096368413,0.03646610963684127,0.7146791717099971,0.18101630052692233,0.10430452776308066,H,0.0656831211468032,0.10430452776308066,2.722913294461498,2.2604405069580924,0.4624727875034056
2020-21,2021-05-16,Tottenham,Wolves,1,2020-21,Independent Poisson,H,H,0.5942346882900829,0.2182533558678563,0.1875119558420607,H,1.56,4.63,5.95,0.641025641025641,0.2159827213822894,0.1680672268907563,1.0250755892986867,0.025075589298686696,0.6253447528334994,0.2106993119698184,0.1639559351966822,H,0.5942346882900829,0.6253447528334994,0.5204809395187537,0.4694521767899952,0.05102876272875856
2020-21,2021-05-16,West Brom,Liverpool,1,2020-21,Independent Poisson,A,A,0.0937099031968733,0.148589558132045,0.7577005386710816,A,11.9,7.23,1.23,0.08403361344537814,0.1383125864453665,0.8130081300813008,1.0353543299720456,0.03535432997204557,0.08116411069401433,0.13358961511186312,0.7852462741941224,A,0.7577005386710816,0.7852462741941224,0.2774670391158268,0.24175788531309983,0.03570915380272699
2020-21,2021-05-18,Brighton,Man City,1,2020-21,Independent Poisson,H,A,0.2264831958987295,0.2315853767441129,0.5419314273571575,H,7.37,4.75,1.46,0.13568521031207598,0.21052631578947367,0.684931506849315,1.0311430329508646,0.031143032950864624,0.13158718623524032,0.20416790790604658,0.6642449058587132,A,0.2264831958987295,0.13158718623524032,1.4850845271038693,2.0280856338647206,-0.5430011067608513
2020-21,2021-05-18,Chelsea,Leicester,1,2020-21,Independent Poisson,H,H,0.5076955060319182,0.2546088736711449,0.2376956202969367,H,1.71,3.88,5.45,0.5847953216374269,0.2577319587628866,0.18348623853211007,1.0260135189324235,0.02601351893242354,0.5699684369129091,0.25119742967038006,0.1788341334167109,H,0.5076955060319182,0.5699684369129091,0.6778734086891615,0.5621742935237303,0.11569911516543119
2020-21,2021-05-18,Man United,Fulham,1,2020-21,Independent Poisson,D,H,0.8093781473466113,0.1296413686688872,0.0609804839845015,D,1.3,5.93,10.85,0.7692307692307692,0.16863406408094436,0.09216589861751152,1.030030731929225,0.030030731929225007,0.7468037072932928,0.16371750750105918,0.089478785205648,H,0.1296413686688872,0.16371750750105918,2.0429833433062727,1.8096128516305594,0.23337049167571333
2020-21,2021-05-18,Southampton,Leeds,1,2020-21,Independent Poisson,A,A,0.33636965655051,0.2580434329620645,0.4055869104874254,A,2.71,3.9,2.52,0.36900369003690037,0.25641025641025644,0.3968253968253968,1.0222393432725536,0.022239343272553613,0.3609758247570355,0.2508319192542478,0.3881922559887167,A,0.4055869104874254,0.3881922559887167,0.9024200991997182,0.9462545569554318,-0.043834457755713596
2020-21,2021-05-19,Burnley,Liverpool,1,2020-21,Independent Poisson,A,A,0.1880982914925719,0.2171641339294116,0.5947375745780162,A,9.95,6.52,1.29,0.10050251256281408,0.15337423312883436,0.7751937984496123,1.0290705441412609,0.029070544141260868,0.09766338482332272,0.14904151518283146,0.7532950999938457,A,0.5947375745780162,0.7532950999938457,0.5196350218575493,0.2832982288924115,0.23633679296513777
2020-21,2021-05-19,Crystal Palace,Arsenal,1,2020-21,Independent Poisson,A,A,0.3548418000407395,0.2664161069699186,0.3787420929893418,A,5.96,4.09,1.63,0.16778523489932887,0.24449877750611249,0.6134969325153374,1.0257809449207786,0.025780944920778648,0.163568289828475,0.23835379153489267,0.5980779186366325,A,0.3787420929893418,0.5980779186366325,0.9708997989722745,0.5140342347961809,0.4568655641760936
2020-21,2021-05-19,Everton,Wolves,1,2020-21,Independent Poisson,H,H,0.4959280186205825,0.2604208173585173,0.2436511640209001,H,1.85,3.57,4.89,0.5405405405405405,0.2801120448179272,0.20449897750511248,1.0251515628635801,0.025151562863580113,0.5272786582216543,0.27323964081514307,0.19948170096320259,H,0.4959280186205825,0.5272786582216543,0.7013244865375053,0.6400261069578458,0.061298379579659557
2020-21,2021-05-19,Newcastle,Sheffield United,1,2020-21,Independent Poisson,H,H,0.5157658986349907,0.2457619146940358,0.2384721866709736,H,1.82,3.82,4.59,0.5494505494505494,0.2617801047120419,0.2178649237472767,1.029095577909868,0.029095577909868053,0.5339159561510353,0.2543788063337393,0.21170523751522535,H,0.5157658986349907,0.5339159561510353,0.6621023012625779,0.6275168378932899,0.03458546336928792
2020-21,2021-05-19,Tottenham,Aston Villa,1,2020-21,Independent Poisson,A,H,0.704564143714167,0.1771808576806361,0.1182549986051968,A,1.64,4.47,5.27,0.6097560975609756,0.2237136465324385,0.18975332068311196,1.0232230647765261,0.023223064776526137,0.5959170766876208,0.21863624290105108,0.18544668041132795,H,0.1182549986051968,0.18544668041132795,2.1349119810007884,1.684987875388317,0.4499241056124714
2020-21,2021-05-19,West Brom,West Ham,1,2020-21,Independent Poisson,A,H,0.4011053406439741,0.2669898117463284,0.3319048476096974,A,4.91,4.31,1.68,0.20366598778004072,0.2320185614849188,0.5952380952380952,1.0309226445030548,0.03092264450305482,0.19755700281296637,0.2250591377753283,0.5773838594117053,A,0.3319048476096974,0.5773838594117053,1.1029069547295538,0.5492479660551643,0.5536589886743895
2020-21,2021-05-23,Arsenal,Brighton,1,2020-21,Independent Poisson,H,H,0.5627362584896274,0.2421161275317913,0.1951476139785812,H,1.7,4.21,5.05,0.5882352941176471,0.23752969121140144,0.19801980198019803,1.0237847873092465,0.02378478730924649,0.5745692858590636,0.23201135058442,0.19341936355651645,H,0.5627362584896274,0.5745692858590636,0.5749442179925391,0.5541345869476482,0.020809631044890975
2020-21,2021-05-23,Aston Villa,Chelsea,1,2020-21,Independent Poisson,H,A,0.2648051184258601,0.2362586696762913,0.4989362118978487,H,6.95,5.06,1.46,0.14388489208633093,0.19762845849802374,0.684931506849315,1.0264448574336698,0.026444857433669755,0.14017790731211197,0.1925368489761222,0.6672852437117658,A,0.2648051184258601,0.14017790731211197,1.3287611257032996,1.964842896598135,-0.6360817708948354
2020-21,2021-05-23,Fulham,Newcastle,1,2020-21,Independent Poisson,A,H,0.3695520451848324,0.2713827018512447,0.3590652529639229,A,2.53,3.47,2.91,0.3952569169960475,0.2881844380403458,0.3436426116838488,1.0270839667202423,0.02708396672024227,0.38483408348609516,0.280585081043176,0.3345808354707287,H,0.3590652529639229,0.3345808354707287,1.02425114388007,1.0948767680089875,-0.07062562412891737
2020-21,2021-05-23,Leeds,West Brom,1,2020-21,Independent Poisson,H,H,0.5844455910773247,0.2392198535791159,0.1763345553435593,H,1.54,4.81,5.69,0.6493506493506493,0.2079002079002079,0.17574692442882248,1.0329977816796798,0.032997781679679816,0.6286079804496668,0.20125910392775195,0.17013291562258115,H,0.5844455910773247,0.6286079804496668,0.5370915886691485,0.46424745910640614,0.07284412956274239
2020-21,2021-05-23,Leicester,Tottenham,1,2020-21,Independent Poisson,A,H,0.4952161365107291,0.2496028758513964,0.2551809876378743,A,1.78,4.36,4.33,0.5617977528089888,0.2293577981651376,0.23094688221709006,1.0221024331912165,0.02210243319121652,0.5496491687774769,0.22439805514309835,0.22595277607942468,H,0.2551809876378743,0.22595277607942468,1.3657822301383438,1.4874292569448484,-0.12164702680650463
2020-21,2021-05-23,Liverpool,Crystal Palace,1,2020-21,Independent Poisson,H,H,0.7867635337306627,0.1433793276517471,0.0698571386175902,H,1.19,8.34,15.0,0.8403361344537815,0.11990407673860912,0.06666666666666667,1.0269068778590573,0.02690687785905732,0.8183177584765553,0.11676236601763798,0.06491987550580672,H,0.7867635337306627,0.8183177584765553,0.23982754111291807,0.20050456001428582,0.03932298109863225
2020-21,2021-05-23,Man City,Everton,1,2020-21,Independent Poisson,H,H,0.8727792593906964,0.0962814593750044,0.030939281234299,H,1.28,6.28,10.34,0.78125,0.1592356687898089,0.09671179883945842,1.0371974676292672,0.037197467629267233,0.7532316886443148,0.15352493016954186,0.09324338118614342,H,0.8727792593906964,0.7532316886443148,0.13607260804684626,0.283382411065668,-0.14730980301882177
2020-21,2021-05-23,Sheffield United,Burnley,1,2020-21,Independent Poisson,H,A,0.3032345275992972,0.262757891266978,0.4340075811337247,H,2.85,3.45,2.58,0.3508771929824561,0.2898550724637681,0.38759689922480617,1.0283291646710304,0.028329164671030416,0.34121097119199584,0.2818699327238227,0.37691909608418145,A,0.3032345275992972,0.34121097119199584,1.1932487543910595,1.0752543091570754,0.11799444523398406
2020-21,2021-05-23,West Ham,Southampton,1,2020-21,Independent Poisson,H,H,0.5844802218395788,0.2296439826263959,0.1858757955340252,H,1.79,3.94,4.75,0.5586592178770949,0.25380710659898476,0.21052631578947367,1.0229926402655534,0.022992640265553366,0.5461028710158418,0.2481025733802936,0.2057945556038646,H,0.5844802218395788,0.5461028710158418,0.5370323363849034,0.6049479125299531,-0.06791557614504962
2020-21,2021-05-23,Wolves,Man United,1,2020-21,Independent Poisson,A,A,0.2556314595980834,0.2506096963535228,0.493758844048394,A,2.48,3.19,3.28,0.40322580645161293,0.31347962382445144,0.3048780487804878,1.0215834790565521,0.021583479056552113,0.3947066634476099,0.3068565910188315,0.29843674553355864,H,0.493758844048394,0.29843674553355864,0.7057080509304761,1.2091972763653747,-0.5034892254348986
2021-22,2021-08-13,Brentford,Arsenal,2,2021-22,Independent Poisson,H,A,0.2790291873343766,0.2236304854897817,0.4973403271758416,H,3.94,3.33,2.13,0.25380710659898476,0.3003003003003003,0.4694835680751174,1.0235909749744025,0.023590974974402545,0.24795754632882713,0.2933791989596333,0.4586632547115394,A,0.2790291873343766,0.24795754632882713,1.2764388885307367,1.3944977316287903,-0.11805884309805359
2021-22,2021-08-14,Burnley,Brighton,2,2021-22,Independent Poisson,A,H,0.4063257446543319,0.2560956009875924,0.3375786543580757,A,3.27,3.14,2.51,0.3058103975535168,0.3184713375796178,0.39840637450199207,1.0226881096351268,0.022688109635126796,0.2990260614867454,0.3114061213572157,0.38956781715603883,A,0.3375786543580757,0.38956781715603883,1.0859567458716197,0.9427173154613536,0.1432394304102661
2021-22,2021-08-14,Chelsea,Crystal Palace,2,2021-22,Independent Poisson,H,H,0.6221283443778529,0.2026896284253807,0.1751820271967661,H,1.34,5.4,11.0,0.7462686567164178,0.18518518518518517,0.09090909090909091,1.0223629328106938,0.022362932810693792,0.7299449469130949,0.1811344868265828,0.08892056626032248,H,0.6221283443778529,0.7299449469130949,0.4746088660849318,0.3147861628711098,0.15982270321382203
2021-22,2021-08-14,Everton,Southampton,2,2021-22,Independent Poisson,H,H,0.5006519669450666,0.2484440334999413,0.250903999554992,H,2.05,3.45,4.07,0.48780487804878053,0.2898550724637681,0.24570024570024568,1.0233601962127943,0.023360196212794282,0.4766697784944412,0.2832385640329288,0.24009165747263003,H,0.5006519669450666,0.4766697784944412,0.6918440960533272,0.7409313161075866,-0.04908722005425936
2021-22,2021-08-14,Leicester,Wolves,2,2021-22,Independent Poisson,H,H,0.5212647374703454,0.2560245542293907,0.2227107083002636,H,1.76,3.77,5.22,0.5681818181818182,0.26525198938992045,0.19157088122605365,1.0250046887977924,0.025004688797792385,0.5543211893481457,0.25878124489462506,0.18689756575722918,H,0.5212647374703454,0.5543211893481457,0.6514972329444051,0.5900109960668398,0.06148623687756527
2021-22,2021-08-14,Man United,Leeds,2,2021-22,Independent Poisson,H,H,0.5287078103034064,0.2266328546238005,0.2446593350727929,H,1.67,4.2,5.4,0.5988023952095809,0.23809523809523808,0.18518518518518517,1.0220828184900042,0.022082818490004152,0.5858648481091135,0.23295102293862366,0.18118412895226285,H,0.5287078103034064,0.5858648481091135,0.6373193431935081,0.5346661506314659,0.1026531925620422
2021-22,2021-08-14,Norwich,Liverpool,2,2021-22,Independent Poisson,A,A,0.0873940361789452,0.1437731052280027,0.768832858593052,A,7.0,4.9,1.48,0.14285714285714285,0.2040816326530612,0.6756756756756757,1.0226144511858797,0.02261445118587968,0.13969795037756202,0.1995685005393743,0.6607335490830637,A,0.768832858593052,0.6607335490830637,0.26288168213396,0.414404623146973,-0.151522941013013
2021-22,2021-08-14,Watford,Aston Villa,2,2021-22,Independent Poisson,H,A,0.2416420516265232,0.2363876234268155,0.5219703249466612,H,3.68,3.35,2.21,0.2717391304347826,0.29850746268656714,0.45248868778280543,1.0227352809041552,0.02273528090415522,0.2656984026155331,0.2918716780970632,0.4424299192874036,A,0.2416420516265232,0.2656984026155331,1.420297773321704,1.3253934382196384,0.09490433510206553
2021-22,2021-08-15,Newcastle,West Ham,2,2021-22,Independent Poisson,A,A,0.3162434707761377,0.2492983494667044,0.4344581797571579,A,3.46,3.55,2.21,0.28901734104046245,0.28169014084507044,0.45248868778280543,1.0231961696683383,0.023196169668338262,0.2824652296481381,0.27530413931903036,0.44223063103283156,A,0.4344581797571579,0.44223063103283156,0.8336555880293993,0.8159237433222911,0.017731844707108202
2021-22,2021-08-15,Tottenham,Man City,2,2021-22,Independent Poisson,H,A,0.2526648406088871,0.2200034256394064,0.5273317337517065,H,5.97,4.25,1.61,0.16750418760469013,0.23529411764705882,0.6211180124223602,1.023916317674109,0.023916317674109067,0.16359167708664565,0.22979819110759397,0.6066101318057605,A,0.2526648406088871,0.16359167708664565,1.3756914091755987,1.8103817296611042,-0.4346903204855055
2021-22,2021-08-21,Aston Villa,Newcastle,2,2021-22,Independent Poisson,H,H,0.3861848545091577,0.2518540106992725,0.3619611347915697,H,1.87,3.83,4.39,0.53475935828877,0.2610966057441253,0.22779043280182235,1.0236463968347176,0.023646396834717587,0.522406330879817,0.2550652320483702,0.22252843707181277,H,0.3861848545091577,0.522406330879817,0.9514391264600901,0.6493095822575576,0.30212954420253246
2021-22,2021-08-21,Brighton,Watford,2,2021-22,Independent Poisson,H,H,0.4118270384115275,0.2614481867749587,0.3267247748135137,H,1.78,3.55,5.6,0.5617977528089888,0.28169014084507044,0.17857142857142858,1.022059322225488,0.0220593222254879,0.5496723532502005,0.27561036303812864,0.17471728371167083,H,0.4118270384115275,0.5496723532502005,0.8871518274581234,0.5984328996313658,0.28871892782675757
2021-22,2021-08-21,Crystal Palace,Brentford,2,2021-22,Independent Poisson,D,A,0.3402115186591579,0.2573046380293888,0.4024838433114533,D,2.68,3.2,2.97,0.3731343283582089,0.3125,0.33670033670033667,1.0223346650585456,0.022334665058545644,0.3649825650163597,0.30567289820120125,0.329344536782439,H,0.2573046380293888,0.30567289820120125,1.3574945340916897,1.1852397089019109,0.17225482518977886
2021-22,2021-08-21,Leeds,Everton,2,2021-22,Independent Poisson,D,A,0.343136200511122,0.2490885469468831,0.407775252541995,D,2.15,3.52,3.65,0.46511627906976744,0.2840909090909091,0.273972602739726,1.0231797909004026,0.023179790900402564,0.4545792276257364,0.2776549259645833,0.2677658464096803,H,0.2490885469468831,0.2776549259645833,1.3899468355033147,1.2813762098182504,0.10857062568506426
2021-22,2021-08-21,Liverpool,Burnley,2,2021-22,Independent Poisson,H,H,0.7465418623384988,0.1540202810036794,0.0994378566578216,H,1.25,6.75,13.5,0.8,0.14814814814814814,0.07407407407407407,1.0222222222222221,0.022222222222222143,0.7826086956521741,0.14492753623188406,0.07246376811594203,H,0.7465418623384988,0.7826086956521741,0.29230358542585044,0.24512245803298482,0.04718112739286562
2021-22,2021-08-21,Man City,Norwich,2,2021-22,Independent Poisson,H,H,0.8154754940785869,0.1277219617809858,0.0568025441404275,H,1.13,10.0,26.0,0.8849557522123894,0.1,0.038461538461538464,1.0234172906739278,0.023417290673927837,0.8647066648929095,0.09771185313289876,0.03758148197419183,H,0.8154754940785869,0.8647066648929095,0.20398390755212203,0.1453649452937403,0.05861896225838173
2021-22,2021-08-22,Arsenal,Chelsea,2,2021-22,Independent Poisson,A,A,0.3186054064833409,0.2431594918506836,0.4382351016659755,A,4.5,3.56,1.93,0.2222222222222222,0.2808988764044944,0.5181347150259068,1.0212558136526235,0.021255813652623523,0.21759702050304341,0.2750524135572178,0.5073505659397386,A,0.4382351016659755,0.5073505659397386,0.8249997508163096,0.678553062775774,0.14644668804053562
2021-22,2021-08-22,Southampton,Man United,2,2021-22,Independent Poisson,D,A,0.1840677694760579,0.2038100291882478,0.6121222013356942,D,5.7,4.45,1.61,0.17543859649122806,0.2247191011235955,0.6211180124223602,1.0212757100371839,0.02127571003718387,0.1717837747113759,0.2200376440123242,0.6081785812762998,A,0.2038100291882478,0.2200376440123242,1.5905669484708285,1.5139566381203478,0.07661031035048071
2021-22,2021-08-22,Wolves,Tottenham,2,2021-22,Independent Poisson,A,A,0.2639372474038122,0.2233858759123924,0.5126768766837955,A,2.95,3.09,2.79,0.3389830508474576,0.3236245954692557,0.35842293906810035,1.0210305853848136,0.021030585384813616,0.3320008780341278,0.31695876705523535,0.35104035491063695,A,0.5126768766837955,0.35104035491063695,0.668109502274915,1.0468540908695836,-0.37874458859466864
2021-22,2021-08-23,West Ham,Leicester,2,2021-22,Independent Poisson,H,H,0.4002744009259218,0.2470233493233392,0.3527022497507389,H,2.52,3.5,2.95,0.3968253968253968,0.2857142857142857,0.3389830508474576,1.0215227333871402,0.02152273338714017,0.3884645772978667,0.279694495654464,0.3318409270476692,H,0.4002744009259218,0.3884645772978667,0.9156049647513831,0.9455532914578823,-0.029948326706499162
2021-22,2021-08-28,Aston Villa,Brentford,2,2021-22,Independent Poisson,D,A,0.3433599688626081,0.2580255202407108,0.398614510896681,D,2.1,3.33,4.07,0.47619047619047616,0.3003003003003003,0.24570024570024568,1.0221910221910222,0.022191022191022203,0.465852727966425,0.2937809996184662,0.24036627241510872,H,0.2580255202407108,0.2937809996184662,1.3546967832906813,1.224920688475677,0.1297760948150044
2021-22,2021-08-28,Brighton,Everton,2,2021-22,Independent Poisson,A,H,0.3940584022343101,0.2521185488921975,0.3538230488734922,A,2.35,3.26,3.46,0.425531914893617,0.3067484662576687,0.28901734104046245,1.021297722191748,0.02129772219174808,0.4166580475479839,0.30035166004225833,0.28299029240975787,H,0.3538230488734922,0.28299029240975787,1.038958352760277,1.2623426843662597,-0.2233843316059827
2021-22,2021-08-28,Liverpool,Chelsea,2,2021-22,Independent Poisson,D,H,0.5323277376924758,0.2248422920703086,0.2428299702372155,D,2.47,3.36,3.13,0.4048582995951417,0.2976190476190476,0.3194888178913738,1.0219661651055632,0.02196616510556315,0.39615626565613565,0.2912220167174569,0.3126217176264074,H,0.2248422920703086,0.2912220167174569,1.4923560466718453,1.2336693586582619,0.2586866880135834
2021-22,2021-08-28,Man City,Arsenal,2,2021-22,Independent Poisson,H,H,0.6352233248771211,0.2091179095522438,0.1556587655706351,H,1.36,5.2,10.5,0.7352941176470588,0.1923076923076923,0.09523809523809523,1.0228399051928463,0.022839905192846288,0.7188750789972614,0.18801348219928377,0.09311143880345482,H,0.6352233248771211,0.7188750789972614,0.4537786491989581,0.33006767905810286,0.12371097014085525
2021-22,2021-08-28,Newcastle,Southampton,2,2021-22,Independent Poisson,D,A,0.3712332200905113,0.2567755117762658,0.3719912681332229,D,2.51,3.59,2.89,0.39840637450199207,0.2785515320334262,0.3460207612456747,1.022978667781093,0.022978667781093032,0.38945716763201066,0.27229456567029153,0.33824826669769775,H,0.2567755117762658,0.27229456567029153,1.3595530708399923,1.3008708366433561,0.05868223419663621
2021-22,2021-08-28,Norwich,Leicester,2,2021-22,Independent Poisson,A,A,0.1341385065800394,0.186276207548975,0.6795852858709855,A,4.4,3.67,1.91,0.22727272727272727,0.2724795640326976,0.5235602094240838,1.0233125007295087,0.023312500729508745,0.2220951342925127,0.26627209560955206,0.5116327700979351,A,0.6795852858709855,0.5116327700979351,0.3862725405797482,0.6701481571890021,-0.2838756166092539
2021-22,2021-08-28,West Ham,Crystal Palace,2,2021-22,Independent Poisson,D,H,0.6295862586851397,0.2041300602858489,0.1662836810290113,D,1.59,4.0,6.8,0.6289308176100629,0.25,0.14705882352941177,1.0259896411394747,0.025989641139474662,0.6129991886775443,0.2436671774993239,0.14333363382313172,H,0.2041300602858489,0.2436671774993239,1.5889979378660217,1.411952011462212,0.17704592640380978
2021-22,2021-08-29,Burnley,Leeds,2,2021-22,Independent Poisson,D,A,0.3160573786682966,0.2569649963223649,0.4269776250093386,D,3.35,3.6,2.24,0.29850746268656714,0.2777777777777778,0.4464285714285714,1.0227138118929164,0.022713811892916436,0.2918778051252352,0.2716085131026495,0.4365136817721152,A,0.2569649963223649,0.2716085131026495,1.3588154044434189,1.303393539522803,0.05542186492061596
2021-22,2021-08-29,Tottenham,Watford,2,2021-22,Independent Poisson,H,H,0.6010210118079504,0.2094947859694764,0.189484202222573,H,1.44,4.65,8.5,0.6944444444444444,0.2150537634408602,0.11764705882352941,1.027145266708834,0.027145266708834104,0.6760917534766767,0.20937034946374503,0.11453789705957818,H,0.6010210118079504,0.6760917534766767,0.5091253836471662,0.39142648215457143,0.11769890149259477
2021-22,2021-08-29,Wolves,Man United,2,2021-22,Independent Poisson,A,A,0.1951013118510588,0.2193559032770237,0.5855427848719175,A,4.93,3.8,1.79,0.20283975659229211,0.2631578947368421,0.5586592178770949,1.024656869206229,0.024656869206229004,0.1979587144615797,0.25682538481462835,0.5452159007237921,A,0.5855427848719175,0.5452159007237921,0.5352160245374289,0.6065734146477918,-0.0713573901103629
2021-22,2021-09-11,Arsenal,Norwich,2,2021-22,Independent Poisson,H,H,0.6381091651074859,0.2242440709949441,0.1376467638975697,H,1.44,4.91,7.9,0.6944444444444444,0.20366598778004072,0.12658227848101264,1.0246927107054977,0.024692710705497722,0.6777099487380188,0.1987581112388487,0.12353194002313253,H,0.6381091651074859,0.6777099487380188,0.4492459050900223,0.3890358867972853,0.06021001829273703
2021-22,2021-09-11,Brentford,Brighton,2,2021-22,Independent Poisson,A,H,0.4078154948472998,0.266410916668516,0.3257735884841842,A,3.14,3.0,2.7,0.3184713375796178,0.3333333333333333,0.37037037037037035,1.0221750412833215,0.022175041283321484,0.3115624278790676,0.32610200784675747,0.36233556427417496,A,0.3257735884841842,0.36233556427417496,1.1215526527540949,1.0151845233975556,0.10636812935653928
2021-22,2021-09-11,Chelsea,Aston Villa,2,2021-22,Independent Poisson,H,H,0.6665942538716982,0.1878189915232032,0.1455867546050984,H,1.35,5.38,10.33,0.7407407407407407,0.1858736059479554,0.0968054211035818,1.0234197677922778,0.023419767792277835,0.7237897527997406,0.1816201052564405,0.09459014194381896,H,0.6665942538716982,0.7237897527997406,0.4055737332001087,0.3232543254551442,0.08231940774496449
2021-22,2021-09-11,Crystal Palace,Tottenham,2,2021-22,Independent Poisson,H,A,0.203748583726631,0.2135974107495197,0.5826540055238494,H,3.95,3.33,2.13,0.2531645569620253,0.3003003003003003,0.4694835680751174,1.022948425337443,0.022948425337443012,0.24748516219526231,0.293563480682068,0.45895135712266966,A,0.203748583726631,0.24748516219526231,1.5908684779202635,1.3964046494967215,0.19446382842354204
2021-22,2021-09-11,Leicester,Man City,2,2021-22,Independent Poisson,A,A,0.2271082573138156,0.2264842934385689,0.5464074492476155,A,5.62,4.15,1.65,0.17793594306049823,0.24096385542168672,0.6060606060606061,1.024960404542791,0.024960404542790915,0.17360274823481692,0.2350957698987159,0.5913014818664674,A,0.5464074492476155,0.5913014818664674,0.6043903374956208,0.5254292700423636,0.07896106745325715
2021-22,2021-09-11,Man United,Newcastle,2,2021-22,Independent Poisson,H,H,0.7222506268791028,0.172472553814119,0.105276819306778,H,1.2,7.45,15.76,0.8333333333333334,0.1342281879194631,0.06345177664974619,1.0310132979025426,0.03101329790254259,0.808266328890847,0.1301905496200022,0.06154312148915078,H,0.7222506268791028,0.808266328890847,0.3253830716831019,0.21286365980820013,0.11251941187490175
2021-22,2021-09-11,Southampton,West Ham,2,2021-22,Independent Poisson,D,A,0.2357452652081118,0.2281643354061382,0.5360903993857498,D,3.16,3.55,2.36,0.3164556962025316,0.28169014084507044,0.42372881355932207,1.021874650606924,0.021874650606924062,0.3096815211284265,0.27566017091995154,0.414658307951622,A,0.2281643354061382,0.27566017091995154,1.477689140331991,1.2885864366770337,0.1891027036549573
2021-22,2021-09-11,Watford,Wolves,2,2021-22,Independent Poisson,A,H,0.3747148556013012,0.2667903549501481,0.3584947894485507,A,3.67,3.21,2.28,0.2724795640326976,0.3115264797507788,0.4385964912280702,1.0226025350115466,0.02260253501154663,0.26645696123726204,0.30464082484135563,0.4289022139213823,A,0.3584947894485507,0.4289022139213823,1.0258411533617524,0.8465263256134913,0.17931482774826113
2021-22,2021-09-12,Leeds,Liverpool,2,2021-22,Independent Poisson,A,A,0.1911792115609699,0.2020576752221787,0.6067631132168515,A,5.04,4.48,1.66,0.1984126984126984,0.2232142857142857,0.6024096385542169,1.024036622681201,0.024036622681200992,0.19375547125765974,0.21797490516486723,0.588269623577473,A,0.6067631132168515,0.588269623577473,0.49961682238506677,0.5305698926833495,-0.03095307029828276
2021-22,2021-09-13,Everton,Burnley,2,2021-22,Independent Poisson,H,H,0.5469751942600755,0.2492507771083616,0.2037740286315628,H,1.78,3.53,5.58,0.5617977528089888,0.28328611898017,0.17921146953405018,1.024295341323209,0.024295341323208985,0.548472427965205,0.2765668333648909,0.17496073866990408,H,0.5469751942600755,0.548472427965205,0.6033518262903124,0.6006182685974166,0.0027335576928957384
2021-22,2021-09-17,Newcastle,Leeds,2,2021-22,Independent Poisson,D,A,0.2999643295106681,0.25825987731137,0.4417757931779617,D,3.25,3.74,2.23,0.3076923076923077,0.267379679144385,0.4484304932735426,1.0235024801102353,0.023502480110235258,0.30062683156289766,0.2612398937378121,0.4381332746992903,A,0.25825987731137,0.2612398937378121,1.3537889246223287,1.34231616070855,0.011472763913778605
2021-22,2021-09-18,Aston Villa,Everton,2,2021-22,Independent Poisson,H,A,0.2532364738905895,0.2357479362256918,0.5110155898837189,H,2.18,3.46,3.65,0.4587155963302752,0.28901734104046245,0.273972602739726,1.0217055401104638,0.021705540110463772,0.4489704502147265,0.2828773356844231,0.26815221410085033,H,0.2532364738905895,0.4489704502147265,1.3734315473859753,0.8007982058449783,0.572633341540997
2021-22,2021-09-18,Burnley,Arsenal,2,2021-22,Independent Poisson,A,A,0.2629104157586571,0.2482140130485333,0.4888755711928095,A,3.94,3.79,1.98,0.25380710659898476,0.2638522427440633,0.5050505050505051,1.022709854393553,0.02270985439355311,0.24817117534228453,0.2579932535220584,0.4938355711356572,A,0.4888755711928095,0.4938355711356572,0.7156472775250202,0.7055526691538319,0.010094608371188363
2021-22,2021-09-18,Liverpool,Crystal Palace,2,2021-22,Independent Poisson,H,H,0.7414870942519959,0.1536757924054376,0.1048371133425665,H,1.29,6.13,11.57,0.7751937984496123,0.1631321370309951,0.08643042350907519,1.0247563589896826,0.024756358989682647,0.7564664436080041,0.1591911439240335,0.08434241246796242,H,0.7414870942519959,0.7564664436080041,0.29909752247538046,0.2790971041625242,0.02000041831285626
2021-22,2021-09-18,Man City,Southampton,2,2021-22,Independent Poisson,D,H,0.7559201893087921,0.1488484191978994,0.0952313914933085,D,1.18,8.18,16.74,0.8474576271186441,0.12224938875305624,0.059737156511350066,1.0294441723830505,0.029444172383050526,0.8232186357001493,0.11875281052887239,0.058028553770978264,H,0.1488484191978994,0.11875281052887239,1.9048268116781937,2.130711168735903,-0.22588435705770915
2021-22,2021-09-18,Norwich,Watford,2,2021-22,Independent Poisson,A,A,0.2343110729160343,0.2506083222075072,0.5150806048764587,A,2.41,3.29,3.31,0.41493775933609955,0.303951367781155,0.3021148036253776,1.0210039307426322,0.021003930742632182,0.40640172563713106,0.2976985285062267,0.29589974585664225,H,0.5150806048764587,0.29589974585664225,0.663431876242269,1.2177345784589297,-0.5543027022166608
2021-22,2021-09-18,Wolves,Brentford,2,2021-22,Independent Poisson,A,H,0.3740549525471807,0.2570889979908947,0.3688560494619245,A,1.83,3.42,5.38,0.5464480874316939,0.29239766081871343,0.1858736059479554,1.0247193541983628,0.024719354198362797,0.5332660939728028,0.28534413800299097,0.1813897680242062,H,0.3688560494619245,0.1813897680242062,0.9973488209135397,1.7071071484917018,-0.709758327578162
2021-22,2021-09-19,Brighton,Leicester,2,2021-22,Independent Poisson,H,A,0.3498731470622951,0.2406641725435218,0.4094626803941831,H,2.55,3.23,3.12,0.3921568627450981,0.30959752321981426,0.3205128205128205,1.022267206477733,0.022267206477732948,0.3836148320714424,0.302853814793244,0.31353135313531344,H,0.3498731470622951,0.3836148320714424,1.0501846271597,0.9581162712577721,0.09206835590192786
2021-22,2021-09-19,Tottenham,Chelsea,2,2021-22,Independent Poisson,A,A,0.3180145187789188,0.251750762411784,0.430234718809297,A,4.2,3.4,2.04,0.23809523809523808,0.29411764705882354,0.49019607843137253,1.022408963585434,0.022408963585434094,0.23287671232876714,0.28767123287671237,0.4794520547945206,A,0.430234718809297,0.4794520547945206,0.8434243615246091,0.7351113796589774,0.10831298186563165
2021-22,2021-09-19,West Ham,Man United,2,2021-22,Independent Poisson,A,A,0.2819757207449894,0.2418463842110302,0.4761778950439804,A,4.31,3.79,1.89,0.2320185614849188,0.2638522427440633,0.5291005291005292,1.0249713333295114,0.024971333329511403,0.2263659030650457,0.2574240216913844,0.5162100752435699,A,0.4761778950439804,0.5162100752435699,0.7419637654860436,0.6612414737874214,0.08072229169862222
2021-22,2021-09-25,Brentford,Liverpool,2,2021-22,Independent Poisson,D,A,0.130499468132003,0.1968378052236176,0.6726627266443792,D,7.88,4.98,1.43,0.12690355329949238,0.2008032128514056,0.6993006993006994,1.0270074654515975,0.02700746545159749,0.12356633965040374,0.19552264185646212,0.680911018493134,A,0.1968378052236176,0.19552264185646212,1.6253752130992674,1.6320790911402017,-0.006703878040934308
2021-22,2021-09-25,Chelsea,Man City,2,2021-22,Independent Poisson,A,A,0.3394223805943119,0.2475635138551337,0.4130141055505544,A,2.92,3.21,2.72,0.3424657534246575,0.3115264797507788,0.3676470588235294,1.0216392919989656,0.021639291998965637,0.3352120030099667,0.304928052582275,0.35985994440775837,A,0.4130141055505544,0.35985994440775837,0.8842735327289002,1.0220403665407465,-0.1377668338118463
2021-22,2021-09-25,Everton,Norwich,2,2021-22,Independent Poisson,H,H,0.7759598313224789,0.1555610935173938,0.0684790751601271,H,1.7,3.82,5.72,0.5882352941176471,0.2617801047120419,0.17482517482517484,1.0248405736548638,0.024840573654863807,0.5739773670550903,0.2554349539250402,0.17058767901986951,H,0.7759598313224789,0.5739773670550903,0.25365452389840004,0.5551653136575748,-0.3015107897591748
2021-22,2021-09-25,Leeds,West Ham,2,2021-22,Independent Poisson,A,A,0.3360424762263029,0.2583346646365509,0.4056228591371463,A,3.08,3.62,2.38,0.3246753246753247,0.27624309392265195,0.42016806722689076,1.0210864858248674,0.021086485824867385,0.3179704453859667,0.2705383899968999,0.4114911646171334,A,0.4056228591371463,0.4114911646171334,0.902331469473868,0.8879677302568009,0.014363739217067129
2021-22,2021-09-25,Leicester,Burnley,2,2021-22,Independent Poisson,D,H,0.5860691067110907,0.231179550993233,0.1827513422956763,D,1.71,3.9,5.39,0.5847953216374269,0.25641025641025644,0.1855287569573284,1.0267343350050115,0.026734335005011545,0.5695682921079799,0.24973378961657583,0.18069791827544446,H,0.231179550993233,0.24973378961657583,1.4645605933567072,1.387359770000125,0.07720082335658218
2021-22,2021-09-25,Man United,Aston Villa,2,2021-22,Independent Poisson,A,H,0.6804819428943736,0.1980775390738754,0.1214405180317509,A,1.42,5.1,7.95,0.7042253521126761,0.19607843137254904,0.12578616352201258,1.0260899470072378,0.026089947007237768,0.6863193174893357,0.19109282957546211,0.1225878529352021,H,0.1214405180317509,0.1225878529352021,2.108330699601566,2.0989273392206145,0.009403360380951575
2021-22,2021-09-25,Watford,Newcastle,2,2021-22,Independent Poisson,D,H,0.4612385050971275,0.2677425474343025,0.2710189474685698,D,2.16,3.57,3.59,0.4629629629629629,0.2801120448179272,0.2785515320334262,1.0216265398143163,0.02162653981431628,0.4531626234446766,0.2741824276303926,0.2726549489249308,H,0.2677425474343025,0.2741824276303926,1.3177294040872087,1.2939615998652378,0.02376780422197089
2021-22,2021-09-26,Arsenal,Tottenham,2,2021-22,Independent Poisson,H,H,0.4772051153516127,0.2405787302368024,0.2822161544115848,H,2.25,3.4,3.53,0.4444444444444444,0.29411764705882354,0.28328611898017,1.021848210483438,0.021848210483438102,0.4349417456377176,0.2878290963779014,0.2772291579843809,H,0.4772051153516127,0.4349417456377176,0.7398088693028105,0.8325431749354913,-0.09273430563268081
2021-22,2021-09-26,Southampton,Wolves,2,2021-22,Independent Poisson,A,H,0.4443041666475726,0.2609655100597809,0.2947303232926465,A,2.15,3.42,3.78,0.46511627906976744,0.29239766081871343,0.2645502645502646,1.0220642044387456,0.02206420443874557,0.45507540235711563,0.28608541376251423,0.25883918388037,H,0.2947303232926465,0.25883918388037,1.2216944990698797,1.3515483217868771,-0.1298538227169974
2021-22,2021-09-27,Crystal Palace,Brighton,2,2021-22,Independent Poisson,D,H,0.4184940156598518,0.2590237517880709,0.3224822325520773,D,2.96,3.14,2.74,0.33783783783783783,0.3184713375796178,0.36496350364963503,1.0212726790670907,0.02127267906709074,0.3308008181971978,0.31183771396933296,0.35736146783346917,A,0.2590237517880709,0.31183771396933296,1.3508355157418666,1.1652723740305002,0.18556314171136634
2021-22,2021-10-02,Brighton,Arsenal,2,2021-22,Independent Poisson,D,H,0.4149408153161136,0.2623600179773949,0.3226991667064915,D,3.31,3.4,2.35,0.3021148036253776,0.29411764705882354,0.425531914893617,1.0217643655778181,0.021764365577818134,0.2956795263206587,0.28785271532981777,0.4164677583495236,A,0.2623600179773949,0.28785271532981777,1.3380376040347457,1.2453063347631816,0.09273126927156405
2021-22,2021-10-02,Burnley,Norwich,2,2021-22,Independent Poisson,D,H,0.6454169698523502,0.2241742032784948,0.1304088268691548,D,1.99,3.6,4.12,0.5025125628140703,0.2777777777777778,0.24271844660194175,1.0230087871937898,0.023008787193789848,0.4912104070899625,0.2715301972525071,0.23725939565753046,H,0.2241742032784948,0.2715301972525071,1.4953318361662005,1.3036819220269111,0.19164991413928933
2021-22,2021-10-02,Chelsea,Southampton,2,2021-22,Independent Poisson,H,H,0.7094262201923002,0.1823723647284373,0.1082014150792625,H,1.46,4.71,7.79,0.684931506849315,0.21231422505307856,0.12836970474967907,1.0256154366520727,0.025615436652072665,0.6678248809174949,0.20701153421221713,0.1251635848702879,H,0.7094262201923002,0.6678248809174949,0.34329877624263144,0.40372929412906783,-0.060430517886436386
2021-22,2021-10-02,Leeds,Watford,2,2021-22,Independent Poisson,H,H,0.5385925970939516,0.2430497504284413,0.2183576524776072,H,1.78,3.98,4.74,0.5617977528089888,0.25125628140703515,0.21097046413502107,1.0240244983510451,0.024024498351045143,0.5486174927588493,0.24536159223888232,0.20602091500226827,H,0.5385925970939516,0.5486174927588493,0.6187958434188314,0.6003538148060739,0.018442028612757566
2021-22,2021-10-02,Man United,Everton,2,2021-22,Independent Poisson,D,H,0.624756908324972,0.2106980113930421,0.1645450802819857,D,1.56,4.33,6.57,0.641025641025641,0.23094688221709006,0.15220700152207,1.0241795247648011,0.02417952476480112,0.6258918729827664,0.22549453160580038,0.14861359541143312,H,0.2106980113930421,0.22549453160580038,1.5573293963131531,1.4894593704185846,0.06787002589456859
2021-22,2021-10-02,Wolves,Newcastle,2,2021-22,Independent Poisson,H,H,0.4336034175317504,0.2593192439335913,0.3070773385346582,H,1.83,3.72,4.77,0.5464480874316939,0.26881720430107525,0.20964360587002098,1.0249088976027902,0.024908897602790248,0.5331674734308661,0.2622839990264745,0.20454852754265937,H,0.4336034175317504,0.5331674734308661,0.8356249471263445,0.6289196951060837,0.2067052520202608
2021-22,2021-10-03,Crystal Palace,Leicester,2,2021-22,Independent Poisson,D,H,0.3690864362768608,0.2686879055644263,0.362225658158713,D,2.87,3.3,2.7,0.3484320557491289,0.30303030303030304,0.37037037037037035,1.0218327291498022,0.021832729149802166,0.34098737083811714,0.29655568312284736,0.3624569460390356,A,0.2686879055644263,0.29655568312284736,1.314204775298811,1.2155202767507078,0.09868449854810324
2021-22,2021-10-03,Liverpool,Man City,2,2021-22,Independent Poisson,D,H,0.4442779563574882,0.2467718477555968,0.308950195886915,D,3.12,3.54,2.38,0.3205128205128205,0.2824858757062147,0.42016806722689076,1.023166763445926,0.023166763445926053,0.3132556998170704,0.2760897693302994,0.41065453085263015,A,0.2467718477555968,0.2760897693302994,1.399291062518876,1.2870292149509541,0.11226184756792179
2021-22,2021-10-03,Tottenham,Aston Villa,2,2021-22,Independent Poisson,H,H,0.466989808273097,0.2437372550527606,0.2892729366741424,H,2.14,3.47,3.74,0.4672897196261682,0.2881844380403458,0.267379679144385,1.022853836810899,0.02285383681089903,0.4568489678673013,0.28174547297868147,0.26140555915401725,H,0.466989808273097,0.4568489678673013,0.7614478453777277,0.7834024287776621,-0.02195458339993439
2021-22,2021-10-03,West Ham,Brentford,2,2021-22,Independent Poisson,A,H,0.5242547243491478,0.2496110848542314,0.2261341907966205,A,1.76,3.85,5.13,0.5681818181818182,0.2597402597402597,0.19493177387914232,1.0228538518012202,0.022853851801220237,0.5554868050614115,0.2539368251709309,0.1905763697676577,H,0.2261341907966205,0.1905763697676577,1.4866266913314796,1.6577022735819693,-0.1710755822504897
2021-22,2021-10-16,Aston Villa,Wolves,2,2021-22,Independent Poisson,A,H,0.4279222730997108,0.2631430493748559,0.3089346775254332,A,2.16,3.31,3.89,0.4629629629629629,0.3021148036253776,0.2570694087403599,1.0221471753287004,0.022147175328700364,0.4529318029119281,0.2955687898156389,0.2514994072724331,H,0.3089346775254332,0.2514994072724331,1.1746254240265028,1.3803146462147702,-0.20568922218826735
2021-22,2021-10-16,Brentford,Chelsea,2,2021-22,Independent Poisson,A,A,0.2240481907227475,0.2388102275830056,0.5371415816942469,A,5.64,3.87,1.7,0.1773049645390071,0.25839793281653745,0.5882352941176471,1.0239381914731918,0.02393819147319176,0.17315983134090296,0.25235696350457176,0.5744832051545251,A,0.5371415816942469,0.5744832051545251,0.6214935661617208,0.5542844159682939,0.06720915019342688
2021-22,2021-10-16,Leicester,Man United,2,2021-22,Independent Poisson,H,A,0.2740831322740405,0.2489600861142376,0.4769567816117219,H,3.7,3.97,1.99,0.27027027027027023,0.2518891687657431,0.5025125628140703,1.0246720018500837,0.02467200185008367,0.26376271605185575,0.2458241938014777,0.4904130901466665,A,0.2740831322740405,0.26376271605185575,1.2943238161512838,1.3327053828351625,-0.03838156668387871
2021-22,2021-10-16,Man City,Burnley,2,2021-22,Independent Poisson,H,H,0.8535661981156949,0.1061484813649875,0.0402853205193175,H,1.15,9.13,21.3,0.8695652173913044,0.10952902519167579,0.046948356807511735,1.026042599390492,0.026042599390492027,0.847494263793588,0.10674900365417592,0.04575673255223597,H,0.8535661981156949,0.847494263793588,0.1583321789870802,0.1654712081355842,-0.007139029148503978
2021-22,2021-10-16,Norwich,Brighton,2,2021-22,Independent Poisson,D,A,0.2409182940657841,0.2512518935670167,0.5078298123671992,D,4.12,3.69,1.96,0.24271844660194175,0.2710027100271003,0.5102040816326531,1.023925238261695,0.023925238261695014,0.23704703969793908,0.26467040746761766,0.4982825528344434,A,0.2512518935670167,0.26467040746761766,1.3812992830521102,1.3292699724943642,0.05202931055774607
2021-22,2021-10-16,Southampton,Leeds,2,2021-22,Independent Poisson,H,H,0.3849377923170025,0.2701624683799233,0.3448997393030743,H,2.12,3.72,3.55,0.4716981132075471,0.26881720430107525,0.28169014084507044,1.0222054583536928,0.02220545835369281,0.4614513739412406,0.26297766471920164,0.2755709613395578,H,0.3849377923170025,0.4614513739412406,0.9546735361469445,0.7733785958316193,0.18129494031532523
2021-22,2021-10-16,Watford,Liverpool,2,2021-22,Independent Poisson,A,A,0.0930753980304625,0.1567931083249903,0.7501314936445471,A,8.6,5.68,1.36,0.11627906976744186,0.17605633802816903,0.7352941176470588,1.0276295254426697,0.027629525442669722,0.1131527139776882,0.17132277116340117,0.7155245148589106,A,0.7501314936445471,0.7155245148589106,0.2875067629599917,0.3347394180164501,-0.04723265505645835
2021-22,2021-10-17,Everton,West Ham,2,2021-22,Independent Poisson,A,H,0.4611127922098457,0.2652928930510376,0.2735943147391168,A,2.91,3.36,2.63,0.3436426116838488,0.2976190476190476,0.3802281368821293,1.0214897961850258,0.021489796185025778,0.33641316141116273,0.29135782729359627,0.37222901129524094,A,0.2735943147391168,0.37222901129524094,1.29610887291193,0.988245992364931,0.30786288054699906
2021-22,2021-10-17,Newcastle,Tottenham,2,2021-22,Independent Poisson,A,H,0.4143456438632298,0.2708537851427668,0.3148005709940035,A,3.58,3.71,2.11,0.27932960893854747,0.2695417789757412,0.47393364928909953,1.0228050372033883,0.022805037203388334,0.2731015186455342,0.263531923652564,0.46336655770190166,A,0.3148005709940035,0.46336655770190166,1.155815948609519,0.7692368368260614,0.3865791117834576
2021-22,2021-10-18,Arsenal,Crystal Palace,2,2021-22,Independent Poisson,D,H,0.5044783774491693,0.2457301584549485,0.2497914640958822,D,1.62,4.17,5.96,0.6172839506172839,0.23980815347721823,0.16778523489932887,1.024877338993831,0.024877338993831044,0.6023003213470403,0.2339871751995696,0.16371250345339014,H,0.2457301584549485,0.2339871751995696,1.4035212619531736,1.4524889719658314,-0.04896771001265776
2021-22,2021-10-22,Arsenal,Aston Villa,2,2021-22,Independent Poisson,H,H,0.4736301183957238,0.2483035157987212,0.2780663658055549,H,2.04,3.65,3.87,0.49019607843137253,0.273972602739726,0.25839793281653745,1.0225666139876362,0.022566613987636153,0.4793781370582665,0.26792641084900376,0.2526954520927296,H,0.4736301183957238,0.4793781370582665,0.7473286028488256,0.7352655628230634,0.012063040025762195
2021-22,2021-10-23,Brighton,Man City,2,2021-22,Independent Poisson,A,A,0.2108581915207847,0.2290734321801893,0.560068376299026,A,8.18,4.95,1.43,0.12224938875305624,0.20202020202020202,0.6993006993006994,1.0235702900739576,0.02357029007395761,0.11943428794149855,0.1973681768406986,0.6831975352178029,A,0.560068376299026,0.6831975352178029,0.5796964021726307,0.3809712442165638,0.19872515795606693
2021-22,2021-10-23,Chelsea,Norwich,2,2021-22,Independent Poisson,H,H,0.8581807177856535,0.1041262752808379,0.0376930069335086,H,1.22,6.75,15.5,0.819672131147541,0.14814814814814814,0.06451612903225806,1.0323364083279472,0.03233640832794715,0.7939971161872961,0.14350762692570387,0.06249525688700008,H,0.8581807177856535,0.7939971161872961,0.15294057488307686,0.2306754497475214,-0.07773487486444455
2021-22,2021-10-23,Crystal Palace,Newcastle,2,2021-22,Independent Poisson,D,H,0.4878614812086667,0.2648493880564501,0.2472891307348833,D,2.0,3.51,4.2,0.5,0.2849002849002849,0.23809523809523808,1.022995522995523,0.022995522995522988,0.48876069226178637,0.2784961209468868,0.23274318679132683,H,0.2648493880564501,0.2784961209468868,1.3285939615230602,1.2783511480892253,0.050242813433834854
2021-22,2021-10-23,Everton,Watford,2,2021-22,Independent Poisson,A,H,0.60239055713491,0.2295282026996895,0.1680812401654003,A,1.84,3.57,4.98,0.5434782608695652,0.2801120448179272,0.2008032128514056,1.024393518538898,0.02439351853889793,0.5305366063275501,0.2734418363144796,0.1960215573579703,H,0.1680812401654003,0.1960215573579703,1.783307844049241,1.629530639279437,0.15377720476980383
2021-22,2021-10-23,Leeds,Wolves,2,2021-22,Independent Poisson,D,H,0.3731418395376302,0.2548990662699725,0.3719590941923971,D,2.64,3.44,2.84,0.3787878787878788,0.29069767441860467,0.35211267605633806,1.0215982292628214,0.0215982292628214,0.37077969395190674,0.28455185814913775,0.3446684478989556,H,0.2548990662699725,0.28455185814913775,1.3668876307296778,1.2568397638220543,0.11004786690762347
2021-22,2021-10-23,Southampton,Burnley,2,2021-22,Independent Poisson,D,H,0.4657503599337618,0.2662472643143597,0.2680023757518783,D,2.09,3.46,3.92,0.47846889952153115,0.28901734104046245,0.25510204081632654,1.02258828137832,0.02258828137832003,0.46789984614004715,0.2826331440556932,0.2494670098042598,H,0.2662472643143597,0.2826331440556932,1.3233298368869335,1.2636055330337799,0.05972430385315364
2021-22,2021-10-24,Brentford,Leicester,2,2021-22,Independent Poisson,A,A,0.3659046876303545,0.2482324172240173,0.3858628951456284,A,2.86,3.56,2.55,0.3496503496503497,0.2808988764044944,0.3921568627450981,1.0227060887999422,0.02270608879994218,0.3418874234538237,0.27466236828031904,0.38345020826585724,A,0.3858628951456284,0.38345020826585724,0.9522731665368517,0.9585455016344826,-0.006272335097630921
2021-22,2021-10-24,Man United,Liverpool,2,2021-22,Independent Poisson,A,A,0.2621283774961498,0.2426602105631826,0.4952114119406674,A,3.09,3.66,2.35,0.3236245954692557,0.27322404371584696,0.425531914893617,1.0223805540787196,0.02238055407871964,0.3165402493016683,0.2672429973612445,0.41621675333708724,A,0.4952114119406674,0.41621675333708724,0.7027705127628519,0.876549112740264,-0.17377859997741218
2021-22,2021-10-24,West Ham,Tottenham,2,2021-22,Independent Poisson,H,H,0.49444404442482,0.2439325381283988,0.2616234174467811,H,2.25,3.65,3.29,0.4444444444444444,0.273972602739726,0.303951367781155,1.0223684149653254,0.02236841496532538,0.43472043730881316,0.2679783517657067,0.2973012109254801,H,0.49444404442482,0.43472043730881316,0.7043212901868517,0.8330521273494776,-0.1287308371626259
2021-22,2021-10-30,Burnley,Brentford,2,2021-22,Independent Poisson,H,A,0.3431037780054051,0.2623502041880839,0.3945460178065108,H,2.74,3.21,2.9,0.36496350364963503,0.3115264797507788,0.3448275862068966,1.0213175696073105,0.02131756960731046,0.35734576052575007,0.3050241071154377,0.3376301323588122,H,0.3431037780054051,0.35734576052575007,1.0697223177956559,1.0290514490335074,0.04067086876214843
2021-22,2021-10-30,Leicester,Arsenal,2,2021-22,Independent Poisson,A,H,0.4238263515921183,0.2757559977511958,0.3004176506566858,A,2.55,3.53,2.88,0.3921568627450981,0.28328611898017,0.3472222222222222,1.0226652039474904,0.022665203947490387,0.38346553811684564,0.2770076833421972,0.33952677854095703,H,0.3004176506566858,0.33952677854095703,1.2025816036389128,1.0802024586846677,0.12237914495424507
2021-22,2021-10-30,Liverpool,Brighton,2,2021-22,Independent Poisson,D,H,0.8333317242423339,0.1130325513868926,0.0536357243707736,D,1.3,5.75,11.6,0.7692307692307692,0.17391304347826086,0.08620689655172414,1.0293507092607541,0.029350709260754115,0.7472970701921461,0.1689541202173548,0.08374880959049914,H,0.1130325513868926,0.1689541202173548,2.180079436381928,1.7781280789197054,0.40195135746222266
2021-22,2021-10-30,Man City,Crystal Palace,2,2021-22,Independent Poisson,A,H,0.825987294308756,0.1194612200133792,0.0545514856778648,A,1.14,9.25,21.0,0.8771929824561404,0.10810810810810811,0.047619047619047616,1.0329201381832962,0.0329201381832962,0.8492360154764247,0.10466260082628369,0.046101383697291616,H,0.0545514856778648,0.046101383697291616,2.9086103319160026,3.0769123143043475,-0.16830198238834493
2021-22,2021-10-30,Newcastle,Chelsea,2,2021-22,Independent Poisson,A,A,0.1130847908784875,0.1790990897085392,0.7078161194129731,A,8.43,4.52,1.46,0.11862396204033215,0.22123893805309736,0.684931506849315,1.0247944069427446,0.024794406942744596,0.11575391243031997,0.21588616853707907,0.668359919032601,A,0.7078161194129731,0.668359919032601,0.34557093736432537,0.4029284495995961,-0.05735751223527075
2021-22,2021-10-30,Tottenham,Man United,2,2021-22,Independent Poisson,A,H,0.4257907440117031,0.2433563677943626,0.3308528881939342,A,3.18,3.74,2.27,0.31446540880503143,0.267379679144385,0.44052863436123346,1.02237372231065,0.022373722310649935,0.30758361834096576,0.26152831719900294,0.4308880644600313,A,0.3308528881939342,0.4308880644600313,1.1060814489447188,0.8419069338388167,0.2641745151059022
2021-22,2021-10-30,Watford,Southampton,2,2021-22,Independent Poisson,A,H,0.3810673383049923,0.2639323297405789,0.3550003319544288,A,3.22,3.54,2.33,0.3105590062111801,0.2824858757062147,0.4291845493562232,1.022229431273618,0.022229431273617983,0.3038055809293691,0.2763429295459233,0.4198514895247076,A,0.3550003319544288,0.4198514895247076,1.0356365544242603,0.8678542266044039,0.16778232781985636
2021-22,2021-10-31,Aston Villa,West Ham,2,2021-22,Independent Poisson,A,A,0.2795844644862746,0.2565998621260733,0.4638156733876521,A,2.94,3.5,2.52,0.3401360544217687,0.2857142857142857,0.3968253968253968,1.0226757369614512,0.0226757369614512,0.3325942350332594,0.2793791574279379,0.38802660753880264,A,0.4638156733876521,0.38802660753880264,0.7682680613128632,0.9466813655791644,-0.1784133042663012
2021-22,2021-10-31,Norwich,Leeds,2,2021-22,Independent Poisson,A,A,0.2466133430267177,0.2571585524066407,0.4962281045666415,A,3.66,3.72,2.08,0.27322404371584696,0.26881720430107525,0.4807692307692307,1.022810478786153,0.022810478786152943,0.26713066534095614,0.26282210622255364,0.47004722843649016,A,0.4962281045666415,0.47004722843649016,0.7007195697341987,0.7549221032913308,-0.054202533557132115
2021-22,2021-11-01,Wolves,Everton,2,2021-22,Independent Poisson,H,H,0.4520089327385332,0.2515134038150837,0.2964776634463829,H,2.3,3.19,3.66,0.4347826086956522,0.31347962382445144,0.27322404371584696,1.0214862762359505,0.021486276235950452,0.42563724918338786,0.30688579094727025,0.26747695986934206,H,0.4520089327385332,0.42563724918338786,0.7940533366493154,0.8541678232069831,-0.06011448655766771
2021-22,2021-11-05,Southampton,Aston Villa,2,2021-22,Independent Poisson,H,H,0.4444025743169238,0.2562791523338452,0.299318273349231,H,2.17,3.59,3.54,0.4608294930875576,0.2785515320334262,0.2824858757062147,1.0218669008271986,0.021866900827198554,0.45096821583566055,0.2725908157001068,0.2764409684642326,H,0.4444025743169238,0.45096821583566055,0.8110244284410825,0.7963584168284265,0.014666011612656016
2021-22,2021-11-06,Brentford,Norwich,2,2021-22,Independent Poisson,A,H,0.6925835393934092,0.2049507122563959,0.1024657483501947,A,1.68,4.07,5.46,0.5952380952380952,0.24570024570024568,0.18315018315018314,1.024088524088524,0.02408852408852402,0.5812369548500494,0.2399209051960892,0.17884213995386136,H,0.1024657483501947,0.17884213995386136,2.2782266986855073,1.7212517619428032,0.5569749367427042
2021-22,2021-11-06,Brighton,Newcastle,2,2021-22,Independent Poisson,D,H,0.5139034121596582,0.2707025573459192,0.2153940304944225,D,1.61,4.2,6.11,0.6211180124223602,0.23809523809523808,0.1636661211129296,1.0228793716305278,0.02287937163052778,0.6072250840607557,0.232769615556623,0.1600053003826214,H,0.2707025573459192,0.232769615556623,1.3067346352475873,1.457706089011445,-0.1509714537638578
2021-22,2021-11-06,Chelsea,Burnley,2,2021-22,Independent Poisson,D,H,0.760074820648528,0.1619810661366334,0.0779441132148385,D,1.29,5.77,13.05,0.7751937984496123,0.1733102253032929,0.07662835249042145,1.0251323762433266,0.02513237624332665,0.7561889726772335,0.16906131278225844,0.07474971454050813,H,0.1619810661366334,0.16906131278225844,1.8202758262800436,1.7774938323260172,0.042781993954026376
2021-22,2021-11-06,Crystal Palace,Wolves,2,2021-22,Independent Poisson,H,H,0.41909207577576,0.2585151391263103,0.3223927850979297,H,2.37,3.16,3.52,0.42194092827004215,0.3164556962025316,0.2840909090909091,1.0224875335634829,0.022487533563482875,0.41266119577960136,0.309495896834701,0.27784290738569756,H,0.41909207577576,0.41266119577960136,0.8696646319469724,0.8851283718935822,-0.015463739946609767
2021-22,2021-11-06,Man United,Man City,2,2021-22,Independent Poisson,A,A,0.3536990985258847,0.241505763566595,0.4047951379075201,A,4.79,4.21,1.73,0.20876826722338204,0.23752969121140144,0.5780346820809249,1.0243326405157083,0.02433264051570827,0.20380905476005923,0.23188726182914102,0.5643036834107998,A,0.4047951379075201,0.5643036834107998,0.9043741721790386,0.5721627266301539,0.3322114455488847
2021-22,2021-11-07,Arsenal,Watford,2,2021-22,Independent Poisson,H,H,0.6607827762436912,0.2051626528911006,0.1340545708652083,H,1.46,4.86,7.41,0.684931506849315,0.20576131687242796,0.1349527665317139,1.025645590253457,0.025645590253456918,0.6678052471127528,0.20061639110794632,0.13157836177930082,H,0.6607827762436912,0.6678052471127528,0.41433012212158754,0.4037586941917521,0.010571427929835453
2021-22,2021-11-07,Everton,Tottenham,2,2021-22,Independent Poisson,D,H,0.4709611043323484,0.2598731265269983,0.2691657691406534,D,3.48,3.35,2.31,0.28735632183908044,0.29850746268656714,0.4329004329004329,1.0187642174260805,0.018764217426080476,0.2820636187685208,0.29300937113864256,0.4249270100928366,A,0.2598731265269983,0.29300937113864256,1.3475617419612658,1.2275506870681916,0.12001105489307418
2021-22,2021-11-07,Leeds,Leicester,2,2021-22,Independent Poisson,D,A,0.3362676429795879,0.2652692572451464,0.3984630997752659,D,2.69,3.49,2.76,0.3717472118959108,0.28653295128939826,0.3623188405797102,1.0205990037650192,0.02059900376501922,0.36424414537396627,0.2807497854028565,0.3550060692231773,H,0.2652692572451464,0.2807497854028565,1.3270099037646186,1.270291449734824,0.056718454029794474
2021-22,2021-11-07,West Ham,Liverpool,2,2021-22,Independent Poisson,H,A,0.2509961057766791,0.2300396384874435,0.5189642557358771,H,4.47,4.4,1.75,0.2237136465324385,0.22727272727272727,0.5714285714285714,1.0224149452337372,0.022414945233737216,0.21880905357980138,0.22229010670493454,0.558900839715264,A,0.2509961057766791,0.21880905357980138,1.3823178548046573,1.5195558309548982,-0.13723797615024091
2021-22,2021-11-20,Aston Villa,Brighton,2,2021-22,Independent Poisson,H,H,0.3830340630909877,0.2661271995642394,0.350838737344773,H,2.5,3.37,3.08,0.4,0.29673590504451036,0.3246753246753247,1.021411229719835,0.021411229719835,0.39161504040808015,0.2905156086113354,0.3178693509805845,H,0.3830340630909877,0.39161504040808015,0.9596313561818223,0.9374759614839668,0.022155394697855435
2021-22,2021-11-20,Burnley,Crystal Palace,2,2021-22,Independent Poisson,D,A,0.3481069710047023,0.2848494769651219,0.3670435520301758,D,2.86,3.25,2.74,0.3496503496503497,0.3076923076923077,0.36496350364963503,1.0223061609922923,0.022306160992292323,0.342021170361494,0.3009786299181147,0.3570001997203915,A,0.2848494769651219,0.3009786299181147,1.2557943892339254,1.2007160137034492,0.05507837553047623
2021-22,2021-11-20,Leicester,Chelsea,2,2021-22,Independent Poisson,A,A,0.1902474037091819,0.2174046267208096,0.5923479695700085,A,5.06,3.81,1.78,0.19762845849802374,0.26246719160104987,0.5617977528089888,1.0218934029080624,0.02189340290806241,0.19339439704339098,0.2568440023725875,0.5497616005840216,A,0.5923479695700085,0.5497616005840216,0.5236610303410911,0.5982705482073337,-0.07460951786624259
2021-22,2021-11-20,Liverpool,Arsenal,2,2021-22,Independent Poisson,H,H,0.7110633689008685,0.1745267015901346,0.1144099295089966,H,1.55,4.68,6.09,0.6451612903225806,0.2136752136752137,0.16420361247947454,1.023040116477269,0.02304011647726889,0.6306314678491062,0.2088629861466057,0.1605055460042881,H,0.7110633689008685,0.6306314678491062,0.34099372670756856,0.46103363167455946,-0.1200399049669909
2021-22,2021-11-20,Newcastle,Brentford,2,2021-22,Independent Poisson,D,H,0.4571100406298481,0.2609002663454357,0.281989693024716,D,2.51,3.45,3.0,0.39840637450199207,0.2898550724637681,0.3333333333333333,1.0215947802990935,0.021594780299093452,0.3899847397275759,0.28372802803368563,0.32628723223873846,H,0.2609002663454357,0.28372802803368563,1.34361706596824,1.259739147427228,0.08387791854101212
2021-22,2021-11-20,Norwich,Southampton,2,2021-22,Independent Poisson,H,A,0.2448501855678042,0.2562440278572389,0.4989057865749569,H,3.53,3.53,2.19,0.28328611898017,0.28328611898017,0.4566210045662101,1.02319324252655,0.023193242526549973,0.27686472819216185,0.27686472819216185,0.4462705436156764,A,0.2448501855678042,0.27686472819216185,1.4071087429504785,1.2842262379511529,0.12288250499932563
2021-22,2021-11-20,Watford,Man United,2,2021-22,Independent Poisson,H,A,0.2297892920135382,0.2305465931119528,0.539664114874509,H,6.58,4.8,1.5,0.1519756838905775,0.20833333333333334,0.6666666666666666,1.0269756838905775,0.026975683890577473,0.14798372179060304,0.202861018621285,0.6491552595881119,A,0.2297892920135382,0.14798372179060304,1.470592511635147,1.9106529991684655,-0.4400604875333185
2021-22,2021-11-20,Wolves,West Ham,2,2021-22,Independent Poisson,H,A,0.2549907219765744,0.2639282359539492,0.4810810420694763,H,3.19,3.32,2.46,0.31347962382445144,0.30120481927710846,0.4065040650406504,1.0211885081422103,0.021188508142210294,0.3069752756959114,0.2949551594789028,0.39806956482518585,A,0.2549907219765744,0.3069752756959114,1.36652811889123,1.1809880698305437,0.18554004906068622
2021-22,2021-11-21,Man City,Everton,2,2021-22,Independent Poisson,H,H,0.7932438159546342,0.134636098244827,0.0721200858005389,H,1.2,7.5,16.0,0.8333333333333334,0.13333333333333333,0.0625,1.0291666666666668,0.029166666666666785,0.8097165991902834,0.12955465587044532,0.060728744939271245,H,0.7932438159546342,0.8097165991902834,0.23162464438327685,0.21107097007994055,0.020553674303336295
2021-22,2021-11-21,Tottenham,Leeds,2,2021-22,Independent Poisson,H,H,0.3939912555762329,0.2827797632319253,0.3232289811918416,H,1.61,4.18,6.01,0.6211180124223602,0.23923444976076558,0.1663893510815308,1.0267418132646566,0.026741813264656633,0.6049407985513283,0.23300351331761693,0.1620556881310547,H,0.3939912555762329,0.6049407985513283,0.9314265638994451,0.5026246793734429,0.4288018845260022
2021-22,2021-11-27,Arsenal,Newcastle,2,2021-22,Independent Poisson,H,H,0.5504202703819414,0.2442946451696486,0.2052850844484099,H,1.53,4.52,6.63,0.6535947712418301,0.22123893805309736,0.15082956259426847,1.0256632718891958,0.025663271889195816,0.6372410801431515,0.21570328597765973,0.1470556338791888,H,0.5504202703819414,0.6372410801431515,0.5970731645855919,0.45060723324537333,0.14646593134021857
2021-22,2021-11-27,Brighton,Leeds,2,2021-22,Independent Poisson,D,H,0.413184791891169,0.2730146921761073,0.3138005159327235,D,2.23,3.34,3.64,0.4484304932735426,0.29940119760479045,0.2747252747252747,1.0225569656036078,0.02255696560360776,0.43853839772030445,0.29279659488511345,0.2686650073945821,H,0.2730146921761073,0.29279659488511345,1.2982296677503882,1.2282771264533363,0.06995254129705186
2021-22,2021-11-27,Crystal Palace,Aston Villa,2,2021-22,Independent Poisson,A,H,0.4984413949919181,0.2582187986295208,0.2433398063785609,A,2.36,3.26,3.43,0.42372881355932207,0.3067484662576687,0.29154518950437314,1.0220224693213638,0.022022469321363758,0.41459833445803157,0.3001386715708449,0.2852629939711237,H,0.2433398063785609,0.2852629939711237,1.4132964323058954,1.2543437383550229,0.15895269395087253
2021-22,2021-11-27,Liverpool,Southampton,2,2021-22,Independent Poisson,H,H,0.8262046108460591,0.1165369381335739,0.0572584510203669,H,1.25,6.75,12.0,0.8,0.14814814814814814,0.08333333333333333,1.0314814814814814,0.031481481481481444,0.7755834829443448,0.1436265709156194,0.0807899461400359,H,0.8262046108460591,0.7755834829443448,0.1909128232482394,0.25413965168317365,-0.06322682843493424
2021-22,2021-11-27,Norwich,Wolves,2,2021-22,Independent Poisson,D,A,0.2139739532398826,0.2415120877455856,0.5445139590145316,D,3.6,3.35,2.24,0.2777777777777778,0.29850746268656714,0.4464285714285714,1.0227138118929164,0.022713811892916436,0.2716085131026495,0.2918778051252352,0.4365136817721152,A,0.2415120877455856,0.2918778051252352,1.420835754365356,1.231420039897714,0.18941571446764205
2021-22,2021-11-28,Brentford,Everton,2,2021-22,Independent Poisson,H,H,0.4609367764054928,0.2492588096793366,0.2898044139151705,H,2.29,3.26,3.62,0.4366812227074236,0.3067484662576687,0.27624309392265195,1.0196727828877443,0.019672782887744322,0.42825623085744147,0.30083029713605547,0.270913472006503,H,0.4609367764054928,0.42825623085744147,0.7744943898472811,0.8480335923042038,-0.07353920245692269
2021-22,2021-11-28,Chelsea,Man United,2,2021-22,Independent Poisson,D,H,0.7120315817818667,0.1752092749919405,0.1127591432261928,D,1.58,4.21,6.44,0.6329113924050632,0.23752969121140144,0.15527950310559005,1.0257205867220547,0.025720586722054684,0.6170407424771389,0.23157348530020896,0.15138577222265212,H,0.1752092749919405,0.23157348530020896,1.741774162429374,1.462858024724027,0.27891613770534707
2021-22,2021-11-28,Leicester,Watford,2,2021-22,Independent Poisson,H,H,0.6126739996010218,0.2179083875023265,0.1694176128966518,H,1.69,4.05,5.33,0.591715976331361,0.2469135802469136,0.18761726078799248,1.026246817366267,0.026246817366267106,0.5765825202263968,0.24059863189694086,0.18281884787666236,H,0.6126739996010218,0.5765825202263968,0.48992229592535663,0.5506368094881378,-0.060714513562781125
2021-22,2021-11-28,Man City,West Ham,2,2021-22,Independent Poisson,H,H,0.629540820195633,0.2162389966541823,0.1542201831501845,H,1.27,6.5,11.0,0.7874015748031495,0.15384615384615385,0.09090909090909091,1.0321568195583943,0.032156819558394334,0.7628700986929847,0.14905308082155241,0.0880768204854628,H,0.629540820195633,0.7628700986929847,0.462764582174163,0.27066751292201385,0.19209706925214914
2021-22,2021-11-30,Leeds,Crystal Palace,2,2021-22,Independent Poisson,H,A,0.3410713361653051,0.2589317866291436,0.3999968772055511,H,2.36,3.39,3.31,0.42372881355932207,0.2949852507374631,0.3021148036253776,1.0208288679221629,0.020828867922162875,0.4150831024418394,0.28896640759962855,0.29595048995853196,H,0.3410713361653051,0.4150831024418394,1.07566362661155,0.8792765319503569,0.19638709466119308
2021-22,2021-11-30,Newcastle,Norwich,2,2021-22,Independent Poisson,D,H,0.6820367938954962,0.2092631295199038,0.1087000765845999,D,2.09,3.6,3.75,0.47846889952153115,0.2777777777777778,0.26666666666666666,1.0229133439659757,0.022913343965975663,0.4677511563848033,0.271555532456733,0.26069331115846367,H,0.2092631295199038,0.271555532456733,1.564162825966143,1.3035886210880048,0.2605742048781383
2021-22,2021-12-01,Aston Villa,Man City,2,2021-22,Independent Poisson,A,A,0.0762540979273394,0.12946712812974,0.7942787739429205,A,7.4,4.69,1.48,0.13513513513513511,0.21321961620469082,0.6756756756756757,1.0240304270155016,0.02403042701550162,0.13196398424310635,0.20821609454136183,0.6598199212155318,A,0.7942787739429205,0.6598199212155318,0.23032077867264436,0.41578832783421693,-0.18546754916157257
2021-22,2021-12-01,Everton,Liverpool,2,2021-22,Independent Poisson,A,A,0.1497034877847496,0.1783924997766421,0.6719040124386082,A,9.13,5.18,1.38,0.10952902519167579,0.19305019305019305,0.7246376811594204,1.0272168994012891,0.02721689940128913,0.10662696968431352,0.18793518015787308,0.7054378501578135,A,0.6719040124386082,0.7054378501578135,0.3976397872944201,0.3489366048966964,0.0487031823977237
2021-22,2021-12-01,Southampton,Leicester,2,2021-22,Independent Poisson,D,A,0.2117400927183588,0.2372155425617932,0.5510443647198479,D,2.42,3.57,3.02,0.4132231404958678,0.2801120448179272,0.33112582781456956,1.0244610131283647,0.024461013128364684,0.4033566287056851,0.273423821139428,0.32321955015488674,H,0.2372155425617932,0.273423821139428,1.4387860888712092,1.2967322292287577,0.14205385964245143
2021-22,2021-12-01,Watford,Chelsea,2,2021-22,Independent Poisson,A,A,0.0849083130260059,0.1530179762141778,0.7620737107598161,A,11.04,5.51,1.32,0.09057971014492755,0.18148820326678766,0.7575757575757576,1.0296436709874728,0.02964367098747278,0.0879719000827322,0.176263117407144,0.7357649825101238,A,0.7620737107598161,0.7357649825101238,0.2717119946932543,0.30684452848754634,-0.03513253379429204
2021-22,2021-12-01,West Ham,Brighton,2,2021-22,Independent Poisson,D,H,0.6868988476216447,0.1943495318019884,0.1187516205763668,D,2.04,3.45,4.49,0.49019607843137253,0.2898550724637681,0.22271714922048996,1.0027683001156307,0.002768300115630673,0.4888428148106071,0.28905488180105465,0.2221023033883382,H,0.1943495318019884,0.28905488180105465,1.6380970307324028,1.2411387064730934,0.3969583242593093
2021-22,2021-12-01,Wolves,Burnley,2,2021-22,Independent Poisson,D,H,0.4254358072746929,0.2707644527427127,0.3037997399825943,D,1.88,3.43,4.94,0.5319148936170213,0.29154518950437314,0.20242914979757085,1.0258892329189653,0.025889232918965277,0.5184915452358949,0.2841877857269628,0.1973206690371422,H,0.2707644527427127,0.2841877857269628,1.3065060141278888,1.258120041980346,0.04838597214754281
2021-22,2021-12-02,Man United,Arsenal,2,2021-22,Independent Poisson,H,H,0.4794720125785035,0.2527476300970077,0.2677803573244887,H,2.08,3.76,3.58,0.4807692307692307,0.26595744680851063,0.27932960893854747,1.0260562865162888,0.026056286516288774,0.46856028961292123,0.2592035644667224,0.27223614592035644,H,0.4794720125785035,0.46856028961292123,0.7350697542901606,0.7580904991093695,-0.023020744819208905
2021-22,2021-12-02,Tottenham,Brentford,2,2021-22,Independent Poisson,H,H,0.4278200171949653,0.2666382519360687,0.3055417308689658,H,1.69,3.98,5.44,0.591715976331361,0.25125628140703515,0.1838235294117647,1.0267957871501607,0.026795787150160733,0.576274254078944,0.24469936919432542,0.17902637672673072,H,0.4278200171949653,0.576274254078944,0.8490526924164229,0.5511715960490885,0.2978810963673344
2021-22,2021-12-04,Newcastle,Burnley,2,2021-22,Independent Poisson,H,A,0.3383107425602331,0.2720472935305001,0.3896419639092668,H,2.41,3.49,3.09,0.41493775933609955,0.28653295128939826,0.3236245954692557,1.0250953060947534,0.02509530609475341,0.4047796891362853,0.2795183526700423,0.31570195819367247,H,0.3383107425602331,0.4047796891362853,1.083790449161557,0.9044123373262754,0.17937811183528174
2021-22,2021-12-04,Southampton,Brighton,2,2021-22,Independent Poisson,D,A,0.316282013229958,0.2674208076073895,0.4162971791626524,D,2.65,3.23,2.96,0.37735849056603776,0.30959752321981426,0.33783783783783783,1.0247938516236899,0.024793851623689855,0.36822868323043567,0.30210712401258655,0.32966419275697784,H,0.2674208076073895,0.30210712401258655,1.3189318028039565,1.1969736092303915,0.12195819357356497
2021-22,2021-12-04,Watford,Man City,2,2021-22,Independent Poisson,A,A,0.0877751749773251,0.1513541555104827,0.7608706695121921,A,15.0,7.0,1.22,0.06666666666666667,0.14285714285714285,0.819672131147541,1.0291959406713505,0.02919594067135045,0.06477548543689321,0.13880461165048544,0.7964199029126214,A,0.7608706695121921,0.7964199029126214,0.27329188364185353,0.2276287160036381,0.04566316763821543
2021-22,2021-12-04,West Ham,Chelsea,2,2021-22,Independent Poisson,H,A,0.3366063049850156,0.2557373154532781,0.4076563795617062,H,4.92,3.65,1.83,0.2032520325203252,0.273972602739726,0.5464480874316939,1.023672722691745,0.02367272269174503,0.1985517714937978,0.2676369084245165,0.5338113200816859,A,0.3366063049850156,0.1985517714937978,1.088841266013412,1.6167053992900688,-0.5278641332766569
2021-22,2021-12-04,Wolves,Liverpool,2,2021-22,Independent Poisson,A,A,0.0931763853401854,0.1503483969529121,0.7564752177069024,A,9.24,5.16,1.38,0.10822510822510822,0.19379844961240308,0.7246376811594204,1.0266612389969318,0.026661238996931846,0.10541462374760177,0.1887657215945427,0.7058196546578555,A,0.7564752177069024,0.7058196546578555,0.2790855054351935,0.3483955207812118,-0.06931001534601827
2021-22,2021-12-05,Aston Villa,Leicester,2,2021-22,Independent Poisson,H,A,0.3219578372927364,0.2551997415453016,0.4228424211619619,H,2.4,3.42,3.17,0.4166666666666667,0.29239766081871343,0.31545741324921134,1.0245217407345915,0.024521740734591457,0.4066938261045714,0.2853991762137343,0.3079069976816944,H,0.3219578372927364,0.4066938261045714,1.1333346820957995,0.8996946466499526,0.23364003544584688
2021-22,2021-12-05,Leeds,Brentford,2,2021-22,Independent Poisson,D,A,0.301572280560892,0.2409964416773883,0.4574312777617197,D,1.83,3.63,4.94,0.5464480874316939,0.27548209366391185,0.20242914979757085,1.0243593308931767,0.024359330893176656,0.5334535167022159,0.26893111172591055,0.19761537157187353,H,0.2409964416773883,0.26893111172591055,1.4229731104245982,1.3133000224152531,0.10967308800934505
2021-22,2021-12-05,Man United,Crystal Palace,2,2021-22,Independent Poisson,H,H,0.6268026604687792,0.2106086299527584,0.1625887095784624,H,1.54,4.49,6.56,0.6493506493506493,0.22271714922048996,0.1524390243902439,1.0245068229613832,0.02450682296138318,0.6338177890057111,0.2173896202825824,0.14879259071170656,H,0.6268026604687792,0.6338177890057111,0.4671235239834669,0.4559937648965509,0.011129759086915991
2021-22,2021-12-05,Tottenham,Norwich,2,2021-22,Independent Poisson,H,H,0.6746349105753199,0.2174104545038733,0.107954634920807,H,1.48,4.51,7.94,0.6756756756756757,0.22172949002217296,0.12594458438287154,1.02334975008072,0.023349750080720044,0.6602587977593971,0.21667029283456934,0.12307090940603371,H,0.6746349105753199,0.6602587977593971,0.393583607656041,0.41512340300249784,-0.021539795346456836
2021-22,2021-12-06,Everton,Arsenal,2,2021-22,Independent Poisson,H,A,0.3377262070109464,0.2565782693052694,0.4056955236837842,H,3.33,3.42,2.31,0.3003003003003003,0.29239766081871343,0.4329004329004329,1.0255983940194466,0.025598394019446635,0.29280496347443213,0.28509956969878913,0.42209546682677873,A,0.3377262070109464,0.29280496347443213,1.0855197501866791,1.2282485452817196,-0.14272879509504044
2021-22,2021-12-10,Brentford,Watford,2,2021-22,Independent Poisson,H,H,0.5400477901805988,0.2410593842456991,0.2188928255737024,H,2.63,3.45,2.82,0.3802281368821293,0.2898550724637681,0.3546099290780142,1.0246931384239117,0.024693138423911742,0.37106536837648885,0.282870121400048,0.346064510223463,H,0.5400477901805988,0.37106536837648885,0.6160976430052983,0.9913770368103573,-0.3752793938050589
2021-22,2021-12-11,Arsenal,Southampton,2,2021-22,Independent Poisson,H,H,0.540899980031821,0.2433605364165607,0.215739483551618,H,1.75,4.1,4.76,0.5714285714285714,0.24390243902439027,0.21008403361344538,1.025415044066407,0.025415044066406933,0.5572656406156307,0.23785728562862288,0.20487707375574657,H,0.540899980031821,0.5572656406156307,0.6145208970213379,0.5847132396077904,0.029807657413547517
2021-22,2021-12-11,Chelsea,Leeds,2,2021-22,Independent Poisson,H,H,0.7586787956613925,0.1542144107054597,0.0871067936331477,H,1.25,6.75,13.0,0.8,0.14814814814814814,0.07692307692307693,1.025071225071225,0.025071225071225056,0.7804335742078933,0.14452473596442467,0.07504168982768206,H,0.7586787956613925,0.7804335742078933,0.27617678528042383,0.24790564936477666,0.028271135915647172
2021-22,2021-12-11,Liverpool,Aston Villa,2,2021-22,Independent Poisson,H,H,0.8484256334704455,0.1012023254787995,0.0503720410507549,H,1.24,6.75,13.0,0.8064516129032259,0.14814814814814814,0.07692307692307693,1.031522837974451,0.03152283797445099,0.7818068424803991,0.14362081254454737,0.07457234497505345,H,0.8484256334704455,0.7818068424803991,0.1643728428507683,0.24614757344823035,-0.08177473059746204
2021-22,2021-12-11,Man City,Wolves,2,2021-22,Independent Poisson,H,H,0.7668730295637987,0.1490150413196116,0.0841119291165897,H,1.16,8.25,21.0,0.8620689655172414,0.12121212121212122,0.047619047619047616,1.0309001343484103,0.030900134348410324,0.8362293657688966,0.1175789168838691,0.04619171734723428,H,0.7668730295637987,0.8362293657688966,0.26543403295622153,0.17885234255994334,0.0865816903962782
2021-22,2021-12-11,Norwich,Man United,2,2021-22,Independent Poisson,A,A,0.1430869716683644,0.1970055089116928,0.6599075194199426,A,7.48,5.11,1.44,0.1336898395721925,0.19569471624266144,0.6944444444444444,1.0238290002592985,0.02382900025929846,0.13057828947835404,0.19114004017575115,0.6782816703458947,A,0.6599075194199426,0.6782816703458947,0.4156555758706792,0.38819263432624096,0.027462941544438235
2021-22,2021-12-12,Burnley,West Ham,2,2021-22,Independent Poisson,D,A,0.3487897943033929,0.2795808826695395,0.3716293230270675,D,3.58,3.53,2.16,0.27932960893854747,0.28328611898017,0.4629629629629629,1.0255786908816802,0.02557869088168019,0.27236292195034834,0.276220753706019,0.4514163243436328,A,0.2795808826695395,0.276220753706019,1.2744636448172355,1.2865549006921737,-0.0120912558749382
2021-22,2021-12-12,Crystal Palace,Everton,2,2021-22,Independent Poisson,H,H,0.483548260176399,0.2490136622038267,0.2674380776197742,H,2.27,3.25,3.66,0.44052863436123346,0.3076923076923077,0.27322404371584696,1.0214449857693881,0.021444985769388136,0.4312798442389062,0.3012323835145591,0.2674877722465347,H,0.483548260176399,0.4312798442389062,0.7266041548477677,0.8409981089988099,-0.11439395415104214
2021-22,2021-12-12,Leicester,Newcastle,2,2021-22,Independent Poisson,H,H,0.6171050641806888,0.2190801640155058,0.1638147718038056,H,1.7,4.12,5.06,0.5882352941176471,0.24271844660194175,0.19762845849802374,1.0285821992176125,0.028582199217612514,0.571889436318348,0.23597379653912415,0.19213676714252798,H,0.6171050641806888,0.571889436318348,0.48271598727055987,0.5588095994356089,-0.07609361216504906
2021-22,2021-12-14,Man City,Leeds,2,2021-22,Independent Poisson,H,H,0.7705455886735,0.1480331151619199,0.0814212961645803,H,1.14,9.5,20.0,0.8771929824561404,0.10526315789473684,0.05,1.0324561403508772,0.03245614035087718,0.8496176720475787,0.10195412064570943,0.04842820730671198,H,0.7705455886735,0.8496176720475787,0.26065645832337364,0.16296882827813958,0.09768763004523406
2021-22,2021-12-14,Norwich,Aston Villa,2,2021-22,Independent Poisson,A,A,0.2396529064689632,0.2634643936303629,0.4968826999006738,A,3.78,3.43,2.14,0.2645502645502646,0.29154518950437314,0.4672897196261682,1.023385173680806,0.02338517368080595,0.25850507839463566,0.284883147618578,0.4566117739867863,A,0.4968826999006738,0.4566117739867863,0.6994012970381686,0.7839217590016726,-0.08452046196350405
2021-22,2021-12-15,Arsenal,West Ham,2,2021-22,Independent Poisson,H,A,0.3178027974396475,0.2497358327095202,0.4324613698508324,H,2.3,3.62,3.19,0.4347826086956522,0.27624309392265195,0.31347962382445144,1.0245053264427557,0.024505326442755715,0.4243829655871933,0.26963558587031616,0.30598144854249043,H,0.3178027974396475,0.4243829655871933,1.146324222402066,0.8571190106840535,0.2892052117180125
2021-22,2021-12-15,Brighton,Wolves,2,2021-22,Independent Poisson,A,H,0.4667168085969227,0.2653171970705795,0.2679659943324977,A,2.0,3.25,4.6,0.5,0.3076923076923077,0.2173913043478261,1.0250836120401339,0.025083612040133874,0.48776508972267535,0.300163132137031,0.21207177814029363,H,0.2679659943324977,0.21207177814029363,1.3168951933411324,1.550830485480629,-0.2339352921394966
2021-22,2021-12-15,Crystal Palace,Southampton,2,2021-22,Independent Poisson,D,H,0.6263328116966854,0.2158662597816728,0.1578009285216417,D,2.03,3.49,4.08,0.4926108374384237,0.28653295128939826,0.24509803921568626,1.0242418279435082,0.024241827943508154,0.4809516893363913,0.2797512691555514,0.23929704150805742,H,0.2158662597816728,0.2797512691555514,1.5330962307388791,1.2738543950513268,0.2592418356875523
2021-22,2021-12-16,Chelsea,Everton,2,2021-22,Independent Poisson,D,H,0.8329650168152651,0.1100161356833979,0.0570188475013369,D,1.23,7.83,16.72,0.8130081300813008,0.1277139208173691,0.059808612440191394,1.0005306633388613,0.0005306633388613147,0.812576925297041,0.12764618366735128,0.05977689103560769,H,0.1100161356833979,0.12764618366735128,2.207128235916468,2.058493032589576,0.14863520332689228
2021-22,2021-12-16,Liverpool,Newcastle,2,2021-22,Independent Poisson,H,H,0.8720727723115003,0.0929074595123996,0.0350197681761002,H,1.1,12.0,27.0,0.9090909090909091,0.08333333333333333,0.037037037037037035,1.0294612794612794,0.02946127946127941,0.8830744071954211,0.08094848732624693,0.035977105478331974,H,0.8720727723115003,0.8830744071954211,0.13688240406962385,0.124345815568907,0.012536588500716844
2021-22,2021-12-18,Leeds,Arsenal,2,2021-22,Independent Poisson,A,A,0.1592211129933324,0.1998997825783295,0.640879104428338,A,5.58,4.41,1.62,0.17921146953405018,0.22675736961451246,0.6172839506172839,1.0232527897658465,0.02325278976584655,0.17513899920571882,0.221604447974583,0.6032565528196981,A,0.640879104428338,0.6032565528196981,0.44491444448553624,0.5054127120085197,-0.06049826752298343
2021-22,2021-12-19,Newcastle,Man City,2,2021-22,Independent Poisson,A,A,0.1014206413761399,0.1556673070644015,0.7429120515594586,A,23.5,10.0,1.13,0.0425531914893617,0.1,0.8849557522123894,1.027508943701751,0.027508943701751054,0.04141393780579428,0.09732275384361658,0.8612633083505892,A,0.7429120515594586,0.8612633083505892,0.29717761063874243,0.14935500440722377,0.14782260623151866
2021-22,2021-12-19,Tottenham,Liverpool,2,2021-22,Independent Poisson,D,A,0.1709154276708187,0.2299197974895059,0.5991647748396753,D,5.13,4.4,1.65,0.19493177387914232,0.22727272727272727,0.6060606060606061,1.0282651072124755,0.02826510721247555,0.18957345971563985,0.2210254200775528,0.5894011202068075,A,0.2299197974895059,0.2210254200775528,1.47002473743858,1.5094775611036675,-0.03945282366508751
2021-22,2021-12-19,Wolves,Chelsea,2,2021-22,Independent Poisson,D,A,0.1610312311829148,0.2160655145207478,0.6229032542963375,D,5.74,3.54,1.76,0.17421602787456444,0.2824858757062147,0.5681818181818182,1.0248837217625972,0.024883721762597233,0.1699861400617695,0.2756272440549596,0.5543866158832711,A,0.2160655145207478,0.2756272440549596,1.5321736093201095,1.2887058911181715,0.24346771820193802
2021-22,2021-12-26,Aston Villa,Chelsea,2,2021-22,Independent Poisson,A,A,0.2545535168101125,0.2696652469777394,0.4757812362121479,A,5.37,3.91,1.71,0.186219739292365,0.2557544757033248,0.5847953216374269,1.0267695366331167,0.026769536633116653,0.18136469056434878,0.24908654433006472,0.5695487651055865,A,0.4757812362121479,0.5695487651055865,0.7427971181831599,0.5629108718317252,0.1798862463514347
2021-22,2021-12-26,Brighton,Brentford,2,2021-22,Independent Poisson,H,H,0.3944126530760813,0.2472167059473755,0.3583706409765432,H,1.99,3.41,4.42,0.5025125628140703,0.29325513196480935,0.22624434389140272,1.0220120386702825,0.022012038670282452,0.49168947507494964,0.2869390191786363,0.221371505746414,H,0.3944126530760813,0.49168947507494964,0.9303575749323618,0.7099079099693602,0.22044966496300167
2021-22,2021-12-26,Man City,Leicester,2,2021-22,Independent Poisson,H,H,0.685716221375084,0.1788406347214786,0.1354431439034373,H,1.13,10.5,21.0,0.8849557522123894,0.09523809523809523,0.047619047619047616,1.0278128950695322,0.027812895069532217,0.861008610086101,0.09266092660926609,0.04633046330463304,H,0.685716221375084,0.861008610086101,0.37729140830678803,0.14965077450440578,0.22764063380238225
2021-22,2021-12-26,Norwich,Arsenal,2,2021-22,Independent Poisson,A,A,0.1185034600697996,0.2105037594438767,0.6709927804863236,A,6.58,4.54,1.53,0.1519756838905775,0.22026431718061673,0.6535947712418301,1.0258347723130243,0.025834772313024335,0.14814830613306942,0.21471714853647508,0.6371345453304554,A,0.6709927804863236,0.6371345453304554,0.39899690140317545,0.4507744285539067,-0.05177752715073125
2021-22,2021-12-26,Tottenham,Crystal Palace,2,2021-22,Independent Poisson,H,H,0.4885026121980509,0.267171074764773,0.244326313037176,H,1.75,3.87,5.14,0.5714285714285714,0.25839793281653745,0.19455252918287938,1.0243790334279883,0.024379033427988306,0.5578292338884947,0.25224836157748465,0.18992240453402057,H,0.4885026121980509,0.5578292338884947,0.7164104601276174,0.5837023958962096,0.1327080642314078
2021-22,2021-12-26,West Ham,Southampton,2,2021-22,Independent Poisson,A,H,0.6508147545314416,0.196502298065036,0.1526829474035224,A,1.98,3.66,4.07,0.5050505050505051,0.27322404371584696,0.24570024570024568,1.0239747944665978,0.023974794466597782,0.4932255244755245,0.266826923076923,0.23994755244755242,H,0.1526829474035224,0.23994755244755242,1.8793917468408052,1.427334910990158,0.45205683585064715
2021-22,2021-12-27,Newcastle,Man United,2,2021-22,Independent Poisson,D,A,0.1988822637106851,0.1853016228230102,0.6158161134663047,D,6.28,4.74,1.53,0.1592356687898089,0.21097046413502107,0.6535947712418301,1.02380090416666,0.02380090416666003,0.1555338231698686,0.20606590917864448,0.6384002676514869,A,0.1853016228230102,0.20606590917864448,1.6857703879147623,1.5795592138956849,0.10621117401907743
2021-22,2021-12-28,Crystal Palace,Norwich,2,2021-22,Independent Poisson,H,H,0.6766494625718326,0.2030196571362426,0.1203308802919247,H,1.78,3.6,5.48,0.5617977528089888,0.2777777777777778,0.18248175182481752,1.0220572824115841,0.02205728241158411,0.5496734502819696,0.2717829837505294,0.17854356596750104,H,0.6766494625718326,0.5496734502819696,0.3906019207083195,0.5984309038412048,-0.20782898313288528
2021-22,2021-12-28,Leicester,Liverpool,2,2021-22,Independent Poisson,H,A,0.3190810435649298,0.266199780427683,0.4147191760073872,H,8.27,6.23,1.33,0.12091898428053205,0.16051364365971107,0.7518796992481203,1.0333123271883635,0.03331232718836352,0.11702075074392257,0.15533894199875434,0.727640307257323,A,0.3190810435649298,0.11702075074392257,1.1423101534013391,2.145404003124573,-1.003093849723234
2021-22,2021-12-28,Southampton,Tottenham,2,2021-22,Independent Poisson,D,A,0.2455093378023604,0.2182100471729184,0.536280615024721,D,3.77,3.37,2.17,0.26525198938992045,0.29673590504451036,0.4608294930875576,1.0228173875219884,0.022817387521988364,0.259334650178909,0.290116211031005,0.45054913879008607,A,0.2182100471729184,0.290116211031005,1.522297160937837,1.2374737085783951,0.28482345235944195
2021-22,2021-12-28,Watford,West Ham,2,2021-22,Independent Poisson,A,A,0.2962403510406923,0.2911068622186114,0.4126527867406963,A,3.59,3.84,2.07,0.2785515320334262,0.2604166666666667,0.48309178743961356,1.0220599861397064,0.02205998613970639,0.2725393184459828,0.2547958732346558,0.4726648083193615,A,0.4126527867406963,0.4726648083193615,0.8851487496869638,0.7493687921892566,0.13577995749770722
2021-22,2021-12-29,Brentford,Man City,2,2021-22,Independent Poisson,A,A,0.0729293888547815,0.1496011637463405,0.7774694473988779,A,14.33,8.47,1.19,0.06978367062107467,0.11806375442739078,0.8403361344537815,1.028183559502247,0.028183559502247046,0.067870829071472,0.11482750656365923,0.8173016643648687,A,0.7774694473988779,0.8173016643648687,0.2517109316508502,0.20174701804359144,0.04996391360725874
2021-22,2021-12-29,Chelsea,Brighton,2,2021-22,Independent Poisson,D,H,0.7656005502675141,0.1357811505662819,0.0986182991662037,D,1.35,5.04,11.23,0.7407407407407407,0.1984126984126984,0.08904719501335707,1.0282006341667962,0.02820063416679619,0.7204243181011077,0.19297079949136814,0.08660488240752408,H,0.1357811505662819,0.19297079949136814,1.9967108763908048,1.6452163994961302,0.3514944768946746
2021-22,2021-12-30,Man United,Burnley,2,2021-22,Independent Poisson,H,H,0.670707691341751,0.1954169036998388,0.1338754049584102,H,1.39,4.97,9.7,0.7194244604316548,0.2012072434607646,0.10309278350515465,1.023724487397574,0.023724487397573935,0.7027520287812153,0.19654432998106422,0.10070364123772053,H,0.670707691341751,0.7027520287812153,0.39942186830875415,0.35275118228224517,0.04667068602650898
2021-22,2022-01-01,Arsenal,Man City,2,2021-22,Independent Poisson,A,A,0.1154873653187429,0.1944911444822886,0.6900214901989685,A,5.24,4.21,1.68,0.19083969465648853,0.23752969121140144,0.5952380952380952,1.0236074811059852,0.023607481105985206,0.18643835472000506,0.23205153889140773,0.5815101063885872,A,0.6900214901989685,0.5815101063885872,0.37103253665993774,0.5421269273144507,-0.17109439065451293
2021-22,2022-01-01,Crystal Palace,West Ham,2,2021-22,Independent Poisson,A,A,0.3633256188054026,0.2508825407788125,0.3857918404157848,A,3.56,3.37,2.25,0.2808988764044944,0.29673590504451036,0.4444444444444444,1.0220792258934492,0.02207922589344924,0.27483082454684177,0.2903257375034886,0.43484343794966956,A,0.3857918404157848,0.43484343794966956,0.9524573285118124,0.8327692254369753,0.11968810307483713
2021-22,2022-01-01,Watford,Tottenham,2,2021-22,Independent Poisson,A,A,0.2025660544015416,0.2412953870154409,0.5561385585830175,A,6.01,4.12,1.63,0.1663893510815308,0.24271844660194175,0.6134969325153374,1.02260473019881,0.02260473019880993,0.16271130591111405,0.23735314284606682,0.5999355512428192,A,0.5561385585830175,0.5999355512428192,0.5867378096936692,0.5109330441306529,0.0758047655630163
2021-22,2022-01-02,Brentford,Aston Villa,2,2021-22,Independent Poisson,H,A,0.366652535840393,0.2542486714451951,0.3790987927144118,H,2.95,3.21,2.69,0.3389830508474576,0.3115264797507788,0.3717472118959108,1.0222567424941473,0.02225674249414733,0.33160265592417787,0.3047438738244002,0.36365347025142186,A,0.366652535840393,0.33160265592417787,1.0033406482235265,1.103817846331547,-0.10047719810802036
2021-22,2022-01-02,Chelsea,Liverpool,2,2021-22,Independent Poisson,D,H,0.5359782588182136,0.2167435311629064,0.24727821001888,D,2.67,3.58,2.72,0.37453183520599254,0.27932960893854747,0.3676470588235294,1.0215085029680695,0.0215085029680695,0.36664583223513286,0.2734481486222918,0.35990601914257525,H,0.2167435311629064,0.2734481486222918,1.5290405084593208,1.2966432596555304,0.23239724880379042
2021-22,2022-01-02,Everton,Brighton,2,2021-22,Independent Poisson,A,H,0.3947406330457811,0.283042049486122,0.3222173174680965,A,2.91,3.12,2.67,0.3436426116838488,0.3205128205128205,0.37453183520599254,1.0386872674026617,0.03868726740266171,0.3308431926225114,0.3085749008113808,0.36058190656610795,A,0.3222173174680965,0.36058190656610795,1.1325290621103765,1.0200361453838422,0.11249291672653428
2021-22,2022-01-02,Leeds,Burnley,2,2021-22,Independent Poisson,H,H,0.4028270706441692,0.2491759800942788,0.3479969492615519,H,2.12,3.52,3.73,0.4716981132075471,0.2840909090909091,0.2680965147453083,1.0238855370437645,0.023885537043764504,0.46069418518154637,0.27746354334797685,0.2618422714704768,H,0.4028270706441692,0.46069418518154637,0.9092479142287108,0.775020828822663,0.13422708540604777
2021-22,2022-01-03,Man United,Wolves,2,2021-22,Independent Poisson,A,H,0.5151707874388336,0.2443138950619857,0.2405153174991807,A,1.74,3.74,5.53,0.5747126436781609,0.267379679144385,0.18083182640144665,1.0229241492239924,0.02292414922399244,0.5618330979028578,0.26138759100293385,0.17677931109420844,H,0.2405153174991807,0.17677931109420844,1.424971501239174,1.732853154323732,-0.30788165308455806
2021-22,2022-01-11,Southampton,Brentford,2,2021-22,Independent Poisson,H,H,0.4944044142709536,0.2424273909223981,0.2631681948066482,H,2.23,3.33,3.67,0.4484304932735426,0.3003003003003003,0.2724795640326976,1.0212103576065406,0.021210357606540553,0.43911667163712537,0.29406311644167854,0.2668202119211961,H,0.4944044142709536,0.43911667163712537,0.7044014443369424,0.8229901343895482,-0.11858869005260575
2021-22,2022-01-12,West Ham,Norwich,2,2021-22,Independent Poisson,H,H,0.835172230903409,0.1139990431733745,0.0508287259232164,H,1.4,5.15,8.47,0.7142857142857143,0.1941747572815534,0.11806375442739078,1.0265242259946585,0.026524225994658535,0.6958293785941599,0.1891575009770532,0.11501312042878677,H,0.835172230903409,0.6958293785941599,0.18011731084590935,0.3626507943988818,-0.18253348355297247
2021-22,2022-01-14,Brighton,Crystal Palace,2,2021-22,Independent Poisson,D,H,0.4584795468104361,0.2781614251431321,0.2633590280464316,D,2.05,3.4,4.14,0.48780487804878053,0.29411764705882354,0.24154589371980678,1.0234684188274108,0.023468418827410797,0.47661937493651174,0.28737344665289677,0.23600717841059154,H,0.2781614251431321,0.28737344665289677,1.2795536678302688,1.2469727012099752,0.03258096662029364
2021-22,2022-01-15,Aston Villa,Man United,2,2021-22,Independent Poisson,D,A,0.2842092230080296,0.2530039198386986,0.4627868571532717,D,2.49,3.61,2.91,0.4016064257028112,0.2770083102493075,0.3436426116838488,1.0222573476359673,0.022257347635967317,0.3928623517664614,0.27097707919625735,0.3361605690372814,H,0.2530039198386986,0.27097707919625735,1.3743502969410477,1.305721040291005,0.0686292566500426
2021-22,2022-01-15,Man City,Chelsea,2,2021-22,Independent Poisson,H,H,0.7164261062941915,0.1693115355065995,0.114262358199209,H,1.67,4.21,5.35,0.5988023952095809,0.23752969121140144,0.1869158878504673,1.0232479742714498,0.023247974271449756,0.5851977333607006,0.23213306762764133,0.18266919901165796,H,0.7164261062941915,0.5851977333607006,0.3334801685128696,0.5358054831165661,-0.20232531460369646
2021-22,2022-01-15,Newcastle,Watford,2,2021-22,Independent Poisson,D,H,0.5726004373903746,0.2267298050043616,0.2006697576052638,D,1.84,3.71,4.61,0.5434782608695652,0.2695417789757412,0.21691973969631234,1.0299397795416187,0.02993977954161875,0.5276796485241532,0.2617063485941892,0.21061400288165766,H,0.2267298050043616,0.2617063485941892,1.4839962567785272,1.34053221068721,0.14346404609131724
2021-22,2022-01-15,Norwich,Everton,2,2021-22,Independent Poisson,H,A,0.2765157656610459,0.2573957624245012,0.4660884719144529,H,3.56,3.37,2.25,0.2808988764044944,0.29673590504451036,0.4444444444444444,1.0220792258934492,0.02207922589344924,0.27483082454684177,0.2903257375034886,0.43484343794966956,A,0.2765157656610459,0.27483082454684177,1.2854874409796226,1.2915995540845855,-0.006112113104962846
2021-22,2022-01-15,Wolves,Southampton,2,2021-22,Independent Poisson,H,H,0.3919590210696169,0.2791270209354822,0.3289139579949008,H,2.49,3.04,3.44,0.4016064257028112,0.32894736842105265,0.29069767441860467,1.0212514685424685,0.02125146854246851,0.39324930056255825,0.32210222315814807,0.2846484762792937,H,0.3919590210696169,0.39324930056255825,0.9365979827438733,0.9333115156529393,0.003286467090933942
2021-22,2022-01-16,Liverpool,Brentford,2,2021-22,Independent Poisson,H,H,0.8661453663219975,0.0934025564026205,0.040452077275382,H,1.29,6.25,11.37,0.7751937984496123,0.16,0.08795074758135445,1.0231445460309667,0.023144546030966717,0.7576581446451361,0.1563806410547561,0.08596121430010781,H,0.8661453663219975,0.7576581446451361,0.14370252501230701,0.27752299157965366,-0.13382046656734664
2021-22,2022-01-16,West Ham,Leeds,2,2021-22,Independent Poisson,A,H,0.6692973073310632,0.1899374424142848,0.1407652502546521,A,1.69,4.24,5.03,0.591715976331361,0.23584905660377356,0.19880715705765406,1.0263721899927885,0.026372189992788453,0.5765120899617502,0.22978901698947113,0.19369889304877885,H,0.1407652502546521,0.19369889304877885,1.9606616678875262,1.6414504233569212,0.319211244530605
2021-22,2022-01-18,Brighton,Chelsea,2,2021-22,Independent Poisson,D,A,0.2213885390983732,0.2666720215640807,0.5119394393375458,D,5.48,3.81,1.72,0.18248175182481752,0.26246719160104987,0.5813953488372093,1.0263442922630768,0.026344292263076774,0.17779779475603402,0.2557301614863691,0.5664720437575967,A,0.2666720215640807,0.2557301614863691,1.3217357593186347,1.3636324471048757,-0.041896687786241005
2021-22,2022-01-19,Brentford,Man United,2,2021-22,Independent Poisson,A,A,0.2457915230758414,0.2263222970030021,0.5278861799211563,A,4.91,3.91,1.76,0.20366598778004072,0.2557544757033248,0.5681818181818182,1.0276022816651837,0.027602281665183748,0.19819534406833844,0.24888469037737643,0.5529199655542851,A,0.5278861799211563,0.5529199655542851,0.6388745868452114,0.5925420156838102,0.046332571161401215
2021-22,2022-01-19,Leicester,Tottenham,2,2021-22,Independent Poisson,A,A,0.3430725961036729,0.2748204485783077,0.3821069553180194,A,3.34,3.5,2.27,0.29940119760479045,0.2857142857142857,0.44052863436123346,1.0256441176803097,0.02564411768030972,0.2919152876164722,0.2785705887540048,0.4295141236295229,A,0.3821069553180194,0.4295141236295229,0.962054721821309,0.8451006542113588,0.1169540676099502
2021-22,2022-01-21,Watford,Norwich,2,2021-22,Independent Poisson,A,H,0.6301480710609395,0.2460964149296461,0.1237555140094144,A,2.07,3.54,3.88,0.48309178743961356,0.2824858757062147,0.2577319587628866,1.0233096219087148,0.023309621908714773,0.4720876038852571,0.2760512260007012,0.2518611701140418,H,0.1237555140094144,0.2518611701140418,2.0894473208741666,1.3788772555244888,0.7105700653496778
2021-22,2022-01-22,Brentford,Wolves,2,2021-22,Independent Poisson,A,A,0.3542377703314471,0.2456585022333283,0.4001037274352244,A,2.53,3.07,3.33,0.3952569169960475,0.32573289902280134,0.3003003003003003,1.021290116319149,0.02129011631914901,0.38701727421058413,0.3189425745123055,0.2940401512771105,H,0.4001037274352244,0.2940401512771105,0.9160314469033476,1.2240389519983847,-0.30800750509503716
2021-22,2022-01-22,Everton,Aston Villa,2,2021-22,Independent Poisson,A,H,0.4890065268824705,0.2551285727170667,0.2558649004004626,A,2.65,3.63,2.69,0.37735849056603776,0.27548209366391185,0.3717472118959108,1.0245877961258605,0.024587796125860484,0.36830273793314144,0.26887114477212803,0.3628261172947304,H,0.2558649004004626,0.3628261172947304,1.3631057066132382,1.0138315751989617,0.34927413141427643
2021-22,2022-01-22,Leeds,Newcastle,2,2021-22,Independent Poisson,A,H,0.6047324901678703,0.2208476852650457,0.174419824567084,A,1.86,4.06,4.17,0.5376344086021505,0.24630541871921185,0.23980815347721823,1.0237479807985805,0.023747980798580537,0.5251628512935046,0.24059184812953663,0.2342453005769589,H,0.174419824567084,0.2342453005769589,1.746290100991142,1.4513864196359882,0.29490368135515377
2021-22,2022-01-22,Man United,West Ham,2,2021-22,Independent Poisson,H,H,0.4791307850302459,0.2820662035593638,0.2388030114103901,H,2.17,3.6,3.52,0.4608294930875576,0.2777777777777778,0.2840909090909091,1.0226981799562445,0.022698179956244458,0.45060165561971954,0.27161266463744205,0.27778567974283846,H,0.4791307850302459,0.45060165561971954,0.7357816811977831,0.7971715767348186,-0.061389895537035555
2021-22,2022-01-22,Southampton,Man City,2,2021-22,Independent Poisson,D,A,0.1179460193605303,0.1661627089402446,0.715891271699225,D,12.25,6.06,1.3,0.08163265306122448,0.16501650165016502,0.7692307692307692,1.0158799239421588,0.015879923942158758,0.08035659642179563,0.1624370142189763,0.757206389359228,A,0.1661627089402446,0.1624370142189763,1.7947877963439707,1.817464957156804,-0.02267716081283333
2021-22,2022-01-23,Arsenal,Burnley,2,2021-22,Independent Poisson,D,H,0.5713933044040207,0.2453921846258552,0.1832145109701244,D,1.32,5.57,11.9,0.7575757575757576,0.17953321364452424,0.08403361344537814,1.0211425846656599,0.02114258466565988,0.7418902795282025,0.17581600879303902,0.08229371167875858,H,0.2453921846258552,0.17581600879303902,1.4048975947028708,1.7383172353454936,-0.33341964064262286
2021-22,2022-01-23,Chelsea,Tottenham,2,2021-22,Independent Poisson,H,H,0.672398467711953,0.1682319782943837,0.1593695539936633,H,1.74,3.89,5.2,0.5747126436781609,0.2570694087403599,0.1923076923076923,1.0240897447262132,0.02408974472621317,0.5611936323332759,0.2510223445398201,0.18778402312690387,H,0.672398467711953,0.5611936323332759,0.3969041562843703,0.5776892773376691,-0.18078512105329875
2021-22,2022-01-23,Crystal Palace,Liverpool,2,2021-22,Independent Poisson,A,A,0.1848875964957592,0.2101085930763239,0.6050038104279168,A,6.26,4.27,1.58,0.1597444089456869,0.234192037470726,0.6329113924050632,1.0268478388214761,0.026847838821476122,0.15556775103994688,0.22806888091570668,0.6163633680443464,A,0.6050038104279168,0.6163633680443464,0.5025205227431676,0.4839186061724427,0.018601916570724908
2021-22,2022-01-23,Leicester,Brighton,2,2021-22,Independent Poisson,D,H,0.4773415323085011,0.2735094303206788,0.2491490373708201,D,2.71,3.39,2.79,0.36900369003690037,0.2949852507374631,0.35842293906810035,1.022411879842464,0.022411879842463955,0.36091490847480906,0.2885189976303046,0.35056609389488624,H,0.2735094303206788,0.2885189976303046,1.2964191775657936,1.242994345530211,0.05342483203558257
2021-22,2022-02-05,Burnley,Watford,2,2021-22,Independent Poisson,D,H,0.618686156183794,0.230282986055322,0.1510308577608837,D,2.22,3.32,3.69,0.4504504504504504,0.30120481927710846,0.2710027100271003,1.0226579797546593,0.02265797975465933,0.4404702836802933,0.294531334268148,0.2649983820515586,H,0.230282986055322,0.294531334268148,1.468446352195364,1.2223698833563312,0.24607646883903267
2021-22,2022-02-08,Burnley,Man United,2,2021-22,Independent Poisson,D,A,0.2895020157825475,0.2808257537923157,0.4296722304251366,D,6.65,4.25,1.56,0.15037593984962405,0.23529411764705882,0.641025641025641,1.026695698522324,0.026695698522323896,0.14646592955055063,0.22917610153203805,0.6243579689174112,A,0.2808257537923157,0.22917610153203805,1.2700208952515162,1.4732645686353742,-0.20324367338385807
2021-22,2022-02-08,Newcastle,Everton,2,2021-22,Independent Poisson,H,H,0.4089619416098932,0.2603778257660705,0.3306602326240363,H,2.59,3.44,2.87,0.3861003861003861,0.29069767441860467,0.3484320557491289,1.0252301162681197,0.025230116268119662,0.37659875570745777,0.2835438306053243,0.33985741368721795,H,0.4089619416098932,0.37659875570745777,0.8941331795675187,0.976574966780853,-0.08244178721333428
2021-22,2022-02-08,West Ham,Watford,2,2021-22,Independent Poisson,H,H,0.6990078216019214,0.1841932493209111,0.1167989290771674,H,1.55,4.32,7.03,0.6451612903225806,0.23148148148148145,0.14224751066856328,1.0188902824726254,0.018890282472625364,0.6331999641383509,0.22718980194778793,0.13961023391386115,H,0.6990078216019214,0.6331999641383509,0.3580933471086114,0.45696900761086134,-0.09887566050224994
2021-22,2022-02-09,Aston Villa,Leeds,2,2021-22,Independent Poisson,D,H,0.5131575055804856,0.2463261001899324,0.2405163942295821,D,1.98,3.71,3.96,0.5050505050505051,0.2695417789757412,0.25252525252525254,1.0271175365514988,0.027117536551498844,0.4917163684559311,0.26242544731610334,0.24585818422796554,H,0.2463261001899324,0.26242544731610334,1.4010990103675278,1.3377882475133684,0.06331076285415937
2021-22,2022-02-09,Man City,Brentford,2,2021-22,Independent Poisson,H,H,0.9117240090796944,0.0641659018986646,0.0241100890216409,H,1.1,11.25,31.0,0.9090909090909091,0.08888888888888889,0.03225806451612903,1.030237862495927,0.03023786249592697,0.8824087545069265,0.08627996710734392,0.03131127838572965,H,0.9117240090796944,0.8824087545069265,0.09241795633011125,0.125099889846676,-0.032681933516564746
2021-22,2022-02-09,Norwich,Crystal Palace,2,2021-22,Independent Poisson,D,A,0.2311892662667122,0.2544866002520521,0.5143241334812354,D,3.53,3.27,2.31,0.28328611898017,0.3058103975535168,0.4329004329004329,1.0219969494341197,0.021996949434119673,0.27718881072690643,0.2992282880324097,0.4235829012406839,A,0.2544866002520521,0.2992282880324097,1.3685070956466368,1.2065484917880982,0.16195860385853855
2021-22,2022-02-09,Tottenham,Southampton,2,2021-22,Independent Poisson,A,H,0.4792069498049556,0.2675923478975514,0.253200702297493,A,1.57,4.27,6.41,0.6369426751592356,0.234192037470726,0.15600624024961,1.0271409528795716,0.027140952879571634,0.6201122381242594,0.22800379715575816,0.15188396471998242,H,0.253200702297493,0.15188396471998242,1.3735728150291815,1.8846384396664997,-0.5110656246373182
2021-22,2022-02-10,Liverpool,Leicester,2,2021-22,Independent Poisson,H,H,0.7404211676122994,0.1507071819608335,0.1088716504268672,H,1.2,8.0,14.0,0.8333333333333334,0.125,0.07142857142857142,1.0297619047619049,0.029761904761904878,0.8092485549132947,0.1213872832369942,0.06936416184971098,H,0.7404211676122994,0.8092485549132947,0.3005361092637236,0.21164917188847474,0.08888693737524886
2021-22,2022-02-10,Wolves,Arsenal,2,2021-22,Independent Poisson,A,A,0.3072515237633063,0.2562217271563703,0.4365267490803234,A,4.16,3.35,2.05,0.24038461538461536,0.29850746268656714,0.48780487804878053,1.026696956119963,0.026696956119963033,0.23413395155379027,0.29074544431754257,0.4751206041286672,A,0.4365267490803234,0.4751206041286672,0.8289056247545901,0.7441866037467433,0.08471902100784678
2021-22,2022-02-12,Brentford,Crystal Palace,2,2021-22,Independent Poisson,D,A,0.3636699641694061,0.259098953491631,0.3772310823389631,D,3.14,3.28,2.49,0.3184713375796178,0.3048780487804878,0.4016064257028112,1.0249558120629167,0.02495581206291675,0.31071713905269166,0.29745482214190605,0.3918280388054023,A,0.259098953491631,0.29745482214190605,1.3505452304356182,1.2124929238746331,0.1380523065609851
2021-22,2022-02-12,Everton,Leeds,2,2021-22,Independent Poisson,H,A,0.2823507573739505,0.2692937432599521,0.4483554993660973,H,2.66,3.65,2.67,0.37593984962406013,0.273972602739726,0.37453183520599254,1.0244442875697786,0.024444287569778567,0.3669695406432275,0.26743533646876305,0.3655951228880095,H,0.2823507573739505,0.3669695406432275,1.2646051604728727,1.0024764298944266,0.2621287305784461
2021-22,2022-02-12,Man United,Southampton,2,2021-22,Independent Poisson,D,H,0.4269310551119757,0.2635706722927924,0.3094982725952319,D,1.54,4.61,6.26,0.6493506493506493,0.21691973969631234,0.1597444089456869,1.0260147979926486,0.02601479799264861,0.6328862416225131,0.2114196989368048,0.15569405944068213,H,0.2635706722927924,0.2114196989368048,1.3334337409167785,1.553910026647909,-0.22047628573113043
2021-22,2022-02-12,Norwich,Man City,2,2021-22,Independent Poisson,A,A,0.0693382464608481,0.1429178473077771,0.7877439062313748,A,18.5,7.75,1.18,0.05405405405405406,0.12903225806451613,0.8474576271186441,1.0305439392372144,0.030543939237214435,0.05245196443934614,0.12520791511327786,0.8223401204473759,A,0.7877439062313748,0.8223401204473759,0.23858223403779652,0.19560119767212547,0.04298103636567105
2021-22,2022-02-12,Watford,Brighton,2,2021-22,Independent Poisson,A,A,0.2596336415049884,0.2705686142511526,0.469797744243859,A,4.25,3.45,2.0,0.23529411764705882,0.2898550724637681,0.5,1.025149190110827,0.025149190110826947,0.2295218295218295,0.28274428274428276,0.4877338877338877,A,0.469797744243859,0.4877338877338877,0.7554530082932049,0.7179853338863862,0.03746767440681875
2021-22,2022-02-13,Burnley,Liverpool,2,2021-22,Independent Poisson,A,A,0.1217349542942724,0.1956593300248672,0.6826057156808604,A,13.5,7.2,1.22,0.07407407407407407,0.1388888888888889,0.819672131147541,1.032635094110504,0.032635094110504026,0.07173305894458326,0.13449948552109364,0.793767455534323,A,0.6826057156808604,0.793767455534323,0.3818378691474872,0.23096473779269508,0.1508731313547921
2021-22,2022-02-13,Leicester,West Ham,2,2021-22,Independent Poisson,D,H,0.5032420637428459,0.2622584412966648,0.2344994949604891,D,3.02,3.62,2.39,0.33112582781456956,0.27624309392265195,0.41841004184100417,1.0257789635782257,0.025778963578225733,0.3228042683381837,0.269300798447877,0.4078949332139392,A,0.2622584412966648,0.269300798447877,1.3384248442479094,1.311926314267839,0.026498529980070407
2021-22,2022-02-13,Newcastle,Aston Villa,2,2021-22,Independent Poisson,H,A,0.347721344547792,0.2550977652589391,0.3971808901932688,H,2.83,3.4,2.67,0.35335689045936397,0.29411764705882354,0.37453183520599254,1.0220063727241802,0.022006372724180157,0.3457482261265001,0.28778455292293975,0.36646722095056,A,0.347721344547792,0.3457482261265001,1.0563538540244872,1.0620444389594688,-0.005690584934981535
2021-22,2022-02-13,Tottenham,Wolves,2,2021-22,Independent Poisson,A,H,0.4221265758699967,0.2793793660074831,0.2984940581225204,A,1.69,3.78,5.9,0.591715976331361,0.2645502645502646,0.1694915254237288,1.0257577663053543,0.025757766305354313,0.5768574177728576,0.25790715239051043,0.16523542983663206,H,0.2984940581225204,0.16523542983663206,1.2090052521348045,1.800383974566435,-0.5913787224316305
2021-22,2022-02-15,Man United,Brighton,2,2021-22,Independent Poisson,H,H,0.4903455415929271,0.2502193670857173,0.2594350913213555,H,1.83,3.59,5.0,0.5464480874316939,0.2785515320334262,0.2,1.02499961946512,0.024999619465120082,0.5331202832220068,0.2717576931187388,0.1951220236592545,H,0.4903455415929271,0.5331202832220068,0.7126449494805909,0.6290082081900907,0.08363674129050014
2021-22,2022-02-19,Arsenal,Brentford,2,2021-22,Independent Poisson,H,H,0.6371776515786214,0.2284142097840306,0.134408138637348,H,1.52,4.12,7.83,0.6578947368421053,0.24271844660194175,0.1277139208173691,1.0283271042614162,0.02832710426141616,0.6397718528625485,0.23603233406579457,0.12419581307165692,H,0.6371776515786214,0.6397718528625485,0.4507067744134426,0.4466436460847522,0.00406312832869038
2021-22,2022-02-19,Aston Villa,Watford,2,2021-22,Independent Poisson,A,H,0.6886815133658964,0.1960133250541085,0.1153051615799949,A,1.61,4.04,6.2,0.6211180124223602,0.24752475247524752,0.16129032258064516,1.0299330874782529,0.02993308747825285,0.6030663738972996,0.2403309064293694,0.15660271967333103,H,0.1153051615799949,0.15660271967333103,2.1601730861870427,1.8540431285690167,0.3061299576180261
2021-22,2022-02-19,Brighton,Burnley,2,2021-22,Independent Poisson,A,H,0.5206628419471904,0.2614994828393173,0.2178376752134924,A,1.68,3.53,6.76,0.5952380952380952,0.28328611898017,0.14792899408284024,1.0264532083011055,0.026453208301105535,0.5798979343863911,0.27598541919805586,0.14411664641555286,H,0.2178376752134924,0.14411664641555286,1.5240051026645247,1.937132262762706,-0.4131271600981812
2021-22,2022-02-19,Crystal Palace,Chelsea,2,2021-22,Independent Poisson,A,A,0.259349975190943,0.2331375075187627,0.5075125172902941,A,6.49,3.91,1.62,0.15408320493066255,0.2557544757033248,0.6172839506172839,1.0271216312512714,0.027121631251271427,0.15001456521069817,0.249001158111875,0.6009842766774267,A,0.5075125172902941,0.6009842766774267,0.6782339037589442,0.509186506723557,0.16904739703538718
2021-22,2022-02-19,Liverpool,Norwich,2,2021-22,Independent Poisson,H,H,0.9145929456061304,0.0650241129225065,0.0203829414713629,H,1.13,9.55,25.79,0.8849557522123894,0.10471204188481674,0.038774718883288095,1.0284425129804942,0.02844251298049416,0.8604814960903642,0.1018161351394881,0.037702368770147786,H,0.9145929456061304,0.8604814960903642,0.08927618087984786,0.15026316723361055,-0.06098698635376269
2021-22,2022-02-19,Man City,Tottenham,2,2021-22,Independent Poisson,A,H,0.8122499019239344,0.1175595123964605,0.070190585679605,A,1.28,6.26,11.17,0.78125,0.1597444089456869,0.08952551477170993,1.0305199237173968,0.030519923717396757,0.7581124653871758,0.15501341145296885,0.08687412315985542,H,0.070190585679605,0.08687412315985542,2.6565410840716703,2.443295068272083,0.21324601579958724
2021-22,2022-02-19,Southampton,Everton,2,2021-22,Independent Poisson,H,H,0.4871690969460165,0.2429976171798007,0.2698332858741828,H,1.99,3.67,3.97,0.5025125628140703,0.2724795640326976,0.2518891687657431,1.0268812956125108,0.026881295612510847,0.4893579861286043,0.26534670092531953,0.24529531294607623,H,0.4871690969460165,0.4893579861286043,0.7191439945119711,0.714660979373027,0.004483015138944113
2021-22,2022-02-19,West Ham,Newcastle,2,2021-22,Independent Poisson,D,H,0.5703186489107152,0.2268524243492725,0.2028289267400122,D,1.62,4.21,5.8,0.6172839506172839,0.23752969121140144,0.1724137931034483,1.0272274349321338,0.027227434932133754,0.6009223757327571,0.23123378828671415,0.1678438359805287,H,0.2268524243492725,0.23123378828671415,1.4834555859146237,1.4643260097531532,0.019129576161470485
2021-22,2022-02-20,Leeds,Man United,2,2021-22,Independent Poisson,A,A,0.2483530230198226,0.2709343588217899,0.4807126181583873,A,5.02,4.27,1.68,0.19920318725099603,0.234192037470726,0.5952380952380952,1.0286333199598172,0.028633319959817216,0.1936581125514948,0.22767300351487207,0.5786688839336331,A,0.4807126181583873,0.5786688839336331,0.7324856548773547,0.5470248407547464,0.1854608141226083
2021-22,2022-02-20,Wolves,Leicester,2,2021-22,Independent Poisson,H,H,0.3818407442727852,0.2529489667614893,0.3652102889657255,H,2.19,3.27,3.81,0.4566210045662101,0.3058103975535168,0.26246719160104987,1.0248985937207769,0.02489859372077685,0.44552798429403623,0.2983811270960059,0.2560908886099578,H,0.3818407442727852,0.44552798429403623,0.962751657111911,0.8084952185692535,0.15425643854265747
2021-22,2022-02-23,Burnley,Tottenham,2,2021-22,Independent Poisson,H,H,0.3780089944577121,0.2856083374358789,0.3363826681064089,H,4.71,3.56,1.88,0.21231422505307856,0.2808988764044944,0.5319148936170213,1.0251279950745942,0.025127995074594178,0.20710996682675648,0.2740134673466357,0.5188765658266079,A,0.3780089944577121,0.20710996682675648,0.9728372887839705,1.5745053860661897,-0.6016680972822193
2021-22,2022-02-23,Liverpool,Leeds,2,2021-22,Independent Poisson,H,H,0.7166359082802991,0.1669239922722742,0.1164400994474265,H,1.18,8.5,16.0,0.8474576271186441,0.11764705882352941,0.0625,1.0276046859421735,0.027604685942173468,0.8246922563822692,0.11448668970953854,0.06082105390819235,H,0.7166359082802991,0.8246922563822692,0.3331873661282235,0.1927449848046266,0.14044238132359693
2021-22,2022-02-23,Watford,Crystal Palace,2,2021-22,Independent Poisson,A,H,0.3606936594786863,0.2970820561416342,0.3422242843796793,A,3.03,3.17,2.66,0.33003300330033003,0.31545741324921134,0.37593984962406013,1.0214302661736014,0.021430266173601442,0.3231086979012994,0.3088389131359423,0.3680523889627583,A,0.3422242843796793,0.3680523889627583,1.072288954584114,0.9995299896337728,0.07275896495034129
2021-22,2022-02-24,Arsenal,Wolves,2,2021-22,Independent Poisson,H,H,0.4841667202118843,0.2724222626128127,0.2434110171753031,H,1.68,3.76,6.16,0.5952380952380952,0.26595744680851063,0.16233766233766234,1.0235332043842682,0.023533204384268203,0.5815523059617548,0.25984251968503935,0.15860517435320584,H,0.4841667202118843,0.5815523059617548,0.7253259683316545,0.5420543610054754,0.1832716073261791
2021-22,2022-02-25,Southampton,Norwich,2,2021-22,Independent Poisson,H,H,0.6781538770473234,0.2079710206260047,0.1138751023266716,H,1.51,4.45,6.93,0.6622516556291391,0.2247191011235955,0.14430014430014432,1.0312709010528789,0.031270901052878886,0.6421704083311296,0.21790501496179898,0.13992457670707154,H,0.6781538770473234,0.6421704083311296,0.3883810594957154,0.4429015769758398,-0.05452051748012443
2021-22,2022-02-26,Brentford,Newcastle,2,2021-22,Independent Poisson,A,A,0.3673137257727612,0.2651928723105012,0.3674934019167375,A,2.32,3.17,3.6,0.4310344827586207,0.31545741324921134,0.2777777777777778,1.0242696737856098,0.024269673785609847,0.42082128739158653,0.3079827718449466,0.27119594076346687,H,0.3674934019167375,0.27119594076346687,1.0010499144584812,1.3049136907142451,-0.3038637762557639
2021-22,2022-02-26,Brighton,Aston Villa,2,2021-22,Independent Poisson,A,H,0.4752391102416447,0.2521664757324938,0.2725944140258616,A,2.26,3.29,3.64,0.4424778761061947,0.303951367781155,0.2747252747252747,1.0211545186126243,0.021154518612624296,0.43331138240210737,0.2976546274251558,0.26903399017273694,H,0.2725944140258616,0.26903399017273694,1.299770251397517,1.3129175498432688,-0.01314729844575191
2021-22,2022-02-26,Crystal Palace,Burnley,2,2021-22,Independent Poisson,D,H,0.5207500387497852,0.2391808717644185,0.240069089485796,D,1.92,3.34,4.9,0.5208333333333334,0.29940119760479045,0.2040816326530612,1.024316163591185,0.024316163591185047,0.5084693104005369,0.2922937353200691,0.199236954279394,H,0.2391808717644185,0.2922937353200691,1.430535227643291,1.2299960394583864,0.20053918818490457
2021-22,2022-02-26,Everton,Man City,2,2021-22,Independent Poisson,A,A,0.145066023228205,0.2181803329308864,0.6367536438409085,A,12.5,6.75,1.25,0.08,0.14814814814814814,0.8,1.0281481481481483,0.028148148148148255,0.07780979827089336,0.14409221902017288,0.7780979827089337,A,0.6367536438409085,0.7780979827089337,0.4513724425776433,0.25090282094848443,0.20046962162915888
2021-22,2022-02-26,Leeds,Tottenham,2,2021-22,Independent Poisson,A,H,0.3898842029355074,0.2488811167204609,0.3612346803440315,A,3.79,3.87,2.0,0.2638522427440633,0.25839793281653745,0.5,1.0222501755606008,0.022250175560600827,0.2581092662560484,0.25277367418873986,0.4891170595552117,A,0.3612346803440315,0.4891170595552117,1.0182274478068742,0.7151534325619444,0.30307401524492983
2021-22,2022-02-26,Man United,Watford,2,2021-22,Independent Poisson,D,H,0.7086900724910479,0.1878642255538486,0.1034457019551034,D,1.39,4.98,9.14,0.7194244604316548,0.2008032128514056,0.10940919037199125,1.0296368636550515,0.02963686365505147,0.6987166891808917,0.19502333292398377,0.10625997789512466,H,0.1878642255538486,0.19502333292398377,1.672035781568294,1.6346360715561712,0.03739971001212283
2021-22,2022-02-27,West Ham,Wolves,2,2021-22,Independent Poisson,H,H,0.4508224221729902,0.2532303680496719,0.2959472097773378,H,1.94,3.41,4.64,0.5154639175257733,0.29325513196480935,0.21551724137931036,1.024236290869893,0.024236290869892985,0.5032666017799322,0.286315896613803,0.21041750160626474,H,0.4508224221729902,0.5032666017799322,0.7966817594265766,0.6866352258758496,0.11004653355072702
2021-22,2022-03-01,Burnley,Leicester,2,2021-22,Independent Poisson,A,H,0.4253532780177578,0.2448102563507701,0.3298364656314721,A,2.95,3.31,2.63,0.3389830508474576,0.3021148036253776,0.3802281368821293,1.0213259913549644,0.02132599135496438,0.3319048508671931,0.29580643808405427,0.3722887110487528,A,0.3298364656314721,0.3722887110487528,1.10915830604391,0.9880856207529516,0.12107268529095849
2021-22,2022-03-05,Aston Villa,Southampton,2,2021-22,Independent Poisson,H,H,0.4030958432155544,0.2686419266679962,0.3282622301164495,H,2.27,3.62,3.32,0.44052863436123346,0.27624309392265195,0.30120481927710846,1.0179765475609939,0.017976547560993872,0.43274929605864854,0.27136489006992603,0.2958858138714254,H,0.4030958432155544,0.43274929605864854,0.9085809209549688,0.837596711596931,0.07098420935803773
2021-22,2022-03-05,Burnley,Chelsea,2,2021-22,Independent Poisson,A,A,0.1772955482976612,0.2216929981613248,0.6010114535410142,A,7.4,4.06,1.55,0.13513513513513511,0.24630541871921185,0.6451612903225806,1.0266018441769276,0.02660184417692757,0.1316334428012634,0.23992302382496292,0.6284435333737737,A,0.6010114535410142,0.6284435333737737,0.5091412871559515,0.46450909846648464,0.04463218868946689
2021-22,2022-03-05,Leicester,Leeds,2,2021-22,Independent Poisson,H,H,0.6231881990141199,0.2249751152273966,0.1518366857584837,H,2.14,3.69,3.51,0.4672897196261682,0.2710027100271003,0.2849002849002849,1.0231927145535533,0.023192714553553317,0.4566976611342071,0.26485989019707407,0.27844244866871887,H,0.6231881990141199,0.4566976611342071,0.47290672071830375,0.7837336800344109,-0.31082695931610715
2021-22,2022-03-05,Liverpool,West Ham,2,2021-22,Independent Poisson,H,H,0.8227672319009717,0.1158726389450775,0.0613601291539508,H,1.27,6.5,11.5,0.7874015748031495,0.15384615384615385,0.08695652173913043,1.0282042503884339,0.028204250388433882,0.765802684151214,0.14962606290339106,0.08457125294539494,H,0.8227672319009717,0.765802684151214,0.1950819471045773,0.26683073491607795,-0.07174878781150065
2021-22,2022-03-05,Newcastle,Brighton,2,2021-22,Independent Poisson,H,H,0.396144432125726,0.275070586109643,0.3287849817646309,H,2.8,3.17,2.86,0.35714285714285715,0.31545741324921134,0.3496503496503497,1.0222506200424182,0.02225062004241818,0.34936917634546166,0.30859107058905133,0.342039753065487,H,0.396144432125726,0.34936917634546166,0.9259764066343785,1.0516261039903418,-0.12564969735596332
2021-22,2022-03-05,Norwich,Brentford,2,2021-22,Independent Poisson,A,A,0.3066749132364821,0.2743935885288165,0.4189314982347013,A,3.22,3.25,2.48,0.3105590062111801,0.3076923076923077,0.40322580645161293,1.0214771203551007,0.021477120355100743,0.30402933166356094,0.3012229070635897,0.3947477612728494,A,0.4189314982347013,0.3947477612728494,0.8700478611257304,0.9295082971155403,-0.05946043598980988
2021-22,2022-03-05,Wolves,Crystal Palace,2,2021-22,Independent Poisson,A,H,0.4014936710240434,0.2747594152881545,0.3237469136878019,A,2.4,3.09,3.55,0.4166666666666667,0.3236245954692557,0.28169014084507044,1.0219814029809928,0.021981402980992826,0.40770474438311866,0.31666387913251937,0.2756313764843619,H,0.3237469136878019,0.2756313764843619,1.1277931990244794,1.2886908984114875,-0.16089769938700815
2021-22,2022-03-06,Man City,Man United,2,2021-22,Independent Poisson,H,H,0.7408106731429341,0.1594572962496717,0.0997320306073942,H,1.43,5.06,7.66,0.6993006993006994,0.19762845849802374,0.13054830287206265,1.0274774606707857,0.027477460670785714,0.6805995518813258,0.19234335161863558,0.1270570965000386,H,0.7408106731429341,0.6805995518813258,0.3000101881636019,0.38478117533264244,-0.08477098716904052
2021-22,2022-03-06,Watford,Arsenal,2,2021-22,Independent Poisson,A,A,0.2854252388424826,0.2282429086350935,0.4863318525224237,A,6.84,4.31,1.55,0.14619883040935672,0.2320185614849188,0.6451612903225806,1.023378682216856,0.023378682216856017,0.14285897581202195,0.22671818899170074,0.6304228351962775,A,0.4863318525224237,0.6304228351962775,0.7208640639797518,0.46136451775016835,0.25949954622958343
2021-22,2022-03-07,Tottenham,Everton,2,2021-22,Independent Poisson,H,H,0.5986933707005846,0.2200795329313203,0.181227096368095,H,1.77,3.83,5.05,0.5649717514124294,0.2610966057441253,0.19801980198019803,1.0240881591367528,0.024088159136752774,0.5516827300187398,0.2549552042123157,0.19336206576894444,H,0.5986933707005846,0.5516827300187398,0.5130057139356115,0.5947821624042573,-0.08177644846864585
2021-22,2022-03-10,Leeds,Aston Villa,2,2021-22,Independent Poisson,A,A,0.333054995356661,0.2399319343829783,0.4270130702603606,A,2.86,3.63,2.51,0.3496503496503497,0.27548209366391185,0.39840637450199207,1.0235388178162537,0.023538817816253665,0.3416092712500515,0.26914669856064666,0.38924403018930176,A,0.4270130702603606,0.38924403018930176,0.8509406567129327,0.9435488050862112,-0.09260814837327846
2021-22,2022-03-10,Norwich,Chelsea,2,2021-22,Independent Poisson,A,A,0.0619078487586099,0.116524328424413,0.821567822816977,A,10.58,4.98,1.36,0.0945179584120983,0.2008032128514056,0.7352941176470588,1.0306152889105626,0.030615288910562644,0.09171022342586324,0.1948381855111713,0.7134515910629655,A,0.821567822816977,0.7134515910629655,0.1965407851841637,0.3376406915106739,-0.14109990632651018
2021-22,2022-03-10,Southampton,Newcastle,2,2021-22,Independent Poisson,A,H,0.3800338530266272,0.2598250910275179,0.360141055945855,A,1.92,3.64,4.41,0.5208333333333334,0.2747252747252747,0.22675736961451246,1.0223159776731205,0.022315977673120546,0.509464142895228,0.2687283391095707,0.22180751799520126,H,0.360141055945855,0.22180751799520126,1.0212595022023845,1.5059453092606787,-0.4846858070582942
2021-22,2022-03-10,Wolves,Watford,2,2021-22,Independent Poisson,H,H,0.5625597348812785,0.2574292614118754,0.1800110037068459,H,1.97,3.44,4.44,0.5076142131979695,0.29069767441860467,0.2252252252252252,1.0235371128417994,0.02353711284179938,0.49594118945878196,0.28401283233540714,0.2200459782058109,H,0.5625597348812785,0.49594118945878196,0.5752579551973931,0.7012979289266975,-0.12603997372930442
2021-22,2022-03-12,Brentford,Burnley,2,2021-22,Independent Poisson,H,H,0.427246933131715,0.269640342811103,0.303112724057182,H,2.14,3.37,3.88,0.4672897196261682,0.29673590504451036,0.2577319587628866,1.0217575834335653,0.021757583433565264,0.45733912544682515,0.29041713010569903,0.25224374444747577,H,0.427246933131715,0.45733912544682515,0.850393135170854,0.7823300944734243,0.06806304069742974
2021-22,2022-03-12,Brighton,Liverpool,2,2021-22,Independent Poisson,A,A,0.0948328026078573,0.1511772098846936,0.7539899875074492,A,6.88,4.63,1.51,0.14534883720930233,0.2159827213822894,0.6622516556291391,1.0235832142207308,0.02358321422073084,0.14200002031096082,0.2110065096629396,0.6469934700260996,A,0.7539899875074492,0.6469934700260996,0.28237619023018923,0.43541907722753187,-0.15304288699734264
2021-22,2022-03-12,Man United,Tottenham,2,2021-22,Independent Poisson,H,H,0.406379686405987,0.2367134864199814,0.3569068271740315,H,2.39,3.54,3.12,0.41841004184100417,0.2824858757062147,0.3205128205128205,1.0214087380600394,0.0214087380600394,0.4096401628947193,0.2765649687340054,0.3137948683712753,H,0.406379686405987,0.4096401628947193,0.9004673682043552,0.8924761561216269,0.00799121208272835
2021-22,2022-03-13,Arsenal,Leicester,2,2021-22,Independent Poisson,H,H,0.5533941025286513,0.2280155703423246,0.218590327129024,H,1.45,4.78,7.92,0.6896551724137931,0.20920502092050208,0.12626262626262627,1.0251228195969215,0.02512281959692153,0.6727537025124127,0.2040780059922591,0.1231682914953281,H,0.5533941025286513,0.6727537025124127,0.5916848684828948,0.39637598584152944,0.19530888264136537
2021-22,2022-03-13,Chelsea,Newcastle,2,2021-22,Independent Poisson,H,H,0.7742039749297538,0.1446054221312095,0.0811906029390368,H,1.41,4.94,8.76,0.7092198581560284,0.20242914979757085,0.11415525114155252,1.0258042590951517,0.025804259095151716,0.6913793268723819,0.19733701435021425,0.11128365877740393,H,0.7742039749297538,0.6913793268723819,0.2559199066102895,0.36906665232870534,-0.11314674571841582
2021-22,2022-03-13,Everton,Wolves,2,2021-22,Independent Poisson,A,A,0.2971040744241877,0.3129616726285334,0.3899342529472789,A,2.33,3.1,3.69,0.4291845493562232,0.3225806451612903,0.2710027100271003,1.0227679045446139,0.02276790454461386,0.4196304434751666,0.3153996559023026,0.26496990062253073,H,0.3899342529472789,0.26496990062253073,0.9417771362564833,1.3281390420033896,-0.3863619057469063
2021-22,2022-03-13,Leeds,Norwich,2,2021-22,Independent Poisson,H,H,0.6797197958932792,0.2018061780492891,0.1184740260574317,H,1.62,4.38,5.62,0.6172839506172839,0.22831050228310504,0.17793594306049823,1.0235303959608872,0.02353039596088724,0.6030929350542439,0.2230617704995149,0.17384529444624114,H,0.6797197958932792,0.6030929350542439,0.38607463059686464,0.5056839729790795,-0.11960934238221488
2021-22,2022-03-13,Southampton,Watford,2,2021-22,Independent Poisson,A,H,0.5594565748725036,0.2635624797264413,0.1769809454010549,A,1.68,4.05,5.48,0.5952380952380952,0.2469135802469136,0.18248175182481752,1.0246334273098263,0.024633427309826317,0.5809278512422653,0.24097747903382857,0.17809466972390614,H,0.1769809454010549,0.17809466972390614,1.7317132053047035,1.7254400176919067,0.006273187612796827
2021-22,2022-03-13,West Ham,Aston Villa,2,2021-22,Independent Poisson,H,H,0.3907486044698567,0.2547298147986629,0.3545215807314804,H,2.58,3.31,3.01,0.38759689922480617,0.3021148036253776,0.33222591362126247,1.0219376164714462,0.02193761647144621,0.3792764773285317,0.2956293992470126,0.32509412342445576,H,0.3907486044698567,0.3792764773285317,0.9396908811012428,0.9694898482173907,-0.029798967116147934
2021-22,2022-03-14,Crystal Palace,Man City,2,2021-22,Independent Poisson,D,A,0.1596832261959826,0.2106975614869814,0.6296192123170359,D,9.88,5.58,1.34,0.10121457489878542,0.17921146953405018,0.7462686567164178,1.0266947011492533,0.02669470114925332,0.0985829329648713,0.1745518598016001,0.7268652072335288,A,0.2106975614869814,0.1745518598016001,1.5573315316277585,1.74553339065199,-0.1882018590242316
2021-22,2022-03-16,Arsenal,Liverpool,2,2021-22,Independent Poisson,A,A,0.3316367191299652,0.2822990798892024,0.3860642009808325,A,3.75,3.6,2.09,0.26666666666666666,0.2777777777777778,0.47846889952153115,1.0229133439659757,0.022913343965975663,0.26069331115846367,0.271555532456733,0.4677511563848033,A,0.3860642009808325,0.4677511563848033,0.9517515995630332,0.7598188416026599,0.19193275796037335
2021-22,2022-03-16,Brighton,Tottenham,2,2021-22,Independent Poisson,A,A,0.2674658193606145,0.2324133273387466,0.5001208533006388,A,3.79,3.49,2.12,0.2638522427440633,0.28653295128939826,0.4716981132075471,1.0220833072410087,0.02208330724100871,0.25815140593216496,0.28034207119854015,0.4615065228692949,A,0.5001208533006388,0.4615065228692949,0.6929055031650021,0.7732590910778044,-0.08035358791280234
2021-22,2022-03-17,Everton,Newcastle,2,2021-22,Independent Poisson,H,A,0.3492299318665619,0.2986674921456349,0.3521025759878032,H,2.41,3.31,3.28,0.41493775933609955,0.3021148036253776,0.3048780487804878,1.021930611741965,0.02193061174196509,0.406033202810907,0.29563142561156674,0.2983353715775262,H,0.3492299318665619,0.406033202810907,1.0520247431500742,0.9013203424018017,0.15070440074827252
2021-22,2022-03-18,Wolves,Leeds,2,2021-22,Independent Poisson,A,H,0.6032187050840957,0.2282055925100141,0.1685757024058903,A,2.29,3.38,3.47,0.4366812227074236,0.2958579881656805,0.2881844380403458,1.02072364891345,0.02072364891344991,0.4278153280491408,0.28985121338240605,0.28233345856845316,H,0.1685757024058903,0.28233345856845316,1.780370357643847,1.2646664294264378,0.5157039282174092
2021-22,2022-03-19,Aston Villa,Arsenal,2,2021-22,Independent Poisson,A,A,0.2981802958131474,0.2510459445943129,0.4507737595925395,A,2.96,3.42,2.55,0.33783783783783783,0.29239766081871343,0.3921568627450981,1.0223923614016495,0.022392361401649463,0.33043853865914924,0.28599358901493616,0.3835678723259145,A,0.4507737595925395,0.3835678723259145,0.7967897070454376,0.9582386925410399,-0.16144898549560227
2021-22,2022-03-20,Leicester,Brentford,2,2021-22,Independent Poisson,H,H,0.5528151205866247,0.2499008915645482,0.1972839878488268,H,2.13,3.55,3.68,0.4694835680751174,0.28169014084507044,0.2717391304347826,1.0229128393549702,0.022912839354970238,0.4589673235220754,0.2753803941132453,0.2656522823646795,H,0.5528151205866247,0.4589673235220754,0.5927316541773131,0.7787762620394755,-0.18604460786216237
2021-22,2022-03-20,Tottenham,West Ham,2,2021-22,Independent Poisson,H,H,0.5255958536372654,0.238880228418478,0.2355239179442567,H,1.73,3.86,5.32,0.5780346820809249,0.2590673575129534,0.18796992481203006,1.0250719644059083,0.02507196440590831,0.5638966844790563,0.2527308974478672,0.18337241807307655,H,0.5255958536372654,0.5638966844790563,0.6432227006608415,0.5728842278120061,0.07033847284883543
2021-22,2022-04-02,Brighton,Norwich,2,2021-22,Independent Poisson,D,H,0.6873421694823474,0.1976803578399514,0.1149774726777012,D,1.52,4.33,7.16,0.6578947368421053,0.23094688221709006,0.13966480446927373,1.028506423528469,0.028506423528469105,0.639660309154982,0.22454588219759178,0.13579380864742632,H,0.1976803578399514,0.22454588219759178,1.6211039071053666,1.4936752176366102,0.1274286894687564
2021-22,2022-04-02,Burnley,Man City,2,2021-22,Independent Poisson,A,A,0.1214281834158371,0.2051540116268115,0.6734178049573513,A,16.5,7.3,1.2,0.06060606060606061,0.136986301369863,0.8333333333333334,1.030925695309257,0.03092569530925693,0.058788000805315085,0.13287698812160256,0.8083350110730824,A,0.6734178049573513,0.8083350110730824,0.39538933221659683,0.21277868872648842,0.18261064349010842
2021-22,2022-04-02,Chelsea,Brentford,2,2021-22,Independent Poisson,A,H,0.7952251451765494,0.1416576283981225,0.063117226425328,A,1.4,4.77,9.59,0.7142857142857143,0.20964360587002098,0.10427528675703858,1.028204606912774,0.028204606912773933,0.694692194027788,0.20389288713603843,0.10141491883617343,H,0.063117226425328,0.10141491883617343,2.7627615447070504,2.2885350700855316,0.4742264746215188
2021-22,2022-04-02,Leeds,Southampton,2,2021-22,Independent Poisson,D,A,0.308031427407504,0.2412947508068409,0.4506738217856551,D,2.5,3.63,2.86,0.4,0.27548209366391185,0.3496503496503497,1.0251324433142615,0.025132443314261455,0.39019348437241613,0.26872829502232515,0.3410782206052589,H,0.2412947508068409,0.26872829502232515,1.4217360603928206,1.3140544655093749,0.10768159488344575
2021-22,2022-04-02,Liverpool,Watford,2,2021-22,Independent Poisson,H,H,0.9015312200056722,0.0747615563900675,0.02370722360426,H,1.17,8.5,18.0,0.8547008547008548,0.11764705882352941,0.05555555555555555,1.0279034690799398,0.02790346907993979,0.8314991440449987,0.11445341159207628,0.05404744436292491,H,0.9015312200056722,0.8314991440449987,0.10366060576184671,0.18452500976038966,-0.08086440399854294
2021-22,2022-04-02,Man United,Leicester,2,2021-22,Independent Poisson,D,H,0.5674870129868691,0.2208062244465297,0.2117067625666011,D,1.56,4.76,5.69,0.641025641025641,0.21008403361344538,0.17574692442882248,1.0268565990679088,0.026856599067908826,0.624260136817067,0.20458945660391276,0.17115040657902014,H,0.2208062244465297,0.20458945660391276,1.510469774548416,1.5867499585425993,-0.07628018399418335
2021-22,2022-04-02,Wolves,Aston Villa,2,2021-22,Independent Poisson,H,H,0.4173641153165182,0.2804575358509317,0.3021783488325502,H,3.16,3.09,2.62,0.3164556962025316,0.3236245954692557,0.38167938931297707,1.0217596809847644,0.02175968098476444,0.3097163668638147,0.3167325952393705,0.3735510378968147,A,0.4173641153165182,0.3097163668638147,0.8737962599645949,1.1720983459217522,-0.29830208595715735
2021-22,2022-04-03,Tottenham,Newcastle,2,2021-22,Independent Poisson,H,H,0.5973987676572327,0.2238316511390167,0.1787695812037506,H,1.56,4.33,6.45,0.641025641025641,0.23094688221709006,0.15503875968992248,1.0270112829326534,0.027011282932653424,0.6241661135359469,0.2248727799344289,0.15096110652962436,H,0.5973987676572327,0.6241661135359469,0.5151704360458564,0.4713387384500042,0.04383169759585226
2021-22,2022-04-03,West Ham,Everton,2,2021-22,Independent Poisson,H,H,0.5827395590136112,0.2121957869435234,0.2050646540428654,H,1.79,3.84,4.87,0.5586592178770949,0.2604166666666667,0.2053388090349076,1.024414693578669,0.0244146935786691,0.5453447918884162,0.25421020246881904,0.20044500564276488,H,0.5827395590136112,0.5453447918884162,0.5400149179773374,0.6063370386879806,-0.06632212071064325
2021-22,2022-04-04,Crystal Palace,Arsenal,2,2021-22,Independent Poisson,H,H,0.4224182729213933,0.2443470183128269,0.3332347087657795,H,4.15,3.35,2.07,0.24096385542168672,0.29850746268656714,0.48309178743961356,1.0225631055478674,0.022563105547867446,0.2356469288930422,0.29192082236003736,0.4724322487469204,A,0.4224182729213933,0.2356469288930422,0.8617592877686753,1.445420658190246,-0.5836613704215707
2021-22,2022-04-06,Burnley,Everton,2,2021-22,Independent Poisson,H,H,0.4079358364905043,0.2731341151166724,0.3189300483928231,H,2.59,3.09,3.2,0.3861003861003861,0.3236245954692557,0.3125,1.0222249815696418,0.02222498156964181,0.37770587988127935,0.3165884235898102,0.30570569652891044,H,0.4079358364905043,0.37770587988127935,0.8966453804488427,0.9736394817881844,-0.0769941013393417
2021-22,2022-04-08,Newcastle,Wolves,2,2021-22,Independent Poisson,H,A,0.3005959634054583,0.2582187897157971,0.4411852468787445,H,2.0,3.41,4.47,0.5,0.29325513196480935,0.2237136465324385,1.0169687784972479,0.01696877849724787,0.4916571782457657,0.2883619813758156,0.21998084037841867,H,0.3005959634054583,0.4916571782457657,1.201988230211648,0.7099735975457331,0.49201463266591494
2021-22,2022-04-09,Arsenal,Brighton,2,2021-22,Independent Poisson,A,H,0.6066323778978636,0.2101630007651842,0.1832046213369521,A,1.64,3.88,6.43,0.6097560975609756,0.2577319587628866,0.15552099533437014,1.0230090516582324,0.023009051658232416,0.5960417423214388,0.25193516943483496,0.1520230882437262,H,0.1832046213369521,0.1520230882437262,1.6971516014218835,1.8837228733306377,-0.18657127190875422
2021-22,2022-04-09,Aston Villa,Tottenham,2,2021-22,Independent Poisson,A,A,0.2436975294306097,0.241934028059536,0.5143684425098543,A,3.47,3.59,2.2,0.2881844380403458,0.2785515320334262,0.45454545454545453,1.0212814246192266,0.021281424619226552,0.28217926136059135,0.272747085493385,0.44507365314602365,A,0.5143684425098543,0.44507365314602365,0.6648154560940739,0.809515497823917,-0.14470004172984308
2021-22,2022-04-09,Everton,Man United,2,2021-22,Independent Poisson,H,A,0.2481137092083033,0.2519468110982035,0.499939479693493,H,4.09,3.88,1.92,0.24449877750611249,0.2577319587628866,0.5208333333333334,1.0230640696023325,0.023064069602332538,0.23898677000859755,0.2519216209626711,0.5090916090287313,A,0.2481137092083033,0.23898677000859755,1.3938681330262042,1.4313470841953675,-0.03747895116916333
2021-22,2022-04-09,Southampton,Chelsea,2,2021-22,Independent Poisson,A,A,0.2054168522289028,0.2217751530212561,0.572807994749841,A,3.93,3.56,2.05,0.2544529262086514,0.2808988764044944,0.48780487804878053,1.0231566806619263,0.023156680661926332,0.2486939986982583,0.2745414086753245,0.4767645926264172,A,0.572807994749841,0.4767645926264172,0.5572047061184371,0.7407324264196113,-0.18352772030117426
2021-22,2022-04-09,Watford,Leeds,2,2021-22,Independent Poisson,A,H,0.363642408700442,0.2833673624126365,0.3529902288869213,A,2.91,3.45,2.57,0.3436426116838488,0.2898550724637681,0.38910505836575876,1.0226027425133757,0.022602742513375684,0.33604702725443153,0.2834483621189553,0.38050461062661317,A,0.3529902288869213,0.38050461062661317,1.041314902638966,0.9662569844696758,0.0750579181692903
2021-22,2022-04-10,Brentford,West Ham,2,2021-22,Independent Poisson,H,A,0.3462816241222235,0.2596877089545197,0.3940306669232568,H,2.77,3.35,2.76,0.36101083032490977,0.29850746268656714,0.3623188405797102,1.021837133591187,0.021837133591187108,0.3532958614022552,0.2921282197266408,0.35457591887110396,A,0.3462816241222235,0.3532958614022552,1.0605028924462343,1.040449438803239,0.020053453642995267
2021-22,2022-04-10,Leicester,Crystal Palace,2,2021-22,Independent Poisson,H,H,0.3806363765754241,0.2853223500355458,0.3340412733890299,H,2.53,3.29,3.1,0.3952569169960475,0.303951367781155,0.3225806451612903,1.0217889299384928,0.021788929938492796,0.38682834136776195,0.2974698187417743,0.31570183989046374,H,0.3806363765754241,0.38682834136776195,0.9659107517681322,0.9497742467124415,0.016136505055690753
2021-22,2022-04-10,Man City,Liverpool,2,2021-22,Independent Poisson,D,H,0.540652997852153,0.2278899858185742,0.2314570163292727,D,1.98,3.82,3.9,0.5050505050505051,0.2617801047120419,0.25641025641025644,1.0232408661728034,0.02324086617280341,0.49357929471633605,0.25583429411998565,0.2505864111636783,H,0.2278899858185742,0.25583429411998565,1.478892284816718,1.3632253326780872,0.11566695213863087
2021-22,2022-04-10,Norwich,Burnley,2,2021-22,Independent Poisson,H,A,0.3290907609407129,0.2806165029948022,0.390292736064485,H,3.23,3.42,2.38,0.30959752321981426,0.29239766081871343,0.42016806722689076,1.0221632512654184,0.022163251265418404,0.3028846153846154,0.2860576923076923,0.41105769230769235,A,0.3290907609407129,0.3028846153846154,1.1114216971409465,1.194403353309785,-0.08298165616883857
2021-22,2022-04-16,Man United,Norwich,2,2021-22,Independent Poisson,H,H,0.7868150663503662,0.1446504128961652,0.0685345207534683,H,1.29,6.35,9.95,0.7751937984496123,0.15748031496062992,0.10050251256281408,1.0331766259730564,0.03317662597305637,0.7503013317974813,0.1524234201604332,0.09727524804208552,H,0.7868150663503662,0.7503013317974813,0.23976204375585008,0.2872803774120623,-0.04751833365621222
2021-22,2022-04-16,Southampton,Arsenal,2,2021-22,Independent Poisson,H,A,0.359053416594653,0.2332887146825244,0.4076578687228225,H,4.08,3.79,1.94,0.24509803921568626,0.2638522427440633,0.5154639175257733,1.024414199485523,0.024414199485522925,0.23925677654485694,0.2575640232989489,0.5031792001561941,A,0.359053416594653,0.23925677654485694,1.0242841088196344,1.4302179249337592,-0.4059338161141248
2021-22,2022-04-16,Tottenham,Brighton,2,2021-22,Independent Poisson,A,H,0.7201710036101021,0.1704007509672321,0.1094282454226656,A,1.51,4.56,6.92,0.6622516556291391,0.2192982456140351,0.14450867052023122,1.0260585717634054,0.026058571763405425,0.645432603804459,0.21372877889138883,0.14083861730415217,H,0.1094282454226656,0.14083861730415217,2.212486237467538,1.9601406022374266,0.2523456352301112
2021-22,2022-04-16,Watford,Brentford,2,2021-22,Independent Poisson,A,A,0.310234279116819,0.2660838200142979,0.4236819008688829,A,2.94,3.39,2.58,0.3401360544217687,0.2949852507374631,0.38759689922480617,1.022718204384038,0.022718204384037932,0.332580424366872,0.2884325804243669,0.3789869952087611,A,0.4236819008688829,0.3789869952087611,0.8587723391161968,0.9702533879217781,-0.1114810488055813
2021-22,2022-04-17,Newcastle,Leicester,2,2021-22,Independent Poisson,H,A,0.2608807145413654,0.2209754832926567,0.518143802165978,H,2.06,3.56,3.9,0.4854368932038835,0.2808988764044944,0.25641025641025644,1.0227460260186343,0.02274602601863429,0.4746407034145141,0.2746516429870503,0.25070765359843566,H,0.2608807145413654,0.4746407034145141,1.3436920085391488,0.7451971750369893,0.5984948335021595
2021-22,2022-04-17,West Ham,Burnley,2,2021-22,Independent Poisson,D,H,0.5849322455947286,0.2222042685923499,0.1928634858129215,D,1.81,3.8,4.84,0.5524861878453039,0.2631578947368421,0.2066115702479339,1.02225565283008,0.02225565283007991,0.5404579434858244,0.25742865202877424,0.20211340448540127,H,0.2222042685923499,0.25742865202877424,1.5041581913744952,1.3570126767718689,0.14714551460262637
2021-22,2022-04-19,Liverpool,Man United,2,2021-22,Independent Poisson,H,H,0.7382432689171422,0.1596246636353434,0.1021320674475144,H,1.34,5.78,9.17,0.7462686567164178,0.17301038062283736,0.10905125408942203,1.0283302914286772,0.028330291428677157,0.7257091062440783,0.1682439796482811,0.10604691410764067,H,0.7382432689171422,0.7257091062440783,0.30348187601952553,0.32060602455563825,-0.017124148536112715
2021-22,2022-04-20,Chelsea,Arsenal,2,2021-22,Independent Poisson,A,H,0.7746416112192459,0.1453589169293857,0.0799994718513683,A,1.96,3.52,4.36,0.5102040816326531,0.2840909090909091,0.2293577981651376,1.0236527888886997,0.023652788888699705,0.49841517277214864,0.27752663029358277,0.22405819693426865,H,0.0799994718513683,0.22405819693426865,2.525735246187944,1.4958494531290134,1.0298857930589305
2021-22,2022-04-20,Everton,Leicester,2,2021-22,Independent Poisson,D,A,0.2254215127241287,0.2536462138932822,0.5209322733825891,D,2.67,3.31,2.9,0.37453183520599254,0.3021148036253776,0.3448275862068966,1.0214742250382667,0.02147422503826668,0.3666581358839101,0.29576351142297275,0.3375783526931172,H,0.2536462138932822,0.29576351142297275,1.3718148415808111,1.218195091882405,0.1536197496984062
2021-22,2022-04-20,Man City,Brighton,2,2021-22,Independent Poisson,H,H,0.8992566654660817,0.0746266850339269,0.0261166494999912,H,1.23,6.5,16.0,0.8130081300813008,0.15384615384615385,0.0625,1.0293542839274545,0.02935428392745454,0.7898234288969054,0.14945889500664516,0.060717676096449597,H,0.8992566654660817,0.7898234288969054,0.10618678418357493,0.23594586622808023,-0.12975908204450531
2021-22,2022-04-20,Newcastle,Crystal Palace,2,2021-22,Independent Poisson,H,A,0.3141007650379736,0.2351726956345512,0.4507265393274752,H,2.32,3.24,3.54,0.4310344827586207,0.30864197530864196,0.2824858757062147,1.0221623337734773,0.022162333773477316,0.42168887320215304,0.3019500573546281,0.2763610694432189,H,0.3141007650379736,0.42168887320215304,1.15804143678952,0.8634875041547901,0.29455393263472984
2021-22,2022-04-21,Burnley,Southampton,2,2021-22,Independent Poisson,H,H,0.4224666879317307,0.2640423392560948,0.3134909728121747,H,2.7,3.35,2.8,0.37037037037037035,0.29850746268656714,0.35714285714285715,1.0260206901997946,0.026020690199794583,0.36097748701173754,0.29093707908408695,0.3480854339041755,H,0.4224666879317307,0.36097748701173754,0.8616446804253477,1.0189396854422719,-0.15729500501692417
2021-22,2022-04-23,Arsenal,Man United,2,2021-22,Independent Poisson,H,H,0.5509766861042518,0.2351058591600736,0.2139174547356745,H,2.06,3.68,3.75,0.4854368932038835,0.2717391304347826,0.26666666666666666,1.0238426903053328,0.023842690305332814,0.47413230352713204,0.26541101773529674,0.26045667873757117,H,0.5509766861042518,0.47413230352713204,0.5960627826949042,0.7462688748689242,-0.15020609217402003
2021-22,2022-04-23,Brentford,Tottenham,2,2021-22,Independent Poisson,D,A,0.1944008049649882,0.2196675177697008,0.5859316772653107,D,4.93,3.99,1.75,0.20283975659229211,0.2506265664160401,0.5714285714285714,1.0248948944369036,0.024894894436903625,0.19791273982659077,0.24453879883335647,0.5575484613400528,A,0.2196675177697008,0.24453879883335647,1.5156401586346044,1.4083812962215752,0.10725886241302929
2021-22,2022-04-23,Leicester,Aston Villa,2,2021-22,Independent Poisson,D,H,0.6161053496597131,0.2121528451986976,0.1717418051415893,D,3.05,3.39,2.5,0.3278688524590164,0.2949852507374631,0.4,1.0228541031964795,0.022854103196479514,0.32054312676109614,0.28839425859036666,0.39106261464853725,A,0.2121528451986976,0.28839425859036666,1.5504482961642585,1.243426781569899,0.30702151459435956
2021-22,2022-04-23,Man City,Watford,2,2021-22,Independent Poisson,H,H,0.9698250074668404,0.0246421959755041,0.0055327965576555,H,1.13,9.5,26.0,0.8849557522123894,0.10526315789473684,0.038461538461538464,1.0286804485686647,0.028680448568664696,0.860282465214287,0.10232833533601518,0.03738919944969786,H,0.9698250074668404,0.860282465214287,0.030639628432949432,0.15049449573820553,-0.1198548673052561
2021-22,2022-04-23,Norwich,Newcastle,2,2021-22,Independent Poisson,A,A,0.1974002784348573,0.2382282865716838,0.5643714349934588,A,3.54,3.38,2.25,0.2824858757062147,0.2958579881656805,0.4444444444444444,1.0227883083163396,0.0227883083163396,0.27619192887649263,0.2892661030244923,0.4345419680990151,A,0.5643714349934588,0.4345419680990151,0.5720426715644658,0.8334627495302954,-0.26142007796582967
2021-22,2022-04-24,Brighton,Southampton,2,2021-22,Independent Poisson,D,H,0.4010856801273655,0.2615017153360769,0.3374126045365574,D,2.15,3.33,3.91,0.46511627906976744,0.3003003003003003,0.2557544757033248,1.0211710550733926,0.021171055073392564,0.4554734260817245,0.2940744342569693,0.2504521396613063,H,0.2615017153360769,0.2940744342569693,1.341314435896085,1.2239223659427387,0.11739206995334617
2021-22,2022-04-24,Burnley,Wolves,2,2021-22,Independent Poisson,H,H,0.403486548220781,0.2623370889951679,0.3341763627840512,H,2.57,3.14,3.17,0.38910505836575876,0.3184713375796178,0.31545741324921134,1.0230338091945879,0.023033809194587862,0.38034428077415416,0.3113008922259796,0.30835482699986627,H,0.403486548220781,0.38034428077415416,0.9076121295706465,0.9666784343965777,-0.059066304825931226
2021-22,2022-04-24,Chelsea,West Ham,2,2021-22,Independent Poisson,H,H,0.7782294203934118,0.1483420190356001,0.0734285605709879,H,1.43,4.72,8.16,0.6993006993006994,0.21186440677966104,0.12254901960784313,1.0337141256882034,0.03371412568820342,0.676493318532466,0.20495454353843778,0.11855213792909634,H,0.7782294203934118,0.676493318532466,0.25073391344929297,0.3908327079426603,-0.14009879449336732
2021-22,2022-04-24,Liverpool,Everton,2,2021-22,Independent Poisson,H,H,0.8818262712465115,0.0811585008260648,0.0370152279274235,H,1.21,7.06,16.67,0.8264462809917356,0.141643059490085,0.05998800239952009,1.0280773428813406,0.02807734288134056,0.8038755904059671,0.13777471167014452,0.05834969792388843,H,0.8818262712465115,0.8038755904059671,0.12576021375259225,0.21831076007741265,-0.0925505463248204
2021-22,2022-04-25,Crystal Palace,Leeds,2,2021-22,Independent Poisson,D,H,0.449492945465566,0.2568881029464731,0.2936189515879608,D,2.44,3.49,2.99,0.4098360655737705,0.28653295128939826,0.33444816053511706,1.0308171773982857,0.03081717739828571,0.39758365941104085,0.2779667991297821,0.32444954145917715,H,0.2568881029464731,0.2779667991297821,1.35911468599519,1.2802536000142544,0.07886108598093555
2021-22,2022-04-28,Man United,Chelsea,2,2021-22,Independent Poisson,D,A,0.3127848615805266,0.2131988815715037,0.4740162568479694,D,3.6,3.62,2.13,0.2777777777777778,0.27624309392265195,0.4694835680751174,1.023504439775547,0.02350443977554706,0.2713987033008807,0.2698992629511521,0.4587020337479673,A,0.2131988815715037,0.2698992629511521,1.545529832616479,1.3097064897838702,0.23582334283260886
2021-22,2022-04-30,Aston Villa,Norwich,2,2021-22,Independent Poisson,H,H,0.6754586677735677,0.2097610131019154,0.1147803191245172,H,1.41,5.19,8.08,0.7092198581560284,0.19267822736030826,0.12376237623762376,1.0256604617539604,0.025660461753960417,0.69147625808175,0.18785771173319216,0.12066603018505785,H,0.6754586677735677,0.69147625808175,0.3923633110578182,0.36892646240492527,0.023436848652892917
2021-22,2022-04-30,Leeds,Man City,2,2021-22,Independent Poisson,A,A,0.0902679246225982,0.1678109288221862,0.7419211465552155,A,9.2,5.8,1.34,0.10869565217391305,0.1724137931034483,0.7462686567164178,1.0273781019937793,0.027378101993779325,0.1057990743261639,0.16781922134494962,0.7263817043288864,A,0.7419211465552155,0.7263817043288864,0.2985123129508993,0.3196796387841531,-0.021167325833253814
2021-22,2022-04-30,Newcastle,Liverpool,2,2021-22,Independent Poisson,A,A,0.0591323799126814,0.1165873479642612,0.8242802721230573,A,6.72,4.32,1.55,0.1488095238095238,0.23148148148148145,0.6451612903225806,1.0254522956135859,0.025452295613585862,0.14511598876521378,0.22573598252366586,0.6291480287111204,A,0.8242802721230573,0.6291480287111204,0.19324467083415375,0.4633887102064472,-0.2701440393722934
2021-22,2022-04-30,Southampton,Crystal Palace,2,2021-22,Independent Poisson,A,A,0.366413227584638,0.2385902480165786,0.3949965243987832,A,2.53,3.16,3.22,0.3952569169960475,0.3164556962025316,0.3105590062111801,1.0222716194097592,0.02227161940975919,0.3866456913127076,0.30956126551302215,0.3037930431742702,H,0.3949965243987832,0.3037930431742702,0.9288783131101488,1.1914085884431915,-0.26253027533304274
2021-22,2022-04-30,Watford,Burnley,2,2021-22,Independent Poisson,A,A,0.3470374140625513,0.2897341686377311,0.3632284172997175,A,2.71,3.22,2.92,0.36900369003690037,0.3105590062111801,0.3424657534246575,1.022028449672738,0.022028449672738093,0.3610503114224055,0.30386532420954,0.3350843643680544,H,0.3632284172997175,0.3350843643680544,1.0127233938517226,1.0933729449274223,-0.08064955107569971
2021-22,2022-04-30,Wolves,Brighton,2,2021-22,Independent Poisson,A,H,0.5133526848018111,0.261786069814771,0.2248612453834178,A,2.81,3.02,2.99,0.35587188612099646,0.33112582781456956,0.33444816053511706,1.0214458744706831,0.021445874470683135,0.3484001404434773,0.32417364061131493,0.32742621894520774,H,0.2248612453834178,0.32742621894520774,1.4922717541922808,1.1164925349509454,0.3757792192413354
2021-22,2022-05-01,Everton,Chelsea,2,2021-22,Independent Poisson,H,A,0.1320999763110079,0.2057974121910952,0.6621026114978967,H,5.21,3.94,1.73,0.19193857965451055,0.25380710659898476,0.5780346820809249,1.0237803683344202,0.02378036833442021,0.18748023071273953,0.2479116756379119,0.5646080936493486,A,0.1320999763110079,0.18748023071273953,2.0241962467800816,1.6740818753291808,0.35011437145090074
2021-22,2022-05-01,Tottenham,Leicester,2,2021-22,Independent Poisson,H,H,0.5834921153916295,0.2250721873549359,0.1914356972534344,H,1.38,5.32,9.05,0.7246376811594204,0.18796992481203006,0.11049723756906077,1.0231048435405112,0.023104843540511233,0.7082731410514795,0.1837249877163612,0.10800187123215929,H,0.5834921153916295,0.7082731410514795,0.5387243399575689,0.3449254672415959,0.19379887271597296
2021-22,2022-05-01,West Ham,Arsenal,2,2021-22,Independent Poisson,A,A,0.362492131501648,0.2527311638622305,0.3847767046361214,A,4.57,3.92,1.83,0.2188183807439825,0.25510204081632654,0.5464480874316939,1.020368508992003,0.02036850899200293,0.21445034692431642,0.25000971567452196,0.5355399374011617,A,0.3847767046361214,0.5355399374011617,0.9550921009105564,0.6244798122278965,0.3306122886826599
2021-22,2022-05-02,Man United,Brentford,2,2021-22,Independent Poisson,H,H,0.5861236655271759,0.1933312086286597,0.2205451258441643,H,1.8,3.96,4.62,0.5555555555555556,0.25252525252525254,0.21645021645021645,1.0245310245310246,0.024531024531024626,0.5422535211267605,0.24647887323943662,0.21126760563380279,H,0.5861236655271759,0.5422535211267605,0.5342244783466981,0.612021635747577,-0.07779715740087889
2021-22,2022-05-07,Brentford,Southampton,2,2021-22,Independent Poisson,H,H,0.4151486879858101,0.2642440604905507,0.320607251523639,H,2.11,3.64,3.65,0.47393364928909953,0.2747252747252747,0.273972602739726,1.0226315267541002,0.022631526754100184,0.4634451773586486,0.2686454187436122,0.2679094038977393,H,0.4151486879858101,0.4634451773586486,0.8791185386167762,0.7690671806726886,0.1100513579440876
2021-22,2022-05-07,Brighton,Man United,2,2021-22,Independent Poisson,H,H,0.398146804537445,0.2811875956371327,0.3206655998254223,H,2.99,3.3,2.6,0.33444816053511706,0.30303030303030304,0.3846153846153846,1.0220938481808046,0.02209384818080462,0.32721864154685176,0.29647992067426876,0.37630143777887953,A,0.398146804537445,0.32721864154685176,0.9209344860864895,1.1171267029337406,-0.19619221684725108
2021-22,2022-05-07,Burnley,Aston Villa,2,2021-22,Independent Poisson,A,H,0.3792118664838581,0.2490943877805906,0.3716937457355511,A,3.19,3.21,2.52,0.31347962382445144,0.3115264797507788,0.3968253968253968,1.021831500400627,0.02183150040062709,0.30678211006564804,0.30487069504966263,0.38834719488468933,A,0.3716937457355511,0.38834719488468933,0.9896850279287744,0.9458555073054639,0.04382952062331058
2021-22,2022-05-07,Chelsea,Wolves,2,2021-22,Independent Poisson,D,H,0.783095731703808,0.1401236401628335,0.0767806281333584,D,1.38,4.94,9.9,0.7246376811594204,0.20242914979757085,0.10101010101010101,1.0280769319670924,0.028076931967092378,0.704847719686619,0.19690077999342795,0.09825150031995293,H,0.1401236401628335,0.19690077999342795,1.965230102094825,1.6250553319765542,0.3401747701182709
2021-22,2022-05-07,Crystal Palace,Watford,2,2021-22,Independent Poisson,H,H,0.6324948082938284,0.2190535472951923,0.1484516444109791,H,1.7,3.89,5.59,0.5882352941176471,0.2570694087403599,0.17889087656529518,1.0241955794233022,0.024195579423302194,0.5743388332615799,0.25099640528141015,0.17466476145700996,H,0.6324948082938284,0.5743388332615799,0.4580832666452508,0.5545357549727307,-0.09645248832747988
2021-22,2022-05-07,Liverpool,Tottenham,2,2021-22,Independent Poisson,D,H,0.7390736137905535,0.1542484374440955,0.106677948765351,D,1.43,5.3,7.3,0.6993006993006994,0.18867924528301888,0.136986301369863,1.024966245953581,0.0249662459535811,0.6822670522677577,0.18408337447979123,0.13364957325245116,H,0.1542484374440955,0.18408337447979123,1.8691907462700201,1.6923665018292235,0.17682424444079659
2021-22,2022-05-08,Arsenal,Leeds,2,2021-22,Independent Poisson,H,H,0.6343224786748911,0.2206781224036375,0.1449993989214712,H,1.54,4.56,6.38,0.6493506493506493,0.2192982456140351,0.15673981191222572,1.02538870687691,0.025388706876910083,0.6332726750311273,0.21386840340963512,0.15285892155923764,H,0.6343224786748911,0.6332726750311273,0.45519781241607615,0.4568541833491956,-0.0016563709331194332
2021-22,2022-05-08,Leicester,Everton,2,2021-22,Independent Poisson,A,H,0.5349109045436247,0.2455658151156358,0.2195232803407396,A,2.74,3.3,2.83,0.36496350364963503,0.30303030303030304,0.35335689045936397,1.021350697139302,0.021350697139302044,0.35733417000826473,0.2966956441886804,0.3459701858030549,H,0.2195232803407396,0.3459701858030549,1.5162969913131008,1.0614026758363686,0.4548943154767322
2021-22,2022-05-08,Man City,Newcastle,2,2021-22,Independent Poisson,H,H,0.9169377533785716,0.0604911012752594,0.0225711453461689,H,1.17,8.25,18.0,0.8547008547008548,0.12121212121212122,0.05555555555555555,1.0314685314685315,0.03146853146853146,0.8286252354048965,0.11751412429378531,0.05386064030131826,H,0.9169377533785716,0.8286252354048965,0.08671568975096855,0.18798729432963188,-0.10127160457866333
2021-22,2022-05-08,Norwich,West Ham,2,2021-22,Independent Poisson,A,A,0.2162744716755316,0.2634995889870748,0.5202259393373935,A,4.94,4.15,1.72,0.20242914979757085,0.24096385542168672,0.5813953488372093,1.0247883540564668,0.024788354056466844,0.19753264076068608,0.2351352398452504,0.5673321193940636,A,0.5202259393373935,0.5673321193940636,0.6534920630481447,0.5668103982476591,0.08668166480048556
2021-22,2022-05-10,Aston Villa,Liverpool,2,2021-22,Independent Poisson,A,A,0.1732262792727427,0.2332088323803074,0.59356488834695,A,6.6,4.5,1.54,0.15151515151515152,0.2222222222222222,0.6493506493506493,1.023088023088023,0.023088023088023046,0.14809590973201694,0.21720733427362482,0.6346967559943583,A,0.59356488834695,0.6346967559943583,0.5216087392373295,0.45460794376776203,0.0670007954695675
2021-22,2022-05-11,Leeds,Chelsea,2,2021-22,Independent Poisson,A,A,0.3226180895485395,0.2629357366011618,0.4144461738502986,A,4.95,4.19,1.71,0.20202020202020202,0.2386634844868735,0.5847953216374269,1.0254790081445024,0.025479008144502435,0.19700081660933905,0.23273366162678477,0.5702655217638761,A,0.4144461738502986,0.5702655217638761,0.8808121708600628,0.5616531989616383,0.31915897189842446
2021-22,2022-05-11,Leicester,Norwich,2,2021-22,Independent Poisson,H,H,0.7140177469032272,0.1894129594519015,0.0965692936448713,H,1.36,5.51,9.35,0.7352941176470588,0.18148820326678766,0.10695187165775401,1.0237341925716004,0.023734192571600365,0.7182471025999574,0.17728059156732162,0.10447230583272107,H,0.7140177469032272,0.7182471025999574,0.3368474613446874,0.33094161510239234,0.005905846242295065
2021-22,2022-05-11,Watford,Everton,2,2021-22,Independent Poisson,D,A,0.282742903074772,0.2571298158174001,0.4601272811078279,D,6.01,3.79,1.68,0.1663893510815308,0.2638522427440633,0.5952380952380952,1.0254796890636895,0.02547968906368947,0.16225514055129847,0.25729641021459204,0.5804484492341094,A,0.2571298158174001,0.25729641021459204,1.358174201704974,1.3575265115422819,0.0006476901626921716
2021-22,2022-05-11,Wolves,Man City,2,2021-22,Independent Poisson,A,A,0.0732042404215007,0.1446583171787026,0.7821374423997967,A,12.79,6.75,1.25,0.07818608287724786,0.14814814814814814,0.8,1.026334231025396,0.026334231025396004,0.07617994266753945,0.14434688395819695,0.7794731733742636,A,0.7821374423997967,0.7794731733742636,0.24572479633587668,0.24913700624744692,-0.0034122099115702353
2021-22,2022-05-12,Tottenham,Arsenal,2,2021-22,Independent Poisson,H,H,0.4637358047690654,0.2579661555461703,0.2782980396847643,H,2.32,3.49,3.27,0.4310344827586207,0.28653295128939826,0.3058103975535168,1.0233778316015356,0.023377831601535615,0.4211880201509477,0.2799874517908878,0.2988245280581647,H,0.4637358047690654,0.4211880201509477,0.7684402751913701,0.8646759413135372,-0.09623566612216705
2021-22,2022-05-15,Aston Villa,Crystal Palace,2,2021-22,Independent Poisson,D,H,0.456536441704782,0.2357011752603472,0.3077623830348707,D,1.87,3.63,4.57,0.53475935828877,0.27548209366391185,0.2188183807439825,1.0290598326966642,0.029059832696664234,0.5196581785603529,0.2677026980462424,0.2126391233934048,H,0.2357011752603472,0.2677026980462424,1.4451904827972974,1.3178782498878578,0.1273122329094396
2021-22,2022-05-15,Everton,Brentford,2,2021-22,Independent Poisson,A,A,0.3199878774944222,0.2613791700699695,0.4186329524356083,A,1.93,3.64,4.32,0.5181347150259068,0.2747252747252747,0.23148148148148145,1.0243414712326628,0.024341471232662837,0.5058222571057271,0.26819696599287174,0.2259807769014012,H,0.4186329524356083,0.2259807769014012,0.8707607514865805,1.4873053412858863,-0.6165445897993058
2021-22,2022-05-15,Leeds,Brighton,2,2021-22,Independent Poisson,D,A,0.2814609347618508,0.263599220875975,0.454939844362174,D,2.73,3.45,2.73,0.3663003663003663,0.2898550724637681,0.3663003663003663,1.0224558050645007,0.022455805064500733,0.3582554517133956,0.28348909657320875,0.3582554517133956,H,0.263599220875975,0.28348909657320875,1.3333254320638626,1.2605816166131658,0.07274381545069675
2021-22,2022-05-15,Tottenham,Burnley,2,2021-22,Independent Poisson,H,H,0.708595992972423,0.175055054323209,0.1163489527043677,H,1.32,5.75,10.72,0.7575757575757576,0.17391304347826086,0.09328358208955223,1.0247723831435707,0.024772383143570664,0.7392624645600165,0.1697089483859516,0.09102858705403187,H,0.708595992972423,0.7392624645600165,0.34446974141797765,0.30210225930273316,0.04236748211524449
2021-22,2022-05-15,Watford,Leicester,2,2021-22,Independent Poisson,A,A,0.2441508289503728,0.2580272452574145,0.4978219257922125,A,5.54,4.01,1.67,0.18050541516245489,0.24937655860349128,0.5988023952095809,1.0286843689755272,0.028684368975527175,0.17547210845851705,0.24242281318209088,0.582105078359392,A,0.4978219257922125,0.582105078359392,0.6975128446344997,0.5411043005380844,0.15640854409641525
2021-22,2022-05-15,West Ham,Man City,2,2021-22,Independent Poisson,D,A,0.0751635286534927,0.1398413490093771,0.7849951223371302,D,8.32,5.43,1.39,0.12019230769230768,0.1841620626151013,0.7194244604316548,1.0237788307390638,0.02377883073906384,0.11740065733293303,0.17988461676058987,0.702714725906477,A,0.1398413490093771,0.17988461676058987,1.9672467203152555,1.7154396516285269,0.25180706868672864
2021-22,2022-05-15,Wolves,Norwich,2,2021-22,Independent Poisson,D,H,0.7776915926162679,0.1493826660284556,0.0729257413552764,D,1.57,4.44,5.9,0.6369426751592356,0.2252252252252252,0.1694915254237288,1.0316594258081897,0.0316594258081897,0.6173962639465659,0.21831354378290727,0.16429019227052685,H,0.1493826660284556,0.21831354378290727,1.9012440369206338,1.5218229752852288,0.379421061635405
2021-22,2022-05-16,Newcastle,Arsenal,2,2021-22,Independent Poisson,H,A,0.2547765142653625,0.2453680649930437,0.4998554207415939,H,4.31,3.85,1.81,0.2320185614849188,0.2597402597402597,0.5524861878453039,1.0442450090704825,0.044245009070482455,0.22218785770539265,0.24873497836629666,0.5290771639283106,A,0.2547765142653625,0.22218785770539265,1.3673685327452034,1.5042320490600551,-0.13686351631485172
2021-22,2022-05-17,Southampton,Liverpool,2,2021-22,Independent Poisson,A,A,0.1165484234245776,0.1896699205294177,0.6937816560460044,A,6.93,5.24,1.45,0.14430014430014432,0.19083969465648853,0.6896551724137931,1.024795011370426,0.024795011370426057,0.14080878878125713,0.1862223103538381,0.6729689008649047,A,0.6937816560460044,0.6729689008649047,0.365597984625942,0.39605616011550504,-0.030458175489563033
2021-22,2022-05-19,Aston Villa,Burnley,2,2021-22,Independent Poisson,D,H,0.4982111634076268,0.2610832748840123,0.2407055617083608,D,2.04,3.46,4.1,0.49019607843137253,0.28901734104046245,0.24390243902439027,1.0231158584962252,0.023115858496225217,0.479120790046068,0.2824874022236933,0.23839180773023874,H,0.2610832748840123,0.2824874022236933,1.3429158616902506,1.2641213232884096,0.07879453840184092
2021-22,2022-05-19,Chelsea,Leicester,2,2021-22,Independent Poisson,D,H,0.6975738921384549,0.1795775473760207,0.1228485604855241,D,1.44,4.87,7.49,0.6944444444444444,0.2053388090349076,0.13351134846461948,1.0332946019439715,0.03329460194397149,0.6720682012060868,0.19872242499728235,0.12920937379663083,H,0.1795775473760207,0.19872242499728235,1.7171481455391453,1.615846277225317,0.10130186831382826
2021-22,2022-05-19,Everton,Crystal Palace,2,2021-22,Independent Poisson,H,A,0.3052550300292627,0.2453116082569739,0.4494333617137635,H,1.9,3.54,4.64,0.5263157894736842,0.2824858757062147,0.21551724137931036,1.024318906559209,0.024318906559209097,0.5138202429960336,0.2757792264667977,0.21040053053716892,H,0.3052550300292627,0.5138202429960336,1.1866076877347473,0.6658817964915013,0.5207258912432461
2021-22,2022-05-22,Arsenal,Everton,2,2021-22,Independent Poisson,H,H,0.4881427506130856,0.2541509485950493,0.2577063007918652,H,1.36,5.61,8.84,0.7352941176470588,0.17825311942959002,0.11312217194570136,1.02666940902235,0.026669409022350044,0.7161936560934892,0.17362270450751255,0.11018363939899835,H,0.4881427506130856,0.7161936560934892,0.7171473941570085,0.33380467918743234,0.3833427149695761
2021-22,2022-05-22,Brentford,Leeds,2,2021-22,Independent Poisson,A,H,0.5727515081878645,0.2370163030616556,0.1902321887504799,A,2.38,3.9,2.89,0.42016806722689076,0.25641025641025644,0.3460207612456747,1.022599084882822,0.022599084882821918,0.41088249876053545,0.25074367873078834,0.3383738225086762,H,0.1902321887504799,0.3383738225086762,1.6595099068569978,1.083604010895097,0.5759058959619008
2021-22,2022-05-22,Brighton,West Ham,2,2021-22,Independent Poisson,H,H,0.4076388063805776,0.2760935998119448,0.3162675938074774,H,2.75,3.4,2.74,0.36363636363636365,0.29411764705882354,0.36496350364963503,1.0227175143448222,0.022717514344822165,0.3555589481317507,0.2875844433418572,0.3568566085263921,A,0.4076388063805776,0.3555589481317507,0.8973737751473677,1.0340642259555106,-0.1366904508081429
2021-22,2022-05-22,Burnley,Newcastle,2,2021-22,Independent Poisson,A,H,0.4179853861608003,0.2583196691893371,0.3236949446498627,A,2.55,3.31,3.05,0.3921568627450981,0.3021148036253776,0.3278688524590164,1.022140518829492,0.022140518829492084,0.3836623786269406,0.2955707146521747,0.32076690672088476,H,0.3236949446498627,0.32076690672088476,1.1279537355649627,1.1370405669117254,-0.009086831346762692
2021-22,2022-05-22,Chelsea,Watford,2,2021-22,Independent Poisson,H,H,0.9495561108559424,0.0396114492390381,0.0108324399050191,H,1.18,7.58,17.72,0.8474576271186441,0.13192612137203166,0.05643340857787811,1.035817157068554,0.03581715706855393,0.8181536879703919,0.12736429443338554,0.05448201759622249,H,0.9495561108559424,0.8181536879703919,0.051760655314243405,0.200705077422725,-0.1489444221084816
2021-22,2022-05-22,Crystal Palace,Man United,2,2021-22,Independent Poisson,H,H,0.4908719646296176,0.2337273863703407,0.2754006490000418,H,2.82,3.57,2.59,0.3546099290780142,0.2801120448179272,0.3861003861003861,1.0208223599963273,0.02082235999632731,0.34737672583826434,0.27439842209072984,0.378224852071006,A,0.4908719646296176,0.34737672583826434,0.711571949694388,1.0573454227036299,-0.3457734730092419
2021-22,2022-05-22,Leicester,Southampton,2,2021-22,Independent Poisson,H,H,0.5661440499298098,0.2294388626842162,0.2044170873859738,H,1.7,4.39,4.67,0.5882352941176471,0.22779043280182235,0.21413276231263384,1.0301584892321032,0.03015848923210318,0.5710143635821777,0.22112173532795038,0.207863901089872,H,0.5661440499298098,0.5710143635821777,0.5689067279835601,0.5603409145073496,0.008565813476210549
2021-22,2022-05-22,Liverpool,Wolves,2,2021-22,Independent Poisson,H,H,0.8901275104683855,0.0774769002192448,0.0323955893123695,H,1.14,9.75,19.0,0.8771929824561404,0.10256410256410256,0.05263157894736842,1.0323886639676114,0.03238866396761142,0.8496732026143791,0.09934640522875816,0.05098039215686274,H,0.8901275104683855,0.8496732026143791,0.11639055632894778,0.16290347093685306,-0.046512914607905284
2021-22,2022-05-22,Man City,Aston Villa,2,2021-22,Independent Poisson,H,H,0.8749296304907244,0.0860513601851758,0.0390190093240997,H,1.17,8.4,17.0,0.8547008547008548,0.11904761904761904,0.058823529411764705,1.0325720031602386,0.03257200316023856,0.8277397141167878,0.11529231732340971,0.05696796855980245,H,0.8749296304907244,0.8277397141167878,0.1336118181548839,0.1890565289481617,-0.055444710793277785
2021-22,2022-05-22,Norwich,Tottenham,2,2021-22,Independent Poisson,A,A,0.0955827855636478,0.1649409030869508,0.7394763113494012,A,9.82,5.51,1.34,0.10183299389002036,0.18148820326678766,0.7462686567164178,1.029589853873226,0.02958985387322599,0.09890636888750762,0.1762723307577722,0.72482130035472,A,0.7394763113494012,0.72482130035472,0.3018130306785039,0.321830136778561,-0.02001710610005708
2022-23,2022-08-05,Crystal Palace,Arsenal,3,2022-23,Independent Poisson,A,A,0.3066966108975374,0.2314857451292504,0.4618176439732121,A,4.58,3.63,1.88,0.2183406113537118,0.27548209366391185,0.5319148936170213,1.0257375986346449,0.025737598634644865,0.21286205326230032,0.26856975315188303,0.5185681935858167,A,0.4618176439732121,0.5185681935858167,0.7725851758335925,0.6566837390622772,0.11590143677131537
2022-23,2022-08-06,Bournemouth,Aston Villa,3,2022-23,Independent Poisson,H,A,0.3099450930111195,0.2513228714042338,0.4387320355846464,H,4.09,3.59,2.0,0.24449877750611249,0.2785515320334262,0.5,1.0230503095395387,0.023050309539538683,0.23898998438909436,0.27227549753520774,0.4887345180756979,A,0.3099450930111195,0.23898998438909436,1.1713601165093934,1.4313336342505019,-0.25997351774110844
2022-23,2022-08-06,Everton,Chelsea,3,2022-23,Independent Poisson,A,A,0.267368321836452,0.2365300565412708,0.4961016216222773,A,6.89,4.16,1.56,0.14513788098693758,0.24038461538461536,0.641025641025641,1.0265481373971939,0.02654813739719386,0.14138438880706924,0.2341678939617084,0.6244477172312224,A,0.4961016216222773,0.6244477172312224,0.7009744909397438,0.47088767232673834,0.2300868186130055
2022-23,2022-08-06,Fulham,Liverpool,3,2022-23,Independent Poisson,D,A,0.0828283490713047,0.132629483445937,0.7845421674827581,D,10.5,6.5,1.29,0.09523809523809523,0.15384615384615385,0.7751937984496123,1.0242780475338615,0.024278047533861535,0.09298070525615434,0.1501996007984032,0.7568196939454424,A,0.132629483445937,0.1501996007984032,2.020195877183475,1.8957901974558797,0.1244056797275952
2022-23,2022-08-06,Leeds,Wolves,3,2022-23,Independent Poisson,H,H,0.4586949230112442,0.2740505624412232,0.2672545145475325,H,2.45,3.44,3.09,0.4081632653061224,0.29069767441860467,0.3236245954692557,1.0224855351939828,0.022485535193982775,0.3991873246683015,0.2843049259992264,0.3165077493324721,H,0.4586949230112442,0.3991873246683015,0.7793699456520707,0.9183244868818404,-0.1389545412297697
2022-23,2022-08-06,Newcastle,Nott'm Forest,3,2022-23,Independent Poisson,H,H,0.480873749606139,0.2459134400451798,0.2732128103486811,H,1.57,4.22,6.6,0.6369426751592356,0.23696682464454977,0.15151515151515152,1.025424651318937,0.025424651318936897,0.6211501491991418,0.23109140621863808,0.14775844458222012,H,0.480873749606139,0.6211501491991418,0.732150518160235,0.4761824401242319,0.25596807803600313
2022-23,2022-08-06,Tottenham,Southampton,3,2022-23,Independent Poisson,H,H,0.6098554007303938,0.2173416467160412,0.1728029525535648,H,1.39,5.34,8.55,0.7194244604316548,0.18726591760299627,0.11695906432748537,1.0236494423621365,0.023649442362136508,0.7028035484213588,0.18293950043177692,0.11425695114686417,H,0.6098554007303938,0.7028035484213588,0.49453339789805506,0.35267787370448106,0.141855524193574
2022-23,2022-08-07,Leicester,Brentford,3,2022-23,Independent Poisson,D,H,0.4907583871994545,0.2431418427234837,0.2660997700770616,D,1.96,3.69,4.29,0.5102040816326531,0.2710027100271003,0.2331002331002331,1.0143070247599866,0.014307024759986575,0.5030075402991334,0.2671801569068568,0.22981230279400966,H,0.2431418427234837,0.2671801569068568,1.414110291025416,1.3198321031504257,0.09427818787499032
2022-23,2022-08-07,Man United,Brighton,3,2022-23,Independent Poisson,A,H,0.4987933886194916,0.2431831810880723,0.258023430292436,A,1.81,3.86,4.72,0.5524861878453039,0.2590673575129534,0.21186440677966104,1.0234179521379183,0.023417952137918308,0.5398441435301786,0.25313935227710455,0.20701650419271683,H,0.258023430292436,0.20701650419271683,1.3547048830969988,1.5749567584954691,-0.22025187539847035
2022-23,2022-08-07,West Ham,Man City,3,2022-23,Independent Poisson,A,A,0.1730703848842659,0.1876027806752159,0.6393268344405181,A,8.0,5.35,1.41,0.125,0.1869158878504673,0.7092198581560284,1.0211357460064958,0.021135746006495815,0.12241271592817674,0.18304705185521755,0.6945402322166055,A,0.6393268344405181,0.6945402322166055,0.447339477367207,0.3645051887080708,0.08283428865913617
2022-23,2022-08-13,Arsenal,Leicester,3,2022-23,Independent Poisson,H,H,0.5783310095106853,0.2096986264417901,0.2119703640475245,H,1.58,4.42,5.97,0.6329113924050632,0.22624434389140272,0.16750418760469013,1.026659923901156,0.026659923901156013,0.6164761842461849,0.2203693147305367,0.16315450102327844,H,0.5783310095106853,0.6164761842461849,0.5476088934145035,0.4837355877059379,0.06387330570856559
2022-23,2022-08-13,Aston Villa,Everton,3,2022-23,Independent Poisson,H,A,0.3619281192933807,0.261993322688474,0.3760785580181453,H,1.81,3.64,5.11,0.5524861878453039,0.2747252747252747,0.19569471624266144,1.02290617881324,0.022906178813240086,0.5401142346078013,0.268573286989044,0.19131247840315466,H,0.3619281192933807,0.5401142346078013,1.0163096523610011,0.6159746162264236,0.40033503613457755
2022-23,2022-08-13,Brentford,Man United,3,2022-23,Independent Poisson,H,A,0.2931596826256288,0.2488186849714988,0.4580216324028723,H,4.65,4.09,1.78,0.2150537634408602,0.24449877750611249,0.5617977528089888,1.0213502937559615,0.021350293755961536,0.21055828226181966,0.23938777812162876,0.5500539396165515,A,0.2931596826256288,0.21055828226181966,1.227037826522874,1.5579927888295453,-0.3309549623066712
2022-23,2022-08-13,Brighton,Newcastle,3,2022-23,Independent Poisson,D,H,0.4183187551858853,0.2483613776850901,0.3333198671290245,D,2.5,3.3,3.14,0.4,0.30303030303030304,0.3184713375796178,1.0215016406099209,0.02150164060992088,0.39158037941198703,0.29665180258483864,0.3117678180031743,H,0.2483613776850901,0.29665180258483864,1.3928704253713002,1.2151962098259022,0.17767421554539808
2022-23,2022-08-13,Man City,Bournemouth,3,2022-23,Independent Poisson,H,H,0.7833789075948545,0.1393428540270618,0.0772782383780834,H,1.08,13.5,36.0,0.9259259259259258,0.07407407407407407,0.027777777777777776,1.0277777777777777,0.02777777777777768,0.9009009009009009,0.07207207207207207,0.02702702702702703,H,0.7833789075948545,0.9009009009009009,0.24413878229610242,0.10436001532424276,0.13977876697185965
2022-23,2022-08-13,Southampton,Leeds,3,2022-23,Independent Poisson,D,A,0.2781649990990699,0.2566586959488304,0.4651763049520995,D,2.44,3.64,2.96,0.4098360655737705,0.2747252747252747,0.33783783783783783,1.022399178136883,0.02239917813688308,0.40085719388058816,0.26870647062325137,0.33043633549616047,H,0.2566586959488304,0.26870647062325137,1.3600081080295425,1.3141356824327333,0.04587242559680926
2022-23,2022-08-13,Wolves,Fulham,3,2022-23,Independent Poisson,D,H,0.4610577951847873,0.2621342448326894,0.2768079599825234,D,2.23,3.48,3.5,0.4484304932735426,0.28735632183908044,0.2857142857142857,1.0215011008269088,0.021501100826908814,0.4389916887123631,0.281307892479474,0.27970041880816277,H,0.2621342448326894,0.281307892479474,1.3388985215877454,1.2683055067186195,0.07059301486912584
2022-23,2022-08-14,Chelsea,Tottenham,3,2022-23,Independent Poisson,D,H,0.4516716290679851,0.2452822379359487,0.3030461329960662,D,2.17,3.53,3.61,0.4608294930875576,0.28328611898017,0.2770083102493075,1.021123922317035,0.02112392231703497,0.45129634417132075,0.27742579797500455,0.2712778578536748,H,0.2452822379359487,0.27742579797500455,1.4053457398952471,1.282201776236649,0.12314396365859803
2022-23,2022-08-14,Nott'm Forest,West Ham,3,2022-23,Independent Poisson,H,H,0.3797054160366417,0.2717564572550248,0.3485381267083335,H,4.03,3.68,1.99,0.24813895781637715,0.2717391304347826,0.5025125628140703,1.02239065106523,0.022390651065230083,0.2427046428464901,0.2657879648563465,0.4915073922971634,A,0.3797054160366417,0.2427046428464901,0.9683595478570617,1.4159100364511392,-0.44755048859407753
2022-23,2022-08-15,Liverpool,Crystal Palace,3,2022-23,Independent Poisson,D,H,0.7858819174187122,0.1413649997872101,0.0727530827940777,D,1.29,6.25,12.0,0.7751937984496123,0.16,0.08333333333333333,1.0185271317829456,0.018527131782945627,0.7610929294466855,0.1570895806377959,0.0818174899155187,H,0.1413649997872101,0.1570895806377959,1.9564100824166992,1.8509390590403685,0.10547102337633074
2022-23,2022-08-20,Bournemouth,Arsenal,3,2022-23,Independent Poisson,A,A,0.1351787851546332,0.1735344374928999,0.691286777352467,A,7.26,4.82,1.47,0.13774104683195593,0.20746887966804978,0.6802721088435374,1.025482035343543,0.025482035343542986,0.13431834209149437,0.2023135194158193,0.6633681384926864,A,0.691286777352467,0.6633681384926864,0.3692005234343473,0.41042518121873867,-0.04122465778439138
2022-23,2022-08-20,Crystal Palace,Aston Villa,3,2022-23,Independent Poisson,H,H,0.3740671299139955,0.2675051989887744,0.35842767109723,H,2.56,3.26,3.08,0.390625,0.3067484662576687,0.3246753246753247,1.0220487909329934,0.02204879093299339,0.38219799628490514,0.30013094186790096,0.3176710618471939,H,0.3740671299139955,0.38219799628490514,0.9833200059256707,0.9618164897723726,0.021503516153298152
2022-23,2022-08-20,Everton,Nott'm Forest,3,2022-23,Independent Poisson,D,A,0.3427068986399377,0.2690105476397026,0.3882825537203596,D,1.89,3.58,4.62,0.5291005291005292,0.27932960893854747,0.21645021645021645,1.024880354489293,0.024880354489293044,0.5162558993183011,0.2725485055060304,0.21119559517566858,H,0.2690105476397026,0.2725485055060304,1.3130046895924965,1.2999386788622969,0.01306601073019964
2022-23,2022-08-20,Fulham,Brentford,3,2022-23,Independent Poisson,H,A,0.2055512980199241,0.2271480239734749,0.567300678006601,H,2.7,3.44,2.8,0.37037037037037035,0.29069767441860467,0.35714285714285715,1.0182109019318322,0.01821090193183217,0.3637462235649547,0.2854984894259819,0.35075528700906344,H,0.2055512980199241,0.3637462235649547,1.5820596507959936,1.0112988425023424,0.5707608082936513
2022-23,2022-08-20,Leicester,Southampton,3,2022-23,Independent Poisson,A,H,0.4944595961147264,0.2512358565875977,0.2543045472976758,A,1.78,4.18,4.51,0.5617977528089888,0.23923444976076558,0.22172949002217296,1.0227616925919274,0.022761692591927396,0.5492948717948718,0.2339102564102564,0.21679487179487178,H,0.2543045472976758,0.21679487179487178,1.3692227250872138,1.528803663779103,-0.15958093869188916
2022-23,2022-08-20,Tottenham,Wolves,3,2022-23,Independent Poisson,H,H,0.6333982292143865,0.2046762014686455,0.1619255693169678,H,1.48,4.88,6.99,0.6756756756756757,0.20491803278688525,0.14306151645207438,1.0236552249146353,0.023655224914635342,0.6600617661400806,0.2001826667801884,0.13975556707973094,H,0.6333982292143865,0.6600617661400806,0.45665594056450765,0.41542186327974623,0.04123407728476142
2022-23,2022-08-21,Leeds,Chelsea,3,2022-23,Independent Poisson,H,A,0.2476715058637641,0.2313574863871447,0.5209710077490914,H,6.14,4.63,1.55,0.16286644951140067,0.2159827213822894,0.6451612903225806,1.0240104612162706,0.024010461216270595,0.15904764226525156,0.21091847160013918,0.6300338861346093,A,0.2476715058637641,0.15904764226525156,1.395651983969549,1.838551484755698,-0.44289950078614915
2022-23,2022-08-21,Newcastle,Man City,3,2022-23,Independent Poisson,D,A,0.1592541628898136,0.1919051343222208,0.6488407027879656,D,7.0,5.0,1.47,0.14285714285714285,0.2,0.6802721088435374,1.0231292517006803,0.023129251700680253,0.13962765957446807,0.19547872340425534,0.6648936170212766,A,0.1919051343222208,0.19547872340425534,1.6507541211298318,1.6323037371711033,0.018450383958728445
2022-23,2022-08-21,West Ham,Brighton,3,2022-23,Independent Poisson,A,H,0.3769180901281473,0.2695768054400848,0.3535051044317678,A,2.6,3.42,2.9,0.3846153846153846,0.29239766081871343,0.3448275862068966,1.0218406316409947,0.0218406316409947,0.3763946869070208,0.2861480075901328,0.3374573055028463,H,0.3535051044317678,0.3374573055028463,1.0398573540559342,1.0863162788854213,-0.0464589248294871
2022-23,2022-08-22,Man United,Liverpool,3,2022-23,Independent Poisson,H,A,0.2069297816563755,0.2104541786650083,0.582616039678616,H,4.65,4.5,1.7,0.2150537634408602,0.2222222222222222,0.5882352941176471,1.0255112797807295,0.025511279780729534,0.20970394736842102,0.2166940789473684,0.5736019736842105,A,0.2069297816563755,0.20970394736842102,1.575375762315891,1.5620585173676864,0.013317244948204632
2022-23,2022-08-27,Arsenal,Fulham,3,2022-23,Independent Poisson,H,H,0.7074019613124848,0.1760163625338077,0.1165816761537075,H,1.42,5.35,7.5,0.7042253521126761,0.1869158878504673,0.13333333333333333,1.0244745732964768,0.024474573296476843,0.6874014938669224,0.18245048996094015,0.1301480161721373,H,0.7074019613124848,0.6874014938669224,0.346156229649595,0.3748367413553195,-0.0286805117057245
2022-23,2022-08-27,Brentford,Everton,3,2022-23,Independent Poisson,D,H,0.4474489132286962,0.2643596331300212,0.2881914536412825,D,2.08,3.51,3.91,0.4807692307692307,0.2849002849002849,0.2557544757033248,1.0214239913728405,0.021423991372840456,0.4706852735298051,0.27892460653618084,0.250390119934014,H,0.2643596331300212,0.27892460653618084,1.3304448561474496,1.2768137611476786,0.05363109499977092
2022-23,2022-08-27,Brighton,Leeds,3,2022-23,Independent Poisson,H,H,0.3982803029590124,0.2535038805565132,0.3482158164844745,H,1.74,3.98,5.09,0.5747126436781609,0.25125628140703515,0.19646365422396858,1.0224325793091646,0.022432579309164646,0.5621032186459489,0.24574361820199775,0.1921531631520533,H,0.3982803029590124,0.5621032186459489,0.9205992427941376,0.5760697828813595,0.34452945991277817
2022-23,2022-08-27,Chelsea,Leicester,3,2022-23,Independent Poisson,H,H,0.5839329463480124,0.2287724558586888,0.1872945977932985,H,1.41,5.2,7.99,0.7092198581560284,0.1923076923076923,0.1251564455569462,1.0266839960206668,0.026683996020666845,0.6907869031804329,0.1873095256700789,0.12190357114948817,H,0.5839329463480124,0.6907869031804329,0.5379691206432284,0.36992389180590685,0.1680452288373216
2022-23,2022-08-27,Liverpool,Bournemouth,3,2022-23,Independent Poisson,H,H,0.7674862048407812,0.1480595963178305,0.0844541988413883,H,1.15,9.25,19.5,0.8695652173913044,0.10810810810810811,0.05128205128205128,1.0289553767814639,0.02895537678146387,0.8450951683748169,0.10506588579795022,0.04983894582723279,H,0.7674862048407812,0.8450951683748169,0.26463477383114103,0.16830603267107436,0.09632874116006668
2022-23,2022-08-27,Man City,Crystal Palace,3,2022-23,Independent Poisson,H,H,0.7847585730387436,0.1375028402887036,0.0777385866725528,H,1.2,7.75,16.0,0.8333333333333334,0.12903225806451613,0.0625,1.0248655913978495,0.024865591397849496,0.8131147540983606,0.1259016393442623,0.06098360655737705,H,0.7847585730387436,0.8131147540983606,0.24237915877212804,0.20688303044242945,0.03549612832969859
2022-23,2022-08-27,Southampton,Man United,3,2022-23,Independent Poisson,A,A,0.2835267320932492,0.2360828313959967,0.4803904365107539,A,3.65,3.95,2.02,0.273972602739726,0.2531645569620253,0.49504950495049505,1.0221866646522464,0.02218666465224639,0.26802599976485997,0.24766959471942757,0.4843044055157124,A,0.4803904365107539,0.4843044055157124,0.7331560963209364,0.7250416329475668,0.008114463373369518
2022-23,2022-08-28,Aston Villa,West Ham,3,2022-23,Independent Poisson,A,H,0.3863263478707152,0.2740567266195826,0.3396169255097022,A,2.12,3.53,3.74,0.4716981132075471,0.28328611898017,0.267379679144385,1.0223639113321021,0.022363911332102138,0.461379855039036,0.2770893180404409,0.26153082692052304,H,0.3396169255097022,0.26153082692052304,1.0799369862412453,1.3412031174517274,-0.26126613121048203
2022-23,2022-08-28,Nott'm Forest,Tottenham,3,2022-23,Independent Poisson,A,A,0.2203127413333814,0.220707046588414,0.5589802120782046,A,7.1,5.05,1.45,0.14084507042253522,0.19801980198019803,0.6896551724137931,1.0285200448165264,0.02852004481652637,0.13693954836598252,0.1925288699798962,0.6705315816541213,A,0.5589802120782046,0.6705315816541213,0.5816412052403436,0.3996844757229382,0.18195672951740538
2022-23,2022-08-28,Wolves,Newcastle,3,2022-23,Independent Poisson,D,A,0.3149024906894496,0.2560710779790645,0.4290264313314857,D,2.59,3.3,3.0,0.3861003861003861,0.30303030303030304,0.3333333333333333,1.0224640224640225,0.02246402246402246,0.37761757638173704,0.2963725826753633,0.32600984094289964,H,0.2560710779790645,0.2963725826753633,1.3623002246840257,1.2161378909339609,0.14616233375006482
2022-23,2022-08-30,Crystal Palace,Brentford,3,2022-23,Independent Poisson,D,H,0.4373414902458244,0.2613670872021862,0.3012914225519895,D,2.12,3.49,3.78,0.4716981132075471,0.28653295128939826,0.2645502645502646,1.02278132904721,0.022781329047210086,0.4611915566027841,0.2801507449850723,0.25865769841214353,H,0.2613670872021862,0.2801507449850723,1.3418293954278537,1.2724274457379976,0.06940194968985613
2022-23,2022-08-30,Fulham,Brighton,3,2022-23,Independent Poisson,H,A,0.2324671901632919,0.2367900480709383,0.5307427617657696,H,3.36,3.29,2.38,0.2976190476190476,0.303951367781155,0.42016806722689076,1.0217384826270934,0.021738482627093436,0.2912869121399927,0.2974845060153117,0.4112285818446956,A,0.2324671901632919,0.2912869121399927,1.4590061814899873,1.2334465451713286,0.22555963631865872
2022-23,2022-08-30,Leeds,Everton,3,2022-23,Independent Poisson,D,H,0.544774446084538,0.2520938779905299,0.2031316759249318,D,2.17,3.65,3.49,0.4608294930875576,0.273972602739726,0.28653295128939826,1.0213350471166818,0.02133504711668177,0.45120305465725435,0.26824948728938136,0.28054745805336445,H,0.2520938779905299,0.26824948728938136,1.3779537291349702,1.3158378087895346,0.06211592034543556
2022-23,2022-08-30,Southampton,Chelsea,3,2022-23,Independent Poisson,H,A,0.2475243217786529,0.2311020978870543,0.5213735803342926,H,5.22,4.11,1.69,0.19157088122605365,0.24330900243309,0.591715976331361,1.0265958599905045,0.02659585999050451,0.18660788406825016,0.23700563378011333,0.5763864821516366,A,0.2475243217786529,0.18660788406825016,1.3962464319888148,1.6787457402918342,-0.2824993083030194
2022-23,2022-08-31,Arsenal,Aston Villa,3,2022-23,Independent Poisson,H,H,0.6543618041319572,0.1964175674444967,0.1492206284235459,H,1.55,4.57,6.27,0.6451612903225806,0.2188183807439825,0.1594896331738437,1.0234693042404068,0.02346930424040683,0.6303670150629511,0.21380062874126352,0.15583235619578537,H,0.6543618041319572,0.6303670150629511,0.4240948631660783,0.46145306562886734,-0.037358202462789036
2022-23,2022-08-31,Bournemouth,Wolves,3,2022-23,Independent Poisson,D,A,0.2758757741976263,0.2730830483454777,0.4510411774568956,D,3.4,3.32,2.34,0.29411764705882354,0.30120481927710846,0.4273504273504274,1.0226728936863594,0.022672893686359386,0.28759699105609193,0.29452703903334715,0.4178759699105609,A,0.2730830483454777,0.29452703903334715,1.2979793236648693,1.2223844667490664,0.07559485691580292
2022-23,2022-08-31,Liverpool,Newcastle,3,2022-23,Independent Poisson,H,H,0.636930568503028,0.2025539125906616,0.1605155189063103,H,1.29,6.26,10.61,0.7751937984496123,0.1597444089456869,0.09425070688030161,1.0291889142756008,0.029188914275600775,0.7532084612427408,0.15521388418580442,0.09157765457145484,H,0.636930568503028,0.7532084612427408,0.45109462699110664,0.2834132485358159,0.16768137845529074
2022-23,2022-08-31,Man City,Nott'm Forest,3,2022-23,Independent Poisson,H,H,0.8052865018242868,0.1252570932607514,0.0694564049149618,H,1.1,12.5,26.0,0.9090909090909091,0.08,0.038461538461538464,1.0275524475524476,0.027552447552447568,0.8847148495984756,0.07785490676466585,0.03743024363685858,H,0.8052865018242868,0.8847148495984756,0.2165571619946704,0.12248988973654895,0.09406727225812145
2022-23,2022-08-31,West Ham,Tottenham,3,2022-23,Independent Poisson,D,A,0.2185712826194518,0.2301026664951955,0.5513260508853525,D,3.29,3.51,2.3,0.303951367781155,0.2849002849002849,0.4347826086956522,1.0236342613770921,0.023634261377092125,0.2969335623567837,0.2783223419241648,0.42474409571905153,A,0.2301026664951955,0.2783223419241648,1.4692296935890332,1.2789753336719667,0.19025435991706652
2022-23,2022-09-01,Leicester,Man United,3,2022-23,Independent Poisson,A,A,0.3031763308188248,0.2449073160539708,0.4519163531272044,A,3.2,3.76,2.25,0.3125,0.26595744680851063,0.4444444444444444,1.022901891252955,0.022901891252955053,0.3055033944821609,0.260002888920988,0.43449371659685104,A,0.4519163531272044,0.43449371659685104,0.7942581757286069,0.833573795608295,-0.039315619879688124
2022-23,2022-09-03,Aston Villa,Man City,3,2022-23,Independent Poisson,D,A,0.0338659238942359,0.0833297653793703,0.8828043107263939,D,9.35,5.85,1.33,0.10695187165775401,0.17094017094017094,0.7518796992481203,1.0297717418460453,0.029771741846045252,0.10385978495197795,0.1659981178292297,0.7301420972187923,A,0.0833297653793703,0.1659981178292297,2.4849494661521643,1.795778829068008,0.6891706370841564
2022-23,2022-09-03,Brentford,Leeds,3,2022-23,Independent Poisson,H,A,0.3543127136584306,0.2642609846894948,0.3814263016520745,H,2.17,3.57,3.55,0.4608294930875576,0.2801120448179272,0.28169014084507044,1.0226316787505552,0.022631678750555162,0.4506309580108022,0.27391293526146804,0.2754561067277298,H,0.3543127136584306,0.4506309580108022,1.037575383875237,0.7971065493697415,0.2404688345054956
2022-23,2022-09-03,Chelsea,West Ham,3,2022-23,Independent Poisson,H,H,0.4701608519866164,0.2521655733068928,0.2776735747064907,H,1.69,4.03,5.44,0.591715976331361,0.24813895781637715,0.1838235294117647,1.0236784635595029,0.02367846355950287,0.5780291345329905,0.24239931448157667,0.1795715509854327,H,0.4701608519866164,0.5780291345329905,0.7546804045587944,0.5481310058136679,0.20654939874512646
2022-23,2022-09-03,Everton,Liverpool,3,2022-23,Independent Poisson,D,A,0.0527901863479313,0.1113367352151302,0.8358730784369383,D,7.8,5.4,1.4,0.12820512820512822,0.18518518518518517,0.7142857142857143,1.0276760276760277,0.027676027676027726,0.12475247524752477,0.1801980198019802,0.695049504950495,A,0.1113367352151302,0.1801980198019802,2.1951960193158433,1.7136989227585098,0.4814970965573335
2022-23,2022-09-03,Newcastle,Crystal Palace,3,2022-23,Independent Poisson,D,H,0.5102519912585644,0.2472847993497217,0.2424632093917139,D,2.12,3.47,3.82,0.4716981132075471,0.2881844380403458,0.2617801047120419,1.0216626559599349,0.021662655959934884,0.46169653990567805,0.2820739667435267,0.2562294933507952,H,0.2472847993497217,0.2820739667435267,1.3972145727825562,1.2655859490201664,0.13162862376238982
2022-23,2022-09-03,Nott'm Forest,Bournemouth,3,2022-23,Independent Poisson,A,H,0.6164445352767153,0.2239725626090137,0.1595829021142708,A,2.21,3.38,3.65,0.45248868778280543,0.2958579881656805,0.273972602739726,1.022319278688212,0.02231927868821204,0.44260995289398813,0.28939881535376144,0.2679912317522503,H,0.1595829021142708,0.2679912317522503,1.8351917293150473,1.316801016348854,0.5183907129661933
2022-23,2022-09-03,Tottenham,Fulham,3,2022-23,Independent Poisson,H,H,0.7233769504272064,0.1795625838550988,0.0970604657176948,H,1.54,4.62,6.24,0.6493506493506493,0.21645021645021645,0.16025641025641024,1.026057276057276,0.026057276057275924,0.6328600405679514,0.2109533468559838,0.15618661257606492,H,0.7233769504272064,0.6328600405679514,0.3238248228039428,0.4575059862332076,-0.13368116342926478
2022-23,2022-09-03,Wolves,Southampton,3,2022-23,Independent Poisson,H,H,0.4619099906006283,0.2762684686635863,0.2618215407357853,H,2.14,3.53,3.68,0.4672897196261682,0.28328611898017,0.2717391304347826,1.0223149690411208,0.022314969041120847,0.4570897754382508,0.2771025834101577,0.26580764115159145,H,0.4619099906006283,0.4570897754382508,0.7723852324211246,0.78287546222047,-0.01049022979934544
2022-23,2022-09-04,Brighton,Leicester,3,2022-23,Independent Poisson,H,H,0.4686672514227107,0.2704454230700551,0.2608873255072341,H,1.94,3.63,4.29,0.5154639175257733,0.27548209366391185,0.2331002331002331,1.0240462442899183,0.024046244289918306,0.5033599999999999,0.26901333333333327,0.22762666666666662,H,0.4686672514227107,0.5033599999999999,0.7578622475790407,0.6864496591122242,0.07141258846681653
2022-23,2022-09-04,Man United,Arsenal,3,2022-23,Independent Poisson,H,A,0.3439990126646928,0.253655628359271,0.4023453589760363,H,2.71,3.56,2.69,0.36900369003690037,0.2808988764044944,0.3717472118959108,1.0216497783373055,0.021649778337305525,0.36118413360539187,0.27494634889623937,0.3638695174983688,A,0.3439990126646928,0.36118413360539187,1.0671164917736344,1.0183673852994923,0.0487491064741421
2022-23,2022-09-16,Aston Villa,Southampton,3,2022-23,Independent Poisson,H,H,0.4051263849813085,0.2590546222772346,0.3358189927414569,H,2.14,3.58,3.64,0.4672897196261682,0.27932960893854747,0.2747252747252747,1.0213446032899904,0.021344603289990438,0.45752405027736814,0.27349203005406925,0.26898391966856255,H,0.4051263849813085,0.45752405027736814,0.9035561988744741,0.7819258267359778,0.12163037213849637
2022-23,2022-09-16,Nott'm Forest,Fulham,3,2022-23,Independent Poisson,A,H,0.4374255104545134,0.2706942345862017,0.2918802549592849,A,2.8,3.49,2.64,0.35714285714285715,0.28653295128939826,0.3787878787878788,1.0224636872201343,0.022463687220134254,0.3492963726798496,0.28023777750818873,0.3704658498119616,A,0.2918802549592849,0.3704658498119616,1.2314116465778877,0.9929940117412774,0.23841763483661027
2022-23,2022-09-17,Newcastle,Bournemouth,3,2022-23,Independent Poisson,D,H,0.7654635242810126,0.1540339959692363,0.0805024797497511,D,1.43,5.01,7.85,0.6993006993006994,0.1996007984031936,0.12738853503184713,1.02629003273574,0.026290032735740043,0.6813870124379964,0.19448771013699295,0.12412527742501078,H,0.1540339959692363,0.19448771013699295,1.8705819478838874,1.6373863048763504,0.23319564300753703
2022-23,2022-09-17,Tottenham,Leicester,3,2022-23,Independent Poisson,H,H,0.6933942993827402,0.1961533120147367,0.110452388602523,H,1.56,4.45,6.38,0.641025641025641,0.2247191011235955,0.15673981191222572,1.0224845540614622,0.022484554061462214,0.6269294127519001,0.21977750199841892,0.15329308524968094,H,0.6933942993827402,0.6269294127519001,0.3661564670186282,0.46692132402980835,-0.10076485701118015
2022-23,2022-09-17,Wolves,Man City,3,2022-23,Independent Poisson,A,A,0.0523883684506092,0.1097732588546353,0.8378383726947555,A,9.25,5.65,1.35,0.10810810810810811,0.17699115044247787,0.7407407407407407,1.0258399992913267,0.025839999291326743,0.10538496079582743,0.17253290041794755,0.722082138786225,A,0.8378383726947555,0.722082138786225,0.17693006978167058,0.325616380928239,-0.14868631114656844
2022-23,2022-09-18,Brentford,Arsenal,3,2022-23,Independent Poisson,A,A,0.2582037213681082,0.2659976737179911,0.4757986049139004,A,4.5,3.85,1.85,0.2222222222222222,0.2597402597402597,0.5405405405405405,1.0225030225030225,0.022503022503022496,0.2173316042413609,0.25402395300938285,0.5286444427492561,A,0.4757986049139004,0.5286444427492561,0.7427606132026973,0.6374392040138604,0.10532140918883681
2022-23,2022-09-18,Everton,West Ham,3,2022-23,Independent Poisson,H,H,0.4106140072094515,0.2825268168134642,0.3068591759770843,H,2.95,3.35,2.6,0.3389830508474576,0.29850746268656714,0.3846153846153846,1.0221058981494093,0.02210589814940933,0.33165159447881964,0.2920514040932889,0.37629700142789146,A,0.4106140072094515,0.33165159447881964,0.8901016609766123,1.1036702753067074,-0.2135686143300951
2022-23,2022-10-01,Arsenal,Tottenham,3,2022-23,Independent Poisson,H,H,0.3955749857247858,0.2517451401284795,0.3526798741467347,H,1.99,3.75,3.84,0.5025125628140703,0.26666666666666666,0.2604166666666667,1.0295958961474037,0.029595896147403655,0.4880677600740236,0.2590012913459485,0.2529309485800279,H,0.3955749857247858,0.4880677600740236,0.9274149124643416,0.7173010301574173,0.2101138823069243
2022-23,2022-10-01,Bournemouth,Brentford,3,2022-23,Independent Poisson,D,A,0.3092536755578496,0.2565988311574164,0.434147493284734,D,3.3,3.53,2.27,0.30303030303030304,0.28328611898017,0.44052863436123346,1.0268450563717066,0.026845056371706644,0.29510810920300073,0.27588010208779107,0.4290117887092081,A,0.2565988311574164,0.27588010208779107,1.3602413819262664,1.2877889203749253,0.07245246155134111
2022-23,2022-10-01,Crystal Palace,Chelsea,3,2022-23,Independent Poisson,A,A,0.2961564059091743,0.2629628516762505,0.440880742414575,A,4.83,3.78,1.79,0.20703933747412007,0.2645502645502646,0.5586592178770949,1.0302488199014797,0.03024881990147965,0.20096051892970745,0.2567828852990707,0.5422565957712218,A,0.440880742414575,0.5422565957712218,0.8189808654705987,0.6120159656401002,0.20696489983049848
2022-23,2022-10-01,Fulham,Newcastle,3,2022-23,Independent Poisson,A,A,0.2943733830924846,0.2651692719936925,0.4404573449138229,A,2.95,3.42,2.51,0.3389830508474576,0.29239766081871343,0.39840637450199207,1.029787086168163,0.029787086168163057,0.3291778032571891,0.28393991801424207,0.3868822787285689,A,0.4404573449138229,0.3868822787285689,0.8199416716343425,0.9496348215591779,-0.12969314992483538
2022-23,2022-10-01,Liverpool,Brighton,3,2022-23,Independent Poisson,D,H,0.6018069306447782,0.2304521030349084,0.1677409663203133,D,1.49,4.76,6.85,0.6711409395973155,0.21008403361344538,0.14598540145985403,1.027210374670615,0.027210374670614934,0.653362695847502,0.20451899512873484,0.1421183090237632,H,0.2304521030349084,0.20451899512873484,1.4677122340820006,1.5870944220978067,-0.11938218801580613
2022-23,2022-10-01,Southampton,Everton,3,2022-23,Independent Poisson,A,A,0.3588489247380588,0.2585183639684232,0.3826327112935178,A,2.38,3.32,3.23,0.42016806722689076,0.30120481927710846,0.30959752321981426,1.0309704097238135,0.030970409723813486,0.4075461945987854,0.292156609381057,0.30029719602015764,H,0.3826327112935178,0.30029719602015764,0.9606797282613146,1.2029826412986573,-0.24230291303734264
2022-23,2022-10-01,West Ham,Wolves,3,2022-23,Independent Poisson,H,H,0.4906201659161934,0.2537667721717448,0.2556130619120617,H,2.07,3.36,4.01,0.48309178743961356,0.2976190476190476,0.24937655860349128,1.0300873936621524,0.030087393662152406,0.46898136062235685,0.28892601681198765,0.24209262256565553,H,0.4906201659161934,0.46898136062235685,0.712085043403674,0.7571922541350977,-0.045107210731423764
2022-23,2022-10-02,Leeds,Aston Villa,3,2022-23,Independent Poisson,D,H,0.4786646436088226,0.2573372615297716,0.2639980948614058,D,2.45,3.49,3.06,0.4081632653061224,0.28653295128939826,0.32679738562091504,1.0214936022164356,0.021493602216435592,0.3995749600589668,0.28050391178924605,0.3199211281517872,H,0.2573372615297716,0.28050391178924605,1.357367752729914,1.2711676083439143,0.08620014438599966
2022-23,2022-10-02,Man City,Man United,3,2022-23,Independent Poisson,H,H,0.8138171665722653,0.1219102429668801,0.0642725904608546,H,1.43,5.6,6.7,0.6993006993006994,0.17857142857142858,0.14925373134328357,1.0271258592154116,0.027125859215411552,0.6808325318913426,0.17385545010796782,0.14531201800068952,H,0.8138171665722653,0.6808325318913426,0.20601954929902874,0.3844389180653604,-0.17841936876633166
2022-23,2022-10-03,Leicester,Nott'm Forest,3,2022-23,Independent Poisson,H,H,0.5539285960814987,0.2510168446356964,0.1950545592828048,H,1.74,4.15,4.75,0.5747126436781609,0.24096385542168672,0.21052631578947367,1.0262028148893214,0.026202814889321413,0.5600380698041109,0.23481114252027782,0.20515078767561115,H,0.5539285960814987,0.5600380698041109,0.5907194884811505,0.5797505157705444,0.01096897271060615
2022-23,2022-10-08,Bournemouth,Leicester,3,2022-23,Independent Poisson,H,A,0.3365115573480194,0.276099924209324,0.3873885184426565,H,3.45,3.54,2.22,0.2898550724637681,0.2824858757062147,0.4504504504504504,1.0227913986204333,0.022791398620433334,0.2833960794495651,0.27619109437881345,0.44041282617162136,A,0.3365115573480194,0.2833960794495651,1.0891227847278122,1.260909785803022,-0.17178700107520983
2022-23,2022-10-08,Brighton,Tottenham,3,2022-23,Independent Poisson,A,A,0.2728303336013746,0.2544881929617704,0.4726814734368547,A,2.58,3.4,2.94,0.38759689922480617,0.29411764705882354,0.3401360544217687,1.0218506007053985,0.02185060070539846,0.37930877464596324,0.28782842311370155,0.3328628022403351,H,0.4726814734368547,0.3328628022403351,0.7493335350188068,1.100024879183469,-0.3506913441646622
2022-23,2022-10-08,Chelsea,Wolves,3,2022-23,Independent Poisson,H,H,0.691693761192359,0.1916260435979045,0.1166801952097364,H,1.53,4.36,7.03,0.6535947712418301,0.2293577981651376,0.14224751066856328,1.025200080075531,0.025200080075530984,0.6375289896521242,0.22372003535957566,0.13875097498830014,H,0.691693761192359,0.6375289896521242,0.36861196294445253,0.45015552901934874,-0.08154356607489621
2022-23,2022-10-08,Man City,Southampton,3,2022-23,Independent Poisson,H,H,0.8715331886881494,0.0903993801828678,0.0380674311289826,H,1.13,11.0,21.0,0.8849557522123894,0.09090909090909091,0.047619047619047616,1.023483890740528,0.023483890740527924,0.864650396765983,0.0888231771223237,0.046526426111693366,H,0.8715331886881494,0.864650396765983,0.1375013324888252,0.14543001933564162,-0.007928686846816413
2022-23,2022-10-08,Newcastle,Brentford,3,2022-23,Independent Poisson,H,H,0.4540362821749675,0.2695819785834945,0.2763817392415378,H,1.69,4.05,5.35,0.591715976331361,0.2469135802469136,0.1869158878504673,1.025545444428742,0.02554544442874196,0.5769768463658513,0.24076317786624413,0.18225997576790445,H,0.4540362821749675,0.5769768463658513,0.7895781674490068,0.5499531408946807,0.23962502655432605
2022-23,2022-10-09,Arsenal,Liverpool,3,2022-23,Independent Poisson,H,A,0.2571042989498455,0.2301243528452603,0.5127713482048942,H,2.58,3.84,2.67,0.38759689922480617,0.2604166666666667,0.37453183520599254,1.0225454010974655,0.0225454010974655,0.3790510414587076,0.2546749184800692,0.3662740400612231,H,0.2571042989498455,0.3790510414587076,1.3582734439249775,0.9700844089339149,0.3881890349910626
2022-23,2022-10-09,Crystal Palace,Leeds,3,2022-23,Independent Poisson,H,H,0.4019732251289832,0.2542403622146038,0.3437864126564129,H,2.09,3.62,3.73,0.47846889952153115,0.27624309392265195,0.2680965147453083,1.0228085081894913,0.022808508189491317,0.4677990999199699,0.2700829057548997,0.26211799432513055,H,0.4019732251289832,0.4677990999199699,0.9113697967380295,0.7597163489040892,0.1516534478339403
2022-23,2022-10-09,Everton,Man United,3,2022-23,Independent Poisson,A,A,0.3209572091165701,0.2460418760704573,0.4330009148129725,A,3.65,3.68,2.09,0.273972602739726,0.2717391304347826,0.47846889952153115,1.0241806326960399,0.024180632696039872,0.26750418236139073,0.2653234417443142,0.46717237589429494,A,0.4330009148129725,0.46717237589429494,0.8370154382498409,0.7610569761547671,0.07595846209507384
2022-23,2022-10-09,West Ham,Fulham,3,2022-23,Independent Poisson,H,H,0.5225423356878831,0.2521868427001133,0.2252708216120034,H,1.63,4.11,5.89,0.6134969325153374,0.24330900243309,0.16977928692699493,1.0265852218754223,0.026585221875422338,0.5976093552121932,0.2370080897800182,0.16538255500778862,H,0.5225423356878831,0.5976093552121932,0.6490492731855708,0.5148179906471846,0.13423128253838623
2022-23,2022-10-10,Nott'm Forest,Aston Villa,3,2022-23,Independent Poisson,D,A,0.366545534432078,0.2596276914020484,0.3738267741658734,D,3.79,3.64,2.03,0.2638522427440633,0.2747252747252747,0.4926108374384237,1.0311883549077616,0.031188354907761617,0.25587201551327116,0.26641619197673005,0.4777117925099989,A,0.2596276914020484,0.26641619197673005,1.3485066303415727,1.3226955614695433,0.02581106887202944
2022-23,2022-10-14,Brentford,Brighton,3,2022-23,Independent Poisson,H,A,0.3108868293452682,0.245776218632105,0.4433369520226268,H,3.35,3.53,2.27,0.29850746268656714,0.28328611898017,0.44052863436123346,1.0223222160279706,0.022322216027970576,0.291989607588064,0.2771006190991543,0.43090977331278174,A,0.3108868293452682,0.291989607588064,1.1683263258084353,1.231037067799046,-0.06271074199061077
2022-23,2022-10-15,Fulham,Bournemouth,3,2022-23,Independent Poisson,D,H,0.3665079692545445,0.2674650790993719,0.3660269516460834,D,1.98,3.69,4.03,0.5050505050505051,0.2710027100271003,0.24813895781637715,1.0241921728939825,0.024192172893982455,0.4931208404214045,0.26460142656758295,0.2422777330110126,H,0.2674650790993719,0.26460142656758295,1.31876626659078,1.3295306359039372,-0.010764369313157163
2022-23,2022-10-15,Leicester,Crystal Palace,3,2022-23,Independent Poisson,D,H,0.3764823445902737,0.2555947644091016,0.3679228910006246,D,2.49,3.54,2.96,0.4016064257028112,0.2824858757062147,0.33783783783783783,1.0219301392468636,0.0219301392468636,0.3929881410472783,0.27642386192308566,0.3305879970296362,H,0.2555947644091016,0.27642386192308566,1.364162040221014,1.2858198596894486,0.07834218053156539
2022-23,2022-10-15,Tottenham,Everton,3,2022-23,Independent Poisson,H,H,0.6719197850895169,0.1876025904521847,0.1404776244582984,H,1.5,4.7,6.9,0.6666666666666666,0.2127659574468085,0.14492753623188406,1.0243601603453591,0.02436016034535915,0.6508127633955448,0.20770620108368454,0.14148103552077063,H,0.6719197850895169,0.6508127633955448,0.39761631301015987,0.42953329197408663,-0.031916978963926756
2022-23,2022-10-15,Wolves,Nott'm Forest,3,2022-23,Independent Poisson,H,H,0.5288323254400986,0.2598703912687093,0.211297283291192,H,1.76,3.91,5.02,0.5681818181818182,0.2557544757033248,0.19920318725099603,1.0231394811361392,0.023139481136139173,0.5553317300891215,0.24997029282783984,0.1946979770830386,H,0.5288323254400986,0.5553317300891215,0.637083862509496,0.5881896319220051,0.04889423058749087
2022-23,2022-10-16,Aston Villa,Chelsea,3,2022-23,Independent Poisson,A,A,0.1787218076153195,0.216222634204561,0.6050555581801194,A,3.97,3.49,2.07,0.2518891687657431,0.28653295128939826,0.48309178743961356,1.021513907494755,0.021513907494755014,0.24658417953750317,0.28049833603549784,0.4729174844269989,A,0.6050555581801194,0.4729174844269989,0.5024349934648916,0.7488343572371855,-0.24639936377229388
2022-23,2022-10-16,Leeds,Arsenal,3,2022-23,Independent Poisson,A,A,0.1825363030778717,0.2154545003933679,0.6020091965287603,A,4.97,4.22,1.7,0.2012072434607646,0.23696682464454977,0.5882352941176471,1.0264093622229615,0.02640936222296153,0.19603021062180978,0.23086970303089918,0.5731000863472909,A,0.6020091965287603,0.5731000863472909,0.5074825571641548,0.5566949067573986,-0.04921234959324383
2022-23,2022-10-16,Liverpool,Man City,3,2022-23,Independent Poisson,H,A,0.2267471068160763,0.2399610574151744,0.5332918357687491,H,3.81,4.25,1.9,0.26246719160104987,0.23529411764705882,0.5263157894736842,1.0240770987217929,0.024077098721792867,0.25629631980702394,0.22976211257994383,0.5139415676130322,A,0.2267471068160763,0.25629631980702394,1.483919949424075,1.3614210046421473,0.12249894478192758
2022-23,2022-10-16,Man United,Newcastle,3,2022-23,Independent Poisson,D,H,0.4445990428598534,0.2522263615065632,0.3031745956335832,D,2.08,3.68,3.71,0.4807692307692307,0.2717391304347826,0.2695417789757412,1.0220501401797546,0.022050140179754596,0.47039691289966923,0.26587651598676953,0.2637265711135612,H,0.2522263615065632,0.26587651598676953,1.3774283347180696,1.3247233036001558,0.0527050311179138
2022-23,2022-10-16,Southampton,West Ham,3,2022-23,Independent Poisson,D,A,0.2644856716800651,0.2343857755900383,0.5011285527298965,D,3.01,3.37,2.54,0.33222591362126247,0.29673590504451036,0.39370078740157477,1.0226626060673476,0.0226626060673476,0.3248636565473322,0.29016012053634116,0.38497622291632666,A,0.2343857755900383,0.29016012053634116,1.4507869074634887,1.2373223685942143,0.2134645388692744
2022-23,2022-10-18,Brighton,Nott'm Forest,3,2022-23,Independent Poisson,D,A,0.2912466509803952,0.2532761191799391,0.4554772298396654,D,1.41,5.08,8.53,0.7092198581560284,0.19685039370078738,0.1172332942555686,1.0233035461123843,0.023303546112384277,0.6930688951977289,0.19236754768283418,0.11456355711943703,H,0.2532761191799391,0.19236754768283418,1.3732750052191156,1.648347426064239,-0.2750724208451234
2022-23,2022-10-18,Crystal Palace,Wolves,3,2022-23,Independent Poisson,H,H,0.5892428774645381,0.2427826987967447,0.167974423738717,H,2.13,3.39,3.89,0.4694835680751174,0.2949852507374631,0.2570694087403599,1.0215382275529405,0.021538227552940548,0.4595849234147106,0.2887657483402164,0.25164932824507286,H,0.5892428774645381,0.4595849234147106,0.5289168246983683,0.7774315372559673,-0.24851471255759894
2022-23,2022-10-19,Bournemouth,Southampton,3,2022-23,Independent Poisson,A,H,0.4129617073091114,0.28048427041973,0.3065540222711583,A,2.71,3.3,2.86,0.36900369003690037,0.30303030303030304,0.3496503496503497,1.021684342717553,0.02168434271755304,0.36117191446371444,0.2965987539989897,0.3422293315372959,H,0.3065540222711583,0.3422293315372959,1.1823612837661974,1.0722742065938944,0.11008707717230304
2022-23,2022-10-19,Brentford,Chelsea,3,2022-23,Independent Poisson,D,A,0.1905773845417233,0.2249356075726833,0.5844870078855933,D,4.49,3.72,1.88,0.22271714922048996,0.26881720430107525,0.5319148936170213,1.0234492471385865,0.023449247138586538,0.21761425868764311,0.26265807029771976,0.519727671014637,A,0.2249356075726833,0.26265807029771976,1.4919411063033314,1.3369022056208621,0.15503890068246928
2022-23,2022-10-19,Liverpool,West Ham,3,2022-23,Independent Poisson,H,H,0.7721041161306672,0.1499676142185001,0.0779282696508326,H,1.44,5.05,7.4,0.6944444444444444,0.19801980198019803,0.13513513513513511,1.0275993815597775,0.02759938155977748,0.6757929762378386,0.1927013635212847,0.1315056602408767,H,0.7721041161306672,0.6757929762378386,0.25863587259665655,0.3918684980115975,-0.13323262541494096
2022-23,2022-10-19,Man United,Tottenham,3,2022-23,Independent Poisson,H,H,0.4560942310159012,0.2570383357306203,0.2868674332534786,H,2.43,3.55,3.05,0.4115226337448559,0.28169014084507044,0.3278688524590164,1.0210816270489427,0.021081627048942675,0.4030261860006328,0.2758742625300106,0.32109955146935665,H,0.4560942310159012,0.4030261860006328,0.7850558438515983,0.9087537414773474,-0.12369789762574912
2022-23,2022-10-19,Newcastle,Everton,3,2022-23,Independent Poisson,H,H,0.6834068173507665,0.1925181844799446,0.1240749981692888,H,1.66,4.06,5.74,0.6024096385542169,0.24630541871921185,0.17421602787456444,1.0229310851479931,0.022931085147993135,0.5889053987122338,0.2407839807542631,0.17031062053350313,H,0.6834068173507665,0.5889053987122338,0.38066496371305714,0.5294897216220557,-0.14882475790899852
2022-23,2022-10-20,Fulham,Aston Villa,3,2022-23,Independent Poisson,H,H,0.4288685678667996,0.2469159951746978,0.3242154369585027,H,3.03,3.47,2.47,0.33003300330033003,0.2881844380403458,0.4048582995951417,1.0230757409358175,0.023075740935817546,0.32258902258638794,0.2816843626618892,0.3957266147517229,A,0.4288685678667996,0.32258902258638794,0.8466047756034287,1.131376141810513,-0.2847713662070843
2022-23,2022-10-20,Leicester,Leeds,3,2022-23,Independent Poisson,H,H,0.4345185575231951,0.2506560999970452,0.3148253424797596,H,2.37,3.64,3.05,0.42194092827004215,0.2747252747252747,0.3278688524590164,1.0245350554543333,0.02453505545433332,0.4118364969785549,0.268146290615158,0.320017212406287,H,0.4345185575231951,0.4118364969785549,0.8335166251238482,0.8871288603930018,-0.053612235269153596
2022-23,2022-10-22,Chelsea,Man United,3,2022-23,Independent Poisson,D,H,0.3818886532539639,0.23837596906718,0.3797353776788559,D,2.17,3.65,3.62,0.4608294930875576,0.273972602739726,0.27624309392265195,1.0110451897499355,0.011045189749935513,0.45579514917778874,0.27097958183994564,0.2732252689822657,H,0.23837596906718,0.27097958183994564,1.433906149764395,1.3057118047049583,0.12819434505943672
2022-23,2022-10-22,Everton,Crystal Palace,3,2022-23,Independent Poisson,H,A,0.2911504378309835,0.2454569568618922,0.4633926053071242,H,2.54,3.18,3.18,0.39370078740157477,0.31446540880503143,0.31446540880503143,1.0226316050116375,0.022631605011637523,0.38498789346246975,0.3075060532687652,0.3075060532687652,H,0.2911504378309835,0.38498789346246975,1.2339151769014662,0.9545433907408012,0.27937178616066505
2022-23,2022-10-22,Man City,Brighton,3,2022-23,Independent Poisson,H,H,0.8291256638182973,0.1145890632924818,0.0562852728892208,H,1.23,7.25,14.0,0.8130081300813008,0.13793103448275862,0.07142857142857142,1.0223677359926309,0.022367735992630866,0.7952208402702967,0.1349133287630986,0.06986583096660463,H,0.8291256638182973,0.7952208402702967,0.18738355051162386,0.22913541639981436,-0.04175186588819049
2022-23,2022-10-22,Nott'm Forest,Liverpool,3,2022-23,Independent Poisson,H,A,0.1504781495365768,0.2050855146995699,0.6444363357638532,H,9.5,5.5,1.36,0.10526315789473684,0.18181818181818182,0.7352941176470588,1.0223754573599775,0.02237545735997748,0.10295939435650378,0.17783895388850654,0.7192016517549896,A,0.1504781495365768,0.10295939435650378,1.8939373911371622,2.2734205980299063,-0.37948320689274406
2022-23,2022-10-23,Aston Villa,Brentford,3,2022-23,Independent Poisson,H,H,0.3987359824822249,0.2815868201508035,0.3196771973669715,H,2.08,3.57,3.81,0.4807692307692307,0.2801120448179272,0.26246719160104987,1.0233484671882078,0.023348467188207822,0.46980011812614625,0.2737210772275586,0.2564788046462951,H,0.3987359824822249,0.46980011812614625,0.9194557791505794,0.7554479553181348,0.1640078238324446
2022-23,2022-10-23,Leeds,Fulham,3,2022-23,Independent Poisson,A,H,0.471475859069111,0.283914331665892,0.2446098092649969,A,2.1,3.81,3.51,0.47619047619047616,0.26246719160104987,0.2849002849002849,1.0235579526918108,0.023557952691810824,0.4652305958232882,0.2564263126585053,0.27834309151820663,H,0.2446098092649969,0.27834309151820663,1.4080909532421058,1.2789007840671056,0.12919016917500015
2022-23,2022-10-23,Southampton,Arsenal,3,2022-23,Independent Poisson,D,A,0.1505879598877176,0.1965903197392579,0.6528217203730243,D,7.07,4.79,1.48,0.14144271570014144,0.20876826722338204,0.6756756756756757,1.025886658599199,0.02588665859919903,0.13787362815817777,0.20350032381593255,0.6586260480258898,A,0.1965903197392579,0.20350032381593255,1.626633310837077,1.5920876828676696,0.03454562796940741
2022-23,2022-10-23,Tottenham,Newcastle,3,2022-23,Independent Poisson,A,H,0.5051185099730544,0.2332066310218552,0.2616748590050906,A,2.25,3.52,3.41,0.4444444444444444,0.2840909090909091,0.29325513196480935,1.021790485500163,0.021790485500162937,0.43496631721608797,0.2780324470841472,0.28700123569976477,H,0.2616748590050906,0.28700123569976477,1.3406525420582236,1.2482687576576916,0.09238378440053197
2022-23,2022-10-23,Wolves,Leicester,3,2022-23,Independent Poisson,A,H,0.3626432044763756,0.2748686473696995,0.3624881481539247,A,2.41,3.43,3.18,0.41493775933609955,0.29154518950437314,0.31446540880503143,1.020948357645504,0.020948357645504068,0.40642384722869124,0.2855631113181183,0.30801304145319053,H,0.3624881481539247,0.30801304145319053,1.0147634999696864,1.1776131545244872,-0.16284965455480083
2022-23,2022-10-24,West Ham,Bournemouth,3,2022-23,Independent Poisson,H,H,0.4449524081276776,0.2573050591051602,0.2977425327671621,H,1.62,4.08,6.12,0.6172839506172839,0.24509803921568626,0.16339869281045752,1.0257806826434277,0.0257806826434277,0.6017699115044247,0.23893805309734514,0.1592920353982301,H,0.4449524081276776,0.6017699115044247,0.8097879505629357,0.507880113536234,0.30190783702670176
2022-23,2022-10-29,Bournemouth,Tottenham,3,2022-23,Independent Poisson,A,A,0.1494766808425169,0.2046047544277234,0.6459185647297596,A,5.18,3.79,1.75,0.19305019305019305,0.2638522427440633,0.5714285714285714,1.0283310072228278,0.028331007222827775,0.18773156862356602,0.2565829882506786,0.5556854431257554,A,0.6459185647297596,0.5556854431257554,0.4370818439357102,0.5875528946021652,-0.150471050666455
2022-23,2022-10-29,Brentford,Wolves,3,2022-23,Independent Poisson,D,H,0.6019964978279573,0.2334463123907391,0.1645571897813035,D,2.2,3.55,3.49,0.45454545454545453,0.28169014084507044,0.28653295128939826,1.0227685466799232,0.02276854667992323,0.4444265088332885,0.27541924491077036,0.28015424625594115,H,0.2334463123907391,0.27541924491077036,1.4548031538315702,1.2894608152787739,0.16534233855279634
2022-23,2022-10-29,Brighton,Chelsea,3,2022-23,Independent Poisson,H,A,0.3170727191354348,0.2623365927865895,0.4205906880779757,H,3.17,3.37,2.44,0.31545741324921134,0.29673590504451036,0.4098360655737705,1.0220293838674923,0.022029383867492314,0.3086578705354629,0.2903398960229725,0.4010022334415645,A,0.3170727191354348,0.3086578705354629,1.1486241335089526,1.1755218305954453,-0.0268976970864927
2022-23,2022-10-29,Crystal Palace,Southampton,3,2022-23,Independent Poisson,H,H,0.5191902624883455,0.2529877063358837,0.2278220311757708,H,2.08,3.47,3.94,0.4807692307692307,0.2881844380403458,0.25380710659898476,1.0227607754085613,0.02276077540856125,0.470070071446745,0.2817711091092881,0.24815881944396692,H,0.5191902624883455,0.470070071446745,0.6554848686056781,0.7548735072060079,-0.09938863860032976
2022-23,2022-10-29,Fulham,Everton,3,2022-23,Independent Poisson,D,A,0.3581375307958258,0.2550428786659212,0.3868195905382531,D,2.33,3.49,3.27,0.4291845493562232,0.28653295128939826,0.3058103975535168,1.0215278981991383,0.02152789819913825,0.4201398220379854,0.2804944943691994,0.29936568359281523,H,0.2550428786659212,0.2804944943691994,1.3663235963285483,1.271201182129309,0.09512241419923928
2022-23,2022-10-29,Leicester,Man City,3,2022-23,Independent Poisson,A,A,0.0619841816434513,0.1219616611541334,0.8160541572024154,A,7.75,5.2,1.42,0.12903225806451613,0.1923076923076923,0.7042253521126761,1.0255653024848845,0.025565302484884533,0.12581574059874934,0.18751384416159755,0.6866704152396531,A,0.8160541572024154,0.6866704152396531,0.20327455709975562,0.3759008467946473,-0.1726262896948917
2022-23,2022-10-29,Liverpool,Leeds,3,2022-23,Independent Poisson,A,H,0.8184927520212472,0.1251695226903325,0.0563377252884201,A,1.23,7.5,12.0,0.8130081300813008,0.13333333333333333,0.08333333333333333,1.0296747967479674,0.029674796747967358,0.7895775759968418,0.12949072246348206,0.08093170153967628,H,0.0563377252884201,0.08093170153967628,2.8763908920664196,2.514149670863267,0.3622412212031527
2022-23,2022-10-29,Newcastle,Aston Villa,3,2022-23,Independent Poisson,H,H,0.6265423121262053,0.2115543856172118,0.1619033022565827,H,1.78,3.89,4.92,0.5617977528089888,0.2570694087403599,0.2032520325203252,1.0221191940696739,0.022119194069673886,0.5496401555401114,0.25150629225228743,0.19885355220760123,H,0.6265423121262053,0.5496401555401114,0.46753896961417696,0.5984914775331742,-0.13095250791899726
2022-23,2022-10-30,Arsenal,Nott'm Forest,3,2022-23,Independent Poisson,H,H,0.7572017020484711,0.1646390055360691,0.0781592924154597,H,1.22,7.25,13.5,0.819672131147541,0.13793103448275862,0.07407407407407407,1.0316772397043739,0.03167723970437386,0.7945044240603943,0.1336959168763698,0.07179965906323564,H,0.7572017020484711,0.7945044240603943,0.27812561183059553,0.23003672466291578,0.048088887167679756
2022-23,2022-10-30,Man United,West Ham,3,2022-23,Independent Poisson,H,H,0.5569141609896735,0.2332233050108988,0.2098625339994278,H,1.73,3.97,5.12,0.5780346820809249,0.2518891687657431,0.1953125,1.025236350846668,0.025236350846667976,0.5638062692603205,0.24568887804039152,0.19050485269928796,H,0.5569141609896735,0.5638062692603205,0.5853441604647472,0.5730445807110203,0.012299579753726975
2022-23,2022-11-05,Everton,Leicester,3,2022-23,Independent Poisson,A,H,0.4213262519679999,0.2598921236490082,0.3187816243829922,A,2.56,3.4,2.96,0.390625,0.29411764705882354,0.33783783783783783,1.0225804848966615,0.022580484896661535,0.3819992712255556,0.2876229806874772,0.330377748086967,H,0.3187816243829922,0.330377748086967,1.143248973680296,1.1075185880083833,0.03573038567191267
2022-23,2022-11-05,Leeds,Bournemouth,3,2022-23,Independent Poisson,H,H,0.4629200470313241,0.2567348349851406,0.2803451179835351,H,1.65,4.22,5.52,0.6060606060606061,0.23696682464454977,0.1811594202898551,1.024186850995011,0.024186850995010944,0.5917480833422244,0.23137069609352376,0.17688122056425187,H,0.4629200470313241,0.5917480833422244,0.770200924405177,0.5246742695586895,0.2455266548464875
2022-23,2022-11-05,Man City,Fulham,3,2022-23,Independent Poisson,H,H,0.9041283524039748,0.0688869891392493,0.0269846584567758,H,1.18,8.5,16.0,0.8474576271186441,0.11764705882352941,0.0625,1.0276046859421735,0.027604685942173468,0.8246922563822692,0.11448668970953854,0.06082105390819235,H,0.9041283524039748,0.8246922563822692,0.10078394592079715,0.1927449848046266,-0.09196103888382945
2022-23,2022-11-05,Nott'm Forest,Brentford,3,2022-23,Independent Poisson,D,A,0.3555680836123904,0.2622845705998393,0.3821473457877701,D,2.7,3.24,2.92,0.37037037037037035,0.30864197530864196,0.3424657534246575,1.0214780991036698,0.021478099103669823,0.36258278145695366,0.3021523178807947,0.3352649006622517,H,0.2622845705998393,0.3021523178807947,1.3383252173246505,1.1968240249122688,0.14150119241238168
2022-23,2022-11-05,Wolves,Brighton,3,2022-23,Independent Poisson,A,A,0.2691741138319933,0.2434863696956918,0.4873395164723149,A,3.64,3.33,2.24,0.2747252747252747,0.3003003003003003,0.4464285714285714,1.0214541464541464,0.02145414645414645,0.26895507319535583,0.2939929328621908,0.43705199394245325,A,0.4873395164723149,0.43705199394245325,0.7187942397213226,0.8277031116906709,-0.10890887196934829
2022-23,2022-11-06,Aston Villa,Man United,3,2022-23,Independent Poisson,H,A,0.2446963307055673,0.222854923837382,0.5324487454570505,H,3.18,3.57,2.34,0.31446540880503143,0.2801120448179272,0.4273504273504274,1.021927880973386,0.02192788097338605,0.30771780930911014,0.2741015780400477,0.41818061265084205,A,0.2446963307055673,0.30771780930911014,1.4077373037192227,1.1785721195214167,0.22916518419780596
2022-23,2022-11-06,Chelsea,Arsenal,3,2022-23,Independent Poisson,A,A,0.3364998020359063,0.2507630723322474,0.4127371256318464,A,2.71,3.48,2.69,0.36900369003690037,0.28735632183908044,0.3717472118959108,1.0281072237718916,0.028107223771891565,0.3589155698012798,0.27950034314984723,0.361584087048873,A,0.4127371256318464,0.361584087048873,0.884944388353782,1.0172606584875623,-0.13231627013378033
2022-23,2022-11-06,Southampton,Newcastle,3,2022-23,Independent Poisson,A,A,0.2039583874747944,0.2382487670336664,0.5577928454915391,A,4.49,3.8,1.85,0.22271714922048996,0.2631578947368421,0.5405405405405405,1.0264155844978724,0.026415584497872402,0.21698535426022814,0.2563853264811643,0.5266293192586077,A,0.5577928454915391,0.5266293192586077,0.5837676301679959,0.6412583569437778,-0.05749072677578182
2022-23,2022-11-06,Tottenham,Liverpool,3,2022-23,Independent Poisson,A,H,0.4239181441126122,0.2352077700864901,0.3408740858008978,A,3.59,3.89,2.05,0.2785515320334262,0.2570694087403599,0.48780487804878053,1.0234258188225667,0.02342581882256667,0.2721755958374148,0.25118518998877093,0.4766392141738142,A,0.3408740858008978,0.4766392141738142,1.0762421197388725,0.7409954386971614,0.33524668104171107
2022-23,2022-11-06,West Ham,Crystal Palace,3,2022-23,Independent Poisson,A,H,0.4427384804199867,0.2498880945643001,0.3073734250157129,A,1.89,3.59,4.6,0.5291005291005292,0.2785515320334262,0.2173913043478261,1.0250433654817814,0.025043365481781432,0.5161737999756197,0.27174609525178867,0.2120801047725916,H,0.3073734250157129,0.2120801047725916,1.1796919024419485,1.5507912229775753,-0.3710993205356268
2022-23,2022-11-12,Bournemouth,Everton,3,2022-23,Independent Poisson,H,A,0.2979868998349593,0.2649657793186979,0.4370473208463426,H,2.88,3.26,2.73,0.3472222222222222,0.3067484662576687,0.3663003663003663,1.0202710547802571,0.020271054780257147,0.3403235057932775,0.30065389468853965,0.3590225995181829,A,0.2979868998349593,0.3403235057932775,1.2107057537283858,1.077858626122064,0.1328471276063219
2022-23,2022-11-12,Liverpool,Southampton,3,2022-23,Independent Poisson,H,H,0.7803505438136932,0.1533810285360328,0.0662684276502739,H,1.28,6.66,9.77,0.78125,0.15015015015015015,0.1023541453428864,1.0337542954930365,0.033754295493036546,0.7557405114601167,0.14524742562596837,0.09901206291391498,H,0.7803505438136932,0.7557405114601167,0.24801204510947925,0.2800572005318965,-0.03204515542241723
2022-23,2022-11-12,Man City,Brentford,3,2022-23,Independent Poisson,A,H,0.8577695282752185,0.0960193651355117,0.0462111065892697,A,1.15,9.0,19.5,0.8695652173913044,0.1111111111111111,0.05128205128205128,1.031958379784467,0.03195837978446692,0.8426359380626575,0.10767014764133954,0.049693914296002874,H,0.0462111065892697,0.049693914296002874,3.074535107421317,3.001872802149595,0.07266230527172235
2022-23,2022-11-12,Newcastle,Chelsea,3,2022-23,Independent Poisson,H,H,0.4632919338725133,0.2433031317421057,0.2934049343853808,H,2.17,3.46,3.67,0.4608294930875576,0.28901734104046245,0.2724795640326976,1.0223263981607176,0.022326398160717575,0.4507655225538954,0.28270554449189395,0.26652893295421065,H,0.4632919338725133,0.4507655225538954,0.7693978968718672,0.7968079803227256,-0.02741008345085838
2022-23,2022-11-12,Nott'm Forest,Crystal Palace,3,2022-23,Independent Poisson,H,A,0.3325442011051484,0.2660164814701501,0.4014393174247014,H,3.34,3.2,2.44,0.29940119760479045,0.3125,0.4098360655737705,1.021737263178561,0.02173726317856106,0.2930314948809559,0.30585162278199773,0.40111688233704623,A,0.3325442011051484,0.2930314948809559,1.1009824920668079,1.227475184680537,-0.12649269261372909
2022-23,2022-11-12,Tottenham,Leeds,3,2022-23,Independent Poisson,H,H,0.6727419519954327,0.1852725240233484,0.1419855239812186,H,1.65,4.42,5.24,0.6060606060606061,0.22624434389140272,0.19083969465648853,1.0231446446084973,0.0231446446084973,0.5923508560146088,0.22112645077468426,0.18652269321070694,H,0.6727419519954327,0.5923508560146088,0.3963934522925595,0.5236561574661663,-0.12726270517360683
2022-23,2022-11-12,West Ham,Leicester,3,2022-23,Independent Poisson,A,A,0.3572184960553075,0.2475401749445892,0.3952413290001032,A,1.99,3.68,4.03,0.5025125628140703,0.2717391304347826,0.24813895781637715,1.02239065106523,0.022390651065230083,0.4915073922971634,0.2657879648563465,0.2427046428464901,H,0.3952413290001032,0.2427046428464901,0.9282587411468515,1.4159100364511392,-0.48765129530428775
2022-23,2022-11-12,Wolves,Arsenal,3,2022-23,Independent Poisson,A,A,0.1165646442161505,0.176212215550468,0.7072231402333815,A,6.54,4.22,1.57,0.1529051987767584,0.23696682464454977,0.6369426751592356,1.0268146985805437,0.02681469858054375,0.14891216398453655,0.2307785669333813,0.6203092690820822,A,0.7072231402333815,0.6203092690820822,0.34640904727577787,0.4775371042127551,-0.1311280569369772
2022-23,2022-11-13,Brighton,Aston Villa,3,2022-23,Independent Poisson,A,H,0.5544004422597827,0.2408544361193164,0.2047451216209009,A,1.76,3.85,5.05,0.5681818181818182,0.2597402597402597,0.19801980198019803,1.025941879902276,0.02594187990227592,0.5538148206172646,0.25317248942503523,0.19301268995770016,H,0.2047451216209009,0.19301268995770016,1.5859893825601485,1.644999341162592,-0.05900995860244351
2022-23,2022-11-13,Fulham,Man United,3,2022-23,Independent Poisson,A,A,0.2742419761725573,0.2334959316319448,0.4922620921954977,A,4.29,3.9,1.87,0.2331002331002331,0.25641025641025644,0.53475935828877,1.0242698477992596,0.02426984779925956,0.22757697456492637,0.25033467202141907,0.5220883534136546,A,0.4922620921954977,0.5220883534136546,0.7087439966137872,0.6499184460091253,0.05882555060466188
2022-23,2022-12-26,Arsenal,West Ham,3,2022-23,Independent Poisson,H,H,0.6978373029309042,0.18847356852708,0.1136891285420158,H,1.57,4.3,6.43,0.6369426751592356,0.23255813953488372,0.15552099533437014,1.0250218100284894,0.025021810028489355,0.6213942658854571,0.22688116219538784,0.15172457191915517,H,0.6978373029309042,0.6213942658854571,0.3597692937464147,0.4757895098007882,-0.11602021605437352
2022-23,2022-12-26,Aston Villa,Liverpool,3,2022-23,Independent Poisson,A,A,0.1947573498797248,0.2174768457976679,0.5877658043226074,A,4.89,4.13,1.73,0.20449897750511248,0.24213075060532688,0.5780346820809249,1.0246644101913642,0.024664410191364228,0.1995765398613978,0.236302489085287,0.5641209710533153,A,0.5877658043226074,0.5641209710533153,0.5314267023911784,0.5724865628000896,-0.041059860408911186
2022-23,2022-12-26,Brentford,Tottenham,3,2022-23,Independent Poisson,D,A,0.2610147239712126,0.2741743780256517,0.4648108980031357,D,3.36,3.68,2.2,0.2976190476190476,0.2717391304347826,0.45454545454545453,1.0239036325992847,0.02390363259928474,0.2906709558823529,0.2653952205882353,0.44393382352941174,A,0.2741743780256517,0.2653952205882353,1.293990958868932,1.3265351655798847,-0.032544206710952706
2022-23,2022-12-26,Crystal Palace,Fulham,3,2022-23,Independent Poisson,A,H,0.4714933903839061,0.2651620969406703,0.2633445126754236,A,2.29,3.55,3.3,0.4366812227074236,0.28169014084507044,0.30303030303030304,1.021401666582797,0.021401666582796963,0.4275313395252085,0.2757878218345711,0.29668083864022043,H,0.2633445126754236,0.29668083864022043,1.33429216989248,1.2150983353676723,0.11919383452480758
2022-23,2022-12-26,Everton,Wolves,3,2022-23,Independent Poisson,A,H,0.4366470718667292,0.3058120701274388,0.2575408580058321,A,2.57,3.25,3.07,0.38910505836575876,0.3076923076923077,0.32573289902280134,1.0225302650808676,0.02253026508086764,0.38053158097475587,0.300912665570807,0.3185557534544373,H,0.2575408580058321,0.3185557534544373,1.3565768995980865,1.1439577691969738,0.2126191304011127
2022-23,2022-12-26,Leicester,Newcastle,3,2022-23,Independent Poisson,A,A,0.2634783813492752,0.2735921794363624,0.4629294392143626,A,3.47,3.51,2.23,0.2881844380403458,0.2849002849002849,0.4484304932735426,1.0215152162141734,0.021515216214173405,0.2821146797092099,0.27889969760426164,0.4389856226865284,A,0.4629294392143626,0.4389856226865284,0.770180635614875,0.8232886165878456,-0.05310798097297054
2022-23,2022-12-26,Southampton,Brighton,3,2022-23,Independent Poisson,A,A,0.2704898970074775,0.255196807694082,0.4743132952984404,A,3.83,3.52,2.08,0.2610966057441253,0.2840909090909091,0.4807692307692307,1.0259567456042653,0.025956745604265308,0.2544908514543128,0.2769033980312552,0.4686057505144318,A,0.4743132952984404,0.4686057505144318,0.7458872150800455,0.757993481292676,-0.012106266212630445
2022-23,2022-12-27,Chelsea,Bournemouth,3,2022-23,Independent Poisson,H,H,0.6164987023550654,0.2251032732210162,0.1583980244239184,H,1.37,5.35,9.25,0.7299270072992701,0.1869158878504673,0.10810810810810811,1.0249510032578455,0.024951003257845494,0.7121579519207938,0.18236568114607243,0.10547636693313378,H,0.6164987023550654,0.7121579519207938,0.4836990612379169,0.33945554958820445,0.14424351164971244
2022-23,2022-12-27,Man United,Nott'm Forest,3,2022-23,Independent Poisson,H,H,0.6323302414275775,0.2359521841929424,0.1317175743794799,H,1.36,5.5,9.2,0.7352941176470588,0.18181818181818182,0.10869565217391305,1.0258079516391536,0.025807951639153615,0.716795104261106,0.1772438803263826,0.10596101541251135,H,0.6323302414275775,0.716795104261106,0.4583434874041862,0.33296524733761745,0.12537824006656872
2022-23,2022-12-28,Leeds,Man City,3,2022-23,Independent Poisson,A,A,0.127023775932309,0.1872741754079827,0.6857020486597083,A,10.34,6.03,1.3,0.09671179883945842,0.16583747927031509,0.7692307692307692,1.0317800473405427,0.03178004734054274,0.0937329609045428,0.16072948851624752,0.7455375505792096,A,0.6857020486597083,0.7455375505792096,0.3773120770052966,0.2936497763889651,0.08366230061633151
2022-23,2022-12-30,Liverpool,Leicester,3,2022-23,Independent Poisson,H,H,0.708669267371172,0.1705353459944621,0.1207953866343656,H,1.26,6.43,12.34,0.7936507936507936,0.15552099533437014,0.08103727714748785,1.0302090661326515,0.030209066132651508,0.7703783821570463,0.15096061609920347,0.07866100174375028,H,0.708669267371172,0.7703783821570463,0.3443663388992474,0.26087347943573885,0.08349285946350854
2022-23,2022-12-30,West Ham,Brentford,3,2022-23,Independent Poisson,A,A,0.3479850518439684,0.271732464688541,0.3802824834674907,A,2.15,3.65,3.53,0.46511627906976744,0.273972602739726,0.28328611898017,1.0223750007896633,0.022375000789663257,0.4549370619494025,0.2679766255318398,0.27708631251875787,H,0.3802824834674907,0.27708631251875787,0.966840924883909,1.2834262237905878,-0.31658529890667875
2022-23,2022-12-31,Bournemouth,Crystal Palace,3,2022-23,Independent Poisson,A,A,0.3135979039732082,0.2458604238875439,0.4405416721392478,A,3.01,3.22,2.65,0.33222591362126247,0.3105590062111801,0.37735849056603776,1.0201434103984803,0.020143410398480333,0.325665891907777,0.304426812000748,0.369907296091475,A,0.4405416721392478,0.369907296091475,0.8197502361751646,0.9945028558411603,-0.17475261966599565
2022-23,2022-12-31,Brighton,Arsenal,3,2022-23,Independent Poisson,A,A,0.2209299738659539,0.2339223725014896,0.5451476536325564,A,4.47,3.77,1.87,0.2237136465324385,0.26525198938992045,0.53475935828877,1.023724994211129,0.023724994211129058,0.21852904617692734,0.2591047311434656,0.522366222679607,A,0.5451476536325564,0.522366222679607,0.6066985969157651,0.6493863610743309,-0.04268776415856579
2022-23,2022-12-31,Fulham,Southampton,3,2022-23,Independent Poisson,H,H,0.4959013374426713,0.2761152311240858,0.2279834314332429,H,1.84,3.9,4.47,0.5434782608695652,0.25641025641025644,0.2237136465324385,1.02360216381226,0.023602163812260102,0.5309467682692834,0.25049796246550815,0.21855526926520844,H,0.4959013374426713,0.5309467682692834,0.7013782884899371,0.6330935108458183,0.06828477764411878
2022-23,2022-12-31,Man City,Everton,3,2022-23,Independent Poisson,D,H,0.9006722092996265,0.0728994898919375,0.0264283008084359,D,1.15,9.75,20.0,0.8695652173913044,0.10256410256410256,0.05,1.022129319955407,0.0221293199554069,0.8507389431204669,0.10034356765010634,0.04891748922942685,H,0.0728994898919375,0.10034356765010634,2.6186736373591186,2.299155304946133,0.31951833241298555
2022-23,2022-12-31,Newcastle,Leeds,3,2022-23,Independent Poisson,D,H,0.5910834399712634,0.2203609016226685,0.188555658406068,D,1.46,4.87,6.94,0.684931506849315,0.2053388090349076,0.1440922190201729,1.0343625349043957,0.03436253490439567,0.662177412402724,0.19851725299958461,0.13930533459769123,H,0.2203609016226685,0.19851725299958461,1.5124886147964633,1.6168792657574629,-0.10439065096099953
2022-23,2022-12-31,Wolves,Man United,3,2022-23,Independent Poisson,A,A,0.2440051949439798,0.2241861726874383,0.5318086323685819,A,4.12,3.69,1.96,0.24271844660194175,0.2710027100271003,0.5102040816326531,1.023925238261695,0.023925238261695014,0.23704703969793908,0.26467040746761766,0.4982825528344434,A,0.5318086323685819,0.4982825528344434,0.6314715679458374,0.6965879876843544,-0.065116419738517
2022-23,2023-01-01,Nott'm Forest,Chelsea,3,2022-23,Independent Poisson,D,A,0.1987145779990358,0.2188601670395746,0.5824252549613895,D,5.8,4.2,1.63,0.1724137931034483,0.23809523809523808,0.6134969325153374,1.0240059637140237,0.024005963714023748,0.16837186424003936,0.2325135268076734,0.5991146089522873,A,0.2188601670395746,0.2325135268076734,1.519322259766441,1.458806875829156,0.06051538393728517
2022-23,2023-01-01,Tottenham,Aston Villa,3,2022-23,Independent Poisson,A,H,0.6340070717811725,0.2027973017795014,0.163195626439326,A,1.68,4.26,5.1,0.5952380952380952,0.2347417840375587,0.19607843137254904,1.0260583106482029,0.026058310648202854,0.5801211189080073,0.22878015956935502,0.19109872152263774,H,0.163195626439326,0.19109872152263774,1.8128056355898639,1.6549651178543756,0.15784051773548824
2022-23,2023-01-02,Brentford,Liverpool,3,2022-23,Independent Poisson,H,A,0.2248895423626016,0.2392891512292895,0.5358213064081088,H,6.24,4.65,1.54,0.16025641025641024,0.2150537634408602,0.6493506493506493,1.0246608230479197,0.024660823047919722,0.15639947058746445,0.2098779992399523,0.6337225301725833,A,0.2248895423626016,0.15639947058746445,1.4921459201526655,1.855341835867292,-0.3631959157146265
2022-23,2023-01-03,Arsenal,Newcastle,3,2022-23,Independent Poisson,D,H,0.5172836398609807,0.2363117548197208,0.2464046053192982,D,1.78,3.91,4.88,0.5617977528089888,0.2557544757033248,0.20491803278688525,1.022470261299199,0.022470261299198935,0.5494514354824775,0.25013390157514326,0.2004146629423791,H,0.2363117548197208,0.25013390157514326,1.442603350703973,1.3857588982051756,0.05684445249879744
2022-23,2023-01-03,Everton,Brighton,3,2022-23,Independent Poisson,A,A,0.3120607017891782,0.2722895707245191,0.4156497274863027,A,3.23,3.39,2.43,0.30959752321981426,0.2949852507374631,0.4115226337448559,1.0161054077021332,0.0161054077021332,0.3046903607372311,0.29030969474373347,0.40499994451903554,A,0.4156497274863027,0.40499994451903554,0.877912374637872,0.903868348865643,-0.025955974227771073
2022-23,2023-01-03,Leicester,Fulham,3,2022-23,Independent Poisson,A,H,0.4269779878054153,0.2574900162675655,0.3155319959270192,A,2.36,3.67,3.06,0.42372881355932207,0.2724795640326976,0.32679738562091504,1.0230057632129346,0.02300576321293457,0.4141998303396895,0.26635193449636707,0.3194482351639435,H,0.3155319959270192,0.3194482351639435,1.153495188745018,1.1411600365571422,0.012335152187875842
2022-23,2023-01-03,Man United,Bournemouth,3,2022-23,Independent Poisson,H,H,0.6503591709900975,0.2057729619037118,0.1438678671061906,H,1.29,6.05,11.5,0.7751937984496123,0.1652892561983471,0.08695652173913043,1.0274395763870898,0.027439576387089826,0.7544908880924367,0.1608749166345857,0.08463419527297769,H,0.6503591709900975,0.7544908880924367,0.4302304979494608,0.2817120775967449,0.1485184203527159
2022-23,2023-01-04,Aston Villa,Wolves,3,2022-23,Independent Poisson,D,H,0.5620813260022713,0.2435549428899364,0.1943637311077923,D,1.95,3.58,4.32,0.5128205128205129,0.27932960893854747,0.23148148148148145,1.0236316032405417,0.0236316032405417,0.5009815163942393,0.27288099356669454,0.2261374900390663,H,0.2435549428899364,0.27288099356669454,1.4124127237602622,1.298719499839477,0.11369322392078507
2022-23,2023-01-04,Crystal Palace,Tottenham,3,2022-23,Independent Poisson,A,A,0.2628566027793428,0.2424484596779307,0.4946949375427263,A,3.32,3.47,2.31,0.30120481927710846,0.2881844380403458,0.4329004329004329,1.022289690217887,0.02228969021788707,0.29463744196902814,0.2819009531231047,0.4234616049078673,A,0.4946949375427263,0.4234616049078673,0.7038139941893007,0.8592924303745944,-0.15547843618529367
2022-23,2023-01-04,Leeds,West Ham,3,2022-23,Independent Poisson,D,H,0.4539515500936707,0.2654519004300961,0.2805965494762333,D,2.93,3.45,2.56,0.341296928327645,0.2898550724637681,0.390625,1.021777000791413,0.021777000791413093,0.3340229111276677,0.28367742887074393,0.38229966000158844,A,0.2654519004300961,0.28367742887074393,1.3263216207010222,1.2599175001817182,0.066404120519304
2022-23,2023-01-04,Southampton,Nott'm Forest,3,2022-23,Independent Poisson,A,H,0.4284024508060069,0.2769673437695464,0.2946302054244465,A,2.43,3.37,3.19,0.4115226337448559,0.29673590504451036,0.31347962382445144,1.0217381626138178,0.02173816261381778,0.40276721453967795,0.29042265024671143,0.30681013521361056,H,0.2946302054244465,0.30681013521361056,1.2220342499160415,1.1815261747882386,0.040508075127802856
2022-23,2023-01-05,Chelsea,Man City,3,2022-23,Independent Poisson,A,A,0.2015202681245884,0.2240612188037235,0.574418513071688,A,5.44,4.19,1.67,0.1838235294117647,0.2386634844868735,0.5988023952095809,1.0212894091082192,0.021289409108219193,0.17999161429890648,0.23368839660764945,0.586319989093444,A,0.574418513071688,0.586319989093444,0.5543970314894985,0.5338895819662549,0.02050744952324357
2022-23,2023-01-12,Fulham,Chelsea,3,2022-23,Independent Poisson,H,A,0.2615316522522566,0.2357807345337185,0.5026876132140249,H,4.07,3.48,2.04,0.24570024570024568,0.28735632183908044,0.49019607843137253,1.0232526459706988,0.02325264597069876,0.2401168926049192,0.2808263657764429,0.4790567416186378,A,0.2615316522522566,0.2401168926049192,1.3411999616844283,1.4266294216912292,-0.08542946000680085
2022-23,2023-01-13,Aston Villa,Leeds,3,2022-23,Independent Poisson,H,H,0.4740566304616325,0.2418856458284551,0.2840577237099124,H,2.05,3.66,3.89,0.48780487804878053,0.27322404371584696,0.2570694087403599,1.0180983305049875,0.018098330504987548,0.4791333640698774,0.26836704818121543,0.2524995877489071,H,0.4740566304616325,0.4791333640698774,0.7464284908757086,0.7357762984656129,0.01065219241009574
2022-23,2023-01-14,Brentford,Bournemouth,3,2022-23,Independent Poisson,H,H,0.6404315245503696,0.2102557050995076,0.1493127703501225,H,1.61,4.15,6.25,0.6211180124223602,0.24096385542168672,0.16,1.0220818678440469,0.022081867844046865,0.607698885934187,0.2357578810491665,0.15654323301664658,H,0.6404315245503696,0.607698885934187,0.44561307272766637,0.4980757730921591,-0.05246270036449274
2022-23,2023-01-14,Brighton,Liverpool,3,2022-23,Independent Poisson,H,A,0.3187648050627364,0.2492053132535982,0.4320298816836656,H,2.9,3.81,2.41,0.3448275862068966,0.26246719160104987,0.41493775933609955,1.022232537144046,0.02223253714404594,0.33732793046315046,0.25675879221604625,0.4059132773208034,A,0.3187648050627364,0.33732793046315046,1.143301736332498,1.0866997343446856,0.0566020019878124
2022-23,2023-01-14,Everton,Southampton,3,2022-23,Independent Poisson,A,H,0.5616899568438919,0.2536529689474646,0.1846570742086434,A,2.42,3.26,3.31,0.4132231404958678,0.3067484662576687,0.3021148036253776,1.022086410378914,0.022086410378914012,0.404293742974897,0.3001198950917947,0.2955863619333084,H,0.1846570742086434,0.2955863619333084,1.689254826970674,1.2187942278692214,0.47046059910145255
2022-23,2023-01-14,Man United,Man City,3,2022-23,Independent Poisson,H,A,0.2553166590618076,0.2389375941644854,0.5057457467737069,H,4.18,4.02,1.91,0.23923444976076558,0.24875621890547267,0.5235602094240838,1.011550878090322,0.011550878090321959,0.23650263663693266,0.24591567690108918,0.5175816864619782,A,0.2553166590618076,0.23650263663693266,1.3652507039775297,1.4417959225417545,-0.0765452185642248
2022-23,2023-01-14,Nott'm Forest,Leicester,3,2022-23,Independent Poisson,H,A,0.3731332974946599,0.2413279655944448,0.3855387369108952,H,2.8,3.2,2.84,0.35714285714285715,0.3125,0.35211267605633806,1.0217555331991952,0.02175553319919521,0.3495384615384615,0.3058461538461538,0.34461538461538466,H,0.3731332974946599,0.3495384615384615,0.9858195572408931,1.0511416760426866,-0.0653221188017935
2022-23,2023-01-14,Wolves,West Ham,3,2022-23,Independent Poisson,H,H,0.3986223838449213,0.2662845303593317,0.335093085795747,H,2.54,3.17,3.19,0.39370078740157477,0.31545741324921134,0.31347962382445144,1.0226378244752377,0.022637824475237656,0.38498555204879176,0.30847422782458395,0.3065402201266242,H,0.3986223838449213,0.38498555204879176,0.9197407166212814,0.9545494725445092,-0.03480875592322774
2022-23,2023-01-15,Chelsea,Crystal Palace,3,2022-23,Independent Poisson,H,H,0.6544676125164464,0.2027114305440005,0.1428209569395533,H,1.88,3.5,4.8,0.5319148936170213,0.2857142857142857,0.20833333333333334,1.0259625126646403,0.025962512664640336,0.5184545117886681,0.27848413776077025,0.20306135045056167,H,0.6544676125164464,0.5184545117886681,0.42393317917063356,0.6569029855590316,-0.23296980638839804
2022-23,2023-01-15,Newcastle,Fulham,3,2022-23,Independent Poisson,H,H,0.6422681831494274,0.2181461417422336,0.139585675108339,H,1.47,4.74,7.33,0.6802721088435374,0.21097046413502107,0.1364256480218281,1.0276682210003867,0.027668221000386684,0.6619569379904776,0.2052904427945152,0.1327526192150071,H,0.6422681831494274,0.6619569379904776,0.4427493317550326,0.4125547735136175,0.030194558241415093
2022-23,2023-01-15,Tottenham,Arsenal,3,2022-23,Independent Poisson,A,H,0.3872768344874029,0.2433894080220539,0.3693337574905428,A,3.4,3.59,2.22,0.29411764705882354,0.2785515320334262,0.4504504504504504,1.0231196295427,0.023119629542700082,0.28747141445256424,0.2722570498993645,0.4402715356480713,A,0.3693337574905428,0.4402715356480713,0.9960545519035792,0.8203636159411757,0.17569093596240348
2022-23,2023-01-18,Crystal Palace,Man United,3,2022-23,Independent Poisson,D,A,0.2438653567658279,0.2303716157862979,0.5257630274478741,D,5.4,3.98,1.7,0.18518518518518517,0.25125628140703515,0.5882352941176471,1.0246767607098675,0.024676760709867462,0.18072546610395854,0.2452054062717025,0.5740691276243389,A,0.2303716157862979,0.2452054062717025,1.468061553121545,1.4056590267467384,0.0624025263748067
2022-23,2023-01-19,Man City,Tottenham,3,2022-23,Independent Poisson,H,H,0.7564269727825257,0.1505879114740151,0.0929851157434591,H,1.51,4.75,6.55,0.6622516556291391,0.21052631578947367,0.15267175572519084,1.0254497271438037,0.02544972714380367,0.6458158192442216,0.20530144990711044,0.14888273084866788,H,0.7564269727825257,0.6458158192442216,0.2791492834172684,0.43724092538005266,-0.15809164196278425
2022-23,2023-01-21,Bournemouth,Nott'm Forest,3,2022-23,Independent Poisson,D,A,0.2841767002479123,0.2660769244859352,0.4497463752661524,D,2.93,3.22,2.71,0.341296928327645,0.3105590062111801,0.36900369003690037,1.0208596245757255,0.020859624575725544,0.3343230745064384,0.30421323239250453,0.361463693101057,A,0.2660769244859352,0.30421323239250453,1.3239698222109986,1.1900264011138315,0.13394342109716706
2022-23,2023-01-21,Crystal Palace,Newcastle,3,2022-23,Independent Poisson,D,A,0.2931696155579738,0.2570870298986739,0.4497433545433522,D,4.66,3.64,1.87,0.2145922746781116,0.2747252747252747,0.53475935828877,1.0240769076921563,0.024076907692156313,0.20954703017541268,0.26826625291687445,0.5221867169077128,A,0.2570870298986739,0.26826625291687445,1.3583406136737042,1.315775310613835,0.042565303059869164
2022-23,2023-01-21,Leicester,Brighton,3,2022-23,Independent Poisson,D,A,0.2759621769012017,0.2576723432323245,0.4663654798664738,D,4.35,4.06,1.83,0.2298850574712644,0.24630541871921185,0.5464480874316939,1.0226385636221702,0.022638563622170205,0.22479599894709135,0.24085285601474074,0.5343511450381678,A,0.2576723432323245,0.24085285601474074,1.356066488649644,1.4235690879121041,-0.06750259926246005
2022-23,2023-01-21,Liverpool,Chelsea,3,2022-23,Independent Poisson,D,H,0.5354205564476184,0.2552513155342533,0.209328128018128,D,2.07,3.57,3.84,0.48309178743961356,0.2801120448179272,0.2604166666666667,1.0236204989242075,0.023620498924207478,0.4719442292796282,0.2736483346243222,0.25440743609604954,H,0.2552513155342533,0.2736483346243222,1.3655066680456354,1.295911447197967,0.06959522084766845
2022-23,2023-01-21,Southampton,Aston Villa,3,2022-23,Independent Poisson,A,A,0.3267841203896476,0.2706137483362241,0.4026021312741281,A,2.66,3.26,2.95,0.37593984962406013,0.3067484662576687,0.3389830508474576,1.0216713667291866,0.02167136672918657,0.36796553360167733,0.3002418157608779,0.3317926506374447,H,0.4026021312741281,0.3317926506374447,0.9098064720146802,1.10324505144867,-0.1934385794339898
2022-23,2023-01-21,West Ham,Everton,3,2022-23,Independent Poisson,H,H,0.4845256242675383,0.2880679714556036,0.2274064042768581,H,1.88,3.55,4.75,0.5319148936170213,0.28169014084507044,0.21052631578947367,1.0241313502515654,0.02413135025156543,0.5193815163322193,0.27505274667734436,0.2055657369904363,H,0.4845256242675383,0.5193815163322193,0.724584960984746,0.6551165669631034,0.06946839402164262
2022-23,2023-01-22,Arsenal,Man United,3,2022-23,Independent Poisson,H,H,0.519434009832443,0.2462343101790398,0.234331679988517,H,1.86,3.9,4.34,0.5376344086021505,0.25641025641025644,0.2304147465437788,1.0244594115561858,0.024459411556185806,0.5247981545559399,0.25028835063437144,0.22491349480968856,H,0.519434009832443,0.5247981545559399,0.6550155028204404,0.6447415578295916,0.010273944990848771
2022-23,2023-01-22,Leeds,Brentford,3,2022-23,Independent Poisson,D,H,0.3825170628700188,0.277416729129228,0.3400662080007532,D,2.37,3.61,3.09,0.42194092827004215,0.2770083102493075,0.3236245954692557,1.0225738339886052,0.02257383398860524,0.4126263691143342,0.270893211856225,0.3164804190294409,H,0.277416729129228,0.270893211856225,1.2822344660372118,1.3060305879524543,-0.023796121915242496
2022-23,2023-01-22,Man City,Wolves,3,2022-23,Independent Poisson,H,H,0.91847288689426,0.0607940467018834,0.0207330664038566,H,1.27,6.25,12.25,0.7874015748031495,0.16,0.08163265306122448,1.029034227864374,0.02903422786437404,0.7651850186142968,0.15548559578242513,0.07932938560327811,H,0.91847288689426,0.7651850186142968,0.08504289365839096,0.2676376199998877,-0.18259472634149676
2022-23,2023-01-23,Fulham,Tottenham,3,2022-23,Independent Poisson,A,A,0.2934304883848578,0.2434964959466378,0.4630730156685043,A,3.33,3.86,2.16,0.3003003003003003,0.2590673575129534,0.4629629629629629,1.0223306207762166,0.022330620776216614,0.2937408840129368,0.25340858646711906,0.45285052951994414,A,0.4630730156685043,0.45285052951994414,0.7698705361015634,0.792193164856477,-0.02232262875491353
2022-23,2023-02-03,Chelsea,Fulham,3,2022-23,Independent Poisson,D,H,0.6005001343292438,0.2406449991885577,0.1588548664821982,D,1.61,4.18,6.09,0.6211180124223602,0.23923444976076558,0.16420361247947454,1.0245560746626003,0.024556074662600347,0.6062313501258606,0.2335005917948889,0.16026805807925049,H,0.2406449991885577,0.2335005917948889,1.4244324638829358,1.454570667422911,-0.030138203539975317
2022-23,2023-02-04,Aston Villa,Leicester,3,2022-23,Independent Poisson,A,H,0.5007292279122649,0.2401168241493159,0.259153947938419,A,2.13,3.5,3.73,0.4694835680751174,0.2857142857142857,0.2680965147453083,1.0232943685347113,0.02329436853471134,0.45879620030293555,0.27921025904150076,0.26199354065556374,H,0.259153947938419,0.26199354065556374,1.3503330002798675,1.3394354295113526,0.01089757076851483
2022-23,2023-02-04,Brentford,Southampton,3,2022-23,Independent Poisson,H,H,0.63536907813767,0.2295242026620547,0.1351067192002754,H,1.82,3.7,4.89,0.5494505494505494,0.27027027027027023,0.20449897750511248,1.0242197972259321,0.02421979722593215,0.5364576538539084,0.2638791702740847,0.19966317587200685,H,0.63536907813767,0.5364576538539084,0.4535492235218607,0.622767650401371,-0.16921842687951033
2022-23,2023-02-04,Brighton,Bournemouth,3,2022-23,Independent Poisson,H,H,0.7691391773451408,0.1604063344826454,0.0704544881722137,H,1.39,5.25,8.25,0.7194244604316548,0.19047619047619047,0.12121212121212122,1.0311127721199664,0.031112772119966436,0.6977165639724539,0.18472876646127823,0.11755466956626796,H,0.7691391773451408,0.6977165639724539,0.26248334100813786,0.3599423274954014,-0.09745898648726353
2022-23,2023-02-04,Everton,Arsenal,3,2022-23,Independent Poisson,H,A,0.1595354513076038,0.2163744964620022,0.6240900522303939,H,8.0,4.28,1.5,0.125,0.2336448598130841,0.6666666666666666,1.0253115264797508,0.025311526479750768,0.12191416635017091,0.2278769464489176,0.6502088872009115,A,0.1595354513076038,0.12191416635017091,1.8354891162030649,2.1044380363662936,-0.2689489201632287
2022-23,2023-02-04,Man United,Crystal Palace,3,2022-23,Independent Poisson,H,H,0.6388683688803225,0.2065947069162279,0.1545369242034496,H,1.39,5.11,9.13,0.7194244604316548,0.19569471624266144,0.10952902519167579,1.024648201865992,0.024648201865991926,0.7021185018638664,0.1909872245774509,0.1068942735586828,H,0.6388683688803225,0.7021185018638664,0.44805684131704093,0.3536530831285843,0.09440375818845664
2022-23,2023-02-04,Newcastle,West Ham,3,2022-23,Independent Poisson,D,H,0.6393657096877987,0.2176596874998445,0.1429746028123566,D,1.67,3.93,5.81,0.5988023952095809,0.2544529262086514,0.17211703958691912,1.0253723610051515,0.0253723610051515,0.5839853091247624,0.24815660718533158,0.1678580836899059,H,0.2176596874998445,0.24815660718533158,1.52482250244141,1.3936952515311074,0.13112725091030253
2022-23,2023-02-04,Wolves,Liverpool,3,2022-23,Independent Poisson,H,A,0.1926364740042948,0.2376458341102255,0.5697176918854797,H,3.98,3.79,1.97,0.25125628140703515,0.2638522427440633,0.5076142131979695,1.022722737349068,0.022722737349067934,0.2456738979503868,0.2579900036523851,0.49633609839722814,A,0.1926364740042948,0.2456738979503868,1.646950420578327,1.4037502405465496,0.24320018003177735
2022-23,2023-02-05,Nott'm Forest,Leeds,3,2022-23,Independent Poisson,H,H,0.3956136209174198,0.2663852551878388,0.3380011238947413,H,2.85,3.46,2.62,0.3508771929824561,0.28901734104046245,0.38167938931297707,1.0215739233358956,0.021573923335895584,0.3434672567176394,0.2829137808223331,0.37361896246002757,A,0.3956136209174198,0.3434672567176394,0.9273172487913807,1.0686634943737234,-0.14134624558234277
2022-23,2023-02-05,Tottenham,Man City,3,2022-23,Independent Poisson,H,A,0.2655735689011994,0.2431032653688319,0.4913231657299686,H,4.03,3.91,1.93,0.24813895781637715,0.2557544757033248,0.5181347150259068,1.0220281485456089,0.02202814854560886,0.2427907276032366,0.250242105432492,0.5069671669642714,A,0.2655735689011994,0.2427907276032366,1.3258633810109917,1.4155554099690415,-0.08969202895804984
2022-23,2023-02-08,Man United,Leeds,3,2022-23,Independent Poisson,D,H,0.5820102649980006,0.2220528795405016,0.1959368554614976,D,1.56,4.49,6.11,0.641025641025641,0.22271714922048996,0.1636661211129296,1.0274089113590605,0.02740891135906054,0.6239245483842356,0.21677556692191705,0.15929988469384737,H,0.2220528795405016,0.21677556692191705,1.5048397293456657,1.5288927144672662,-0.02405298512160048
2022-23,2023-02-11,Arsenal,Brentford,3,2022-23,Independent Poisson,D,H,0.6078284285861074,0.2168526785315335,0.175318892882359,D,1.58,4.25,6.35,0.6329113924050632,0.23529411764705882,0.15748031496062992,1.0256858250127519,0.02568582501275185,0.6170616547198501,0.2294017445782031,0.15353660070194697,H,0.2168526785315335,0.2294017445782031,1.5285370567755092,1.4722804693541318,0.0562565874213774
2022-23,2023-02-11,Bournemouth,Newcastle,3,2022-23,Independent Poisson,D,A,0.1557363640116008,0.2157042051761026,0.6285594308122964,D,6.1,4.05,1.63,0.1639344262295082,0.2469135802469136,0.6134969325153374,1.0243449389917592,0.024344938991759157,0.16003830349458784,0.24104534600419403,0.5989163505012183,A,0.2157042051761026,0.24104534600419403,1.533847230292116,1.4227702054971696,0.11107702479494641
2022-23,2023-02-11,Crystal Palace,Brighton,3,2022-23,Independent Poisson,D,A,0.3313974840986782,0.24415515067787,0.4244473652234518,D,5.15,3.79,1.76,0.1941747572815534,0.2638522427440633,0.5681818181818182,1.026208818207435,0.026208818207434925,0.1892156389970754,0.2571135991648914,0.5536707618380332,A,0.24415515067787,0.2571135991648914,1.409951392330538,1.3582372716521685,0.05171412067836956
2022-23,2023-02-11,Fulham,Nott'm Forest,3,2022-23,Independent Poisson,H,H,0.3720524548029665,0.2630522657515096,0.3648952794455239,H,1.97,3.52,4.33,0.5076142131979695,0.2840909090909091,0.23094688221709006,1.0226520045059688,0.022652004505968826,0.49637042802570164,0.27779822250302055,0.22583134947127767,H,0.3720524548029665,0.49637042802570164,0.9887204271147623,0.7004328002995034,0.2882876268152589
2022-23,2023-02-11,Leicester,Tottenham,3,2022-23,Independent Poisson,H,A,0.3578490383650904,0.2590250232471893,0.3831259383877203,H,3.57,3.76,2.1,0.2801120448179272,0.26595744680851063,0.47619047619047616,1.022259967816914,0.022259967816913973,0.2740125346159452,0.26016615653694797,0.4658213088471068,A,0.3578490383650904,0.2740125346159452,1.0276440620581193,1.2945814268668958,-0.2669373648087765
2022-23,2023-02-11,Southampton,Wolves,3,2022-23,Independent Poisson,A,A,0.304782953881451,0.2698050948989943,0.4254119512195545,A,3.26,3.18,2.5,0.3067484662576687,0.31446540880503143,0.4,1.0212138750627,0.021213875062700005,0.3003763205223148,0.30793295751658684,0.3916907219610985,A,0.4254119512195545,0.3916907219610985,0.854697282535515,0.9372827251849641,-0.08258544264944911
2022-23,2023-02-11,West Ham,Chelsea,3,2022-23,Independent Poisson,D,A,0.2979086074988674,0.27834001293157,0.4237513795695624,D,3.51,3.38,2.27,0.2849002849002849,0.2958579881656805,0.44052863436123346,1.0212869074271989,0.021286907427198853,0.27896204565864724,0.2896913551070568,0.43134659923429597,A,0.27834001293157,0.2896913551070568,1.278911844530813,1.2389392154975856,0.0399726290332274
2022-23,2023-02-12,Leeds,Man United,3,2022-23,Independent Poisson,A,A,0.2544317178776779,0.2609386036856647,0.4846296784366574,A,3.81,3.9,1.98,0.26246719160104987,0.25641025641025644,0.5050505050505051,1.0239279530618113,0.02392795306181128,0.2563336520076482,0.25041826003824097,0.49324808795411096,A,0.4846296784366574,0.49324808795411096,0.7243702293122709,0.706743010510421,0.01762721880184992
2022-23,2023-02-12,Man City,Aston Villa,3,2022-23,Independent Poisson,H,H,0.8273740495024,0.1166563383008167,0.0559696121967833,H,1.37,5.25,9.0,0.7299270072992701,0.19047619047619047,0.1111111111111111,1.0315143088865717,0.031514308886571696,0.7076266427047062,0.18465685723913286,0.10771650005616083,H,0.8273740495024,0.7076266427047062,0.18949838935482957,0.3458386651940472,-0.15634027583921764
2022-23,2023-02-13,Liverpool,Everton,3,2022-23,Independent Poisson,H,H,0.7426145043568099,0.1774325934507077,0.0799529021924824,H,1.62,4.3,5.75,0.6172839506172839,0.23255813953488372,0.17391304347826086,1.0237551336304285,0.02375513363042847,0.6029605423596547,0.22716187874945132,0.16987757889089403,H,0.7426145043568099,0.6029605423596547,0.29757820557316866,0.5059035199520793,-0.2083253143789106
2022-23,2023-02-15,Arsenal,Man City,3,2022-23,Independent Poisson,A,A,0.3226529379897034,0.254825568580785,0.4225214934295115,A,3.36,3.52,2.27,0.2976190476190476,0.2840909090909091,0.44052863436123346,1.0222385910711902,0.022238591071190195,0.2911444062263161,0.27791056957966537,0.43094502419401853,A,0.4225214934295115,0.43094502419401853,0.8615149614563336,0.841774751088305,0.019740210368028532
2022-23,2023-02-18,Aston Villa,Arsenal,3,2022-23,Independent Poisson,A,A,0.1993595423220854,0.2188076323451459,0.5818328253327687,A,4.24,3.63,1.95,0.23584905660377356,0.27548209366391185,0.5128205128205129,1.0241516630881984,0.024151663088198383,0.23028723684595784,0.26898564303770284,0.5007271201163392,A,0.5818328253327687,0.5007271201163392,0.5415721142087706,0.6916939967105613,-0.1501218825017907
2022-23,2023-02-18,Brentford,Crystal Palace,3,2022-23,Independent Poisson,D,H,0.5031987277289722,0.2459752248693375,0.2508260474016902,D,1.83,3.62,4.96,0.5464480874316939,0.27624309392265195,0.20161290322580647,1.0243040845801523,0.02430408458015232,0.5334822887635708,0.2696885603418052,0.19682915089462397,H,0.2459752248693375,0.2696885603418052,1.4025244600348217,1.3104874659696202,0.0920369940652015
2022-23,2023-02-18,Brighton,Fulham,3,2022-23,Independent Poisson,A,H,0.567077833100329,0.2463602713215181,0.1865618955781529,A,1.56,4.42,6.39,0.641025641025641,0.22624434389140272,0.1564945226917058,1.0237645076087494,0.023764507608749375,0.626145599169981,0.2209925644129345,0.1528618364170846,H,0.1865618955781529,0.1528618364170846,1.678992215182559,1.8782207955205745,-0.1992285803380156
2022-23,2023-02-18,Chelsea,Southampton,3,2022-23,Independent Poisson,A,H,0.6324523255718248,0.2409716856521714,0.1265759887760036,A,1.43,4.68,8.24,0.6993006993006994,0.2136752136752137,0.12135922330097088,1.034335136276884,0.034335136276884004,0.6760871547087246,0.20658218616099916,0.11733065913027621,H,0.1265759887760036,0.11733065913027621,2.06691244937707,2.142759183815208,-0.07584673443813772
2022-23,2023-02-18,Everton,Leeds,3,2022-23,Independent Poisson,H,H,0.3950556380916911,0.2724659875755526,0.3324783743327563,H,2.82,3.28,2.78,0.3546099290780142,0.3048780487804878,0.3597122302158274,1.0192002080743294,0.019200208074329428,0.3479296082052534,0.29913460217646787,0.35293578961827865,A,0.3950556380916911,0.3479296082052534,0.9287286680719481,1.055755094940325,-0.12702642686837684
2022-23,2023-02-18,Newcastle,Liverpool,3,2022-23,Independent Poisson,A,H,0.4414223043478384,0.2593518524325892,0.2992258432195723,A,2.56,3.52,2.88,0.390625,0.2840909090909091,0.3472222222222222,1.0219381313131315,0.021938131313131493,0.3822393822393822,0.277992277992278,0.3397683397683397,H,0.2992258432195723,0.3397683397683397,1.206556662214902,1.0794912472213314,0.1270654149935706
2022-23,2023-02-18,Nott'm Forest,Man City,3,2022-23,Independent Poisson,D,A,0.0543867544680227,0.1175152969915686,0.8280979485404089,D,10.5,5.4,1.33,0.09523809523809523,0.18518518518518517,0.7518796992481203,1.0323029796714007,0.03230297967140072,0.09225789047747504,0.17939034259509035,0.7283517669274345,A,0.1175152969915686,0.17939034259509035,2.1411867667092506,1.7181911624948782,0.4229956042143723
2022-23,2023-02-18,Wolves,Bournemouth,3,2022-23,Independent Poisson,A,H,0.5454455570861916,0.2596597294228545,0.1948947134909538,A,1.83,3.62,4.98,0.5464480874316939,0.27624309392265195,0.2008032128514056,1.0234943942057515,0.0234943942057515,0.5339043286658611,0.26990191200511765,0.19619375932902122,H,0.1948947134909538,0.19619375932902122,1.6352957970491437,1.628652540057967,0.006643256991176738
2022-23,2023-02-19,Man United,Leicester,3,2022-23,Independent Poisson,H,H,0.5942649117200931,0.2134877097163938,0.1922473785635128,H,1.58,4.53,5.87,0.6329113924050632,0.22075055187637968,0.17035775127768313,1.024019695559126,0.024019695559126086,0.6180656438053046,0.21557256450604442,0.16636179168865098,H,0.5942649117200931,0.6180656438053046,0.5204300797119579,0.4811606074156806,0.03926947229627725
2022-23,2023-02-19,Tottenham,West Ham,3,2022-23,Independent Poisson,H,H,0.6472758673660604,0.2031529935642238,0.1495711390697157,H,1.88,3.53,4.72,0.5319148936170213,0.28328611898017,0.21186440677966104,1.0270654193768523,0.02706541937685225,0.5178977731912618,0.2758209103681508,0.20628131644058736,H,0.6472758673660604,0.5178977731912618,0.43498269611846363,0.6579774052501586,-0.22299470913169495
2022-23,2023-02-24,Fulham,Wolves,3,2022-23,Independent Poisson,D,H,0.4088334546397333,0.2656076573488194,0.3255588880114473,D,2.68,3.15,3.02,0.3731343283582089,0.31746031746031744,0.33112582781456956,1.021720473633096,0.021720473633096038,0.36520196862787246,0.31071151616593595,0.3240865152061915,H,0.2656076573488194,0.31071151616593595,1.3257350314158545,1.168890398043333,0.15684463337252152
2022-23,2023-02-25,Bournemouth,Man City,3,2022-23,Independent Poisson,A,A,0.0708279088724212,0.1466697465935745,0.7825023445340042,A,10.1,5.11,1.36,0.09900990099009901,0.19569471624266144,0.7352941176470588,1.0299987348798192,0.02999873487981919,0.09612623553528106,0.18999510350417587,0.7138786609605431,A,0.7825023445340042,0.7138786609605431,0.2452583603627273,0.3370422737167306,-0.09178391335400332
2022-23,2023-02-25,Crystal Palace,Liverpool,3,2022-23,Independent Poisson,D,A,0.2699106785764562,0.2415353559392163,0.4885539654843274,D,5.08,4.12,1.71,0.19685039370078738,0.24271844660194175,0.5847953216374269,1.024364161940156,0.024364161940156004,0.19216837235690748,0.23694546882841994,0.5708861588146725,A,0.2415353559392163,0.23694546882841994,1.420739415200527,1.4399252536531786,-0.019185838452651538
2022-23,2023-02-25,Everton,Aston Villa,3,2022-23,Independent Poisson,A,A,0.3371773981842759,0.269200125358304,0.3936224764574202,A,2.61,3.15,3.12,0.3831417624521073,0.31746031746031744,0.3205128205128205,1.0211149004252453,0.02111490042524533,0.37521904958251723,0.3108957839398,0.31388516647768266,H,0.3936224764574202,0.31388516647768266,0.9323630106137755,1.1587280718172863,-0.22636506120351085
2022-23,2023-02-25,Leeds,Southampton,3,2022-23,Independent Poisson,H,H,0.5346168587612029,0.2647404989810089,0.2006426422577882,H,1.96,3.78,4.03,0.5102040816326531,0.2645502645502646,0.24813895781637715,1.0228933039992947,0.02289330399929468,0.49878523951409587,0.25862938345175346,0.2425853770341508,H,0.5346168587612029,0.49878523951409587,0.6262049404935818,0.6955796576066978,-0.06937471711311605
2022-23,2023-02-25,Leicester,Arsenal,3,2022-23,Independent Poisson,A,A,0.2752337507022393,0.2532959725884812,0.4714702767092794,A,6.02,4.31,1.6,0.16611295681063123,0.2320185614849188,0.625,1.02313151829555,0.023131518295550046,0.16235738401194136,0.22677295864312924,0.6108696573449294,A,0.4714702767092794,0.6108696573449294,0.751899218748786,0.4928716693356429,0.25902754941314304
2022-23,2023-02-25,West Ham,Nott'm Forest,3,2022-23,Independent Poisson,H,H,0.4176567592433192,0.2724358919500961,0.3099073488065846,H,1.71,3.84,5.6,0.5847953216374269,0.2604166666666667,0.17857142857142858,1.0237834168755222,0.023783416875522212,0.571209996174933,0.2543669514216499,0.17442305240341704,H,0.4176567592433192,0.571209996174933,0.8730953339214309,0.5599983678036359,0.31309696611779503
2022-23,2023-02-26,Tottenham,Chelsea,3,2022-23,Independent Poisson,H,H,0.5021680468006806,0.2448929817354732,0.2529389714638461,H,3.04,3.33,2.54,0.32894736842105265,0.3003003003003003,0.39370078740157477,1.0229484561229278,0.02294845612292784,0.32156788199064745,0.2935634718473178,0.3848686461620347,A,0.5021680468006806,0.32156788199064745,0.6888204607251931,1.134546616096676,-0.44572615537148286
2022-23,2023-03-01,Arsenal,Everton,3,2022-23,Independent Poisson,H,H,0.8380657602109005,0.1115358601464333,0.0503983796426663,H,1.34,5.21,10.65,0.7462686567164178,0.19193857965451055,0.09389671361502347,1.032103949985952,0.032103949985951896,0.7230557122919405,0.18596826381405,0.09097602389400943,H,0.8380657602109005,0.7230557122919405,0.176658708773513,0.3242690026801682,-0.14761029390665517
2022-23,2023-03-01,Liverpool,Wolves,3,2022-23,Independent Poisson,H,H,0.6703053681566614,0.2014856573318718,0.1282089745114667,H,1.53,4.44,6.43,0.6535947712418301,0.2252252252252252,0.15552099533437014,1.0343409918014255,0.03434099180142547,0.6318948745360257,0.21774755811714394,0.15035756734683037,H,0.6703053681566614,0.6318948745360257,0.4000218970621071,0.4590322364303921,-0.05901033936828498
2022-23,2023-03-04,Arsenal,Bournemouth,3,2022-23,Independent Poisson,H,H,0.8880247779957194,0.0827165399357384,0.0292586820685419,H,1.23,6.75,14.0,0.8130081300813008,0.14814814814814814,0.07142857142857142,1.0325848496580203,0.03258484965802033,0.7873523714303569,0.14347309879397613,0.06917452977566706,H,0.8880247779957194,0.7873523714303569,0.1187556332309199,0.2390793907064208,-0.12032375747550092
2022-23,2023-03-04,Aston Villa,Crystal Palace,3,2022-23,Independent Poisson,H,H,0.4576499430648232,0.2331459393820684,0.3092041175531083,H,2.15,3.38,3.82,0.46511627906976744,0.2958579881656805,0.2617801047120419,1.0227543719474899,0.02275437194748986,0.45476831175418075,0.28927570126375407,0.2559559869820651,H,0.4576499430648232,0.45476831175418075,0.7816507035590409,0.7879671946559138,-0.006316491096872934
2022-23,2023-03-04,Brighton,West Ham,3,2022-23,Independent Poisson,H,H,0.471456760420585,0.2797907155802147,0.2487525239992001,H,1.68,4.0,5.54,0.5952380952380952,0.25,0.18050541516245489,1.0257435104005501,0.025743510400550118,0.5802991578329911,0.2437256462898563,0.17597519587715257,H,0.471456760420585,0.5802991578329911,0.7519278875389745,0.5442115190480593,0.20771636849091524
2022-23,2023-03-04,Chelsea,Leeds,3,2022-23,Independent Poisson,H,H,0.5289634074166405,0.2629086923308736,0.2081279002524859,H,1.6,4.2,6.11,0.625,0.23809523809523808,0.1636661211129296,1.0267613592081677,0.02676135920816769,0.608710090611509,0.23188955832819394,0.15940035106029696,H,0.5289634074166405,0.608710090611509,0.6368360226418519,0.4964131663048764,0.1404228563369755
2022-23,2023-03-04,Man City,Newcastle,3,2022-23,Independent Poisson,H,H,0.8057891439315138,0.1219683191571612,0.072242536911325,H,1.51,4.55,6.65,0.6622516556291391,0.21978021978021978,0.15037593984962405,1.032407815258983,0.032407815258983064,0.6414632336573421,0.21288120501595306,0.14565556132670474,H,0.8057891439315138,0.6414632336573421,0.21593317872627457,0.4440034096517684,-0.2280702309254938
2022-23,2023-03-04,Southampton,Leicester,3,2022-23,Independent Poisson,H,A,0.2521223158382834,0.2634398211625319,0.4844378629991847,H,2.98,3.36,2.57,0.33557046979865773,0.2976190476190476,0.38910505836575876,1.022294575783464,0.022294575783464055,0.3282522256772065,0.291128462058951,0.38061931226384255,A,0.2521223158382834,0.3282522256772065,1.3778409289189848,1.1139729853889921,0.26386794352999265
2022-23,2023-03-04,Wolves,Tottenham,3,2022-23,Independent Poisson,H,A,0.2873542847619528,0.2631252237101096,0.4495204915279374,H,3.35,3.34,2.37,0.29850746268656714,0.29940119760479045,0.42194092827004215,1.0198495885613998,0.019849588561399845,0.2926975370041006,0.29357387693525067,0.41372858606064855,A,0.2873542847619528,0.2926975370041006,1.2470393828399144,1.2286155000648304,0.018423882775084
2022-23,2023-03-05,Liverpool,Man United,3,2022-23,Independent Poisson,H,H,0.4625340467024618,0.2550681844818079,0.2823977688157303,H,2.43,3.66,2.97,0.4115226337448559,0.27322404371584696,0.33670033670033667,1.0214470141610397,0.021447014161039668,0.4028820174121885,0.2674872410687481,0.3296307415190633,H,0.4625340467024618,0.4028820174121885,0.7710351102472617,0.9091115206620527,-0.13807641041479102
2022-23,2023-03-05,Nott'm Forest,Everton,3,2022-23,Independent Poisson,D,H,0.4987006113681884,0.2691624255932115,0.2321369630386,D,3.1,3.1,2.66,0.3225806451612903,0.3225806451612903,0.37593984962406013,1.0211011399466408,0.021101139946640757,0.3159144893111639,0.3159144893111639,0.3681710213776722,A,0.2691624255932115,0.3159144893111639,1.3124402689876171,1.1522837054606276,0.16015656352698948
2022-23,2023-03-06,Brentford,Fulham,3,2022-23,Independent Poisson,H,H,0.5182422229022763,0.2734639917892842,0.2082937853084392,H,2.08,3.6,3.8,0.4807692307692307,0.2777777777777778,0.2631578947368421,1.0217049032838506,0.021704903283850552,0.4705558613098514,0.2718767198679142,0.25756741882223444,H,0.5182422229022763,0.4705558613098514,0.6573125342385157,0.753840599459411,-0.0965280652208953
2022-23,2023-03-11,Bournemouth,Liverpool,3,2022-23,Independent Poisson,H,A,0.0832384866402216,0.1529242600446692,0.763837253315109,H,6.98,5.15,1.45,0.14326647564469913,0.1941747572815534,0.6896551724137931,1.0270964053400458,0.02709640534004576,0.13948688253588737,0.18905212429135804,0.6714609931727545,A,0.0832384866402216,0.13948688253588737,2.486045458301676,1.96978471414281,0.516260744158866
2022-23,2023-03-11,Crystal Palace,Man City,3,2022-23,Independent Poisson,A,A,0.1441983542142927,0.1973993711814438,0.6584022746042635,A,10.05,5.17,1.35,0.09950248756218905,0.19342359767891684,0.7407407407407407,1.0336668259818467,0.03366682598184667,0.09626166290833107,0.18712373544075966,0.7166146016509092,A,0.6584022746042635,0.7166146016509092,0.4179391748800085,0.33321709802679095,0.08472207685321753
2022-23,2023-03-11,Everton,Brentford,3,2022-23,Independent Poisson,H,A,0.2197743956241846,0.2331249287409922,0.5471006756348233,H,2.7,3.15,2.99,0.37037037037037035,0.31746031746031744,0.33444816053511706,1.0222788483658047,0.022278848365804738,0.3622987709884023,0.31054180370434487,0.32715942530725295,H,0.2197743956241846,0.3622987709884023,1.515153733223948,1.0152860733352658,0.4998676598886822
2022-23,2023-03-11,Leeds,Brighton,3,2022-23,Independent Poisson,D,A,0.2330006403705415,0.228968302767054,0.5380310568624044,D,4.47,3.8,1.85,0.2237136465324385,0.2631578947368421,0.5405405405405405,1.0274120818098211,0.02741208180982113,0.21774480804076135,0.256136655774264,0.5261185361849746,A,0.228968302767054,0.256136655774264,1.4741717008726503,1.362044165311094,0.1121275355615563
2022-23,2023-03-11,Leicester,Chelsea,3,2022-23,Independent Poisson,A,A,0.3540153990055666,0.2683303433864914,0.377654257607942,A,4.1,3.75,1.95,0.24390243902439027,0.26666666666666666,0.5128205128205129,1.0233896185115698,0.023389618511569843,0.2383280371547299,0.2605719872891713,0.5010999755560988,A,0.377654257607942,0.5010999755560988,0.9737761643343121,0.6909496457969447,0.2828265185373674
2022-23,2023-03-11,Tottenham,Nott'm Forest,3,2022-23,Independent Poisson,H,H,0.6284978639123384,0.2101023324297074,0.1613998036579538,H,1.47,4.63,7.65,0.6802721088435374,0.2159827213822894,0.13071895424836602,1.0269737844741929,0.026973784474192852,0.6624045512435689,0.21030986832139228,0.12728558043503874,H,0.6284978639123384,0.6624045512435689,0.4644226496651071,0.4118788050959701,0.05254384456913702
2022-23,2023-03-12,Fulham,Arsenal,3,2022-23,Independent Poisson,A,A,0.2010751140379822,0.2489339466540324,0.5499909393079854,A,7.83,4.9,1.43,0.1277139208173691,0.2040816326530612,0.6993006993006994,1.0310962527711296,0.031096252771129596,0.12386226841008363,0.19792684931652138,0.6782108822733951,A,0.5499909393079854,0.6782108822733951,0.5978534748767992,0.3882970036018808,0.2095564712749184
2022-23,2023-03-12,Man United,Southampton,3,2022-23,Independent Poisson,D,H,0.761838641813412,0.1592644727516067,0.0788968854349813,D,1.28,6.28,10.69,0.78125,0.1592356687898089,0.09354536950420955,1.0340310382940183,0.03403103829401832,0.7555382489184603,0.15399505710439956,0.09046669397714026,H,0.1592644727516067,0.15399505710439956,1.837189107958438,1.8708347738082969,-0.03364566584985895
2022-23,2023-03-12,Newcastle,Wolves,3,2022-23,Independent Poisson,H,H,0.634804245277272,0.2183624598939426,0.1468332948287855,H,1.66,3.96,5.91,0.6024096385542169,0.25252525252525254,0.1692047377326565,1.0241396288121258,0.024139628812125835,0.5882104564715819,0.24657307013707722,0.16521647339134107,H,0.634804245277272,0.5882104564715819,0.45443860276990083,0.5306704759519393,-0.07623187318203845
2022-23,2023-03-12,West Ham,Aston Villa,3,2022-23,Independent Poisson,D,H,0.4561842831557082,0.2625561163203147,0.2812596005239769,D,2.42,3.28,3.29,0.4132231404958678,0.3048780487804878,0.303951367781155,1.0220525570575105,0.022052557057510525,0.40430713434692367,0.2982997759510839,0.29739308970199246,H,0.2625561163203147,0.2982997759510839,1.3372904433390478,1.2096563385475898,0.12763410479145798
2022-23,2023-03-15,Brighton,Crystal Palace,3,2022-23,Independent Poisson,H,H,0.5369539720166367,0.2473314393140372,0.2157145886693261,H,1.39,5.23,9.54,0.7194244604316548,0.19120458891013384,0.10482180293501049,1.015450852276799,0.015450852276799099,0.7084778734673303,0.18829526656206289,0.10322685997060682,H,0.5369539720166367,0.7084778734673303,0.6218429013374784,0.34463645044869756,0.2772064508887809
2022-23,2023-03-15,Southampton,Brentford,3,2022-23,Independent Poisson,A,A,0.2648968448052401,0.2853194809701716,0.4497836742245883,A,3.31,3.27,2.42,0.3021148036253776,0.3058103975535168,0.4132231404958678,1.0211483416747622,0.021148341674762205,0.29585789967585513,0.299476956552624,0.4046651437715209,A,0.4497836742245883,0.4046651437715209,0.7989885357479312,0.9046953593702052,-0.10570682362227402
2022-23,2023-03-17,Nott'm Forest,Newcastle,3,2022-23,Independent Poisson,A,A,0.2835615400104613,0.2392094117420973,0.4772290482474413,A,5.48,3.7,1.75,0.18248175182481752,0.27027027027027023,0.5714285714285714,1.0241805935236592,0.0241805935236592,0.1781734129495611,0.2638892710712418,0.557937315979197,A,0.4772290482474413,0.557937315979197,0.739758718340604,0.5835086598659385,0.15625005847466555
2022-23,2023-03-18,Aston Villa,Bournemouth,3,2022-23,Independent Poisson,H,H,0.6099816431952886,0.2224960352011582,0.1675223216035531,H,1.74,3.95,5.13,0.5747126436781609,0.2531645569620253,0.19493177387914232,1.0228089745193285,0.022808974519328507,0.5618963638329909,0.24751890457453266,0.19058473159247646,H,0.6099816431952886,0.5618963638329909,0.49432641539006494,0.5764378520844406,-0.0821114366943757
2022-23,2023-03-18,Brentford,Leicester,3,2022-23,Independent Poisson,D,H,0.5611569442240368,0.2406360755407396,0.1982069802352235,D,1.9,3.84,4.21,0.5263157894736842,0.2604166666666667,0.23752969121140144,1.0242621473517524,0.02426214735175236,0.5138487162046189,0.25424806270541045,0.23190322108997058,H,0.2406360755407396,0.25424806270541045,1.424469546778099,1.3694448637269008,0.05502468305119823
2022-23,2023-03-18,Chelsea,Everton,3,2022-23,Independent Poisson,D,H,0.5625104892409702,0.2514270369908316,0.1860624737681981,D,1.52,4.14,7.71,0.6578947368421053,0.24154589371980678,0.1297016861219196,1.0291423166838316,0.029142316683831604,0.6392650716783428,0.23470601665485047,0.12602891166680688,H,0.2514270369908316,0.23470601665485047,1.38060244290125,1.449421540940959,-0.06881909803970898
2022-23,2023-03-18,Southampton,Tottenham,3,2022-23,Independent Poisson,D,A,0.201887255906362,0.2593506516288574,0.5387620924647802,D,4.62,3.73,1.85,0.21645021645021645,0.2680965147453083,0.5405405405405405,1.0250872717360653,0.025087271736065286,0.21115296464821098,0.26153530741949993,0.527311727932289,A,0.2593506516288574,0.26153530741949993,1.3495742656416827,1.3411859857787598,0.008388279862922898
2022-23,2023-03-18,Wolves,Leeds,3,2022-23,Independent Poisson,A,H,0.4371918274214394,0.2774806995842222,0.2853274729943383,A,2.32,3.34,3.43,0.4310344827586207,0.29940119760479045,0.29154518950437314,1.0219808698677841,0.021980869867784136,0.42176374868385214,0.2929616457923764,0.28527460552377165,H,0.2853274729943383,0.28527460552377165,1.2541177302906683,1.2543030344551929,-0.0001853041645245579
2022-23,2023-03-19,Arsenal,Crystal Palace,3,2022-23,Independent Poisson,H,H,0.7599065051980924,0.14442301256857,0.0956704822333373,H,1.27,6.12,12.21,0.7874015748031495,0.16339869281045752,0.0819000819000819,1.0327003495136888,0.03270034951368883,0.7624685855620621,0.1582246901411469,0.07930672429679107,H,0.7599065051980924,0.7624685855620621,0.27455987274547083,0.27119397061215267,0.003365902133318166
2022-23,2023-04-01,Arsenal,Leeds,3,2022-23,Independent Poisson,H,H,0.7937149964594137,0.1288202319674587,0.0774647715731275,H,1.27,6.75,10.5,0.7874015748031495,0.14814814814814814,0.09523809523809523,1.0307878181893928,0.0307878181893928,0.7638832754021503,0.14372322366825643,0.09239350092959342,H,0.7937149964594137,0.7638832754021503,0.23103082869639305,0.26934028237504304,-0.03830945367864999
2022-23,2023-04-01,Bournemouth,Fulham,3,2022-23,Independent Poisson,H,A,0.3250711484589745,0.2724041377653236,0.4025247137757015,H,2.61,3.32,2.97,0.3831417624521073,0.30120481927710846,0.33670033670033667,1.0210469184295525,0.02104691842955253,0.37524403192108774,0.2949960612391684,0.32975990683974377,H,0.3250711484589745,0.37524403192108774,1.1237112022762155,0.9801787128692899,0.14353248940692553
2022-23,2023-04-01,Brighton,Brentford,3,2022-23,Independent Poisson,D,H,0.4503518419800224,0.2953939497102819,0.2542542083096958,D,1.64,4.34,5.57,0.6097560975609756,0.2304147465437788,0.17953321364452424,1.0197040577492786,0.019704057749278636,0.5979735913838056,0.22596237093765925,0.1760640376785352,H,0.2953939497102819,0.22596237093765925,1.2194453907795058,1.4873867938484049,-0.26794140306889913
2022-23,2023-04-01,Chelsea,Aston Villa,3,2022-23,Independent Poisson,A,H,0.4924431830715794,0.2539742550687995,0.2535825618596213,A,1.63,4.09,6.06,0.6134969325153374,0.24449877750611249,0.16501650165016502,1.023012211671615,0.023012211671614935,0.59969658770043,0.23899888458476795,0.1613045277148021,H,0.2535825618596213,0.1613045277148021,1.372065821166504,1.8244612240973688,-0.4523954029308648
2022-23,2023-04-01,Crystal Palace,Leicester,3,2022-23,Independent Poisson,H,H,0.4695311288494218,0.2468328078785298,0.2836360632720485,H,2.37,3.39,3.27,0.42194092827004215,0.2949852507374631,0.3058103975535168,1.0227365765610221,0.022736576561022126,0.4125607100988109,0.28842739909562887,0.2990118908055602,H,0.4695311288494218,0.4125607100988109,0.7560206804030145,0.8853719080396085,-0.129351227636594
2022-23,2023-04-01,Man City,Liverpool,3,2022-23,Independent Poisson,H,H,0.576330376561181,0.2184863350843734,0.2051832883544454,H,1.67,4.25,5.3,0.5988023952095809,0.23529411764705882,0.18867924528301888,1.0227757581396586,0.022775758139658597,0.5854679194770427,0.23005445306509673,0.18447762745786062,H,0.576330376561181,0.5854679194770427,0.5510742122961702,0.5353438891157777,0.01573032318039247
2022-23,2023-04-01,Nott'm Forest,Wolves,3,2022-23,Independent Poisson,D,H,0.3997830866711714,0.2645360080188675,0.3356809053099608,D,3.44,3.16,2.41,0.29069767441860467,0.3164556962025316,0.41493775933609955,1.0220911299572357,0.022091129957235722,0.28441463378198717,0.3096159304462138,0.40596943577179906,A,0.2645360080188675,0.3096159304462138,1.3297779007722785,1.1724226836606932,0.1573552171115853
2022-23,2023-04-02,Newcastle,Man United,3,2022-23,Independent Poisson,H,H,0.4667859277034498,0.252362572825599,0.2808514994709513,H,2.32,3.63,3.17,0.4310344827586207,0.27548209366391185,0.31545741324921134,1.021973989671744,0.02197398967174391,0.4217665881076564,0.26955881113216607,0.3086746007601775,H,0.4667859277034498,0.4217665881076564,0.7618845253320934,0.8633032267168266,-0.10141870138473319
2022-23,2023-04-02,West Ham,Southampton,3,2022-23,Independent Poisson,H,H,0.5411934083532448,0.2795528491957445,0.1792537424510106,H,1.77,3.8,4.94,0.5649717514124294,0.2631578947368421,0.20242914979757085,1.0305587959468423,0.0305587959468423,0.5482188436355566,0.2553545666407724,0.19642658972367108,H,0.5411934083532448,0.5482188436355566,0.6139785624469557,0.601080722053069,0.01289784039388675
2022-23,2023-04-03,Everton,Tottenham,3,2022-23,Independent Poisson,D,A,0.2416983686370763,0.2483192476979928,0.5099823836649306,D,3.97,3.51,2.06,0.2518891687657431,0.2849002849002849,0.4854368932038835,1.0222263468699115,0.02222634686991154,0.2464123230016869,0.2787056758737029,0.4748820011246102,A,0.2483192476979928,0.2787056758737029,1.3930400715585893,1.2775989791698443,0.115441092388745
2022-23,2023-04-04,Bournemouth,Brighton,3,2022-23,Independent Poisson,A,A,0.1981205161919287,0.2088975881051855,0.5929818957028858,A,5.99,4.37,1.59,0.1669449081803005,0.22883295194508008,0.6289308176100629,1.0247086777354435,0.024708677735443496,0.1629193855850237,0.22331513035567319,0.6137654840593031,A,0.5929818957028858,0.6137654840593031,0.5225914104624588,0.48814237158178025,0.03444903888067857
2022-23,2023-04-04,Chelsea,Liverpool,3,2022-23,Independent Poisson,D,A,0.2599293974080148,0.2447012029172592,0.495369399674726,D,2.23,3.47,3.5,0.4484304932735426,0.2881844380403458,0.2857142857142857,1.0223292170281741,0.022329217028174142,0.43863609276187243,0.28189005384984883,0.2794738533882787,H,0.2447012029172592,0.28189005384984883,1.407717392659778,1.2662381640320526,0.14147922862772533
2022-23,2023-04-04,Leeds,Nott'm Forest,3,2022-23,Independent Poisson,H,H,0.4958508125303144,0.257617202577319,0.2465319848923665,H,1.72,3.94,5.22,0.5813953488372093,0.25380710659898476,0.19157088122605365,1.0267733366622478,0.026773336662247793,0.5662353394636859,0.2471890314409999,0.18657562909531414,H,0.4958508125303144,0.5662353394636859,0.7014801786898262,0.5687454930919171,0.13273468559790902
2022-23,2023-04-04,Leicester,Aston Villa,3,2022-23,Independent Poisson,A,H,0.3948569916139708,0.2811667790546535,0.3239762293313756,A,2.74,3.5,2.7,0.36496350364963503,0.2857142857142857,0.37037037037037035,1.021048159734291,0.021048159734291083,0.35744004841516,0.27982449504501095,0.362735456539829,A,0.3239762293313756,0.362735456539829,1.1270851321424298,1.0140814802618612,0.1130036518805686
2022-23,2023-04-05,Man United,Brentford,3,2022-23,Independent Poisson,H,H,0.5692418704940455,0.2320112370899045,0.1987468924160499,H,1.65,4.31,5.48,0.6060606060606061,0.2320185614849188,0.18248175182481752,1.0205609193703424,0.020560919370342434,0.5938504939367348,0.22734415661151103,0.1788053494517541,H,0.5692418704940455,0.5938504939367348,0.5634498552223093,0.5211276850088703,0.04232217021343898
2022-23,2023-04-05,West Ham,Newcastle,3,2022-23,Independent Poisson,A,A,0.2776019860163844,0.2702428299734944,0.4521551840101211,A,3.49,3.33,2.3,0.28653295128939826,0.3003003003003003,0.4347826086956522,1.0216158602853507,0.021615860285350674,0.2804703435294807,0.29394639607143774,0.4255832603990817,A,0.4521551840101211,0.4255832603990817,0.7937298306172704,0.8542946734972917,-0.060564842880021286
2022-23,2023-04-08,Aston Villa,Nott'm Forest,3,2022-23,Independent Poisson,H,H,0.4611204524468454,0.2569092369784754,0.2819703105746792,H,1.6,4.25,6.12,0.625,0.23529411764705882,0.16339869281045752,1.0236928104575165,0.023692810457516478,0.610534716679968,0.22984836392657618,0.15961691939345568,H,0.4611204524468454,0.610534716679968,0.7740959849803495,0.49342012106953265,0.28067586391081684
2022-23,2023-04-08,Brentford,Newcastle,3,2022-23,Independent Poisson,A,A,0.2833305562033992,0.2622736001938912,0.4543958436027097,A,4.28,3.58,1.96,0.2336448598130841,0.27932960893854747,0.5102040816326531,1.0231785503842845,0.023178550384284513,0.22835199166883627,0.2730018224420724,0.4986461858890915,A,0.4543958436027097,0.4986461858890915,0.7887865586181085,0.6958584810372891,0.09292807758081945
2022-23,2023-04-08,Fulham,West Ham,3,2022-23,Independent Poisson,A,A,0.3254096888287084,0.2743122745755701,0.4002780365957214,A,2.89,3.29,2.69,0.3460207612456747,0.303951367781155,0.3717472118959108,1.0217193409227405,0.021719340922740527,0.3386651768118382,0.29749007932711624,0.36384474386104554,A,0.4002780365957214,0.36384474386104554,0.915595881849054,1.011028030188546,-0.09543214833949187
2022-23,2023-04-08,Leicester,Bournemouth,3,2022-23,Independent Poisson,A,H,0.5645750643464298,0.2506849167590809,0.1847400188944892,A,2.12,3.51,3.75,0.4716981132075471,0.2849002849002849,0.26666666666666666,1.0232650647744987,0.023265064774498745,0.46097353407789526,0.27842276132340116,0.26060370459870347,H,0.1847400188944892,0.26060370459870347,1.6888057455415648,1.344754398741231,0.3440513468003339
2022-23,2023-04-08,Man United,Everton,3,2022-23,Independent Poisson,H,H,0.6973016868949895,0.1835760794144916,0.1191222336905188,H,1.61,4.2,6.0,0.6211180124223602,0.23809523809523808,0.16666666666666666,1.025879917184265,0.025879917184264967,0.6054490413723511,0.23208879919273462,0.16246215943491424,H,0.6973016868949895,0.6054490413723511,0.3605371255769861,0.5017848791138417,-0.14124775353685565
2022-23,2023-04-08,Southampton,Man City,3,2022-23,Independent Poisson,A,A,0.0574591052602182,0.1228038401164973,0.8197370546232843,A,12.0,6.4,1.26,0.08333333333333333,0.15625,0.7936507936507936,1.033234126984127,0.03323412698412698,0.08065290446471435,0.15122419587133942,0.7681228996639462,A,0.8197370546232843,0.7681228996639462,0.1987716552414387,0.26380553303309945,-0.06503387779166075
2022-23,2023-04-08,Tottenham,Brighton,3,2022-23,Independent Poisson,H,H,0.4178781300913262,0.2455807024015399,0.3365411675071338,H,2.83,3.51,2.61,0.35335689045936397,0.2849002849002849,0.3831417624521073,1.0213989378117563,0.02139893781175628,0.3459538456309689,0.2789314481867926,0.37511470618223836,A,0.4178781300913262,0.3459538456309689,0.8725654437731857,1.0614499069523486,-0.18888446317916296
2022-23,2023-04-08,Wolves,Chelsea,3,2022-23,Independent Poisson,H,A,0.2501304784490369,0.2369752767915003,0.5128942447594629,H,5.08,3.7,1.79,0.19685039370078738,0.27027027027027023,0.5586592178770949,1.0257798818481525,0.025779881848152497,0.19190315308789357,0.26347784261797275,0.5446190042941337,A,0.2501304784490369,0.19190315308789357,1.385772583473378,1.650764445212934,-0.2649918617395559
2022-23,2023-04-09,Leeds,Crystal Palace,3,2022-23,Independent Poisson,A,H,0.4304334716608587,0.2545226265508493,0.315043901788292,A,2.09,3.53,3.82,0.47846889952153115,0.28328611898017,0.2617801047120419,1.023535123213743,0.02353512321374307,0.46746700593841106,0.2767722499748666,0.2557607440867223,H,0.315043901788292,0.2557607440867223,1.155043279111223,1.3635128649185402,-0.20846958580731711
2022-23,2023-04-09,Liverpool,Arsenal,3,2022-23,Independent Poisson,D,H,0.385651971448733,0.2736010037699209,0.3407470247813462,D,2.8,3.71,2.51,0.35714285714285715,0.2695417789757412,0.39840637450199207,1.0250910106205904,0.02509101062059038,0.3484011209176859,0.26294424220202706,0.38865463688028706,A,0.2736010037699209,0.26294424220202706,1.2960844244907606,1.3358132761173978,-0.039728851626637196
2022-23,2023-04-15,Aston Villa,Newcastle,3,2022-23,Independent Poisson,H,A,0.2640891123755277,0.249553344134422,0.4863575434900503,H,3.71,3.48,2.15,0.2695417789757412,0.28735632183908044,0.46511627906976744,1.022014379884589,0.022014379884589097,0.2637357989093844,0.2811666132051196,0.455097587885496,A,0.2640891123755277,0.2637357989093844,1.3314686859149527,1.3328074386390416,-0.0013387527240888986
2022-23,2023-04-15,Chelsea,Brighton,3,2022-23,Independent Poisson,A,H,0.404396998250512,0.2491668404049788,0.346436161344509,A,3.12,3.42,2.45,0.3205128205128205,0.29239766081871343,0.4081632653061224,1.0210737466376563,0.021073746637656265,0.3138978174380184,0.28636292117152556,0.39973926139045607,A,0.346436161344509,0.39973926139045607,1.0600567158701701,0.9169427909423294,0.1431139249278407
2022-23,2023-04-15,Everton,Fulham,3,2022-23,Independent Poisson,A,A,0.3473270776220952,0.2802117310806777,0.372461191297227,A,2.26,3.36,3.55,0.4424778761061947,0.2976190476190476,0.28169014084507044,1.0217870645703129,0.021787064570312875,0.43304313731185057,0.29127306259666136,0.27568380009148796,H,0.372461191297227,0.27568380009148796,0.9876224310270728,1.2885007218681548,-0.300878290841082
2022-23,2023-04-15,Man City,Leicester,3,2022-23,Independent Poisson,H,H,0.8594264191380345,0.1014467584750943,0.039126822386871,H,1.13,10.25,19.5,0.8849557522123894,0.0975609756097561,0.05128205128205128,1.0337987791041967,0.03379877910419671,0.8560232127370259,0.0943713395505209,0.049605447712453295,H,0.8594264191380345,0.8560232127370259,0.15149006673833038,0.15545778552463124,-0.003967718786300867
2022-23,2023-04-15,Southampton,Crystal Palace,3,2022-23,Independent Poisson,A,A,0.293662157582096,0.2495593392531333,0.4567785031647706,A,2.93,3.17,2.75,0.341296928327645,0.31545741324921134,0.36363636363636365,1.0203907052132202,0.020390705213220173,0.3344767122867195,0.30915355425870283,0.3563697334545775,A,0.4567785031647706,0.3563697334545775,0.783556681369456,1.0317865099585963,-0.24822982858914033
2022-23,2023-04-15,Tottenham,Bournemouth,3,2022-23,Independent Poisson,A,H,0.7127861974375233,0.1784348677903742,0.1087789347721023,A,1.52,4.52,6.6,0.6578947368421053,0.22123893805309736,0.15151515151515152,1.0306488264103542,0.030648826410354157,0.6383306515115205,0.21465986511006882,0.14700948337841077,H,0.1087789347721023,0.14700948337841077,2.2184375775329497,1.917258181505956,0.30117939602699373
2022-23,2023-04-15,Wolves,Brentford,3,2022-23,Independent Poisson,H,A,0.2967837989727353,0.2679692981777749,0.4352469028494896,H,2.9,3.19,2.75,0.3448275862068966,0.31347962382445144,0.36363636363636365,1.0219435736677118,0.021943573667711824,0.3374233128834355,0.30674846625766866,0.35582822085889565,A,0.2967837989727353,0.3374233128834355,1.2147513548501405,1.0864170155742916,0.12833433927584892
2022-23,2023-04-16,Nott'm Forest,Man United,3,2022-23,Independent Poisson,A,A,0.3070922696348525,0.249556686238262,0.4433510441268855,A,5.14,4.06,1.7,0.19455252918287938,0.24630541871921185,0.5882352941176471,1.0290932420197383,0.029093242019738286,0.18905238246540523,0.23934217878625197,0.5716054387483428,A,0.4433510441268855,0.5716054387483428,0.8133933980740053,0.5593063180165783,0.2540870800574271
2022-23,2023-04-16,West Ham,Arsenal,3,2022-23,Independent Poisson,D,A,0.1813484511005896,0.2054800550639685,0.6131714938354418,D,5.72,4.3,1.61,0.17482517482517484,0.23255813953488372,0.6211180124223602,1.0285013267824188,0.02850132678241879,0.1699805049081472,0.22611360187781437,0.6039058932140384,A,0.2054800550639685,0.22611360187781437,1.5824063054058404,1.4867177428264957,0.09568856257934466
2022-23,2023-04-17,Leeds,Liverpool,3,2022-23,Independent Poisson,A,A,0.1459573909499799,0.1935425799067162,0.6605000291433039,A,4.48,4.44,1.73,0.2232142857142857,0.2252252252252252,0.5780346820809249,1.0264741930204357,0.026474193020435743,0.21745727971734968,0.21941635430939788,0.5631263659732525,A,0.6605000291433039,0.5631263659732525,0.4147581108966636,0.5742512249208075,-0.1594931140241439
2022-23,2023-04-21,Arsenal,Southampton,3,2022-23,Independent Poisson,D,H,0.8607377403537109,0.1003732376685533,0.0388890219777357,D,1.22,7.26,14.16,0.819672131147541,0.13774104683195593,0.07062146892655367,1.0280346469060506,0.02803464690605062,0.7973195588440597,0.13398482944762435,0.06869561170831588,H,0.1003732376685533,0.13398482944762435,2.2988596643432855,2.0100286985177402,0.28883096582554524
2022-23,2023-04-22,Brentford,Aston Villa,3,2022-23,Independent Poisson,D,H,0.4253580241405154,0.2582584747405142,0.3163835011189704,D,2.72,3.33,2.83,0.3676470588235294,0.3003003003003003,0.35335689045936397,1.0213042495831937,0.021304249583193657,0.359977997715735,0.2940360822182581,0.34598592006600687,H,0.2582584747405142,0.2940360822182581,1.3537943554878544,1.224052790540467,0.12974156494738742
2022-23,2023-04-22,Crystal Palace,Everton,3,2022-23,Independent Poisson,D,H,0.4934500892806284,0.2476302921567108,0.2589196185626607,D,1.98,3.4,4.48,0.5050505050505051,0.29411764705882354,0.2232142857142857,1.0223824378236142,0.022382437823614154,0.49399372129829033,0.28767869652076905,0.21832758218094078,H,0.2476302921567108,0.28767869652076905,1.3958184025342024,1.2459110587131474,0.14990734382105497
2022-23,2023-04-22,Fulham,Leeds,3,2022-23,Independent Poisson,H,H,0.5132593757038464,0.2630211514821247,0.2237194728140287,H,2.39,3.48,3.11,0.41841004184100417,0.28735632183908044,0.3215434083601286,1.0273097720402133,0.027309772040213343,0.40728712334747047,0.27971730597714206,0.3129955706753873,H,0.5132593757038464,0.40728712334747047,0.6669739559263227,0.8982368794912353,-0.23126292356491263
2022-23,2023-04-22,Leicester,Wolves,3,2022-23,Independent Poisson,H,H,0.3902016446331686,0.2692695853255386,0.3405287700412928,H,2.45,3.4,3.13,0.4081632653061224,0.29411764705882354,0.3194888178913738,1.0217697302563198,0.021769730256319786,0.3994669769711529,0.28785120399391906,0.31268181903492803,H,0.3902016446331686,0.3994669769711529,0.941091635955344,0.9176241780906486,0.023467457864695396
2022-23,2023-04-22,Liverpool,Nott'm Forest,3,2022-23,Independent Poisson,H,H,0.8247296585570013,0.1230508664217441,0.0522194750212544,H,1.17,8.5,16.5,0.8547008547008548,0.11764705882352941,0.06060606060606061,1.0329539741304448,0.03295397413044476,0.8274336283185841,0.1138938053097345,0.05867256637168142,H,0.8247296585570013,0.8274336283185841,0.19269963294601505,0.18942638241769919,0.0032732505283158686
2022-23,2023-04-23,Bournemouth,West Ham,3,2022-23,Independent Poisson,A,A,0.2981421376638656,0.2448221424523309,0.4570357198838034,A,3.03,3.34,2.55,0.33003300330033003,0.29940119760479045,0.3921568627450981,1.0215910636502186,0.021591063650218567,0.3230578408948668,0.29307343051240914,0.3838687285927241,A,0.4570357198838034,0.3838687285927241,0.7829937294710544,0.9574546374624526,-0.17446090799139824
2022-23,2023-04-23,Newcastle,Tottenham,3,2022-23,Independent Poisson,H,H,0.5330105265553864,0.2382771183811305,0.2287123550634831,H,1.93,3.82,4.11,0.5181347150259068,0.2617801047120419,0.24330900243309,1.0232238221710386,0.023223822171038577,0.5063747577011525,0.25583855559246704,0.23778668670638056,H,0.5330105265553864,0.5063747577011525,0.6292141053764427,0.680478255956257,-0.05126415057981426
2022-23,2023-04-25,Aston Villa,Fulham,3,2022-23,Independent Poisson,H,H,0.5370180210957922,0.2470045087984814,0.2159774701057264,H,1.77,3.84,4.99,0.5649717514124294,0.2604166666666667,0.2004008016032064,1.0257892196823024,0.02578921968230241,0.5507678776224681,0.2538695685916064,0.19536255378592554,H,0.5370180210957922,0.5507678776224681,0.6217236261987557,0.5964418333227147,0.02528179287604093
2022-23,2023-04-25,Leeds,Leicester,3,2022-23,Independent Poisson,D,H,0.4073901000813287,0.2521812996326391,0.340428600286032,D,2.42,3.6,3.02,0.4132231404958678,0.2777777777777778,0.33112582781456956,1.0221267460882153,0.0221267460882153,0.40427778852017665,0.2717645133941187,0.32395769808570446,H,0.2521812996326391,0.2717645133941187,1.3776070071590958,1.3028193472528589,0.07478765990623693
2022-23,2023-04-25,Wolves,Crystal Palace,3,2022-23,Independent Poisson,H,A,0.3671257160302478,0.2604699833167938,0.3724043006529584,H,2.34,3.05,3.82,0.4273504273504274,0.3278688524590164,0.2617801047120419,1.0169993845214857,0.01699938452148575,0.4202071641877173,0.3223884472784454,0.2574043885338373,H,0.3671257160302478,0.4202071641877173,1.0020509390934529,0.8670074412455702,0.13504349784788272
2022-23,2023-04-26,Chelsea,Brentford,3,2022-23,Independent Poisson,A,H,0.5117237936915977,0.2487013023771956,0.2395749039312066,A,1.88,3.69,4.55,0.5319148936170213,0.2710027100271003,0.21978021978021978,1.0226978234243413,0.022697823424341346,0.520109539136388,0.2649880578797858,0.21490240298382624,H,0.2395749039312066,0.21490240298382624,1.4288891597491291,1.53757129352636,-0.1086821337772308
2022-23,2023-04-26,Man City,Arsenal,3,2022-23,Independent Poisson,H,H,0.6033827332285073,0.2167345191905922,0.1798827475809004,H,1.68,4.17,5.2,0.5952380952380952,0.23980815347721823,0.1923076923076923,1.0273539410230057,0.0273539410230057,0.5793895087854303,0.23342311145312303,0.1871873797614467,H,0.6033827332285073,0.5793895087854303,0.5052035684629248,0.5457803008432164,-0.04057673238029158
2022-23,2023-04-26,Nott'm Forest,Brighton,3,2022-23,Independent Poisson,H,A,0.2365108559337226,0.2294227085599414,0.5340664355063358,H,5.83,4.37,1.59,0.17152658662092624,0.22883295194508008,0.6289308176100629,1.0292903561760691,0.02929035617606912,0.16664548112368122,0.22232108808948775,0.6110334307868311,A,0.2365108559337226,0.16664548112368122,1.4417611696354637,1.7918865905655426,-0.3501254209300788
2022-23,2023-04-26,West Ham,Liverpool,3,2022-23,Independent Poisson,A,A,0.280463774683751,0.2478244925643511,0.4717117327518978,A,3.64,3.89,2.04,0.2747252747252747,0.2570694087403599,0.49019607843137253,1.0219907618970072,0.021990761897007216,0.2688138532831088,0.25153789870193216,0.4796482480149589,A,0.4717117327518978,0.4796482480149589,0.7513872156667273,0.7347022603570645,0.01668495530966274
2022-23,2023-04-27,Everton,Newcastle,3,2022-23,Independent Poisson,A,A,0.1360881180471563,0.2032989022368514,0.6606129797159924,A,4.71,3.73,1.84,0.21231422505307856,0.2680965147453083,0.5434782608695652,1.023889000667952,0.023889000667951965,0.20736058783185643,0.26184138570725035,0.5307980264608934,A,0.6606129797159924,0.5307980264608934,0.41458711784428076,0.6333736945775426,-0.2187865767332618
2022-23,2023-04-27,Southampton,Bournemouth,3,2022-23,Independent Poisson,A,H,0.4564604390763461,0.2595636147212019,0.2839759462024518,A,2.62,3.26,3.0,0.38167938931297707,0.3067484662576687,0.3333333333333333,1.021761188903979,0.021761188903979045,0.3735504866087116,0.30021542175301363,0.3262340916382748,H,0.2839759462024518,0.3262340916382748,1.2588657408781196,1.1201400827960957,0.13872565808202397
2022-23,2023-04-27,Tottenham,Man United,3,2022-23,Independent Poisson,D,H,0.4123293482524735,0.2388921127976076,0.3487785389499187,D,2.95,3.91,2.34,0.3389830508474576,0.2557544757033248,0.4273504273504274,1.0220879539012098,0.022087953901209767,0.33165741710739516,0.25022746303499127,0.4181151198576136,A,0.2388921127976076,0.25022746303499127,1.4317432398558647,1.3853849226444872,0.04635831721137751
2022-23,2023-04-29,Brentford,Nott'm Forest,3,2022-23,Independent Poisson,H,H,0.5964718342274709,0.2224116343032827,0.1811165314692463,H,1.77,3.8,5.02,0.5649717514124294,0.2631578947368421,0.19920318725099603,1.0273328334002676,0.027332833400267598,0.5499403241522858,0.2561564141446173,0.1939032617030968,H,0.5964718342274709,0.5499403241522858,0.5167232569538416,0.5979455081836371,-0.08122225122979554
2022-23,2023-04-29,Brighton,Wolves,3,2022-23,Independent Poisson,H,H,0.6000226020680983,0.2301402223874821,0.1698371755444196,H,1.64,4.17,5.66,0.6097560975609756,0.23980815347721823,0.17667844522968199,1.0262426962678757,0.026242696267875676,0.5941636415815363,0.23367586863158746,0.1721604897868763,H,0.6000226020680983,0.5941636415815363,0.5107879543619944,0.5206005066821288,-0.009812552320134338
2022-23,2023-04-29,Crystal Palace,West Ham,3,2022-23,Independent Poisson,H,A,0.3021772231692929,0.257474614557185,0.4403481622735219,H,2.56,3.26,3.08,0.390625,0.3067484662576687,0.3246753246753247,1.0220487909329934,0.02204879093299339,0.38219799628490514,0.30013094186790096,0.3176710618471939,H,0.3021772231692929,0.38219799628490514,1.196741602039248,0.9618164897723726,0.2349251122668755
2022-23,2023-04-30,Bournemouth,Leeds,3,2022-23,Independent Poisson,H,H,0.4540552872353747,0.2642634069403726,0.2816813058242525,H,2.51,3.43,3.01,0.39840637450199207,0.29154518950437314,0.33222591362126247,1.0221774776276276,0.022177477627627562,0.38976242699717245,0.28521973520784333,0.32501783779498433,H,0.4540552872353747,0.38976242699717245,0.7895363103036479,0.9422178870184342,-0.15268157671478633
2022-23,2023-04-30,Fulham,Man City,3,2022-23,Independent Poisson,A,A,0.0669591207127384,0.1263865161410626,0.8066543631461988,A,11.62,6.36,1.26,0.08605851979345956,0.15723270440251572,0.7936507936507936,1.0369420178467688,0.03694201784676876,0.08299260548064379,0.1516311439756416,0.7653762505437147,A,0.8066543631461988,0.7653762505437147,0.21486000091393284,0.26738773528861676,-0.052527734374683915
2022-23,2023-04-30,Liverpool,Tottenham,3,2022-23,Independent Poisson,H,H,0.6520759728364024,0.1939465167476974,0.1539775104159002,H,1.54,4.98,5.65,0.6493506493506493,0.2008032128514056,0.17699115044247787,1.0271450126445327,0.02714501264453273,0.6321898479347162,0.19549645899989215,0.17231369306539168,H,0.6520759728364024,0.6321898479347162,0.42759420108851465,0.4585655376422476,-0.030971336553732964
2022-23,2023-04-30,Man United,Aston Villa,3,2022-23,Independent Poisson,H,H,0.6272312863892694,0.2141397023697535,0.158629011240977,H,1.76,4.05,4.72,0.5681818181818182,0.2469135802469136,0.21186440677966104,1.0269598052083928,0.026959805208392806,0.5532658778855728,0.24043159137743408,0.20630253073699323,H,0.6272312863892694,0.5532658778855728,0.4664399285540838,0.591916601166685,-0.1254766726126012
2022-23,2023-04-30,Newcastle,Southampton,3,2022-23,Independent Poisson,H,H,0.7840543126703987,0.1526769589922782,0.0632687283373229,H,1.25,6.41,12.44,0.8,0.15600624024961,0.08038585209003216,1.0363920923396421,0.036392092339642135,0.7719086298642149,0.15052820395167996,0.07756316618410519,H,0.7840543126703987,0.7719086298642149,0.2432769846659213,0.2588890910600454,-0.015612106394124081
2022-23,2023-05-01,Leicester,Everton,3,2022-23,Independent Poisson,D,H,0.4860969314254316,0.2749616852781958,0.2389413832963726,D,2.06,3.48,4.01,0.4854368932038835,0.28735632183908044,0.24937655860349128,1.0221697736464552,0.022169773646455226,0.47490828404380586,0.28112386929029887,0.2439678466658953,H,0.2749616852781958,0.28112386929029887,1.291123517283477,1.2689598907995006,0.022163626483976406
2022-23,2023-05-02,Arsenal,Chelsea,3,2022-23,Independent Poisson,H,H,0.770266322104767,0.1322459820282978,0.0974876958669353,H,1.63,4.17,5.71,0.6134969325153374,0.23980815347721823,0.17513134851138354,1.0284364345039392,0.02843643450393918,0.5965336426565385,0.23317741907198028,0.17028893827148123,H,0.770266322104767,0.5965336426565385,0.26101895107130413,0.516619638939808,-0.2556006878685039
2022-23,2023-05-03,Liverpool,Fulham,3,2022-23,Independent Poisson,H,H,0.8117306755628299,0.1275309914327431,0.0607383330044271,H,1.32,6.15,8.79,0.7575757575757576,0.16260162601626016,0.11376564277588169,1.0339430263678995,0.033943026367899476,0.7327055149615136,0.15726362272344682,0.11003086231503958,H,0.8117306755628299,0.7327055149615136,0.20858667417989202,0.3110114109419751,-0.10242473676208308
2022-23,2023-05-03,Man City,West Ham,3,2022-23,Independent Poisson,H,H,0.8415556989032389,0.1085952349690852,0.049849066127676,H,1.17,8.33,17.25,0.8547008547008548,0.12004801920768307,0.057971014492753624,1.0327198884012914,0.032719888401291364,0.8276211819876732,0.11624451175577162,0.05613430625655522,H,0.8415556989032389,0.8276211819876732,0.1725030775200649,0.18919973896308487,-0.016696661443019956
2022-23,2023-05-04,Brighton,Man United,3,2022-23,Independent Poisson,H,H,0.3841873432863461,0.261059167412789,0.3547534893008651,H,2.18,3.86,3.27,0.4587155963302752,0.2590673575129534,0.3058103975535168,1.0235933513967455,0.023593351396745454,0.44814241486068107,0.2530959752321982,0.2987616099071207,H,0.3841873432863461,0.44814241486068107,0.9566249722242913,0.8026442067695521,0.15398076545473927
2022-23,2023-05-06,Bournemouth,Chelsea,3,2022-23,Independent Poisson,A,A,0.2400056916518053,0.2132655866252195,0.5467287217229753,A,3.62,3.67,2.11,0.27624309392265195,0.2724795640326976,0.47393364928909953,1.022656307244449,0.022656307244449003,0.270123101931469,0.26644295067899665,0.4634339473895344,A,0.5467287217229753,0.4634339473895344,0.6038025379274761,0.769091412460448,-0.16528887453297192
2022-23,2023-05-06,Liverpool,Brentford,3,2022-23,Independent Poisson,H,H,0.7746517930530898,0.1443588405289592,0.080989366417951,H,1.43,5.39,6.91,0.6993006993006994,0.1855287569573284,0.1447178002894356,1.0295472565474633,0.029547256547463263,0.6792312784609522,0.18020421673453832,0.1405645048045096,H,0.7746517930530898,0.6792312784609522,0.2553416498802936,0.38679359312993794,-0.13145194324964432
2022-23,2023-05-06,Man City,Leeds,3,2022-23,Independent Poisson,H,H,0.955439012230418,0.0349432527871388,0.0096177349824432,H,1.17,8.75,17.0,0.8547008547008548,0.11428571428571428,0.058823529411764705,1.0278100983983338,0.027810098398333816,0.8315746809967715,0.1111934144875683,0.057231904515660154,H,0.955439012230418,0.8315746809967715,0.04558434545987541,0.18443416959360054,-0.13884982413372512
2022-23,2023-05-06,Tottenham,Crystal Palace,3,2022-23,Independent Poisson,H,H,0.5594054949309022,0.2143623192610587,0.226232185808039,H,1.82,3.94,4.53,0.5494505494505494,0.25380710659898476,0.22075055187637968,1.0240082079259138,0.02400820792591385,0.5365685013047294,0.2478565158311187,0.2155749828641518,H,0.5594054949309022,0.5365685013047294,0.5808806753613741,0.622561043226546,-0.04168036786517193
2022-23,2023-05-06,Wolves,Aston Villa,3,2022-23,Independent Poisson,H,A,0.2621839972424536,0.2478562073680881,0.4899597953894583,H,3.19,3.4,2.41,0.31347962382445144,0.29411764705882354,0.41493775933609955,1.0225350302193745,0.02253503021937453,0.3065710362579926,0.28763576637146954,0.4057931973705379,A,0.2621839972424536,0.3065710362579926,1.3387087421525814,1.182305784527985,0.15640295762459644
2022-23,2023-05-07,Newcastle,Arsenal,3,2022-23,Independent Poisson,A,H,0.4574677345758023,0.2501721520834942,0.2923601133407035,A,2.32,3.77,3.07,0.4310344827586207,0.26525198938992045,0.32573289902280134,1.0220193711713423,0.02201937117134234,0.4217478600866533,0.25953714466870975,0.3187149952446371,H,0.2923601133407035,0.3187149952446371,1.2297689716948828,1.1434580073803857,0.08631096431449703
2022-23,2023-05-07,West Ham,Man United,3,2022-23,Independent Poisson,H,A,0.2291514415850559,0.2181603480992205,0.5526882103157233,H,3.64,3.76,2.05,0.2747252747252747,0.26595744680851063,0.48780487804878053,1.0284875995825657,0.028487599582565748,0.26711578713907486,0.25859081520910443,0.4742933976518208,A,0.2291514415850559,0.26711578713907486,1.473372177036293,1.3200730548881683,0.1532991221481248
2022-23,2023-05-08,Brighton,Everton,3,2022-23,Independent Poisson,A,H,0.6751201280838979,0.2011242646781097,0.1237556072379924,A,1.37,5.55,8.52,0.7299270072992701,0.1801801801801802,0.11737089201877934,1.0274780794982297,0.02747807949822967,0.710406403663357,0.17536158072410793,0.1142320156125351,H,0.1237556072379924,0.1142320156125351,2.0894465675457705,2.1695236741802333,-0.08007710663446277
2022-23,2023-05-08,Fulham,Leicester,3,2022-23,Independent Poisson,H,H,0.3723221019682966,0.2660632579291508,0.3616146401025525,H,2.72,3.49,2.72,0.3676470588235294,0.28653295128939826,0.3676470588235294,1.021827068936457,0.021827068936457028,0.3597938144329897,0.2804123711340206,0.3597938144329897,H,0.3723221019682966,0.3597938144329897,0.9879959338481081,1.0222241492950013,-0.03422821544689314
2022-23,2023-05-08,Nott'm Forest,Southampton,3,2022-23,Independent Poisson,H,H,0.5255358018069427,0.2527519841636452,0.221712214029412,H,2.03,3.61,3.93,0.4926108374384237,0.2770083102493075,0.2544529262086514,1.0240720738963827,0.024072073896382662,0.481031413701324,0.27049688914506587,0.2484716971536101,H,0.5255358018069427,0.481031413701324,0.6433369619526158,0.7318227018585638,-0.08848573990594799
2022-23,2023-05-13,Aston Villa,Tottenham,3,2022-23,Independent Poisson,H,H,0.3847970681669471,0.256667643087845,0.3585352887452077,H,2.24,3.79,3.2,0.4464285714285714,0.2638522427440633,0.3125,1.0227808141726347,0.022780814172634667,0.43648508579983875,0.2579753541402741,0.30553956005988714,H,0.3847970681669471,0.43648508579983875,0.9550391793283766,0.8290010719841732,0.1260381073442034
2022-23,2023-05-13,Chelsea,Nott'm Forest,3,2022-23,Independent Poisson,D,H,0.6203118288420719,0.2074675168581061,0.1722206542998218,D,1.57,4.38,5.75,0.6369426751592356,0.22831050228310504,0.17391304347826086,1.0391662209206016,0.039166220920601624,0.6129362775042528,0.21970546933371624,0.1673582531620308,H,0.2074675168581061,0.21970546933371624,1.572780496828012,1.5154674053465154,0.05731309148149655
2022-23,2023-05-13,Crystal Palace,Bournemouth,3,2022-23,Independent Poisson,H,H,0.5286416590473839,0.2353161150713521,0.2360422258812637,H,1.81,3.78,4.9,0.5524861878453039,0.2645502645502646,0.2040816326530612,1.0211180850486297,0.021118085048629665,0.5410600359888762,0.25907901194176347,0.19986095206936036,H,0.5286416590473839,0.5410600359888762,0.637444469763344,0.6142250340396146,0.02321943572372942
2022-23,2023-05-13,Leeds,Newcastle,3,2022-23,Independent Poisson,D,A,0.1610309448856157,0.1907212278260276,0.6482478272883568,D,5.16,4.5,1.63,0.19379844961240308,0.2222222222222222,0.6134969325153374,1.0295176043499628,0.029517604349962756,0.1882419968279876,0.2158508230294258,0.5959071801425866,A,0.1907212278260276,0.2158508230294258,1.6569424572796732,1.533167744018609,0.12377471326106426
2022-23,2023-05-13,Man United,Wolves,3,2022-23,Independent Poisson,H,H,0.6184245819576877,0.2082587858189542,0.173316632223358,H,1.39,5.39,8.1,0.7194244604316548,0.1855287569573284,0.1234567901234568,1.02841000751244,0.02841000751244005,0.6995502330552266,0.18040349238344433,0.120046274561329,H,0.6184245819576877,0.6995502330552266,0.48058003159714746,0.3573176746526917,0.12326235694445575
2022-23,2023-05-13,Southampton,Fulham,3,2022-23,Independent Poisson,A,A,0.3383543985643614,0.2777024197147982,0.3839431817208404,A,2.74,3.57,2.65,0.36496350364963503,0.2801120448179272,0.37735849056603776,1.0224340390336,0.022434039033599973,0.35695554893164244,0.2739658834937536,0.36907856757460394,A,0.3839431817208404,0.36907856757460394,0.9572607016108473,0.9967457373495313,-0.039485035738684005
2022-23,2023-05-14,Arsenal,Brighton,3,2022-23,Independent Poisson,A,H,0.7101816943544628,0.1630937143205478,0.1267245913249893,A,1.74,4.39,4.48,0.5747126436781609,0.22779043280182235,0.2232142857142857,1.025717362194269,0.02571736219426901,0.5603031252670864,0.22207914304435772,0.21761773168855586,H,0.1267245913249893,0.21761773168855586,2.0657391195254378,1.5250152797809595,0.5407238397444782
2022-23,2023-05-14,Brentford,West Ham,3,2022-23,Independent Poisson,H,H,0.4537688373611011,0.2489823966430537,0.2972487659958452,H,1.83,3.7,4.79,0.5464480874316939,0.27027027027027023,0.20876826722338204,1.025486624925346,0.025486624925346035,0.5328671034314802,0.2635531889944889,0.20357970757403107,H,0.4537688373611011,0.5328671034314802,0.7901673794193921,0.6294832228074437,0.16068415661194835
2022-23,2023-05-14,Everton,Man City,3,2022-23,Independent Poisson,A,A,0.0933068676669963,0.1637403182844163,0.7429528140485873,A,8.35,5.27,1.39,0.11976047904191617,0.18975332068311196,0.7194244604316548,1.028938260156683,0.028938260156682993,0.11639228871096646,0.18441662442819165,0.6991910868608417,A,0.7429528140485873,0.6991910868608417,0.29712274361808344,0.3578312023467173,-0.06070845872863384
2022-23,2023-05-15,Leicester,Liverpool,3,2022-23,Independent Poisson,A,A,0.2901834184121474,0.2613390664786071,0.4484775151092453,A,4.63,4.27,1.74,0.2159827213822894,0.234192037470726,0.5747126436781609,1.0248874025311763,0.024887402531176273,0.21073799994894502,0.22850513811794274,0.5607568619331122,A,0.4484775151092453,0.5607568619331122,0.8018967322756989,0.5784678685936292,0.2234288636820697
2022-23,2023-05-18,Newcastle,Brighton,3,2022-23,Independent Poisson,H,H,0.5774996457898467,0.2231262109602972,0.199374143249856,H,1.8,4.2,4.33,0.5555555555555556,0.23809523809523808,0.23094688221709006,1.0245976758678839,0.02459767586788386,0.5422182468694096,0.23237924865831838,0.22540250447227186,H,0.5774996457898467,0.5422182468694096,0.5490474499372914,0.6120866890913419,-0.06303923915405052
2022-23,2023-05-20,Bournemouth,Man United,3,2022-23,Independent Poisson,A,A,0.1706070015345765,0.1962952360500152,0.6330977624154082,A,7.42,5.39,1.41,0.1347708894878706,0.1855287569573284,0.7092198581560284,1.0295195046012275,0.029519504601227542,0.1309065917503647,0.18020907435764494,0.6888843338919902,A,0.6330977624154082,0.6888843338919902,0.4571304257687266,0.37268189739930574,0.08444852836942085
2022-23,2023-05-20,Fulham,Crystal Palace,3,2022-23,Independent Poisson,D,H,0.3965906714931463,0.2506920327708512,0.3527172957360026,D,2.44,3.3,3.24,0.4098360655737705,0.30303030303030304,0.30864197530864196,1.0215083439127155,0.0215083439127155,0.40120677233429397,0.296649855907781,0.30214337175792505,H,0.2506920327708512,0.296649855907781,1.3835300542556654,1.2152027720090002,0.16832728224666527
2022-23,2023-05-20,Liverpool,Aston Villa,3,2022-23,Independent Poisson,D,H,0.6944189075140804,0.1770137083193828,0.1285673841665367,D,1.48,5.0,6.46,0.6756756756756757,0.2,0.15479876160990713,1.0304744372855827,0.030474437285582745,0.6556937767961544,0.1940853579316617,0.15022086527218398,H,0.1770137083193828,0.1940853579316617,1.7315281012751536,1.6394572273472723,0.09207087392788127
2022-23,2023-05-20,Nott'm Forest,Arsenal,3,2022-23,Independent Poisson,H,A,0.1803256710405972,0.2131417476182152,0.6065325813411877,H,5.28,4.23,1.66,0.1893939393939394,0.23640661938534277,0.6024096385542169,1.028210197333499,0.028210197333498943,0.18419768631462974,0.22992051625088533,0.5858817974344851,A,0.1803256710405972,0.18419768631462974,1.7129907793149923,1.6917457159638685,0.02124506335112386
2022-23,2023-05-20,Tottenham,Brentford,3,2022-23,Independent Poisson,A,H,0.5068078506311524,0.2387461493210916,0.254446000047756,A,2.03,3.86,3.69,0.4926108374384237,0.2590673575129534,0.2710027100271003,1.0226809049784773,0.0226809049784773,0.4816857682981681,0.2533217900635444,0.2649924416382876,H,0.254446000047756,0.2649924416382876,1.3686666460639545,1.3280539755223477,0.04061267054160678
2022-23,2023-05-20,Wolves,Everton,3,2022-23,Independent Poisson,D,A,0.3678312556071585,0.2487640239225986,0.3834047204702427,D,3.24,3.58,2.37,0.30864197530864196,0.27932960893854747,0.42194092827004215,1.0099125125172317,0.009912512517231686,0.30561258671738234,0.27658792764366447,0.4177994856389531,A,0.2487640239225986,0.27658792764366447,1.391250526954305,1.2852265062438706,0.10602402071043437
2022-23,2023-05-21,Brighton,Southampton,3,2022-23,Independent Poisson,H,H,0.7755632753678621,0.151789939894567,0.0726467847375709,H,1.21,7.65,13.5,0.8264462809917356,0.13071895424836602,0.07407407407407407,1.0312393093141756,0.031239309314175623,0.8014107623005203,0.1267590878932849,0.07183014980619477,H,0.7755632753678621,0.8014107623005203,0.254165706698762,0.22138165149602063,0.03278405520274136
2022-23,2023-05-21,Man City,Chelsea,3,2022-23,Independent Poisson,H,H,0.8534141107388398,0.0967291590426622,0.0498567302184977,H,1.6,4.2,5.96,0.625,0.23809523809523808,0.16778523489932887,1.030880472994567,0.030880472994567087,0.6062778531292384,0.2309629916682813,0.16275915520248013,H,0.8534141107388398,0.6062778531292384,0.15851037363463255,0.5004168944798452,-0.3419065208452126
2022-23,2023-05-21,West Ham,Leeds,3,2022-23,Independent Poisson,H,H,0.5381704668954589,0.2360440431928409,0.2257854899117002,H,2.74,3.56,2.65,0.36496350364963503,0.2808988764044944,0.37735849056603776,1.0232208706201673,0.02322087062016731,0.35668105892761265,0.27452418580383675,0.3687947552685505,A,0.5381704668954589,0.35668105892761265,0.6195799160421155,1.0309132888749268,-0.41133337283281135
2022-23,2023-05-22,Newcastle,Leicester,3,2022-23,Independent Poisson,D,H,0.746614865435919,0.1624354549164324,0.0909496796476486,D,1.33,5.92,9.37,0.7518796992481203,0.16891891891891891,0.10672358591248667,1.0275222040795258,0.02752220407952577,0.7317405855201626,0.1643944220847663,0.10386499239507113,H,0.1624354549164324,0.1643944220847663,1.817474556631626,1.8054867258604357,0.011987830771190255
2022-23,2023-05-24,Brighton,Man City,3,2022-23,Independent Poisson,D,A,0.270566279405033,0.2354583452003034,0.4939753753946636,D,3.8,4.24,1.91,0.2631578947368421,0.23584905660377356,0.5235602094240838,1.0225671607646993,0.022567160764699334,0.2573502307076305,0.23064407469080092,0.5120056946015686,A,0.2354583452003034,0.23064407469080092,1.4462212593007924,1.4668795589211205,-0.02065829962032817
2022-23,2023-05-25,Man United,Chelsea,3,2022-23,Independent Poisson,H,H,0.4898967663817355,0.2326901238577034,0.2774131097605609,H,1.55,4.39,6.53,0.6451612903225806,0.22779043280182235,0.15313935681470137,1.0260910799391043,0.02609107993910431,0.6287563579257206,0.22199825849313598,0.14924538358114348,H,0.4898967663817355,0.6287563579257206,0.7135605909273944,0.46401144561021573,0.2495491453171787
2022-23,2023-05-28,Arsenal,Wolves,3,2022-23,Independent Poisson,H,H,0.8644655363005638,0.0868528489852543,0.0486816147141818,H,1.28,6.28,9.77,0.78125,0.1592356687898089,0.1023541453428864,1.0428398141326953,0.04283981413269533,0.7491562840355752,0.15269427445311087,0.09814944151131386,H,0.8644655363005638,0.7491562840355752,0.14564384012415946,0.28880766030741434,-0.14316382018325488
2022-23,2023-05-28,Aston Villa,Brighton,3,2022-23,Independent Poisson,H,H,0.4165453881890155,0.2600172594674316,0.3234373523435529,H,1.88,4.07,3.95,0.5319148936170213,0.24570024570024568,0.2531645569620253,1.0307796962792923,0.030779696279292335,0.5160315977672281,0.23836348987773676,0.2456049123550351,H,0.4165453881890155,0.5160315977672281,0.8757598480688755,0.6615872793924205,0.21417256867645507
2022-23,2023-05-28,Brentford,Man City,3,2022-23,Independent Poisson,H,A,0.1586665258317401,0.2000975059125434,0.6412359682557163,H,3.46,3.66,2.25,0.28901734104046245,0.27322404371584696,0.4444444444444444,1.006685829200754,0.00668582920075389,0.2870978538258796,0.27140944651299,0.44149269966113036,A,0.1586665258317401,0.2870978538258796,1.8409506010343042,1.247932167237014,0.5930184337972901
2022-23,2023-05-28,Chelsea,Newcastle,3,2022-23,Independent Poisson,D,A,0.3690377031173814,0.2591620943736689,0.3718002025089496,D,2.76,3.82,2.48,0.3623188405797102,0.2617801047120419,0.40322580645161293,1.027324751743365,0.027324751743365017,0.35268189534502786,0.25481728564195727,0.39250081901301487,A,0.2591620943736689,0.25481728564195727,1.3503015660405788,1.3672085175460813,-0.016906951505502477
2022-23,2023-05-28,Crystal Palace,Nott'm Forest,3,2022-23,Independent Poisson,D,H,0.5414755630980619,0.2251720993527756,0.2333523375491624,D,1.62,4.19,5.75,0.6172839506172839,0.2386634844868735,0.17391304347826086,1.0298604785824184,0.02986047858241836,0.599385997865422,0.23174351230118942,0.16887048983338848,H,0.2251720993527756,0.23174351230118942,1.4908902831416067,1.4621240693133972,0.02876621382820943
2022-23,2023-05-28,Everton,Bournemouth,3,2022-23,Independent Poisson,H,H,0.4710376237969807,0.2481139083169962,0.2808484678860231,H,1.65,4.26,5.31,0.6060606060606061,0.2347417840375587,0.18832391713747648,1.0291263072356411,0.029126307235641136,0.5889078938119451,0.2280981278849083,0.1829939783031468,H,0.4710376237969807,0.5889078938119451,0.7528173074830152,0.5294854847880394,0.22333182269497587
2022-23,2023-05-28,Leeds,Tottenham,3,2022-23,Independent Poisson,A,A,0.3030008508189459,0.2408207558477643,0.4561783933332897,A,2.8,3.95,2.39,0.35714285714285715,0.2531645569620253,0.41841004184100417,1.0287174559458867,0.028717455945886705,0.34717293371334007,0.24609726946768407,0.40672979681897575,A,0.4561783933332897,0.40672979681897575,0.7848713325215838,0.8996062038916797,-0.11473487137009586
2022-23,2023-05-28,Leicester,West Ham,3,2022-23,Independent Poisson,H,H,0.4241539129987508,0.2590478952949187,0.3167981917063306,H,2.11,4.01,3.29,0.47393364928909953,0.24937655860349128,0.303951367781155,1.0272615756737458,0.027261575673745764,0.4613563482876916,0.24275857727856093,0.2958850744337475,H,0.4241539129987508,0.4613563482876916,0.8576588872640499,0.7735845448101462,0.08407434245390377
2022-23,2023-05-28,Man United,Fulham,3,2022-23,Independent Poisson,H,H,0.6433625303649051,0.2081560399221067,0.148481429712988,H,1.49,5.09,6.14,0.6711409395973155,0.19646365422396858,0.16286644951140067,1.0304710433326847,0.03047104333268469,0.6512952925166666,0.19065422118857234,0.15805048629476112,H,0.6433625303649051,0.6512952925166666,0.44104690279423836,0.4287921412823006,0.012254761511937773
2022-23,2023-05-28,Southampton,Liverpool,3,2022-23,Independent Poisson,D,A,0.1573806273243088,0.2066379846031004,0.6359813880725905,D,5.77,4.87,1.53,0.1733102253032929,0.2053388090349076,0.6535947712418301,1.0322438055800305,0.03224380558003048,0.1678965999761149,0.19892471906821005,0.6331786809556751,A,0.2066379846031004,0.19892471906821005,1.5767868834210712,1.614828821969328,-0.03804193854825688
2023-24,2023-08-11,Burnley,Man City,4,2023-24,Independent Poisson,A,A,0.1236838494147178,0.1604355287566329,0.7158806218286491,A,9.62,5.81,1.33,0.10395010395010396,0.17211703958691912,0.7518796992481203,1.0279468427851435,0.027946842785143478,0.10112400721856306,0.1674376849298755,0.7314383078515613,A,0.7158806218286491,0.7314383078515613,0.3342418552119608,0.3127423985766879,0.021499456635272918
2023-24,2023-08-12,Arsenal,Nott'm Forest,4,2023-24,Independent Poisson,H,H,0.767623704281839,0.1454703162928399,0.0869059794253209,H,1.19,8.0,16.0,0.8403361344537815,0.125,0.0625,1.0278361344537816,0.027836134453781636,0.8175779253960143,0.12161471640265711,0.06080735820132856,H,0.767623704281839,0.8175779253960143,0.2644556342912183,0.20140905916820367,0.06304657512301465
2023-24,2023-08-12,Bournemouth,West Ham,4,2023-24,Independent Poisson,D,H,0.4595709551660177,0.2664917295303121,0.27393731530367,D,2.75,3.6,2.63,0.36363636363636365,0.2777777777777778,0.3802281368821293,1.0216422782962709,0.021642278296270856,0.3559331591511437,0.2718933854626792,0.3721734553861769,A,0.2664917295303121,0.2718933854626792,1.3224120695151573,1.3023452547353205,0.02006681477983685
2023-24,2023-08-12,Brighton,Luton,4,2023-24,Independent Poisson,H,H,0.5661246034316618,0.226850074817416,0.2070253217509221,H,1.27,6.36,11.36,0.7874015748031495,0.15723270440251572,0.08802816901408451,1.0326624482197497,0.03266244821974973,0.7624965700656436,0.15225953521751062,0.08524389471684574,H,0.5661246034316618,0.7624965700656436,0.5689410776020755,0.27115726878525337,0.2977838088168221
2023-24,2023-08-12,Everton,Fulham,4,2023-24,Independent Poisson,A,H,0.3949210624332218,0.2681543922584329,0.3369245453083452,A,2.39,3.32,3.3,0.41841004184100417,0.30120481927710846,0.30303030303030304,1.0226451641484156,0.022645164148415553,0.40914488867644094,0.29453502528213676,0.2963200860414224,H,0.3369245453083452,0.2963200860414224,1.087896274861563,1.2163150371577933,-0.12841876229623028
2023-24,2023-08-12,Newcastle,Aston Villa,4,2023-24,Independent Poisson,H,H,0.403753995166772,0.2428838344177648,0.3533621704154632,H,1.68,4.2,5.29,0.5952380952380952,0.23809523809523808,0.1890359168241966,1.0223692501575299,0.022369250157529885,0.5822143957737178,0.23288575830948713,0.1848998459167951,H,0.403753995166772,0.5822143957737178,0.9069495093443277,0.5409165214670035,0.3660329878773242
2023-24,2023-08-12,Sheffield United,Crystal Palace,4,2023-24,Independent Poisson,A,A,0.2556369419032299,0.2479559919138305,0.4964070661829395,A,3.98,3.22,2.17,0.25125628140703515,0.3105590062111801,0.4608294930875576,1.0226447807057728,0.022644780705772805,0.24569262577532736,0.30368218962292015,0.45062518460175255,A,0.4964070661829395,0.45062518460175255,0.7003589908961512,0.7971193612858589,-0.09676037038970775
2023-24,2023-08-13,Brentford,Tottenham,4,2023-24,Independent Poisson,D,H,0.4493603047857347,0.2478678570470602,0.3027718381672052,D,2.62,3.54,2.8,0.38167938931297707,0.2824858757062147,0.35714285714285715,1.021308122162049,0.021308122162049026,0.3737161988930278,0.2765922149999246,0.3496915861070475,H,0.2478678570470602,0.2765922149999246,1.3948595093115572,1.2852110054840649,0.10964850382749236
2023-24,2023-08-13,Chelsea,Liverpool,4,2023-24,Independent Poisson,D,A,0.2770807088383098,0.2350394202830184,0.4878798708786717,D,3.21,3.89,2.2,0.3115264797507788,0.2570694087403599,0.45454545454545453,1.0231413430365932,0.02314134303659321,0.3044803944938787,0.25125502990368914,0.44426457560243215,A,0.2350394202830184,0.25125502990368914,1.4480020330205612,1.3812868002920686,0.06671523272849256
2023-24,2023-08-14,Man United,Wolves,4,2023-24,Independent Poisson,H,H,0.6384684158473797,0.2003822417404105,0.1611493424122099,H,1.27,6.3,12.25,0.7874015748031495,0.15873015873015872,0.08163265306122448,1.0277643865945327,0.02776438659453273,0.7661304332719503,0.15444216670720268,0.07942740002084708,H,0.6384684158473797,0.7661304332719503,0.44868307090785114,0.26640284531435926,0.18228022559349188
2023-24,2023-08-18,Nott'm Forest,Sheffield United,4,2023-24,Independent Poisson,H,H,0.4714431399595886,0.2597188104208022,0.2688380496196092,H,1.94,3.51,4.48,0.5154639175257733,0.2849002849002849,0.2232142857142857,1.0235784881403438,0.0235784881403438,0.5035900260685212,0.27833750728573536,0.2180724666457435,H,0.4714431399595886,0.5035900260685212,0.7519567781157831,0.685992782273121,0.0659639958426621
2023-24,2023-08-19,Fulham,Brentford,4,2023-24,Independent Poisson,A,A,0.3282710824717993,0.2604214614424152,0.4113074560857856,A,2.87,3.22,2.75,0.3484320557491289,0.3105590062111801,0.36363636363636365,1.0226274255966725,0.022627425596672524,0.34072238532604304,0.30368734344277754,0.35559027123117953,A,0.4113074560857856,0.35559027123117953,0.8884142758143118,1.0339761344591094,-0.14556185864479765
2023-24,2023-08-19,Liverpool,Bournemouth,4,2023-24,Independent Poisson,H,H,0.694026521442769,0.1774303626427172,0.1285431159145138,H,1.2,8.25,13.0,0.8333333333333334,0.12121212121212122,0.07692307692307693,1.0314685314685315,0.03146853146853146,0.807909604519774,0.11751412429378531,0.07457627118644068,H,0.694026521442769,0.807909604519774,0.3652451038701179,0.21330510231392186,0.15194000155619602
2023-24,2023-08-19,Man City,Newcastle,4,2023-24,Independent Poisson,H,H,0.6567581451866751,0.1801876971813201,0.1630541576320047,H,1.87,3.84,4.37,0.53475935828877,0.2604166666666667,0.22883295194508008,1.0240089769005167,0.024008976900516732,0.5222213577730406,0.25431092162385055,0.2234677206031089,H,0.6567581451866751,0.5222213577730406,0.4204394482297103,0.6496637239497968,-0.22922427572008647
2023-24,2023-08-19,Tottenham,Man United,4,2023-24,Independent Poisson,H,A,0.3323282865116167,0.2499568271282842,0.4177148863600991,H,3.07,3.87,2.28,0.32573289902280134,0.25839793281653745,0.4385964912280702,1.022727323067409,0.02272732306740899,0.31849437447886775,0.25265574409563923,0.42884988142549296,A,0.3323282865116167,0.31849437447886775,1.1016319838269368,1.1441504666726297,-0.04251848284569282
2023-24,2023-08-19,Wolves,Brighton,4,2023-24,Independent Poisson,A,A,0.2044937160125024,0.2200599524247062,0.5754463315627911,A,4.11,4.21,1.83,0.24330900243309,0.23752969121140144,0.5464480874316939,1.0272867810761854,0.02728678107618543,0.23684623117431683,0.23122042995877487,0.5319333388669083,A,0.5754463315627911,0.5319333388669083,0.5526093104897013,0.6312371003733059,-0.07862778988360464
2023-24,2023-08-20,Aston Villa,Everton,4,2023-24,Independent Poisson,H,H,0.5455919406767831,0.2399373065386917,0.2144707527845253,H,1.85,3.92,4.38,0.5405405405405405,0.25510204081632654,0.22831050228310504,1.0239530836399722,0.023953083639972172,0.5278958080960257,0.24913450126980807,0.22296969063416613,H,0.5455919406767831,0.5278958080960257,0.6058839440488187,0.6388563479000903,-0.03297240385127154
2023-24,2023-08-20,West Ham,Chelsea,4,2023-24,Independent Poisson,H,H,0.3779938250846715,0.2470922342627824,0.3749139406525461,H,3.25,3.65,2.27,0.3076923076923077,0.273972602739726,0.44052863436123346,1.022193544793267,0.022193544793267073,0.30101178906831855,0.268024195745763,0.43096401518591854,A,0.3779938250846715,0.30101178906831855,0.9728774192508166,1.2006058486603137,-0.2277284294094971
2023-24,2023-08-21,Crystal Palace,Arsenal,4,2023-24,Independent Poisson,A,A,0.2713836834962666,0.2416106023743785,0.4870057141293548,A,4.51,3.53,1.93,0.22172949002217296,0.28328611898017,0.5181347150259068,1.0231503240282498,0.02315032402824979,0.21671252485089462,0.2768763419483101,0.5064111332007952,A,0.4870057141293548,0.5064111332007952,0.7194794226432184,0.6804064234001655,0.03907299924305285
2023-24,2023-08-25,Chelsea,Luton,4,2023-24,Independent Poisson,H,H,0.487764828762345,0.2477711297173346,0.2644640415203204,H,1.27,6.25,12.5,0.7874015748031495,0.16,0.08,1.0274015748031495,0.02740157480314953,0.7664009809932557,0.15573267933782955,0.07786633966891478,H,0.487764828762345,0.7664009809932557,0.7179218975579842,0.26604977232466703,0.45187212523331716
2023-24,2023-08-26,Arsenal,Fulham,4,2023-24,Independent Poisson,D,H,0.7569503415009107,0.1504700857968038,0.0925795727022855,D,1.29,6.29,10.32,0.7751937984496123,0.1589825119236884,0.09689922480620154,1.0310755351795022,0.031075535179502234,0.7518302704317944,0.1541909457642313,0.0939787838039743,H,0.1504700857968038,0.1541909457642313,1.8939909800194228,1.869563537059134,0.02442744296028887
2023-24,2023-08-26,Bournemouth,Tottenham,4,2023-24,Independent Poisson,A,A,0.2395069743925746,0.2321373055629277,0.5283557200444979,A,3.47,3.89,2.09,0.2881844380403458,0.2570694087403599,0.47846889952153115,1.023722746302237,0.02372274630223692,0.28150633468025354,0.25111233453482773,0.46738133078491867,A,0.5283557200444979,0.46738133078491867,0.6379855099125764,0.7606098003689085,-0.12262429045633205
2023-24,2023-08-26,Brentford,Crystal Palace,4,2023-24,Independent Poisson,D,H,0.575250485934091,0.2205312087790967,0.2042183052868124,D,2.16,3.37,3.81,0.4629629629629629,0.29673590504451036,0.26246719160104987,1.0221660596085231,0.022166059608523137,0.45292343510238636,0.2903010741309064,0.25677549076670725,H,0.2205312087790967,0.2903010741309064,1.5117160576974324,1.2368367078863816,0.2748793498110509
2023-24,2023-08-26,Brighton,West Ham,4,2023-24,Independent Poisson,A,H,0.5579595006794047,0.2244534607679351,0.2175870385526602,A,1.5,4.95,6.25,0.6666666666666666,0.20202020202020202,0.16,1.0286868686868686,0.02868686868686865,0.648075412411626,0.19638648860958366,0.15553809897879026,H,0.2175870385526602,0.15553809897879026,1.52515633124935,1.8608645678628712,-0.33570823661352134
2023-24,2023-08-26,Everton,Wolves,4,2023-24,Independent Poisson,A,H,0.3918205361831521,0.2837845094015958,0.3243949544152521,A,2.45,3.38,3.14,0.4081632653061224,0.2958579881656805,0.3184713375796178,1.0224925910514207,0.022492591051420652,0.3991845700186556,0.2893497622916291,0.31146566768971534,H,0.3243949544152521,0.31146566768971534,1.1257935104523058,1.1664661629132491,-0.040672652460943315
2023-24,2023-08-26,Man United,Nott'm Forest,4,2023-24,Independent Poisson,H,H,0.600872886785639,0.2125818247491596,0.1865452884652013,H,1.38,5.3,8.51,0.7246376811594204,0.18867924528301888,0.11750881316098707,1.0308257396034264,0.030825739603426383,0.7029681674792085,0.18303699455119013,0.11399483796960136,H,0.600872886785639,0.7029681674792085,0.5093718696693262,0.35244366916509506,0.15692820050423117
2023-24,2023-08-27,Burnley,Aston Villa,4,2023-24,Independent Poisson,A,A,0.2861326573775398,0.2585005294015536,0.4553668132209064,A,3.24,3.6,2.29,0.30864197530864196,0.2777777777777778,0.4366812227074236,1.0231009757938434,0.023100975793843403,0.30167303385588196,0.27150573047029375,0.42682123567382424,A,0.4553668132209064,0.42682123567382424,0.7866520019189834,0.8513900052303932,-0.06473800331140978
2023-24,2023-08-27,Newcastle,Liverpool,4,2023-24,Independent Poisson,A,A,0.3668177965812602,0.2413917178674021,0.3917904855513376,A,2.24,3.93,3.11,0.4464285714285714,0.2544529262086514,0.3215434083601286,1.0224249059973514,0.022424905997351363,0.4366370271399941,0.24887199511287195,0.314490977747134,H,0.3917904855513376,0.314490977747134,0.9370280577090331,1.156799890861616,-0.21977183315258286
2023-24,2023-08-27,Sheffield United,Man City,4,2023-24,Independent Poisson,A,A,0.0905809209708055,0.1400101080355913,0.7694089709936032,A,16.0,7.4,1.2,0.0625,0.13513513513513511,0.8333333333333334,1.0309684684684686,0.03096846846846857,0.060622610595303106,0.13107591480065534,0.8083014746040414,A,0.7694089709936032,0.8083014746040414,0.2621326290053721,0.21282017791635005,0.04931245108902205
2023-24,2023-09-01,Luton,West Ham,4,2023-24,Independent Poisson,A,A,0.244479818235951,0.25055586762004,0.504964314144009,A,4.67,4.09,1.76,0.21413276231263384,0.24449877750611249,0.5681818181818182,1.0268133580005645,0.026813358000564502,0.20854107578966274,0.23811413788208438,0.5533447863282529,A,0.504964314144009,0.5533447863282529,0.6832675172650386,0.5917739883302727,0.09149352893476592
2023-24,2023-09-02,Brentford,Bournemouth,4,2023-24,Independent Poisson,D,H,0.6079418316003113,0.2224720064768829,0.1695861619228059,D,1.75,4.01,4.86,0.5714285714285714,0.24937655860349128,0.20576131687242796,1.0265664469044906,0.026566446904490615,0.5566406082642362,0.24292295871880634,0.20043643301695746,H,0.2224720064768829,0.24292295871880634,1.5029539988780785,1.4150109282195655,0.08794307065851292
2023-24,2023-09-02,Brighton,Newcastle,4,2023-24,Independent Poisson,H,H,0.4260178308874832,0.2497165927667821,0.3242655763457347,H,2.64,3.87,2.59,0.3787878787878788,0.25839793281653745,0.3861003861003861,1.0232861977048024,0.023286197704802447,0.3701680718820283,0.25251775446215885,0.3773141736558127,A,0.4260178308874832,0.3701680718820283,0.8532740770453395,0.9937981281536004,-0.14052405110826083
2023-24,2023-09-02,Burnley,Tottenham,4,2023-24,Independent Poisson,A,A,0.1689271814043658,0.2163121765104992,0.6147606420851348,A,3.71,3.79,2.04,0.2695417789757412,0.2638522427440633,0.49019607843137253,1.0235901001511771,0.02359010015117713,0.26332980256054817,0.25777138984159204,0.4788988075978597,A,0.6147606420851348,0.4788988075978597,0.486522286795112,0.7362659615137671,-0.2497436747186551
2023-24,2023-09-02,Chelsea,Nott'm Forest,4,2023-24,Independent Poisson,A,H,0.534130468584188,0.2363936637461003,0.2294758676697116,A,1.41,5.01,8.45,0.7092198581560284,0.1996007984031936,0.1183431952662722,1.0271638518254942,0.02716385182549419,0.6904641911761108,0.1943222573968695,0.11521355142701968,H,0.2294758676697116,0.11521355142701968,1.4719574067763344,2.1609679037235714,-0.689010496947237
2023-24,2023-09-02,Man City,Fulham,4,2023-24,Independent Poisson,H,H,0.8555786005255817,0.0958699880300849,0.0485514114443332,H,1.19,7.65,16.0,0.8403361344537815,0.13071895424836602,0.0625,1.0335550887021476,0.03355508870214763,0.8130540342160238,0.12647507198915928,0.06047089379481677,H,0.8555786005255817,0.8130540342160238,0.15597731316008884,0.20695770889254037,-0.05098039573245153
2023-24,2023-09-02,Sheffield United,Everton,4,2023-24,Independent Poisson,D,A,0.3447004311947164,0.2887192705239486,0.3665802982813351,D,3.21,3.42,2.39,0.3115264797507788,0.29239766081871343,0.41841004184100417,1.0223341824104963,0.02233418241049634,0.30472079004171654,0.2860098643374006,0.4092693456208829,A,0.2887192705239486,0.2860098643374006,1.2423004452372859,1.2517289780668628,-0.009428532829576897
2023-24,2023-09-03,Arsenal,Man United,4,2023-24,Independent Poisson,H,H,0.5789713120621836,0.2170178491666243,0.204010838771192,H,1.76,4.2,4.49,0.5681818181818182,0.23809523809523808,0.22271714922048996,1.0289942054975463,0.028994205497546277,0.5521720289057285,0.23138637401763856,0.21644159707663296,H,0.5789713120621836,0.5521720289057285,0.5465023500249382,0.5938956346883978,-0.0473932846634596
2023-24,2023-09-03,Crystal Palace,Wolves,4,2023-24,Independent Poisson,H,H,0.5070718102928361,0.238344430684948,0.2545837590222157,H,1.9,3.61,4.54,0.5263157894736842,0.2770083102493075,0.22026431718061673,1.0235884169036085,0.023588416903608467,0.5141869337148307,0.2706247019551741,0.21518836432999522,H,0.5070718102928361,0.5141869337148307,0.6791026477621661,0.6651683953739674,0.013934252388198676
2023-24,2023-09-03,Liverpool,Aston Villa,4,2023-24,Independent Poisson,H,H,0.5980335933392078,0.2151674930882523,0.1867989135725399,H,1.65,4.67,5.02,0.6060606060606061,0.21413276231263384,0.19920318725099603,1.019396555624236,0.019396555624235923,0.5945287952140272,0.21005835376941004,0.19541285101656275,H,0.5980335933392078,0.5945287952140272,0.5141083504568049,0.5199861280040559,-0.00587777754725094
2023-24,2023-09-16,Aston Villa,Crystal Palace,4,2023-24,Independent Poisson,H,H,0.4660907390804895,0.2497214931587174,0.2841877677607931,H,1.98,3.66,4.08,0.5050505050505051,0.27322404371584696,0.24509803921568626,1.0233725879820383,0.02337258798203834,0.493515764425937,0.2669839381320642,0.2395002974419988,H,0.4660907390804895,0.493515764425937,0.7633749447549417,0.706200476493298,0.05717446826164374
2023-24,2023-09-16,Fulham,Luton,4,2023-24,Independent Poisson,H,H,0.4773249727810152,0.2561715765078676,0.2665034507111172,H,1.69,3.82,5.68,0.591715976331361,0.2617801047120419,0.17605633802816903,1.029552419071572,0.02955241907157191,0.5747312767862346,0.25426593135307235,0.17100279186069303,H,0.4773249727810152,0.5747312767862346,0.7395577354066188,0.5538526921439585,0.18570504326266035
2023-24,2023-09-16,Man United,Brighton,4,2023-24,Independent Poisson,A,H,0.5459805488995669,0.2185976423744083,0.2354218087260246,A,2.07,3.9,3.53,0.48309178743961356,0.25641025641025644,0.28328611898017,1.02278816283004,0.022788162830039926,0.47232829338081667,0.2506973249482796,0.27697438167090377,H,0.2354218087260246,0.27697438167090377,1.4463764430521036,1.2838302620143802,0.16254618103772334
2023-24,2023-09-16,Newcastle,Brentford,4,2023-24,Independent Poisson,H,H,0.4458438779831373,0.2446828723222788,0.3094732496945839,H,1.66,4.17,5.43,0.6024096385542169,0.23980815347721823,0.1841620626151013,1.0263798546465364,0.02637985464653636,0.5869266001539695,0.23364464178791108,0.17942875805811956,H,0.4458438779831373,0.5869266001539695,0.8077864376088165,0.532855509299623,0.2749309283091935
2023-24,2023-09-16,Tottenham,Sheffield United,4,2023-24,Independent Poisson,H,H,0.7610648226767971,0.1525383688895858,0.0863968084336172,H,1.3,6.31,9.4,0.7692307692307692,0.1584786053882726,0.10638297872340426,1.034092353342446,0.03409235334244598,0.7438704741838795,0.15325382193962656,0.10287570387649399,H,0.7610648226767971,0.7438704741838795,0.2730367438325059,0.29588835314400824,-0.02285160931150232
2023-24,2023-09-16,West Ham,Man City,4,2023-24,Independent Poisson,A,A,0.1623356050321454,0.1852126283652173,0.6524517666026373,A,5.49,4.3,1.63,0.18214936247723132,0.23255813953488372,0.6134969325153374,1.0282044345274524,0.02820443452745236,0.17715286606495184,0.22617889178990364,0.5966682421451446,A,0.6524517666026373,0.5966682421451446,0.4270180634330725,0.5163940283522094,-0.08937596491913685
2023-24,2023-09-16,Wolves,Liverpool,4,2023-24,Independent Poisson,A,A,0.1422705386255122,0.1816106096209141,0.6761188517535739,A,4.58,4.46,1.71,0.2183406113537118,0.2242152466367713,0.5847953216374269,1.02735117962791,0.027351179627910005,0.21252772730819391,0.218245962123661,0.5692263105681451,A,0.6761188517535739,0.5692263105681451,0.39138640218951865,0.5634771900677802,-0.17209078787826154
2023-24,2023-09-17,Bournemouth,Chelsea,4,2023-24,Independent Poisson,D,A,0.296483071001953,0.253158270949296,0.4503586580487509,D,4.34,3.97,1.83,0.2304147465437788,0.2518891687657431,0.5464480874316939,1.0287520027412158,0.02875200274121581,0.22397501626224295,0.2448492621103613,0.5311757216273958,A,0.253158270949296,0.2448492621103613,1.3737404089715746,1.4071125144778809,-0.033372105506306315
2023-24,2023-09-17,Everton,Arsenal,4,2023-24,Independent Poisson,A,A,0.1848076507317707,0.2097584823311614,0.6054338669370676,A,6.0,4.3,1.59,0.16666666666666666,0.23255813953488372,0.6289308176100629,1.0281556238116132,0.028155623811613184,0.1621025677501956,0.2261896294188776,0.6117078028309269,A,0.6054338669370676,0.6117078028309269,0.50180994253687,0.49150055683830823,0.010309385698561713
2023-24,2023-09-18,Nott'm Forest,Burnley,4,2023-24,Independent Poisson,D,H,0.504489152887984,0.2534739602905222,0.2420368868214938,D,2.14,3.51,3.69,0.4672897196261682,0.2849002849002849,0.2710027100271003,1.0231927145535535,0.02319271455355354,0.456697661134207,0.2784424486687188,0.264859890197074,H,0.2534739602905222,0.2784424486687188,1.3724941819744834,1.2785438884784255,0.09395029349605788
2023-24,2023-09-23,Brentford,Everton,4,2023-24,Independent Poisson,A,H,0.610058863938168,0.2258984518351124,0.1640426842267195,A,1.95,3.53,4.4,0.5128205128205129,0.28328611898017,0.22727272727272727,1.0233793590734102,0.023379359073410155,0.5011049991127745,0.27681437628042777,0.22208062460679773,H,0.1640426842267195,0.22208062460679773,1.807628615347096,1.5047147891370432,0.3029138262100528
2023-24,2023-09-23,Burnley,Man United,4,2023-24,Independent Poisson,A,A,0.2329617596127465,0.2480683959252692,0.5189698444619844,A,4.32,4.0,1.83,0.23148148148148145,0.25,0.5464480874316939,1.0279295689131753,0.02792956891317533,0.22519196692262256,0.2432073242764324,0.5316007088009451,A,0.5189698444619844,0.5316007088009451,0.6559095006604017,0.6318626188088244,0.024046881851577218
2023-24,2023-09-23,Crystal Palace,Fulham,4,2023-24,Independent Poisson,D,H,0.4805279925722865,0.2590389673704681,0.2604330400572454,D,2.1,3.39,3.97,0.47619047619047616,0.2949852507374631,0.2518891687657431,1.0230648956936825,0.02306489569368253,0.4654548095579003,0.2883348377792303,0.2462103526628692,H,0.2590389673704681,0.2883348377792303,1.3507767754317115,1.2436328430005452,0.10714393243116627
2023-24,2023-09-23,Luton,Wolves,4,2023-24,Independent Poisson,D,H,0.4079044801503388,0.2707884030051731,0.321307116844488,D,3.28,3.31,2.41,0.3048780487804878,0.3021148036253776,0.41493775933609955,1.0219306117419649,0.021930611741964867,0.29833537157752626,0.2956314256115668,0.40603320281090705,A,0.2707884030051731,0.2956314256115668,1.3064175638050006,1.2186417842882094,0.08777577951679127
2023-24,2023-09-23,Man City,Nott'm Forest,4,2023-24,Independent Poisson,H,H,0.821354896957498,0.1179057159581527,0.0607393870843493,H,1.17,8.5,18.0,0.8547008547008548,0.11764705882352941,0.05555555555555555,1.0279034690799398,0.02790346907993979,0.8314991440449987,0.11445341159207628,0.05404744436292491,H,0.821354896957498,0.8314991440449987,0.1967999889289393,0.18452500976038966,0.012274979168549638
2023-24,2023-09-24,Arsenal,Tottenham,4,2023-24,Independent Poisson,D,H,0.4746243287043469,0.2465616985725555,0.2788139727230977,D,1.65,4.39,5.11,0.6060606060606061,0.22779043280182235,0.19569471624266144,1.0295457551050897,0.02954575510508972,0.5886679664846397,0.22125333592247282,0.19007869759288756,H,0.2465616985725555,0.22125333592247282,1.400143018350043,1.5084469175920678,-0.10830389924202488
2023-24,2023-09-24,Brighton,Bournemouth,4,2023-24,Independent Poisson,H,H,0.7094886473174755,0.1799900918170235,0.1105212608655012,H,1.52,4.97,5.9,0.6578947368421053,0.2012072434607646,0.1694915254237288,1.0285935057265987,0.02859350572659869,0.6396061545978441,0.1956139547261012,0.16477989067605472,H,0.7094886473174755,0.6396061545978441,0.343210783472036,0.44690267549539486,-0.10369189202335888
2023-24,2023-09-24,Chelsea,Aston Villa,4,2023-24,Independent Poisson,A,A,0.3144420598395163,0.2577890079963749,0.4277689321641089,A,1.91,3.93,4.1,0.5235602094240838,0.2544529262086514,0.24390243902439027,1.0219155746571253,0.021915574657125347,0.512332155814094,0.24899603501397444,0.23867180917193162,H,0.4277689321641089,0.23867180917193162,0.8491721073082478,1.432665854111961,-0.5834937468037132
2023-24,2023-09-24,Liverpool,West Ham,4,2023-24,Independent Poisson,H,H,0.7699007223255747,0.1443092822983119,0.0857899953761135,H,1.39,5.64,7.61,0.7194244604316548,0.1773049645390071,0.1314060446780552,1.028135469648717,0.02813546964871705,0.6997370304493633,0.17245292062493173,0.127810048925705,H,0.7699007223255747,0.6997370304493633,0.2614937044915663,0.3570506853073038,-0.09555698081573749
2023-24,2023-09-24,Sheffield United,Newcastle,4,2023-24,Independent Poisson,A,A,0.1848760873060114,0.2161958935751094,0.598928019118879,A,6.05,4.39,1.57,0.1652892561983471,0.22779043280182235,0.6369426751592356,1.030022364159405,0.03002236415940507,0.16047152173558743,0.22115095820052483,0.6183775200638878,A,0.598928019118879,0.6183775200638878,0.512613856503385,0.4806561341421636,0.03195772236122135
2023-24,2023-09-30,Aston Villa,Brighton,4,2023-24,Independent Poisson,H,A,0.3419395590241263,0.2607416155579897,0.3973188254178839,H,2.49,3.77,2.82,0.4016064257028112,0.26525198938992045,0.3546099290780142,1.021468344170746,0.021468344170745945,0.3931658068452875,0.2596771509402563,0.3471570422144561,H,0.3419395590241263,0.3931658068452875,1.0731212855373957,0.9335238557181237,0.13959742981927203
2023-24,2023-09-30,Bournemouth,Arsenal,4,2023-24,Independent Poisson,A,A,0.189774627521938,0.2162722077859676,0.5939531646920942,A,6.06,4.62,1.55,0.16501650165016502,0.21645021645021645,0.6451612903225806,1.026628008422962,0.02662800842296198,0.16073641114044068,0.21083607175564298,0.6284275171039164,A,0.5939531646920942,0.6284275171039164,0.5209548100478121,0.46453458440611545,0.05642022564169663
2023-24,2023-09-30,Everton,Luton,4,2023-24,Independent Poisson,A,H,0.4395684598063638,0.2650437291713354,0.2953878110223008,A,1.67,3.93,5.7,0.5988023952095809,0.2544529262086514,0.17543859649122806,1.0286939179094605,0.02869391790946052,0.5820996749222386,0.24735533260054407,0.17054499247721722,H,0.2953878110223008,0.17054499247721722,1.2194661723553408,1.768756131573344,-0.5492899592180032
2023-24,2023-09-30,Man United,Crystal Palace,4,2023-24,Independent Poisson,A,H,0.5669607899033695,0.2302552564552734,0.2027839536413569,A,1.58,4.37,5.96,0.6329113924050632,0.22883295194508008,0.16778523489932887,1.0295295792494723,0.029529579249472304,0.6147578517039365,0.22226942922018758,0.1629727190758758,H,0.2027839536413569,0.1629727190758758,1.5956141344520078,1.8141724598155637,-0.2185583253635559
2023-24,2023-09-30,Newcastle,Burnley,4,2023-24,Independent Poisson,H,H,0.7259444997823179,0.1745840989025825,0.0994714013150996,H,1.38,5.24,8.53,0.7246376811594204,0.19083969465648853,0.1172332942555686,1.0327106700714774,0.03271067007147743,0.7016850916329409,0.184794928712492,0.11351997965456721,H,0.7259444997823179,0.7016850916329409,0.32028171366035907,0.35427056301922455,-0.03398884935886548
2023-24,2023-09-30,Tottenham,Liverpool,4,2023-24,Independent Poisson,H,A,0.3018749892093317,0.2459509963645317,0.4521740144261366,H,2.96,4.01,2.3,0.33783783783783783,0.24937655860349128,0.4347826086956522,1.0219970051369813,0.02199700513698133,0.3305663677483638,0.24400908941026359,0.4254245428413726,A,0.3018749892093317,0.3305663677483638,1.1977422903207855,1.106947829718845,0.09079446060194041
2023-24,2023-09-30,West Ham,Sheffield United,4,2023-24,Independent Poisson,H,H,0.653781373772373,0.2128331822759178,0.1333854439517091,H,1.48,4.79,7.0,0.6756756756756757,0.20876826722338204,0.14285714285714285,1.0273010857562006,0.027301085756200605,0.6577192266649927,0.20322013684012302,0.13906063649488418,H,0.653781373772373,0.6577192266649927,0.4249822742805172,0.4189771459183016,0.006005128362215617
2023-24,2023-09-30,Wolves,Man City,4,2023-24,Independent Poisson,H,A,0.0740477854222913,0.1289876796334967,0.796964534944212,H,8.61,5.19,1.39,0.11614401858304298,0.19267822736030826,0.7194244604316548,1.028246706375006,0.028246706375006037,0.11295345549172588,0.18738521228974175,0.6996613322185323,A,0.0740477854222913,0.11295345549172588,2.603044645234224,2.180779443426515,0.4222652018077091
2023-24,2023-10-01,Nott'm Forest,Brentford,4,2023-24,Independent Poisson,D,A,0.3665210462476186,0.251216401605586,0.3822625521467953,D,2.62,3.27,2.99,0.38167938931297707,0.3058103975535168,0.33444816053511706,1.0219379474016108,0.021937947401610813,0.3734858758141223,0.2992455641079512,0.3272685600779266,H,0.251216401605586,0.2992455641079512,1.3814405535037217,1.206490758019164,0.1749497954845578
2023-24,2023-10-02,Fulham,Chelsea,4,2023-24,Independent Poisson,A,H,0.4075586877772707,0.2545121073256187,0.3379292048971107,A,3.52,3.49,2.22,0.2840909090909091,0.28653295128939826,0.4504504504504504,1.0210743108307576,0.021074310830757614,0.2782274571767157,0.2806190972097533,0.44115344561353115,A,0.3379292048971107,0.44115344561353115,1.0849188584045826,0.8183625148185565,0.2665563435860261
2023-24,2023-10-03,Luton,Burnley,4,2023-24,Independent Poisson,A,H,0.5054756537829136,0.2674895837821444,0.2270347624349419,A,2.95,3.22,2.69,0.3389830508474576,0.3105590062111801,0.3717472118959108,1.0212892689545485,0.021289268954548524,0.331916785138123,0.30408525346505055,0.3639979613968264,A,0.2270347624349419,0.3639979613968264,1.4826521347453143,1.010607011919249,0.47204512282606537
2023-24,2023-10-07,Burnley,Chelsea,4,2023-24,Independent Poisson,A,A,0.2548521554812279,0.2469586289093596,0.4981892156094125,A,5.2,4.07,1.69,0.1923076923076923,0.24570024570024568,0.591715976331361,1.0297239143392989,0.029723914339298885,0.1867565564222936,0.23860788535526456,0.5746355582224419,A,0.4981892156094125,0.5746355582224419,0.696775323097679,0.5540192509154462,0.14275607218223274
2023-24,2023-10-07,Crystal Palace,Nott'm Forest,4,2023-24,Independent Poisson,D,H,0.4708754988584215,0.2558441418371875,0.2732803593043909,D,2.34,3.12,3.64,0.4273504273504274,0.3205128205128205,0.2747252747252747,1.0225885225885225,0.02258852258852251,0.41791044776119407,0.31343283582089554,0.26865671641791045,H,0.2558441418371875,0.31343283582089554,1.3631868408577914,1.160170181667543,0.20301665919024847
2023-24,2023-10-07,Everton,Bournemouth,4,2023-24,Independent Poisson,H,H,0.4832782121983868,0.2679744826635278,0.2487473051380852,H,1.93,3.78,4.18,0.5181347150259068,0.2645502645502646,0.23923444976076558,1.0219194293369371,0.021919429336937135,0.507021101812394,0.25887585357087844,0.23410304461672737,H,0.4832782121983868,0.507021101812394,0.7271627824665826,0.6792026553253372,0.04796012714124542
2023-24,2023-10-07,Fulham,Sheffield United,4,2023-24,Independent Poisson,H,H,0.5954664294163321,0.2337559451220468,0.170777625461621,H,1.52,4.56,6.57,0.6578947368421053,0.2192982456140351,0.15220700152207,1.0293999839782104,0.02939998397821042,0.6391050583657588,0.2130350194552529,0.1478599221789883,H,0.5954664294163321,0.6391050583657588,0.5184102655519439,0.4476864275304998,0.07072383802144411
2023-24,2023-10-07,Luton,Tottenham,4,2023-24,Independent Poisson,A,A,0.1487490706064234,0.2021438180047547,0.6491071113888216,A,6.8,5.15,1.45,0.14705882352941177,0.1941747572815534,0.6896551724137931,1.0308887532247584,0.03088875322475837,0.14265246668895362,0.18835665504560864,0.6689908782654377,A,0.6491071113888216,0.6689908782654377,0.43215753523501654,0.40198485382662874,0.030172681408387803
2023-24,2023-10-07,Man United,Brentford,4,2023-24,Independent Poisson,H,H,0.5202646408215597,0.2378097466178674,0.241925612560573,H,1.63,4.33,5.41,0.6134969325153374,0.23094688221709006,0.18484288354898337,1.0292866982814108,0.02928669828141084,0.5960408635802705,0.22437565996208797,0.17958347645764158,H,0.5202646408215597,0.5960408635802705,0.6534176722080506,0.5174460512129809,0.13597162099506965
2023-24,2023-10-08,Arsenal,Man City,4,2023-24,Independent Poisson,H,A,0.3667209591112523,0.2380437139898047,0.3952353268989431,H,3.0,3.39,2.56,0.3333333333333333,0.2949852507374631,0.390625,1.0189435840707963,0.018943584070796327,0.32713620120323883,0.2895010630117158,0.38336273578504554,A,0.3667209591112523,0.32713620120323883,1.0031540495216948,1.1173786773630965,-0.11422462784140164
2023-24,2023-10-08,Brighton,Liverpool,4,2023-24,Independent Poisson,D,A,0.3040997850157984,0.2449482183339599,0.4509519966502414,D,3.26,4.19,2.1,0.3067484662576687,0.2386634844868735,0.47619047619047616,1.0216024269350183,0.02160242693501835,0.30026207668473,0.23361679474754646,0.46612112856772364,A,0.2449482183339599,0.23361679474754646,1.4067084445146982,1.454073135289009,-0.047364690774310825
2023-24,2023-10-08,West Ham,Newcastle,4,2023-24,Independent Poisson,D,A,0.2590113994803756,0.2442837874761446,0.4967048130434796,D,3.58,3.73,2.11,0.27932960893854747,0.2680965147453083,0.47393364928909953,1.0213597729729553,0.021359772972955327,0.27348796803057945,0.26248979237251324,0.4640222395969073,A,0.2442837874761446,0.26248979237251324,1.4094246660964058,1.3375430839064961,0.0718815821899097
2023-24,2023-10-08,Wolves,Aston Villa,4,2023-24,Independent Poisson,D,A,0.2861730500027185,0.2481629490585057,0.4656640009387757,D,3.7,3.68,2.08,0.27027027027027023,0.2717391304347826,0.4807692307692307,1.0227786314742837,0.022778631474283717,0.2642509942554131,0.26568714096332297,0.4700618647812637,A,0.2481629490585057,0.26568714096332297,1.3936696959264785,1.3254358242135666,0.06823387171291184
2023-24,2023-10-21,Bournemouth,Wolves,4,2023-24,Independent Poisson,A,A,0.3306516625520279,0.2640421864402129,0.4053061510077592,A,2.31,3.46,3.32,0.4329004329004329,0.28901734104046245,0.30120481927710846,1.0231225932180037,0.023122593218003695,0.42311687354967037,0.2824855427455892,0.29439758370474056,H,0.4053061510077592,0.29439758370474056,0.9031125690313568,1.2228240996857562,-0.3197115306543994
2023-24,2023-10-21,Brentford,Burnley,4,2023-24,Independent Poisson,H,H,0.6236684910297363,0.2193836323214893,0.1569478766487745,H,1.74,3.9,5.09,0.5747126436781609,0.25641025641025644,0.19646365422396858,1.0275865543123859,0.02758655431238588,0.5592839272432213,0.24952667523159108,0.19118939752518765,H,0.6236684910297363,0.5592839272432213,0.4721363161590518,0.5810980148404998,-0.108961698681448
2023-24,2023-10-21,Chelsea,Arsenal,4,2023-24,Independent Poisson,D,A,0.2111560208691807,0.2193840048883605,0.5694599742424588,D,3.35,3.44,2.31,0.29850746268656714,0.29069767441860467,0.4329004329004329,1.0221055700056048,0.022105570005604758,0.29205149785548107,0.2844106156441459,0.423537886500373,A,0.2193840048883605,0.2844106156441459,1.5169316376802995,1.2573362552934568,0.25959538238684265
2023-24,2023-10-21,Liverpool,Everton,4,2023-24,Independent Poisson,H,H,0.7867294568113801,0.1390428615961111,0.0742276815925089,H,1.4,5.5,7.4,0.7142857142857143,0.18181818181818182,0.13513513513513511,1.0312390312390312,0.031239031239031156,0.6926480599046971,0.17631041524846836,0.13104152484683457,H,0.7867294568113801,0.6926480599046971,0.23987085483530862,0.36723325885712715,-0.12736240402181853
2023-24,2023-10-21,Man City,Brighton,4,2023-24,Independent Poisson,H,H,0.8054015089903265,0.1227451233261488,0.0718533676835246,H,1.36,5.69,7.74,0.7352941176470588,0.17574692442882248,0.12919896640826872,1.0402400084841499,0.04024000848414988,0.7068504495597493,0.1689484378561088,0.124201112584142,H,0.8054015089903265,0.7068504495597493,0.21641435697537073,0.34693616366484237,-0.13052180668947164
2023-24,2023-10-21,Newcastle,Crystal Palace,4,2023-24,Independent Poisson,H,H,0.6068974770811982,0.220714762091653,0.1723877608271486,H,1.48,4.49,7.68,0.6756756756756757,0.22271714922048996,0.13020833333333334,1.028601158229499,0.028601158229498935,0.6568879203273468,0.21652430335957085,0.12658777631308246,H,0.6068974770811982,0.6568879203273468,0.49939540320746506,0.4202418681592473,0.07915353504821776
2023-24,2023-10-21,Nott'm Forest,Luton,4,2023-24,Independent Poisson,D,H,0.4789082194973825,0.2571682600651948,0.2639235204374227,D,1.76,3.65,5.39,0.5681818181818182,0.273972602739726,0.1855287569573284,1.0276831778788726,0.027683177878872645,0.5528764413119417,0.2665924758106896,0.18053108287736871,H,0.2571682600651948,0.2665924758106896,1.3580246998900962,1.3220340944014037,0.035990605488692484
2023-24,2023-10-21,Sheffield United,Man United,4,2023-24,Independent Poisson,A,A,0.1819014772138373,0.2189589228846133,0.5991395999015494,A,7.8,5.6,1.38,0.12820512820512822,0.17857142857142858,0.7246376811594204,1.0314142379359772,0.031414237935977196,0.12430032812198417,0.17313259988419222,0.7025670719938236,A,0.5991395999015494,0.7025670719938236,0.5122606530923072,0.35301440618400187,0.1592462469083053
2023-24,2023-10-22,Aston Villa,West Ham,4,2023-24,Independent Poisson,H,H,0.5603738484086022,0.235425036962759,0.2042011146286388,H,1.79,4.02,4.54,0.5586592178770949,0.24875621890547267,0.22026431718061673,1.0276797539631843,0.02767975396318434,0.5436121668473664,0.2420561638449716,0.21433166930766206,H,0.5603738484086022,0.5436121668473664,0.5791511315457146,0.609519214970032,-0.030368083424317405
2023-24,2023-10-23,Tottenham,Fulham,4,2023-24,Independent Poisson,H,H,0.7207908898102051,0.1690843725163948,0.1101247376734,H,1.52,4.72,6.13,0.6578947368421053,0.21186440677966104,0.1631321370309951,1.0328912806527615,0.03289128065276148,0.6369448064527491,0.2051178190271565,0.15793737452009438,H,0.7207908898102051,0.6369448064527491,0.3274062117659323,0.4510722732349989,-0.12366606146906656
2023-24,2023-10-27,Crystal Palace,Tottenham,4,2023-24,Independent Poisson,A,A,0.3792055670109331,0.2394148337823839,0.3813795992066828,A,4.58,3.85,1.81,0.2183406113537118,0.2597402597402597,0.5524861878453039,1.0305670589392755,0.03056705893927547,0.21186453560668017,0.25203625274768704,0.5360992116456327,A,0.3813795992066828,0.5360992116456327,0.9639600764790277,0.6234360386857593,0.34052403779326845
2023-24,2023-10-28,Arsenal,Sheffield United,4,2023-24,Independent Poisson,H,H,0.8288335186969378,0.1186054825733799,0.0525609987296824,H,1.13,9.5,21.0,0.8849557522123894,0.10526315789473684,0.047619047619047616,1.0378379577261738,0.03783795772617382,0.8526916419122519,0.1014254268800889,0.04588293120765927,H,0.8288335186969378,0.8526916419122519,0.18773596585147556,0.15935729519110628,0.028378670660369282
2023-24,2023-10-28,Bournemouth,Burnley,4,2023-24,Independent Poisson,H,H,0.665018309524964,0.2080508317548946,0.1269308587201414,H,2.13,3.65,3.51,0.4694835680751174,0.273972602739726,0.2849002849002849,1.0283564557151283,0.028356455715128348,0.4565377748794646,0.26641793438171496,0.2770442907388204,H,0.665018309524964,0.4565377748794646,0.40794070558506573,0.7840838334561266,-0.3761431278710609
2023-24,2023-10-28,Chelsea,Brentford,4,2023-24,Independent Poisson,A,H,0.4488340145488187,0.2684826463272612,0.2826833391239201,A,1.65,4.05,5.6,0.6060606060606061,0.2469135802469136,0.17857142857142858,1.0315456148789481,0.031545614878948136,0.5875267145910239,0.23936273557412088,0.17311054983485527,H,0.2826833391239201,0.17311054983485527,1.2634279508480404,1.7538248721819452,-0.4903969213339048
2023-24,2023-10-28,Wolves,Newcastle,4,2023-24,Independent Poisson,D,A,0.1816701969009371,0.2146641505631953,0.6036656525358677,D,4.11,3.75,1.93,0.24330900243309,0.26666666666666666,0.5181347150259068,1.0281103841256636,0.02811038412566358,0.23665649738574268,0.25937552113477397,0.5039679814794832,A,0.2146641505631953,0.25937552113477397,1.5386805625934883,1.3494783788048834,0.18920218378860487
2023-24,2023-10-29,Aston Villa,Luton,4,2023-24,Independent Poisson,H,H,0.4875666178367401,0.2684503417696311,0.2439830403936287,H,1.34,5.85,8.55,0.7462686567164178,0.17094017094017094,0.11695906432748537,1.0341678919840742,0.03416789198407422,0.7216126728559371,0.16529247549178733,0.11309485165227552,H,0.4875666178367401,0.7216126728559371,0.7183283459074653,0.32626674822616075,0.39206159768130455
2023-24,2023-10-29,Brighton,Fulham,4,2023-24,Independent Poisson,D,H,0.6294852190047975,0.2072869057706506,0.1632278752245519,D,1.64,4.32,5.29,0.6097560975609756,0.23148148148148145,0.1890359168241966,1.0302734958666537,0.030273495866653732,0.5918390602177493,0.22467964323081221,0.18348129655143836,H,0.2072869057706506,0.22467964323081221,1.5736514271376982,1.493079699218346,0.0805717279193523
2023-24,2023-10-29,Liverpool,Nott'm Forest,4,2023-24,Independent Poisson,H,H,0.7726848469332597,0.1465576645900136,0.0807574884767267,H,1.22,7.31,12.08,0.819672131147541,0.13679890560875513,0.08278145695364239,1.0392524937099386,0.03925249370993855,0.7887131723124028,0.13163202055008635,0.07965480713751087,H,0.7726848469332597,0.7887131723124028,0.25788401477810063,0.237352557421343,0.020531457356757626
2023-24,2023-10-29,Man United,Man City,4,2023-24,Independent Poisson,A,A,0.2430859948212383,0.2292152235532504,0.5276987816255112,A,5.6,4.3,1.61,0.17857142857142858,0.23255813953488372,0.6211180124223602,1.0322475805286726,0.032247580528672604,0.1729928284065069,0.2252929858317299,0.601714185761763,A,0.5276987816255112,0.601714185761763,0.6392296474124617,0.5079727208965275,0.13125692651593424
2023-24,2023-10-29,West Ham,Everton,4,2023-24,Independent Poisson,A,H,0.485379072930967,0.2552135041747507,0.2594074228942822,A,2.08,3.7,3.62,0.4807692307692307,0.27027027027027023,0.27624309392265195,1.027282594962153,0.027282594962152906,0.46800095039762957,0.26309242616947826,0.2689066234328922,H,0.2594074228942822,0.2689066234328922,1.3493553918797518,1.3133910844268395,0.03596430745291235
2023-24,2023-11-04,Brentford,West Ham,4,2023-24,Independent Poisson,H,H,0.5228286491060748,0.2427338372440539,0.2344375136498714,H,2.16,3.71,3.39,0.4629629629629629,0.2695417789757412,0.2949852507374631,1.0274899926761671,0.02748999267616714,0.4505766151134422,0.2623303203894974,0.28709306449706057,H,0.5228286491060748,0.4505766151134422,0.6485014993722248,0.797227149548982,-0.1487256501767572
2023-24,2023-11-04,Burnley,Crystal Palace,4,2023-24,Independent Poisson,A,A,0.345294737023004,0.2729129614396532,0.3817923015373425,A,3.53,3.21,2.31,0.28328611898017,0.3115264797507788,0.4329004329004329,1.0277130316313816,0.027713031631381613,0.2756471021200192,0.30312594096064416,0.4212269569193367,A,0.3817923015373425,0.4212269569193367,0.9628785314942429,0.8645835004869219,0.09829503100732095
2023-24,2023-11-04,Everton,Brighton,4,2023-24,Independent Poisson,D,A,0.3450997047723144,0.2685013299490658,0.3863989652786198,D,2.86,3.52,2.54,0.3496503496503497,0.2840909090909091,0.39370078740157477,1.0274420461428335,0.02744204614283352,0.34031150561045054,0.27650309830849107,0.38318539608105845,A,0.2685013299490658,0.27650309830849107,1.314899411790119,1.2855332526268644,0.02936615916325458
2023-24,2023-11-04,Fulham,Man United,4,2023-24,Independent Poisson,A,A,0.2903806806791434,0.2466810232198699,0.4629382961009866,A,3.03,3.59,2.38,0.33003300330033003,0.2785515320334262,0.42016806722689076,1.028752602560647,0.028752602560647045,0.32080891215132934,0.27076629632828075,0.40842479152038985,A,0.4629382961009866,0.40842479152038985,0.7701615035373948,0.8954474905174153,-0.12528598698002058
2023-24,2023-11-04,Man City,Bournemouth,4,2023-24,Independent Poisson,H,H,0.9205818926565053,0.0576531771292036,0.0217649302142911,H,1.09,11.5,28.5,0.9174311926605504,0.08695652173913043,0.03508771929824561,1.0394754336979264,0.03947543369792639,0.8825905480005386,0.08365423454961628,0.03375521744984516,H,0.9205818926565053,0.8825905480005386,0.08274931685988493,0.1248938914714962,-0.042144574611611266
2023-24,2023-11-04,Newcastle,Arsenal,4,2023-24,Independent Poisson,H,A,0.1558448049848794,0.2152170190125458,0.628938176002575,H,2.84,3.23,2.73,0.35211267605633806,0.30959752321981426,0.3663003663003663,1.0280105655765186,0.028010565576518598,0.34251853808415844,0.30116181057554486,0.35631965134029664,A,0.1558448049848794,0.34251853808415844,1.8588946067547156,1.0714294969514415,0.7874651098032741
2023-24,2023-11-04,Sheffield United,Wolves,4,2023-24,Independent Poisson,H,A,0.2650477966622886,0.2510291683672359,0.4839230349704756,H,4.35,3.76,1.87,0.2298850574712644,0.26595744680851063,0.53475935828877,1.030601862568545,0.030601862568544913,0.2230590355215614,0.25806032035074256,0.5188806441276962,A,0.2650477966622886,0.2230590355215614,1.32784510449633,1.5003188092771456,-0.17247370478081558
2023-24,2023-11-05,Luton,Liverpool,4,2023-24,Independent Poisson,D,A,0.1288965510385803,0.1789478603123495,0.6921555886490702,D,15.0,8.5,1.18,0.06666666666666667,0.11764705882352941,0.8474576271186441,1.0317713526088403,0.03177135260884034,0.06461379887908264,0.11402435096308701,0.8213618501578303,A,0.1789478603123495,0.11402435096308701,1.7206607987437967,2.1713432484585686,-0.4506824497147719
2023-24,2023-11-05,Nott'm Forest,Aston Villa,4,2023-24,Independent Poisson,H,A,0.1810711138565173,0.2308256870439001,0.5881031990995825,H,3.93,3.81,1.95,0.2544529262086514,0.26246719160104987,0.5128205128205129,1.0297406306302141,0.02974063063021415,0.24710390038015984,0.25488670039213335,0.4980093992277068,A,0.1810711138565173,0.24710390038015984,1.7088654306441384,1.397946381489891,0.3109190491542475
2023-24,2023-11-06,Tottenham,Chelsea,4,2023-24,Independent Poisson,A,H,0.6532345020575259,0.1926952496796315,0.1540702482628427,A,2.37,3.65,3.0,0.42194092827004215,0.273972602739726,0.3333333333333333,1.0292468643431014,0.02924686434310142,0.4099511428090077,0.26618745437187624,0.32386140281911613,H,0.1540702482628427,0.32386140281911613,1.8703466230258086,1.1274396237859017,0.7429069992399069
2023-24,2023-11-11,Arsenal,Burnley,4,2023-24,Independent Poisson,H,H,0.8513596083840542,0.1054425618429027,0.043197829773043,H,1.19,7.49,16.59,0.8403361344537815,0.13351134846461948,0.06027727546714889,1.0341247583855497,0.034124758385549736,0.8126061460569746,0.129105649373538,0.05828820456948763,H,0.8513596083840542,0.8126061460569746,0.16092066812284392,0.20750873201018433,-0.04658806388734041
2023-24,2023-11-11,Bournemouth,Newcastle,4,2023-24,Independent Poisson,H,A,0.1721255975824999,0.1979407342005809,0.6299336682169192,H,3.9,3.76,1.97,0.25641025641025644,0.26595744680851063,0.5076142131979695,1.0299819164167365,0.02998191641673653,0.24894636723555,0.2582156468666609,0.4928379858977892,A,0.1721255975824999,0.24894636723555,1.7595308501455909,1.3905177983460664,0.3690130517995245
2023-24,2023-11-11,Crystal Palace,Everton,4,2023-24,Independent Poisson,A,H,0.465845753030873,0.2633819554839632,0.2707722914851638,A,2.71,3.12,2.96,0.36900369003690037,0.3205128205128205,0.33783783783783783,1.0273543483875587,0.02735434838755868,0.35917859365276916,0.31197884256378344,0.3288425637834474,H,0.2707722914851638,0.3288425637834474,1.3064770641349839,1.1121761722821564,0.1943008918528275
2023-24,2023-11-11,Man United,Luton,4,2023-24,Independent Poisson,H,H,0.6146210404140426,0.2188189494110382,0.166560010174919,H,1.29,6.14,10.06,0.7751937984496123,0.16286644951140067,0.09940357852882703,1.03746382648984,0.037463826489839924,0.7472007974219272,0.15698518382317367,0.09581401875489921,H,0.6146210404140426,0.7472007974219272,0.4867493955501545,0.2914213248545736,0.1953280706955809
2023-24,2023-11-11,Wolves,Tottenham,4,2023-24,Independent Poisson,H,A,0.2659976267622969,0.238397558721943,0.49560481451576,H,3.13,3.62,2.31,0.3194888178913738,0.27624309392265195,0.4329004329004329,1.0286323447144587,0.028632344714458746,0.3105957337750853,0.26855376981105444,0.4208504964138602,A,0.2659976267622969,0.3105957337750853,1.3242678921864912,1.1692631037930306,0.15500478839346066
2023-24,2023-11-12,Aston Villa,Fulham,4,2023-24,Independent Poisson,H,H,0.6152596149841443,0.219619548968231,0.1651208360476248,H,1.64,4.22,5.4,0.6097560975609756,0.23696682464454977,0.18518518518518517,1.0319081073907106,0.031908107390710594,0.5909015475252043,0.22963946396714102,0.17945898850765463,H,0.6152596149841443,0.5909015475252043,0.4857109620652754,0.5261058617048391,-0.040394899639563664
2023-24,2023-11-12,Brighton,Sheffield United,4,2023-24,Independent Poisson,D,H,0.8018544010931745,0.1357818254049203,0.0623637735019051,D,1.27,6.23,11.19,0.7874015748031495,0.16051364365971107,0.08936550491510277,1.0372807233779635,0.03728072337796351,0.759101713795405,0.15474465112683217,0.08615363507776269,H,0.1357818254049203,0.15474465112683217,1.9967059063566095,1.8659789326233174,0.13072697373329212
2023-24,2023-11-12,Chelsea,Man City,4,2023-24,Independent Poisson,D,A,0.1336550822697096,0.1946497354271863,0.6716951823031041,D,4.8,4.0,1.76,0.20833333333333334,0.25,0.5681818181818182,1.0265151515151516,0.026515151515151603,0.2029520295202952,0.24354243542435422,0.5535055350553506,A,0.1946497354271863,0.24354243542435422,1.6365535641498876,1.4124640788532754,0.2240894852966122
2023-24,2023-11-12,Liverpool,Brentford,4,2023-24,Independent Poisson,H,H,0.6034554362836247,0.219063811557548,0.1774807521588273,H,1.4,5.51,7.48,0.7142857142857143,0.18148820326678766,0.1336898395721925,1.0294637571246943,0.02946375712469429,0.6938425071716207,0.17629392196738095,0.1298635708609985,H,0.6034554362836247,0.6938425071716207,0.5050830832859688,0.36551027914016526,0.1395728041458036
2023-24,2023-11-12,West Ham,Nott'm Forest,4,2023-24,Independent Poisson,H,H,0.4965314725310327,0.2494255003215135,0.2540430271474536,H,1.81,3.84,4.59,0.5524861878453039,0.2604166666666667,0.2178649237472767,1.0307677782592473,0.030767778259247258,0.5359948181328857,0.25264339083867793,0.2113617910284364,H,0.4965314725310327,0.5359948181328857,0.7001084087223436,0.6236307856205938,0.07647762310174977
2023-24,2023-11-25,Brentford,Arsenal,4,2023-24,Independent Poisson,A,A,0.2377225913658812,0.2236443155884306,0.5386330930456881,A,5.8,4.05,1.65,0.1724137931034483,0.2469135802469136,0.6060606060606061,1.025387979410968,0.02538797941096793,0.1681449330062276,0.2408001509718815,0.591054916021891,A,0.5386330930456881,0.591054916021891,0.618720657778299,0.5258463453820683,0.09287431239623067
2023-24,2023-11-25,Burnley,West Ham,4,2023-24,Independent Poisson,A,A,0.303189589315171,0.2587550250257595,0.4380553856590695,A,3.48,3.43,2.23,0.28735632183908044,0.29154518950437314,0.4484304932735426,1.0273320046169963,0.027332004616996253,0.2797112525918151,0.28378867609898445,0.4365000713092004,A,0.4380553856590695,0.4365000713092004,0.8254099253235653,0.8289667403366278,-0.0035568150130624865
2023-24,2023-11-25,Luton,Crystal Palace,4,2023-24,Independent Poisson,H,H,0.3992778733446733,0.2706269080683393,0.3300952185869874,H,4.12,3.42,2.03,0.24271844660194175,0.29239766081871343,0.4926108374384237,1.027726944859079,0.027726944859078895,0.23617016933931134,0.2845090928882932,0.4793207377723955,A,0.3992778733446733,0.23617016933931134,0.9180976800604903,1.4432026772703788,-0.5251049972098885
2023-24,2023-11-25,Man City,Liverpool,4,2023-24,Independent Poisson,D,H,0.537071412347774,0.219910421386616,0.24301816626561,D,1.7,4.42,4.61,0.5882352941176471,0.22624434389140272,0.21691973969631234,1.031399377705362,0.03139937770536205,0.5703273696231443,0.2193566806242863,0.21031594975256945,H,0.219910421386616,0.2193566806242863,1.5145349910636166,1.5170561953746815,-0.0025212043110649507
2023-24,2023-11-25,Newcastle,Chelsea,4,2023-24,Independent Poisson,H,H,0.4616063622481525,0.2618862510686721,0.2765073866831751,H,2.6,3.55,2.76,0.3846153846153846,0.28169014084507044,0.3623188405797102,1.0286243660401653,0.028624366040165272,0.37391237978934505,0.2738513204090978,0.352236299801557,H,0.4616063622481525,0.37391237978934505,0.7730427808499731,0.983733787653247,-0.2106910068032739
2023-24,2023-11-25,Nott'm Forest,Brighton,4,2023-24,Independent Poisson,A,A,0.3210974213059833,0.2477567266638562,0.4311458520301603,A,3.69,3.63,2.07,0.2710027100271003,0.27548209366391185,0.48309178743961356,1.0295765911306258,0.02957659113062583,0.2632176298117847,0.26756833443677286,0.4692140357514423,A,0.4311458520301603,0.4692140357514423,0.8413088423417603,0.7566962484314776,0.08461259391028264
2023-24,2023-11-25,Sheffield United,Bournemouth,4,2023-24,Independent Poisson,A,H,0.4206623701179048,0.2632451053851913,0.3160925244969039,A,3.57,3.5,2.16,0.2801120448179272,0.2857142857142857,0.4629629629629629,1.028789293495176,0.028789293495175894,0.27227348358795944,0.2777189532597186,0.4500075631523218,A,0.3160925244969039,0.4500075631523218,1.1517203092116635,0.7984908893538482,0.3532294198578153
2023-24,2023-11-26,Everton,Man United,4,2023-24,Independent Poisson,A,A,0.3032816890727735,0.2718577033259864,0.42486060760124,A,2.68,3.45,2.75,0.3731343283582089,0.2898550724637681,0.36363636363636365,1.0266257644583408,0.02662576445834075,0.3634570076809623,0.2823376175608635,0.3542053747581742,H,0.42486060760124,0.3542053747581742,0.855994145970347,1.0378783793889224,-0.1818842334185754
2023-24,2023-11-26,Tottenham,Aston Villa,4,2023-24,Independent Poisson,A,H,0.4715760944657647,0.2459149387968736,0.2825089667373616,A,2.7,3.7,2.58,0.37037037037037035,0.27027027027027023,0.38759689922480617,1.0282375398654469,0.02823753986544686,0.3601992302467738,0.2628480869368349,0.37695268281639116,A,0.2825089667373616,0.37695268281639116,1.2640449882361386,0.9756356091819824,0.2884093790541562
2023-24,2023-11-27,Fulham,Wolves,4,2023-24,Independent Poisson,H,A,0.3541363182452234,0.2643257235727907,0.3815379581819858,H,2.43,3.3,3.19,0.4115226337448559,0.30303030303030304,0.31347962382445144,1.0280325605996103,0.028032560599610346,0.4003011670222111,0.2947672229890827,0.3049316099887063,H,0.3541363182452234,0.4003011670222111,1.0380733601837893,0.9155380976188578,0.12253526256493141
2023-24,2023-12-02,Arsenal,Wolves,4,2023-24,Independent Poisson,H,H,0.7455581921756306,0.1516900415587545,0.102751766265615,H,1.24,6.5,13.0,0.8064516129032259,0.15384615384615385,0.07692307692307693,1.0372208436724566,0.037220843672456594,0.777511961722488,0.14832535885167464,0.07416267942583732,H,0.7455581921756306,0.777511961722488,0.29362208990870703,0.2516562501950188,0.041965839713688224
2023-24,2023-12-02,Brentford,Luton,4,2023-24,Independent Poisson,H,H,0.5574376173709368,0.2383911731242717,0.2041712095047914,H,1.54,4.43,6.38,0.6493506493506493,0.22573363431151244,0.15673981191222572,1.0318240955743874,0.03182409557438737,0.6293230136181053,0.21877143137062804,0.15190555501126682,H,0.5574376173709368,0.6293230136181053,0.5844046790013,0.463110618931834,0.12129406006946603
2023-24,2023-12-02,Burnley,Sheffield United,4,2023-24,Independent Poisson,H,H,0.4694989119096356,0.2757787680719407,0.2547223200184234,H,1.74,3.81,5.19,0.5747126436781609,0.26246719160104987,0.19267822736030826,1.029858062639519,0.029858062639519067,0.5580503416220061,0.25485763633130987,0.1870920220466841,H,0.4694989119096356,0.5580503416220061,0.7560892978878668,0.5833061027096372,0.1727831951782296
2023-24,2023-12-02,Newcastle,Man United,4,2023-24,Independent Poisson,H,H,0.4815333811284554,0.250907284407129,0.2675593344644154,H,2.0,3.78,3.79,0.5,0.2645502645502646,0.2638522427440633,1.028402507294328,0.028402507294327917,0.4861909577753494,0.2572438930028304,0.2565651492218202,H,0.4815333811284554,0.4861909577753494,0.7307797227774023,0.7211538150201762,0.00962590775722616
2023-24,2023-12-02,Nott'm Forest,Everton,4,2023-24,Independent Poisson,A,H,0.4764770393124001,0.2499990688873999,0.2735238918001998,A,2.88,3.16,2.76,0.3472222222222222,0.3164556962025316,0.3623188405797102,1.025996759004464,0.025996759004464076,0.3384242875768299,0.3084373253864779,0.35313838703669215,A,0.2735238918001998,0.35313838703669215,1.296366305175979,1.0408952676076022,0.25547103756837686
2023-24,2023-12-03,Bournemouth,Aston Villa,4,2023-24,Independent Poisson,D,A,0.156687409878257,0.212708434367568,0.630604155754175,D,3.12,3.98,2.19,0.3205128205128205,0.25125628140703515,0.4566210045662101,1.0283901064860657,0.028390106486065658,0.31166462852116456,0.24432001029799832,0.44401536118083723,A,0.212708434367568,0.24432001029799832,1.5478329037418836,1.4092763953621827,0.1385565083797009
2023-24,2023-12-03,Chelsea,Brighton,4,2023-24,Independent Poisson,H,H,0.4469879338881457,0.2457414196090811,0.3072706465027729,H,1.6,4.45,5.5,0.625,0.2247191011235955,0.18181818181818182,1.0315372829417773,0.03153728294177727,0.6058918182943434,0.21784874365639312,0.17625943804926353,H,0.4469879338881457,0.6058918182943434,0.8052236782717243,0.5010538265150979,0.30416985175662636
2023-24,2023-12-03,Liverpool,Fulham,4,2023-24,Independent Poisson,H,H,0.7787563206731278,0.1418739107787858,0.0793697685480862,H,1.23,7.04,11.81,0.8130081300813008,0.14204545454545456,0.0846740050804403,1.0397275897071956,0.03972758970719559,0.7819434033776648,0.13661795257876816,0.08143864404356713,H,0.7787563206731278,0.7819434033776648,0.2500570924792192,0.2459729152533242,0.0040841772258949915
2023-24,2023-12-03,Man City,Tottenham,4,2023-24,Independent Poisson,D,H,0.82339927455428,0.1112082141971756,0.0653925112485443,D,1.23,7.6,10.75,0.8130081300813008,0.13157894736842105,0.09302325581395349,1.0376103332636752,0.037610333263675244,0.7835389683563425,0.12680959619451332,0.0896514354491443,H,0.1112082141971756,0.12680959619451332,2.196351031214175,2.0650685600751255,0.13128247113904967
2023-24,2023-12-03,West Ham,Crystal Palace,4,2023-24,Independent Poisson,D,H,0.4811516101676349,0.2472210945916855,0.2716272952406795,D,1.94,3.58,4.26,0.5154639175257733,0.27932960893854747,0.2347417840375587,1.0295353105018794,0.029535310501879408,0.5006762879016691,0.27131620070649104,0.2280075113918399,H,0.2472210945916855,0.27131620070649104,1.3974722229305891,1.3044703460006388,0.09300187692995032
2023-24,2023-12-05,Luton,Arsenal,4,2023-24,Independent Poisson,A,A,0.1426343555827293,0.2026243364369987,0.6547413079802722,A,15.5,7.25,1.2,0.06451612903225806,0.13793103448275862,0.8333333333333334,1.03578049684835,0.03578049684834994,0.06228745301592984,0.13316627886164312,0.8045462681224271,A,0.6547413079802722,0.8045462681224271,0.42351507100847846,0.21747680255342805,0.2060382684550504
2023-24,2023-12-05,Wolves,Burnley,4,2023-24,Independent Poisson,H,H,0.5229672178974043,0.2570616390183018,0.2199711430842939,H,1.95,3.65,4.13,0.5128205128205129,0.273972602739726,0.24213075060532688,1.0289238661655657,0.028923866165565748,0.49840472136350866,0.26627101552297033,0.235324263113521,H,0.5229672178974043,0.49840472136350866,0.648236497766247,0.6963428385130149,-0.048106340746767895
2023-24,2023-12-06,Aston Villa,Man City,4,2023-24,Independent Poisson,H,A,0.2271621843613652,0.2214605863022342,0.5513772293364005,H,5.12,4.33,1.64,0.1953125,0.23094688221709006,0.6097560975609756,1.0360154797780656,0.03601547977806563,0.18852276226783762,0.22291837016427912,0.5885588675678833,A,0.2271621843613652,0.18852276226783762,1.4820910480596154,1.6685365246477988,-0.18644547658818333
2023-24,2023-12-06,Brighton,Brentford,4,2023-24,Independent Poisson,H,H,0.5706374104140841,0.2291176587535375,0.2002449308323783,H,1.76,4.1,4.57,0.5681818181818182,0.24390243902439027,0.2188183807439825,1.0309026379501909,0.03090263795019088,0.5511498343932558,0.23659114842247078,0.21225901718427354,H,0.5706374104140841,0.5511498343932558,0.5610012790604963,0.5957485750477632,-0.03474729598726689
2023-24,2023-12-06,Crystal Palace,Bournemouth,4,2023-24,Independent Poisson,A,H,0.5685084939530124,0.2394438917803858,0.1920476142666016,A,2.36,3.43,3.2,0.42372881355932207,0.29154518950437314,0.3125,1.0277740030636953,0.027774003063695263,0.41227819763510976,0.28366663160899674,0.30405517075589344,H,0.1920476142666016,0.30405517075589344,1.6500119467271503,1.190546111292268,0.4594658354348824
2023-24,2023-12-06,Fulham,Nott'm Forest,4,2023-24,Independent Poisson,H,H,0.4614923161044253,0.2667750998285917,0.2717325840669827,H,2.06,3.46,3.94,0.4854368932038835,0.28901734104046245,0.25380710659898476,1.0282613408433305,0.02826134084333054,0.4720948594700171,0.281073818065964,0.2468313224640191,H,0.4614923161044253,0.4720948594700171,0.7732898750057376,0.7505753401356147,0.022714534870122982
2023-24,2023-12-06,Man United,Chelsea,4,2023-24,Independent Poisson,H,H,0.4193659473666538,0.259001435216427,0.321632617416919,H,2.86,3.61,2.49,0.3496503496503497,0.2770083102493075,0.4016064257028112,1.0282650856024684,0.02826508560246843,0.3400391149578777,0.26939386946801386,0.3905670155741084,A,0.4193659473666538,0.3400391149578777,0.8690113575001318,1.0786946239952249,-0.20968326649509306
2023-24,2023-12-06,Sheffield United,Liverpool,4,2023-24,Independent Poisson,A,A,0.0359210137559283,0.0803578257032559,0.8837211605408156,A,14.0,8.5,1.18,0.07142857142857142,0.11764705882352941,0.8474576271186441,1.036533257370745,0.03653325737074509,0.06891102713844038,0.11350051528684299,0.8175884575747165,A,0.8837211605408156,0.8175884575747165,0.12361369535523505,0.2013961770801029,-0.07778248172486786
2023-24,2023-12-07,Everton,Newcastle,4,2023-24,Independent Poisson,H,A,0.2251902838323099,0.2247905777762201,0.5500191383914699,H,3.28,3.45,2.31,0.3048780487804878,0.2898550724637681,0.4329004329004329,1.0276335541446888,0.02763355414468882,0.29667973330652997,0.2820607319551937,0.4212595347382763,A,0.2251902838323099,0.29667973330652997,1.4908095282640985,1.2151020610405354,0.2757074672235631
2023-24,2023-12-07,Tottenham,West Ham,4,2023-24,Independent Poisson,A,H,0.5650105479531207,0.2296573547593553,0.2053320972875242,A,1.67,4.4,4.9,0.5988023952095809,0.22727272727272727,0.2040816326530612,1.0301567551353694,0.030156755135369417,0.5812730851149874,0.22061955730500657,0.1981073575800059,H,0.2053320972875242,0.1981073575800059,1.5831266238384614,1.6189461852303006,-0.03581956139183928
2023-24,2023-12-09,Aston Villa,Arsenal,4,2023-24,Independent Poisson,H,H,0.3956631777549461,0.2488683717251004,0.3554684505199534,H,3.65,3.87,2.02,0.273972602739726,0.25839793281653745,0.49504950495049505,1.0274200405067586,0.027420040506758614,0.26666075406178896,0.2515017447869586,0.48183750115125235,A,0.3956631777549461,0.26666075406178896,0.9271919908849838,1.3217780124964191,-0.3945860216114353
2023-24,2023-12-09,Brighton,Burnley,4,2023-24,Independent Poisson,D,H,0.6863353837183587,0.2002329673916034,0.1134316488900378,D,1.54,4.53,6.19,0.6493506493506493,0.22075055187637968,0.16155088852988692,1.031652089756916,0.03165208975691591,0.6294279397075164,0.2139777101875442,0.15659435010493947,H,0.2002329673916034,0.2139777101875442,1.6082737533722782,1.5418834273872368,0.06639032598504135
2023-24,2023-12-09,Crystal Palace,Liverpool,4,2023-24,Independent Poisson,A,A,0.1565840107039918,0.2067770177693767,0.6366389715266313,A,6.65,4.7,1.5,0.15037593984962405,0.2127659574468085,0.6666666666666666,1.0298085639630992,0.029808563963099166,0.14602319801159902,0.20660729080364543,0.6473695111847556,A,0.6366389715266313,0.6473695111847556,0.45155254777568404,0.43483803284555506,0.016714514930128987
2023-24,2023-12-09,Man United,Bournemouth,4,2023-24,Independent Poisson,A,H,0.6388184387791086,0.2215841538709407,0.1395974073499506,A,1.67,4.48,4.78,0.5988023952095809,0.2232142857142857,0.20920502092050208,1.0312217018443688,0.031221701844368788,0.5806728021128784,0.216456156144756,0.20287104174236545,H,0.1395974073499506,0.20287104174236545,1.9689926608180843,1.5951847641578536,0.37380789666023073
2023-24,2023-12-09,Sheffield United,Brentford,4,2023-24,Independent Poisson,H,A,0.1860159254404307,0.2311911019797094,0.5827929725798598,H,4.71,3.91,1.78,0.21231422505307856,0.2557544757033248,0.5617977528089888,1.029866453565392,0.02986645356539208,0.20615704523440673,0.24833751484758457,0.5455054399180088,A,0.1860159254404307,0.20615704523440673,1.6819229882866975,1.579117045131081,0.10280594315561653
2023-24,2023-12-09,Wolves,Nott'm Forest,4,2023-24,Independent Poisson,D,H,0.3730909503794255,0.2600624150380957,0.3668466345824787,D,1.99,3.34,4.42,0.5025125628140703,0.29940119760479045,0.22624434389140272,1.0281581043102634,0.028158104310263443,0.4887502814084992,0.2912015149709322,0.22004820362056865,H,0.2600624150380957,0.2912015149709322,1.3468336189370522,1.2337397601630697,0.11309385877398248
2023-24,2023-12-10,Everton,Chelsea,4,2023-24,Independent Poisson,H,H,0.4203970968135697,0.2572441264712296,0.3223587767152007,H,2.55,3.45,2.88,0.3921568627450981,0.2898550724637681,0.3472222222222222,1.0292341574310884,0.02923415743108837,0.38101811906816224,0.2816220880069025,0.3373597929249353,H,0.4203970968135697,0.38101811906816224,0.8665555457749041,0.9649083483768661,-0.098352802601962
2023-24,2023-12-10,Fulham,West Ham,4,2023-24,Independent Poisson,H,A,0.2832953432129826,0.2578264750050053,0.458878181782012,H,2.19,3.6,3.41,0.4566210045662101,0.2777777777777778,0.29325513196480935,1.0276539143087973,0.027653914308797267,0.4443334455387489,0.27030284603607224,0.28536370842517883,H,0.2832953432129826,0.4443334455387489,1.2612653099334923,0.8111799949462537,0.4500853149872386
2023-24,2023-12-10,Luton,Man City,4,2023-24,Independent Poisson,A,A,0.0817814707837815,0.1372929885608781,0.7809255406553403,A,16.0,7.8,1.18,0.0625,0.12820512820512822,0.8474576271186441,1.0381627553237724,0.038162755323772446,0.060202506475497755,0.12349232097538002,0.8163051725491222,A,0.7809255406553403,0.8163051725491222,0.24727547215692655,0.20296700796628933,0.04430846419063722
2023-24,2023-12-10,Tottenham,Newcastle,4,2023-24,Independent Poisson,H,H,0.4811905107063895,0.2408039823076387,0.2780055069859719,H,2.06,4.0,3.41,0.4854368932038835,0.25,0.29325513196480935,1.0286920251686928,0.028692025168692847,0.47189720667298635,0.24302706143658795,0.28507573189042573,H,0.4811905107063895,0.47189720667298635,0.7314920151375909,0.7509940995871145,-0.019502084449523616
2023-24,2023-12-15,Nott'm Forest,Tottenham,4,2023-24,Independent Poisson,A,A,0.2546970811496499,0.2284135455490694,0.5168893733012806,A,5.14,4.19,1.68,0.19455252918287938,0.2386634844868735,0.5952380952380952,1.028454108907848,0.028454108907848052,0.1891698691247212,0.2320604122436914,0.5787697186315874,A,0.5168893733012806,0.5787697186315874,0.659926405510953,0.5468506030924014,0.11307580241855164
2023-24,2023-12-16,Burnley,Everton,4,2023-24,Independent Poisson,A,A,0.2995360338382608,0.2906947705088253,0.409769195652914,A,3.28,3.57,2.26,0.3048780487804878,0.2801120448179272,0.4424778761061947,1.0274679697046096,0.02746796970460963,0.29672754554882935,0.2726236272829581,0.43064882716821257,A,0.409769195652914,0.43064882716821257,0.8921612152244667,0.8424623071496816,0.04969890807478505
2023-24,2023-12-16,Chelsea,Sheffield United,4,2023-24,Independent Poisson,H,H,0.7271882527157882,0.1730823873719036,0.0997293599123081,H,1.18,8.04,15.9,0.8474576271186441,0.12437810945273634,0.06289308176100629,1.0347288183323868,0.034728818332386835,0.8190142306893926,0.12020358112108002,0.06078218818952725,H,0.7271882527157882,0.8190142306893926,0.31856989038055167,0.1996538195908991,0.11891607078965258
2023-24,2023-12-16,Man City,Crystal Palace,4,2023-24,Independent Poisson,D,H,0.8542468491594967,0.0987288116543718,0.0470243391861314,D,1.18,7.6,20.24,0.8474576271186441,0.13157894736842105,0.049407114624505935,1.0284436891115711,0.028443689111571135,0.824019473395502,0.1279398656061437,0.04804066099835436,H,0.0987288116543718,0.1279398656061437,2.31537846374873,2.0561949254050953,0.2591835383436347
2023-24,2023-12-16,Newcastle,Fulham,4,2023-24,Independent Poisson,H,H,0.4309341712550724,0.2471665347663332,0.3218992939785943,H,1.92,3.83,4.07,0.5208333333333334,0.2610966057441253,0.24570024570024568,1.0276301847777043,0.027630184777704292,0.5068295395059842,0.25407642711527145,0.23909403337874438,H,0.4309341712550724,0.5068295395059842,0.8417999354505776,0.6795805459156915,0.16221938953488613
2023-24,2023-12-17,Arsenal,Brighton,4,2023-24,Independent Poisson,H,H,0.6601033057104959,0.188127050606282,0.151769643683222,H,1.47,4.88,6.82,0.6802721088435374,0.20491803278688525,0.14662756598240467,1.0318177076128272,0.031817707612827206,0.659294857826571,0.1985990657797253,0.14210607639370373,H,0.6601033057104959,0.659294857826571,0.4153589324064566,0.41658441233729854,-0.0012254799308419329
2023-24,2023-12-17,Brentford,Aston Villa,4,2023-24,Independent Poisson,A,A,0.2996168705989029,0.250576414776718,0.449806714624379,A,3.18,3.46,2.36,0.31446540880503143,0.28901734104046245,0.42372881355932207,1.027211563404816,0.027211563404816008,0.30613499692575313,0.281361066538698,0.4125039365355488,A,0.449806714624379,0.4125039365355488,0.7989373115461582,0.8855095301364547,-0.08657221859029651
2023-24,2023-12-17,Liverpool,Man United,4,2023-24,Independent Poisson,D,H,0.6937033297794322,0.1761412179345533,0.1301554522860143,D,1.33,6.1,8.5,0.7518796992481203,0.1639344262295082,0.11764705882352941,1.0334611843011579,0.033461184301157854,0.7275354998035584,0.15862659258012013,0.1138379076163215,H,0.1761412179345533,0.15862659258012013,1.736469231046276,1.8412023130917903,-0.10473308204551435
2023-24,2023-12-17,West Ham,Wolves,4,2023-24,Independent Poisson,H,H,0.4810516715089743,0.2480138680444318,0.2709344604465937,H,1.9,3.65,4.34,0.5263157894736842,0.273972602739726,0.2304147465437788,1.030703138757189,0.030703138757188997,0.5106376120172781,0.26581135968022696,0.22355102830249501,H,0.4810516715089743,0.5106376120172781,0.731780589471464,0.6720951144958454,0.0596854749756186
2023-24,2023-12-21,Crystal Palace,Brighton,4,2023-24,Independent Poisson,D,A,0.3461811556364842,0.2604484284512526,0.393370415912263,D,3.23,3.37,2.38,0.30959752321981426,0.29673590504451036,0.42016806722689076,1.0265014954912155,0.0265014954912155,0.30160455155660676,0.28907498561656964,0.40932046282682344,A,0.2604484284512526,0.28907498561656964,1.3453504087839823,1.2410691587238554,0.1042812500601269
2023-24,2023-12-22,Aston Villa,Sheffield United,4,2023-24,Independent Poisson,D,H,0.7912803208199576,0.1415300936911391,0.0671895854889032,D,1.22,7.3,12.5,0.819672131147541,0.136986301369863,0.08,1.036658432517404,0.03665843251740397,0.790686792714417,0.13214217631665598,0.07717103096892709,H,0.1415300936911391,0.13214217631665598,1.955242908248768,2.023876842736577,-0.06863393448780908
2023-24,2023-12-23,Fulham,Burnley,4,2023-24,Independent Poisson,A,H,0.4857030636261574,0.2629417096418668,0.2513552267319759,A,1.71,3.93,5.24,0.5847953216374269,0.2544529262086514,0.19083969465648853,1.0300879425025669,0.030087942502566856,0.5677139761646803,0.24702058504875407,0.18526543878656554,H,0.2513552267319759,0.18526543878656554,1.3808880944228936,1.6859656780001924,-0.30507758357729875
2023-24,2023-12-23,Liverpool,Arsenal,4,2023-24,Independent Poisson,D,H,0.482930205168587,0.2343938644306702,0.2826759304007427,D,2.52,3.66,2.8,0.3968253968253968,0.27322404371584696,0.35714285714285715,1.027192297684101,0.02719229768410103,0.38632045598480047,0.265991133628879,0.3476884103863204,H,0.2343938644306702,0.265991133628879,1.45075239725894,1.3242923029782283,0.1264600942807117
2023-24,2023-12-23,Luton,Newcastle,4,2023-24,Independent Poisson,H,A,0.2595035149456036,0.2436004144728326,0.4968960705815637,H,5.32,4.12,1.67,0.18796992481203006,0.24271844660194175,0.5988023952095809,1.0294907666235527,0.029490766623552656,0.18258534307065216,0.23576554008152176,0.5816491168478262,A,0.2595035149456036,0.18258534307065216,1.348985031398164,1.7005375820021027,-0.35155255060393875
2023-24,2023-12-23,Nott'm Forest,Bournemouth,4,2023-24,Independent Poisson,A,H,0.4029050375327409,0.259534129141208,0.3375608333260511,A,2.94,3.45,2.52,0.3401360544217687,0.2898550724637681,0.3968253968253968,1.0268165237109337,0.026816523710933682,0.3312530004800768,0.28228516562650025,0.3864618338934229,A,0.3375608333260511,0.3864618338934229,1.0860095380200687,0.9507221638424087,0.13528737417766
2023-24,2023-12-23,Tottenham,Everton,4,2023-24,Independent Poisson,H,H,0.6146990887202932,0.2239911240846115,0.1613097871950952,H,1.7,4.29,4.76,0.5882352941176471,0.2331002331002331,0.21008403361344538,1.0314195608313255,0.031419560831325466,0.5703162092868674,0.2259994302535372,0.2036843604595955,H,0.6146990887202932,0.5703162092868674,0.48662241754905333,0.5615643188373214,-0.07494190128826805
2023-24,2023-12-23,West Ham,Man United,4,2023-24,Independent Poisson,H,A,0.3333780525400348,0.2555390117668441,0.4110829356931212,H,2.1,3.89,3.39,0.47619047619047616,0.2570694087403599,0.2949852507374631,1.0282451356682991,0.028245135668299115,0.4631098749433716,0.25000790164038056,0.2868822234162479,H,0.3333780525400348,0.4631098749433716,1.0984781400463342,0.7697909421568677,0.32868719788946643
2023-24,2023-12-24,Wolves,Chelsea,4,2023-24,Independent Poisson,H,A,0.3444424815983863,0.2414719440879267,0.414085574313687,H,3.34,3.65,2.2,0.29940119760479045,0.273972602739726,0.45454545454545453,1.027919254889971,0.027919254889970935,0.29126917915049516,0.26653124886648044,0.4421995719830244,A,0.3444424815983863,0.29126917915049516,1.0658281644466858,1.2335074251098208,-0.167679260663135
2023-24,2023-12-26,Bournemouth,Fulham,4,2023-24,Independent Poisson,H,A,0.3469279101092685,0.2702241190331977,0.382847970857534,H,1.92,3.9,3.97,0.5208333333333334,0.25641025641025644,0.2518891687657431,1.0291327585093328,0.029132758509332835,0.5060895487261958,0.2491517778344349,0.24475867343936927,H,0.3469279101092685,0.5060895487261958,1.0586382724651706,0.6810416515854959,0.3775966208796747
2023-24,2023-12-26,Burnley,Liverpool,4,2023-24,Independent Poisson,A,A,0.1170552406533037,0.1902766530341361,0.6926681063125599,A,7.85,5.65,1.38,0.12738853503184713,0.17699115044247787,0.7246376811594204,1.0290173666337454,0.029017366633745434,0.12379629262096613,0.17200015877426267,0.7042035486047712,A,0.6926681063125599,0.7042035486047712,0.36720431758241595,0.35068783307369533,0.01651648450872062
2023-24,2023-12-26,Man United,Aston Villa,4,2023-24,Independent Poisson,H,H,0.4331298972406065,0.2586257827428037,0.3082443200165899,H,2.35,3.77,2.98,0.425531914893617,0.26525198938992045,0.33557046979865773,1.0263543740821952,0.02635437408219521,0.41460525296064893,0.25844094017440983,0.32695380686494124,H,0.4331298972406065,0.41460525296064893,0.8367176023414712,0.880428409112219,-0.04371080677074779
2023-24,2023-12-26,Newcastle,Nott'm Forest,4,2023-24,Independent Poisson,A,H,0.6427825943847716,0.2074722142027979,0.1497451914124304,A,1.4,5.15,8.1,0.7142857142857143,0.1941747572815534,0.1234567901234568,1.0319172616907246,0.03191726169072462,0.6921928150667883,0.1881689206006803,0.11963826433253132,H,0.1497451914124304,0.11963826433253132,1.8988201532705515,2.1232825527434493,-0.2244623994728978
2023-24,2023-12-26,Sheffield United,Luton,4,2023-24,Independent Poisson,A,A,0.2245802845906674,0.2537677678491207,0.5216519475602118,A,2.46,3.29,3.15,0.4065040650406504,0.303951367781155,0.31746031746031744,1.0279157502821228,0.027915750282122787,0.3954643801586666,0.2956967705745653,0.3088388492667682,H,0.5216519475602118,0.3088388492667682,0.650754680613589,1.1749356615335427,-0.5241809809199537
2023-24,2023-12-27,Brentford,Wolves,4,2023-24,Independent Poisson,A,H,0.4595142317347995,0.2499987213986808,0.2904870468665196,A,2.25,3.39,3.46,0.4444444444444444,0.2949852507374631,0.28901734104046245,1.0284470362223699,0.02844703622236988,0.432151028483636,0.2868259038608204,0.2810230676555437,H,0.2904870468665196,0.2810230676555437,1.236196292784055,1.2693185217168306,-0.0331222289327755
2023-24,2023-12-27,Chelsea,Crystal Palace,4,2023-24,Independent Poisson,H,H,0.5882201874962907,0.2155314209464911,0.1962483915572181,H,1.81,3.76,4.72,0.5524861878453039,0.26595744680851063,0.21186440677966104,1.0303080414334755,0.03030804143347554,0.5362339859801789,0.2581339134638627,0.20563210055595843,H,0.5882201874962907,0.5362339859801789,0.5306539326482453,0.6231846721598432,-0.09253073951159785
2023-24,2023-12-27,Everton,Man City,4,2023-24,Independent Poisson,A,A,0.1816109487738659,0.2009531174812324,0.6174359337449016,A,5.5,3.97,1.68,0.18181818181818182,0.2518891687657431,0.5952380952380952,1.0289454458220202,0.028945445822020188,0.17670342247632773,0.24480323013093264,0.5784933473927396,A,0.6174359337449016,0.5784933473927396,0.48217996688291653,0.5473282321677876,-0.06514826528487105
2023-24,2023-12-28,Arsenal,West Ham,4,2023-24,Independent Poisson,A,H,0.6669923000693769,0.1905577315026911,0.1424499684279321,A,1.29,6.09,10.81,0.7751937984496123,0.16420361247947454,0.09250693802035152,1.0319043489494384,0.03190434894943839,0.7512264089581772,0.15912677628178137,0.0896468147600415,H,0.1424499684279321,0.0896468147600415,1.9487644396743826,2.411877609288443,-0.46311316961406024
2023-24,2023-12-28,Brighton,Tottenham,4,2023-24,Independent Poisson,H,H,0.4379310933099642,0.2435512523659935,0.3185176543240422,H,2.48,3.92,2.71,0.40322580645161293,0.25510204081632654,0.36900369003690037,1.02733153730484,0.027331537304839948,0.3924982265310948,0.24831520454008038,0.3591865689288247,H,0.4379310933099642,0.3924982265310948,0.8256937021920979,0.9352232601619971,-0.10952955796989916
2023-24,2023-12-30,Aston Villa,Burnley,4,2023-24,Independent Poisson,H,H,0.7453134215521872,0.1664124253520311,0.0882741530957816,H,1.41,5.3,7.94,0.7092198581560284,0.18867924528301888,0.12594458438287154,1.0238436878219188,0.023843687821918813,0.6927032579209355,0.18428520635255077,0.12301153572651373,H,0.7453134215521872,0.6927032579209355,0.29395044900199024,0.3671535707440005,-0.07320312174201027
2023-24,2023-12-30,Crystal Palace,Brentford,4,2023-24,Independent Poisson,H,H,0.4648268369893079,0.2648327990123713,0.2703403639983208,H,2.15,3.27,3.89,0.46511627906976744,0.3058103975535168,0.2570694087403599,1.027996085363644,0.027996085363644063,0.4524494652187677,0.29748206428756896,0.2500684704936634,H,0.4648268369893079,0.4524494652187677,0.7660903363218666,0.7930792011532749,-0.026988864831408277
2023-24,2023-12-30,Luton,Chelsea,4,2023-24,Independent Poisson,A,A,0.2695610008395191,0.2585008004265472,0.4719381987339336,A,5.55,4.6,1.58,0.1801801801801802,0.2173913043478261,0.6329113924050632,1.0304828769330694,0.03048287693306939,0.17485024177833383,0.21096061779777234,0.6141891404238939,A,0.4719381987339336,0.6141891404238939,0.750907236855036,0.4874523519785255,0.26345488487651053
2023-24,2023-12-30,Man City,Sheffield United,4,2023-24,Independent Poisson,H,H,0.9521889338322416,0.0385778313683704,0.0092332347993879,H,1.07,14.0,36.0,0.9345794392523364,0.07142857142857142,0.027777777777777776,1.0337857884586856,0.03378578845868563,0.9040358744394619,0.06909417040358744,0.026869955156950672,H,0.9521889338322416,0.9040358744394619,0.04899180397351732,0.10088623526290522,-0.05189443128938789
2023-24,2023-12-30,Nott'm Forest,Man United,4,2023-24,Independent Poisson,H,A,0.2656139986346322,0.2667883852833312,0.4675976160820367,H,3.31,3.66,2.21,0.3021148036253776,0.27322404371584696,0.45248868778280543,1.02782753512403,0.027827535124030023,0.2939353085037957,0.26582674075070045,0.4402379507455039,A,0.2656139986346322,0.2939353085037957,1.3257111570660736,1.2243955749583464,0.10131558210772718
2023-24,2023-12-30,Wolves,Everton,4,2023-24,Independent Poisson,H,H,0.3784904432776702,0.2863009963885817,0.3352085603337479,H,2.97,3.24,2.61,0.33670033670033667,0.30864197530864196,0.3831417624521073,1.028484074461086,0.028484074461085918,0.3273753527751646,0.30009407337723426,0.37253057384760113,A,0.3784904432776702,0.3273753527751646,0.9715644553595355,1.1166478985674737,-0.1450834432079382
2023-24,2023-12-31,Fulham,Arsenal,4,2023-24,Independent Poisson,H,A,0.1556075118508724,0.216663347041722,0.6277291411074053,H,5.78,4.22,1.61,0.17301038062283736,0.23696682464454977,0.6211180124223602,1.0310952176897472,0.031095217689747212,0.16779282616641478,0.22982050598148757,0.6023866678520978,A,0.1556075118508724,0.16779282616641478,1.8604183917265693,1.7850252381489031,0.07539315357766618
2023-24,2023-12-31,Tottenham,Bournemouth,4,2023-24,Independent Poisson,H,H,0.6869530486247346,0.1947100470360094,0.1183369043392559,H,1.79,4.59,3.92,0.5586592178770949,0.2178649237472767,0.25510204081632654,1.0316261824406983,0.03162618244069826,0.5415326087937951,0.21118591933352795,0.24728147187267685,H,0.6869530486247346,0.5415326087937951,0.3754893317084461,0.6133519949750829,-0.23786266326663674
2023-24,2024-01-01,Liverpool,Newcastle,4,2023-24,Independent Poisson,H,H,0.6801617900814785,0.1870664474916631,0.1327717624268582,H,1.38,5.7,7.75,0.7246376811594204,0.17543859649122806,0.12903225806451613,1.0291085357151646,0.029108535715164585,0.7041411629686305,0.17047628156082628,0.12538255547054322,H,0.6801617900814785,0.7041411629686305,0.38542458252161754,0.35077642734421566,0.034648155177401885
2023-24,2024-01-02,West Ham,Brighton,4,2023-24,Independent Poisson,D,H,0.4039074047408949,0.2666314571438255,0.3294611381152794,D,3.19,3.65,2.27,0.31347962382445144,0.273972602739726,0.44052863436123346,1.0279808609254109,0.027980860925410855,0.3049469457459064,0.2665152758710798,0.4285377783830138,A,0.2666314571438255,0.2665152758710798,1.3218878844104556,1.322323716677223,-0.00043583226676746634
2023-24,2024-01-12,Burnley,Luton,4,2023-24,Independent Poisson,D,H,0.366111261668105,0.2907067183950848,0.3431820199368104,D,2.18,3.47,3.6,0.4587155963302752,0.2881844380403458,0.2777777777777778,1.0246778121483988,0.024677812148398814,0.4476681264020986,0.28124395260996393,0.2710879209879375,H,0.2907067183950848,0.28124395260996393,1.2354403605901612,1.2685328275259142,-0.03309246693575307
2023-24,2024-01-13,Chelsea,Fulham,4,2023-24,Independent Poisson,H,H,0.5446612090496392,0.2363306210179061,0.2190081699324546,H,1.67,4.15,5.3,0.5988023952095809,0.24096385542168672,0.18867924528301888,1.0284454959142866,0.028445495914286578,0.5822402816565855,0.23429910129313192,0.18346061705028258,H,0.5446612090496392,0.5822402816565855,0.6075913123852017,0.5408720613718643,0.06671925101333742
2023-24,2024-01-13,Newcastle,Man City,4,2023-24,Independent Poisson,A,A,0.2346010244397076,0.2257692255450351,0.5396297500152573,A,5.1,4.25,1.67,0.19607843137254904,0.23529411764705882,0.5988023952095809,1.0301749442291888,0.03017494422918876,0.19033508092090268,0.2284020971050832,0.5812628219740141,A,0.5396297500152573,0.5812628219740141,0.6168720227078826,0.5425522630137422,0.0743197596941404
2023-24,2024-01-14,Everton,Aston Villa,4,2023-24,Independent Poisson,D,A,0.2682231550413637,0.2462366269491759,0.4855402180094604,D,2.55,3.61,2.79,0.3921568627450981,0.2770083102493075,0.35842293906810035,1.0275881120625059,0.027588112062505887,0.38162845418480673,0.26957134575381086,0.34880020006138246,H,0.2462366269491759,0.26957134575381086,1.4014623072099839,1.3109221898885148,0.09054011732146905
2023-24,2024-01-14,Man United,Tottenham,4,2023-24,Independent Poisson,D,H,0.4467586583400921,0.2518288910775481,0.3014124505823597,D,1.99,4.02,3.59,0.5025125628140703,0.24875621890547267,0.2785515320334262,1.0298203137529691,0.02982031375296912,0.4879614007445301,0.24155303171184456,0.27048556754362535,H,0.2518288910775481,0.24155303171184456,1.3790054257586266,1.4206662369868173,-0.04166081122819065
2023-24,2024-01-20,Arsenal,Crystal Palace,4,2023-24,Independent Poisson,H,H,0.7055037613709157,0.1769435478733934,0.1175526907556908,H,1.27,6.15,12.65,0.7874015748031495,0.16260162601626016,0.07905138339920949,1.0290545842186192,0.029054584218619173,0.7651698820243229,0.1580106910846976,0.07681942689097947,H,0.7055037613709157,0.7651698820243229,0.3488431762067894,0.2676574018034002,0.0811857744033892
2023-24,2024-01-20,Brentford,Nott'm Forest,4,2023-24,Independent Poisson,H,H,0.4857912894686669,0.2597190597623331,0.2544896507689999,H,1.78,3.86,4.81,0.5617977528089888,0.2590673575129534,0.2079002079002079,1.0287653182221501,0.028765318222150116,0.5460893197487,0.2518235723193487,0.20208710793195134,H,0.4857912894686669,0.5460893197487,0.7219761928575091,0.6049727273331663,0.11700346552434282
2023-24,2024-01-21,Bournemouth,Liverpool,4,2023-24,Independent Poisson,A,A,0.1458923318873119,0.2053957538026301,0.6487119143100577,A,4.49,4.46,1.71,0.22271714922048996,0.2242152466367713,0.5847953216374269,1.0317277174946882,0.03172771749468817,0.21586814567830648,0.21732017356403502,0.5668116807576585,A,0.6487119143100577,0.5668116807576585,0.43276655249112594,0.5677281631252091,-0.13496161063408318
2023-24,2024-01-21,Sheffield United,West Ham,4,2023-24,Independent Poisson,D,A,0.2427047543815664,0.2670992757321366,0.490195969886297,D,2.82,3.35,2.67,0.3546099290780142,0.29850746268656714,0.37453183520599254,1.027649226970574,0.027649226970573926,0.34506903695473534,0.290476025138016,0.3644549379072486,A,0.2670992757321366,0.290476025138016,1.3201348704680391,1.2362342357413134,0.08390063472672571
2023-24,2024-01-22,Brighton,Wolves,4,2023-24,Independent Poisson,D,H,0.5775618317994196,0.2243002141553048,0.1981379540452754,D,1.67,4.25,5.15,0.5988023952095809,0.23529411764705882,0.1941747572815534,1.028271270138193,0.028271270138193083,0.5823389338973807,0.22882494579026486,0.1888361203123545,H,0.2243002141553048,0.22882494579026486,1.4947698826846745,1.4747979966160971,0.01997188606857736
2023-24,2024-01-30,Aston Villa,Newcastle,4,2023-24,Independent Poisson,A,H,0.4951097261947561,0.2471907337600871,0.2576995400451569,A,1.86,4.08,4.06,0.5376344086021505,0.24509803921568626,0.24630541871921185,1.0290378665370485,0.02903786653704854,0.5224631921577533,0.23818174936603462,0.23935505847621216,H,0.2576995400451569,0.23935505847621216,1.3559609461715227,1.4298072291442063,-0.07384628297268359
2023-24,2024-01-30,Crystal Palace,Sheffield United,4,2023-24,Independent Poisson,H,H,0.5944319027739424,0.2405204096069639,0.1650476876190936,H,1.61,4.01,6.2,0.6211180124223602,0.24937655860349128,0.16129032258064516,1.0317848936064966,0.03178489360649661,0.6019840145665507,0.24169433003794183,0.15632165539550752,H,0.5944319027739424,0.6019840145665507,0.5201491147881662,0.507524387902038,0.012624726886128146
2023-24,2024-01-30,Fulham,Everton,4,2023-24,Independent Poisson,D,H,0.394678775640199,0.2585288271933655,0.3467923971664354,D,2.23,3.27,3.64,0.4484304932735426,0.3058103975535168,0.2747252747252747,1.0289661655523341,0.02896616555233411,0.43580684019170995,0.29720160661391837,0.2669915531943717,H,0.2585288271933655,0.29720160661391837,1.3527480740621978,1.213344560318964,0.13940351374323368
2023-24,2024-01-30,Luton,Brighton,4,2023-24,Independent Poisson,H,A,0.28259749397875,0.2725502630428764,0.4448522429783736,H,4.29,3.99,1.83,0.2331002331002331,0.2506265664160401,0.5464480874316939,1.0301748869479672,0.030174886947967217,0.22627248640356992,0.24328545530609397,0.530442058290336,A,0.28259749397875,0.22627248640356992,1.2637316765036894,1.4860153139216103,-0.2222836374179209
2023-24,2024-01-30,Nott'm Forest,Arsenal,4,2023-24,Independent Poisson,A,A,0.1659052643979148,0.2154358684836465,0.6186588671184388,A,9.02,5.14,1.38,0.11086474501108648,0.19455252918287938,0.7246376811594204,1.0300549553533862,0.030054955353386203,0.10762993220400706,0.18887587324516414,0.7034941945508288,A,0.6186588671184388,0.7034941945508288,0.48020126141195574,0.35169565469937103,0.1285056067125847
2023-24,2024-01-31,Liverpool,Chelsea,4,2023-24,Independent Poisson,H,H,0.794355400263562,0.132918485426731,0.072726114309707,H,1.66,4.46,4.89,0.6024096385542169,0.2242152466367713,0.20449897750511248,1.0311238626961008,0.03112386269610079,0.5842262606347641,0.21744744229903776,0.19832629706619803,H,0.794355400263562,0.5842262606347641,0.230224310496465,0.5374669385927637,-0.30724262809629876
2023-24,2024-01-31,Man City,Burnley,4,2023-24,Independent Poisson,H,H,0.9193836465079316,0.0603930445663513,0.0202233089257171,H,1.11,11.5,23.0,0.9009009009009008,0.08695652173913043,0.043478260869565216,1.0313356835095964,0.03133568350959637,0.8735282947208508,0.08431447018609951,0.04215723509304976,H,0.9193836465079316,0.8735282947208508,0.08405178290336492,0.13521475757906826,-0.05116297467570334
2023-24,2024-01-31,Tottenham,Brentford,4,2023-24,Independent Poisson,H,H,0.6255096984718227,0.216523064527158,0.1579672370010194,H,1.62,4.56,5.18,0.6172839506172839,0.2192982456140351,0.19305019305019305,1.029632389281512,0.029632389281512017,0.599518776840374,0.2129869338775013,0.18749428928212472,H,0.6255096984718227,0.599518776840374,0.46918844404457916,0.511627984170403,-0.04243954012582385
2023-24,2024-02-01,West Ham,Bournemouth,4,2023-24,Independent Poisson,D,H,0.5859645816141572,0.2295948117931113,0.1844406065927315,D,2.51,3.54,2.89,0.39840637450199207,0.2824858757062147,0.3460207612456747,1.0269130114538814,0.026913011453881364,0.3879650662308163,0.2750825752088556,0.33695235856032824,H,0.2295948117931113,0.2750825752088556,1.471439211511934,1.290683952901879,0.18075525861005493
2023-24,2024-02-01,Wolves,Man United,4,2023-24,Independent Poisson,A,A,0.3643464226895945,0.2530186046627722,0.3826349726476334,A,3.01,3.46,2.46,0.33222591362126247,0.28901734104046245,0.4065040650406504,1.0277473197023754,0.027747319702375428,0.3232564145411457,0.2812143953089158,0.3955291901499384,A,0.3826349726476334,0.3955291901499384,0.9606738182923898,0.9275306888090887,0.033143129483301115
2023-24,2024-02-03,Brighton,Crystal Palace,4,2023-24,Independent Poisson,H,H,0.5858524424200521,0.2265651525300867,0.1875824050498611,H,1.74,3.82,5.23,0.5747126436781609,0.2617801047120419,0.19120458891013384,1.0276973373003366,0.027697337300336633,0.559223637951497,0.25472490315068186,0.18605145889782118,H,0.5858524424200521,0.559223637951497,0.5346873258572004,0.5812058179410935,-0.04651849208389314
2023-24,2024-02-03,Burnley,Fulham,4,2023-24,Independent Poisson,D,H,0.4523281741674027,0.2737661998555851,0.273905625977012,D,2.97,3.28,2.59,0.33670033670033667,0.3048780487804878,0.3861003861003861,1.0276787715812106,0.02767877158121057,0.327631888495937,0.29666667952223563,0.37570143198182737,A,0.2737661998555851,0.29666667952223563,1.2954808220477,1.2151460615906837,0.08033476045701637
2023-24,2024-02-03,Everton,Tottenham,4,2023-24,Independent Poisson,D,A,0.2144979301338348,0.2270736120853155,0.5584284577808496,D,3.1,3.74,2.28,0.3225806451612903,0.267379679144385,0.4385964912280702,1.0285568155337454,0.02855681553374545,0.3136245273858738,0.2599561590631574,0.42641931355096885,A,0.2270736120853155,0.2599561590631574,1.4824810317547144,1.3472422811722453,0.13523875058246904
2023-24,2024-02-03,Newcastle,Luton,4,2023-24,Independent Poisson,D,H,0.581524817510972,0.2353994948544926,0.1830756876345353,D,1.54,4.69,5.92,0.6493506493506493,0.21321961620469082,0.16891891891891891,1.031489184474259,0.03148918447425908,0.6295273466019109,0.2067104720185379,0.16376218137955115,H,0.2353994948544926,0.2067104720185379,1.4464712300610134,1.5764361506917268,-0.1299649206307134
2023-24,2024-02-03,Sheffield United,Aston Villa,4,2023-24,Independent Poisson,A,A,0.2076988498221852,0.2338855213913054,0.5584156287865092,A,5.35,4.3,1.64,0.1869158878504673,0.23255813953488372,0.6097560975609756,1.0292301249463267,0.029230124946326708,0.18160747856094359,0.2259534907676856,0.5924390306713707,A,0.5584156287865092,0.5924390306713707,0.5826517394111234,0.5235073130880777,0.05914442632304562
2023-24,2024-02-04,Arsenal,Liverpool,4,2023-24,Independent Poisson,H,A,0.3439090343870481,0.254621760839997,0.4014692047729548,H,2.2,3.75,3.26,0.45454545454545453,0.26666666666666666,0.3067484662576687,1.02796058746979,0.02796058746978991,0.4421817918761529,0.2594133179006764,0.2984048902231707,H,0.3439090343870481,0.4421817918761529,1.067378091499189,0.8160341876251146,0.25134390387407446
2023-24,2024-02-04,Bournemouth,Nott'm Forest,4,2023-24,Independent Poisson,D,H,0.5077121976398729,0.2619081080292503,0.2303796943308767,D,1.66,4.37,5.01,0.6024096385542169,0.22883295194508008,0.1996007984031936,1.0308433889024906,0.03084338890249061,0.5843852180063794,0.22198614688571847,0.19362863510790215,H,0.2619081080292503,0.22198614688571847,1.3397615694549285,1.5051403004725896,-0.1653787310176611
2023-24,2024-02-04,Chelsea,Wolves,4,2023-24,Independent Poisson,A,A,0.3480964961758216,0.256027525922309,0.3958759779018691,A,1.54,4.63,6.02,0.6493506493506493,0.2159827213822894,0.16611295681063123,1.03144632754357,0.03144632754356991,0.6295535036681003,0.20939792562610676,0.1610485707057931,H,0.3958759779018691,0.1610485707057931,0.9266543038974757,1.8260492780919166,-0.8993949741944409
2023-24,2024-02-04,Man United,West Ham,4,2023-24,Independent Poisson,H,H,0.5593759157334179,0.2402089414222134,0.2004151428443683,H,1.56,4.59,5.9,0.641025641025641,0.2178649237472767,0.1694915254237288,1.0283820901966465,0.028382090196646503,0.6233341159248159,0.21185211783065644,0.16481376624452762,H,0.5593759157334179,0.6233341159248159,0.580933552889029,0.4726726023080455,0.10826095058098356
2023-24,2024-02-05,Brentford,Man City,4,2023-24,Independent Poisson,A,A,0.1396260808299669,0.1872998453522638,0.6730740738177692,A,7.8,5.4,1.39,0.12820512820512822,0.18518518518518517,0.7194244604316548,1.0328147738219682,0.03281477382196818,0.12413177217701925,0.1793014487001389,0.6965667791228418,A,0.6730740738177692,0.6965667791228418,0.39589989028600225,0.36159161222068664,0.03430827806531561
2023-24,2024-02-10,Fulham,Bournemouth,4,2023-24,Independent Poisson,H,H,0.4326534573200622,0.2565280550249444,0.3108184876549933,H,2.64,3.5,2.76,0.3787878787878788,0.2857142857142857,0.3623188405797102,1.0268210050818747,0.026821005081874683,0.3688937769223719,0.2782513060214462,0.3528549170561819,H,0.4326534573200622,0.3688937769223719,0.8378182009291615,0.997246543802435,-0.15942834287327357
2023-24,2024-02-10,Liverpool,Burnley,4,2023-24,Independent Poisson,H,H,0.8847401879503434,0.0817955071759452,0.0334643048737113,H,1.16,9.27,15.41,0.8620689655172414,0.10787486515641856,0.06489292667099286,1.0348367573446529,0.03483675734465286,0.8330482652445336,0.10424336436716926,0.06270837038829714,H,0.8847401879503434,0.8330482652445336,0.12246125001264319,0.1826636970238082,-0.060202447011165006
2023-24,2024-02-10,Luton,Sheffield United,4,2023-24,Independent Poisson,A,H,0.5910805167894124,0.248477564990781,0.1604419182198064,A,1.72,4.05,4.96,0.5813953488372093,0.2469135802469136,0.20161290322580647,1.0299218323099293,0.029921832309929286,0.5645043445027709,0.23974011667771997,0.19575553881950924,H,0.1604419182198064,0.19575553881950924,1.829823282156953,1.630888649137282,0.19893463301967085
2023-24,2024-02-10,Man City,Everton,4,2023-24,Independent Poisson,H,H,0.8764655856173106,0.0854543413946057,0.0380800729880837,H,1.24,6.85,12.25,0.8064516129032259,0.14598540145985403,0.08163265306122448,1.0340696674243044,0.034069667424304395,0.7798813158420581,0.14117559586046016,0.07894308829748178,H,0.8764655856173106,0.7798813158420581,0.13185783880603918,0.24861353005273018,-0.116755691246691
2023-24,2024-02-10,Nott'm Forest,Newcastle,4,2023-24,Independent Poisson,A,A,0.2339839559386175,0.2550861686130041,0.5109298754483781,A,3.32,3.79,2.16,0.30120481927710846,0.2638522427440633,0.4629629629629629,1.0280200249841347,0.028020024984134695,0.29299508954775166,0.25666060614737085,0.4503443043048775,A,0.5109298754483781,0.4503443043048775,0.6715229282376494,0.7977428680958742,-0.12621993985822488
2023-24,2024-02-10,Tottenham,Brighton,4,2023-24,Independent Poisson,H,H,0.5131056087478407,0.2475878536080836,0.2393065376440755,H,1.72,4.64,4.27,0.5813953488372093,0.21551724137931036,0.234192037470726,1.0311046276872458,0.031104627687245756,0.5638567932153224,0.2090158802436109,0.22712732654106663,H,0.5131056087478407,0.5638567932153224,0.6672735899931226,0.5729549724641654,0.0943186175289572
2023-24,2024-02-10,Wolves,Brentford,4,2023-24,Independent Poisson,A,H,0.4770490261820303,0.2544126828985429,0.2685382909194267,A,2.27,3.54,3.28,0.44052863436123346,0.2824858757062147,0.3048780487804878,1.027892558847936,0.027892558847935955,0.4285745923241033,0.2748204306711058,0.296604977004791,H,0.2685382909194267,0.296604977004791,1.3147617647004703,1.215354069227618,0.09940769547285244
2023-24,2024-02-11,Aston Villa,Man United,4,2023-24,Independent Poisson,A,H,0.5795890939939958,0.2187279678597224,0.2016829381462817,A,2.18,3.93,3.18,0.4587155963302752,0.2544529262086514,0.31446540880503143,1.027633931343958,0.027633931343957974,0.4463803523209464,0.24761047533324762,0.30600917234580605,H,0.2016829381462817,0.30600917234580605,1.6010584278513822,1.184140202492703,0.4169182253586792
2023-24,2024-02-11,West Ham,Arsenal,4,2023-24,Independent Poisson,A,A,0.2347572247636563,0.2446685256666972,0.5205742495696466,A,6.25,4.4,1.56,0.16,0.22727272727272727,0.641025641025641,1.0282983682983682,0.02829836829836818,0.15559686267398107,0.2210182708437231,0.6233848664822959,A,0.5205742495696466,0.6233848664822959,0.6528227506307019,0.47259118771787056,0.18023156291283138
2023-24,2024-02-12,Crystal Palace,Chelsea,4,2023-24,Independent Poisson,A,H,0.419115362047616,0.2503345448683804,0.3305500930840035,A,5.04,3.99,1.72,0.1984126984126984,0.2506265664160401,0.5813953488372093,1.030434613665948,0.030434613665947907,0.19255243931180765,0.24322413386754652,0.5642234268206457,A,0.3305500930840035,0.5642234268206457,1.1069970635991906,0.5723049590844065,0.5346921045147841
2023-24,2024-02-17,Brentford,Liverpool,4,2023-24,Independent Poisson,A,A,0.155599754241991,0.2027417816672835,0.6416584640907255,A,4.85,4.45,1.66,0.2061855670103093,0.2247191011235955,0.6024096385542169,1.0333143066881219,0.03331430668812185,0.1995380937588633,0.21747410218662627,0.5829878040545102,A,0.6416584640907255,0.5829878040545102,0.44369910424530146,0.5395890121394608,-0.0958899078941593
2023-24,2024-02-17,Burnley,Arsenal,4,2023-24,Independent Poisson,A,A,0.0937873695665441,0.1627593409489885,0.7434532894844674,A,10.32,6.08,1.29,0.09689922480620154,0.16447368421052633,0.7751937984496123,1.0365667074663403,0.036566707466340276,0.09348093480934809,0.15867158671586717,0.7478474784747847,A,0.7434532894844674,0.7478474784747847,0.2964493402277136,0.2905562275816436,0.0058931126460699534
2023-24,2024-02-17,Fulham,Aston Villa,4,2023-24,Independent Poisson,A,A,0.2944533194897289,0.2451927759276133,0.4603539045826577,A,3.1,3.74,2.28,0.3225806451612903,0.267379679144385,0.4385964912280702,1.0285568155337454,0.02855681553374545,0.3136245273858738,0.2599561590631574,0.42641931355096885,A,0.4603539045826577,0.42641931355096885,0.7757597275146036,0.8523321127121538,-0.07657238519755016
2023-24,2024-02-17,Man City,Chelsea,4,2023-24,Independent Poisson,D,H,0.8164985679906678,0.1215906224859789,0.0619108095233531,D,1.31,6.6,8.75,0.7633587786259541,0.15151515151515152,0.11428571428571428,1.0291596444268198,0.029159644426819842,0.7417301900242106,0.14722220438359335,0.11104760559219612,H,0.1215906224859789,0.14722220438359335,2.1070954301377833,1.9158122390660863,0.191283191071697
2023-24,2024-02-17,Newcastle,Bournemouth,4,2023-24,Independent Poisson,D,H,0.7144724635938993,0.1685619250769829,0.1169656113291177,D,2.0,3.94,3.64,0.5,0.25380710659898476,0.2747252747252747,1.0285323813242595,0.028532381324259504,0.48612956585405537,0.2467662770832768,0.26710415706266777,H,0.1685619250769829,0.2467662770832768,1.7804520888289295,1.3993136369545267,0.38113845187440276
2023-24,2024-02-17,Nott'm Forest,West Ham,4,2023-24,Independent Poisson,H,H,0.3907714093581944,0.2706725921691353,0.3385559984726703,H,2.29,3.54,3.24,0.4366812227074236,0.2824858757062147,0.30864197530864196,1.0278090737222803,0.027809073722280253,0.4248660902807104,0.27484275331718266,0.30029115640210696,H,0.3907714093581944,0.4248660902807104,0.9396325207574496,0.855981241398832,0.0836512793586176
2023-24,2024-02-17,Tottenham,Wolves,4,2023-24,Independent Poisson,A,H,0.5816587185240752,0.2177620667945036,0.2005792146814211,A,1.51,5.01,5.84,0.6622516556291391,0.1996007984031936,0.17123287671232876,1.0330853307446615,0.03308533074466147,0.6410425508140547,0.19320843347888672,0.16574901570705863,H,0.2005792146814211,0.16574901570705863,1.6065460245684418,1.79728058835275,-0.1907345637843083
2023-24,2024-02-18,Luton,Man United,4,2023-24,Independent Poisson,A,A,0.322157423282259,0.2686245911598498,0.4092179855578911,A,4.32,4.14,1.79,0.23148148148148145,0.24154589371980678,0.5586592178770949,1.0316865930783832,0.031686593078383174,0.22437190037604227,0.234127200392392,0.5415008992315657,A,0.4092179855578911,0.5415008992315657,0.893507292894296,0.6134105519116936,0.2800967409826024
2023-24,2024-02-18,Sheffield United,Brighton,4,2023-24,Independent Poisson,A,A,0.2137462993543348,0.2438471875939879,0.5424065130516773,A,4.91,4.32,1.68,0.20366598778004072,0.23148148148148145,0.5952380952380952,1.0303855644996174,0.03038556449961738,0.19765997777632524,0.2246552062226289,0.5776848160010458,A,0.5424065130516773,0.5776848160010458,0.6117395345894067,0.5487268600766937,0.06301267451271297
2023-24,2024-02-19,Everton,Crystal Palace,4,2023-24,Independent Poisson,D,H,0.5382660211621193,0.2360408254643582,0.2256931533735223,D,1.83,3.49,5.06,0.5464480874316939,0.28653295128939826,0.19762845849802374,1.030609497219116,0.03060949721911599,0.5302183697182781,0.27802281277491375,0.19175881750680812,H,0.2360408254643582,0.27802281277491375,1.443750499661688,1.2800521083168492,0.16369839134483866
2023-24,2024-02-20,Man City,Brentford,4,2023-24,Independent Poisson,H,H,0.8555638698740871,0.0992510644219967,0.0451850657039163,H,1.18,8.5,15.0,0.8474576271186441,0.11764705882352941,0.06666666666666667,1.0317713526088403,0.03177135260884034,0.8213618501578303,0.11402435096308701,0.06461379887908264,H,0.8555638698740871,0.8213618501578303,0.1559945304891538,0.19679152343987122,-0.040796992950717426
2023-24,2024-02-21,Liverpool,Luton,4,2023-24,Independent Poisson,H,H,0.7853443693254224,0.1364056354016784,0.078249995272899,H,1.25,6.93,10.47,0.8,0.14430014430014432,0.09551098376313276,1.0398111280632771,0.039811128063277135,0.7693704927836822,0.1387753414111981,0.09185416580511965,H,0.7853443693254224,0.7693704927836822,0.24163297035600098,0.262182640343364,-0.020549669987363045
2023-24,2024-02-24,Arsenal,Newcastle,4,2023-24,Independent Poisson,H,H,0.597428553981675,0.2201308120612846,0.1824406339570404,H,1.36,5.75,8.2,0.7352941176470588,0.17391304347826086,0.12195121951219513,1.0311583806375149,0.03115838063751486,0.7130758295272375,0.16865793533165965,0.11826623514110282,H,0.597428553981675,0.7130758295272375,0.5151205772521896,0.33816751144977225,0.17695306580241738
2023-24,2024-02-24,Aston Villa,Nott'm Forest,4,2023-24,Independent Poisson,H,H,0.6710189449593266,0.1926780671727633,0.1363029878679101,H,1.61,4.51,5.37,0.6211180124223602,0.22172949002217296,0.186219739292365,1.0290672417368982,0.02906724173689823,0.6035737872425265,0.21546647393801946,0.18095973881945396,H,0.6710189449593266,0.6035737872425265,0.39895790849050533,0.5048869803963714,-0.10592907190586603
2023-24,2024-02-24,Bournemouth,Man City,4,2023-24,Independent Poisson,A,A,0.1379496125076849,0.1963407622557987,0.6657096252365164,A,6.75,5.2,1.45,0.14814814814814814,0.1923076923076923,0.6896551724137931,1.0301110128696336,0.03011101286963358,0.14381765294931095,0.18668637642458633,0.6694959706261028,A,0.6657096252365164,0.6694959706261028,0.4069017016599431,0.40123013235131705,0.005671569308626057
2023-24,2024-02-24,Brighton,Everton,4,2023-24,Independent Poisson,D,H,0.5725392674511102,0.2271984580291199,0.2002622745197698,D,1.87,3.98,4.1,0.53475935828877,0.25125628140703515,0.24390243902439027,1.0299180787201954,0.029918078720195362,0.5192251396861357,0.24395754050579746,0.23681731980806683,H,0.2271984580291199,0.24395754050579746,1.481931379001834,1.410761083151686,0.07117029585014811
2023-24,2024-02-24,Crystal Palace,Burnley,4,2023-24,Independent Poisson,H,H,0.547304262666237,0.2399181838830252,0.2127775534507378,H,1.98,3.54,4.13,0.5050505050505051,0.2824858757062147,0.24213075060532688,1.0296671313620467,0.029667131362046684,0.49049881235154397,0.2743467933491686,0.2351543942992874,H,0.547304262666237,0.49049881235154397,0.6027503923257104,0.7123324212812939,-0.10958202895558355
2023-24,2024-02-24,Man United,Fulham,4,2023-24,Independent Poisson,A,H,0.6348569768123442,0.2052273274281847,0.1599156957594712,A,1.65,4.26,5.24,0.6060606060606061,0.2347417840375587,0.19083969465648853,1.0316420847546532,0.031642084754653244,0.5874717743845632,0.22754188444472517,0.18498634117071167,H,0.1599156957594712,0.18498634117071167,1.8331085041129918,1.687473288139159,0.14563521597383278
2023-24,2024-02-25,Wolves,Sheffield United,4,2023-24,Independent Poisson,H,H,0.730806544446937,0.1688837816175305,0.1003096739355323,H,1.49,4.65,6.92,0.6711409395973155,0.2150537634408602,0.14450867052023122,1.0307033735584068,0.0307033735584068,0.6511484844376363,0.20864757888431784,0.14020393667804595,H,0.730806544446937,0.6511484844376363,0.3136064993364766,0.42901757608762536,-0.11541107675114876
2023-24,2024-02-26,West Ham,Brentford,4,2023-24,Independent Poisson,H,H,0.487884923024664,0.2460722227059202,0.2660428542694159,H,2.33,3.6,3.12,0.4291845493562232,0.2777777777777778,0.3205128205128205,1.0274751476468214,0.027475147646821352,0.41770796144234207,0.270349875044627,0.31194216351303106,H,0.487884923024664,0.41770796144234207,0.7176757144114081,0.8729727474683066,-0.15529703305689846
2023-24,2024-03-02,Brentford,Chelsea,4,2023-24,Independent Poisson,D,H,0.4093398464107239,0.2379641626856264,0.3526959909036497,D,3.28,3.74,2.2,0.3048780487804878,0.267379679144385,0.45454545454545453,1.0268031824703274,0.026803182470327425,0.29691965703397905,0.26040012702445214,0.4426802159415687,A,0.2379641626856264,0.26040012702445214,1.4356351935996592,1.345535880842726,0.09009931275693317
2023-24,2024-03-02,Everton,West Ham,4,2023-24,Independent Poisson,A,H,0.4715038928399646,0.2547636824802455,0.27373242467979,A,2.17,3.56,3.49,0.4608294930875576,0.2808988764044944,0.28653295128939826,1.0282613207814504,0.028261320781450383,0.44816379238824217,0.2731784914276645,0.27865771618409324,H,0.27373242467979,0.27865771618409324,1.2956042019954275,1.277771074037973,0.017833127957454398
2023-24,2024-03-02,Fulham,Brighton,4,2023-24,Independent Poisson,H,A,0.2680422653286129,0.2484900497128682,0.4834676849585187,H,2.62,3.44,2.81,0.38167938931297707,0.29069767441860467,0.35587188612099646,1.0282489498525782,0.028248949852578198,0.37119356102206486,0.2827113749644797,0.3460950640134555,H,0.2680422653286129,0.37119356102206486,1.316610604455587,0.9910316246050653,0.32557897985052164
2023-24,2024-03-02,Luton,Aston Villa,4,2023-24,Independent Poisson,A,A,0.229038896716538,0.2476865526541951,0.5232745506292671,A,4.55,4.5,1.7,0.21978021978021978,0.2222222222222222,0.5882352941176471,1.030237736120089,0.030237736120088954,0.21332961517010599,0.2156999442275516,0.5709704406023425,A,0.5232745506292671,0.5709704406023425,0.6476489992550084,0.5604178384378536,0.08723116081715476
2023-24,2024-03-02,Newcastle,Wolves,4,2023-24,Independent Poisson,H,H,0.5687666092913894,0.2303519709012285,0.200881419807382,H,1.73,4.28,4.58,0.5780346820809249,0.2336448598130841,0.2183406113537118,1.030020153247721,0.030020153247720893,0.5611877401217285,0.2268352314043435,0.211977028473928,H,0.5687666092913894,0.5611877401217285,0.5642851059936849,0.5776997768197383,-0.01341467082605341
2023-24,2024-03-02,Nott'm Forest,Liverpool,4,2023-24,Independent Poisson,A,A,0.1071518066605113,0.1719252949543798,0.7209228983851086,A,5.41,4.51,1.6,0.18484288354898337,0.22172949002217296,0.625,1.0315723735711564,0.03157237357115639,0.1791855698006759,0.21494322231078863,0.6058712078885354,A,0.7209228983851086,0.6058712078885354,0.3272230844679162,0.5010878437368889,-0.17386475926897266
2023-24,2024-03-02,Tottenham,Crystal Palace,4,2023-24,Independent Poisson,H,H,0.6249422281354418,0.2138183422205205,0.1612394296440377,H,1.54,4.6,6.11,0.6493506493506493,0.2173913043478261,0.1636661211129296,1.030408074811405,0.03040807481140506,0.6301878500607632,0.2109759324116468,0.15883621752759003,H,0.6249422281354418,0.6301878500607632,0.4700960685014051,0.4617373293421756,0.008358739159229522
2023-24,2024-03-03,Burnley,Bournemouth,4,2023-24,Independent Poisson,A,A,0.3654286420733157,0.2484776058364595,0.3860937520902248,A,3.8,3.8,1.99,0.2631578947368421,0.2631578947368421,0.5025125628140703,1.0288283522877544,0.028828352287754377,0.2557840616966581,0.2557840616966581,0.48843187660668386,A,0.3860937520902248,0.48843187660668386,0.9516750579453779,0.71655527145796,0.23511978648741783
2023-24,2024-03-03,Man City,Man United,4,2023-24,Independent Poisson,H,H,0.7867079330256872,0.1340274735056224,0.0792645934686904,H,1.24,7.2,10.75,0.8064516129032259,0.1388888888888889,0.09302325581395349,1.0383637576060682,0.03836375760606825,0.7766561640811576,0.1337574504806438,0.08958638543819863,H,0.7867079330256872,0.7766561640811576,0.23989821377038062,0.25275754382421867,-0.012859330053838047
2023-24,2024-03-04,Sheffield United,Arsenal,4,2023-24,Independent Poisson,A,A,0.0493380012810365,0.1010219536865872,0.849640045032376,A,17.5,7.75,1.18,0.05714285714285714,0.12903225806451613,0.8474576271186441,1.0336327423260174,0.03363274232601743,0.05528352073509853,0.12483375649860959,0.8198827227662918,A,0.849640045032376,0.8198827227662918,0.16294249562174054,0.19859396996903644,-0.0356514743472959
2023-24,2024-03-09,Arsenal,Brentford,4,2023-24,Independent Poisson,H,H,0.8019161287598324,0.1292050668449636,0.0688788043952039,H,1.22,7.5,13.0,0.819672131147541,0.13333333333333333,0.07692307692307693,1.0299285414039512,0.02992854140395118,0.7958533997224717,0.12945881968818873,0.07468778058933966,H,0.8019161287598324,0.7958533997224717,0.22075125419043568,0.2283402813022776,-0.007589027111841923
2023-24,2024-03-09,Bournemouth,Sheffield United,4,2023-24,Independent Poisson,D,H,0.7156032364445081,0.1810746879448489,0.1033220756106429,D,1.34,5.79,8.51,0.7462686567164178,0.17271157167530224,0.11750881316098707,1.0364890415527073,0.03648904155270727,0.7199966683665789,0.16663135330072812,0.11337197833269282,H,0.1810746879448489,0.16663135330072812,1.7088456922497461,1.791971371873466,-0.08312567962371986
2023-24,2024-03-09,Crystal Palace,Luton,4,2023-24,Independent Poisson,D,H,0.4165831028569096,0.250744717115561,0.3326721800275291,D,1.92,3.76,4.12,0.5208333333333334,0.26595744680851063,0.24271844660194175,1.0295092267437858,0.029509226743785755,0.5059044832270875,0.25833420420106595,0.23576131257184657,H,0.250744717115561,0.25833420420106595,1.3833199206947904,1.3535011672016815,0.029818753493108918
2023-24,2024-03-09,Man United,Everton,4,2023-24,Independent Poisson,H,H,0.6264924405128021,0.2078257797904074,0.1656817796967906,H,1.95,3.74,4.01,0.5128205128205129,0.267379679144385,0.24937655860349128,1.0295767505683893,0.029576750568389265,0.4980886685110213,0.25969863732526505,0.24221269416371358,H,0.6264924405128021,0.4980886685110213,0.4676185709393988,0.6969771685874468,-0.22935859764804806
2023-24,2024-03-09,Wolves,Fulham,4,2023-24,Independent Poisson,H,H,0.381325798026126,0.2689118740342688,0.3497623279396051,H,2.56,3.44,2.89,0.390625,0.29069767441860467,0.3460207612456747,1.0273434356642794,0.027343435664279436,0.3802282532203286,0.2829605605360585,0.33681118624361284,H,0.381325798026126,0.3802282532203286,0.9641011563267415,0.9669835402202558,-0.002882383893514251
2023-24,2024-03-10,Aston Villa,Tottenham,4,2023-24,Independent Poisson,A,H,0.6277471165373762,0.1914835353574233,0.1807693481052006,A,2.55,3.86,2.66,0.3921568627450981,0.2590673575129534,0.37593984962406013,1.0271640698821116,0.02716406988211162,0.38178600113038047,0.25221614064312703,0.3659978582264925,H,0.1807693481052006,0.3659978582264925,1.7105333802130809,1.0051277974380772,0.7054055827750036
2023-24,2024-03-10,Brighton,Nott'm Forest,4,2023-24,Independent Poisson,H,H,0.6147752276777739,0.2101777162243887,0.1750470560978372,H,1.63,4.39,5.3,0.6134969325153374,0.22779043280182235,0.18867924528301888,1.0299666106001786,0.029966610600178578,0.5956473988587286,0.2211629294167945,0.18318967172447695,H,0.6147752276777739,0.5956473988587286,0.4864985614317477,0.5181063996417461,-0.03160783820999841
2023-24,2024-03-10,Liverpool,Man City,4,2023-24,Independent Poisson,D,H,0.5413187357178897,0.2211884632117767,0.2374928010703334,D,3.48,3.9,2.06,0.28735632183908044,0.25641025641025644,0.4854368932038835,1.0292034714532203,0.02920347145322033,0.2792026356395179,0.2491346594937237,0.47166270486675843,A,0.2211884632117767,0.2491346594937237,1.5087401661562314,1.3897617275180736,0.11897843863815782
2023-24,2024-03-10,West Ham,Burnley,4,2023-24,Independent Poisson,D,H,0.733980977924933,0.1627673144522901,0.1032517076227767,D,1.66,4.08,5.43,0.6024096385542169,0.24509803921568626,0.1841620626151013,1.0316697403850046,0.031669740385004586,0.5839171344983,0.23757412825175928,0.17850873724994068,H,0.1627673144522901,0.23757412825175928,1.8154336167485072,1.4372755852516532,0.378158031496854
2023-24,2024-03-11,Chelsea,Newcastle,4,2023-24,Independent Poisson,H,A,0.3670493143233723,0.2588920848627743,0.3740586008138533,H,1.85,4.31,3.91,0.5405405405405405,0.2320185614849188,0.2557544757033248,1.0283135777287842,0.02831357772878418,0.5256573016709764,0.2256301642903263,0.24871253403869728,H,0.3670493143233723,0.5256573016709764,1.0022590685012713,0.6431057963101231,0.35915327219114823
2023-24,2024-03-13,Bournemouth,Luton,4,2023-24,Independent Poisson,H,H,0.4562966146327266,0.2544307756998647,0.2892726096674086,H,1.53,4.89,5.69,0.6535947712418301,0.20449897750511248,0.17574692442882248,1.033840673175765,0.033840673175765,0.6322006748236256,0.19780511911659454,0.16999420605977983,H,0.4562966146327266,0.6322006748236256,0.7846122102463077,0.45854841178007955,0.3260637984662281
2023-24,2024-03-16,Burnley,Brentford,4,2023-24,Independent Poisson,H,A,0.3131859988640726,0.2496685455774658,0.4371454555584615,H,3.18,3.65,2.28,0.31446540880503143,0.273972602739726,0.4385964912280702,1.0270345027728276,0.027034502772827596,0.3061877745645599,0.26676085564802754,0.4270513697874126,A,0.3131859988640726,0.3061877745645599,1.1609580193638498,1.183556722863403,-0.022598703499553174
2023-24,2024-03-16,Fulham,Tottenham,4,2023-24,Independent Poisson,H,A,0.2792912246957857,0.2316750237417607,0.4890337515624535,H,3.45,4.0,2.05,0.2898550724637681,0.25,0.48780487804878053,1.0276599505125485,0.027659950512548548,0.28205348697222465,0.24327113251354374,0.47467538051423175,A,0.2792912246957857,0.28205348697222465,1.2755002254440833,1.2656585559148537,0.009841669529229602
2023-24,2024-03-16,Luton,Nott'm Forest,4,2023-24,Independent Poisson,D,H,0.4889828926097687,0.25805647452503,0.2529606328652012,D,2.67,3.59,2.67,0.37453183520599254,0.2785515320334262,0.37453183520599254,1.0276152024454113,0.02761520244541127,0.36446700507614216,0.27106598984771574,0.36446700507614216,H,0.25805647452503,0.27106598984771574,1.3545768245063399,1.3053929827718393,0.04918384173450052
2023-24,2024-03-17,West Ham,Aston Villa,4,2023-24,Independent Poisson,D,H,0.3798539805853738,0.2431581203151528,0.3769878990994734,D,2.48,3.69,2.83,0.40322580645161293,0.2710027100271003,0.35335689045936397,1.0275854069380772,0.027585406938077206,0.3924012580648798,0.2637276747969924,0.3438710671381279,H,0.2431581203151528,0.2637276747969924,1.414043346370214,1.3328382430939383,0.08120510327627573
2023-24,2024-03-30,Aston Villa,Wolves,4,2023-24,Independent Poisson,H,H,0.6771505226542022,0.1819152414812744,0.1409342358645234,H,1.53,4.41,6.66,0.6535947712418301,0.22675736961451246,0.15015015015015015,1.0305022910064927,0.03050229100649271,0.6342487318523701,0.22004547839776104,0.1457057897498688,H,0.6771505226542022,0.6342487318523701,0.3898616930369991,0.455314079949175,-0.06545238691217592
2023-24,2024-03-30,Bournemouth,Everton,4,2023-24,Independent Poisson,H,H,0.4563972718529956,0.2494999166601338,0.2941028114868705,H,2.18,3.74,3.24,0.4587155963302752,0.267379679144385,0.30864197530864196,1.0347372507833021,0.03473725078330214,0.44331601668251996,0.25840345357430305,0.298280529743177,H,0.4563972718529956,0.44331601668251996,0.7843916385471486,0.81347240731193,-0.029080768764781495
2023-24,2024-03-30,Brentford,Man United,4,2023-24,Independent Poisson,D,H,0.4079788401152207,0.2335348728004271,0.3584862870843522,D,3.39,4.06,2.06,0.2949852507374631,0.24630541871921185,0.4854368932038835,1.0267275626605585,0.026727562660558535,0.28730625480927774,0.23989364625700782,0.4728000989337144,A,0.2335348728004271,0.23989364625700782,1.4544238648428138,1.427559594451757,0.026864270391056877
2023-24,2024-03-30,Chelsea,Burnley,4,2023-24,Independent Poisson,D,H,0.666656414641907,0.2033309946127627,0.1300125907453306,D,1.25,6.66,11.18,0.8,0.15015015015015015,0.08944543828264759,1.0395955884327976,0.039595588432797646,0.7695300065730457,0.14443130753998604,0.08603868588696843,H,0.2033309946127627,0.14443130753998604,1.592920112453483,1.934951264804827,-0.34203115235134396
2023-24,2024-03-30,Newcastle,West Ham,4,2023-24,Independent Poisson,H,H,0.56996377264113,0.2308604609420358,0.1991757664168342,H,1.85,4.19,3.96,0.5405405405405405,0.2386634844868735,0.25252525252525254,1.0317292775526665,0.031729277552666524,0.523917031629402,0.23132374904878134,0.24475921932181663,H,0.56996377264113,0.523917031629402,0.5621824769433057,0.6464219437827661,-0.08423946683946038
2023-24,2024-03-30,Nott'm Forest,Crystal Palace,4,2023-24,Independent Poisson,D,H,0.3726314806992814,0.2593369038964886,0.3680316154042297,D,2.25,3.4,3.43,0.4444444444444444,0.29411764705882354,0.29154518950437314,1.0301072810076413,0.030107281007641262,0.43145452191124506,0.2855213747942063,0.28302410329454847,H,0.2593369038964886,0.2855213747942063,1.3496272753282486,1.2534383847578656,0.09618889057038293
2023-24,2024-03-30,Sheffield United,Fulham,4,2023-24,Independent Poisson,D,A,0.2149739617718953,0.2385716459285038,0.5464543922996006,D,4.89,4.13,1.71,0.20449897750511248,0.24213075060532688,0.5847953216374269,1.0314250497478663,0.03142504974786631,0.19826838368440114,0.23475360683213595,0.5669780094834629,A,0.2385716459285038,0.23475360683213595,1.4330856115495036,1.4492187964446592,-0.016133184895155583
2023-24,2024-03-30,Tottenham,Luton,4,2023-24,Independent Poisson,H,H,0.6678118017050518,0.1939328792603858,0.1382553190345624,H,1.19,8.37,12.64,0.8403361344537815,0.11947431302270013,0.0791139240506329,1.0389243715271146,0.03892437152711459,0.8088520757469302,0.1149980848433509,0.0761498394097189,H,0.6678118017050518,0.8088520757469302,0.4037488791144365,0.21213922691569198,0.19160965219874454
2023-24,2024-03-31,Liverpool,Brighton,4,2023-24,Independent Poisson,H,H,0.730010669430041,0.1620165030807558,0.1079728274892032,H,1.29,6.6,9.25,0.7751937984496123,0.15151515151515152,0.10810810810810811,1.034817058072872,0.03481705807287194,0.7491119250519961,0.14641733080561745,0.1044707441423865,H,0.730010669430041,0.7491119250519961,0.3146961292889175,0.2888668739826736,0.025829255306243915
2023-24,2024-03-31,Man City,Arsenal,4,2023-24,Independent Poisson,D,H,0.422024452970137,0.2338567704579765,0.3441187765718865,D,2.09,3.6,3.72,0.47846889952153115,0.2777777777777778,0.26881720430107525,1.025063881600384,0.025063881600384086,0.4667698356267515,0.27098582123886406,0.26224434313438455,H,0.2338567704579765,0.27098582123886406,1.4530464430891865,1.3056887796229761,0.14735766346621038
2023-24,2024-04-02,Bournemouth,Crystal Palace,4,2023-24,Independent Poisson,H,H,0.433784481530161,0.2587817548700115,0.3074337635998274,H,1.89,3.89,4.14,0.5291005291005292,0.2570694087403599,0.24154589371980678,1.0277158315606958,0.02771583156069579,0.5148315447248037,0.25013666311822075,0.2350317921569756,H,0.433784481530161,0.5148315447248037,0.8352074545575955,0.6639155294482368,0.17129192510935864
2023-24,2024-04-02,Burnley,Wolves,4,2023-24,Independent Poisson,D,A,0.3260116543023277,0.2724713893101141,0.4015169563875582,D,2.36,3.54,3.08,0.42372881355932207,0.2824858757062147,0.3246753246753247,1.0308900139408614,0.030890013940861438,0.4110320284697509,0.27402135231316727,0.31494661921708184,H,0.2724713893101141,0.27402135231316727,1.300221663748406,1.294549247480062,0.005672416268344138
2023-24,2024-04-02,Newcastle,Everton,4,2023-24,Independent Poisson,D,H,0.671236981599661,0.189071318992994,0.1396916994073447,D,2.03,3.78,3.72,0.4926108374384237,0.2645502645502646,0.26881720430107525,1.0259783062897636,0.02597830628976361,0.48013767388498496,0.2578517137530475,0.26201061236196754,H,0.189071318992994,0.2578517137530475,1.6656309859315066,1.355370612189445,0.3102603737420615
2023-24,2024-04-02,Nott'm Forest,Fulham,4,2023-24,Independent Poisson,H,A,0.3301491966979709,0.267021526685062,0.402829276616967,H,2.74,3.48,2.66,0.36496350364963503,0.28735632183908044,0.37593984962406013,1.0282596751127757,0.028259675112775717,0.3549332065459119,0.27945890400453977,0.36560788944954825,A,0.3301491966979709,0.3549332065459119,1.1082106154871159,1.0358256577841574,0.0723849577029585
2023-24,2024-04-02,West Ham,Tottenham,4,2023-24,Independent Poisson,D,H,0.4514264586480969,0.2360702953003365,0.3125032460515666,D,3.47,4.26,1.99,0.2881844380403458,0.2347417840375587,0.5025125628140703,1.0254387848919748,0.02543878489197482,0.2810352429479296,0.22891837864537926,0.4900463784066912,A,0.2360702953003365,0.22891837864537926,1.4436256568663357,1.4743897640917794,-0.03076410722544365
2023-24,2024-04-03,Arsenal,Luton,4,2023-24,Independent Poisson,H,H,0.8627345096499919,0.0968715148969637,0.0403939754530443,H,1.13,10.5,19.5,0.8849557522123894,0.09523809523809523,0.05128205128205128,1.0314758987325359,0.03147589873253587,0.8579509742300441,0.0923318667504714,0.0497171590194846,H,0.8627345096499919,0.8579509742300441,0.14764827178706857,0.15320832071872667,-0.005560048931658096
2023-24,2024-04-03,Brentford,Brighton,4,2023-24,Independent Poisson,D,A,0.2899124962327438,0.2409681530040274,0.4691193507632288,D,2.57,3.63,2.75,0.38910505836575876,0.27548209366391185,0.36363636363636365,1.0282235156660344,0.028223515666034427,0.37842458613068675,0.26792043701263496,0.3536549768566781,H,0.2409681530040274,0.26792043701263496,1.4230904994349343,1.3170652193664532,0.10602528006848111
2023-24,2024-04-03,Man City,Aston Villa,4,2023-24,Independent Poisson,H,H,0.7697485042224964,0.1477079502236118,0.0825435455538917,H,1.21,7.5,13.5,0.8264462809917356,0.13333333333333333,0.07407407407407407,1.033853688399143,0.033853688399142934,0.7993841781146377,0.12896731406916154,0.07164850781620084,H,0.7697485042224964,0.7993841781146377,0.2616914353785106,0.22391362510163562,0.03777781027687496
2023-24,2024-04-04,Chelsea,Man United,4,2023-24,Independent Poisson,H,H,0.429368852445777,0.245626745189939,0.3250044023642838,H,1.82,4.41,3.98,0.5494505494505494,0.22675736961451246,0.25125628140703515,1.0274642004720969,0.027464200472096856,0.5347636922026958,0.22069612694079513,0.24454018085650917,H,0.429368852445777,0.5347636922026958,0.845438933555991,0.6259303264802947,0.2195086070756963
2023-24,2024-04-04,Liverpool,Sheffield United,4,2023-24,Independent Poisson,H,H,0.943591385105397,0.0424639651185618,0.0139446497760411,H,1.06,18.5,31.0,0.9433962264150942,0.05405405405405406,0.03225806451612903,1.0297083449852773,0.029708344985277302,0.9161780916018339,0.05249452849178077,0.031327379906385296,H,0.943591385105397,0.9161780916018339,0.05806206130653301,0.08754451005963033,-0.029482448753097322
2023-24,2024-04-06,Aston Villa,Brentford,4,2023-24,Independent Poisson,D,H,0.6507800382696979,0.200881103310808,0.148338858419494,D,1.65,4.22,5.31,0.6060606060606061,0.23696682464454977,0.18832391713747648,1.0313513478426324,0.03135134784263238,0.5876373820893878,0.2297634313856611,0.18259918652495102,H,0.200881103310808,0.2297634313856611,1.6050420717603557,1.470705058581722,0.13433701317863367
2023-24,2024-04-06,Brighton,Arsenal,4,2023-24,Independent Poisson,A,A,0.2083768670917521,0.2246611546761577,0.56696197823209,A,6.55,4.6,1.51,0.15267175572519084,0.2173913043478261,0.6622516556291391,1.0323147157021562,0.03231471570215616,0.14789264688661066,0.21058626893636953,0.6415210841770197,A,0.56696197823209,0.6415210841770197,0.5674630352945875,0.443913228471979,0.12354980682260852
2023-24,2024-04-06,Crystal Palace,Man City,4,2023-24,Independent Poisson,A,A,0.0749953051627936,0.1399032168899378,0.7851014779472687,A,8.8,5.35,1.37,0.11363636363636363,0.1869158878504673,0.7299270072992701,1.0304792587861011,0.030479258786101138,0.11027525558372386,0.18138733628724676,0.7083374081290292,A,0.7851014779472687,0.7083374081290292,0.2419422982841333,0.3448347336555288,-0.1028924353713955
2023-24,2024-04-06,Everton,Burnley,4,2023-24,Independent Poisson,H,H,0.5233061932238711,0.2489600522823469,0.227733754493782,H,1.76,3.92,4.79,0.5681818181818182,0.25510204081632654,0.20876826722338204,1.0320521262215268,0.032052126221526756,0.5505359697886614,0.2471794150071541,0.20228461520418456,H,0.5233061932238711,0.5505359697886614,0.6475885307344486,0.5968629847384294,0.050725545996019195
2023-24,2024-04-06,Fulham,Newcastle,4,2023-24,Independent Poisson,A,A,0.2366936404300891,0.2319675719245576,0.531338787645353,A,2.47,3.7,2.83,0.4048582995951417,0.27027027027027023,0.35335689045936397,1.028485460324776,0.028485460324775946,0.3936451366724185,0.2627847263732091,0.3435701369543724,H,0.531338787645353,0.3435701369543724,0.63235544302275,1.0683640048890184,-0.43600856186626835
2023-24,2024-04-06,Luton,Bournemouth,4,2023-24,Independent Poisson,H,H,0.4282069527340724,0.26581922465045,0.3059738226154778,H,3.82,4.07,1.92,0.2617801047120419,0.24570024570024568,0.5208333333333334,1.0283136837456208,0.02831368374562082,0.25457222718121464,0.2389351124894938,0.5064926603292916,A,0.4282069527340724,0.25457222718121464,0.8481486658400371,1.368170682936138,-0.5200220170961009
2023-24,2024-04-06,Wolves,West Ham,4,2023-24,Independent Poisson,A,A,0.3379793872673392,0.2527850977125363,0.4092355150201244,A,2.91,3.42,2.55,0.3436426116838488,0.29239766081871343,0.3921568627450981,1.0281971352476602,0.02819713524766021,0.33421860449073915,0.28437898803159384,0.3814024074776671,A,0.4092355150201244,0.3814024074776671,0.8934644573215392,0.9639002736237132,-0.07043581630217399
2023-24,2024-04-07,Man United,Liverpool,4,2023-24,Independent Poisson,D,A,0.3483525476020239,0.2574480593594122,0.3941993930385639,D,5.0,4.85,1.6,0.2,0.2061855670103093,0.625,1.0311855670103092,0.031185567010309168,0.19395151212196954,0.19995001249687583,0.6060984753811548,A,0.2574480593594122,0.19995001249687583,1.3569372904503754,1.6096878811893074,-0.252750590738932
2023-24,2024-04-07,Sheffield United,Chelsea,4,2023-24,Independent Poisson,D,A,0.2104214016319707,0.2289750586046718,0.5606035397633573,D,6.69,5.28,1.44,0.14947683109118085,0.1893939393939394,0.6944444444444444,1.0333152149295648,0.033315214929564796,0.14465753424657532,0.1832876712328767,0.6720547945205478,A,0.2289750586046718,0.1832876712328767,1.4741421957495797,1.6966983864483087,-0.222556190698729
2023-24,2024-04-07,Tottenham,Nott'm Forest,4,2023-24,Independent Poisson,H,H,0.6393378380754855,0.2059194687896976,0.1547426931348166,H,1.42,5.5,6.9,0.7042253521126761,0.18181818181818182,0.14492753623188406,1.030971070162742,0.03097107016274192,0.6830699449224235,0.17635624032542568,0.14057381475215092,H,0.6393378380754855,0.6830699449224235,0.4473222662324909,0.38115801627636176,0.06616424995612913
2023-24,2024-04-13,Bournemouth,Man United,4,2023-24,Independent Poisson,D,A,0.3224818835135675,0.2386050737853955,0.4389130427010369,D,2.38,4.1,2.74,0.42016806722689076,0.24390243902439027,0.36496350364963503,1.029034009900916,0.02903400990091609,0.4083131006207929,0.23702077548231396,0.3546661238968931,H,0.2386050737853955,0.23702077548231396,1.4329455047271658,1.439607481426014,-0.006661976698848271
2023-24,2024-04-13,Brentford,Sheffield United,4,2023-24,Independent Poisson,H,H,0.7041301644982452,0.1793263874277277,0.1165434480740269,H,1.49,5.03,6.25,0.6711409395973155,0.19880715705765406,0.16,1.0299480966549694,0.029948096654969447,0.6516259817140536,0.19302638424531607,0.15534763404063037,H,0.7041301644982452,0.6516259817140536,0.350792047161464,0.42828452933209593,-0.07749248217063193
2023-24,2024-04-13,Burnley,Brighton,4,2023-24,Independent Poisson,D,A,0.2915988781441695,0.2533752616012823,0.4550258602545481,D,3.97,4.06,1.88,0.2518891687657431,0.24630541871921185,0.5319148936170213,1.0301094811019762,0.0301094811019762,0.2445265997321766,0.23910605934402493,0.5163673409237984,A,0.2533752616012823,0.23910605934402493,1.3728836417436787,1.4308480625385716,-0.057964420794892835
2023-24,2024-04-13,Man City,Luton,4,2023-24,Independent Poisson,H,H,0.8834928192792392,0.0831003390808032,0.0334068416399574,H,1.08,13.5,26.0,0.9259259259259258,0.07407407407407407,0.038461538461538464,1.0384615384615383,0.038461538461538325,0.8916323731138546,0.07133058984910837,0.03703703703703704,H,0.8834928192792392,0.8916323731138546,0.12387211483975093,0.11470136911897538,0.009170745720775544
2023-24,2024-04-13,Newcastle,Tottenham,4,2023-24,Independent Poisson,H,H,0.4544801230267829,0.2389178233961797,0.3066020535770373,H,2.65,4.1,2.48,0.37735849056603776,0.24390243902439027,0.40322580645161293,1.0244867360420409,0.02448673604204088,0.36833906900923746,0.2380728128962145,0.39358811809454813,A,0.4544801230267829,0.36833906900923746,0.7886011000353993,0.998751381848855,-0.21015028181345574
2023-24,2024-04-13,Nott'm Forest,Wolves,4,2023-24,Independent Poisson,D,A,0.365336199335131,0.2545234014647357,0.3801403992001332,D,2.07,3.52,3.81,0.48309178743961356,0.2840909090909091,0.26246719160104987,1.0296498881315725,0.029649888131572544,0.469180634124327,0.27591020245379455,0.2549091634218784,H,0.2545234014647357,0.27591020245379455,1.368362496473247,1.2876798196321773,0.08068267684106978
2023-24,2024-04-14,Arsenal,Aston Villa,4,2023-24,Independent Poisson,A,H,0.7490368975383366,0.1519691679547577,0.0989939345069055,A,1.24,7.0,11.5,0.8064516129032259,0.14285714285714285,0.08695652173913043,1.0362652774994991,0.03626527749949915,0.7782289249806651,0.13785769528228922,0.08391337973704563,H,0.0989939345069055,0.08391337973704563,2.3126966983314987,2.477970205791343,-0.16527350745984437
2023-24,2024-04-14,Liverpool,Crystal Palace,4,2023-24,Independent Poisson,A,H,0.849353320230366,0.100978131066333,0.0496685487033009,A,1.18,8.5,14.5,0.8474576271186441,0.11764705882352941,0.06896551724137931,1.034070203183553,0.034070203183552916,0.8195358733958374,0.11377086242436331,0.06669326417979918,H,0.0496685487033009,0.06669326417979918,3.002383369067671,2.707651317969678,0.29473205109799316
2023-24,2024-04-14,West Ham,Fulham,4,2023-24,Independent Poisson,A,H,0.5486354345623672,0.2202512590708223,0.2311133063668106,A,2.44,3.68,2.89,0.4098360655737705,0.2717391304347826,0.3460207612456747,1.0275959572542277,0.0275959572542277,0.3988299707492688,0.264441611040276,0.3367284182104553,H,0.2311133063668106,0.3367284182104553,1.4648471849655593,1.0884785542073165,0.3763686307582428
2023-24,2024-04-15,Chelsea,Everton,4,2023-24,Independent Poisson,H,H,0.598495092589456,0.2182793822932135,0.1832255251173305,H,1.67,4.25,5.1,0.5988023952095809,0.23529411764705882,0.19607843137254904,1.0301749442291888,0.03017494422918876,0.5812628219740141,0.2284020971050832,0.19033508092090268,H,0.598495092589456,0.5812628219740141,0.5133369535340897,0.5425522630137422,-0.02921530947965245
2023-24,2024-04-20,Luton,Brentford,4,2023-24,Independent Poisson,A,A,0.3458417575382221,0.2547367370579365,0.3994215054038414,A,2.92,3.54,2.48,0.3424657534246575,0.2824858757062147,0.40322580645161293,1.028177435582485,0.02817743558248509,0.33308040185752874,0.2747442862779616,0.3921753118645097,A,0.3994215054038414,0.3921753118645097,0.9177380151739556,0.9360463150224283,-0.01830829984847271
2023-24,2024-04-20,Sheffield United,Burnley,4,2023-24,Independent Poisson,A,H,0.3675202409941953,0.2723425712966248,0.3601371877091798,A,2.66,3.55,2.7,0.37593984962406013,0.28169014084507044,0.37037037037037035,1.028000360839501,0.02800036083950097,0.3657001144601297,0.27401755055322397,0.3602823349866463,H,0.3601371877091798,0.3602823349866463,1.0212702431534246,1.0208672910543828,0.00040295209904184226
2023-24,2024-04-20,Wolves,Arsenal,4,2023-24,Independent Poisson,A,A,0.2077545938558803,0.208007647131418,0.5842377590127017,A,11.75,6.6,1.26,0.0851063829787234,0.15151515151515152,0.7936507936507936,1.0302723281446684,0.030272328144668403,0.08260571564800191,0.14706320588848829,0.7703310784635099,A,0.5842377590127017,0.7703310784635099,0.5374472574083291,0.26093488451536007,0.27651237289296904
2023-24,2024-04-21,Aston Villa,Bournemouth,4,2023-24,Independent Poisson,H,H,0.6997477456570171,0.1725921908342878,0.1276600635086951,H,1.87,4.11,4.03,0.53475935828877,0.24330900243309,0.24813895781637715,1.026207318538237,0.02620731853823699,0.5211026550176027,0.23709536858465133,0.24180197639774617,H,0.6997477456570171,0.5211026550176027,0.35703537223232507,0.6518082220548035,-0.2947728498224784
2023-24,2024-04-21,Crystal Palace,West Ham,4,2023-24,Independent Poisson,H,A,0.370096954546994,0.2587675529456332,0.3711354925073729,H,2.23,3.55,3.36,0.4484304932735426,0.28169014084507044,0.2976190476190476,1.0277396817376607,0.027739681737660726,0.43632692328796185,0.27408705322032534,0.28958602349171275,H,0.370096954546994,0.43632692328796185,0.9939902683539722,0.8293634925557539,0.16462677579821827
2023-24,2024-04-21,Everton,Nott'm Forest,4,2023-24,Independent Poisson,H,H,0.422591147717322,0.258394628089144,0.3190142241935342,H,2.34,3.3,3.36,0.4273504273504274,0.30303030303030304,0.2976190476190476,1.027999777999778,0.02799977799977804,0.4157106222162235,0.2947766230260494,0.2895127547577271,H,0.422591147717322,0.4157106222162235,0.8613501212100116,0.8777658804490368,-0.016415759239025163
2023-24,2024-04-21,Fulham,Liverpool,4,2023-24,Independent Poisson,A,A,0.1669025878218244,0.2037350137870287,0.6293623983911466,A,4.65,4.5,1.68,0.2150537634408602,0.2222222222222222,0.5952380952380952,1.0325140809011777,0.03251408090117769,0.2082816761715844,0.21522439871063723,0.5764939251177783,A,0.6293623983911466,0.5764939251177783,0.4630480381270063,0.5507904768519115,-0.08774243872490523
2023-24,2024-04-23,Arsenal,Chelsea,4,2023-24,Independent Poisson,H,H,0.6994909165120051,0.1741244892866625,0.1263845942013326,H,1.41,5.3,7.65,0.7092198581560284,0.18867924528301888,0.13071895424836602,1.0286180576874133,0.028618057687413323,0.6894880493839757,0.18342983955309541,0.12708211106292885,H,0.6994909165120051,0.6894880493839757,0.3574024706478279,0.37180591419198766,-0.014403443544159789
2023-24,2024-04-24,Crystal Palace,Newcastle,4,2023-24,Independent Poisson,H,A,0.3661218097459235,0.2516286819052804,0.3822495083487959,H,3.09,3.69,2.31,0.3236245954692557,0.2710027100271003,0.4329004329004329,1.027527738396789,0.027527738396788903,0.31495460742908454,0.2637424761398025,0.421302916431113,A,0.3661218097459235,0.31495460742908454,1.004789187437451,1.1553267539401282,-0.15053756650267713
2023-24,2024-04-24,Everton,Liverpool,4,2023-24,Independent Poisson,H,A,0.1696349737702532,0.2083914577278788,0.6219735685018678,H,7.65,5.35,1.4,0.13071895424836602,0.1869158878504673,0.7142857142857143,1.0319205563845477,0.031920556384547716,0.12667540484546108,0.1811339901061266,0.6921906050484122,A,0.1696349737702532,0.12667540484546108,1.7741063636153656,2.0661273316871527,-0.2920209680717871
2023-24,2024-04-24,Man United,Sheffield United,4,2023-24,Independent Poisson,H,H,0.8120378475239791,0.1283704384887981,0.0595917139872227,H,1.32,6.3,8.59,0.7575757575757576,0.15873015873015872,0.11641443538998836,1.0327203516959047,0.032720351695904704,0.7335729913056208,0.15370100770213008,0.11272600099224907,H,0.8120378475239791,0.7335729913056208,0.2082083296554773,0.30982817536754853,-0.10161984571207122
2023-24,2024-04-24,Wolves,Bournemouth,4,2023-24,Independent Poisson,A,H,0.4196692839672959,0.2492376065215119,0.3310931095111921,A,2.81,3.67,2.5,0.35587188612099646,0.2724795640326976,0.4,1.0283514501536941,0.028351450153694113,0.3460605671998702,0.26496735526747556,0.3889720775326541,A,0.3310931095111921,0.3889720775326541,1.1053556455449363,0.9442477180617188,0.16110792748321745
2023-24,2024-04-25,Brighton,Man City,4,2023-24,Independent Poisson,A,A,0.167088769807543,0.2010405167664577,0.6318707134259991,A,7.9,5.85,1.36,0.12658227848101264,0.17094017094017094,0.7352941176470588,1.0328165670682423,0.03281656706824232,0.12256027112377724,0.16550874220134024,0.7119309866748825,A,0.6318707134259991,0.7119309866748825,0.4590704731259623,0.33977430109547585,0.11929617203048642
2023-24,2024-04-27,Aston Villa,Chelsea,4,2023-24,Independent Poisson,D,H,0.5182237866474719,0.2228475574107574,0.2589286559417706,D,2.05,4.08,3.43,0.48780487804878053,0.24509803921568626,0.29154518950437314,1.02444810676884,0.024448106768840017,0.476163580005376,0.23924885760074036,0.28458756239388355,H,0.2228475574107574,0.23924885760074036,1.50126734033729,1.430251023579009,0.07101631675828113
2023-24,2024-04-27,Everton,Brentford,4,2023-24,Independent Poisson,H,H,0.393644396873516,0.2572367677200934,0.3491188354063904,H,3.0,3.44,2.48,0.3333333333333333,0.29069767441860467,0.40322580645161293,1.027256814203551,0.027256814203550972,0.3244888023369036,0.2829844206426485,0.3925267770204479,A,0.393644396873516,0.3244888023369036,0.9323073232303887,1.1255042508697402,-0.19319692763935148
2023-24,2024-04-27,Fulham,Crystal Palace,4,2023-24,Independent Poisson,D,A,0.333743491052632,0.2607945672473226,0.4054619417000453,D,2.11,3.45,3.78,0.47393364928909953,0.2898550724637681,0.2645502645502646,1.0283389863031323,0.028338986303132252,0.46087297632552665,0.2818672405932931,0.25725978308118025,H,0.2607945672473226,0.2818672405932931,1.3440222802535016,1.2663190969327638,0.07770318332073778
2023-24,2024-04-27,Man United,Burnley,4,2023-24,Independent Poisson,D,H,0.7493727655624899,0.1662047618637586,0.0844224725737514,D,1.5,5.29,5.72,0.6666666666666666,0.1890359168241966,0.17482517482517484,1.0305277583160382,0.030527758316038156,0.6469177188939106,0.18343602615139243,0.16964625495469687,H,0.1662047618637586,0.18343602615139243,1.7945347455647431,1.6958893036011033,0.09864544196363978
2023-24,2024-04-27,Newcastle,Sheffield United,4,2023-24,Independent Poisson,H,H,0.8108626635287697,0.1285533770225699,0.0605839594486603,H,1.2,7.87,12.52,0.8333333333333334,0.12706480304955528,0.07987220447284345,1.0402703408557321,0.04027034085573211,0.8010738176461215,0.12214594424083174,0.07678023811304678,H,0.8108626635287697,0.8010738176461215,0.20965658134140833,0.2218021792983856,-0.012145597956977283
2023-24,2024-04-27,West Ham,Liverpool,4,2023-24,Independent Poisson,D,A,0.1903491534763913,0.2106321199004062,0.5990187266232024,D,5.35,4.95,1.56,0.1869158878504673,0.20202020202020202,0.641025641025641,1.0299617308963103,0.029961730896310268,0.18147847851376603,0.19614340607043396,0.6223781154158,A,0.2106321199004062,0.19614340607043396,1.5576421747653886,1.6289092236622973,-0.07126704889690871
2023-24,2024-04-27,Wolves,Luton,4,2023-24,Independent Poisson,H,H,0.5814405961206528,0.2340397066408711,0.184519697238476,H,1.93,3.85,3.96,0.5181347150259068,0.2597402597402597,0.25252525252525254,1.030400227291419,0.030400227291419002,0.5028480208975802,0.2520770598265791,0.24507491927584082,H,0.5814405961206528,0.5028480208975802,0.5422464685260725,0.6874672998703381,-0.14522083134426556
2023-24,2024-04-28,Bournemouth,Brighton,4,2023-24,Independent Poisson,H,A,0.3115981552635777,0.2240647145889352,0.464337130147487,H,1.96,4.17,3.57,0.5102040816326531,0.23980815347721823,0.2801120448179272,1.0301242799277985,0.030124279927798536,0.4952840075455879,0.23279536086075595,0.2719206315936561,H,0.3115981552635777,0.4952840075455879,1.1660408852098152,0.7026239283291993,0.4634169568806159
2023-24,2024-04-28,Nott'm Forest,Man City,4,2023-24,Independent Poisson,A,A,0.0432909046964952,0.0942722007183832,0.8624368945851217,A,11.0,6.2,1.29,0.09090909090909091,0.16129032258064516,0.7751937984496123,1.0273932119393483,0.027393211939348294,0.08848519715006418,0.15698986591140418,0.7545249369385317,A,0.8624368945851217,0.7545249369385317,0.1479932984517721,0.2816669503747025,-0.13367365192293043
2023-24,2024-04-28,Tottenham,Arsenal,4,2023-24,Independent Poisson,A,A,0.2655518516504763,0.2462136081415065,0.488234540208017,A,4.35,4.21,1.78,0.2298850574712644,0.23752969121140144,0.5617977528089888,1.0292125014916547,0.029212501491654663,0.22336014879151603,0.23078780219550943,0.5458520490129746,A,0.488234540208017,0.5458520490129746,0.7169593734071104,0.605407312460624,0.1115520609464864
2023-24,2024-05-02,Chelsea,Tottenham,4,2023-24,Independent Poisson,H,H,0.513477477531491,0.2265385545307366,0.2599839679377722,H,2.46,4.04,2.68,0.4065040650406504,0.24752475247524752,0.3731343283582089,1.0271631458741068,0.027163145874106842,0.3957541376688695,0.24097900462015323,0.3632668577109772,H,0.513477477531491,0.3957541376688695,0.6665491112736002,0.9269621250163674,-0.26041301374276726
2023-24,2024-05-03,Luton,Everton,4,2023-24,Independent Poisson,D,A,0.3670808345461478,0.2562589721779738,0.3766601932758784,D,2.78,3.7,2.52,0.3597122302158274,0.27027027027027023,0.3968253968253968,1.0268078973114945,0.026807897311494466,0.3503208644554322,0.2632140549151625,0.38646508062940527,A,0.2562589721779738,0.2632140549151625,1.3615667357650145,1.3347876808231152,0.02677905494189936
2023-24,2024-05-04,Arsenal,Bournemouth,4,2023-24,Independent Poisson,H,H,0.8015826160852879,0.1279449626760382,0.0704724212386739,H,1.21,7.25,14.0,0.8264462809917356,0.13793103448275862,0.07142857142857142,1.0358058869030655,0.03580588690306552,0.7978775670629852,0.13316301464085684,0.06895941829615801,H,0.8015826160852879,0.7978775670629852,0.22116723540704208,0.2258001180362079,-0.004632882629165808
2023-24,2024-05-04,Brentford,Fulham,4,2023-24,Independent Poisson,D,H,0.4594203074958929,0.2452352726689903,0.2953444198351167,D,2.09,3.8,3.49,0.47846889952153115,0.2631578947368421,0.28653295128939826,1.0281597455477716,0.028159745547771564,0.4653643576238416,0.2559503966931128,0.2786852456830455,H,0.2452352726689903,0.2559503966931128,1.4055372326191011,1.362771616194562,0.04276561642453913
2023-24,2024-05-04,Burnley,Newcastle,4,2023-24,Independent Poisson,A,A,0.1610995877712974,0.2152269303765896,0.623673481852113,A,3.37,4.21,2.02,0.29673590504451036,0.23752969121140144,0.49504950495049505,1.0293151012064068,0.02931510120640679,0.28828480675812646,0.23076479780876158,0.480950395433112,A,0.623673481852113,0.480950395433112,0.47212831382691645,0.7319911421921216,-0.25986282836520513
2023-24,2024-05-04,Man City,Wolves,4,2023-24,Independent Poisson,H,H,0.8541370809690858,0.097329904670399,0.048533014360515,H,1.1,13.5,24.0,0.9090909090909091,0.07407407407407407,0.041666666666666664,1.0248316498316499,0.02483164983164987,0.8870636550308008,0.07227926078028747,0.0406570841889117,H,0.8541370809690858,0.8870636550308008,0.1576635817176959,0.11983853483847955,0.037825046879216354
2023-24,2024-05-04,Sheffield United,Nott'm Forest,4,2023-24,Independent Poisson,A,A,0.2953481404544671,0.2396705634092402,0.4649812961362928,A,5.08,4.27,1.67,0.19685039370078738,0.234192037470726,0.5988023952095809,1.0298448263810944,0.029844826381094425,0.19114568394980977,0.22740516966394234,0.5814491463862478,A,0.4649812961362928,0.5814491463862478,0.7657580975665731,0.542231763321817,0.2235263342447561
2023-24,2024-05-05,Brighton,Aston Villa,4,2023-24,Independent Poisson,H,A,0.3013700333380182,0.2539130585591986,0.4447169081027833,H,2.41,3.85,2.84,0.41493775933609955,0.2597402597402597,0.35211267605633806,1.0267906951326973,0.026790695132697273,0.4041113357406059,0.25296319977528836,0.34292546448410577,H,0.3013700333380182,0.4041113357406059,1.1994164226231745,0.9060648554707978,0.29335156715237665
2023-24,2024-05-05,Chelsea,West Ham,4,2023-24,Independent Poisson,H,H,0.669878786966795,0.1936788162152738,0.1364423968179311,H,1.5,5.15,5.91,0.6666666666666666,0.1941747572815534,0.1692047377326565,1.0300461616808765,0.030046161680876482,0.6472201843641351,0.18851073330994228,0.16426908232592263,H,0.669878786966795,0.6472201843641351,0.4006584979391462,0.43506872651134926,-0.03441022857220305
2023-24,2024-05-05,Liverpool,Tottenham,4,2023-24,Independent Poisson,H,H,0.7617866889362107,0.1381524782283371,0.1000608328354521,H,1.42,5.9,6.4,0.7042253521126761,0.1694915254237288,0.15625,1.0299668775364048,0.029966877536404812,0.6837359214862566,0.16456017093398037,0.15170390757976315,H,0.7617866889362107,0.6837359214862566,0.2720886982640759,0.3801835156059969,-0.108094817341921
2023-24,2024-05-06,Crystal Palace,Man United,4,2023-24,Independent Poisson,H,A,0.3095038038998603,0.2359776158921968,0.4545185802079429,H,1.99,4.05,3.57,0.5025125628140703,0.2469135802469136,0.2801120448179272,1.0295381878789112,0.02953818787891116,0.48809511752969886,0.2398294528108891,0.272075429659412,H,0.3095038038998603,0.48809511752969886,1.1727848964649672,0.7172449791513607,0.45553991731360655
2023-24,2024-05-11,Bournemouth,Brentford,4,2023-24,Independent Poisson,A,A,0.3500745305363723,0.2481801151402747,0.4017453543233529,A,2.16,3.88,3.25,0.4629629629629629,0.2577319587628866,0.3076923076923077,1.0283872294181573,0.0283872294181573,0.4501835006497493,0.2506176189184172,0.29919888043183346,H,0.4017453543233529,0.29919888043183346,0.911936838032238,1.20664677476103,-0.2947099367287921
2023-24,2024-05-11,Everton,Sheffield United,4,2023-24,Independent Poisson,H,H,0.6435903649965977,0.2000859106020029,0.156323724401399,H,1.44,5.07,7.03,0.6944444444444444,0.1972386587771203,0.14224751066856328,1.033930613890128,0.03393061389012808,0.6716547852583853,0.19076585616806208,0.13757935857355258,H,0.6435903649965977,0.6716547852583853,0.44069283445981217,0.3980107828675334,0.04268205159227878
2023-24,2024-05-11,Fulham,Man City,4,2023-24,Independent Poisson,A,A,0.0771977667248085,0.1385542866577603,0.7842479466174311,A,10.9,7.4,1.24,0.09174311926605504,0.13513513513513511,0.8064516129032259,1.033329867304416,0.033329867304416005,0.08878396160693551,0.13077637588048607,0.7804396625125785,A,0.7842479466174311,0.7804396625125785,0.2430300501902874,0.24789784821277794,-0.004867798022490544
2023-24,2024-05-11,Newcastle,Brighton,4,2023-24,Independent Poisson,D,H,0.6256604695167589,0.2016529910971205,0.1726865393861203,D,1.6,4.84,5.01,0.625,0.2066115702479339,0.1996007984031936,1.0312123686511274,0.03121236865112742,0.6060827226282481,0.20035792483578452,0.19355935253596745,H,0.2016529910971205,0.20035792483578452,1.6012069246603444,1.6076498877245136,-0.006442963064169138
2023-24,2024-05-11,Nott'm Forest,Chelsea,4,2023-24,Independent Poisson,A,A,0.1719255978001111,0.2052582585015274,0.6228161436983615,A,4.04,3.98,1.88,0.24752475247524752,0.25125628140703515,0.5319148936170213,1.030695927499304,0.030695927499303943,0.24015303240384123,0.24377342987726594,0.5160735377188929,A,0.6228161436983615,0.5160735377188929,0.47350391819838017,0.6615060086957717,-0.18800209049739153
2023-24,2024-05-11,Tottenham,Burnley,4,2023-24,Independent Poisson,H,H,0.6901400928212669,0.1819151172848826,0.1279447898938503,H,1.31,6.53,8.32,0.7633587786259541,0.15313935681470137,0.12019230769230768,1.036690443132963,0.0366904431329631,0.7363420620711247,0.1477194642133497,0.11593847371552565,H,0.6901400928212669,0.7363420620711247,0.3708606689249574,0.306060509971114,0.06480015895384339
2023-24,2024-05-11,West Ham,Luton,4,2023-24,Independent Poisson,H,H,0.6261130985704568,0.2059579061934648,0.1679289952360784,H,1.88,4.27,3.77,0.5319148936170213,0.234192037470726,0.26525198938992045,1.0313589204776679,0.03135892047766786,0.515741787903156,0.22707132582153003,0.2571868862753139,H,0.6261130985704568,0.515741787903156,0.46822425555775005,0.6621490497883596,-0.1939247942306096
2023-24,2024-05-11,Wolves,Crystal Palace,4,2023-24,Independent Poisson,A,A,0.3309038772015649,0.2594731233914067,0.4096229994070285,A,3.31,3.63,2.22,0.3021148036253776,0.27548209366391185,0.4504504504504504,1.02804734773974,0.028047347739740047,0.2938724605336571,0.2679663483103044,0.4381611911560383,A,0.4096229994070285,0.4381611911560383,0.8925180559371759,0.8251684199691068,0.06734963596806909
2023-24,2024-05-12,Man United,Arsenal,4,2023-24,Independent Poisson,A,A,0.2428390146346724,0.2426311612195434,0.5145298241457843,A,9.75,7.05,1.26,0.10256410256410256,0.14184397163120568,0.7936507936507936,1.0380588678461018,0.038058867846101796,0.09880374393112769,0.13664347564943194,0.7645527804194404,A,0.5145298241457843,0.7645527804194404,0.6645017581465051,0.2684642168601528,0.3960375412863523
2023-24,2024-05-13,Aston Villa,Liverpool,4,2023-24,Independent Poisson,D,H,0.4091450388039352,0.2387169312579016,0.3521380299381631,D,3.9,4.58,1.8,0.25641025641025644,0.2183406113537118,0.5555555555555556,1.0303064233195238,0.030306423319523823,0.2488679587031335,0.2119181307734106,0.5392139105234559,A,0.2387169312579016,0.2119181307734106,1.4324768170346989,1.5515552544922429,-0.11907843745754398
2023-24,2024-05-14,Tottenham,Man City,4,2023-24,Independent Poisson,A,A,0.1802628490814291,0.2036231120227468,0.6161140388958241,A,6.6,6.35,1.38,0.15151515151515152,0.15748031496062992,0.7246376811594204,1.0336331476352019,0.033633147635201865,0.1465850353791338,0.15235609976413908,0.7010588648567271,A,0.6161140388958241,0.7010588648567271,0.48432320450506877,0.35516342278157664,0.12915978172349213
2023-24,2024-05-15,Brighton,Chelsea,4,2023-24,Independent Poisson,A,A,0.3127605204107505,0.2526601803288519,0.4345792992603974,A,3.2,4.22,2.09,0.3125,0.23696682464454977,0.47846889952153115,1.027935724166081,0.027935724166080922,0.30400733494647003,0.23052688905893462,0.4654657759945953,A,0.4345792992603974,0.4654657759945953,0.8333768440006362,0.764716705924644,0.06866013807599214
2023-24,2024-05-15,Man United,Newcastle,4,2023-24,Independent Poisson,H,H,0.4722841504813275,0.2485569141957642,0.2791589353229081,H,2.73,3.9,2.47,0.3663003663003663,0.25641025641025644,0.4048582995951417,1.0275689223057645,0.027568922305764465,0.3564727954971857,0.24953095684803003,0.3939962476547842,A,0.4722841504813275,0.3564727954971857,0.7501744608025276,1.0314973520053585,-0.28132289120283094
2023-24,2024-05-19,Arsenal,Everton,4,2023-24,Independent Poisson,H,H,0.7844454470278144,0.1362531992235776,0.079301353748608,H,1.22,7.16,13.07,0.819672131147541,0.13966480446927373,0.07651109410864575,1.0358480297254604,0.03584802972546042,0.7913053919355194,0.13483136566499074,0.07386324239948994,H,0.7844454470278144,0.7913053919355194,0.2427782477511022,0.23407130236831744,0.00870694538278477
2023-24,2024-05-19,Brentford,Newcastle,4,2023-24,Independent Poisson,A,A,0.2769304123218625,0.2396293219939064,0.4834402656842311,A,2.99,4.05,2.24,0.33444816053511706,0.2469135802469136,0.4464285714285714,1.027790312210602,0.02779031221060202,0.32540505253039015,0.24023731038663373,0.43435763708297614,A,0.4834402656842311,0.43435763708297614,0.7268275173587568,0.8338870356450659,-0.10705951828630911
2023-24,2024-05-19,Brighton,Man United,4,2023-24,Independent Poisson,A,H,0.3907842555440002,0.2455219748822881,0.3636937695737117,A,2.66,4.03,2.48,0.37593984962406013,0.24813895781637715,0.40322580645161293,1.0273046138920503,0.0273046138920503,0.36594778660612937,0.2415437003405221,0.3925085130533485,A,0.3636937695737117,0.3925085130533485,1.0114430578103502,0.9351970526869893,0.07624600512336088
2023-24,2024-05-19,Burnley,Nott'm Forest,4,2023-24,Independent Poisson,A,A,0.3630206457449474,0.2603789062145059,0.3766004480405467,A,2.85,3.9,2.35,0.3508771929824561,0.25641025641025644,0.425531914893617,1.0328193642863295,0.03281936428632948,0.33972755073672506,0.24826244092299143,0.4120100083402836,A,0.3766004480405467,0.4120100083402836,0.9765704730610495,0.8867076378395916,0.08986283522145788
2023-24,2024-05-19,Chelsea,Bournemouth,4,2023-24,Independent Poisson,H,H,0.6539949193719192,0.1935861430391069,0.1524189375889739,H,1.4,5.59,7.23,0.7142857142857143,0.17889087656529518,0.1383125864453665,1.031489177296376,0.0314891772963759,0.6924800860809031,0.17342971744423333,0.13409019647486364,H,0.6539949193719192,0.6924800860809031,0.42465569609957965,0.36747579789599416,0.05717989820358549
2023-24,2024-05-19,Crystal Palace,Aston Villa,4,2023-24,Independent Poisson,H,A,0.3131063904823764,0.2476311625617812,0.4392624469558421,H,1.63,4.64,4.99,0.6134969325153374,0.21551724137931036,0.2004008016032064,1.029414975497854,0.0294149754978541,0.5959665898765782,0.20935895290922898,0.19467445721419285,H,0.3131063904823764,0.5959665898765782,1.1612122405023442,0.5175706707421173,0.6436415697602269
2023-24,2024-05-19,Liverpool,Wolves,4,2023-24,Independent Poisson,H,H,0.847912025493961,0.0993975076470576,0.0526904668589809,H,1.13,10.69,16.27,0.8849557522123894,0.09354536950420955,0.06146281499692686,1.0399639367135258,0.03996393671352583,0.850948500203776,0.08995058982509513,0.05910090997112888,H,0.847912025493961,0.850948500203776,0.16497839209323764,0.16140366903930145,0.0035747230539361907
2023-24,2024-05-19,Luton,Fulham,4,2023-24,Independent Poisson,A,H,0.4025976383520226,0.2430151674012582,0.3543871942467189,A,3.11,3.99,2.19,0.3215434083601286,0.2506265664160401,0.4566210045662101,1.0287909793423788,0.028790979342378842,0.31254493363235436,0.24361271769338896,0.44384234867425665,A,0.3543871942467189,0.44384234867425665,1.037365194519399,0.8122858501558631,0.22507934436353583
2023-24,2024-05-19,Man City,West Ham,4,2023-24,Independent Poisson,H,H,0.9101596482484126,0.0627361314704715,0.0271042202811158,H,1.07,15.01,27.84,0.9345794392523364,0.06662225183211193,0.035919540229885055,1.0371212313143334,0.037121231314333425,0.901128441916046,0.06423767040973813,0.034633887674215845,H,0.9101596482484126,0.901128441916046,0.09413525722300548,0.10410747668799757,-0.009972219464992091
2023-24,2024-05-19,Sheffield United,Tottenham,4,2023-24,Independent Poisson,A,A,0.1974467418664834,0.2051168744438055,0.5974363836897112,A,7.99,6.11,1.35,0.1251564455569462,0.1636661211129296,0.7407407407407407,1.0295633074106165,0.029563307410616524,0.12156265152039898,0.15896654429590634,0.7194708041836947,A,0.5974363836897112,0.7194708041836947,0.5151074716570895,0.3292393314020031,0.18586814025508636
2024-25,2024-08-16,Man United,Fulham,5,2024-25,Independent Poisson,H,H,0.5520282433098889,0.2211114273360862,0.2268603293540247,H,1.65,4.23,5.28,0.6060606060606061,0.23640661938534277,0.1893939393939394,1.0318611648398883,0.03186116483988832,0.5873470450403541,0.22910700338453524,0.18354595157511064,H,0.5520282433098889,0.5873470450403541,0.5941560685974817,0.5321394157279553,0.0620166528695264
2024-25,2024-08-17,Arsenal,Wolves,5,2024-25,Independent Poisson,H,H,0.8240474353900392,0.1189460934200761,0.0570064711898847,H,1.15,9.05,18.76,0.8695652173913044,0.11049723756906077,0.053304904051172705,1.0333673590115378,0.033367359011537756,0.8414870179595014,0.10692928957496425,0.05158369246553446,H,0.8240474353900392,0.8414870179595014,0.19352718350867285,0.17258469273171398,0.020942490776958866
2024-25,2024-08-17,Everton,Brighton,5,2024-25,Independent Poisson,A,H,0.4192507726981085,0.2527901466917112,0.3279590806101804,A,3.15,3.41,2.4,0.31746031746031744,0.29325513196480935,0.4166666666666667,1.0273821160917935,0.02738211609179353,0.30899926374808856,0.2854392025825451,0.40556153366936626,A,0.3279590806101804,0.40556153366936626,1.1148664326177053,0.9024826692958584,0.21238376332184694
2024-25,2024-08-17,Ipswich,Liverpool,5,2024-25,Independent Poisson,A,A,0.2106605398903122,0.2185504490820014,0.5707890110276865,A,8.14,6.09,1.34,0.12285012285012284,0.16420361247947454,0.7462686567164178,1.0333223920460153,0.03332239204601528,0.11888847449330427,0.15890840433095185,0.7222031211757438,A,0.5707890110276865,0.7222031211757438,0.5607356454433905,0.32544884838718824,0.23528679705620226
2024-25,2024-08-17,Newcastle,Southampton,5,2024-25,Independent Poisson,H,H,0.6721097978737035,0.1950760711949931,0.1328141309313033,H,1.42,5.3,7.26,0.7042253521126761,0.18867924528301888,0.13774104683195593,1.030645644227651,0.030645644227651037,0.6832856239744854,0.18306897849882442,0.13364539752669,H,0.6721097978737035,0.6832856239744854,0.39733356211261844,0.3808423165291467,0.01649124558347176
2024-25,2024-08-17,Nott'm Forest,Bournemouth,5,2024-25,Independent Poisson,D,A,0.2955491872793155,0.2541760475603421,0.4502747651603423,D,2.24,3.5,3.37,0.4464285714285714,0.2857142857142857,0.29673590504451036,1.0288787621873674,0.0288787621873674,0.4338981305041974,0.27769480352268633,0.2884070659731163,H,0.2541760475603421,0.27769480352268633,1.3697281514156465,1.2812325974023107,0.08849555401333586
2024-25,2024-08-17,West Ham,Aston Villa,5,2024-25,Independent Poisson,A,A,0.237602963384551,0.2304080678752695,0.5319889687401794,A,2.54,3.51,2.86,0.39370078740157477,0.2849002849002849,0.3496503496503497,1.0282514219522092,0.0282514219522092,0.3828837762792543,0.2770725902419675,0.34004363347877836,H,0.5319889687401794,0.34004363347877836,0.6311325253062656,1.07868133584489,-0.4475488105386243
2024-25,2024-08-18,Brentford,Crystal Palace,5,2024-25,Independent Poisson,H,H,0.3808102574253994,0.2543983851817247,0.3647913573928759,H,2.92,3.24,2.66,0.3424657534246575,0.30864197530864196,0.37593984962406013,1.0270475783573596,0.027047578357359603,0.3334468243159589,0.3005138046304321,0.366039371053609,A,0.3808102574253994,0.3334468243159589,0.9654540399114282,1.0982718736679944,-0.1328178337565662
2024-25,2024-08-18,Chelsea,Man City,5,2024-25,Independent Poisson,A,A,0.2651692682455295,0.2253779069624605,0.50945282479201,A,3.86,3.91,1.97,0.2590673575129534,0.2557544757033248,0.5076142131979695,1.0224360464142477,0.02243604641424768,0.25338245694830513,0.2501422720768434,0.49647527097485156,A,0.50945282479201,0.49647527097485156,0.6744180217896794,0.7002216034344816,-0.02580358164480223
2024-25,2024-08-19,Leicester,Tottenham,5,2024-25,Independent Poisson,D,A,0.2849701708188339,0.2378821294821694,0.4771476996989967,D,4.64,4.33,1.71,0.21551724137931036,0.23094688221709006,0.5847953216374269,1.0312594452338273,0.03125944523382729,0.20898450179086028,0.22394644071815048,0.5670690574909892,A,0.2378821294821694,0.22394644071815048,1.4359799822661672,1.4963483596538292,-0.06036837738766199
2024-25,2024-08-24,Aston Villa,Arsenal,5,2024-25,Independent Poisson,A,A,0.2529693432549659,0.2220987945901444,0.5249318621548896,A,4.85,4.04,1.74,0.2061855670103093,0.24752475247524752,0.5747126436781609,1.0284229631637176,0.02842296316371762,0.20048712873546176,0.24068380553638352,0.5588290657281548,A,0.5249318621548896,0.5588290657281548,0.6444868111851321,0.5819116384063082,0.06257517277882385
2024-25,2024-08-24,Brighton,Man United,5,2024-25,Independent Poisson,H,A,0.3720625154177022,0.2497553297425516,0.3781821548397461,H,2.42,3.76,2.86,0.4132231404958678,0.26595744680851063,0.3496503496503497,1.0288309369547282,0.02883093695472816,0.4016433853738701,0.25850451930977814,0.3398520953163517,H,0.3720625154177022,0.4016433853738701,0.9886933866300551,0.9121906851301418,0.07650270149991334
2024-25,2024-08-24,Crystal Palace,West Ham,5,2024-25,Independent Poisson,A,H,0.4280075085373481,0.2542030584420885,0.3177894330205633,A,1.97,3.84,3.84,0.5076142131979695,0.2604166666666667,0.2604166666666667,1.028447546531303,0.028447546531302992,0.49357326478149094,0.2532133676092545,0.2532133676092545,H,0.3177894330205633,0.2532133676092545,1.1463662758396183,1.373522795440403,-0.22715651960078476
2024-25,2024-08-24,Fulham,Leicester,5,2024-25,Independent Poisson,H,H,0.4229028084632996,0.2596458339441895,0.3174513575925111,H,1.88,3.81,4.26,0.5319148936170213,0.26246719160104987,0.2347417840375587,1.02912386925563,0.02912386925562993,0.5168618759195215,0.2550394558343046,0.2280986682461738,H,0.4229028084632996,0.5168618759195215,0.8606128935626344,0.6599796047342407,0.2006332888283937
2024-25,2024-08-24,Man City,Ipswich,5,2024-25,Independent Poisson,H,H,0.8626230414724293,0.0961531616604872,0.0412237968670834,H,1.1,11.0,31.0,0.9090909090909091,0.09090909090909091,0.03225806451612903,1.032258064516129,0.032258064516129004,0.8806818181818182,0.08806818181818182,0.03125,H,0.8626230414724293,0.8806818181818182,0.14777748347150482,0.1270588781189051,0.020718605352599728
2024-25,2024-08-24,Southampton,Nott'm Forest,5,2024-25,Independent Poisson,A,A,0.2874198808176229,0.2598738205108924,0.4527062986714846,A,2.33,3.54,3.11,0.4291845493562232,0.2824858757062147,0.3215434083601286,1.0332138334225665,0.03321383342256645,0.41538792404136754,0.2734050460498266,0.3112070299088059,H,0.4527062986714846,0.3112070299088059,0.7925117110706714,1.1672968972517908,-0.37478518618111933
2024-25,2024-08-24,Tottenham,Everton,5,2024-25,Independent Poisson,H,H,0.577389524267234,0.235142514788738,0.1874679609440279,H,1.37,5.66,8.0,0.7299270072992701,0.17667844522968199,0.125,1.031605452528952,0.03160545252895197,0.7075641229986468,0.171265520937835,0.12117035606351827,H,0.577389524267234,0.7075641229986468,0.5492381548565193,0.3459270203580509,0.20331113449846838
2024-25,2024-08-25,Bournemouth,Newcastle,5,2024-25,Independent Poisson,D,A,0.3077607643226732,0.2497671761307987,0.4424720595465282,D,2.63,3.66,2.68,0.3802281368821293,0.27322404371584696,0.3731343283582089,1.0265865089561852,0.026586508956185195,0.3703809991315184,0.2661480950043424,0.3634709058641392,H,0.2497671761307987,0.2661480950043424,1.3872260905217575,1.3237023769905556,0.0635237135312019
2024-25,2024-08-25,Liverpool,Brentford,5,2024-25,Independent Poisson,H,H,0.7282954399908845,0.1625796109414519,0.1091249490676635,H,1.22,7.75,12.5,0.819672131147541,0.12903225806451613,0.08,1.028704389212057,0.02870438921205709,0.7968004606020728,0.125431814443165,0.0777677249547623,H,0.7282954399908845,0.7968004606020728,0.31704848894650184,0.22715099464706529,0.08989749429943655
2024-25,2024-08-25,Wolves,Chelsea,5,2024-25,Independent Poisson,A,A,0.3116063806351075,0.2507890654129284,0.4376045539519642,A,3.91,3.94,1.93,0.2557544757033248,0.25380710659898476,0.5181347150259068,1.0276962973282164,0.027696297328216435,0.24886192192015288,0.24696703418979638,0.5041710438900507,A,0.4376045539519642,0.5041710438900507,0.8264396212741173,0.684839695686971,0.1415999255871463
2024-25,2024-08-31,Arsenal,Brighton,5,2024-25,Independent Poisson,D,H,0.6687733408772342,0.1833664420845873,0.1478602170381786,D,1.37,5.48,8.43,0.7299270072992701,0.18248175182481752,0.11862396204033215,1.0310327211644197,0.031032721164419685,0.7079571698509343,0.17698929246273357,0.11505353768633216,H,0.1833664420845873,0.17698929246273357,1.696268712540059,1.731666042799005,-0.03539733025894587
2024-25,2024-08-31,Brentford,Southampton,5,2024-25,Independent Poisson,H,H,0.5412666424364496,0.2451849999215031,0.213548357642047,H,1.82,3.91,4.46,0.5494505494505494,0.2557544757033248,0.2242152466367713,1.0294202717906455,0.029420271790645547,0.5337475514201763,0.2484451518119491,0.21780729676787464,H,0.5412666424364496,0.5337475514201763,0.6138432519876679,0.627832301953008,-0.013989049965340117
2024-25,2024-08-31,Everton,Bournemouth,5,2024-25,Independent Poisson,A,H,0.3741239966460503,0.2681557230532471,0.3577202803007024,A,3.14,3.45,2.39,0.3184713375796178,0.2898550724637681,0.41841004184100417,1.02673645188439,0.02673645188439,0.310178271157239,0.28230718012571904,0.40751454871704207,A,0.3577202803007024,0.40751454871704207,1.0280039379287553,0.8976786445654248,0.13032529336333054
2024-25,2024-08-31,Ipswich,Fulham,5,2024-25,Independent Poisson,D,A,0.3414081103928773,0.2671162073675839,0.3914756822395389,D,3.07,3.43,2.43,0.32573289902280134,0.29154518950437314,0.4115226337448559,1.0288007222720303,0.028800722272030344,0.316614181902443,0.28338353890393575,0.4000022791936213,A,0.2671162073675839,0.28338353890393575,1.3200714816820955,1.2609540377317268,0.059117443950368775
2024-25,2024-08-31,Leicester,Aston Villa,5,2024-25,Independent Poisson,A,A,0.2654184621694878,0.2427009005122802,0.4918806373182319,A,4.01,3.87,1.92,0.24937655860349128,0.25839793281653745,0.5208333333333334,1.028607824753362,0.0286078247533621,0.24244085316314445,0.2512113233034132,0.5063478235334423,A,0.4918806373182319,0.5063478235334423,0.7095191990004509,0.6805314475572257,0.028987751443225185
2024-25,2024-08-31,Nott'm Forest,Wolves,5,2024-25,Independent Poisson,D,H,0.4459665393244106,0.2778969539553821,0.2761365067202073,D,2.0,3.7,3.88,0.5,0.27027027027027023,0.2577319587628866,1.0280022290331567,0.028002229033156745,0.4863802683290419,0.26290825315083344,0.2507114785201247,H,0.2778969539553821,0.26290825315083344,1.2805049032315623,1.335950155000993,-0.055445251769430604
2024-25,2024-08-31,West Ham,Man City,5,2024-25,Independent Poisson,A,A,0.1088205803634054,0.1558720558014176,0.7353073638351768,A,7.7,5.25,1.41,0.12987012987012986,0.19047619047619047,0.7092198581560284,1.0295661785023487,0.02956617850234866,0.1261406333870102,0.1850062623009483,0.6888531043120416,A,0.7353073638351768,0.6888531043120416,0.307466685094385,0.3727272319878681,-0.0652605468934831
2024-25,2024-09-01,Chelsea,Crystal Palace,5,2024-25,Independent Poisson,D,H,0.5747605832139244,0.2354448574101133,0.189794559375962,D,1.68,4.24,5.05,0.5952380952380952,0.23584905660377356,0.19801980198019803,1.0291069538220667,0.02910695382206674,0.5784025586722567,0.22917837230410165,0.1924190690236418,H,0.2354448574101133,0.22917837230410165,1.4462785440681034,1.4732546602688446,-0.02697611620074114
2024-25,2024-09-01,Man United,Liverpool,5,2024-25,Independent Poisson,A,A,0.2571046873358264,0.2203181688959243,0.5225771437682492,A,3.51,4.11,2.0,0.2849002849002849,0.24330900243309,0.5,1.0282092873333748,0.0282092873333748,0.2770839443000597,0.23663373345333563,0.4862823222466048,A,0.5225771437682492,0.4862823222466048,0.6489826624658145,0.7209659137720881,-0.07198325130627359
2024-25,2024-09-01,Newcastle,Tottenham,5,2024-25,Independent Poisson,H,H,0.4219573112367904,0.2608460058575967,0.3171966829056129,H,2.53,3.89,2.66,0.3952569169960475,0.2570694087403599,0.37593984962406013,1.0282661753604674,0.028266175360467383,0.38439163561661144,0.2500027861465365,0.3656055782368522,H,0.4219573112367904,0.38439163561661144,0.8628511282696195,0.9560933617049191,-0.09324223343529958
2024-25,2024-09-14,Aston Villa,Everton,5,2024-25,Independent Poisson,H,H,0.6483282872996454,0.2112619225736492,0.1404097901267056,H,1.68,4.0,5.44,0.5952380952380952,0.25,0.1838235294117647,1.0290616246498598,0.02906162464985984,0.578428036747193,0.24293977543382106,0.17863218781898604,H,0.6483282872996454,0.578428036747193,0.4333580947133683,0.5474411363746098,-0.1140830416612415
2024-25,2024-09-14,Bournemouth,Chelsea,5,2024-25,Independent Poisson,A,A,0.3205598519994113,0.2490717162440724,0.4303684317565164,A,3.17,3.79,2.23,0.31545741324921134,0.2638522427440633,0.4484304932735426,1.0277401492668172,0.027740149266817227,0.3069427748582718,0.25673050034319833,0.4363267247985299,A,0.4303684317565164,0.4363267247985299,0.8431136191151548,0.8293639474657458,0.01374967164940899
2024-25,2024-09-14,Brighton,Ipswich,5,2024-25,Independent Poisson,D,H,0.5965761141284028,0.2213005773061319,0.182123308565465,D,1.53,4.61,6.22,0.6535947712418301,0.21691973969631234,0.1607717041800643,1.0312862151182067,0.03128621511820673,0.6337666126633086,0.2103390276301219,0.15589435970656948,H,0.2213005773061319,0.2103390276301219,1.5082334232248218,1.5590346327490816,-0.050801209524259816
2024-25,2024-09-14,Crystal Palace,Leicester,5,2024-25,Independent Poisson,D,H,0.4919333910334491,0.2516055563590607,0.2564610526074902,D,1.67,4.02,5.43,0.5988023952095809,0.24875621890547267,0.1841620626151013,1.0317206767301548,0.03172067673015477,0.580391969178492,0.2411081065990253,0.1784999242224828,H,0.2516055563590607,0.2411081065990253,1.3798926703016863,1.422509870971525,-0.04261720066983865
2024-25,2024-09-14,Fulham,West Ham,5,2024-25,Independent Poisson,D,H,0.4091201406652315,0.252775875034483,0.3381039843002853,D,2.36,3.41,3.21,0.42372881355932207,0.29325513196480935,0.3115264797507788,1.0285104252749102,0.02851042527491021,0.4119830029394828,0.28512606655049244,0.3028909305100247,H,0.252775875034483,0.28512606655049244,1.3752520522977474,1.254823857742784,0.12042819455496345
2024-25,2024-09-14,Liverpool,Nott'm Forest,5,2024-25,Independent Poisson,A,H,0.7961099009900857,0.1307806480261005,0.0731094509838136,A,1.22,7.11,12.95,0.819672131147541,0.14064697609001406,0.07722007722007722,1.0375391844576323,0.03753918445763227,0.7900155901832469,0.1355582306643546,0.07442617915239855,H,0.0731094509838136,0.07442617915239855,2.6157976321591696,2.597947528706999,0.01785010345217053
2024-25,2024-09-14,Man City,Brentford,5,2024-25,Independent Poisson,H,H,0.8768070717531752,0.0825873219240791,0.0406056063227455,H,1.21,7.2,13.92,0.8264462809917356,0.1388888888888889,0.07183908045977011,1.0371742503403947,0.03717425034039468,0.7968249122271408,0.13391085330483896,0.06926423446802013,H,0.8768070717531752,0.7968249122271408,0.13146829740898697,0.22712030785519205,-0.09565201044620508
2024-25,2024-09-14,Southampton,Man United,5,2024-25,Independent Poisson,A,A,0.1893365637373045,0.227595215080678,0.5830682211820174,A,4.2,4.12,1.82,0.23809523809523808,0.24271844660194175,0.5494505494505494,1.0302642341477293,0.030264234147729274,0.23110113910942354,0.23558853986882983,0.5333103210217466,A,0.5830682211820174,0.5333103210217466,0.5394510820127872,0.6286518084375047,-0.08920072642471744
2024-25,2024-09-15,Tottenham,Arsenal,5,2024-25,Independent Poisson,A,A,0.3121664966505928,0.2292726483905363,0.4585608549588711,A,2.77,3.49,2.63,0.36101083032490977,0.28653295128939826,0.3802281368821293,1.0277719184964373,0.027771918496437342,0.35125578333862717,0.27879040683323697,0.36995380982813586,A,0.4585608549588711,0.36995380982813586,0.77966226990131,0.9943771194391519,-0.2147148495378418
2024-25,2024-09-15,Wolves,Newcastle,5,2024-25,Independent Poisson,A,A,0.2454111430054603,0.2427680309453596,0.51182082604918,A,3.6,3.73,2.07,0.2777777777777778,0.2680965147453083,0.48309178743961356,1.0289660799626996,0.02896607996269962,0.26995814846282135,0.2605494194279241,0.46949243210925456,A,0.51182082604918,0.46949243210925456,0.669780664311808,0.7561030995068538,-0.08632243519504579
2024-25,2024-09-21,Aston Villa,Wolves,5,2024-25,Independent Poisson,H,H,0.6471013533789673,0.2091329941903643,0.1437656524306684,H,1.67,4.21,5.16,0.5988023952095809,0.23752969121140144,0.19379844961240308,1.0301305360333854,0.030130536033385447,0.581287879801453,0.2305821280922628,0.18812999210628417,H,0.6471013533789673,0.581287879801453,0.4352523454685194,0.542509154653127,-0.10725680918460762
2024-25,2024-09-21,Crystal Palace,Man United,5,2024-25,Independent Poisson,D,A,0.3123113728622576,0.2548747790020784,0.4328138481356642,D,2.8,3.55,2.57,0.35714285714285715,0.28169014084507044,0.38910505836575876,1.0279380563536864,0.027938056353686402,0.34743616595898624,0.2740341590662427,0.378529674974771,A,0.2548747790020784,0.2740341590662427,1.3669829171714507,1.2945025122395184,0.07248040493193231
2024-25,2024-09-21,Fulham,Newcastle,5,2024-25,Independent Poisson,H,A,0.2322417642194849,0.2274059662092542,0.5403522695712608,H,3.02,3.57,2.41,0.33112582781456956,0.2801120448179272,0.41493775933609955,1.0261756319685964,0.026175631968596402,0.322679488285396,0.2729669620789624,0.4043535496356414,A,0.2322417642194849,0.322679488285396,1.45997636275877,1.1310957447414587,0.3288806180173114
2024-25,2024-09-21,Leicester,Everton,5,2024-25,Independent Poisson,D,H,0.4181305036109151,0.2785294870683037,0.3033400093207813,D,2.1,3.52,3.69,0.47619047619047616,0.2840909090909091,0.2710027100271003,1.0312840953084854,0.031284095308485416,0.461745195486637,0.2754729859437323,0.26278181856963084,H,0.2785294870683037,0.2754729859437323,1.278231347056825,1.2892657098475389,-0.011034362790713903
2024-25,2024-09-21,Liverpool,Bournemouth,5,2024-25,Independent Poisson,H,H,0.7314296477109443,0.159338787784932,0.1092315645041234,H,1.25,6.85,10.91,0.8,0.14598540145985403,0.09165902841429881,1.037644429874153,0.03764442987415295,0.7709770100120185,0.14068923540365302,0.08833375458432842,H,0.7314296477109443,0.7709770100120185,0.3127542385251728,0.26009672426543623,0.05265751425973658
2024-25,2024-09-21,Southampton,Ipswich,5,2024-25,Independent Poisson,D,A,0.2558426079753793,0.2641051762483439,0.4800522157762769,D,2.42,3.48,3.06,0.4132231404958678,0.28735632183908044,0.32679738562091504,1.0273768479558631,0.02737684795586315,0.40221184789013287,0.27969904364773607,0.31808910846213123,H,0.2641051762483439,0.27969904364773607,1.3314078602938995,1.2740410979873047,0.057366762306594765
2024-25,2024-09-21,Tottenham,Brentford,5,2024-25,Independent Poisson,H,H,0.4878137990311889,0.2447606441853332,0.2674255567834778,H,1.48,5.1,6.23,0.6756756756756757,0.19607843137254904,0.16051364365971107,1.0322677507079356,0.03226775070793564,0.6545546687981806,0.18994919800417792,0.15549613319764163,H,0.4878137990311889,0.6545546687981806,0.7178215053036033,0.4238001695448919,0.2940213357587114
2024-25,2024-09-21,West Ham,Chelsea,5,2024-25,Independent Poisson,A,A,0.2893353977999612,0.2452388622043128,0.4654257399957258,A,3.59,3.94,2.01,0.2785515320334262,0.25380710659898476,0.49751243781094534,1.0298710764433563,0.029871076443356293,0.2704722352193826,0.2464455138166455,0.4830822509639719,A,0.4654257399957258,0.4830822509639719,0.7648027223899496,0.7275683479767022,0.037234374413247395
2024-25,2024-09-22,Brighton,Nott'm Forest,5,2024-25,Independent Poisson,D,H,0.5216786406653817,0.2429028831146822,0.2354184762199361,D,1.84,3.82,4.45,0.5434782608695652,0.2617801047120419,0.2247191011235955,1.0299774667052026,0.029977466705202627,0.5276603405782255,0.25416100174448564,0.21817865767728878,H,0.2429028831146822,0.25416100174448564,1.4150935734903887,1.3697873476354832,0.04530622585490551
2024-25,2024-09-22,Man City,Arsenal,5,2024-25,Independent Poisson,D,H,0.6813393118700878,0.1648318807605391,0.1538288073693732,D,1.81,3.66,4.91,0.5524861878453039,0.27322404371584696,0.20366598778004072,1.0293762193411915,0.0293762193411915,0.5367194009969447,0.26542680759684967,0.19785379140620568,H,0.1648318807605391,0.26542680759684967,1.802829228999176,1.326416153907518,0.476413075091658
2024-25,2024-09-28,Arsenal,Leicester,5,2024-25,Independent Poisson,H,H,0.8199585809765195,0.1192362421677184,0.0608051768557621,H,1.2,6.8,17.5,0.8333333333333334,0.14705882352941177,0.05714285714285714,1.0375350140056023,0.03753501400560233,0.8031857451403888,0.14173866090712742,0.05507559395248379,H,0.8199585809765195,0.8031857451403888,0.19850145100380648,0.21916927778633988,-0.0206678267825334
2024-25,2024-09-28,Brentford,West Ham,5,2024-25,Independent Poisson,D,H,0.4259202311057102,0.247661762192892,0.3264180067013977,D,2.26,3.56,3.27,0.4424778761061947,0.2808988764044944,0.3058103975535168,1.0291871500642058,0.029187150064205802,0.4299294604276693,0.2729327473501496,0.2971377922221812,H,0.247661762192892,0.2729327473501496,1.395691325849054,1.2985298608482592,0.09716146500079481
2024-25,2024-09-28,Chelsea,Brighton,5,2024-25,Independent Poisson,H,H,0.5500316602583601,0.2331588218256591,0.2168095179159808,H,1.81,4.2,4.15,0.5524861878453039,0.23809523809523808,0.24096385542168672,1.0315452813622286,0.03154528136222856,0.5355908245886276,0.23081414107271808,0.23359503433865442,H,0.5500316602583601,0.5355908245886276,0.5977794383062607,0.6243847964010526,-0.02660535809479192
2024-25,2024-09-28,Everton,Crystal Palace,5,2024-25,Independent Poisson,H,A,0.3608000988290469,0.2565740312677286,0.3826258699032244,H,2.79,3.35,2.7,0.35842293906810035,0.29850746268656714,0.37037037037037035,1.027300772125038,0.02730077212503801,0.3488977608054157,0.290574553028988,0.3605276861655962,A,0.3608000988290469,0.3488977608054157,1.0194312168772788,1.0529763486792618,-0.03354513180198304
2024-25,2024-09-28,Newcastle,Man City,5,2024-25,Independent Poisson,D,A,0.1901517433296135,0.2051003892053593,0.6047478674650271,D,4.9,4.23,1.69,0.2040816326530612,0.23640661938534277,0.591715976331361,1.032204228369765,0.032204228369765,0.19771439318300615,0.22903085735147286,0.5732547494655209,A,0.2051003892053593,0.22903085735147286,1.5842557162685509,1.4738985362459218,0.11035718002262906
2024-25,2024-09-28,Nott'm Forest,Fulham,5,2024-25,Independent Poisson,A,H,0.3782464274629867,0.2758433808663861,0.3459101916706271,A,2.65,3.16,3.0,0.37735849056603776,0.3164556962025316,0.3333333333333333,1.0271475201019027,0.02714752010190269,0.3673849015656488,0.3080917687180282,0.32452332971632303,H,0.3459101916706271,0.32452332971632303,1.0615760992619534,1.1253978510730438,-0.0638217518110904
2024-25,2024-09-28,Wolves,Liverpool,5,2024-25,Independent Poisson,A,A,0.0854919169640452,0.1398912566653576,0.774616826370597,A,8.72,5.95,1.33,0.1146788990825688,0.1680672268907563,0.7518796992481203,1.0346258252214453,0.034625825221445306,0.11084094006451424,0.16244252056513683,0.726716539370349,A,0.774616826370597,0.726716539370349,0.2553867894797928,0.3192187820611604,-0.06383199258136757
2024-25,2024-09-29,Ipswich,Aston Villa,5,2024-25,Independent Poisson,D,A,0.307168757995214,0.2481936967318313,0.4446375452729545,D,3.64,3.59,2.1,0.2747252747252747,0.2785515320334262,0.47619047619047616,1.0294672829491769,0.029467282949176887,0.2668615887804153,0.27057832400019827,0.4625600872193866,A,0.2481936967318313,0.27057832400019827,1.3935458024574348,1.3071936699269333,0.08635213253050145
2024-25,2024-09-29,Man United,Tottenham,5,2024-25,Independent Poisson,A,H,0.4138383616551412,0.2475261016249405,0.3386355367199182,A,2.12,3.89,3.27,0.4716981132075471,0.2570694087403599,0.3058103975535168,1.034577919501424,0.03457791950142397,0.45593290202333364,0.24847757128263945,0.2955895266940267,H,0.3386355367199182,0.2955895266940267,1.082830862870742,1.2187835212055051,-0.13595265833476322
2024-25,2024-09-30,Bournemouth,Southampton,5,2024-25,Independent Poisson,H,H,0.5883820507695605,0.2335807100016513,0.1780372392287881,H,1.49,4.69,6.79,0.6711409395973155,0.21321961620469082,0.14727540500736377,1.03163596080937,0.03163596080936992,0.6505598535657596,0.20668106222025198,0.1427590842139885,H,0.5883820507695605,0.6505598535657596,0.5303787958704512,0.42992197363170404,0.10045682223874719
2024-25,2024-10-05,Arsenal,Southampton,5,2024-25,Independent Poisson,H,H,0.901784641892344,0.0725485772577327,0.0256667808499231,H,1.16,8.18,18.71,0.8620689655172414,0.12224938875305624,0.053447354355959376,1.037765708626257,0.037765708626257055,0.8306971008498688,0.11780056686868555,0.05150233228144563,H,0.901784641892344,0.8306971008498688,0.10337954364323004,0.18549005015178585,-0.08211050650855581
2024-25,2024-10-05,Brentford,Wolves,5,2024-25,Independent Poisson,H,H,0.5211377359598659,0.2454474757817151,0.2334147882584191,H,2.11,3.61,3.6,0.47393364928909953,0.2770083102493075,0.2777777777777778,1.0287197373161847,0.028719737316184712,0.4607023974533041,0.2692748084837872,0.2700227940629088,H,0.5211377359598659,0.4607023974533041,0.6517409037229096,0.7750030031178303,-0.12326209939492072
2024-25,2024-10-05,Crystal Palace,Liverpool,5,2024-25,Independent Poisson,A,A,0.1232611042244055,0.1737561880345478,0.7029827077410464,A,5.14,4.1,1.69,0.19455252918287938,0.24390243902439027,0.591715976331361,1.0301709445386307,0.030170944538630673,0.18885460730016135,0.23675919061532424,0.5743862020845144,A,0.7029827077410464,0.5743862020845144,0.352422985281903,0.5544532829772507,-0.2020302976953477
2024-25,2024-10-05,Everton,Newcastle,5,2024-25,Independent Poisson,D,A,0.2974679538570236,0.245845331040395,0.4566867151025815,D,3.71,3.77,2.0,0.2695417789757412,0.26525198938992045,0.5,1.0347937683656616,0.034793768365661615,0.26047874196367804,0.25633319169369917,0.48318806634262285,A,0.245845331040395,0.25633319169369917,1.4030526763950444,1.3612771507050967,0.04177552568994769
2024-25,2024-10-05,Leicester,Bournemouth,5,2024-25,Independent Poisson,H,H,0.3740297581534516,0.2548454615493042,0.3711247802972441,H,3.7,3.81,2.02,0.27027027027027023,0.26246719160104987,0.49504950495049505,1.0277869668218151,0.02778696682181514,0.2629633172971791,0.2553712005248196,0.4816654821780013,A,0.3740297581534516,0.2629633172971791,0.9834199174776932,1.3357407344898213,-0.35232081701212814
2024-25,2024-10-05,Man City,Fulham,5,2024-25,Independent Poisson,H,H,0.8652989616515281,0.0913254085039117,0.0433756298445601,H,1.26,6.52,11.37,0.7936507936507936,0.15337423312883436,0.08795074758135445,1.0349757743609824,0.034975774360982426,0.7668303097633484,0.1481911334818741,0.08497855675477742,H,0.8652989616515281,0.7668303097633484,0.14468021135684125,0.265489740992275,-0.12080952963543376
2024-25,2024-10-05,West Ham,Ipswich,5,2024-25,Independent Poisson,H,H,0.4848131042123913,0.24971039494144,0.2654765008461685,H,1.92,3.84,4.05,0.5208333333333334,0.2604166666666667,0.2469135802469136,1.0281635802469136,0.028163580246913567,0.5065666041275798,0.2532833020637899,0.24015009380863042,H,0.4848131042123913,0.5065666041275798,0.7239918144512688,0.6800994651674697,0.04389234928379915
2024-25,2024-10-06,Aston Villa,Man United,5,2024-25,Independent Poisson,D,H,0.545356182144197,0.2255747940048369,0.2290690238509661,D,2.23,3.84,3.13,0.4484304932735426,0.2604166666666667,0.3194888178913738,1.028335977831583,0.028335977831583037,0.43607391255446754,0.2532408398428288,0.31068524760270366,H,0.2255747940048369,0.2532408398428288,1.4891034943023136,1.3734143069208211,0.11568918738149248
2024-25,2024-10-06,Brighton,Tottenham,5,2024-25,Independent Poisson,H,A,0.3124116829344566,0.247286033572557,0.4403022834929864,H,2.94,3.95,2.3,0.3401360544217687,0.2531645569620253,0.4347826086956522,1.0280832200794463,0.028083220079446303,0.3308448652585579,0.24624908958485062,0.4229060451565914,A,0.3124116829344566,0.3308448652585579,1.1634334643584545,1.1061056984916906,0.05732776586676391
2024-25,2024-10-06,Chelsea,Nott'm Forest,5,2024-25,Independent Poisson,D,H,0.6992995762635834,0.1786383521661011,0.1220620715703152,D,1.52,4.7,6.34,0.6578947368421053,0.2127659574468085,0.15772870662460567,1.0283894009135195,0.02838940091351949,0.6397330974606473,0.20689240598727318,0.15337449655207946,H,0.1786383521661011,0.20689240598727318,1.722391895820471,1.5755563986873566,0.14683549713311428
2024-25,2024-10-19,Bournemouth,Arsenal,5,2024-25,Independent Poisson,H,A,0.1392134182572228,0.1787749292226993,0.6820116525200777,H,5.17,3.71,1.76,0.19342359767891684,0.2695417789757412,0.5681818181818182,1.0311471948364763,0.031147194836476322,0.18758097645757624,0.26139990519829354,0.5510191183441302,A,0.1392134182572228,0.18758097645757624,1.971747140201542,1.6735446523621893,0.29820248783935277
2024-25,2024-10-19,Fulham,Aston Villa,5,2024-25,Independent Poisson,A,H,0.3963965846783362,0.2538436956631983,0.3497597196584654,A,2.48,3.46,2.98,0.40322580645161293,0.28901734104046245,0.33557046979865773,1.027813617290733,0.02781361729073306,0.39231413134464654,0.28119625599269465,0.32648961266265886,H,0.3497597196584654,0.32648961266265886,1.0505088755197152,1.1193571449749227,-0.0688482694552075
2024-25,2024-10-19,Ipswich,Everton,5,2024-25,Independent Poisson,A,H,0.428163718710174,0.2613251391139053,0.3105111421759207,A,2.44,3.43,3.06,0.4098360655737705,0.29154518950437314,0.32679738562091504,1.0281786406990587,0.028178640699058732,0.39860394813796457,0.28355499517686106,0.3178410566851744,H,0.3105111421759207,0.3178410566851744,1.169535493627898,1.146203842899221,0.023331650728677156
2024-25,2024-10-19,Man United,Brentford,5,2024-25,Independent Poisson,H,H,0.5207243069609789,0.2306993647658546,0.2485763282731665,H,1.67,4.41,4.92,0.5988023952095809,0.22675736961451246,0.2032520325203252,1.0288117973444186,0.028811797344418633,0.5820329789716806,0.22040704645866357,0.19755997456965577,H,0.5207243069609789,0.5820329789716806,0.652534538587326,0.5412281679562991,0.11130637063102689
2024-25,2024-10-19,Newcastle,Brighton,5,2024-25,Independent Poisson,A,H,0.5697709855599775,0.2223174738246942,0.2079115406153281,A,1.75,4.08,4.67,0.5714285714285714,0.24509803921568626,0.21413276231263384,1.0306593729568916,0.030659372956891584,0.5544300924457531,0.23780702494609512,0.20776288260815162,H,0.2079115406153281,0.20776288260815162,1.5706425752435773,1.5713578370215884,-0.000715261778011067
2024-25,2024-10-19,Southampton,Leicester,5,2024-25,Independent Poisson,A,A,0.2831063328812717,0.2553840649592431,0.4615096021594852,A,2.23,3.5,3.41,0.4484304932735426,0.2857142857142857,0.29325513196480935,1.0273999109526377,0.027399910952637718,0.4364712206931609,0.27809452061307105,0.28543425869376793,H,0.4615096021594852,0.28543425869376793,0.7732524188429283,1.2537435436739175,-0.4804911248309892
2024-25,2024-10-19,Tottenham,West Ham,5,2024-25,Independent Poisson,H,H,0.5684068151150781,0.2203232046122619,0.2112699802726599,H,1.45,5.45,6.25,0.6896551724137931,0.18348623853211007,0.16,1.0331414109459032,0.03314141094590317,0.66753221302239,0.17760031355641565,0.15486747342119447,H,0.5684068151150781,0.66753221302239,0.5649178928326929,0.40416763066259764,0.16075026217009525
2024-25,2024-10-20,Liverpool,Chelsea,5,2024-25,Independent Poisson,H,H,0.6774432920704789,0.1808480903392454,0.1417086175902757,H,1.72,4.4,4.55,0.5813953488372093,0.22727272727272727,0.21978021978021978,1.0284482958901564,0.028448295890156405,0.5653131529903428,0.22098605071440672,0.21370079629525046,H,0.6774432920704789,0.5653131529903428,0.3894294314724578,0.5703754482969505,-0.18094601682449274
2024-25,2024-10-20,Wolves,Man City,5,2024-25,Independent Poisson,A,A,0.0701211714032743,0.1181469141002904,0.8117319144964353,A,8.08,5.46,1.38,0.12376237623762376,0.18315018315018314,0.7246376811594204,1.0315502405472272,0.031550240547227215,0.11997707079392375,0.17754848571701537,0.702474443489061,A,0.8117319144964353,0.702474443489061,0.20858514789451524,0.3531462578109839,-0.14456110991646867
2024-25,2024-10-21,Nott'm Forest,Crystal Palace,5,2024-25,Independent Poisson,H,H,0.4074847607283161,0.2682507360405997,0.3242645032310841,H,2.38,3.3,3.29,0.42016806722689076,0.30303030303030304,0.303951367781155,1.0271497380383487,0.027149738038348747,0.40906213735626124,0.29502057179027324,0.2959172908534656,H,0.4074847607283161,0.40906213735626124,0.8977517439862318,0.8938882094023477,0.0038635345838841095
2024-25,2024-10-25,Leicester,Nott'm Forest,5,2024-25,Independent Poisson,A,H,0.3849471349085175,0.2640996529991836,0.3509532120922989,A,3.07,3.4,2.46,0.32573289902280134,0.29411764705882354,0.4065040650406504,1.0263546111222752,0.026354611122275218,0.3173687685454311,0.2865653292454334,0.39606590220913557,A,0.3509532120922989,0.39606590220913557,1.0471023632836962,0.9261746618538427,0.12092770142985354
2024-25,2024-10-26,Aston Villa,Bournemouth,5,2024-25,Independent Poisson,D,H,0.6052527349730135,0.2093638713334921,0.1853833936934941,D,1.79,3.97,4.54,0.5586592178770949,0.2518891687657431,0.22026431718061673,1.0308127038234547,0.03081270382345469,0.5419599659617461,0.2443597831414422,0.21368025089681178,H,0.2093638713334921,0.2443597831414422,1.563681529655453,1.4091136186561857,0.15456791099926726
2024-25,2024-10-26,Brentford,Ipswich,5,2024-25,Independent Poisson,H,H,0.5024910827634468,0.2398867796940601,0.257622137542493,H,1.68,4.16,5.19,0.5952380952380952,0.24038461538461536,0.19267822736030826,1.0283009379830188,0.028300937983018803,0.5788559294768677,0.23376874075027348,0.1873753297728589,H,0.5024910827634468,0.5788559294768677,0.6881773849507483,0.5467016588364055,0.14147572611434278
2024-25,2024-10-26,Brighton,Wolves,5,2024-25,Independent Poisson,D,H,0.5975131656136475,0.2244910209187778,0.1779958134675745,D,1.58,4.41,5.79,0.6329113924050632,0.22675736961451246,0.17271157167530224,1.0323803336948778,0.032380333694877805,0.6130602954628943,0.21964518522253357,0.1672945193145722,H,0.2244910209187778,0.21964518522253357,1.4939195685071343,1.5157418290258058,-0.021822260518671532
2024-25,2024-10-26,Everton,Fulham,5,2024-25,Independent Poisson,D,H,0.3714283247214125,0.2651354105804799,0.3634362646981076,D,2.71,3.36,2.73,0.36900369003690037,0.2976190476190476,0.3663003663003663,1.0329231039563143,0.03292310395631426,0.35724216897031164,0.28813282080641206,0.35462501022327636,H,0.2651354105804799,0.28813282080641206,1.3275146001808709,1.2443337218029524,0.08318087837791843
2024-25,2024-10-26,Man City,Southampton,5,2024-25,Independent Poisson,H,H,0.9355394513368132,0.048494684276136,0.0159658643870508,H,1.12,10.5,23.0,0.8928571428571428,0.09523809523809523,0.043478260869565216,1.0315734989648033,0.031573498964803326,0.8655293527345709,0.09232313095835423,0.04214751630707476,H,0.9355394513368132,0.8655293527345709,0.0666319627656115,0.14441399074733471,-0.07778202798172322
2024-25,2024-10-27,Arsenal,Liverpool,5,2024-25,Independent Poisson,D,H,0.5046058306703664,0.2207936287494128,0.2746005405802209,D,2.27,3.46,3.35,0.44052863436123346,0.28901734104046245,0.29850746268656714,1.028053438088263,0.028053438088263105,0.4285075250372462,0.2811306594897541,0.29036181547299966,H,0.2207936287494128,0.2811306594897541,1.5105268202970914,1.2689357373276902,0.24159108296940124
2024-25,2024-10-27,Chelsea,Newcastle,5,2024-25,Independent Poisson,H,H,0.5152238671870605,0.2361548447689156,0.2486212880440238,H,1.82,4.03,4.29,0.5494505494505494,0.24813895781637715,0.2331002331002331,1.0306897403671598,0.030689740367159768,0.533090151120375,0.2407503908285565,0.22615945805106824,H,0.5152238671870605,0.533090151120375,0.6631537792031711,0.6290647300560737,0.03408904914709743
2024-25,2024-10-27,Crystal Palace,Tottenham,5,2024-25,Independent Poisson,H,A,0.2166913881185908,0.231229266522264,0.552079345359145,H,3.78,3.97,1.95,0.2645502645502646,0.2518891687657431,0.5128205128205129,1.0292599461365204,0.029259946136520387,0.25702959251770474,0.2447284281402831,0.4982419793420123,A,0.2166913881185908,0.25702959251770474,1.5292811122604801,1.3585640547324203,0.17071705752805988
2024-25,2024-10-27,West Ham,Man United,5,2024-25,Independent Poisson,H,H,0.3816431525256563,0.2500915043164958,0.3682653431578481,H,3.39,3.72,2.15,0.2949852507374631,0.26881720430107525,0.46511627906976744,1.0289187341083057,0.0289187341083057,0.2866944112871138,0.2612618425439021,0.45204374616898413,A,0.3816431525256563,0.2866944112871138,0.9632692626629095,1.2493383995262206,-0.28606913686331115
2024-25,2024-11-02,Bournemouth,Man City,5,2024-25,Independent Poisson,H,A,0.1229250156179356,0.1648225426605658,0.7122524417214984,H,6.11,4.42,1.56,0.1636661211129296,0.22624434389140272,0.641025641025641,1.0309361060299733,0.03093610602997332,0.15875486381322956,0.21945525291828794,0.6217898832684825,A,0.1229250156179356,0.15875486381322956,2.0961807386315847,1.8403940034851038,0.25578673514648087
2024-25,2024-11-02,Ipswich,Leicester,5,2024-25,Independent Poisson,D,H,0.411216249827958,0.2616691553813529,0.3271145947906893,D,2.36,3.54,3.09,0.42372881355932207,0.2824858757062147,0.3236245954692557,1.0298392847347926,0.02983928473479258,0.4114513981358189,0.2743009320905459,0.3142476697736351,H,0.2616691553813529,0.2743009320905459,1.340674338901528,1.2935294829745538,0.04714485592697426
2024-25,2024-11-02,Liverpool,Brighton,5,2024-25,Independent Poisson,H,H,0.7661614565671804,0.1430523899427781,0.0907861534900415,H,1.36,5.79,7.93,0.7352941176470588,0.17271157167530224,0.12610340479192939,1.0341090941142905,0.03410909411429053,0.7110411482038408,0.1670148465556517,0.12194400524050739,H,0.7661614565671804,0.7110411482038408,0.2663623526439483,0.34102497714909696,-0.07466262450514866
2024-25,2024-11-02,Newcastle,Arsenal,5,2024-25,Independent Poisson,H,A,0.2173750008683556,0.2080203888685916,0.5746046102630529,H,4.03,3.69,1.96,0.24813895781637715,0.2710027100271003,0.5102040816326531,1.0293457494761307,0.029345749476130667,0.24106473256693736,0.2632766591449208,0.4956586082881417,A,0.2173750008683556,0.24106473256693736,1.5261313023129546,1.4226897816951565,0.1034415206177981
2024-25,2024-11-02,Nott'm Forest,West Ham,5,2024-25,Independent Poisson,H,H,0.4503239345736149,0.2496894015369779,0.299986663889407,H,2.05,3.46,3.95,0.48780487804878053,0.28901734104046245,0.2531645569620253,1.0299867760512682,0.029986776051268205,0.4736030494672096,0.2806029628346184,0.245793987698172,H,0.4503239345736149,0.4736030494672096,0.7977881005807933,0.7473857565242668,0.05040234405652655
2024-25,2024-11-02,Southampton,Everton,5,2024-25,Independent Poisson,H,A,0.2591234601036268,0.2603828102116609,0.4804937296847121,H,2.72,3.31,2.8,0.3676470588235294,0.3021148036253776,0.35714285714285715,1.0269047195917642,0.026904719591764215,0.3580147717791031,0.29419944992119657,0.34778577829970025,H,0.2591234601036268,0.3580147717791031,1.3504506509216059,1.0271810314798857,0.32326961944172017
2024-25,2024-11-02,Wolves,Crystal Palace,5,2024-25,Independent Poisson,D,A,0.3269257802205497,0.2547614489215978,0.4183127708578525,D,2.44,3.34,3.13,0.4098360655737705,0.29940119760479045,0.3194888178913738,1.0287260810699348,0.028726081069934795,0.3983918295796654,0.29104073777676154,0.310567432643573,H,0.2547614489215978,0.29104073777676154,1.367427666096818,1.2342920292486552,0.13313563684816287
2024-25,2024-11-03,Man United,Chelsea,5,2024-25,Independent Poisson,D,H,0.3817361528251878,0.2459685291711734,0.3722953180036388,D,2.72,3.65,2.59,0.3676470588235294,0.273972602739726,0.3861003861003861,1.0277200476636414,0.027720047663641445,0.3577307455073166,0.26658291172052084,0.3756863427721626,A,0.2459685291711734,0.26658291172052084,1.4025516814320222,1.3220699703641487,0.0804817110678735
2024-25,2024-11-03,Tottenham,Aston Villa,5,2024-25,Independent Poisson,H,H,0.4661163371112684,0.2448523393367035,0.2890313235520279,H,1.99,4.04,3.59,0.5025125628140703,0.24752475247524752,0.2785515320334262,1.028588847322744,0.028588847322744027,0.48854560704408956,0.24064498960835104,0.27080940334755943,H,0.4661163371112684,0.48854560704408956,0.7633200255606144,0.7163224504568159,0.04699757510379854
2024-25,2024-11-04,Fulham,Brentford,5,2024-25,Independent Poisson,H,H,0.4385301664483327,0.2397091369142047,0.3217606966374627,H,2.02,3.76,3.73,0.49504950495049505,0.26595744680851063,0.2680965147453083,1.029103466504314,0.029103466504313946,0.48104930268293855,0.2584360615477489,0.2605146357693126,H,0.4385301664483327,0.48104930268293855,0.8243266748991231,0.7317855137488513,0.09254116115027189
2024-25,2024-11-09,Brentford,Bournemouth,5,2024-25,Independent Poisson,H,A,0.3718575198368965,0.2516584221149496,0.3764840580481539,H,2.64,3.53,2.74,0.3787878787878788,0.28328611898017,0.36496350364963503,1.0270375014176838,0.027037501417683796,0.36881601525262153,0.2758284080076263,0.35535557673975215,H,0.3718575198368965,0.36881601525262153,0.9892445092676495,0.9974573629371767,-0.008212853669527176
2024-25,2024-11-09,Brighton,Man City,5,2024-25,Independent Poisson,H,A,0.1897522694646615,0.2018607232584958,0.6083870072768427,H,4.1,4.15,1.83,0.24390243902439027,0.24096385542168672,0.5464480874316939,1.0313143818777708,0.0313143818777708,0.23649669131957968,0.23364733359283768,0.5298559750875828,A,0.1897522694646615,0.23649669131957968,1.6620359024898503,1.441821061340065,0.2202148411497853
2024-25,2024-11-09,Crystal Palace,Fulham,5,2024-25,Independent Poisson,A,H,0.4133054257757428,0.2669206671281025,0.3197739070961546,A,3.37,3.3,2.34,0.29673590504451036,0.30303030303030304,0.4273504273504274,1.0271166354252408,0.027116635425240787,0.2889018586693005,0.29503007991380087,0.41606806141689867,A,0.3197739070961546,0.41606806141689867,1.1401410732301271,0.876906422928158,0.26323465030196913
2024-25,2024-11-09,Liverpool,Aston Villa,5,2024-25,Independent Poisson,H,H,0.6735454374834309,0.183171587599477,0.1432829749170921,H,1.47,4.9,7.0,0.6802721088435374,0.2040816326530612,0.14285714285714285,1.0272108843537415,0.027210884353741527,0.662251655629139,0.19867549668874168,0.1390728476821192,H,0.6735454374834309,0.662251655629139,0.39519982069550985,0.41210965082683304,-0.01690983013132319
2024-25,2024-11-09,West Ham,Everton,5,2024-25,Independent Poisson,D,H,0.4745799607996468,0.2548794411917396,0.2705405980086137,D,2.17,3.53,3.52,0.4608294930875576,0.28328611898017,0.2840909090909091,1.0282065211586366,0.028206521158636644,0.4481876778687135,0.2755148048088126,0.276297517322474,H,0.2548794411917396,0.2755148048088126,1.3669646252594796,1.2891139138699785,0.07785071138950106
2024-25,2024-11-09,Wolves,Southampton,5,2024-25,Independent Poisson,H,H,0.5624896091276212,0.2424678796035147,0.1950425112688643,H,1.95,3.75,4.01,0.5128205128205129,0.26666666666666666,0.24937655860349128,1.0288637380906709,0.028863738090670887,0.4984338487545369,0.25918560135235913,0.24238054989310395,H,0.5624896091276212,0.4984338487545369,0.5753826177361903,0.6962843989784511,-0.12090178124226081
2024-25,2024-11-10,Chelsea,Arsenal,5,2024-25,Independent Poisson,D,H,0.4258191198976126,0.2428364141623185,0.3313444659400685,D,3.0,3.35,2.52,0.3333333333333333,0.29850746268656714,0.3968253968253968,1.0286661928452971,0.028666192845297145,0.3240442192538001,0.2901888530631046,0.3857669276830954,A,0.2428364141623185,0.2901888530631046,1.4153672550852325,1.2372233504927133,0.17814390459251928
2024-25,2024-11-10,Man United,Leicester,5,2024-25,Independent Poisson,H,H,0.585038220444842,0.2187197517400073,0.1962420278151508,H,1.35,5.62,8.93,0.7407407407407407,0.17793594306049823,0.11198208286674133,1.0306587666679803,0.030658766667980286,0.7187060981739704,0.1726429239385872,0.10865097788744235,H,0.585038220444842,0.7187060981739704,0.5360780997907125,0.3303027695375175,0.205775330253195
2024-25,2024-11-10,Nott'm Forest,Newcastle,5,2024-25,Independent Poisson,A,H,0.4030121462677958,0.2556651545960765,0.3413226991361274,A,2.81,3.3,2.72,0.35587188612099646,0.30303030303030304,0.3676470588235294,1.0265492479748288,0.026549247974828827,0.346668108542341,0.29519314697090243,0.35813874448675664,A,0.3413226991361274,0.35813874448675664,1.0749269174107436,1.0268348132289769,0.04809210418176679
2024-25,2024-11-10,Tottenham,Ipswich,5,2024-25,Independent Poisson,A,H,0.6482747321242405,0.2084573250908035,0.143267942784956,A,1.26,6.72,10.66,0.7936507936507936,0.1488095238095238,0.09380863039399624,1.0362689478543137,0.03626894785431367,0.7658733722496632,0.14360125729681186,0.09052537045352492,H,0.143267942784956,0.09052537045352492,1.9430386761877232,2.402125131060154,-0.45908645487243094
2024-25,2024-11-23,Arsenal,Nott'm Forest,5,2024-25,Independent Poisson,H,H,0.7778605059664778,0.1377466556547034,0.0843928383788188,H,1.41,4.8,8.86,0.7092198581560284,0.20833333333333334,0.11286681715575622,1.030420008645118,0.03042000864511807,0.6882823045027723,0.20218292694768936,0.10953476854953827,H,0.7778605059664778,0.6882823045027723,0.25120806912319893,0.3735561988974441,-0.1223481297742452
2024-25,2024-11-23,Aston Villa,Crystal Palace,5,2024-25,Independent Poisson,D,H,0.6159039992070222,0.217196807453459,0.1668991933395188,D,1.75,3.84,5.01,0.5714285714285714,0.2604166666666667,0.1996007984031936,1.0314460364984317,0.031446036498431695,0.5540072395531865,0.2524772576088741,0.19351550283793942,H,0.217196807453459,0.2524772576088741,1.5269513896792823,1.3764341031989136,0.15051728648036877
2024-25,2024-11-23,Bournemouth,Brighton,5,2024-25,Independent Poisson,A,H,0.4019499449023452,0.2517065204359392,0.3463435346617157,A,2.49,3.6,2.88,0.4016064257028112,0.2777777777777778,0.3472222222222222,1.0266064257028114,0.026606425702811354,0.39119804400977987,0.27057864710676444,0.33822330888345553,H,0.3463435346617157,0.33822330888345553,1.0603241217536832,1.0840489244802134,-0.023724802726530214
2024-25,2024-11-23,Everton,Brentford,5,2024-25,Independent Poisson,D,H,0.4246690215531216,0.2546852184803137,0.3206457599665646,D,2.38,3.42,3.18,0.42016806722689076,0.29239766081871343,0.31446540880503143,1.0270311368506355,0.027031136850635518,0.40910937570532213,0.2847018462510721,0.30618877804360584,H,0.2546852184803137,0.2847018462510721,1.367726933701185,1.2563127998190242,0.11141413388216082
2024-25,2024-11-23,Fulham,Wolves,5,2024-25,Independent Poisson,A,H,0.5400380288474108,0.2377678066854529,0.2221941644671361,A,1.57,4.43,5.91,0.6369426751592356,0.22573363431151244,0.1692047377326565,1.0318810472034046,0.03188104720340457,0.6172636631765573,0.2187593569271321,0.16397697989631052,H,0.2221941644671361,0.16397697989631052,1.5042036646456134,1.8080292274961471,-0.30382556285053375
2024-25,2024-11-23,Leicester,Chelsea,5,2024-25,Independent Poisson,A,A,0.2301190662017483,0.2285079477070201,0.5413729860912314,A,7.0,5.05,1.45,0.14285714285714285,0.19801980198019803,0.6896551724137931,1.0305321172511341,0.03053211725113414,0.13862463912158643,0.19215296511903068,0.6692223957593828,A,0.5413729860912314,0.6692223957593828,0.6136467994427551,0.40163884396295635,0.21200795547979878
2024-25,2024-11-23,Man City,Tottenham,5,2024-25,Independent Poisson,A,H,0.7026311304428923,0.1653470917258542,0.1320217778312535,A,1.44,5.28,6.71,0.6944444444444444,0.1893939393939394,0.14903129657228018,1.032869680410664,0.03286968041066407,0.6723446893787575,0.18336673346693386,0.1442885771543086,H,0.1320217778312535,0.1442885771543086,2.0247883864339564,1.9359399767354635,0.08884840969849295
2024-25,2024-11-24,Ipswich,Man United,5,2024-25,Independent Poisson,D,A,0.3277845194151907,0.2495381271925049,0.4226773533923046,D,5.15,4.16,1.68,0.1941747572815534,0.24038461538461536,0.5952380952380952,1.029797467904264,0.029797467904264074,0.18855625822883165,0.23342902160540455,0.5780147201657637,A,0.2495381271925049,0.23342902160540455,1.3881435610666772,1.454877224077237,-0.06673366301055972
2024-25,2024-11-24,Southampton,Liverpool,5,2024-25,Independent Poisson,A,A,0.0702972020516242,0.1351457282280734,0.7945570697203025,A,10.0,5.95,1.31,0.1,0.1680672268907563,0.7633587786259541,1.0314260055167104,0.031426005516710376,0.09695314978014667,0.16294647021873387,0.7401003800011196,A,0.7945570697203025,0.7401003800011196,0.22997046459666476,0.3009694533332063,-0.07099898873654154
2024-25,2024-11-25,Newcastle,West Ham,5,2024-25,Independent Poisson,A,H,0.5361812629702107,0.2389095838091581,0.2249091532206311,A,1.5,4.71,6.64,0.6666666666666666,0.21231422505307856,0.15060240963855423,1.0295833013582996,0.029583301358299563,0.6475111492068223,0.20621374178561222,0.1462751090075653,H,0.2249091532206311,0.1462751090075653,1.492058721775994,1.9222661220846298,-0.4302074003086358
2024-25,2024-11-29,Brighton,Southampton,5,2024-25,Independent Poisson,D,H,0.7149317753695601,0.1797399021120043,0.1053283225184355,D,1.38,5.68,7.25,0.7246376811594204,0.17605633802816903,0.13793103448275862,1.038625053670348,0.038625053670348075,0.6976893909873033,0.1695090421764927,0.13280156683620392,H,0.1797399021120043,0.1695090421764927,1.7162444613609136,1.7748490074104903,-0.05860454604957677
2024-25,2024-11-30,Brentford,Leicester,5,2024-25,Independent Poisson,H,H,0.4748829063938771,0.2327661586184812,0.2923509349876417,H,1.63,4.36,5.38,0.6134969325153374,0.2293577981651376,0.1858736059479554,1.0287283366284303,0.02872833662843033,0.5963643759692879,0.22295273688760076,0.18068288714311143,H,0.4748829063938771,0.5963643759692879,0.7446870181917796,0.5169034296507383,0.2277835885410413
2024-25,2024-11-30,Crystal Palace,Newcastle,5,2024-25,Independent Poisson,D,A,0.2998423211709404,0.2608084743056408,0.4393492045234187,D,3.3,3.53,2.27,0.30303030303030304,0.28328611898017,0.44052863436123346,1.0268450563717066,0.026845056371706644,0.29510810920300073,0.27588010208779107,0.4290117887092081,A,0.2608084743056408,0.27588010208779107,1.3439689559543178,1.2877889203749253,0.05618003557939244
2024-25,2024-11-30,Nott'm Forest,Ipswich,5,2024-25,Independent Poisson,H,H,0.4586501758795868,0.2661404987716781,0.275209325348735,H,1.74,3.98,4.94,0.5747126436781609,0.25125628140703515,0.20242914979757085,1.0283980748827668,0.0283980748827668,0.5588425899607754,0.24431811721903246,0.19683929282019216,H,0.4586501758795868,0.5588425899607754,0.7794675035542102,0.5818874376805363,0.19758006587367394
2024-25,2024-11-30,West Ham,Arsenal,5,2024-25,Independent Poisson,A,A,0.2082103395023374,0.2092433100647335,0.5825463504329288,A,7.34,4.89,1.45,0.1362397820163488,0.20449897750511248,0.6896551724137931,1.0303939319352544,0.030393931935254415,0.13222106399682246,0.19846679135719358,0.669312144645984,A,0.5825463504329288,0.669312144645984,0.540346525149254,0.4015047437451039,0.13884178140415004
2024-25,2024-11-30,Wolves,Bournemouth,5,2024-25,Independent Poisson,A,H,0.386132276377729,0.2616977972949111,0.3521699263273598,A,2.75,3.48,2.66,0.36363636363636365,0.28735632183908044,0.37593984962406013,1.0269325350995042,0.026932535099504218,0.35409956468185055,0.27982005829743933,0.3660803770207101,A,0.3521699263273598,0.3660803770207101,1.0436414746198595,1.004902360345171,0.03873911427468846
2024-25,2024-12-01,Chelsea,Aston Villa,5,2024-25,Independent Poisson,H,H,0.5830147398932154,0.2135556605473544,0.2034295995594301,H,1.75,4.07,4.69,0.5714285714285714,0.24570024570024568,0.21321961620469082,1.030348433333508,0.030348433333508007,0.554597408936525,0.2384632593707417,0.2069393316927332,H,0.5830147398932154,0.554597408936525,0.5395428101155463,0.589512817761382,-0.0499700076458357
2024-25,2024-12-01,Liverpool,Man City,5,2024-25,Independent Poisson,H,H,0.4579930567607065,0.2324838254358321,0.3095231178034613,H,2.06,3.76,3.6,0.4854368932038835,0.26595744680851063,0.2777777777777778,1.0291721177901718,0.029172117790171814,0.4716770740410348,0.25841882247992864,0.2699041034790366,H,0.4579930567607065,0.4716770740410348,0.7809012548939859,0.7514606927116722,0.029440562182313723
2024-25,2024-12-01,Man United,Everton,5,2024-25,Independent Poisson,H,H,0.5612332005103697,0.2332261469177956,0.2055406525718343,H,1.62,4.07,5.98,0.6172839506172839,0.24570024570024568,0.16722408026755853,1.0302082765850882,0.03020827658508818,0.5991836453337798,0.23849570158248726,0.16232065308373297,H,0.5612332005103697,0.5991836453337798,0.577618772649163,0.5121871413208794,0.06543163132828356
2024-25,2024-12-01,Tottenham,Fulham,5,2024-25,Independent Poisson,D,H,0.6142487452435981,0.211940277788124,0.1738109769682778,D,1.98,4.06,3.61,0.5050505050505051,0.24630541871921185,0.2770083102493075,1.0283642340190244,0.028364234019024437,0.49112025520051467,0.2395118485953249,0.2693678962041604,H,0.211940277788124,0.2395118485953249,1.5514507525440158,1.4291523911405766,0.12229836140343919
2024-25,2024-12-03,Ipswich,Crystal Palace,5,2024-25,Independent Poisson,A,H,0.4607064269887924,0.2609117895849161,0.2783817834262915,A,3.35,3.39,2.3,0.29850746268656714,0.2949852507374631,0.4347826086956522,1.0282753221196823,0.02827532211968231,0.2902991604147663,0.2868738015898133,0.42282703799542054,A,0.2783817834262915,0.42282703799542054,1.278761785757928,0.8607920771835011,0.41796970857442695
2024-25,2024-12-03,Leicester,West Ham,5,2024-25,Independent Poisson,H,H,0.4185462236656533,0.264207101149322,0.3172466751850247,H,3.04,3.5,2.43,0.32894736842105265,0.2857142857142857,0.4115226337448559,1.0261842878801943,0.026184287880194335,0.32055389300548015,0.27842395278190274,0.40102215421261705,A,0.4185462236656533,0.32055389300548015,0.8709679443378627,1.1377048638543128,-0.26673691951645007
2024-25,2024-12-04,Arsenal,Man United,5,2024-25,Independent Poisson,H,H,0.6075151347956333,0.2034980618844242,0.1889868033199425,H,1.48,4.89,6.64,0.6756756756756757,0.20449897750511248,0.15060240963855423,1.0307770628193424,0.03077706281934245,0.6555012718536762,0.1983930229741188,0.14610570517220495,H,0.6075151347956333,0.6555012718536762,0.4983781908339223,0.42235503550005704,0.07602315533386528
2024-25,2024-12-04,Aston Villa,Brentford,5,2024-25,Independent Poisson,H,H,0.6213698739240641,0.2059535443952684,0.1726765816806675,H,1.68,4.23,5.06,0.5952380952380952,0.23640661938534277,0.19762845849802374,1.0292731731214617,0.029273173121461715,0.5783091513333873,0.22968306719623893,0.1920077814703737,H,0.6213698739240641,0.5783091513333873,0.47582876417032594,0.5476466893998765,-0.07181792522955055
2024-25,2024-12-04,Everton,Wolves,5,2024-25,Independent Poisson,H,H,0.5309501371187257,0.2523056579091104,0.216744204972164,H,2.14,3.36,3.8,0.4672897196261682,0.2976190476190476,0.2631578947368421,1.028066661982058,0.028066661982057983,0.4545325093270299,0.2894939196309059,0.2559735710420642,H,0.5309501371187257,0.4545325093270299,0.633087165880643,0.7884858402503525,-0.15539867436970956
2024-25,2024-12-04,Man City,Nott'm Forest,5,2024-25,Independent Poisson,H,H,0.8535795905594867,0.0977652128066308,0.0486551966338824,H,1.31,5.88,10.02,0.7633587786259541,0.17006802721088435,0.0998003992015968,1.0332272050384352,0.03322720503843524,0.7388101812491066,0.16459886691094042,0.09659095183995306,H,0.8535795905594867,0.7388101812491066,0.15831648912171434,0.30271424996003754,-0.1443977608383232
2024-25,2024-12-04,Newcastle,Liverpool,5,2024-25,Independent Poisson,D,A,0.1833386471965162,0.2063842621315702,0.6102770906719135,D,3.68,3.74,2.04,0.2717391304347826,0.267379679144385,0.49019607843137253,1.02931488801054,0.029314888010540052,0.264,0.25976470588235295,0.4762352941176471,A,0.2063842621315702,0.25976470588235295,1.5780154976444072,1.3479790350814218,0.23003646256298538
2024-25,2024-12-04,Southampton,Chelsea,5,2024-25,Independent Poisson,A,A,0.0945747750125451,0.1683516501031879,0.737073574884267,A,9.07,5.95,1.33,0.11025358324145534,0.1680672268907563,0.7518796992481203,1.030200509380332,0.03020050938033192,0.10702148002991489,0.1631403065329963,0.7298382134370888,A,0.737073574884267,0.7298382134370888,0.3050675615390524,0.31493239483089025,-0.009864833291837849
2024-25,2024-12-05,Bournemouth,Tottenham,5,2024-25,Independent Poisson,H,A,0.2627307205883482,0.2362727465386902,0.5009965328729618,H,2.21,3.97,3.06,0.45248868778280543,0.2518891687657431,0.32679738562091504,1.0311752421694635,0.031175242169463546,0.43880871968068774,0.24427387166103776,0.3169174086582745,H,0.2627307205883482,0.43880871968068774,1.336625647413486,0.8236916791269788,0.5129339682865073
2024-25,2024-12-05,Fulham,Brighton,5,2024-25,Independent Poisson,H,H,0.403680166216985,0.2456175349438112,0.3507022988392038,H,2.64,3.65,2.7,0.3787878787878788,0.273972602739726,0.37037037037037035,1.0231308518979751,0.023130851897975147,0.37022427589315904,0.26777865434464104,0.3619970697621999,H,0.403680166216985,0.37022427589315904,0.9071323823351515,0.9936463059166268,-0.08651392358147536
2024-25,2024-12-07,Aston Villa,Southampton,5,2024-25,Independent Poisson,H,H,0.7648943228868366,0.160465610907395,0.0746400662057684,H,1.33,5.79,9.42,0.7518796992481203,0.17271157167530224,0.10615711252653928,1.0307483834499618,0.03074838344996178,0.729450282261462,0.16755939126213204,0.102990326476406,H,0.7648943228868366,0.729450282261462,0.2680175947150193,0.31546406651323194,-0.04744647179821265
2024-25,2024-12-07,Brentford,Newcastle,5,2024-25,Independent Poisson,H,H,0.3792537934165757,0.2484360465814734,0.3723101600019508,H,3.02,3.74,2.33,0.33112582781456956,0.267379679144385,0.4291845493562232,1.0276900563151776,0.027690056315177625,0.3222039814239655,0.26017540745999346,0.4176206111160411,A,0.3792537934165757,0.3222039814239655,0.9695496583867078,1.1325704513200623,-0.16302079293335447
2024-25,2024-12-07,Crystal Palace,Man City,5,2024-25,Independent Poisson,D,A,0.1252652306614224,0.1788990588239154,0.6958357105146622,D,4.69,4.04,1.76,0.21321961620469082,0.24752475247524752,0.5681818181818182,1.0289261868617565,0.02892618686175652,0.20722537624881965,0.2405660927244961,0.5522085310266843,A,0.1788990588239154,0.2405660927244961,1.7209335493873088,1.4247604133674545,0.2961731360198543
2024-25,2024-12-07,Man United,Nott'm Forest,5,2024-25,Independent Poisson,A,H,0.5434126948134945,0.2414501064597219,0.2151371987267835,A,1.69,3.98,5.33,0.591715976331361,0.25125628140703515,0.18761726078799248,1.0305895185263887,0.030589518526388693,0.5741529150979909,0.24379859962703632,0.18204848527497272,H,0.2151371987267835,0.18204848527497272,1.536479320762204,1.7034822247744756,-0.16700290401227158
2024-25,2024-12-08,Fulham,Arsenal,5,2024-25,Independent Poisson,D,A,0.2086329851344648,0.2278838723418102,0.5634831425237248,D,5.5,4.2,1.64,0.18181818181818182,0.23809523809523808,0.6097560975609756,1.0296695174743955,0.0296695174743955,0.1765791632485644,0.2312346185397867,0.5921862182116489,A,0.2278838723418102,0.2312346185397867,1.478919111615381,1.4643224192243287,0.014596692391052324
2024-25,2024-12-08,Ipswich,Bournemouth,5,2024-25,Independent Poisson,A,A,0.3088468704508907,0.2630432010450752,0.4281099285040339,A,3.92,3.82,1.95,0.25510204081632654,0.2617801047120419,0.5128205128205129,1.0297026583488813,0.029702658348881306,0.24774340315424678,0.2542288325561904,0.4980277642895628,A,0.4281099285040339,0.4980277642895628,0.8483752740795323,0.6970994519260786,0.1512758221534537
2024-25,2024-12-08,Leicester,Brighton,5,2024-25,Independent Poisson,D,A,0.257085877872754,0.2458118796587146,0.4971022424685313,D,4.98,4.27,1.68,0.2008032128514056,0.234192037470726,0.5952380952380952,1.0302333455602268,0.030233345560226832,0.19491041880634483,0.22731941116056148,0.5777701700330937,A,0.2458118796587146,0.22731941116056148,1.4031887524293385,1.481399152911307,-0.07821040048196859
2024-25,2024-12-08,Tottenham,Chelsea,5,2024-25,Independent Poisson,A,H,0.3805355609893059,0.2517728823796348,0.3676915566310593,A,2.93,4.1,2.25,0.341296928327645,0.24390243902439027,0.4444444444444444,1.0296438117964797,0.02964381179647968,0.3314708682919818,0.23688040099890412,0.4316487307091141,A,0.3676915566310593,0.4316487307091141,1.0005108535954528,0.8401431448606705,0.16036770873478223
2024-25,2024-12-09,West Ham,Wolves,5,2024-25,Independent Poisson,H,H,0.5188824281948534,0.2371542600865617,0.2439633117185848,H,1.82,3.99,4.37,0.5494505494505494,0.2506265664160401,0.22883295194508008,1.0289100678116696,0.028910067811669604,0.5340122199592667,0.24358452138492873,0.2224032586558045,H,0.5188824281948534,0.5340122199592667,0.6560779567492704,0.6273365564649213,0.028741400284349128
2024-25,2024-12-14,Arsenal,Everton,5,2024-25,Independent Poisson,D,H,0.790332233356263,0.1344764523908074,0.0751913142529293,D,1.25,6.5,13.0,0.8,0.15384615384615385,0.07692307692307693,1.0307692307692309,0.030769230769230882,0.7761194029850745,0.14925373134328357,0.07462686567164178,H,0.1344764523908074,0.14925373134328357,2.0063661704289717,1.9021075263969205,0.1042586440320512
2024-25,2024-12-14,Liverpool,Fulham,5,2024-25,Independent Poisson,D,H,0.7343661224095307,0.1626224682361614,0.1030114093543079,D,1.29,6.13,9.62,0.7751937984496123,0.1631321370309951,0.10395010395010396,1.0422760394307113,0.04227603943071134,0.7437509538001289,0.15651529044081017,0.09973375575906096,H,0.1626224682361614,0.15651529044081017,1.8163239103803437,1.8546015712773176,-0.03827766089697393
2024-25,2024-12-14,Newcastle,Leicester,5,2024-25,Independent Poisson,H,H,0.6245844308171489,0.2021206899785592,0.173294879204292,H,1.29,6.29,9.49,0.7751937984496123,0.1589825119236884,0.1053740779768177,1.0395503883501185,0.03955038835011848,0.7457010330013254,0.15293391614812557,0.10136505085054899,H,0.6245844308171489,0.7457010330013254,0.47066876108944783,0.29343051915599005,0.17723824193345777
2024-25,2024-12-14,Nott'm Forest,Aston Villa,5,2024-25,Independent Poisson,H,H,0.3895845213911409,0.2511009096219127,0.3593145689869462,H,2.73,3.28,2.81,0.3663003663003663,0.3048780487804878,0.35587188612099646,1.0270503012018506,0.02705030120185059,0.3566528006191351,0.2968482151494631,0.34649898423140174,H,0.3895845213911409,0.3566528006191351,0.9426744374918521,1.030992517718796,-0.08831808022694387
2024-25,2024-12-14,Wolves,Ipswich,5,2024-25,Independent Poisson,A,H,0.4182704426983846,0.2662180998819466,0.3155114574196687,A,2.0,3.65,3.93,0.5,0.273972602739726,0.2544529262086514,1.0284255289483775,0.028425528948377465,0.4861800742259655,0.26640004067176193,0.24741988510227253,H,0.3155114574196687,0.24741988510227253,1.1535602825424383,1.3966684459309053,-0.24310816338846708
2024-25,2024-12-15,Brighton,Crystal Palace,5,2024-25,Independent Poisson,A,H,0.5509317789641379,0.2323871565758192,0.2166810644600428,A,1.92,3.73,4.14,0.5208333333333334,0.2680965147453083,0.24154589371980678,1.0304757417984485,0.030475741798448475,0.505429979772589,0.2601677107676597,0.23440230945975138,H,0.2166810644600428,0.23440230945975138,1.5293287556143138,1.450716368683826,0.07861238693048778
2024-25,2024-12-15,Chelsea,Brentford,5,2024-25,Independent Poisson,H,H,0.6794966481174762,0.1867533546146054,0.1337499972679183,H,1.32,6.3,8.25,0.7575757575757576,0.15873015873015872,0.12121212121212122,1.0375180375180375,0.037518037518037506,0.7301808066759388,0.15299026425591097,0.11682892906815022,H,0.6794966481174762,0.7301808066759388,0.38640297826921827,0.314463095129423,0.07193988313979527
2024-25,2024-12-15,Man City,Man United,5,2024-25,Independent Poisson,A,H,0.7131242020594719,0.16183113812798,0.1250446598125479,A,1.53,4.9,5.85,0.6535947712418301,0.2040816326530612,0.17094017094017094,1.0286165748350622,0.028616574835062192,0.6354114713216958,0.19840399002493764,0.1661845386533666,H,0.1250446598125479,0.1661845386533666,2.079084326988218,1.7946564294479819,0.28442789754023634
2024-25,2024-12-15,Southampton,Tottenham,5,2024-25,Independent Poisson,A,A,0.1554175291041601,0.1892500066827813,0.6553324642130585,A,4.04,4.49,1.79,0.24752475247524752,0.22271714922048996,0.5586592178770949,1.0289011195728324,0.028901119572832368,0.24057195367618228,0.21646117880885887,0.5429668675149589,A,0.6553324642130585,0.5429668675149589,0.422612593170273,0.6107069783776903,-0.18809438520741728
2024-25,2024-12-16,Bournemouth,West Ham,5,2024-25,Independent Poisson,D,H,0.4675548486982239,0.2452218012199506,0.2872233500818255,D,1.78,4.13,4.42,0.5617977528089888,0.24213075060532688,0.22624434389140272,1.0301728473057183,0.030172847305718342,0.5453431958319392,0.23503895607284547,0.21961784809521534,H,0.2452218012199506,0.23503895607284547,1.4055921668825069,1.4480040080536463,-0.042411841171139386
2024-25,2024-12-21,Aston Villa,Man City,5,2024-25,Independent Poisson,H,A,0.3303125457570133,0.2272837549138654,0.4424036993291215,H,3.21,3.7,2.24,0.3115264797507788,0.27027027027027023,0.4464285714285714,1.0282253214496204,0.028225321449620422,0.3029749153731987,0.26285121036431564,0.43417387426248566,A,0.3303125457570133,0.3029749153731987,1.107715964391154,1.1941052644470451,-0.08638930005589107
2024-25,2024-12-21,Brentford,Nott'm Forest,5,2024-25,Independent Poisson,A,H,0.3832792225419469,0.2443207409936991,0.3724000364643538,A,2.53,3.66,2.78,0.3952569169960475,0.27322404371584696,0.3597122302158274,1.0281931909277218,0.028193190927721767,0.3844189209611607,0.2657322049267039,0.34984887411213544,H,0.3724000364643538,0.34984887411213544,0.9877866356620606,1.0502540059971093,-0.06246737033504868
2024-25,2024-12-21,Crystal Palace,Arsenal,5,2024-25,Independent Poisson,A,A,0.177671247565877,0.2079802123753856,0.6143485400587374,A,7.6,4.6,1.47,0.13157894736842105,0.2173913043478261,0.6802721088435374,1.0292423605597847,0.029242360559784686,0.12784058683404542,0.21121488259537943,0.660944530570575,A,0.6143485400587374,0.660944530570575,0.4871928570712544,0.41408536009411423,0.0731074969771402
2024-25,2024-12-21,Ipswich,Newcastle,5,2024-25,Independent Poisson,A,A,0.2702077738373037,0.2399751639212312,0.489817062241465,A,4.6,4.24,1.73,0.2173913043478261,0.23584905660377356,0.5780346820809249,1.0312750430325246,0.031275043032524596,0.21079856999988505,0.22869656179232808,0.5605048682077869,A,0.489817062241465,0.5605048682077869,0.7137232999514334,0.578917351034337,0.1348059489170964
2024-25,2024-12-21,West Ham,Brighton,5,2024-25,Independent Poisson,D,A,0.3734504035063737,0.2486340203016706,0.3779155761919558,D,2.83,3.68,2.48,0.35335689045936397,0.2717391304347826,0.40322580645161293,1.0283218273457595,0.028321827345759498,0.34362480797614386,0.26425494743817585,0.3921202445856803,A,0.2486340203016706,0.26425494743817585,1.3917732617153196,1.3308409318406376,0.060932329874682
2024-25,2024-12-22,Everton,Chelsea,5,2024-25,Independent Poisson,D,A,0.1940218980309878,0.2190030269228934,0.5869750750461187,D,5.01,4.11,1.69,0.1996007984031936,0.24330900243309,0.591715976331361,1.0346257771676446,0.03462577716764459,0.19292076691691734,0.23516619032938096,0.5719130427537017,A,0.2190030269228934,0.23516619032938096,1.51866972769543,1.447462821890056,0.07120690580537392
2024-25,2024-12-22,Fulham,Southampton,5,2024-25,Independent Poisson,D,H,0.7373095256711726,0.1677019642297208,0.0949885100991067,D,1.68,4.15,5.88,0.5952380952380952,0.24096385542168672,0.17006802721088435,1.0062699778706663,0.006269977870666299,0.5915292201181023,0.2394624312767257,0.16900834860517205,H,0.1677019642297208,0.2394624312767257,1.78556689746235,1.4293587375806724,0.35620815988167753
2024-25,2024-12-22,Leicester,Wolves,5,2024-25,Independent Poisson,A,H,0.4599081975351116,0.2477680691125713,0.2923237333523169,A,3.05,3.51,2.41,0.3278688524590164,0.2849002849002849,0.41493775933609955,1.0277068966954008,0.02770689669540083,0.31902953411452345,0.27721939574054033,0.4037510701449363,A,0.2923237333523169,0.4037510701449363,1.2298934149769722,0.9069567539350093,0.32293666104196295
2024-25,2024-12-22,Man United,Bournemouth,5,2024-25,Independent Poisson,A,H,0.4929290521377167,0.2416602830964542,0.265410664765829,A,1.88,3.8,4.25,0.5319148936170213,0.2631578947368421,0.23529411764705882,1.0303669060009222,0.030366906000922178,0.5162383326940289,0.2554021224907301,0.228359544815241,H,0.265410664765829,0.228359544815241,1.3264769741467293,1.4768339411651672,-0.15035696701843793
2024-25,2024-12-22,Tottenham,Liverpool,5,2024-25,Independent Poisson,A,A,0.2725929863124602,0.2219430317557569,0.5054639819317828,A,4.9,4.55,1.65,0.2040816326530612,0.21978021978021978,0.6060606060606061,1.029922458493887,0.029922458493887083,0.19815242494226326,0.2133949191685912,0.5884526558891455,A,0.5054639819317828,0.5884526558891455,0.6822784954206502,0.5302588043044815,0.15201969111616875
2024-25,2024-12-26,Bournemouth,Crystal Palace,5,2024-25,Independent Poisson,D,H,0.498470798933714,0.2501685616303125,0.2513606394359736,D,2.13,3.66,3.5,0.4694835680751174,0.27322404371584696,0.2857142857142857,1.02842189750525,0.028421897505249927,0.4565087239137873,0.2656731098186795,0.27781816626753336,H,0.2501685616303125,0.2656731098186795,1.3856203418007054,1.3254886363861975,0.06013170541450785
2024-25,2024-12-26,Chelsea,Fulham,5,2024-25,Independent Poisson,A,H,0.6363343113167426,0.1985299544894401,0.1651357341938173,A,1.46,4.94,6.86,0.684931506849315,0.20242914979757085,0.14577259475218657,1.0331332513990725,0.03313325139907253,0.6629653105461261,0.19593711607233685,0.14109757338153703,H,0.1651357341938173,0.14109757338153703,1.8009875117796998,1.9583036181342088,-0.157316106354509
2024-25,2024-12-26,Liverpool,Leicester,5,2024-25,Independent Poisson,H,H,0.8594965232854364,0.0942322370312206,0.0462712396833432,H,1.09,12.25,27.0,0.9174311926605504,0.08163265306122448,0.037037037037037035,1.0361008827588118,0.03610088275881185,0.8854651201702664,0.07878832497841554,0.03574655485131816,H,0.8594965232854364,0.8854651201702664,0.15140849921053665,0.1216422125178142,0.029766286692722452
2024-25,2024-12-26,Man City,Everton,5,2024-25,Independent Poisson,D,H,0.7230694204403414,0.1655104647886127,0.111420114771046,D,1.36,5.5,9.0,0.7352941176470588,0.18181818181818182,0.1111111111111111,1.0282234105763517,0.028223410576351693,0.7151112395261485,0.17682750650101128,0.10806125397284022,H,0.1655104647886127,0.17682750650101128,1.798720854812903,1.732580561123018,0.06614029368988494
2024-25,2024-12-26,Newcastle,Aston Villa,5,2024-25,Independent Poisson,H,H,0.5316447247501594,0.2297845383849011,0.2385707368649393,H,1.94,3.87,3.89,0.5154639175257733,0.25839793281653745,0.2570694087403599,1.0309312590826707,0.030931259082670692,0.4999983393504203,0.25064516236170936,0.24935649828787024,H,0.5316447247501594,0.4999983393504203,0.6317798233453302,0.6931505018646202,-0.06137067851929001
2024-25,2024-12-26,Nott'm Forest,Tottenham,5,2024-25,Independent Poisson,H,A,0.3227344116761996,0.2363963354368364,0.4408692528869639,H,2.16,3.92,3.22,0.4629629629629629,0.25510204081632654,0.3105590062111801,1.0286240099904695,0.028624009990469546,0.4500798722044728,0.24800319488817893,0.3019169329073482,H,0.3227344116761996,0.4500798722044728,1.1309255488688892,0.7983302181802129,0.3325953306886763
2024-25,2024-12-26,Southampton,West Ham,5,2024-25,Independent Poisson,A,A,0.2420604039891969,0.2376065611999274,0.5203330348108757,A,3.12,3.63,2.31,0.3205128205128205,0.27548209366391185,0.4329004329004329,1.0288953470771651,0.028895347077165123,0.3115115851415962,0.2677454946671571,0.4207429201912468,A,0.5203330348108757,0.4207429201912468,0.6532862208488633,0.8657332726927274,-0.21244705184386403
2024-25,2024-12-26,Wolves,Man United,5,2024-25,Independent Poisson,H,A,0.2676308760454037,0.2358195059298619,0.4965496180247344,H,4.44,4.01,1.8,0.2252252252252252,0.24937655860349128,0.5555555555555556,1.030157339384272,0.03015733938427201,0.21863186972957255,0.24207618493748184,0.5392919453329457,A,0.2676308760454037,0.21863186972957255,1.3181465760483886,1.520365923703323,-0.20221934765493432
2024-25,2024-12-27,Arsenal,Ipswich,5,2024-25,Independent Poisson,H,H,0.8368263208154154,0.1113200965917342,0.0518535825928504,H,1.13,9.25,23.5,0.8849557522123894,0.10810810810810811,0.0425531914893617,1.0356170518098593,0.0356170518098593,0.8545202598449185,0.10439004255402788,0.04108969760105353,H,0.8368263208154154,0.8545202598449185,0.17813873203682884,0.15721506711725097,0.020923664919577867
2024-25,2024-12-27,Brighton,Brentford,5,2024-25,Independent Poisson,D,H,0.4918914762214273,0.2339470061822628,0.2741615175963099,D,1.63,4.6,5.05,0.6134969325153374,0.2173913043478261,0.19801980198019803,1.0289080388433616,0.028908038843361572,0.596260218945315,0.2112835123654051,0.1924562686892799,H,0.2339470061822628,0.2112835123654051,1.4526606585790507,1.5545543869104779,-0.10189372833142718
2024-25,2024-12-29,Crystal Palace,Southampton,5,2024-25,Independent Poisson,H,H,0.7125121106531225,0.1870364434070481,0.1004514459398294,H,1.53,4.45,6.43,0.6535947712418301,0.2247191011235955,0.15552099533437014,1.0338348676997957,0.03383486769979571,0.6322042249320038,0.2173645986844867,0.15043117638350947,H,0.7125121106531225,0.6322042249320038,0.3389583695758946,0.45854279631879996,-0.11958442674290537
2024-25,2024-12-29,Everton,Nott'm Forest,5,2024-25,Independent Poisson,A,H,0.3977694464665647,0.2906486364787523,0.3115819170546831,A,2.71,3.07,3.0,0.36900369003690037,0.32573289902280134,0.3333333333333333,1.028069922393035,0.028069922393034963,0.35892859230622337,0.3168392459771549,0.3242321617166218,H,0.3115819170546831,0.3242321617166218,1.1660929992282814,1.1262954712800286,0.03979752794825275
2024-25,2024-12-29,Fulham,Bournemouth,5,2024-25,Independent Poisson,D,H,0.4912980035854646,0.2566824920663831,0.252019504348152,D,2.27,3.5,3.31,0.44052863436123346,0.2857142857142857,0.3021148036253776,1.0283577237008967,0.02835772370089673,0.4283807319264746,0.2778355032780278,0.29378376479549767,H,0.2566824920663831,0.2778355032780278,1.3599153973017641,1.2807260552510455,0.07918934205071859
2024-25,2024-12-29,Leicester,Man City,5,2024-25,Independent Poisson,A,A,0.1508720959250994,0.1946690088869999,0.6544588951879007,A,10.25,6.42,1.27,0.0975609756097561,0.1557632398753894,0.7874015748031495,1.040725790288295,0.04072579028829493,0.09374320932580177,0.14966789650926293,0.7565888941649355,A,0.6544588951879007,0.7565888941649355,0.42394649898422815,0.27893524549927273,0.14501125348495542
2024-25,2024-12-29,Tottenham,Wolves,5,2024-25,Independent Poisson,D,H,0.6675251917418791,0.1868947356987001,0.1455800725594208,D,1.68,4.64,4.6,0.5952380952380952,0.21551724137931036,0.2173913043478261,1.0281466409652318,0.028146640965231784,0.5789428001041576,0.2096172207273674,0.21143997916847496,H,0.1868947356987001,0.2096172207273674,1.6772097313233996,1.5624721699513806,0.11473756137201896
2024-25,2024-12-29,West Ham,Liverpool,5,2024-25,Independent Poisson,A,A,0.1584806175490135,0.1800255591483262,0.6614938233026603,A,7.75,5.5,1.39,0.12903225806451613,0.18181818181818182,0.7194244604316548,1.0302749003143528,0.03027490031435276,0.12524061104967849,0.1764754064790924,0.698283982471229,A,0.6614938233026603,0.698283982471229,0.413254632881665,0.35912940728348836,0.05412522559817662
2024-25,2024-12-30,Aston Villa,Brighton,5,2024-25,Independent Poisson,D,H,0.4346042160370359,0.2468902170124784,0.3185055669504859,D,1.86,3.89,4.25,0.5376344086021505,0.2570694087403599,0.23529411764705882,1.0299979349895692,0.029997934989569153,0.5219762004742224,0.24958245061235315,0.22844134891342444,H,0.2468902170124784,0.24958245061235315,1.3988115066947688,1.3879659550053938,0.010845551689375066
2024-25,2024-12-30,Ipswich,Chelsea,5,2024-25,Independent Poisson,H,A,0.2296073440825248,0.2380282332357595,0.5323644226817157,H,7.55,5.28,1.4,0.13245033112582782,0.1893939393939394,0.7142857142857143,1.0361299848054815,0.03612998480548146,0.12783177117559577,0.18278974855601288,0.6893784802683914,A,0.2296073440825248,0.12783177117559577,1.471384628626134,2.0570401671867375,-0.5856555385606035
2024-25,2024-12-30,Man United,Newcastle,5,2024-25,Independent Poisson,A,A,0.3251164700903385,0.2322206669868174,0.442662862922844,A,2.71,3.6,2.58,0.36900369003690037,0.2777777777777778,0.38759689922480617,1.0343783670394844,0.03437836703948438,0.35673956628949366,0.2685456179568133,0.374714815753693,A,0.442662862922844,0.374714815753693,0.8149468304455659,0.9815900336554312,-0.16664320320986525
2024-25,2025-01-01,Brentford,Arsenal,5,2024-25,Independent Poisson,A,A,0.1360906831906125,0.1663040669305374,0.69760524987885,A,6.0,4.5,1.56,0.16666666666666666,0.2222222222222222,0.641025641025641,1.0299145299145298,0.029914529914529808,0.16182572614107885,0.2157676348547718,0.6224066390041494,A,0.69760524987885,0.6224066390041494,0.36010188078659916,0.4741616393943992,-0.11405975860780004
2024-25,2025-01-04,Aston Villa,Leicester,5,2024-25,Independent Poisson,H,H,0.6767013243511539,0.1954885323072099,0.1278101433416361,H,1.34,5.69,8.32,0.7462686567164178,0.17574692442882248,0.12019230769230768,1.042207888837548,0.04220788883754789,0.7160458721424445,0.16862943210384457,0.11532469575371102,H,0.6767013243511539,0.7160458721424445,0.39052527867308684,0.33401104683565824,0.0565142318374286
2024-25,2025-01-04,Bournemouth,Everton,5,2024-25,Independent Poisson,H,H,0.492503887152363,0.260561357806653,0.246934755040984,H,1.7,3.97,5.23,0.5882352941176471,0.2518891687657431,0.19120458891013384,1.031329051793524,0.031329051793524076,0.5703662600163173,0.2442374413168109,0.18539629866687177,H,0.492503887152363,0.5703662600163173,0.7082529257059874,0.5614765630756106,0.14677636263037686
2024-25,2025-01-04,Brighton,Arsenal,5,2024-25,Independent Poisson,D,A,0.1973634088794016,0.213140268193952,0.5894963229266461,D,4.93,3.68,1.8,0.20283975659229211,0.2717391304347826,0.5555555555555556,1.0301344425826304,0.030134442582630427,0.19690610099761,0.2637899668256025,0.5393039321767874,A,0.213140268193952,0.2637899668256025,1.5458047938906347,1.332602072683758,0.21320272120687678
2024-25,2025-01-04,Crystal Palace,Chelsea,5,2024-25,Independent Poisson,D,A,0.3223347500578235,0.2489665149992876,0.4286987349428887,D,3.64,3.94,2.0,0.2747252747252747,0.25380710659898476,0.5,1.0285323813242595,0.028532381324259504,0.26710415706266777,0.2467662770832768,0.48612956585405537,A,0.2489665149992876,0.2467662770832768,1.3904368694749025,1.3993136369545267,-0.008876767479624181
2024-25,2025-01-04,Man City,West Ham,5,2024-25,Independent Poisson,H,H,0.8111508083145018,0.1255338773745807,0.0633153143109175,H,1.26,7.24,10.79,0.7936507936507936,0.13812154696132597,0.09267840593141799,1.0244507465435375,0.024450746543537516,0.77470859026512,0.13482497565387447,0.09046643408100567,H,0.8111508083145018,0.77470859026512,0.20930128862187772,0.25526833290037454,-0.04596704427849682
2024-25,2025-01-04,Southampton,Brentford,5,2024-25,Independent Poisson,A,A,0.1950278784938663,0.2287541450917018,0.5762179764144321,A,3.44,3.65,2.16,0.29069767441860467,0.273972602739726,0.4629629629629629,1.0276332401212938,0.027633240121293756,0.28288076238590043,0.2666054308513692,0.45051380676273023,A,0.5762179764144321,0.45051380676273023,0.5512692585982452,0.7973665547613533,-0.24609729616310816
2024-25,2025-01-04,Tottenham,Newcastle,5,2024-25,Independent Poisson,A,H,0.4751743467562711,0.2231452900181678,0.3016803632255611,A,3.9,4.69,1.79,0.25641025641025644,0.21321961620469082,0.5586592178770949,1.0282890904920423,0.028289090492042313,0.2493561964053928,0.2073537667336955,0.5432900368609116,A,0.3016803632255611,0.5432900368609116,1.1983872220233427,0.6101119637836556,0.5882752582396871
2024-25,2025-01-05,Fulham,Ipswich,5,2024-25,Independent Poisson,D,H,0.6220170045309941,0.2236944060535401,0.1542885894154658,D,1.59,4.2,6.15,0.6289308176100629,0.23809523809523808,0.16260162601626016,1.029627681721561,0.02962768172156105,0.6108332446525487,0.2312440140470363,0.15792274130041503,H,0.2236944060535401,0.2312440140470363,1.4974744172647902,1.4642817881266352,0.033192629138155016
2024-25,2025-01-05,Liverpool,Man United,5,2024-25,Independent Poisson,D,H,0.8007092306835408,0.1254031565513296,0.0738876127651295,D,1.36,5.55,8.55,0.7352941176470588,0.1801801801801802,0.11695906432748537,1.0324333621547244,0.032433362154724366,0.7121952317701884,0.17451991264999214,0.11328485557981945,H,0.1254031565513296,0.17451991264999214,2.07622147923944,1.7457164312425988,0.3305050479968412
2024-25,2025-01-06,Wolves,Nott'm Forest,5,2024-25,Independent Poisson,A,A,0.3371708796632616,0.2744698660535211,0.3883592542832175,A,4.01,3.54,2.01,0.24937655860349128,0.2824858757062147,0.49751243781094534,1.0293748721206515,0.029374872120651485,0.24226019631676246,0.2744246856582535,0.48331511802498384,A,0.3883592542832175,0.48331511802498384,0.9458244546509068,0.7270864197906547,0.21873803486025212
2024-25,2025-01-14,Brentford,Man City,5,2024-25,Independent Poisson,D,A,0.2566445469237928,0.2160582888125913,0.527297164263616,D,5.18,4.51,1.61,0.19305019305019305,0.22172949002217296,0.6211180124223602,1.035897695494726,0.0358976954947261,0.1863602881730476,0.21404574118323427,0.5995939706437182,A,0.2160582888125913,0.21404574118323427,1.5322070520886004,1.541565542953358,-0.009358490864757485
2024-25,2025-01-14,Chelsea,Bournemouth,5,2024-25,Independent Poisson,D,H,0.600381776385148,0.2132869473265209,0.1863312762883309,D,1.54,4.8,5.71,0.6493506493506493,0.20833333333333334,0.17513134851138354,1.0328153311953663,0.03281533119536628,0.6287190262746195,0.20171402092977378,0.16956695279560666,H,0.2132869473265209,0.20171402092977378,1.5451168493457503,1.6009043226562176,-0.055787473310467295
2024-25,2025-01-14,Nott'm Forest,Liverpool,5,2024-25,Independent Poisson,D,A,0.1728826144655378,0.1854652222937742,0.6416521632406877,D,5.7,4.3,1.62,0.17543859649122806,0.23255813953488372,0.6172839506172839,1.0252806866433957,0.025280686643395667,0.17111274871039056,0.22682387619749447,0.6020633750921149,A,0.1854652222937742,0.22682387619749447,1.6848878954074833,1.4835814384300903,0.20130645697739302
2024-25,2025-01-14,West Ham,Fulham,5,2024-25,Independent Poisson,H,H,0.4170032420479498,0.248609909663763,0.3343868482882872,H,3.22,3.3,2.42,0.3105590062111801,0.30303030303030304,0.4132231404958678,1.026812449737351,0.026812449737350974,0.30244959173471087,0.29511748041993,0.4024329278453591,A,0.4170032420479498,0.30244959173471087,0.8746612825182352,1.1958406542905617,-0.3211793717723266
2024-25,2025-01-15,Arsenal,Tottenham,5,2024-25,Independent Poisson,H,H,0.7380093773494153,0.1552690175757676,0.1067216050748171,H,1.38,5.35,8.2,0.7246376811594204,0.1869158878504673,0.12195121951219513,1.033504788522083,0.03350478852208294,0.7011459348878837,0.1808563346065943,0.11799773050552188,H,0.7380093773494153,0.7011459348878837,0.3037987480268685,0.3550392326043866,-0.051240484577518064
2024-25,2025-01-15,Everton,Aston Villa,5,2024-25,Independent Poisson,A,H,0.3840974590834772,0.2687966921964244,0.3471058487200982,A,3.55,3.13,2.35,0.28169014084507044,0.3194888178913738,0.425531914893617,1.0267108736300612,0.026710873630061194,0.27436170014360584,0.311177008150096,0.41446129170629814,A,0.3471058487200982,0.41446129170629814,1.0581255060111912,0.8807756942770196,0.17734981173417153
2024-25,2025-01-15,Leicester,Crystal Palace,5,2024-25,Independent Poisson,A,A,0.3325214660643478,0.2548194719473973,0.4126590619882548,A,4.07,3.63,1.97,0.24570024570024568,0.27548209366391185,0.5076142131979695,1.028796552562127,0.028796552562126987,0.2388229675618089,0.2677712060541494,0.49340582638404173,A,0.4126590619882548,0.49340582638404173,0.8851335427138218,0.7064232663144422,0.17871027639937964
2024-25,2025-01-15,Newcastle,Wolves,5,2024-25,Independent Poisson,H,H,0.6999612498554479,0.1813466484707094,0.1186921016738425,H,1.37,5.4,8.5,0.7299270072992701,0.18518518518518517,0.11764705882352941,1.0327592513079846,0.03275925130798463,0.7067736322621376,0.17931108818502378,0.11391527955283864,H,0.6999612498554479,0.7067736322621376,0.35673030282036705,0.34704484503024224,0.009685457790124807
2024-25,2025-01-16,Ipswich,Brighton,5,2024-25,Independent Poisson,A,A,0.3503626154386521,0.2524865538122036,0.3971508307491442,A,3.94,3.75,1.97,0.25380710659898476,0.26666666666666666,0.5076142131979695,1.028087986463621,0.028087986463620984,0.24687294272547727,0.2593811718235681,0.49374588545095455,A,0.3971508307491442,0.49374588545095455,0.9234391441284138,0.7057342960654168,0.21770484806299695
2024-25,2025-01-16,Man United,Southampton,5,2024-25,Independent Poisson,H,H,0.7618685692681886,0.1584703884304707,0.0796610423013407,H,1.29,6.1,11.0,0.7751937984496123,0.1639344262295082,0.09090909090909091,1.0300373155882114,0.030037315588211433,0.752588072993192,0.15915387117397012,0.08825805583283797,H,0.7618685692681886,0.752588072993192,0.2719812194474397,0.2842372486852996,-0.0122560292378599
2024-25,2025-01-18,Arsenal,Aston Villa,5,2024-25,Independent Poisson,D,H,0.7384279545670105,0.1665442858274811,0.0950277596055082,D,1.57,4.35,6.1,0.6369426751592356,0.2298850574712644,0.1639344262295082,1.0307621588600082,0.030762158860008215,0.6179337004995168,0.22302434707683713,0.15904195242364613,H,0.1665442858274811,0.22302434707683713,1.7924940239824667,1.5004743337649313,0.2920196902175354
2024-25,2025-01-18,Brentford,Liverpool,5,2024-25,Independent Poisson,A,A,0.1454810740018976,0.1652982410304207,0.6892206849676819,A,6.33,5.0,1.49,0.1579778830963665,0.2,0.6711409395973155,1.029118822693682,0.029118822693682045,0.1535079133844477,0.19434101834471076,0.6521510682708415,A,0.6892206849676819,0.6521510682708415,0.3721937617670175,0.42747904409183357,-0.055285282324816054
2024-25,2025-01-18,Leicester,Fulham,5,2024-25,Independent Poisson,A,A,0.3622231776728645,0.2671996803076057,0.3705771420195296,A,4.65,3.79,1.81,0.2150537634408602,0.2638522427440633,0.5524861878453039,1.0313921940302273,0.031392194030227305,0.20850823254781928,0.2558214462657942,0.5356703211863867,A,0.3705771420195296,0.5356703211863867,0.9926936453397824,0.6242363795594289,0.36845726578035354
2024-25,2025-01-18,Newcastle,Bournemouth,5,2024-25,Independent Poisson,A,H,0.6797413093067685,0.1936274779458037,0.1266312127474279,A,1.66,4.25,5.2,0.6024096385542169,0.23529411764705882,0.1923076923076923,1.030011448508968,0.030011448508967975,0.5848572260301163,0.22843835181411598,0.18670442215576785,H,0.1266312127474279,0.18670442215576785,2.066476253471364,1.6782285428244048,0.3882477106469593
2024-25,2025-01-18,West Ham,Crystal Palace,5,2024-25,Independent Poisson,A,H,0.385500017694797,0.2497638836749849,0.3647360986302181,A,2.86,3.32,2.66,0.3496503496503497,0.30120481927710846,0.37593984962406013,1.0267950185515184,0.026795018551518446,0.3405259504897046,0.29334464409655275,0.3661294054137425,A,0.3647360986302181,0.3661294054137425,1.0085812043542755,1.0047684413665343,0.003812762987741136
2024-25,2025-01-19,Everton,Tottenham,5,2024-25,Independent Poisson,H,A,0.3559145057895218,0.2606283551835301,0.383457139026948,H,2.56,3.51,2.85,0.390625,0.2849002849002849,0.3508771929824561,1.026402477882741,0.02640247788274097,0.3805768286976272,0.27757170412134635,0.3418514671810265,H,0.3559145057895218,0.3805768286976272,1.0330647292479065,0.9660672069570487,0.06699752229085776
2024-25,2025-01-19,Ipswich,Man City,5,2024-25,Independent Poisson,A,A,0.2129864688143601,0.2327752078521643,0.5542383233334754,A,8.5,5.5,1.37,0.11764705882352941,0.18181818181818182,0.7299270072992701,1.0293922479409812,0.029392247940981164,0.11428788108600031,0.17662672531472778,0.709085393599272,A,0.5542383233334754,0.709085393599272,0.5901604982160282,0.34377931739051215,0.24638118082551608
2024-25,2025-01-19,Man United,Brighton,5,2024-25,Independent Poisson,A,H,0.5104804544014165,0.2451322127769793,0.2443873328216042,A,2.34,3.45,3.25,0.4273504273504274,0.2898550724637681,0.3076923076923077,1.0248978075065032,0.024897807506503167,0.41696881798404645,0.2828136330674402,0.30021754894851344,H,0.2443873328216042,0.30021754894851344,1.4090008827267393,1.2032479039679873,0.20575297875875198
2024-25,2025-01-19,Nott'm Forest,Southampton,5,2024-25,Independent Poisson,H,H,0.6828919425094556,0.1973639021989569,0.1197441552915874,H,1.37,5.15,9.23,0.7299270072992701,0.1941747572815534,0.10834236186348863,1.032444126444312,0.03244412644431205,0.7069893552623555,0.18807289644843245,0.10493774828921204,H,0.6828919425094556,0.7069893552623555,0.38141864201652803,0.34673966940491363,0.0346789726116144
2024-25,2025-01-20,Chelsea,Wolves,5,2024-25,Independent Poisson,H,H,0.7001027886563973,0.1815972862627966,0.1182999250808059,H,1.44,5.25,6.8,0.6944444444444444,0.19047619047619047,0.14705882352941177,1.0319794584500466,0.03197945845004657,0.6729246776747343,0.18457362587649853,0.14250169644876726,H,0.7001027886563973,0.6729246776747343,0.35652811378109717,0.396121875846513,-0.039593762065415816
2024-25,2025-01-25,Bournemouth,Nott'm Forest,5,2024-25,Independent Poisson,H,H,0.4178968618495696,0.2731605308250265,0.3089426073254038,H,1.97,3.73,3.94,0.5076142131979695,0.2680965147453083,0.25380710659898476,1.0295178345422626,0.029517834542262644,0.49306014540647713,0.2604097818902842,0.24653007270323857,H,0.4178968618495696,0.49306014540647713,0.8725206188898686,0.7071241135845951,0.1653965053052735
2024-25,2025-01-25,Brighton,Everton,5,2024-25,Independent Poisson,A,H,0.5543493406715886,0.2375496369977871,0.2081010223306242,A,1.74,3.69,5.42,0.5747126436781609,0.2710027100271003,0.18450184501845018,1.0302171987237114,0.030217198723711425,0.5578558039898246,0.26305395635292544,0.17909023965724996,H,0.2081010223306242,0.17909023965724996,1.5697316329054074,1.7198654680099015,-0.15013383510449407
2024-25,2025-01-25,Liverpool,Ipswich,5,2024-25,Independent Poisson,H,H,0.8838775064133783,0.0832194688587339,0.0329030247278878,H,1.1,12.25,24.5,0.9090909090909091,0.08163265306122448,0.04081632653061224,1.0315398886827458,0.03153988868274582,0.8812949640287769,0.07913669064748201,0.039568345323741004,H,0.8838775064133783,0.8812949640287769,0.12343679335152424,0.12636290314591012,-0.0029261097943858727
2024-25,2025-01-25,Man City,Chelsea,5,2024-25,Independent Poisson,H,H,0.6264708750008473,0.1999556753282736,0.173573449670879,H,2.39,3.89,2.85,0.41841004184100417,0.2570694087403599,0.3508771929824561,1.0263566435638203,0.02635664356382028,0.407665351478759,0.2504679151758956,0.3418667333453453,H,0.6264708750008473,0.407665351478759,0.46765299415305533,0.8973086581037837,-0.42965566395072835
2024-25,2025-01-25,Southampton,Newcastle,5,2024-25,Independent Poisson,A,A,0.1456976684146328,0.1879567609169857,0.6663455706683813,A,6.62,5.04,1.47,0.1510574018126888,0.1984126984126984,0.6802721088435374,1.0297422090689246,0.029742209068924552,0.1466943866943867,0.19268191268191268,0.6606237006237007,A,0.6663455706683813,0.6606237006237007,0.4059468681333201,0.4145708892489533,-0.008624021115633207
2024-25,2025-01-25,Wolves,Arsenal,5,2024-25,Independent Poisson,A,A,0.1245437394354524,0.1726472983268521,0.7028089622376954,A,5.93,4.15,1.61,0.16863406408094436,0.24096385542168672,0.6211180124223602,1.0307159319249912,0.030715931924991224,0.16360867127182085,0.2337829929257584,0.6026083358024208,A,0.7028089622376954,0.6026083358024208,0.3526701705625475,0.5064878193208407,-0.15381764875829324
2024-25,2025-01-26,Aston Villa,West Ham,5,2024-25,Independent Poisson,D,H,0.6449815463588287,0.1999360352845695,0.1550824183566017,D,1.47,4.9,6.9,0.6802721088435374,0.2040816326530612,0.14492753623188406,1.0292812777284828,0.02928127772848277,0.660919540229885,0.19827586206896547,0.14080459770114942,H,0.1999360352845695,0.19827586206896547,1.6097577871657205,1.6180959751772153,-0.008338188011494774
2024-25,2025-01-26,Crystal Palace,Brentford,5,2024-25,Independent Poisson,A,H,0.5176489509909119,0.2286525396096996,0.2536985093993882,A,1.97,3.8,3.84,0.5076142131979695,0.2631578947368421,0.2604166666666667,1.0311887746014783,0.031188774601478286,0.49226118990108897,0.2551985642381961,0.25254024586071494,H,0.2536985093993882,0.25254024586071494,1.37160868784001,1.376184653420501,-0.004575965580490893
2024-25,2025-01-26,Fulham,Man United,5,2024-25,Independent Poisson,A,H,0.5053826142496267,0.232746618954216,0.261870766796157,A,2.4,3.55,3.03,0.4166666666666667,0.28169014084507044,0.33003300330033003,1.028389810812067,0.02838981081206704,0.40516413356686826,0.2739137804395729,0.320922085993559,H,0.261870766796157,0.320922085993559,1.339904153415265,1.1365569080755566,0.20334724533970827
2024-25,2025-01-26,Tottenham,Leicester,5,2024-25,Independent Poisson,A,H,0.7054420019284962,0.1779677677618438,0.11659023030966,A,1.51,5.05,5.85,0.6622516556291391,0.19801980198019803,0.17094017094017094,1.031211628549508,0.031211628549508097,0.6422073193265437,0.19202634696694673,0.16576633370650956,H,0.11659023030966,0.16576633370650956,2.1490897966579805,1.7971761105389938,0.35191368611898666
2024-25,2025-02-01,Bournemouth,Liverpool,5,2024-25,Independent Poisson,A,A,0.2023777082205503,0.2078471380689975,0.5897751537104523,A,4.66,4.26,1.72,0.2145922746781116,0.2347417840375587,0.5813953488372093,1.0307294075528797,0.030729407552879673,0.2081945786213559,0.22774336534636583,0.5640620560322782,A,0.5897751537104523,0.5640620560322782,0.5280139101236938,0.5725910051107362,-0.04457709498704243
2024-25,2025-02-01,Everton,Leicester,5,2024-25,Independent Poisson,H,H,0.510285786926594,0.2516166870779051,0.2380975259955008,H,1.96,3.34,4.53,0.5102040816326531,0.29940119760479045,0.22075055187637968,1.0303558311138232,0.03035583111382323,0.49517270269739555,0.2905803884092501,0.21424690889335435,H,0.510285786926594,0.49517270269739555,0.6727843436877231,0.7028486829247506,-0.03006433923702745
2024-25,2025-02-01,Ipswich,Southampton,5,2024-25,Independent Poisson,A,H,0.5524233987797976,0.237841576203987,0.2097350250162153,A,1.91,3.75,4.18,0.5235602094240838,0.26666666666666666,0.23923444976076558,1.029461325851516,0.02946132585151595,0.5085768608072989,0.2590351477711842,0.23238799142151698,H,0.2097350250162153,0.23238799142151698,1.5619103306235005,1.4593469273638795,0.10256340325962099
2024-25,2025-02-01,Newcastle,Fulham,5,2024-25,Independent Poisson,A,H,0.5852360280988891,0.2207868241686805,0.1939771477324302,A,1.77,3.82,4.91,0.5649717514124294,0.2617801047120419,0.20366598778004072,1.030417843904512,0.030417843904511965,0.5482938351218857,0.25405237910097844,0.19765378577713594,H,0.1939771477324302,0.19765378577713594,1.6400149220508664,1.621238335478349,0.01877658657251735
2024-25,2025-02-01,Nott'm Forest,Brighton,5,2024-25,Independent Poisson,H,H,0.3979329633209018,0.2499959683930774,0.3520710682860211,H,2.68,3.45,2.74,0.3731343283582089,0.2898550724637681,0.36496350364963503,1.027952904471612,0.027952904471612028,0.3629877660105521,0.2819731051908057,0.35503912879864225,H,0.3979329633209018,0.3629877660105521,0.9214717217513572,1.0133861477354964,-0.09191442598413924
2024-25,2025-02-01,Wolves,Aston Villa,5,2024-25,Independent Poisson,H,A,0.2768628672002003,0.2555235672834862,0.4676135655163135,H,3.32,3.48,2.28,0.30120481927710846,0.28735632183908044,0.4385964912280702,1.027157632344259,0.027157632344259053,0.2932410856838744,0.2797587369167997,0.42700017739932594,A,0.2768628672002003,0.2932410856838744,1.2842329596387734,1.2267601902605507,0.057472769378222655
2024-25,2025-02-02,Arsenal,Man City,5,2024-25,Independent Poisson,H,H,0.4520098662073755,0.2276782216720657,0.3203119121205586,H,1.91,4.17,3.77,0.5235602094240838,0.23980815347721823,0.26525198938992045,1.0286203522912225,0.028620352291222506,0.5089926601761946,0.23313572684329298,0.2578716129805124,H,0.4520098662073755,0.5089926601761946,0.7940512714957072,0.6753216826216465,0.11872958887406071
2024-25,2025-02-02,Brentford,Tottenham,5,2024-25,Independent Poisson,A,H,0.4326427368135601,0.2401539396440278,0.3272033235424119,A,1.97,4.21,3.51,0.5076142131979695,0.23752969121140144,0.2849002849002849,1.030044189309656,0.03004418930965591,0.49280819062546893,0.2306014573710627,0.2765903520034683,H,0.3272033235424119,0.2765903520034683,1.1171735167794237,1.2852177410414283,-0.1680442242620046
2024-25,2025-02-02,Man United,Crystal Palace,5,2024-25,Independent Poisson,A,H,0.4739862261629592,0.2482892220287545,0.2777245518082861,A,1.78,3.73,4.97,0.5617977528089888,0.2680965147453083,0.2012072434607646,1.0311015110150616,0.031101511015061645,0.544852031354246,0.26000981657119515,0.19513815207455892,H,0.2777245518082861,0.19513815207455892,1.2811254773124445,1.6340474990891058,-0.3529220217766613
2024-25,2025-02-03,Chelsea,West Ham,5,2024-25,Independent Poisson,H,H,0.7396923219208662,0.1581006615006772,0.1022070165784564,H,1.29,6.55,9.45,0.7751937984496123,0.15267175572519084,0.10582010582010583,1.0336856599949091,0.033685659994909134,0.7499318491594729,0.14769650159018627,0.10237164925034076,H,0.7396923219208662,0.7499318491594729,0.30152096043290516,0.2877729443678779,0.013748016065027235
2024-25,2025-02-12,Everton,Liverpool,5,2024-25,Independent Poisson,D,A,0.1794619962335882,0.208531349321042,0.61200665444537,D,7.9,4.65,1.45,0.12658227848101264,0.2150537634408602,0.6896551724137931,1.031291214335666,0.03129121433566606,0.12274154644336228,0.2085286487962499,0.6687298047603878,A,0.208531349321042,0.2085286487962499,1.567665892589843,1.5676788428838262,-1.2950293983182704e-05
2024-25,2025-02-14,Brighton,Chelsea,5,2024-25,Independent Poisson,H,A,0.3685463476097057,0.2571969236116229,0.3742567287786714,H,2.95,3.78,2.36,0.3389830508474576,0.2645502645502646,0.42372881355932207,1.0272621289570443,0.027262128957044274,0.3299869052815364,0.257529463116543,0.4124836316019206,A,0.3685463476097057,0.3299869052815364,0.9981888015581872,1.1087023062739627,-0.11051350471577548
2024-25,2025-02-15,Aston Villa,Ipswich,5,2024-25,Independent Poisson,D,H,0.6894920868395025,0.18884517121018,0.1216627419503174,D,1.44,4.99,7.41,0.6944444444444444,0.2004008016032064,0.1349527665317139,1.0297980125793647,0.029798012579364652,0.6743501501862967,0.19460204734835013,0.13104780246535322,H,0.18884517121018,0.19460204734835013,1.6668277995962728,1.636798588482132,0.030029211114140697
2024-25,2025-02-15,Crystal Palace,Everton,5,2024-25,Independent Poisson,A,H,0.43260445616675,0.2555985726355018,0.3117969711977482,A,2.0,3.25,4.53,0.5,0.3076923076923077,0.22075055187637968,1.0284428595686874,0.028442859568687417,0.48617188144968215,0.2991826962767275,0.21464542227359035,H,0.3117969711977482,0.21464542227359035,1.1654030363320425,1.538767811007229,-0.3733647746751865
2024-25,2025-02-15,Fulham,Nott'm Forest,5,2024-25,Independent Poisson,H,H,0.418593745036934,0.2580129124441986,0.3233933425188673,H,2.12,3.55,3.63,0.4716981132075471,0.28169014084507044,0.27548209366391185,1.0288703477165293,0.0288703477165293,0.4584621514794668,0.2737858482074563,0.26775200031307705,H,0.418593745036934,0.4584621514794668,0.8708544116596766,0.7798775392655299,0.09097687239414665
2024-25,2025-02-15,Leicester,Arsenal,5,2024-25,Independent Poisson,A,A,0.0940228414404543,0.1503831844312533,0.7555939741282922,A,10.15,5.52,1.33,0.09852216748768472,0.1811594202898551,0.7518796992481203,1.03156128702566,0.03156128702566008,0.09550781783577536,0.1756167302596232,0.7288754519046015,A,0.7555939741282922,0.7288754519046015,0.28025111833590477,0.316252409437126,-0.036001291101221244
2024-25,2025-02-15,Man City,Newcastle,5,2024-25,Independent Poisson,H,H,0.7332236884415598,0.156077396613563,0.1106989149448771,H,2.09,4.07,3.29,0.47846889952153115,0.24570024570024568,0.303951367781155,1.0281205130029318,0.028120513002931835,0.46538211568604965,0.23898000535229572,0.2956378789616546,H,0.7332236884415598,0.46538211568604965,0.31030445524394457,0.7648964566863283,-0.45459200144238376
2024-25,2025-02-15,Southampton,Bournemouth,5,2024-25,Independent Poisson,A,A,0.1375738156369177,0.1814616470679639,0.6809645372951184,A,6.32,4.79,1.51,0.1582278481012658,0.20876826722338204,0.6622516556291391,1.0292477709537868,0.029247770953786834,0.15373154313915946,0.20283577299363004,0.6434326838672106,A,0.6809645372951184,0.6434326838672106,0.38424504864505377,0.440937866792862,-0.056692818147808244
2024-25,2025-02-15,West Ham,Brentford,5,2024-25,Independent Poisson,A,H,0.393512292824439,0.2379014809258991,0.3685862262496619,A,2.4,3.71,2.93,0.4166666666666667,0.2695417789757412,0.341296928327645,1.0275053739700528,0.027505373970052815,0.4055128831655246,0.26232639342244174,0.33216072341203373,H,0.3685862262496619,0.33216072341203373,0.9980806021883335,1.102136320544722,-0.1040557183563886
2024-25,2025-02-16,Liverpool,Wolves,5,2024-25,Independent Poisson,H,H,0.8798037517694253,0.081656771831872,0.0385394763987027,H,1.23,7.1,12.75,0.8130081300813008,0.14084507042253522,0.0784313725490196,1.0322845730528556,0.03228457305285559,0.7875814008117243,0.13644015816879168,0.07597844101948399,H,0.8798037517694253,0.7875814008117243,0.12805640573309407,0.23878854751413103,-0.11073214178103696
2024-25,2025-02-16,Tottenham,Man United,5,2024-25,Independent Poisson,H,H,0.5591993466883118,0.2229748628417912,0.2178257904698969,H,2.21,3.9,3.13,0.45248868778280543,0.25641025641025644,0.3194888178913738,1.0283877620844357,0.02838776208443572,0.43999812567358604,0.2493322712150321,0.3106696031113818,H,0.5591993466883118,0.43999812567358604,0.5812492563602293,0.8209848119116623,-0.239735555551433
2024-25,2025-02-19,Aston Villa,Liverpool,5,2024-25,Independent Poisson,D,A,0.1888384659584927,0.2077110097323505,0.6034505243091569,D,3.97,4.04,1.88,0.2518891687657431,0.24752475247524752,0.5319148936170213,1.031328814858012,0.03132881485801198,0.24423749742745418,0.24000565960074086,0.5157568429718048,A,0.2077110097323505,0.24000565960074086,1.571607541645763,1.4270927742484354,0.14451476739732771
2024-25,2025-02-21,Leicester,Brentford,5,2024-25,Independent Poisson,A,A,0.2833425927860437,0.2534982302019259,0.4631591770120302,A,3.74,3.86,1.99,0.267379679144385,0.2590673575129534,0.5025125628140703,1.0289595994714087,0.028959599471408692,0.2598543998051447,0.25177602468166876,0.48836957551318655,A,0.4631591770120302,0.48836957551318655,0.7696844891374105,0.7166828328849963,0.05300165625241415
2024-25,2025-02-22,Arsenal,West Ham,5,2024-25,Independent Poisson,A,H,0.8254197853857415,0.113579725391589,0.0610004892226695,A,1.29,5.82,12.73,0.7751937984496123,0.1718213058419244,0.07855459544383346,1.02556969973537,0.025569699735370044,0.7558665185307613,0.16753742421042647,0.07659605725881241,H,0.0610004892226695,0.07659605725881241,2.796873394797224,2.5692096753773814,0.22766371941984254
2024-25,2025-02-22,Aston Villa,Chelsea,5,2024-25,Independent Poisson,H,H,0.5877810999472824,0.2226583683079245,0.1895605317447929,H,2.68,3.61,2.65,0.3731343283582089,0.2770083102493075,0.37735849056603776,1.027501129173554,0.027501129173554073,0.36314736574385137,0.26959416625859334,0.3672584679975554,A,0.5877810999472824,0.36314736574385137,0.5314006793977609,1.0129465608627783,-0.4815458814650174
2024-25,2025-02-22,Bournemouth,Wolves,5,2024-25,Independent Poisson,A,H,0.6279604629193796,0.2063526682224338,0.1656868688581864,A,1.66,4.21,5.27,0.6024096385542169,0.23752969121140144,0.18975332068311196,1.0296926504487303,0.029692650448730262,0.5850383007897478,0.23068018510949675,0.18428151410075547,H,0.1656868688581864,0.18428151410075547,1.7976556041702565,1.6912907226427942,0.10636488152746226
2024-25,2025-02-22,Everton,Man United,5,2024-25,Independent Poisson,D,H,0.4340660110649322,0.2588201764206694,0.3071138125143983,D,2.67,3.15,2.97,0.37453183520599254,0.31746031746031744,0.33670033670033667,1.0286924893666467,0.0286924893666467,0.36408532100451824,0.30860565304192494,0.32730902595355676,H,0.2588201764206694,0.30860565304192494,1.3516217579542367,1.1756910208737235,0.1759307370805132
2024-25,2025-02-22,Fulham,Crystal Palace,5,2024-25,Independent Poisson,A,H,0.4441563959001732,0.2541314681501605,0.3017121359496663,A,2.1,3.49,3.77,0.47619047619047616,0.28653295128939826,0.26525198938992045,1.0279754168697948,0.027975416869794767,0.46323138508553585,0.27873521738671214,0.2580333975277521,H,0.3017121359496663,0.2580333975277521,1.1982819084035081,1.3546662546561759,-0.15638434625266773
2024-25,2025-02-22,Ipswich,Tottenham,5,2024-25,Independent Poisson,A,A,0.2185598600866793,0.215524301341292,0.5659158385720285,A,3.42,3.85,2.1,0.29239766081871343,0.2597402597402597,0.47619047619047616,1.0283283967494494,0.028328396749449425,0.28434268833087145,0.2525849335302806,0.46307237813884783,A,0.5659158385720285,0.46307237813884783,0.56930990693759,0.7698719128392997,-0.2005620059017097
2024-25,2025-02-22,Southampton,Brighton,5,2024-25,Independent Poisson,A,A,0.1712960114876534,0.2065479665375933,0.6221560219747532,A,5.83,4.51,1.57,0.17152658662092624,0.22172949002217296,0.6369426751592356,1.0301987518023348,0.030198751802334778,0.16649853857892968,0.21522981816300668,0.6182716432580637,A,0.6221560219747532,0.6182716432580637,0.4745643785101406,0.4808273659017006,-0.006262987391560004
2024-25,2025-02-23,Man City,Liverpool,5,2024-25,Independent Poisson,A,H,0.496898819403884,0.2245363318732083,0.2785648487229077,A,3.24,3.87,2.21,0.30864197530864196,0.25839793281653745,0.45248868778280543,1.0195285959079847,0.019528595907984725,0.30273008187059985,0.25344844063585104,0.44382147749354917,A,0.2785648487229077,0.44382147749354917,1.278104396727663,0.8123328751220633,0.46577152160559976
2024-25,2025-02-23,Newcastle,Nott'm Forest,5,2024-25,Independent Poisson,H,H,0.4701293990784474,0.2438855425012319,0.2859850584203206,H,1.92,3.88,4.01,0.5208333333333334,0.2577319587628866,0.24937655860349128,1.0279418506997113,0.027941850699711335,0.5066758717711576,0.2507262045877893,0.242597923641053,H,0.4701293990784474,0.5066758717711576,0.754747304982669,0.6798837860055703,0.07486351897709864
2024-25,2025-02-25,Brighton,Bournemouth,5,2024-25,Independent Poisson,H,H,0.4881410093806531,0.2447413987707,0.267117591848647,H,2.01,3.92,3.63,0.49751243781094534,0.25510204081632654,0.27548209366391185,1.028096572291184,0.028096572291183897,0.48391605537814864,0.2481304263546119,0.2679535182672393,H,0.4881410093806531,0.48391605537814864,0.717150961219176,0.7258438266091861,-0.00869286539001013
2024-25,2025-02-25,Chelsea,Southampton,5,2024-25,Independent Poisson,H,H,0.8094761321349735,0.1298801268841659,0.0606437409808605,H,1.18,8.25,16.0,0.8474576271186441,0.12121212121212122,0.0625,1.0311697483307654,0.031169748330765357,0.8218410484699437,0.117548174205398,0.06061077732465834,H,0.8094761321349735,0.8218410484699437,0.21136799099959466,0.19620827431573928,0.015159716683855379
2024-25,2025-02-25,Crystal Palace,Aston Villa,5,2024-25,Independent Poisson,H,H,0.4900910760933514,0.2508472911478772,0.2590616327587713,H,2.27,3.55,3.26,0.44052863436123346,0.28169014084507044,0.3067484662576687,1.0289672414639726,0.02896724146397256,0.4281269768457034,0.2737600668844357,0.29811295626986095,H,0.4900910760933514,0.4281269768457034,0.7131640355708065,0.8483354525264896,-0.13517141695568302
2024-25,2025-02-25,Wolves,Fulham,5,2024-25,Independent Poisson,A,H,0.3648691480586067,0.2826736852101407,0.3524571667312526,A,2.42,3.31,3.2,0.4132231404958678,0.3021148036253776,0.3125,1.0278379441212455,0.027837944121245517,0.4020314124997153,0.2939323317973749,0.3040362557029097,H,0.3524571667312526,0.3040362557029097,1.042826176932236,1.1906083225064599,-0.14778214557422387
2024-25,2025-02-26,Brentford,Everton,5,2024-25,Independent Poisson,D,H,0.4633046478323828,0.2572808819496697,0.2794144702179473,D,2.03,3.68,3.8,0.4926108374384237,0.2717391304347826,0.2631578947368421,1.0275078626100485,0.02750786261004845,0.47942293715116363,0.2644642832654516,0.25611277958338474,H,0.2572808819496697,0.2644642832654516,1.3575868650213938,1.3300490717150442,0.027537793306349645
2024-25,2025-02-26,Liverpool,Newcastle,5,2024-25,Independent Poisson,H,H,0.8329353894109629,0.1089862500696163,0.0580783605194209,H,1.37,5.65,8.0,0.7299270072992701,0.17699115044247787,0.125,1.031918157741748,0.031918157741748,0.7073497077487656,0.1715166547992582,0.12113363745197611,H,0.8329353894109629,0.7073497077487656,0.18279920355585366,0.34623009924082526,-0.1634308956849716
2024-25,2025-02-26,Man United,Ipswich,5,2024-25,Independent Poisson,H,H,0.6455980215989697,0.2030902702506161,0.1513117081504141,H,1.52,4.52,6.65,0.6578947368421053,0.22123893805309736,0.15037593984962405,1.0295096147448266,0.029509614744826607,0.639037001131039,0.21489739861043788,0.1460656002585232,H,0.6455980215989697,0.639037001131039,0.4375782264688726,0.44779292153760714,-0.010214695068734514
2024-25,2025-02-26,Nott'm Forest,Arsenal,5,2024-25,Independent Poisson,D,A,0.2976162114589923,0.2367236656214803,0.4656601229195273,D,4.37,3.45,1.96,0.22883295194508008,0.2898550724637681,0.5102040816326531,1.0288921060415013,0.028892106041501275,0.22240714123609953,0.2817157122323928,0.49587714653150766,A,0.2367236656214803,0.2817157122323928,1.440861785958198,1.266856829182442,0.174004956775756
2024-25,2025-02-26,Tottenham,Man City,5,2024-25,Independent Poisson,A,A,0.2621466777221273,0.2145127310989972,0.5233405911788753,A,3.96,4.19,1.85,0.25252525252525254,0.2386634844868735,0.5405405405405405,1.0317292775526665,0.031729277552666524,0.24475921932181663,0.23132374904878134,0.523917031629402,A,0.5233405911788753,0.523917031629402,0.6475228009093934,0.6464219437827661,0.0011008571266273304
2024-25,2025-02-27,West Ham,Leicester,5,2024-25,Independent Poisson,H,H,0.6074603685849735,0.2218988806023789,0.1706407508126474,H,1.79,3.79,4.83,0.5586592178770949,0.2638522427440633,0.20703933747412007,1.0295507980952783,0.029550798095278275,0.5426242385617525,0.2562789939381364,0.20109676750011116,H,0.6074603685849735,0.5426242385617525,0.49846834279261537,0.6113382086128412,-0.11286986582022579
2024-25,2025-03-08,Brentford,Aston Villa,5,2024-25,Independent Poisson,A,H,0.4960672572903358,0.2455370974366918,0.2583956452729723,A,2.15,3.96,3.21,0.46511627906976744,0.25252525252525254,0.3115264797507788,1.0291680113457988,0.029168011345798828,0.45193425557558364,0.24536834583017803,0.3026973985942383,H,0.2583956452729723,0.3026973985942383,1.3532633598744739,1.1950216569978735,0.15824170287660033
2024-25,2025-03-08,Brighton,Fulham,5,2024-25,Independent Poisson,H,H,0.5161532615116676,0.2471691783714428,0.2366775601168894,H,2.01,3.55,4.0,0.49751243781094534,0.28169014084507044,0.25,1.0292025786560157,0.02920257865601572,0.483396027301663,0.2736974689792514,0.24290650371908562,H,0.5161532615116676,0.483396027301663,0.6613515391683524,0.7269190289888434,-0.06556748982049099
2024-25,2025-03-08,Crystal Palace,Ipswich,5,2024-25,Independent Poisson,H,H,0.6675438543873151,0.1897537040163952,0.1427024415962897,H,1.57,4.21,6.39,0.6369426751592356,0.23752969121140144,0.1564945226917058,1.030966889062343,0.030966889062342906,0.6178109907472688,0.23039507255895775,0.15179393669377342,H,0.6675438543873151,0.6178109907472688,0.4041501914091954,0.48157270851787837,-0.07742251710868298
2024-25,2025-03-08,Liverpool,Southampton,5,2024-25,Independent Poisson,H,H,0.9579646586447697,0.0321568219677722,0.009878519387458,H,1.11,11.5,26.0,0.9009009009009008,0.08695652173913043,0.038461538461538464,1.0263189611015697,0.026318961101569727,0.8777981651376147,0.08472660550458716,0.03747522935779817,H,0.9579646586447697,0.8777981651376147,0.04294439245922144,0.1303385920268221,-0.08739419956760067
2024-25,2025-03-08,Nott'm Forest,Man City,5,2024-25,Independent Poisson,H,A,0.293531200529743,0.225213984053289,0.4812548154169677,H,3.91,3.87,1.94,0.2557544757033248,0.25839793281653745,0.5154639175257733,1.0296163260456357,0.029616326045635688,0.24839784416160182,0.25096526373949946,0.5006368920988985,A,0.293531200529743,0.24839784416160182,1.2257713403222525,1.3927236078590186,-0.16695226753676606
2024-25,2025-03-08,Wolves,Everton,5,2024-25,Independent Poisson,D,A,0.344827700247426,0.2748022514990859,0.3803700482534878,D,2.88,3.0,2.88,0.3472222222222222,0.3333333333333333,0.3472222222222222,1.0277777777777777,0.02777777777777768,0.3378378378378379,0.32432432432432434,0.3378378378378379,H,0.2748022514990859,0.32432432432432434,1.2917035254393925,1.126011262856224,0.1656922625831685
2024-25,2025-03-09,Chelsea,Leicester,5,2024-25,Independent Poisson,H,H,0.8069126630220801,0.1289740772106996,0.0641132597672201,H,1.24,6.85,13.0,0.8064516129032259,0.14598540145985403,0.07692307692307693,1.029360091286157,0.02936009128615691,0.7834494650900901,0.141821509009009,0.0747290259009009,H,0.8069126630220801,0.7834494650900901,0.21453984082897987,0.24404871819397955,-0.029508877364999686
2024-25,2025-03-09,Man United,Arsenal,5,2024-25,Independent Poisson,D,A,0.189850429990621,0.2146007010072597,0.5955488690021192,D,5.05,3.72,1.78,0.19801980198019803,0.26881720430107525,0.5617977528089888,1.028634759090262,0.02863475909026203,0.1925073989871092,0.261333969055081,0.5461586319578098,A,0.2146007010072597,0.261333969055081,1.5389761822146408,1.3419561146940693,0.19702006752057155
2024-25,2025-03-09,Tottenham,Bournemouth,5,2024-25,Independent Poisson,D,H,0.4382190942676333,0.2474496855134821,0.3143312202188845,D,2.86,3.83,2.4,0.3496503496503497,0.2610966057441253,0.4166666666666667,1.0274136220611416,0.027413622061141618,0.34032092055476165,0.25412998245081414,0.40554909699442426,A,0.2474496855134821,0.25412998245081414,1.3965480084943966,1.3699094009265096,0.02663860756788705
2024-25,2025-03-10,West Ham,Newcastle,5,2024-25,Independent Poisson,A,A,0.3435651025465593,0.2566057044008899,0.3998291930525507,A,3.39,3.55,2.22,0.2949852507374631,0.28169014084507044,0.4504504504504504,1.027125842032984,0.02712584203298407,0.2871948486405527,0.274250855462387,0.4385542958970602,A,0.3998291930525507,0.4385542958970602,0.9167178404406578,0.8242716529490841,0.09244618749157374
2024-25,2025-03-15,Bournemouth,Brentford,5,2024-25,Independent Poisson,A,H,0.4639967758761414,0.2523338530319337,0.2836693710919249,A,1.76,4.35,4.32,0.5681818181818182,0.2298850574712644,0.23148148148148145,1.029548357134564,0.02954835713456405,0.5518748237947562,0.2232872850296025,0.22483789117564135,H,0.2836693710919249,0.22483789117564135,1.2599459053082478,1.4923756201146223,-0.23242971480637453
2024-25,2025-03-15,Everton,West Ham,5,2024-25,Independent Poisson,D,H,0.4754223749529449,0.2524731580132041,0.2721044670338509,D,2.12,3.31,3.92,0.4716981132075471,0.3021148036253776,0.25510204081632654,1.0289149576492513,0.02891495764925134,0.4584422742626171,0.2936246590443348,0.24793306669304804,H,0.2524731580132041,0.2936246590443348,1.3764503408156903,1.2254529971979964,0.1509973436176939
2024-25,2025-03-15,Ipswich,Nott'm Forest,5,2024-25,Independent Poisson,A,A,0.1508904731796657,0.1868398836045102,0.6622696432158238,A,3.99,3.58,2.0,0.2506265664160401,0.27932960893854747,0.5,1.0299561753545876,0.02995617535458761,0.24333711706690409,0.27120533438462213,0.48545754854847367,A,0.6622696432158238,0.48545754854847367,0.41208248993979923,0.7226634336968599,-0.3105809437570607
2024-25,2025-03-15,Man City,Brighton,5,2024-25,Independent Poisson,D,H,0.6795238602458278,0.1816115437391519,0.1388645960150203,D,1.83,3.99,4.3,0.5464480874316939,0.2506265664160401,0.23255813953488372,1.0296327933826177,0.029632793382617706,0.5307213318609119,0.243413543184328,0.2258651249547602,H,0.1816115437391519,0.243413543184328,1.7058852479896804,1.4129934582990502,0.29289178969063023
2024-25,2025-03-15,Southampton,Wolves,5,2024-25,Independent Poisson,A,A,0.2098636336237936,0.2322784118558453,0.5578579545203609,A,3.97,3.43,2.07,0.2518891687657431,0.29154518950437314,0.48309178743961356,1.0265261457097297,0.026526145709729665,0.24538017839924522,0.2840114601297386,0.47060836147101626,A,0.5578579545203609,0.47060836147101626,0.5836509107986466,0.7537290351650008,-0.17007812436635417
2024-25,2025-03-16,Arsenal,Chelsea,5,2024-25,Independent Poisson,H,H,0.604128035053813,0.2088223631634411,0.187049601782746,H,1.73,3.74,5.39,0.5780346820809249,0.267379679144385,0.1855287569573284,1.0309431181826383,0.030943118182638285,0.5606853296619244,0.2593544439345265,0.17996022640354903,H,0.604128035053813,0.5606853296619244,0.5039691249456882,0.5785954405216714,-0.0746263155759832
2024-25,2025-03-16,Fulham,Tottenham,5,2024-25,Independent Poisson,H,H,0.4219878353841362,0.2491684848625206,0.3288436797533431,H,1.85,4.1,4.08,0.5405405405405405,0.24390243902439027,0.24509803921568626,1.0295410187806169,0.02954101878061688,0.5250306016760302,0.2369040519757698,0.23806534634820004,H,0.4219878353841362,0.5250306016760302,0.862778791465548,0.6442987291825214,0.21848006228302663
2024-25,2025-03-16,Leicester,Man United,5,2024-25,Independent Poisson,A,A,0.2283954634430444,0.2338156183115095,0.5377889182454461,A,4.56,3.82,1.83,0.2192982456140351,0.2617801047120419,0.5464480874316939,1.0275264377577709,0.02752643775777086,0.2134234580791706,0.2547672693301094,0.5318092725907201,A,0.5377889182454461,0.5318092725907201,0.620289141076583,0.6314703640884461,-0.011181223011863195
2024-25,2025-04-01,Arsenal,Fulham,5,2024-25,Independent Poisson,H,H,0.738370320478887,0.1596978010518955,0.1019318784692173,H,1.51,4.3,7.6,0.6622516556291391,0.23255813953488372,0.13157894736842105,1.0263887425324438,0.026388742532443832,0.6452249797626805,0.22657900452131335,0.12819601571600622,H,0.738370320478887,0.6452249797626805,0.30330979096901445,0.43815621717136405,-0.1348464262023496
2024-25,2025-04-01,Nott'm Forest,Man United,5,2024-25,Independent Poisson,H,H,0.5097449519537742,0.2297302897639637,0.260524758282262,H,2.35,3.46,3.19,0.425531914893617,0.28901734104046245,0.31347962382445144,1.0280288797585309,0.028028879758530856,0.41392992285738933,0.28113737535111705,0.30493270179149373,H,0.5097449519537742,0.41392992285738933,0.6738447725608658,0.8820585879447576,-0.20821381538389172
2024-25,2025-04-01,Wolves,West Ham,5,2024-25,Independent Poisson,H,H,0.3980320292802469,0.2660094410769987,0.3359585296427544,H,2.39,3.29,3.27,0.41841004184100417,0.303951367781155,0.3058103975535168,1.028171807175676,0.028171807175676022,0.40694564752786844,0.29562312996705337,0.29743122250507814,H,0.3980320292802469,0.40694564752786844,0.9212228013571753,0.8990756466149284,0.022147154742246822
2024-25,2025-04-02,Bournemouth,Ipswich,5,2024-25,Independent Poisson,A,H,0.613725880831475,0.2160843730552051,0.1701897461133197,A,1.4,5.4,7.52,0.7142857142857143,0.18518518518518517,0.13297872340425532,1.0324496228751547,0.03244962287515474,0.6918359002317024,0.17936486302303395,0.12879923674526372,H,0.1701897461133197,0.12879923674526372,1.770841310760437,2.0495003912202514,-0.27865908045981436
2024-25,2025-04-02,Brighton,Aston Villa,5,2024-25,Independent Poisson,A,H,0.4824700372091514,0.2520343338007667,0.2654956289900818,A,2.38,3.5,3.11,0.42016806722689076,0.2857142857142857,0.3215434083601286,1.0274257613013051,0.02742576130130514,0.40895224069009045,0.2780875236692615,0.312960235640648,H,0.2654956289900818,0.312960235640648,1.3261569017498582,1.1616791391942247,0.1644777625556335
2024-25,2025-04-02,Liverpool,Everton,5,2024-25,Independent Poisson,H,H,0.801226963723001,0.1285713727693797,0.0702016635076192,H,1.5,4.41,7.31,0.6666666666666666,0.22675736961451246,0.13679890560875513,1.0302229418899342,0.03022294188993424,0.647109125179908,0.22010514461901634,0.13278573020107554,H,0.801226963723001,0.647109125179908,0.22161102158427037,0.435240335364955,-0.21362931378068462
2024-25,2025-04-02,Man City,Leicester,5,2024-25,Independent Poisson,H,H,0.8806033763235304,0.0849799176735865,0.0344167060028831,H,1.2,8.0,13.5,0.8333333333333334,0.125,0.07407407407407407,1.0324074074074074,0.03240740740740744,0.8071748878923767,0.1210762331838565,0.07174887892376682,H,0.8806033763235304,0.8071748878923767,0.12714795155072006,0.21421492056990837,-0.08706696901918831
2024-25,2025-04-02,Newcastle,Brentford,5,2024-25,Independent Poisson,H,H,0.5632770109579455,0.2245164478575257,0.2122065411845287,H,1.7,4.29,4.69,0.5882352941176471,0.2331002331002331,0.21321961620469082,1.034555143422571,0.034555143422571044,0.5685876657783706,0.22531445963245453,0.20609787458917483,H,0.5632770109579455,0.5685876657783706,0.5739837452795415,0.5645997722650792,0.009383973014462366
2024-25,2025-04-02,Southampton,Crystal Palace,5,2024-25,Independent Poisson,D,A,0.1320870938254674,0.1850406100500767,0.6828722961244559,D,5.72,4.13,1.63,0.17482517482517484,0.24213075060532688,0.6134969325153374,1.0304528579458392,0.030452857945839185,0.16965858600623504,0.23497508764059669,0.5953663263531682,A,0.1850406100500767,0.23497508764059669,1.6871799642092393,1.4482757804974535,0.2389041837117858
2024-25,2025-04-03,Chelsea,Tottenham,5,2024-25,Independent Poisson,H,H,0.5037024898796028,0.2354751678353077,0.2608223422850896,H,1.67,4.46,4.83,0.5988023952095809,0.2242152466367713,0.20703933747412007,1.0300569793204724,0.030056979320472355,0.5813293897630889,0.217672663879901,0.20099794635701002,H,0.5037024898796028,0.5813293897630889,0.6857694830630738,0.5424377468687422,0.1433317361943316
2024-25,2025-04-05,Aston Villa,Nott'm Forest,5,2024-25,Independent Poisson,H,H,0.5556768952920244,0.2258441905678525,0.2184789141401232,H,2.15,3.45,3.66,0.46511627906976744,0.2898550724637681,0.27322404371584696,1.0281953952493825,0.028195395249382527,0.4523617604384975,0.2819066043312376,0.2657316352302649,H,0.5556768952920244,0.4523617604384975,0.5875682772248,0.7932730643107112,-0.20570478708591122
2024-25,2025-04-05,Crystal Palace,Brighton,5,2024-25,Independent Poisson,H,H,0.4604868240697472,0.2579047786763679,0.2816083972538847,H,2.58,3.4,2.89,0.38759689922480617,0.29411764705882354,0.3460207612456747,1.0277353075293045,0.02773530752930453,0.3771368915568315,0.28618034712253687,0.3366827613206316,H,0.4604868240697472,0.3771368915568315,0.7754710359225034,0.9751470498639265,-0.1996760139414231
2024-25,2025-04-05,Everton,Arsenal,5,2024-25,Independent Poisson,D,A,0.2805011102843877,0.2516091531845483,0.4678897365310639,D,4.19,3.19,2.1,0.2386634844868735,0.31347962382445144,0.47619047619047616,1.0283335845018011,0.028333584501801123,0.23208761056121616,0.304842347414262,0.4630700420245218,A,0.2516091531845483,0.304842347414262,1.3798783749107946,1.1879605297340696,0.19191784517672494
2024-25,2025-04-05,Ipswich,Wolves,5,2024-25,Independent Poisson,A,H,0.4549236681927129,0.2586419665779327,0.2864343652293543,A,2.85,3.27,2.7,0.3508771929824561,0.3058103975535168,0.37037037037037035,1.0270579609063433,0.02705796090634327,0.3416332927041616,0.2977537872192234,0.360612920076615,A,0.2864343652293543,0.360612920076615,1.250245860767952,1.0199501394687125,0.2302957212992396
2024-25,2025-04-05,West Ham,Bournemouth,5,2024-25,Independent Poisson,D,A,0.2687781908599392,0.2437735828441702,0.4874482262958904,D,3.04,3.55,2.4,0.32894736842105265,0.28169014084507044,0.4166666666666667,1.0273041759327899,0.027304175932789887,0.32020444978953694,0.27420324714371613,0.4055923030667468,A,0.2437735828441702,0.27420324714371613,1.4115154236542435,1.2938856696785417,0.11762975397570186
2024-25,2025-04-06,Brentford,Chelsea,5,2024-25,Independent Poisson,D,A,0.2640568701882556,0.2411999979946309,0.4947431318171133,D,2.94,3.65,2.42,0.3401360544217687,0.273972602739726,0.4132231404958678,1.0273317976573624,0.027331797657362378,0.3310868554807563,0.26668365893518453,0.4022294855840593,A,0.2411999979946309,0.26668365893518453,1.4221288224432407,1.3216921210054746,0.10043670143776606
2024-25,2025-04-06,Fulham,Liverpool,5,2024-25,Independent Poisson,H,A,0.1973472741757749,0.2218635599756439,0.5807891658485812,H,4.29,3.55,1.94,0.2331002331002331,0.28169014084507044,0.5154639175257733,1.0302542914710768,0.030254291471076833,0.2262550469626237,0.27341807083652275,0.5003268822008535,A,0.1973472741757749,0.2262550469626237,1.6227902891005421,1.486092389633778,0.13669789946676403
2024-25,2025-04-06,Man United,Man City,5,2024-25,Independent Poisson,D,A,0.3013208088696649,0.2277180751097478,0.4709611160205872,D,3.48,3.75,2.11,0.28735632183908044,0.26666666666666666,0.47393364928909953,1.0279566377948466,0.027956637794846584,0.2795412873207491,0.2594143146336552,0.4610443980455957,A,0.2277180751097478,0.2594143146336552,1.47964692781682,1.349328824992226,0.1303181028245941
2024-25,2025-04-06,Tottenham,Southampton,5,2024-25,Independent Poisson,H,H,0.7938714280916364,0.1409320056130966,0.0651965662952671,H,1.37,5.64,7.87,0.7299270072992701,0.1773049645390071,0.12706480304955528,1.0342967748878324,0.03429677488783245,0.7057229849512286,0.17142561868496156,0.12285139636380982,H,0.7938714280916364,0.7057229849512286,0.23083376020259666,0.34853249107748946,-0.1176987308748928
2024-25,2025-04-07,Leicester,Newcastle,5,2024-25,Independent Poisson,A,A,0.1777120330641934,0.21518908071725,0.6070988862185566,A,7.45,4.85,1.45,0.1342281879194631,0.2061855670103093,0.6896551724137931,1.0300689273435655,0.030068927343565477,0.13030990874137213,0.20016676703571595,0.6695233242229119,A,0.6070988862185566,0.6695233242229119,0.4990635914404861,0.4011892761860352,0.0978743152544509
2024-25,2025-04-12,Arsenal,Brentford,5,2024-25,Independent Poisson,D,H,0.7419972262364095,0.1577881621302984,0.1002146116332921,D,1.62,4.24,5.66,0.6172839506172839,0.23584905660377356,0.17667844522968199,1.0298114524507394,0.02981145245073935,0.5994145327751746,0.22902159035277897,0.17156387687204647,H,0.1577881621302984,0.22902159035277897,1.8465018915700562,1.4739389988555711,0.37256289271448506
2024-25,2025-04-12,Brighton,Leicester,5,2024-25,Independent Poisson,D,H,0.6536153302054948,0.2063836534797089,0.1400010163147962,D,1.29,5.95,10.93,0.7751937984496123,0.1680672268907563,0.09149130832570906,1.0347523336660776,0.03475233366607755,0.7491587824722639,0.16242266040154962,0.08841855712618668,H,0.2063836534797089,0.16242266040154962,1.5780184467683012,1.8175533264962906,-0.23953487972798948
2024-25,2025-04-12,Man City,Crystal Palace,5,2024-25,Independent Poisson,H,H,0.6585953107483062,0.1964826786188434,0.1449220106328505,H,1.64,4.35,5.3,0.6097560975609756,0.2298850574712644,0.18867924528301888,1.0283204003152588,0.028320400315258842,0.5929631439520588,0.2235539209382475,0.18348293510969368,H,0.6585953107483062,0.5929631439520588,0.41764602909512316,0.5226230337674207,-0.10497700467229754
2024-25,2025-04-12,Nott'm Forest,Everton,5,2024-25,Independent Poisson,A,H,0.4958843664978285,0.2470264267277078,0.2570892067744635,A,1.99,3.38,4.35,0.5025125628140703,0.2958579881656805,0.2298850574712644,1.028255608451015,0.028255608451015046,0.4887039357568546,0.2877280568509292,0.2235680073922163,H,0.2570892067744635,0.2235680073922163,1.3583321462431448,1.4980396275793122,-0.1397074813361674
2024-25,2025-04-12,Southampton,Aston Villa,5,2024-25,Independent Poisson,A,A,0.1487787917316413,0.2001902175421562,0.6510309907262022,A,6.23,4.64,1.53,0.16051364365971107,0.21551724137931036,0.6535947712418301,1.0296256562808515,0.029625656280851453,0.15589514760103035,0.20931611412810758,0.6347887382708621,A,0.6510309907262022,0.6347887382708621,0.42919803310448656,0.4544630310813543,-0.02526499797686771
2024-25,2025-04-13,Chelsea,Ipswich,5,2024-25,Independent Poisson,D,H,0.6334986189242103,0.2132400628858825,0.1532613181899071,D,1.21,7.43,13.76,0.8264462809917356,0.13458950201884254,0.07267441860465117,1.0337102016152293,0.03371020161522931,0.7994951386765532,0.13020041962296494,0.07030444170048179,H,0.2132400628858825,0.13020041962296494,1.5453366921210245,2.0386803263022246,-0.4933436341812001
2024-25,2025-04-13,Liverpool,West Ham,5,2024-25,Independent Poisson,H,H,0.7998158909729174,0.128634005798619,0.0715501032284633,H,1.28,6.12,10.75,0.78125,0.16339869281045752,0.09302325581395349,1.037671948624411,0.037671948624411034,0.7528872694647508,0.15746661845014395,0.08964611208510521,H,0.7998158909729174,0.7528872694647508,0.22337371408348117,0.2838397709358341,-0.060466056852352956
2024-25,2025-04-13,Newcastle,Man United,5,2024-25,Independent Poisson,H,H,0.5335939104925265,0.2336462473088605,0.2327598421986129,H,1.62,4.35,5.45,0.6172839506172839,0.2298850574712644,0.18348623853211007,1.0306552466206584,0.03065524662065844,0.5989237940050778,0.22304748190533935,0.17802872408958276,H,0.5335939104925265,0.5989237940050778,0.6281201965662945,0.5126209109883472,0.11549928557794731
2024-25,2025-04-13,Wolves,Tottenham,5,2024-25,Independent Poisson,H,A,0.3227784898849599,0.2583576926876945,0.4188638174273453,H,2.29,3.63,3.16,0.4366812227074236,0.27548209366391185,0.3164556962025316,1.028619012573867,0.02861901257386701,0.42453154896946327,0.267817423454565,0.3076510275759718,H,0.3227784898849599,0.42453154896946327,1.1307889808507374,0.8567689556873739,0.27402002516336355
2024-25,2025-04-14,Bournemouth,Fulham,5,2024-25,Independent Poisson,H,H,0.478920737645584,0.2549840234074612,0.2660952389469548,H,2.24,3.45,3.43,0.4464285714285714,0.2898550724637681,0.29154518950437314,1.0278288333967125,0.027828833396712493,0.43434135813571084,0.282007142673621,0.2836514991906683,H,0.478920737645584,0.43434135813571084,0.7362201699075359,0.8339245145586064,-0.09770434465107047
2024-25,2025-04-16,Newcastle,Crystal Palace,5,2024-25,Independent Poisson,H,H,0.6916695237775969,0.181650412082545,0.126680064139858,H,1.68,3.99,5.24,0.5952380952380952,0.2506265664160401,0.19083969465648853,1.036704356310624,0.036704356310623965,0.5741637831603229,0.24175317185697806,0.18408304498269892,H,0.6916695237775969,0.5741637831603229,0.3686470042311889,0.5548405868470503,-0.18619358261586139
2024-25,2025-04-19,Aston Villa,Newcastle,5,2024-25,Independent Poisson,H,A,0.2795300905257908,0.2442053066992374,0.4762646027749717,H,2.55,3.65,2.71,0.3921568627450981,0.273972602739726,0.36900369003690037,1.0351331555217245,0.03513315552172447,0.3788467799076965,0.2646737777437331,0.35647944234857043,H,0.2795300905257908,0.3788467799076965,1.2746453337710335,0.9706234302906156,0.3040219034804179
2024-25,2025-04-19,Brentford,Brighton,5,2024-25,Independent Poisson,H,H,0.4607527394023041,0.2466564797110309,0.2925907808866649,H,2.7,3.66,2.6,0.37037037037037035,0.27322404371584696,0.3846153846153846,1.028209798701602,0.028209798701601896,0.36020894844424256,0.2657279127867363,0.37406313876902114,A,0.4607527394023041,0.36020894844424256,0.7748937369212754,1.0210710035609605,-0.2461772666396851
2024-25,2025-04-19,Crystal Palace,Bournemouth,5,2024-25,Independent Poisson,D,H,0.4845223907824773,0.245629452168777,0.2698481570487456,D,2.59,3.54,2.79,0.3861003861003861,0.2824858757062147,0.35842293906810035,1.0270092008747012,0.027009200874701156,0.37594637494147604,0.27505681104475227,0.3489968140137717,H,0.245629452168777,0.27505681104475227,1.4039311706449107,1.290777617034155,0.11315355361075574
2024-25,2025-04-19,Everton,Man City,5,2024-25,Independent Poisson,A,A,0.307000627706374,0.2351300790488421,0.4578692932447839,A,4.13,3.73,1.93,0.24213075060532688,0.2680965147453083,0.5181347150259068,1.028361980376542,0.02836198037654203,0.23545284172861874,0.2607024762303473,0.5038446820410339,A,0.4578692932447839,0.5038446820410339,0.781171521526685,0.6854872289585754,0.09568429256810962
2024-25,2025-04-19,West Ham,Southampton,5,2024-25,Independent Poisson,D,H,0.6214183509312873,0.2163149303461065,0.1622667187226062,D,1.64,4.3,5.25,0.6097560975609756,0.23255813953488372,0.19047619047619047,1.0327904275720496,0.03279042757204964,0.5903967361456182,0.22517456913460787,0.18442869471977405,H,0.2163149303461065,0.22517456913460787,1.5310199223021883,1.4908793147832058,0.04014060751898252
2024-25,2025-04-20,Fulham,Chelsea,5,2024-25,Independent Poisson,A,H,0.3765896977078994,0.2606219171189597,0.3627883851731409,A,3.15,3.61,2.31,0.31746031746031744,0.2770083102493075,0.4329004329004329,1.0273690606100578,0.027369060610057838,0.3090031904131974,0.2696288226597152,0.4213679869270874,A,0.3627883851731409,0.4213679869270874,1.0139355756606263,0.8642487488720502,0.14968682678857614
2024-25,2025-04-20,Ipswich,Arsenal,5,2024-25,Independent Poisson,A,A,0.1197146607711876,0.1757526777718195,0.7045326614569929,A,8.93,5.22,1.37,0.11198208286674133,0.19157088122605365,0.7299270072992701,1.033479971392065,0.033479971392065044,0.10835438128124049,0.1853648706592869,0.7062807480594726,A,0.7045326614569929,0.7062807480594726,0.35022058752998225,0.3477424603938379,0.00247812713614437
2024-25,2025-04-20,Leicester,Liverpool,5,2024-25,Independent Poisson,A,A,0.0753237706135403,0.1282340923632227,0.7964421370232371,A,13.5,7.25,1.22,0.07407407407407407,0.13793103448275862,0.819672131147541,1.0316772397043736,0.03167723970437364,0.07179965906323565,0.13369591687636984,0.7945044240603946,A,0.7964421370232371,0.7945044240603946,0.22760079882053041,0.2300367246629155,-0.002435925842385084
2024-25,2025-04-20,Man United,Wolves,5,2024-25,Independent Poisson,A,H,0.5376297687488514,0.2408876134065336,0.221482617844615,A,2.6,3.5,2.8,0.3846153846153846,0.2857142857142857,0.35714285714285715,1.0274725274725274,0.027472527472527375,0.37433155080213903,0.27807486631016043,0.3475935828877006,H,0.221482617844615,0.3475935828877006,1.5074111673183948,1.0567213469589494,0.4506898203594454
2024-25,2025-04-21,Tottenham,Nott'm Forest,5,2024-25,Independent Poisson,A,H,0.5044681784487649,0.2330988390615386,0.2624329824896965,A,2.4,3.55,3.06,0.4166666666666667,0.28169014084507044,0.32679738562091504,1.0251541931326522,0.025154193132652214,0.4064429228869682,0.2747783140644292,0.31877876304860253,H,0.2624329824896965,0.31877876304860253,1.3377595343474336,1.143257949565392,0.1945015847820415
2024-25,2025-04-22,Man City,Aston Villa,5,2024-25,Independent Poisson,H,H,0.6835780756981482,0.1903058386706494,0.126116085631202,H,1.91,4.06,3.96,0.5235602094240838,0.24630541871921185,0.25252525252525254,1.0223908806685482,0.02239088066854822,0.5120939743532574,0.240911204683429,0.24699482096331354,H,0.6835780756981482,0.5120939743532574,0.3804144000833512,0.6692471271259999,-0.2888327270426487
2024-25,2025-04-23,Arsenal,Crystal Palace,5,2024-25,Independent Poisson,D,H,0.8362067211491504,0.1091729140011645,0.0546203648496848,D,1.4,4.85,9.1,0.7142857142857143,0.2061855670103093,0.10989010989010989,1.0303613911861336,0.03036139118613357,0.6932380428807037,0.20010995052226496,0.10665200659703132,H,0.1091729140011645,0.20010995052226496,2.2148222867207874,1.6088883108813816,0.6059339758394058
2024-25,2025-04-26,Brighton,West Ham,5,2024-25,Independent Poisson,H,H,0.5378264902181598,0.2303616325591445,0.2318118772226956,H,1.79,4.0,4.46,0.5586592178770949,0.25,0.2242152466367713,1.0328744645138663,0.03287446451386633,0.5408781387000733,0.24204296706828282,0.21707889423164378,H,0.5378264902181598,0.5408781387000733,0.6202192797257073,0.614561277449399,0.005658002276308305
2024-25,2025-04-26,Chelsea,Everton,5,2024-25,Independent Poisson,H,H,0.5272733477090488,0.2380985827551803,0.2346280695357707,H,1.44,4.95,7.5,0.6944444444444444,0.20202020202020202,0.13333333333333333,1.0297979797979797,0.029797979797979712,0.674350171652771,0.196174595389897,0.12947523295733204,H,0.5272733477090488,0.674350171652771,0.6400361785571139,0.39400576047378344,0.24603041808333048
2024-25,2025-04-26,Newcastle,Ipswich,5,2024-25,Independent Poisson,H,H,0.7620581367981277,0.1484947968306435,0.0894470663712287,H,1.17,8.5,17.5,0.8547008547008548,0.11764705882352941,0.05714285714285714,1.0294907706672414,0.029490770667241373,0.8302171122397722,0.11427694368476864,0.05550594407545905,H,0.7620581367981277,0.8302171122397722,0.2717324311951408,0.1860680313860675,0.08566439980907328
2024-25,2025-04-26,Southampton,Fulham,5,2024-25,Independent Poisson,A,A,0.1583856065082275,0.2107089262797311,0.6309054672120412,A,5.08,4.11,1.68,0.19685039370078738,0.24330900243309,0.5952380952380952,1.0353974913719726,0.03539749137197257,0.19012060135470016,0.23499091359656368,0.5748884850487362,A,0.6309054672120412,0.5748884850487362,0.46059924190819046,0.5535791960390712,-0.09297995413088078
2024-25,2025-04-26,Wolves,Leicester,5,2024-25,Independent Poisson,H,H,0.5560134653855446,0.2405575885515107,0.2034289460629447,H,1.55,4.46,6.03,0.6451612903225806,0.2242152466367713,0.16583747927031509,1.035214016229667,0.03521401622966702,0.6232153740270153,0.21658830263270712,0.16019632334027756,H,0.5560134653855446,0.6232153740270153,0.5869627667054885,0.4728631152385258,0.11409965146696271
2024-25,2025-04-27,Bournemouth,Man United,5,2024-25,Independent Poisson,D,H,0.494890595227992,0.2442027420766018,0.2609066626954058,D,1.98,3.93,3.72,0.5050505050505051,0.2544529262086514,0.26881720430107525,1.0283206355602317,0.028320635560231677,0.4911410775836005,0.24744512305738647,0.2614137993590131,H,0.2442027420766018,0.24744512305738647,1.4097564885536622,1.3965664465786793,0.013190041974982858
2024-25,2025-04-27,Liverpool,Tottenham,5,2024-25,Independent Poisson,H,H,0.7091498618812487,0.1665821719501266,0.1242679661686246,H,1.2,7.95,13.75,0.8333333333333334,0.12578616352201258,0.07272727272727272,1.0318467695826186,0.03184676958261856,0.8076134537596278,0.12190391754862305,0.07048262869174933,H,0.7091498618812487,0.8076134537596278,0.34368840400816325,0.21367173374260476,0.1300166702655585
2024-25,2025-05-01,Nott'm Forest,Brentford,5,2024-25,Independent Poisson,A,H,0.4968393317526398,0.2426680726464998,0.2604925956008605,A,2.35,3.61,3.22,0.425531914893617,0.2770083102493075,0.3105590062111801,1.0130992313541045,0.013099231354104512,0.4200298467553398,0.2734266315443348,0.30654352170032556,H,0.2604925956008605,0.30654352170032556,1.3451808419897597,1.182395537926688,0.1627853040630718
2024-25,2025-05-02,Man City,Wolves,5,2024-25,Independent Poisson,H,H,0.7629314451214328,0.1489682632859281,0.0881002915926389,H,1.33,5.6,9.75,0.7518796992481203,0.17857142857142858,0.10256410256410256,1.0330152303836515,0.033015230383651506,0.7278495777539308,0.17286427471655857,0.09928614752951055,H,0.7629314451214328,0.7278495777539308,0.2705871008543634,0.31766087609950416,-0.04707377524514078
2024-25,2025-05-03,Arsenal,Bournemouth,5,2024-25,Independent Poisson,A,H,0.7659845609571204,0.1432643485065647,0.0907510905363148,A,1.68,4.05,5.25,0.5952380952380952,0.2469135802469136,0.19047619047619047,1.0326278659611994,0.032627865961199376,0.5764304013663535,0.2391118701964133,0.1844577284372331,H,0.0907510905363148,0.1844577284372331,2.3996347889802907,1.6903349559135525,0.7092998330667382
2024-25,2025-05-03,Aston Villa,Fulham,5,2024-25,Independent Poisson,H,H,0.5532493114971531,0.2206604065430841,0.2260902819597628,H,1.88,3.78,4.28,0.5319148936170213,0.2645502645502646,0.2336448598130841,1.03011001798037,0.03011001798036994,0.5163670718006332,0.2568174854458176,0.22681544275354917,H,0.5532493114971531,0.5163670718006332,0.591946544521426,0.6609373869524134,-0.06899084243098741
2024-25,2025-05-03,Everton,Ipswich,5,2024-25,Independent Poisson,D,H,0.6480349335757072,0.1996056730612959,0.1523593933629969,D,1.57,4.3,6.09,0.6369426751592356,0.23255813953488372,0.16420361247947454,1.0337044271735938,0.03370442717359379,0.6161748546446648,0.22497547018421482,0.15884967517112047,H,0.1996056730612959,0.22497547018421482,1.611411493357894,1.4917639041244717,0.11964758923342234
2024-25,2025-05-03,Leicester,Southampton,5,2024-25,Independent Poisson,H,H,0.4132760744968514,0.2654094387008162,0.3213144868023322,H,2.45,3.61,2.91,0.4081632653061224,0.2770083102493075,0.3436426116838488,1.0288141872392789,0.028814187239278866,0.39673176203118676,0.2692500878050991,0.334018150163714,H,0.4132760744968514,0.39673176203118676,0.8836394480903552,0.9244948890476069,-0.04085544095725169
2024-25,2025-05-04,Brentford,Man United,5,2024-25,Independent Poisson,H,H,0.5836392439989871,0.2198393856453358,0.1965213703556772,H,1.65,4.34,4.96,0.6060606060606061,0.2304147465437788,0.20161290322580647,1.0380882558301914,0.038088255830191375,0.5838237766941314,0.2219606524297965,0.19421557087607197,H,0.5836392439989871,0.5838237766941314,0.538472219907922,0.538156093926353,0.0003161259815690487
2024-25,2025-05-04,Brighton,Newcastle,5,2024-25,Independent Poisson,D,A,0.2548823108706098,0.2283523608054617,0.5167653283239285,D,3.13,3.75,2.26,0.3194888178913738,0.26666666666666666,0.4424778761061947,1.028633360664235,0.028633360664235052,0.3105954270091585,0.2592436497436443,0.4301609232471974,A,0.2283523608054617,0.2592436497436443,1.4768654008652164,1.3499869268932558,0.12687847397196061
2024-25,2025-05-04,Chelsea,Liverpool,5,2024-25,Independent Poisson,H,A,0.2916513728415643,0.2425031754720864,0.4658454516863494,H,2.34,3.84,2.95,0.4273504273504274,0.2604166666666667,0.3389830508474576,1.0267501448645517,0.02675014486455174,0.41621657370869247,0.2536319746037345,0.330151451687573,H,0.2916513728415643,0.41621657370869247,1.2321961186392256,0.8765495443145149,0.3556465743247107
2024-25,2025-05-04,West Ham,Tottenham,5,2024-25,Independent Poisson,D,A,0.3636824593744893,0.2442756432233465,0.392041897402164,D,1.85,3.95,4.22,0.5405405405405405,0.2531645569620253,0.23696682464454977,1.0306719221471154,0.03067192214711545,0.5244545125615493,0.24563059449085217,0.22991489294759865,H,0.2442756432233465,0.24563059449085217,1.4094580059616795,1.4039265200649054,0.005531485896774102
2024-25,2025-05-05,Crystal Palace,Nott'm Forest,5,2024-25,Independent Poisson,D,H,0.5048855448187322,0.2254084609146106,0.2697059942666571,D,2.19,3.5,3.5,0.4566210045662101,0.2857142857142857,0.2857142857142857,1.0280495759947814,0.028049575994781417,0.4441624365482234,0.2779187817258883,0.2779187817258883,H,0.2254084609146106,0.2779187817258883,1.4898411407490677,1.2804263600413783,0.20941478070768937
2024-25,2025-05-10,Bournemouth,Aston Villa,5,2024-25,Independent Poisson,A,H,0.4100347776847688,0.2642994878356856,0.3256657344795457,A,2.62,3.58,2.73,0.38167938931297707,0.27932960893854747,0.3663003663003663,1.027309364551891,0.027309364551890924,0.3715330575999026,0.27190408126026394,0.3565628611398333,H,0.3256657344795457,0.3565628611398333,1.1218837780080426,1.031244726088861,0.09063905191918153
2024-25,2025-05-10,Fulham,Everton,5,2024-25,Independent Poisson,A,H,0.4223738961958477,0.246201248561827,0.3314248552423252,A,1.77,3.75,4.94,0.5649717514124294,0.26666666666666666,0.20242914979757085,1.0340675678766669,0.03406756787666687,0.546358641314446,0.2578812787004185,0.1957600799851355,H,0.3314248552423252,0.1957600799851355,1.1043541760708722,1.6308654512600667,-0.5265112751891945
2024-25,2025-05-10,Ipswich,Brentford,5,2024-25,Independent Poisson,A,A,0.2580485143669941,0.2434037473293903,0.4985477383036155,A,5.83,4.84,1.52,0.17152658662092624,0.2066115702479339,0.6578947368421053,1.0360328937109653,0.0360328937109653,0.16556094662837906,0.1994256857114566,0.6350133676601645,A,0.4985477383036155,0.6350133676601645,0.6960559302663857,0.45410922887769384,0.24194670138869184
2024-25,2025-05-10,Southampton,Man City,5,2024-25,Independent Poisson,D,A,0.050980395247021,0.1131367280167079,0.8358828767362713,D,15.0,8.0,1.19,0.06666666666666667,0.125,0.8403361344537815,1.032002801120448,0.032002801120448066,0.0645993078645586,0.12112370224604738,0.8142769898893941,A,0.1131367280167079,0.12112370224604738,2.1791582092598576,2.1109429229995236,0.06821528626033402
2024-25,2025-05-10,Wolves,Brighton,5,2024-25,Independent Poisson,A,H,0.3834920135031988,0.2428254998270475,0.3736824866697537,A,3.08,3.39,2.45,0.3246753246753247,0.2949852507374631,0.4081632653061224,1.0278238407189102,0.027823840718910198,0.3158861585154815,0.28699981363648464,0.39711402784803385,A,0.3736824866697537,0.39711402784803385,0.9843488082670901,0.9235318157372312,0.06081699252985895
2024-25,2025-05-11,Liverpool,Arsenal,5,2024-25,Independent Poisson,D,H,0.4860388835859376,0.2228328761215373,0.291128240292525,D,2.24,3.68,3.22,0.4464285714285714,0.2717391304347826,0.3105590062111801,1.0287267080745341,0.028726708074534146,0.43396226415094336,0.2641509433962264,0.3018867924528302,H,0.2228328761215373,0.2641509433962264,1.5013332229209568,1.3312345839368633,0.1700986389840935
2024-25,2025-05-11,Man United,West Ham,5,2024-25,Independent Poisson,A,H,0.5279480704242785,0.2305201517935352,0.2415317777821861,A,2.02,3.68,3.74,0.49504950495049505,0.2717391304347826,0.267379679144385,1.0341683145296625,0.034168314529662513,0.4786933596738965,0.2627610289514323,0.2585456113746713,H,0.2415317777821861,0.2585456113746713,1.4207542295266549,1.3526831542747948,0.06807107525186007
2024-25,2025-05-11,Newcastle,Chelsea,5,2024-25,Independent Poisson,H,H,0.5394493906410893,0.2269764309669622,0.2335741783919483,H,2.29,3.73,3.1,0.4366812227074236,0.2680965147453083,0.3225806451612903,1.0273583826140222,0.027358382614022236,0.4250524744795745,0.2609571492113205,0.313990376309105,H,0.5394493906410893,0.4250524744795745,0.6172063065783644,0.85554264831573,-0.23833634173736562
2024-25,2025-05-11,Nott'm Forest,Leicester,5,2024-25,Independent Poisson,D,H,0.6531465401570102,0.2057134960123565,0.1411399638306332,D,1.39,5.19,7.91,0.7194244604316548,0.19267822736030826,0.1264222503160556,1.0385249381080186,0.0385249381080186,0.692736817415574,0.18553066978952748,0.12173251279489856,H,0.2057134960123565,0.18553066978952748,1.581270874303595,1.684535074808502,-0.10326420050490692
2024-25,2025-05-11,Tottenham,Crystal Palace,5,2024-25,Independent Poisson,A,H,0.4475398828794441,0.2366889690605246,0.3157711480600311,A,3.13,3.74,2.26,0.3194888178913738,0.267379679144385,0.4424778761061947,1.0293463731419534,0.02934637314195343,0.31038028231077686,0.2597567603296074,0.4298629573596158,A,0.3157711480600311,0.4298629573596158,1.1527375427654922,0.8442888249062297,0.30844871785926253
2024-25,2025-05-16,Aston Villa,Tottenham,5,2024-25,Independent Poisson,H,H,0.5644363616133543,0.2192987617277187,0.2162648766589268,H,1.26,7.0,11.0,0.7936507936507936,0.14285714285714285,0.09090909090909091,1.0274170274170273,0.02741702741702734,0.7724719101123596,0.13904494382022473,0.08848314606741574,H,0.5644363616133543,0.7724719101123596,0.5719276358247015,0.2581596331854591,0.3137680026392424
2024-25,2025-05-16,Chelsea,Man United,5,2024-25,Independent Poisson,H,H,0.589479366446253,0.2088291226525945,0.2016915109011525,H,1.56,4.7,5.75,0.641025641025641,0.2127659574468085,0.17391304347826086,1.0277046419507103,0.027704641950710318,0.6237450088859141,0.20703025826851618,0.16922473284556974,H,0.589479366446253,0.6237450088859141,0.528515561404815,0.47201363373453276,0.05650192767028228
2024-25,2025-05-18,Arsenal,Newcastle,5,2024-25,Independent Poisson,H,H,0.5480113735415283,0.2197547939568941,0.2322338325015777,H,1.94,3.79,3.98,0.5154639175257733,0.2638522427440633,0.25125628140703515,1.0305724416768718,0.030572441676871787,0.5001724252271371,0.2560249353405398,0.24380263943232305,H,0.5480113735415283,0.5001724252271371,0.6014592376116706,0.6928023895529224,-0.09134315194125175
2024-25,2025-05-18,Brentford,Fulham,5,2024-25,Independent Poisson,A,H,0.5617822784278941,0.2194557676183358,0.21876195395377,A,2.07,3.79,3.56,0.48309178743961356,0.2638522427440633,0.2808988764044944,1.0278429065881713,0.027842906588171346,0.4700054690684121,0.2567048340294493,0.2732896969021385,H,0.21876195395377,0.2732896969021385,1.5197711085916812,1.297222885616625,0.22254822297505616
2024-25,2025-05-18,Everton,Southampton,5,2024-25,Independent Poisson,H,H,0.7355799153537246,0.1619276521091784,0.1024924325370971,H,1.43,4.95,7.6,0.6993006993006994,0.20202020202020202,0.13157894736842105,1.0328998486893224,0.032899848689322386,0.6770266257547264,0.19558546966247647,0.12738790458279717,H,0.7355799153537246,0.6770266257547264,0.3070960903852957,0.390044677811136,-0.08294858742584033
2024-25,2025-05-18,Leicester,Ipswich,5,2024-25,Independent Poisson,H,A,0.3460861238409937,0.2654764578289853,0.3884374183300209,H,2.27,3.77,3.11,0.44052863436123346,0.26525198938992045,0.3215434083601286,1.0273240321112826,0.027324032111282648,0.4288117678468892,0.25819700610409513,0.3129912260490156,H,0.3460861238409937,0.4288117678468892,1.061067622062831,0.8467372259293329,0.21433039613349814
2024-25,2025-05-18,West Ham,Nott'm Forest,5,2024-25,Independent Poisson,A,H,0.4012898084987455,0.2464398526481521,0.3522703388531022,A,3.05,3.44,2.44,0.3278688524590164,0.29069767441860467,0.4098360655737705,1.0284025924513915,0.02840259245139154,0.31881371640407785,0.28266913809082483,0.3985171455050973,A,0.3522703388531022,0.3985171455050973,1.0433563900459482,0.9200047565705265,0.12335163347542166
2024-25,2025-05-19,Brighton,Liverpool,5,2024-25,Independent Poisson,H,A,0.2595012663232975,0.2263910786393468,0.5141076550373556,H,2.2,3.99,3.09,0.45454545454545453,0.2506265664160401,0.3236245954692557,1.0287966164307503,0.028796616430750266,0.4418224625606072,0.2436113828654977,0.31456615457389514,H,0.2595012663232975,0.4418224625606072,1.3489936965295357,0.8168471460097204,0.5321465505198153
2024-25,2025-05-20,Crystal Palace,Wolves,5,2024-25,Independent Poisson,H,H,0.4691689417373348,0.2471131483524334,0.2837179099102317,H,2.41,3.26,3.23,0.41493775933609955,0.3067484662576687,0.30959752321981426,1.0312837488135824,0.031283748813582424,0.4023507204621963,0.2974433240226666,0.30020595551513723,H,0.4691689417373348,0.4023507204621963,0.7567923584744431,0.9104311317560914,-0.1536387732816482
2024-25,2025-05-20,Man City,Bournemouth,5,2024-25,Independent Poisson,H,H,0.7016228401251138,0.172543964754982,0.125833195119904,H,1.34,5.8,8.9,0.7462686567164178,0.1724137931034483,0.11235955056179775,1.0310420003816638,0.031042000381663826,0.723800443085897,0.1672228609888107,0.10897669592529236,H,0.7016228401251138,0.723800443085897,0.3543592841138028,0.32323955568648044,0.031119728427322357
2024-25,2025-05-25,Bournemouth,Leicester,5,2024-25,Independent Poisson,H,H,0.6105431376771391,0.2175057893529958,0.1719510729698651,H,1.34,5.67,9.01,0.7462686567164178,0.1763668430335097,0.11098779134295228,1.0336232910928798,0.03362329109287976,0.7219928799469741,0.17062971060475227,0.10737740944827363,H,0.6105431376771391,0.7219928799469741,0.49340632834183523,0.32574000170722434,0.1676663266346109
2024-25,2025-05-25,Fulham,Man City,5,2024-25,Independent Poisson,A,A,0.2208342204242295,0.2368986515706143,0.5422671280051559,A,6.32,4.57,1.52,0.1582278481012658,0.2188183807439825,0.6578947368421053,1.0349409656873536,0.03494096568735361,0.15288586822551675,0.21143078494207135,0.6356833468324119,A,0.5422671280051559,0.6356833468324119,0.6119965428580927,0.4530547219655565,0.15894182089253617
2024-25,2025-05-25,Ipswich,West Ham,5,2024-25,Independent Poisson,A,A,0.297364131302908,0.2437253804610238,0.4589104882360684,A,3.28,3.63,2.23,0.3048780487804878,0.27548209366391185,0.4484304932735426,1.0287906357179422,0.02879063571794216,0.29634605739556374,0.26777274607643226,0.4358811965280041,A,0.4589104882360684,0.4358811965280041,0.7789001026756726,0.8303855577914065,-0.05148545511573399
2024-25,2025-05-25,Liverpool,Crystal Palace,5,2024-25,Independent Poisson,D,H,0.7230860575060672,0.1544097018775344,0.1225042406163983,D,1.38,6.04,7.14,0.7246376811594204,0.16556291390728478,0.1400560224089636,1.0302566174756687,0.030256617475668657,0.7033564928075156,0.1607006556414522,0.1359428515510324,H,0.1544097018775344,0.1607006556414522,1.8681458073711659,1.8282119263375207,0.03993388103364515
2024-25,2025-05-25,Man United,Aston Villa,5,2024-25,Independent Poisson,H,H,0.4123592089455571,0.2478935382737222,0.3397472527807207,H,4.82,4.37,1.68,0.20746887966804978,0.22883295194508008,0.5952380952380952,1.031539926851225,0.031539926851225086,0.20112539928662615,0.22183625276007735,0.5770383479532964,A,0.4123592089455571,0.20112539928662615,0.8858604431146129,1.603826688405551,-0.7179662452909381
2024-25,2025-05-25,Newcastle,Everton,5,2024-25,Independent Poisson,A,H,0.5534919178189401,0.2240848339912748,0.2224232481897849,A,1.28,6.19,10.36,0.78125,0.16155088852988692,0.09652509652509653,1.0393259850549834,0.039325985054983414,0.7516890862289656,0.15543813091649045,0.092872782854544,H,0.2224232481897849,0.092872782854544,1.5031731888414768,2.376524648589389,-0.8733514597479124
2024-25,2025-05-25,Nott'm Forest,Chelsea,5,2024-25,Independent Poisson,A,H,0.4426091824806774,0.2590314763108048,0.2983593412085178,A,3.5,3.87,2.07,0.2857142857142857,0.25839793281653745,0.48309178743961356,1.0272040059704368,0.027204005970436818,0.27814755788881595,0.25155463891753377,0.47029780319365017,A,0.2983593412085178,0.47029780319365017,1.2094566759398504,0.7543891611165708,0.45506751482327956
2024-25,2025-05-25,Southampton,Arsenal,5,2024-25,Independent Poisson,A,A,0.0391316973464017,0.0900173584330149,0.8708509442205832,A,11.73,6.54,1.25,0.08525149190110827,0.1529051987767584,0.8,1.0381566906778668,0.038156690677866756,0.08211813560190333,0.14728527990983578,0.7705965844882608,A,0.8708509442205832,0.7705965844882608,0.1382844485532421,0.26059027907571236,-0.12230583052247027
2024-25,2025-05-25,Tottenham,Brighton,5,2024-25,Independent Poisson,A,H,0.4464454957400025,0.2394143090748783,0.3141401951851192,A,3.83,4.06,1.92,0.2610966057441253,0.24630541871921185,0.5208333333333334,1.0282353577966705,0.028235357796670524,0.2539268891740991,0.2395418683588177,0.5065312424670833,A,0.3141401951851192,0.5065312424670833,1.1579159112358108,0.6801692741412618,0.477746637094549
2024-25,2025-05-25,Wolves,Brentford,5,2024-25,Independent Poisson,D,A,0.2875175417434736,0.2509298315323829,0.4615526267241435,D,3.0,3.82,2.31,0.3333333333333333,0.2617801047120419,0.4329004329004329,1.028013870945808,0.028013870945807984,0.3242498401569769,0.25464647132746876,0.4211036885155544,A,0.2509298315323829,0.25464647132746876,1.3825819345811943,1.367879082698371,0.014702851882823165
