BootstrapIteration,SampledBets,BootstrapProfit,BootstrapROI
1,179,-16.509999999999998,-0.09223463687150837
2,168,31.11,0.18517857142857141
3,189,23.839999999999996,0.12613756613756613
4,186,17.189999999999998,0.09241935483870967
5,171,29.810000000000002,0.17432748538011697
6,187,-4.510000000000002,-0.02411764705882354
7,177,18.40000000000001,0.10395480225988706
8,178,-34.78,-0.1953932584269663
9,192,-24.1,-0.12552083333333333
10,184,-31.64,-0.17195652173913042
11,181,-9.17,-0.050662983425414365
12,194,57.03999999999999,0.294020618556701
13,188,17.5,0.09308510638297872
14,181,-4.060000000000006,-0.02243093922651937
15,182,19.78000000000001,0.10868131868131872
16,173,27.29,0.15774566473988438
17,180,84.87,0.47150000000000003
18,177,53.58,0.30271186440677966
19,182,16.580000000000005,0.09109890109890113
20,185,-19.009999999999994,-0.10275675675675673
21,181,-21.49,-0.11872928176795579
22,183,4.940000000000001,0.02699453551912569
23,191,43.86,0.22963350785340314
24,187,-10.220000000000002,-0.05465240641711231
25,176,-0.9999999999999929,-0.005681818181818141
26,179,50.83,0.28396648044692735
27,188,13.329999999999997,0.07090425531914891
28,183,30.75,0.1680327868852459
29,197,42.169999999999995,0.21406091370558372
30,179,-10.0,-0.055865921787709494
31,186,60.629999999999995,0.32596774193548383
32,177,-18.470000000000002,-0.10435028248587572
33,187,9.03,0.048288770053475934
34,194,12.229999999999997,0.06304123711340205
35,184,61.28,0.33304347826086955
36,181,2.399999999999995,0.013259668508287265
37,168,24.319999999999997,0.14476190476190473
38,183,-33.57000000000001,-0.1834426229508197
39,180,11.759999999999998,0.06533333333333333
40,172,43.8,0.25465116279069766
41,178,4.969999999999995,0.027921348314606714
42,192,-5.859999999999996,-0.030520833333333313
43,179,33.09,0.18486033519553075
44,178,10.33,0.05803370786516854
45,194,37.849999999999994,0.19510309278350513
46,186,37.55,0.20188172043010752
47,175,28.480000000000004,0.16274285714285716
48,182,16.270000000000003,0.08939560439560441
49,195,-24.17,-0.12394871794871795
50,179,10.870000000000001,0.06072625698324023
51,174,45.17,0.2595977011494253
52,173,7.269999999999999,0.04202312138728323
53,178,-31.4,-0.17640449438202246
54,169,12.269999999999996,0.07260355029585797
55,174,27.67,0.15902298850574714
56,169,21.52,0.12733727810650888
57,194,-2.7200000000000006,-0.014020618556701035
58,172,-6.059999999999997,-0.03523255813953487
59,182,-3.0500000000000043,-0.016758241758241782
60,177,37.68,0.2128813559322034
61,183,69.57,0.3801639344262295
62,184,19.179999999999996,0.10423913043478258
63,175,-14.120000000000003,-0.0806857142857143
64,182,9.41,0.0517032967032967
65,184,-55.809999999999995,-0.30331521739130435
66,179,8.669999999999996,0.048435754189944114
67,179,-44.88000000000001,-0.2507262569832403
68,193,4.560000000000006,0.023626943005181377
69,172,23.61,0.1372674418604651
70,178,-17.859999999999996,-0.10033707865168537
71,180,29.910000000000007,0.1661666666666667
72,191,13.89,0.07272251308900524
73,178,17.58,0.09876404494382021
74,191,-49.50000000000001,-0.2591623036649215
75,188,48.75,0.25930851063829785
76,170,34.23999999999999,0.2014117647058823
77,197,49.779999999999994,0.2526903553299492
78,182,17.97,0.09873626373626374
79,173,38.24000000000001,0.22104046242774572
80,184,-3.2699999999999996,-0.01777173913043478
81,177,0.5000000000000062,0.002824858757062182
82,180,-10.469999999999999,-0.05816666666666666
83,171,-53.39,-0.31222222222222223
84,172,46.96,0.2730232558139535
85,178,-2.1400000000000015,-0.012022471910112367
86,184,-42.029999999999994,-0.22842391304347823
87,194,29.949999999999996,0.15438144329896905
88,183,-1.519999999999996,-0.008306010928961726
89,177,12.729999999999999,0.07192090395480225
90,171,25.609999999999992,0.149766081871345
91,180,25.56999999999999,0.1420555555555555
92,201,48.89,0.24323383084577116
93,180,5.740000000000002,0.0318888888888889
94,199,36.81999999999999,0.18502512562814066
95,170,-17.310000000000002,-0.10182352941176472
96,178,19.019999999999996,0.10685393258426965
97,180,-5.040000000000001,-0.028000000000000004
98,177,43.34000000000001,0.24485875706214696
99,178,-43.49999999999999,-0.24438202247191007
100,182,-14.330000000000002,-0.07873626373626375
101,176,8.049999999999999,0.045738636363636356
102,189,51.970000000000006,0.274973544973545
103,175,2.240000000000002,0.012800000000000011
104,188,29.220000000000002,0.15542553191489364
105,178,-2.9800000000000013,-0.016741573033707872
106,169,-24.310000000000002,-0.14384615384615385
107,168,-46.48,-0.27666666666666667
108,199,34.68000000000001,0.17427135678391964
109,182,19.54,0.10736263736263736
110,168,-36.02000000000001,-0.21440476190476196
111,171,-22.570000000000004,-0.13198830409356727
112,172,-43.29,-0.2516860465116279
113,170,42.19,0.24817647058823528
114,184,39.890000000000015,0.21679347826086964
115,178,17.529999999999998,0.09848314606741572
116,181,73.0,0.40331491712707185
117,180,10.819999999999995,0.06011111111111108
118,185,-0.3100000000000023,-0.0016756756756756879
119,178,11.490000000000002,0.06455056179775281
120,186,35.36,0.19010752688172042
121,180,8.239999999999998,0.04577777777777777
122,174,22.070000000000004,0.12683908045977013
123,178,15.91,0.08938202247191011
124,179,-22.860000000000003,-0.12770949720670394
125,183,74.16999999999999,0.4053005464480874
126,182,17.240000000000006,0.09472527472527476
127,171,37.52,0.2194152046783626
128,174,-23.79,-0.13672413793103447
129,178,65.58,0.36842696629213484
130,178,38.06,0.21382022471910114
131,183,-28.760000000000005,-0.1571584699453552
132,167,38.53,0.2307185628742515
133,192,22.94,0.11947916666666668
134,165,-13.140000000000004,-0.07963636363636366
135,175,80.3,0.45885714285714285
136,191,-15.640000000000004,-0.08188481675392673
137,173,-11.11,-0.06421965317919075
138,185,13.299999999999999,0.07189189189189188
139,177,-17.24,-0.09740112994350282
140,175,17.729999999999997,0.10131428571428569
141,180,-19.24,-0.10688888888888888
142,180,-10.380000000000004,-0.05766666666666669
143,173,-53.39000000000001,-0.30861271676300583
144,183,-21.66,-0.11836065573770492
145,188,-4.830000000000002,-0.02569148936170214
146,165,-8.630000000000003,-0.052303030303030316
147,188,-41.989999999999995,-0.2233510638297872
148,178,48.279999999999994,0.27123595505617976
149,172,9.39,0.05459302325581396
150,165,7.530000000000003,0.045636363636363655
151,183,36.08,0.19715846994535519
152,183,52.21999999999999,0.28535519125683056
153,174,19.269999999999996,0.11074712643678158
154,184,36.0,0.1956521739130435
155,174,27.5,0.15804597701149425
156,174,39.46,0.2267816091954023
157,169,20.419999999999995,0.12082840236686387
158,185,-54.68000000000001,-0.2955675675675676
159,189,65.85,0.3484126984126984
160,168,-19.000000000000007,-0.11309523809523814
161,185,-33.730000000000004,-0.18232432432432435
162,185,7.250000000000002,0.0391891891891892
163,190,3.809999999999998,0.020052631578947357
164,168,14.5,0.08630952380952381
165,172,-20.71,-0.12040697674418605
166,173,-12.110000000000003,-0.07000000000000002
167,185,11.86,0.0641081081081081
168,170,26.419999999999995,0.15541176470588233
169,171,20.189999999999994,0.11807017543859645
170,184,42.42,0.23054347826086957
171,174,-21.33,-0.12258620689655171
172,176,27.43,0.15585227272727273
173,192,24.46999999999999,0.12744791666666663
174,178,-7.090000000000003,-0.03983146067415732
175,190,22.12,0.11642105263157895
176,177,12.829999999999998,0.07248587570621468
177,178,-15.84,-0.08898876404494382
178,179,-28.519999999999996,-0.15932960893854747
179,171,33.28,0.1946198830409357
180,192,103.39000000000001,0.5384895833333334
181,174,17.270000000000003,0.09925287356321841
182,177,30.300000000000004,0.17118644067796612
183,188,35.46999999999999,0.1886702127659574
184,177,14.269999999999996,0.08062146892655365
185,181,49.4,0.2729281767955801
186,191,53.91,0.2822513089005235
187,188,6.829999999999995,0.036329787234042524
188,188,31.929999999999993,0.16984042553191486
189,192,8.44,0.04395833333333333
190,205,-9.469999999999999,-0.046195121951219505
191,181,72.22,0.39900552486187846
192,198,90.08,0.45494949494949494
193,193,-0.5300000000000011,-0.0027461139896373114
194,179,40.38000000000001,0.225586592178771
195,185,9.099999999999998,0.04918918918918918
196,173,1.7400000000000029,0.010057803468208108
197,170,-4.810000000000006,-0.02829411764705886
198,178,26.560000000000006,0.14921348314606744
199,175,-7.6,-0.04342857142857143
200,175,-28.07,-0.16040000000000001
201,181,13.149999999999999,0.07265193370165746
202,176,-36.150000000000006,-0.20539772727272732
203,173,32.68000000000001,0.1889017341040463
204,174,12.100000000000005,0.0695402298850575
205,180,5.93,0.03294444444444444
206,188,5.859999999999999,0.031170212765957443
207,178,23.280000000000005,0.1307865168539326
208,182,34.760000000000005,0.19098901098901103
209,180,34.48,0.19155555555555553
210,185,-3.460000000000001,-0.018702702702702707
211,178,8.910000000000004,0.05005617977528092
212,176,-25.379999999999995,-0.14420454545454542
213,166,-1.1199999999999992,-0.0067469879518072245
214,180,-4.199999999999992,-0.02333333333333329
215,181,36.269999999999996,0.2003867403314917
216,172,14.839999999999995,0.08627906976744183
217,182,-13.290000000000003,-0.07302197802197803
218,193,12.709999999999997,0.06585492227979273
219,181,15.239999999999995,0.08419889502762429
220,176,-14.71,-0.08357954545454546
221,173,-13.86,-0.08011560693641619
222,178,91.94,0.5165168539325843
223,188,31.49,0.16749999999999998
224,186,-34.519999999999996,-0.18559139784946235
225,176,21.179999999999996,0.12034090909090907
226,166,23.11,0.13921686746987952
227,167,-62.49,-0.37419161676646706
228,170,17.84,0.10494117647058823
229,183,13.789999999999996,0.07535519125683057
230,186,12.580000000000005,0.06763440860215057
231,181,-38.16999999999999,-0.2108839779005524
232,163,49.83999999999999,0.3057668711656441
233,178,47.540000000000006,0.2670786516853933
234,182,29.04,0.15956043956043955
235,190,31.369999999999997,0.16510526315789473
236,181,33.309999999999995,0.1840331491712707
237,167,-11.650000000000004,-0.06976047904191619
238,184,88.25,0.4796195652173913
239,179,-17.770000000000003,-0.0992737430167598
240,176,52.08,0.2959090909090909
241,188,31.14,0.16563829787234044
242,180,38.14999999999999,0.2119444444444444
243,177,12.850000000000005,0.0725988700564972
244,184,0.8399999999999999,0.004565217391304347
245,173,-28.760000000000005,-0.16624277456647402
246,170,-30.230000000000004,-0.17782352941176474
247,185,-20.28,-0.10962162162162163
248,175,31.119999999999997,0.17782857142857142
249,175,16.46,0.09405714285714287
250,179,33.3,0.1860335195530726
251,183,55.09,0.3010382513661202
252,180,-32.58,-0.181
253,178,17.380000000000003,0.09764044943820226
254,180,15.32,0.08511111111111111
255,181,-33.209999999999994,-0.18348066298342539
256,182,-3.1800000000000015,-0.01747252747252748
257,184,3.3500000000000014,0.018206521739130444
258,174,-15.7,-0.09022988505747126
259,169,-54.589999999999996,-0.3230177514792899
260,179,50.660000000000004,0.28301675977653634
261,172,-42.51,-0.24715116279069765
262,169,-9.23,-0.05461538461538462
263,194,-7.739999999999998,-0.03989690721649484
264,173,2.1600000000000037,0.012485549132947998
265,176,24.099999999999994,0.13693181818181815
266,173,-8.760000000000002,-0.05063583815028903
267,168,51.679999999999986,0.3076190476190475
268,173,13.419999999999998,0.0775722543352601
269,187,0.5200000000000031,0.002780748663101621
270,192,45.190000000000005,0.23536458333333335
271,171,-5.970000000000001,-0.03491228070175439
272,172,-22.360000000000007,-0.13000000000000003
273,181,50.309999999999995,0.27795580110497237
274,185,-12.019999999999989,-0.06497297297297291
275,183,-8.779999999999994,-0.0479781420765027
276,186,39.55,0.21263440860215052
277,183,-23.230000000000004,-0.12693989071038253
278,192,36.29,0.18901041666666665
279,162,3.9200000000000026,0.024197530864197545
280,180,-20.120000000000008,-0.11177777777777782
281,170,29.17,0.17158823529411765
282,173,15.870000000000006,0.09173410404624281
283,184,71.4,0.3880434782608696
284,175,27.07,0.1546857142857143
285,183,-5.879999999999999,-0.032131147540983604
286,176,-13.579999999999998,-0.0771590909090909
287,178,29.94,0.16820224719101123
288,177,24.209999999999994,0.1367796610169491
289,182,-19.739999999999995,-0.10846153846153843
290,182,-9.059999999999999,-0.04978021978021977
291,177,49.720000000000006,0.28090395480225994
292,182,3.519999999999996,0.01934065934065932
293,184,-60.81999999999999,-0.33054347826086955
294,200,1.8499999999999943,0.009249999999999972
295,174,21.32,0.12252873563218392
296,178,-15.030000000000001,-0.08443820224719102
297,169,102.22,0.6048520710059172
298,178,-11.920000000000002,-0.06696629213483148
299,186,-1.3300000000000018,-0.007150537634408612
300,171,20.21,0.11818713450292398
301,182,-11.660000000000004,-0.06406593406593408
302,167,12.599999999999994,0.07544910179640715
303,168,15.89,0.09458333333333334
304,178,0.120000000000001,0.0006741573033707921
305,181,18.669999999999995,0.1031491712707182
306,176,45.459999999999994,0.2582954545454545
307,181,-9.719999999999999,-0.05370165745856353
308,172,52.31000000000001,0.30412790697674424
309,173,-37.06999999999999,-0.2142774566473988
310,189,14.130000000000003,0.07476190476190478
311,177,-29.130000000000003,-0.1645762711864407
312,191,48.45,0.2536649214659686
313,168,19.93999999999999,0.11869047619047614
314,168,75.50999999999999,0.44946428571428565
315,171,41.870000000000005,0.24485380116959066
316,187,31.730000000000004,0.16967914438502676
317,172,-14.47999999999999,-0.08418604651162785
318,189,17.900000000000002,0.09470899470899471
319,190,-30.940000000000005,-0.16284210526315793
320,179,59.33,0.33145251396648046
321,180,27.77,0.15427777777777776
322,176,33.190000000000005,0.18857954545454547
323,185,-3.2199999999999953,-0.01740540540540538
324,177,-45.62,-0.2577401129943503
325,165,-7.219999999999999,-0.04375757575757575
326,181,-25.93,-0.14325966850828728
327,171,40.24999999999999,0.23538011695906427
328,172,4.909999999999993,0.028546511627906935
329,186,64.50999999999999,0.3468279569892473
330,188,70.45,0.3747340425531915
331,177,44.73000000000002,0.2527118644067798
332,181,23.379999999999995,0.129171270718232
333,170,-10.889999999999997,-0.06405882352941175
334,176,12.250000000000004,0.06960227272727275
335,177,30.779999999999998,0.17389830508474574
336,177,-1.4700000000000033,-0.00830508474576273
337,180,76.44999999999999,0.42472222222222217
338,172,-16.099999999999998,-0.09360465116279068
339,176,24.800000000000004,0.14090909090909093
340,173,7.910000000000001,0.04572254335260116
341,179,55.55,0.31033519553072625
342,172,18.119999999999997,0.10534883720930231
343,167,14.25,0.08532934131736528
344,178,-39.59,-0.22241573033707868
345,182,28.399999999999995,0.15604395604395602
346,183,-3.399999999999995,-0.018579234972677567
347,179,-20.080000000000002,-0.11217877094972067
348,175,40.769999999999996,0.23297142857142855
349,186,8.559999999999995,0.04602150537634406
350,184,9.620000000000001,0.052282608695652176
351,179,16.529999999999998,0.09234636871508378
352,189,11.139999999999986,0.05894179894179887
353,167,17.57,0.10520958083832335
354,183,-5.719999999999999,-0.03125683060109289
355,175,-46.379999999999995,-0.2650285714285714
356,183,42.739999999999995,0.23355191256830599
357,169,55.45,0.32810650887573967
358,178,19.819999999999993,0.11134831460674154
359,168,24.510000000000005,0.14589285714285719
360,186,60.440000000000005,0.3249462365591398
361,175,6.599999999999998,0.0377142857142857
362,195,1.7999999999999972,0.009230769230769216
363,182,-6.489999999999995,-0.03565934065934063
364,187,87.66999999999999,0.46882352941176464
365,171,48.739999999999995,0.28502923976608185
366,184,6.110000000000003,0.033206521739130454
367,180,-7.960000000000001,-0.044222222222222225
368,184,19.44,0.10565217391304349
369,181,-24.879999999999992,-0.13745856353591157
370,174,3.639999999999997,0.020919540229885042
371,181,-10.989999999999998,-0.060718232044198885
372,170,-18.489999999999995,-0.10876470588235292
373,175,33.52,0.19154285714285715
374,165,27.77,0.1683030303030303
375,176,17.230000000000004,0.09789772727272729
376,178,31.799999999999997,0.1786516853932584
377,175,-0.8999999999999986,-0.005142857142857135
378,180,60.870000000000005,0.33816666666666667
379,181,-15.459999999999997,-0.08541436464088396
380,174,-5.700000000000006,-0.03275862068965521
381,173,-20.539999999999996,-0.11872832369942193
382,177,25.13,0.1419774011299435
383,169,34.83,0.206094674556213
384,182,-2.1199999999999974,-0.011648351648351634
385,175,33.790000000000006,0.19308571428571433
386,178,39.8,0.2235955056179775
387,186,66.42999999999999,0.35715053763440857
388,177,10.770000000000001,0.06084745762711865
389,187,-17.199999999999996,-0.09197860962566842
390,170,34.81999999999999,0.20482352941176465
391,180,-24.25,-0.13472222222222222
392,183,63.80999999999999,0.34868852459016386
393,176,-13.209999999999994,-0.07505681818181814
394,169,17.92,0.10603550295857989
395,188,-13.100000000000001,-0.06968085106382979
396,177,-17.769999999999996,-0.10039548022598868
397,180,51.970000000000006,0.28872222222222227
398,183,-19.830000000000002,-0.10836065573770493
399,177,1.4199999999999973,0.008022598870056482
400,185,14.830000000000004,0.08016216216216218
401,191,20.620000000000005,0.10795811518324609
402,182,20.599999999999998,0.11318681318681317
403,187,68.95,0.36871657754010695
404,177,25.769999999999996,0.14559322033898303
405,182,-11.829999999999995,-0.06499999999999997
406,171,-1.8699999999999983,-0.010935672514619873
407,188,18.87,0.10037234042553192
408,172,-30.740000000000002,-0.17872093023255814
409,183,59.14999999999999,0.32322404371584695
410,172,-49.81999999999999,-0.28965116279069764
411,183,41.27,0.22551912568306012
412,194,37.08,0.1911340206185567
413,187,45.98,0.24588235294117644
414,166,-10.769999999999996,-0.06487951807228913
415,169,-1.509999999999998,-0.008934911242603538
416,190,-2.4000000000000004,-0.012631578947368423
417,186,32.43000000000001,0.17435483870967747
418,183,6.5299999999999985,0.03568306010928961
419,179,3.380000000000004,0.018882681564245832
420,188,54.150000000000006,0.28803191489361707
421,179,-7.179999999999996,-0.040111731843575395
422,181,6.710000000000001,0.037071823204419894
423,195,-7.949999999999999,-0.040769230769230766
424,184,16.750000000000007,0.09103260869565222
425,187,-42.269999999999996,-0.22604278074866307
426,181,-8.870000000000005,-0.04900552486187848
427,184,-9.900000000000006,-0.053804347826086986
428,175,36.14,0.2065142857142857
429,187,14.520000000000003,0.07764705882352943
430,177,45.62999999999999,0.25779661016949146
431,177,-21.259999999999984,-0.1201129943502824
432,182,53.459999999999994,0.2937362637362637
433,176,67.75999999999999,0.38499999999999995
434,187,24.330000000000002,0.13010695187165777
435,182,-4.589999999999996,-0.025219780219780198
436,164,20.810000000000006,0.12689024390243905
437,182,45.400000000000006,0.24945054945054948
438,191,-13.869999999999997,-0.0726178010471204
439,177,-32.32000000000001,-0.18259887005649722
440,167,4.470000000000001,0.026766467065868268
441,177,-4.459999999999997,-0.025197740112994336
442,181,17.009999999999998,0.09397790055248617
443,174,-16.279999999999998,-0.09356321839080459
444,167,31.23000000000001,0.18700598802395216
445,189,120.53999999999999,0.6377777777777778
446,195,62.279999999999994,0.3193846153846154
447,169,13.079999999999998,0.077396449704142
448,181,16.1,0.08895027624309393
449,187,-17.230000000000004,-0.0921390374331551
450,183,-3.4800000000000004,-0.01901639344262295
451,179,11.780000000000005,0.06581005586592181
452,178,3.509999999999998,0.019719101123595494
453,182,43.279999999999994,0.23780219780219777
454,188,19.0,0.10106382978723404
455,173,84.38,0.48774566473988434
456,182,-7.479999999999998,-0.04109890109890109
457,175,-21.619999999999997,-0.12354285714285713
458,176,11.420000000000002,0.06488636363636364
459,178,0.1399999999999988,0.0007865168539325774
460,185,33.300000000000004,0.18000000000000002
461,193,31.45,0.16295336787564765
462,181,-39.77,-0.21972375690607737
463,172,52.33,0.3042441860465116
464,165,-6.870000000000004,-0.04163636363636366
465,172,54.81999999999999,0.3187209302325581
466,165,-3.980000000000004,-0.024121212121212144
467,177,9.589999999999993,0.05418079096045194
468,180,30.959999999999987,0.17199999999999993
469,176,43.22999999999999,0.24562499999999995
470,191,-20.43,-0.10696335078534032
471,189,48.96,0.259047619047619
472,181,-2.4999999999999964,-0.013812154696132577
473,179,27.289999999999992,0.15245810055865916
474,185,40.29,0.21778378378378377
475,178,-8.410000000000002,-0.047247191011235964
476,161,-0.8799999999999981,-0.005465838509316759
477,188,-3.3499999999999948,-0.017819148936170186
478,179,-7.190000000000003,-0.04016759776536315
479,179,-24.3,-0.13575418994413407
480,177,-52.85000000000001,-0.29858757062146896
481,185,74.46,0.40248648648648644
482,179,-56.84,-0.3175418994413408
483,186,-1.2499999999999964,-0.006720430107526863
484,186,-9.73,-0.05231182795698925
485,178,15.630000000000003,0.08780898876404496
486,182,25.389999999999993,0.13950549450549446
487,176,-17.79,-0.10107954545454545
488,173,3.37,0.01947976878612717
489,180,-7.959999999999994,-0.04422222222222219
490,185,-5.84,-0.03156756756756757
491,179,11.150000000000002,0.0622905027932961
492,178,56.10000000000001,0.31516853932584277
493,173,-0.1999999999999993,-0.0011560693641618457
494,177,-22.989999999999995,-0.12988700564971747
495,192,0.18000000000000327,0.000937500000000017
496,180,-3.4699999999999953,-0.01927777777777775
497,190,9.86,0.05189473684210526
498,186,2.9500000000000064,0.015860215053763477
499,184,-12.889999999999997,-0.07005434782608694
500,186,5.27,0.028333333333333332
501,196,-9.920000000000002,-0.050612244897959194
502,175,-13.559999999999999,-0.07748571428571428
503,171,-18.32,-0.10713450292397661
504,185,43.889999999999986,0.23724324324324317
505,179,11.809999999999995,0.06597765363128488
506,176,32.47,0.18448863636363635
507,184,-24.099999999999994,-0.13097826086956518
508,177,-20.43,-0.11542372881355932
509,182,23.729999999999993,0.13038461538461535
510,179,-39.349999999999994,-0.21983240223463685
511,178,-62.239999999999995,-0.34966292134831456
512,173,28.069999999999993,0.16225433526011557
513,177,-22.939999999999998,-0.12960451977401127
514,169,-6.919999999999999,-0.04094674556213017
515,190,-14.74,-0.07757894736842105
516,179,-29.810000000000002,-0.166536312849162
517,194,69.8,0.3597938144329897
518,169,-28.35,-0.16775147928994083
519,177,-12.809999999999995,-0.07237288135593217
520,195,5.689999999999997,0.02917948717948716
521,182,35.230000000000004,0.1935714285714286
522,183,59.57000000000001,0.32551912568306013
523,183,5.770000000000003,0.03153005464480876
524,176,-3.5400000000000045,-0.02011363636363639
525,173,13.490000000000009,0.07797687861271682
526,183,12.529999999999998,0.06846994535519124
527,177,-8.89,-0.05022598870056497
528,172,1.3900000000000077,0.008081395348837254
529,187,37.199999999999996,0.19893048128342244
530,178,52.3,0.29382022471910113
531,186,71.65,0.3852150537634409
532,180,34.559999999999995,0.19199999999999998
533,172,-12.590000000000005,-0.07319767441860468
534,190,9.120000000000001,0.04800000000000001
535,184,33.459999999999994,0.1818478260869565
536,170,20.509999999999998,0.1206470588235294
537,168,1.3899999999999997,0.008273809523809522
538,175,42.17999999999999,0.2410285714285714
539,171,6.089999999999996,0.03561403508771928
540,171,29.429999999999996,0.1721052631578947
541,185,-5.289999999999999,-0.02859459459459459
542,168,17.98999999999999,0.10708333333333328
543,183,46.75999999999999,0.25551912568306007
544,178,56.58000000000001,0.3178651685393259
545,194,27.839999999999996,0.14350515463917524
546,186,11.52,0.06193548387096774
547,178,-0.7600000000000016,-0.004269662921348324
548,169,11.020000000000007,0.06520710059171601
549,184,-31.629999999999995,-0.17190217391304347
550,181,8.14,0.04497237569060774
551,179,49.160000000000004,0.2746368715083799
552,175,-1.0599999999999987,-0.0060571428571428495
553,179,12.79000000000001,0.0714525139664805
554,175,30.389999999999993,0.17365714285714282
555,182,21.700000000000003,0.11923076923076925
556,174,-31.6,-0.18160919540229886
557,182,-5.299999999999997,-0.029120879120879104
558,177,2.650000000000002,0.014971751412429391
559,180,25.849999999999994,0.14361111111111108
560,174,3.8800000000000026,0.022298850574712658
561,175,-13.9,-0.07942857142857143
562,183,15.509999999999998,0.08475409836065573
563,174,-6.300000000000001,-0.03620689655172414
564,191,15.559999999999999,0.08146596858638742
565,175,34.849999999999994,0.19914285714285712
566,196,143.11,0.7301530612244899
567,179,6.620000000000003,0.0369832402234637
568,179,-26.520000000000003,-0.1481564245810056
569,180,43.4,0.2411111111111111
570,177,16.43,0.09282485875706215
571,187,-33.73,-0.18037433155080212
572,174,-37.89,-0.21775862068965518
573,181,47.85,0.26436464088397793
574,179,23.61,0.13189944134078213
575,184,-0.3699999999999939,-0.002010869565217358
576,179,19.129999999999995,0.10687150837988824
577,179,-4.67,-0.026089385474860335
578,176,58.46,0.3321590909090909
579,174,0.9999999999999964,0.005747126436781589
580,194,-13.400000000000002,-0.06907216494845361
581,180,-31.849999999999998,-0.17694444444444443
582,166,-49.25,-0.29668674698795183
583,180,-33.93000000000001,-0.18850000000000003
584,189,33.260000000000005,0.175978835978836
585,182,14.139999999999993,0.07769230769230766
586,177,-46.370000000000005,-0.26197740112994355
587,184,1.7600000000000016,0.009565217391304356
588,172,-18.65,-0.10843023255813952
589,183,-0.9299999999999962,-0.005081967213114733
590,178,-7.589999999999996,-0.04264044943820223
591,177,-4.550000000000004,-0.02570621468926556
592,173,38.59,0.22306358381502892
593,166,18.759999999999994,0.11301204819277105
594,182,-12.510000000000002,-0.06873626373626375
595,180,41.040000000000006,0.22800000000000004
596,184,-20.720000000000006,-0.11260869565217395
597,174,-12.8,-0.0735632183908046
598,177,-35.67999999999999,-0.20158192090395477
599,184,-5.170000000000002,-0.02809782608695653
600,188,92.68,0.49297872340425536
601,190,37.529999999999994,0.19752631578947366
602,183,13.64,0.07453551912568307
603,177,7.729999999999997,0.04367231638418077
604,182,19.0,0.1043956043956044
605,185,32.0,0.17297297297297298
606,195,23.260000000000005,0.11928205128205131
607,175,-21.749999999999996,-0.12428571428571426
608,182,-0.6799999999999997,-0.0037362637362637345
609,172,0.40999999999999925,0.002383720930232554
610,202,18.58999999999999,0.09202970297029697
611,185,-76.83,-0.4152972972972973
612,180,60.82000000000001,0.3378888888888889
613,169,-22.569999999999997,-0.13355029585798814
614,178,-7.370000000000001,-0.041404494382022476
615,168,12.68,0.07547619047619047
616,175,22.490000000000002,0.12851428571428572
617,180,32.44,0.1802222222222222
618,177,14.619999999999997,0.08259887005649716
619,178,3.679999999999996,0.020674157303370765
620,187,-16.599999999999998,-0.08877005347593582
621,183,-5.450000000000003,-0.02978142076502734
622,183,8.789999999999996,0.04803278688524588
623,180,-13.61,-0.0756111111111111
624,176,-6.510000000000002,-0.03698863636363637
625,172,29.600000000000005,0.172093023255814
626,187,29.27,0.156524064171123
627,179,7.75,0.04329608938547486
628,185,58.64999999999999,0.317027027027027
629,186,19.230000000000004,0.10338709677419357
630,183,37.42,0.2044808743169399
631,200,23.00999999999999,0.11504999999999996
632,190,2.1499999999999986,0.011315789473684203
633,177,23.030000000000005,0.1301129943502825
634,174,0.28999999999999915,0.0016666666666666618
635,188,-10.679999999999993,-0.05680851063829783
636,177,117.1,0.6615819209039547
637,178,9.649999999999995,0.05421348314606739
638,188,8.309999999999999,0.04420212765957446
639,180,7.199999999999996,0.03999999999999997
640,172,38.23,0.2222674418604651
641,181,45.989999999999995,0.2540883977900552
642,191,-3.0500000000000007,-0.01596858638743456
643,177,37.25,0.21045197740112995
644,168,27.04,0.16095238095238096
645,178,57.42,0.32258426966292136
646,177,35.13,0.19847457627118645
647,176,-28.980000000000008,-0.16465909090909095
648,170,-3.95,-0.02323529411764706
649,174,-12.62,-0.0725287356321839
650,179,31.430000000000003,0.17558659217877096
651,174,-9.430000000000001,-0.05419540229885058
652,179,17.520000000000007,0.09787709497206708
653,179,-14.280000000000001,-0.07977653631284917
654,177,-57.48,-0.3247457627118644
655,183,35.63999999999999,0.19475409836065571
656,184,1.4800000000000004,0.008043478260869567
657,187,16.659999999999997,0.08909090909090907
658,187,-8.230000000000008,-0.04401069518716581
659,174,38.63,0.2220114942528736
660,191,-7.529999999999998,-0.039424083769633494
661,191,-16.590000000000007,-0.08685863874345554
662,175,-47.38,-0.2707428571428572
663,194,93.01,0.4794329896907217
664,189,58.18999999999999,0.3078835978835978
665,174,-14.410000000000004,-0.08281609195402301
666,183,-11.490000000000002,-0.06278688524590165
667,183,5.990000000000004,0.03273224043715849
668,193,-6.600000000000002,-0.034196891191709856
669,183,72.02999999999999,0.3936065573770491
670,194,61.78999999999999,0.3185051546391752
671,177,-0.9200000000000008,-0.0051977401129943545
672,176,2.5399999999999956,0.014431818181818157
673,191,-17.76,-0.09298429319371729
674,182,36.889999999999986,0.20269230769230762
675,183,24.529999999999998,0.1340437158469945
676,172,60.010000000000005,0.34889534883720935
677,180,17.419999999999998,0.09677777777777777
678,172,16.3,0.09476744186046512
679,178,12.179999999999993,0.0684269662921348
680,172,48.029999999999994,0.2792441860465116
681,181,-1.2400000000000055,-0.006850828729281799
682,171,9.099999999999998,0.053216374269005835
683,178,23.25,0.1306179775280899
684,176,24.970000000000006,0.14187500000000003
685,179,71.77000000000001,0.40094972067039114
686,190,-18.00000000000001,-0.09473684210526322
687,194,46.2,0.23814432989690723
688,178,17.960000000000004,0.10089887640449441
689,183,21.11,0.1153551912568306
690,176,18.290000000000003,0.10392045454545457
691,171,31.76,0.1857309941520468
692,178,-33.36000000000001,-0.1874157303370787
693,179,-10.730000000000004,-0.059944134078212315
694,183,-18.389999999999993,-0.1004918032786885
695,175,30.170000000000005,0.17240000000000003
696,182,-27.23,-0.14961538461538462
697,186,-34.03,-0.18295698924731182
698,179,-38.94999999999999,-0.21759776536312841
699,189,15.92,0.08423280423280423
700,190,20.17,0.10615789473684212
701,180,-44.699999999999996,-0.24833333333333332
702,175,-30.17,-0.1724
703,174,-24.839999999999996,-0.14275862068965514
704,180,39.86,0.22144444444444444
705,192,-0.1800000000000015,-0.0009375000000000078
706,176,-4.320000000000002,-0.024545454545454558
707,177,36.57999999999999,0.2066666666666666
708,184,40.35,0.21929347826086956
709,183,33.03,0.18049180327868852
710,161,3.2899999999999974,0.020434782608695634
711,179,9.039999999999997,0.05050279329608937
712,175,70.47,0.40268571428571426
713,175,-28.17,-0.16097142857142857
714,192,18.68,0.09729166666666667
715,190,26.75,0.14078947368421052
716,165,38.46999999999999,0.2331515151515151
717,170,3.169999999999998,0.018647058823529402
718,180,-19.11000000000001,-0.10616666666666673
719,185,44.25,0.2391891891891892
720,171,-16.160000000000004,-0.09450292397660821
721,177,-10.37,-0.058587570621468923
722,175,30.50999999999999,0.17434285714285708
723,179,5.799999999999995,0.03240223463687148
724,171,-52.37,-0.30625730994152045
725,188,35.900000000000006,0.19095744680851068
726,185,23.879999999999995,0.12908108108108104
727,175,46.900000000000006,0.268
728,191,41.32,0.21633507853403142
729,177,-2.830000000000002,-0.015988700564971762
730,180,33.09,0.18383333333333335
731,181,36.37,0.200939226519337
732,167,3.2900000000000005,0.019700598802395212
733,190,18.329999999999995,0.0964736842105263
734,187,21.000000000000004,0.11229946524064173
735,181,19.43,0.10734806629834254
736,186,8.699999999999996,0.04677419354838707
737,182,30.389999999999997,0.16697802197802197
738,184,5.520000000000003,0.030000000000000016
739,178,14.18,0.07966292134831461
740,175,18.640000000000004,0.10651428571428574
741,174,34.89,0.20051724137931035
742,176,-11.280000000000001,-0.0640909090909091
743,176,1.7999999999999954,0.010227272727272701
744,179,24.689999999999994,0.1379329608938547
745,182,18.300000000000004,0.10054945054945057
746,168,-53.66000000000001,-0.31940476190476197
747,169,-58.45,-0.3458579881656805
748,176,-8.010000000000002,-0.04551136363636365
749,194,-23.15,-0.11932989690721649
750,184,31.01,0.16853260869565218
751,171,51.91,0.30356725146198826
752,179,4.869999999999994,0.027206703910614492
753,182,9.550000000000004,0.052472527472527494
754,193,19.76,0.10238341968911918
755,171,58.97,0.34485380116959063
756,168,-10.25,-0.06101190476190476
757,185,-40.42,-0.2184864864864865
758,178,-0.6199999999999992,-0.003483146067415726
759,174,-15.269999999999998,-0.08775862068965516
760,174,-10.419999999999998,-0.05988505747126436
761,181,23.60999999999999,0.13044198895027617
762,192,21.259999999999998,0.11072916666666666
763,176,2.99,0.016988636363636365
764,180,55.11,0.30616666666666664
765,185,66.25,0.3581081081081081
766,190,33.97,0.17878947368421053
767,182,4.979999999999993,0.027362637362637325
768,187,24.12,0.12898395721925135
769,182,32.059999999999995,0.17615384615384613
770,171,34.87,0.20391812865497075
771,180,37.11,0.20616666666666666
772,180,48.37,0.2687222222222222
773,178,-14.110000000000003,-0.07926966292134834
774,179,-15.399999999999999,-0.08603351955307262
775,179,79.64,0.44491620111731844
776,180,28.5,0.15833333333333333
777,197,13.0,0.06598984771573604
778,183,62.60000000000001,0.3420765027322405
779,190,-30.099999999999998,-0.15842105263157893
780,193,82.21999999999998,0.4260103626943004
781,189,-21.479999999999997,-0.11365079365079364
782,197,25.08,0.12730964467005076
783,192,52.790000000000006,0.2749479166666667
784,183,19.46,0.10633879781420766
785,187,-34.78999999999999,-0.18604278074866307
786,174,5.480000000000004,0.03149425287356324
787,174,-48.09,-0.2763793103448276
788,181,3.4200000000000017,0.0188950276243094
789,180,59.91,0.3328333333333333
790,170,11.990000000000004,0.07052941176470591
791,175,28.189999999999998,0.16108571428571428
792,171,-12.230000000000004,-0.07152046783625733
793,203,5.699999999999996,0.028078817733990128
794,178,52.16,0.2930337078651685
795,184,-10.980000000000002,-0.05967391304347827
796,180,14.320000000000006,0.07955555555555559
797,200,-55.919999999999995,-0.27959999999999996
798,183,-34.95,-0.19098360655737706
799,187,25.849999999999994,0.13823529411764704
800,176,12.3,0.06988636363636364
801,185,24.25,0.13108108108108107
802,178,-4.450000000000001,-0.025000000000000005
803,179,-1.7799999999999976,-0.009944134078212277
804,170,-6.090000000000001,-0.03582352941176471
805,186,53.129999999999995,0.2856451612903226
806,184,4.230000000000002,0.02298913043478262
807,189,-1.5800000000000054,-0.008359788359788388
808,176,20.37999999999999,0.11579545454545448
809,191,92.14,0.4824083769633508
810,181,-11.379999999999999,-0.06287292817679557
811,179,31.159999999999997,0.17407821229050277
812,183,44.94,0.24557377049180326
813,178,28.889999999999997,0.16230337078651683
814,166,-31.96,-0.19253012048192772
815,174,24.699999999999996,0.14195402298850573
816,188,62.44000000000001,0.33212765957446816
817,176,6.040000000000001,0.034318181818181824
818,177,-32.480000000000004,-0.18350282485875707
819,179,-7.95,-0.04441340782122905
820,171,55.44999999999999,0.32426900584795315
821,179,13.199999999999998,0.07374301675977653
822,164,19.349999999999998,0.11798780487804877
823,178,8.820000000000007,0.04955056179775285
824,175,-9.09,-0.051942857142857145
825,176,-18.000000000000004,-0.10227272727272729
826,183,21.160000000000004,0.11562841530054647
827,179,24.699999999999992,0.13798882681564242
828,183,28.150000000000006,0.15382513661202188
829,183,0.6300000000000008,0.0034426229508196762
830,181,5.2499999999999964,0.029005524861878434
831,173,-31.169999999999995,-0.18017341040462426
832,167,-1.8100000000000005,-0.010838323353293416
833,187,3.2599999999999945,0.017433155080213873
834,178,-27.16,-0.15258426966292135
835,191,-15.580000000000005,-0.08157068062827227
836,169,-15.68,-0.0927810650887574
837,171,6.649999999999998,0.038888888888888876
838,177,67.05,0.37881355932203387
839,177,-7.98,-0.04508474576271187
840,182,-4.1200000000000045,-0.022637362637362664
841,182,31.149999999999995,0.17115384615384613
842,178,-37.03,-0.20803370786516853
843,177,-81.28000000000002,-0.45920903954802267
844,186,-22.06,-0.1186021505376344
845,178,23.249999999999993,0.13061797752808985
846,184,39.290000000000006,0.21353260869565222
847,174,25.55,0.14683908045977012
848,186,19.2,0.1032258064516129
849,179,-1.379999999999999,-0.007709497206703905
850,184,-11.030000000000005,-0.05994565217391307
851,192,-20.429999999999993,-0.10640624999999997
852,180,28.42,0.1578888888888889
853,177,-68.18,-0.3851977401129944
854,180,-40.15,-0.22305555555555553
855,193,-39.06999999999999,-0.20243523316062173
856,178,20.599999999999998,0.11573033707865167
857,174,20.880000000000003,0.12000000000000001
858,178,34.709999999999994,0.19499999999999995
859,184,13.980000000000008,0.07597826086956526
860,180,0.05000000000000426,0.00027777777777780147
861,189,66.44999999999999,0.3515873015873015
862,176,-38.17,-0.216875
863,177,88.78999999999999,0.501638418079096
864,184,31.89,0.17331521739130434
865,185,34.690000000000005,0.18751351351351353
866,173,16.19,0.09358381502890174
867,179,15.090000000000003,0.08430167597765365
868,177,27.31,0.15429378531073445
869,184,68.92000000000002,0.37456521739130444
870,180,15.66,0.087
871,181,-52.94,-0.29248618784530384
872,175,-5.110000000000003,-0.029200000000000018
873,170,13.96,0.08211764705882353
874,169,22.719999999999995,0.13443786982248518
875,175,-11.74,-0.06708571428571429
876,180,35.040000000000006,0.1946666666666667
877,173,-8.790000000000006,-0.05080924855491333
878,193,42.55,0.2204663212435233
879,179,5.6899999999999995,0.031787709497206704
880,170,6.67,0.039235294117647056
881,185,-29.010000000000005,-0.15681081081081083
882,183,-10.77,-0.05885245901639344
883,196,79.94,0.40785714285714286
884,179,79.44,0.44379888268156426
885,176,19.67,0.11176136363636364
886,180,26.470000000000002,0.14705555555555558
887,191,22.18999999999999,0.11617801047120414
888,179,-19.349999999999994,-0.10810055865921785
889,190,45.5,0.2394736842105263
890,178,-42.93,-0.24117977528089887
891,172,78.84,0.4583720930232558
892,182,-55.4,-0.30439560439560437
893,178,-23.24,-0.130561797752809
894,180,-26.909999999999997,-0.1495
895,177,9.930000000000003,0.056101694915254255
896,177,-7.580000000000005,-0.04282485875706218
897,182,7.34,0.04032967032967033
898,186,26.189999999999998,0.14080645161290323
899,171,-13.889999999999995,-0.08122807017543857
900,187,39.8,0.21283422459893048
901,177,-28.23,-0.15949152542372882
902,184,32.89999999999999,0.17880434782608692
903,174,-3.7400000000000038,-0.02149425287356324
904,181,7.56,0.04176795580110497
905,175,-17.92,-0.1024
906,173,-36.5,-0.21098265895953758
907,178,62.5,0.351123595505618
908,178,-18.21,-0.10230337078651686
909,177,31.64,0.17875706214689266
910,177,35.05,0.1980225988700565
911,176,46.4,0.2636363636363636
912,174,41.08,0.2360919540229885
913,175,-9.740000000000002,-0.05565714285714287
914,177,10.860000000000003,0.06135593220338985
915,189,-30.160000000000004,-0.1595767195767196
916,173,11.210000000000004,0.0647976878612717
917,181,-2.130000000000001,-0.011767955801104976
918,178,12.639999999999999,0.07101123595505618
919,171,53.699999999999996,0.3140350877192982
920,184,-17.55,-0.0953804347826087
921,183,17.850000000000005,0.0975409836065574
922,183,69.58999999999999,0.3802732240437158
923,178,-4.390000000000002,-0.02466292134831462
924,182,-10.860000000000003,-0.05967032967032969
925,181,-4.8600000000000065,-0.026850828729281805
926,172,-18.14,-0.10546511627906976
927,180,30.78,0.171
928,180,23.760000000000005,0.13200000000000003
929,179,28.150000000000002,0.15726256983240225
930,179,5.409999999999998,0.03022346368715083
931,193,-7.930000000000007,-0.04108808290155444
932,177,16.32,0.09220338983050848
933,168,28.169999999999998,0.16767857142857143
934,181,5.679999999999996,0.03138121546961324
935,180,79.5,0.44166666666666665
936,162,-24.61,-0.15191358024691357
937,178,18.619999999999997,0.10460674157303369
938,185,-55.24,-0.2985945945945946
939,188,40.53,0.21558510638297873
940,171,-41.08,-0.24023391812865497
941,194,67.08000000000001,0.34577319587628874
942,184,5.93,0.03222826086956521
943,182,31.940000000000005,0.17549450549450551
944,166,46.65,0.28102409638554215
945,186,76.07,0.4089784946236559
946,194,35.099999999999994,0.18092783505154636
947,180,14.750000000000004,0.08194444444444446
948,185,49.53000000000001,0.26772972972972975
949,192,-5.02,-0.02614583333333333
950,171,61.16,0.3576608187134503
951,177,26.440000000000005,0.14937853107344634
952,181,4.049999999999997,0.02237569060773479
953,182,-6.789999999999995,-0.03730769230769228
954,167,39.06999999999999,0.2339520958083832
955,178,49.06999999999999,0.27567415730337075
956,179,-24.22,-0.1353072625698324
957,176,43.93,0.24960227272727273
958,187,26.759999999999998,0.14310160427807486
959,183,1.5700000000000003,0.008579234972677598
960,176,30.80999999999999,0.17505681818181815
961,176,-25.730000000000004,-0.14619318181818183
962,192,68.07,0.35453124999999996
963,193,31.55999999999999,0.16352331606217613
964,179,26.019999999999996,0.14536312849162009
965,188,-0.2900000000000027,-0.0015425531914893761
966,193,35.190000000000005,0.1823316062176166
967,170,-59.67,-0.35100000000000003
968,188,-27.539999999999996,-0.14648936170212765
969,185,9.150000000000004,0.04945945945945948
970,178,12.819999999999997,0.07202247191011234
971,186,-2.0799999999999947,-0.011182795698924703
972,177,18.189999999999998,0.10276836158192089
973,173,11.999999999999996,0.06936416184971096
974,178,-7.850000000000002,-0.04410112359550563
975,183,-28.669999999999998,-0.15666666666666665
976,181,-5.729999999999997,-0.03165745856353589
977,191,41.910000000000004,0.21942408376963352
978,175,-5.330000000000005,-0.030457142857142887
979,186,-23.12999999999999,-0.12435483870967735
980,178,4.989999999999996,0.028033707865168515
981,174,-66.37,-0.3814367816091954
982,177,48.31999999999999,0.27299435028248586
983,170,42.989999999999995,0.25288235294117645
984,181,-21.25,-0.11740331491712708
985,179,2.280000000000001,0.012737430167597772
986,192,8.429999999999994,0.04390624999999997
987,180,19.989999999999995,0.11105555555555553
988,180,-7.640000000000001,-0.042444444444444444
989,187,7.82,0.04181818181818182
990,176,-38.31000000000001,-0.2176704545454546
991,174,36.29,0.2085632183908046
992,182,45.019999999999996,0.24736263736263733
993,165,28.760000000000005,0.17430303030303032
994,175,34.24999999999999,0.19571428571428567
995,180,36.42,0.20233333333333334
996,182,-4.98,-0.027362637362637363
997,182,19.46,0.10692307692307693
998,163,14.319999999999997,0.0878527607361963
999,189,-9.270000000000005,-0.049047619047619076
1000,183,-7.870000000000001,-0.04300546448087432
1001,195,39.91,0.20466666666666664
1002,191,20.75,0.10863874345549739
1003,189,29.91,0.15825396825396826
1004,172,-5.449999999999999,-0.0316860465116279
1005,188,22.999999999999993,0.12234042553191486
1006,181,19.840000000000003,0.10961325966850831
1007,177,-34.52,-0.19502824858757065
1008,183,-8.029999999999998,-0.04387978142076501
1009,180,-70.93,-0.3940555555555556
1010,183,-1.019999999999996,-0.0055737704918032566
1011,178,0.5300000000000011,0.002977528089887647
1012,175,31.7,0.18114285714285713
1013,173,43.82,0.2532947976878613
1014,181,-23.49,-0.12977900552486188
1015,164,32.67,0.19920731707317074
1016,182,6.509999999999998,0.03576923076923076
1017,178,-14.330000000000002,-0.0805056179775281
1018,178,2.6199999999999974,0.014719101123595492
1019,179,48.25000000000001,0.2695530726256984
1020,176,29.469999999999995,0.1674431818181818
1021,177,9.44,0.05333333333333333
1022,169,43.61,0.2580473372781065
1023,184,-29.279999999999998,-0.1591304347826087
1024,170,13.699999999999998,0.08058823529411763
1025,183,-5.159999999999997,-0.02819672131147539
1026,179,-3.9200000000000035,-0.02189944134078214
1027,179,16.690000000000005,0.09324022346368718
1028,195,-11.700000000000003,-0.06000000000000001
1029,180,26.060000000000002,0.14477777777777778
1030,166,10.78,0.06493975903614457
1031,190,-34.110000000000014,-0.17952631578947376
1032,178,-13.73,-0.07713483146067417
1033,169,49.900000000000006,0.29526627218934914
1034,176,-8.819999999999993,-0.050113636363636326
1035,175,-15.500000000000004,-0.08857142857142859
1036,183,13.899999999999995,0.07595628415300544
1037,176,34.37,0.1952840909090909
1038,184,51.8,0.28152173913043477
1039,177,-54.88999999999999,-0.31011299435028244
1040,173,-33.550000000000004,-0.19393063583815032
1041,184,27.509999999999994,0.14951086956521736
1042,177,28.92,0.16338983050847458
1043,193,47.43,0.24575129533678755
1044,192,34.5,0.1796875
1045,175,65.6,0.37485714285714283
1046,176,19.81,0.11255681818181817
1047,174,-44.28999999999999,-0.2545402298850574
1048,185,64.17999999999999,0.3469189189189189
1049,182,-9.679999999999996,-0.05318681318681317
1050,175,-3.3700000000000023,-0.019257142857142872
1051,178,-48.94,-0.2749438202247191
1052,181,-51.61999999999999,-0.2851933701657458
1053,205,49.419999999999995,0.24107317073170728
1054,169,61.03,0.3611242603550296
1055,169,35.2,0.20828402366863907
1056,190,-17.100000000000005,-0.09000000000000002
1057,174,0.1399999999999899,0.0008045977011493673
1058,193,-7.259999999999998,-0.03761658031088082
1059,181,5.079999999999995,0.02806629834254141
1060,187,28.349999999999998,0.1516042780748663
1061,201,10.209999999999997,0.0507960199004975
1062,187,27.259999999999998,0.1457754010695187
1063,180,-11.170000000000002,-0.062055555555555565
1064,174,17.620000000000005,0.10126436781609198
1065,182,14.079999999999998,0.07736263736263735
1066,183,19.880000000000003,0.10863387978142078
1067,189,6.500000000000002,0.034391534391534404
1068,176,12.060000000000006,0.0685227272727273
1069,183,-14.52,-0.07934426229508197
1070,174,10.549999999999997,0.060632183908045964
1071,174,-13.910000000000002,-0.07994252873563219
1072,188,-28.2,-0.15
1073,187,22.48,0.12021390374331552
1074,191,48.070000000000014,0.25167539267015715
1075,182,36.58999999999999,0.20104395604395597
1076,176,30.810000000000002,0.1750568181818182
1077,180,32.37999999999999,0.17988888888888882
1078,184,30.279999999999998,0.16456521739130434
1079,169,3.290000000000001,0.01946745562130178
1080,191,25.95,0.13586387434554972
1081,173,-14.110000000000001,-0.0815606936416185
1082,186,-3.360000000000003,-0.018064516129032274
1083,184,30.439999999999998,0.16543478260869565
1084,187,42.52,0.22737967914438503
1085,181,63.58,0.3512707182320442
1086,176,-4.98,-0.028295454545454547
1087,177,57.26,0.32350282485875703
1088,190,46.29,0.24363157894736842
1089,178,42.86000000000001,0.24078651685393263
1090,173,-69.99,-0.40456647398843926
1091,176,-42.06,-0.23897727272727273
1092,187,2.51,0.013422459893048128
1093,185,38.519999999999996,0.2082162162162162
1094,183,44.89,0.24530054644808744
1095,169,-21.979999999999997,-0.1300591715976331
1096,188,-11.400000000000002,-0.06063829787234044
1097,184,12.480000000000004,0.06782608695652176
1098,178,-9.110000000000003,-0.05117977528089889
1099,187,10.86999999999999,0.058128342245989256
1100,185,5.199999999999996,0.028108108108108085
1101,181,47.010000000000005,0.25972375690607735
1102,189,65.42,0.34613756613756613
1103,188,17.15,0.09122340425531913
1104,179,42.88000000000001,0.2395530726256984
1105,182,29.56,0.16241758241758242
1106,170,-8.369999999999997,-0.049235294117647044
1107,182,35.66,0.19593406593406593
1108,175,-18.829999999999995,-0.10759999999999997
1109,169,-7.220000000000002,-0.04272189349112428
1110,182,-8.44,-0.046373626373626374
1111,178,-6.199999999999996,-0.03483146067415728
1112,179,41.79,0.23346368715083798
1113,177,34.900000000000006,0.1971751412429379
1114,176,1.5700000000000038,0.008920454545454566
1115,185,-31.199999999999996,-0.16864864864864862
1116,181,-33.730000000000004,-0.18635359116022102
1117,181,-19.839999999999996,-0.10961325966850827
1118,173,38.8,0.22427745664739882
1119,180,14.119999999999997,0.07844444444444443
1120,167,-20.490000000000002,-0.12269461077844313
1121,177,7.83,0.044237288135593224
1122,185,30.640000000000004,0.16562162162162164
1123,177,54.75999999999999,0.30937853107344626
1124,189,37.14,0.19650793650793652
1125,177,-20.750000000000004,-0.11723163841807911
1126,177,-17.080000000000005,-0.09649717514124297
1127,168,4.650000000000004,0.02767857142857145
1128,178,35.589999999999996,0.19994382022471907
1129,180,21.78,0.12100000000000001
1130,181,61.89,0.34193370165745857
1131,180,24.71,0.13727777777777778
1132,179,-6.269999999999996,-0.035027932960893834
1133,178,-0.9400000000000013,-0.005280898876404502
1134,181,-5.749999999999998,-0.03176795580110496
1135,175,5.500000000000002,0.03142857142857144
1136,180,51.7,0.2872222222222222
1137,179,-1.7799999999999963,-0.00994413407821227
1138,173,-8.200000000000001,-0.04739884393063584
1139,190,9.519999999999998,0.05010526315789472
1140,161,17.870000000000005,0.1109937888198758
1141,182,-9.159999999999997,-0.05032967032967031
1142,174,32.589999999999996,0.18729885057471263
1143,188,1.8600000000000065,0.00989361702127663
1144,196,40.660000000000004,0.20744897959183675
1145,167,22.839999999999996,0.13676646706586823
1146,179,26.959999999999997,0.15061452513966478
1147,174,52.48999999999998,0.3016666666666666
1148,175,-15.140000000000004,-0.08651428571428574
1149,186,2.1800000000000033,0.0117204301075269
1150,179,-14.559999999999999,-0.08134078212290502
1151,176,15.55,0.08835227272727274
1152,184,40.91,0.2223369565217391
1153,173,26.21999999999999,0.15156069364161845
1154,170,-17.08,-0.1004705882352941
1155,186,25.93,0.13940860215053763
1156,195,6.069999999999993,0.031128205128205095
1157,182,16.8,0.09230769230769231
1158,170,-28.21,-0.16594117647058823
1159,179,-32.97,-0.18418994413407822
1160,181,10.040000000000003,0.055469613259668524
1161,192,-7.260000000000002,-0.037812500000000006
1162,184,-37.699999999999996,-0.20489130434782607
1163,176,11.280000000000001,0.0640909090909091
1164,194,12.57,0.06479381443298969
1165,178,59.08,0.33191011235955054
1166,181,51.470000000000006,0.28436464088397795
1167,175,5.800000000000002,0.033142857142857154
1168,190,11.309999999999999,0.05952631578947368
1169,178,8.46,0.04752808988764046
1170,174,-24.240000000000006,-0.13931034482758625
1171,176,-3.9000000000000004,-0.02215909090909091
1172,175,-17.740000000000002,-0.10137142857142858
1173,177,39.35,0.22231638418079097
1174,173,28.69,0.16583815028901736
1175,181,22.209999999999997,0.12270718232044198
1176,184,-7.9,-0.042934782608695654
1177,180,-12.14,-0.06744444444444445
1178,175,34.32000000000001,0.19611428571428577
1179,171,10.72999999999999,0.06274853801169585
1180,170,-1.019999999999996,-0.005999999999999977
1181,176,-12.489999999999998,-0.07096590909090908
1182,180,18.720000000000006,0.10400000000000004
1183,189,-48.18,-0.25492063492063494
1184,180,47.709999999999994,0.26505555555555554
1185,181,34.190000000000005,0.18889502762430943
1186,188,33.03,0.17569148936170215
1187,176,-57.75,-0.328125
1188,190,3.3400000000000034,0.01757894736842107
1189,192,10.35,0.053906249999999996
1190,186,33.35000000000001,0.17930107526881725
1191,176,0.23000000000000131,0.0013068181818181894
1192,182,-52.47,-0.2882967032967033
1193,169,-60.69,-0.3591124260355029
1194,179,-1.0999999999999943,-0.006145251396648013
1195,188,12.830000000000002,0.06824468085106385
1196,183,24.25,0.1325136612021858
1197,192,10.930000000000007,0.05692708333333337
1198,173,16.830000000000002,0.09728323699421966
1199,170,19.970000000000002,0.11747058823529413
1200,188,46.9,0.24946808510638296
1201,173,-11.699999999999996,-0.06763005780346819
1202,182,1.1000000000000014,0.006043956043956052
1203,174,-1.5500000000000043,-0.008908045977011518
1204,198,72.89,0.36813131313131314
1205,175,19.400000000000002,0.11085714285714286
1206,172,17.970000000000006,0.10447674418604655
1207,178,51.309999999999995,0.2882584269662921
1208,175,18.89,0.10794285714285715
1209,176,19.61,0.11142045454545454
1210,182,49.44,0.27164835164835166
1211,169,3.9299999999999997,0.023254437869822484
1212,173,32.45,0.18757225433526012
1213,185,46.66000000000001,0.25221621621621626
1214,183,-7.820000000000004,-0.04273224043715849
1215,178,-2.9699999999999953,-0.01668539325842694
1216,188,-22.419999999999998,-0.11925531914893615
1217,170,-13.3,-0.07823529411764707
1218,164,14.999999999999998,0.09146341463414633
1219,179,33.64,0.18793296089385475
1220,187,20.93,0.11192513368983957
1221,167,-5.139999999999997,-0.03077844311377244
1222,176,-11.450000000000001,-0.06505681818181819
1223,180,10.579999999999995,0.05877777777777775
1224,179,-17.680000000000003,-0.09877094972067041
1225,192,22.47,0.11703124999999999
1226,178,21.32,0.1197752808988764
1227,193,79.02,0.4094300518134715
1228,177,2.969999999999996,0.01677966101694913
1229,188,28.31000000000001,0.15058510638297878
1230,180,8.809999999999995,0.048944444444444415
1231,184,-45.870000000000005,-0.2492934782608696
1232,169,-10.899999999999995,-0.06449704142011832
1233,168,71.7,0.4267857142857143
1234,184,-25.510000000000005,-0.13864130434782612
1235,192,60.35000000000001,0.31432291666666673
1236,182,29.570000000000007,0.16247252747252752
1237,177,27.400000000000006,0.1548022598870057
1238,184,47.2,0.2565217391304348
1239,178,50.459999999999994,0.2834831460674157
1240,172,32.949999999999996,0.19156976744186044
1241,178,1.809999999999996,0.010168539325842675
1242,179,53.91,0.30117318435754187
1243,197,37.78999999999999,0.19182741116751265
1244,183,-5.830000000000005,-0.031857923497267786
1245,181,1.8500000000000032,0.01022099447513814
1246,191,22.360000000000007,0.11706806282722516
1247,181,55.42,0.3061878453038674
1248,176,-78.69,-0.4471022727272727
1249,185,14.8,0.08
1250,191,47.099999999999994,0.24659685863874342
1251,189,1.8399999999999856,0.00973544973544966
1252,195,54.739999999999995,0.2807179487179487
1253,173,-4.059999999999999,-0.02346820809248554
1254,186,55.69,0.2994086021505376
1255,181,-12.849999999999998,-0.07099447513812153
1256,181,-7.289999999999999,-0.04027624309392265
1257,178,-22.570000000000004,-0.12679775280898878
1258,162,14.549999999999988,0.08981481481481474
1259,178,31.950000000000003,0.17949438202247192
1260,166,27.01,0.16271084337349398
1261,178,53.94,0.30303370786516853
1262,185,91.45,0.4943243243243243
1263,177,26.26,0.14836158192090396
1264,189,45.790000000000006,0.2422751322751323
1265,179,-13.010000000000002,-0.07268156424581007
1266,196,17.890000000000008,0.09127551020408167
1267,180,-22.969999999999995,-0.1276111111111111
1268,170,-10.340000000000003,-0.06082352941176473
1269,168,-18.3,-0.10892857142857143
1270,174,81.8,0.4701149425287356
1271,168,-52.74,-0.31392857142857145
1272,176,27.22,0.1546590909090909
1273,191,34.60999999999999,0.18120418848167535
1274,169,-12.350000000000003,-0.0730769230769231
1275,193,-14.560000000000002,-0.07544041450777203
1276,182,-5.850000000000005,-0.03214285714285717
1277,175,-48.19,-0.27537142857142854
1278,171,8.130000000000006,0.04754385964912284
1279,182,39.27,0.2157692307692308
1280,183,-21.76,-0.11890710382513663
1281,183,30.45,0.1663934426229508
1282,176,56.89,0.32323863636363637
1283,183,25.560000000000002,0.13967213114754098
1284,186,-18.689999999999998,-0.10048387096774192
1285,181,21.139999999999993,0.1167955801104972
1286,177,3.0599999999999987,0.01728813559322033
1287,181,-12.230000000000002,-0.06756906077348067
1288,173,-13.41,-0.07751445086705203
1289,180,16.799999999999997,0.09333333333333332
1290,176,-29.469999999999995,-0.1674431818181818
1291,181,-11.510000000000002,-0.06359116022099448
1292,184,-32.27000000000001,-0.17538043478260876
1293,183,-10.339999999999996,-0.056502732240437135
1294,183,12.969999999999995,0.07087431693989069
1295,168,33.25,0.19791666666666666
1296,186,17.139999999999997,0.09215053763440859
1297,171,64.21,0.3754970760233918
1298,180,16.41,0.09116666666666667
1299,174,17.900000000000002,0.10287356321839082
1300,185,24.370000000000005,0.13172972972972977
1301,160,61.73,0.3858125
1302,193,28.29,0.146580310880829
1303,183,-1.2399999999999984,-0.006775956284152997
1304,193,62.11999999999999,0.3218652849740932
1305,191,83.35,0.4363874345549738
1306,190,54.57000000000001,0.2872105263157895
1307,177,-16.66,-0.09412429378531073
1308,184,13.479999999999997,0.07326086956521738
1309,190,-50.35,-0.265
1310,178,35.040000000000006,0.1968539325842697
1311,185,-1.869999999999994,-0.010108108108108076
1312,175,28.58,0.16331428571428572
1313,174,21.970000000000006,0.126264367816092
1314,178,-9.469999999999999,-0.05320224719101123
1315,185,32.27000000000001,0.17443243243243248
1316,183,11.41,0.062349726775956286
1317,174,-17.549999999999997,-0.10086206896551722
1318,186,38.910000000000004,0.2091935483870968
1319,186,31.669999999999998,0.17026881720430107
1320,184,2.4899999999999967,0.013532608695652155
1321,174,19.609999999999996,0.11270114942528733
1322,179,2.3299999999999983,0.013016759776536303
1323,192,37.63,0.19598958333333336
1324,172,25.780000000000005,0.14988372093023258
1325,181,8.199999999999996,0.04530386740331489
1326,173,-10.719999999999999,-0.06196531791907514
1327,179,34.089999999999996,0.19044692737430166
1328,183,43.93000000000001,0.2400546448087432
1329,187,30.630000000000003,0.1637967914438503
1330,176,15.619999999999996,0.08874999999999998
1331,175,-12.589999999999998,-0.07194285714285713
1332,173,-11.07,-0.06398843930635838
1333,179,4.479999999999997,0.025027932960893836
1334,179,46.55,0.2600558659217877
1335,184,-0.01999999999999602,-0.00010869565217389142
1336,182,29.429999999999996,0.1617032967032967
1337,183,15.57999999999999,0.08513661202185786
1338,188,8.059999999999999,0.04287234042553191
1339,164,-12.729999999999997,-0.07762195121951218
1340,175,50.08000000000001,0.28617142857142863
1341,174,-2.259999999999998,-0.012988505747126426
1342,173,22.76,0.13156069364161851
1343,179,-1.7100000000000017,-0.009553072625698334
1344,174,-24.619999999999997,-0.1414942528735632
1345,172,-4.850000000000001,-0.02819767441860466
1346,176,22.789999999999992,0.1294886363636363
1347,180,-14.810000000000004,-0.0822777777777778
1348,176,17.009999999999994,0.09664772727272725
1349,170,1.6399999999999997,0.00964705882352941
1350,182,-30.539999999999996,-0.16780219780219777
1351,180,-32.25000000000001,-0.1791666666666667
1352,172,-36.78,-0.21383720930232558
1353,172,10.910000000000004,0.06343023255813955
1354,181,28.080000000000002,0.15513812154696133
1355,195,6.810000000000009,0.03492307692307697
1356,176,-24.72,-0.14045454545454544
1357,180,16.529999999999998,0.09183333333333332
1358,179,-6.039999999999999,-0.033743016759776534
1359,182,2.620000000000001,0.014395604395604401
1360,179,-4.689999999999997,-0.026201117318435736
1361,183,-38.89,-0.2125136612021858
1362,180,-7.650000000000006,-0.04250000000000003
1363,195,-19.139999999999997,-0.09815384615384613
1364,160,14.409999999999998,0.09006249999999999
1365,178,4.740000000000002,0.026629213483146078
1366,188,28.85,0.15345744680851064
1367,176,5.32,0.030227272727272728
1368,184,75.35999999999999,0.40956521739130425
1369,176,8.310000000000002,0.04721590909090911
1370,174,-33.12,-0.19034482758620688
1371,185,52.489999999999995,0.2837297297297297
1372,179,31.57,0.1763687150837989
1373,177,-25.33999999999999,-0.14316384180790953
1374,177,20.93,0.11824858757062147
1375,181,18.270000000000003,0.10093922651933704
1376,181,-1.2199999999999998,-0.006740331491712706
1377,187,-43.260000000000005,-0.23133689839572194
1378,188,-0.26000000000000156,-0.0013829787234042636
1379,184,-19.580000000000005,-0.1064130434782609
1380,179,3.4099999999999966,0.01905027932960892
1381,164,-1.640000000000005,-0.01000000000000003
1382,194,-5.0799999999999965,-0.02618556701030926
1383,169,74.42999999999999,0.4404142011834319
1384,173,12.889999999999997,0.07450867052023119
1385,185,-10.010000000000009,-0.054108108108108156
1386,176,12.760000000000002,0.07250000000000001
1387,166,-0.34000000000000163,-0.0020481927710843473
1388,179,-38.87,-0.2171508379888268
1389,195,63.7,0.32666666666666666
1390,186,4.009999999999991,0.02155913978494619
1391,173,41.010000000000005,0.23705202312138732
1392,176,9.879999999999995,0.05613636363636361
1393,182,-57.510000000000005,-0.315989010989011
1394,196,12.279999999999998,0.06265306122448978
1395,173,-6.930000000000003,-0.040057803468208114
1396,177,36.22,0.20463276836158192
1397,187,-25.709999999999994,-0.13748663101604275
1398,178,7.919999999999997,0.04449438202247189
1399,194,21.529999999999998,0.11097938144329896
1400,178,-25.17,-0.1414044943820225
1401,179,0.9999999999999956,0.005586592178770925
1402,175,35.47,0.20268571428571427
1403,203,78.45,0.38645320197044336
1404,176,39.779999999999994,0.22602272727272724
1405,184,10.300000000000004,0.05597826086956524
1406,182,42.16,0.23164835164835162
1407,176,-2.710000000000005,-0.0153977272727273
1408,178,13.670000000000002,0.07679775280898878
1409,185,-19.790000000000003,-0.106972972972973
1410,179,19.439999999999994,0.10860335195530724
1411,182,34.59,0.19005494505494508
1412,188,-44.44000000000001,-0.23638297872340433
1413,176,9.219999999999999,0.05238636363636363
1414,182,9.719999999999999,0.0534065934065934
1415,187,11.210000000000008,0.05994652406417116
1416,191,31.809999999999995,0.16654450261780102
1417,186,-13.09,-0.0703763440860215
1418,173,-9.780000000000001,-0.05653179190751446
1419,189,-0.3299999999999983,-0.001746031746031737
1420,189,19.920000000000005,0.10539682539682542
1421,170,30.189999999999998,0.17758823529411763
1422,190,-50.19999999999999,-0.2642105263157894
1423,183,21.43,0.11710382513661202
1424,165,-19.470000000000006,-0.11800000000000004
1425,190,62.269999999999996,0.32773684210526316
1426,175,-38.45,-0.21971428571428572
1427,172,24.04,0.1397674418604651
1428,190,-22.07,-0.11615789473684211
1429,178,6.53,0.03668539325842697
1430,189,-2.0700000000000003,-0.010952380952380953
1431,172,30.419999999999998,0.17686046511627906
1432,180,2.8599999999999985,0.01588888888888888
1433,184,-43.33,-0.2354891304347826
1434,185,24.129999999999992,0.13043243243243238
1435,185,-40.43000000000001,-0.2185405405405406
1436,176,-16.29,-0.09255681818181817
1437,185,-32.89999999999999,-0.1778378378378378
1438,171,30.65,0.17923976608187134
1439,187,-29.8,-0.15935828877005348
1440,180,39.71000000000001,0.22061111111111115
1441,176,1.1300000000000026,0.00642045454545456
1442,184,64.95,0.35298913043478264
1443,181,27.99,0.15464088397790055
1444,174,7.719999999999999,0.04436781609195402
1445,174,-48.6,-0.2793103448275862
1446,183,10.109999999999996,0.05524590163934424
1447,186,61.980000000000004,0.3332258064516129
1448,174,-37.97,-0.2182183908045977
1449,173,-8.120000000000001,-0.0469364161849711
1450,187,11.880000000000004,0.0635294117647059
1451,176,19.639999999999997,0.11159090909090907
1452,191,20.820000000000004,0.10900523560209426
1453,178,5.870000000000001,0.032977528089887645
1454,184,81.14999999999999,0.44103260869565214
1455,189,3.509999999999998,0.01857142857142856
1456,174,23.660000000000004,0.1359770114942529
1457,166,73.45,0.4424698795180723
1458,178,-1.0500000000000078,-0.005898876404494426
1459,194,16.900000000000002,0.08711340206185568
1460,171,-32.81,-0.19187134502923978
1461,186,-20.610000000000003,-0.11080645161290324
1462,178,15.27,0.08578651685393258
1463,187,50.28,0.26887700534759357
1464,203,78.47999999999999,0.38660098522167485
1465,161,56.050000000000004,0.34813664596273297
1466,180,3.099999999999996,0.0172222222222222
1467,174,-20.050000000000004,-0.1152298850574713
1468,191,13.500000000000004,0.07068062827225133
1469,170,-9.740000000000004,-0.05729411764705884
1470,176,68.89999999999998,0.3914772727272726
1471,174,-4.150000000000002,-0.02385057471264369
1472,169,-8.100000000000001,-0.047928994082840244
1473,175,55.300000000000004,0.316
1474,182,22.08,0.12131868131868132
1475,172,36.06999999999999,0.20970930232558135
1476,181,5.700000000000004,0.03149171270718234
1477,182,-11.630000000000006,-0.06390109890109893
1478,177,-1.9100000000000001,-0.010790960451977402
1479,182,-25.249999999999993,-0.1387362637362637
1480,187,33.14,0.1772192513368984
1481,164,7.919999999999989,0.0482926829268292
1482,186,25.740000000000002,0.13838709677419356
1483,180,-16.67,-0.09261111111111112
1484,176,10.590000000000003,0.06017045454545456
1485,173,6.539999999999997,0.037803468208092474
1486,193,35.64,0.18466321243523318
1487,178,-0.25999999999999446,-0.0014606741573033398
1488,180,-5.640000000000001,-0.03133333333333334
1489,176,-18.520000000000003,-0.10522727272727274
1490,171,45.040000000000006,0.2633918128654971
1491,169,13.41,0.0793491124260355
1492,190,-24.740000000000002,-0.13021052631578947
1493,182,10.57,0.05807692307692308
1494,190,74.22999999999999,0.39068421052631574
1495,174,28.42,0.16333333333333333
1496,177,10.58,0.05977401129943503
1497,174,-8.34,-0.04793103448275862
1498,180,6.1399999999999935,0.03411111111111108
1499,175,-21.469999999999995,-0.12268571428571426
1500,191,-10.560000000000002,-0.05528795811518326
1501,179,5.830000000000005,0.03256983240223467
1502,186,44.7,0.2403225806451613
1503,170,38.84,0.22847058823529415
1504,185,19.269999999999996,0.10416216216216215
1505,175,12.709999999999997,0.07262857142857142
1506,184,52.500000000000014,0.28532608695652184
1507,173,-28.020000000000003,-0.16196531791907517
1508,194,-13.46,-0.06938144329896907
1509,189,32.42999999999999,0.17158730158730154
1510,179,-22.290000000000006,-0.12452513966480451
1511,172,8.879999999999995,0.05162790697674416
1512,194,-18.15,-0.09355670103092782
1513,175,28.539999999999996,0.16308571428571425
1514,178,-36.06,-0.20258426966292137
1515,180,-35.839999999999996,-0.1991111111111111
1516,175,39.84,0.22765714285714286
1517,165,7.359999999999998,0.044606060606060594
1518,186,-15.23,-0.08188172043010752
1519,178,55.6,0.31235955056179776
1520,186,43.18000000000001,0.23215053763440863
1521,180,-12.709999999999997,-0.0706111111111111
1522,179,-16.89,-0.09435754189944134
1523,180,-45.080000000000005,-0.25044444444444447
1524,178,-12.07,-0.06780898876404494
1525,187,19.68,0.10524064171122995
1526,190,15.070000000000004,0.07931578947368423
1527,185,-11.67,-0.06308108108108108
1528,190,84.26,0.44347368421052635
1529,179,31.800000000000004,0.17765363128491624
1530,178,54.69,0.30724719101123593
1531,176,21.950000000000006,0.12471590909090913
1532,189,19.040000000000003,0.10074074074074076
1533,177,-32.21,-0.1819774011299435
1534,166,40.370000000000005,0.24319277108433737
1535,178,21.52,0.12089887640449438
1536,185,57.57000000000001,0.31118918918918925
1537,181,-37.45,-0.20690607734806632
1538,183,20.709999999999994,0.11316939890710379
1539,175,46.81999999999999,0.2675428571428571
1540,180,-17.940000000000005,-0.0996666666666667
1541,176,-7.970000000000006,-0.04528409090909094
1542,178,45.95,0.2581460674157304
1543,173,-9.000000000000004,-0.05202312138728326
1544,169,11.879999999999999,0.07029585798816568
1545,187,30.309999999999995,0.16208556149732617
1546,174,33.309999999999995,0.19143678160919536
1547,174,-10.290000000000003,-0.059137931034482775
1548,170,30.13,0.17723529411764705
1549,185,1.0999999999999979,0.005945945945945935
1550,177,-19.89,-0.11237288135593221
1551,182,25.490000000000002,0.14005494505494506
1552,182,2.1000000000000005,0.01153846153846154
1553,193,30.469999999999988,0.1578756476683937
1554,187,32.43000000000001,0.17342245989304816
1555,172,-11.989999999999998,-0.06970930232558138
1556,178,-0.3600000000000003,-0.0020224719101123614
1557,188,-14.279999999999998,-0.07595744680851063
1558,185,16.020000000000007,0.08659459459459463
1559,173,68.52,0.3960693641618497
1560,179,-4.620000000000001,-0.025810055865921794
1561,175,36.89,0.21080000000000002
1562,182,30.040000000000003,0.16505494505494506
1563,178,17.12,0.09617977528089888
1564,185,17.840000000000003,0.09643243243243245
1565,186,19.83,0.10661290322580644
1566,176,9.95,0.0565340909090909
1567,195,36.870000000000005,0.1890769230769231
1568,175,-0.2699999999999996,-0.0015428571428571405
1569,169,-21.15,-0.12514792899408284
1570,168,2.770000000000003,0.016488095238095257
1571,174,25.970000000000002,0.1492528735632184
1572,187,16.650000000000006,0.08903743315508024
1573,182,-18.970000000000006,-0.10423076923076927
1574,165,42.06,0.2549090909090909
1575,179,19.88,0.11106145251396647
1576,177,-26.020000000000003,-0.14700564971751415
1577,183,-7.75,-0.04234972677595628
1578,186,25.150000000000002,0.13521505376344087
1579,178,37.92999999999999,0.2130898876404494
1580,184,-35.519999999999996,-0.19304347826086954
1581,176,-18.08,-0.10272727272727272
1582,173,51.01,0.29485549132947975
1583,191,14.540000000000003,0.0761256544502618
1584,183,-8.529999999999998,-0.046612021857923486
1585,189,25.349999999999994,0.1341269841269841
1586,191,-2.749999999999993,-0.014397905759162267
1587,189,42.0,0.2222222222222222
1588,180,3.8099999999999925,0.021166666666666625
1589,180,-3.4799999999999933,-0.019333333333333296
1590,184,25.799999999999997,0.14021739130434782
1591,186,8.510000000000002,0.04575268817204302
1592,179,18.54,0.1035754189944134
1593,174,4.459999999999999,0.02563218390804597
1594,173,-3.49,-0.020173410404624278
1595,169,-38.019999999999996,-0.2249704142011834
1596,180,-50.71,-0.2817222222222222
1597,172,21.229999999999997,0.12343023255813952
1598,172,11.600000000000001,0.06744186046511629
1599,177,25.689999999999998,0.1451412429378531
1600,186,20.360000000000007,0.10946236559139788
1601,176,13.690000000000001,0.07778409090909091
1602,174,41.32000000000001,0.23747126436781613
1603,172,-6.349999999999997,-0.03691860465116277
1604,177,-18.5,-0.10451977401129943
1605,178,-48.14,-0.2704494382022472
1606,181,-28.319999999999993,-0.15646408839779002
1607,174,0.8299999999999947,0.004770114942528705
1608,189,71.58,0.3787301587301587
1609,190,46.94,0.24705263157894736
1610,176,-29.95,-0.17017045454545454
1611,173,-42.24,-0.24416184971098268
1612,174,44.14,0.2536781609195402
1613,180,13.659999999999997,0.07588888888888887
1614,176,25.020000000000003,0.14215909090909093
1615,175,48.10999999999999,0.27491428571428567
1616,179,-3.4299999999999997,-0.019162011173184355
1617,185,-37.900000000000006,-0.20486486486486488
1618,175,-53.89,-0.30794285714285713
1619,179,7.830000000000002,0.04374301675977655
1620,177,-22.999999999999996,-0.12994350282485873
1621,174,-18.29,-0.10511494252873563
1622,164,37.72,0.22999999999999998
1623,190,-9.650000000000013,-0.05078947368421059
1624,182,-23.57,-0.1295054945054945
1625,178,27.69,0.15556179775280898
1626,184,14.240000000000002,0.0773913043478261
1627,173,13.999999999999996,0.08092485549132945
1628,176,62.24000000000001,0.3536363636363637
1629,176,19.58,0.11124999999999999
1630,166,13.660000000000007,0.08228915662650607
1631,182,15.909999999999997,0.08741758241758239
1632,188,35.589999999999996,0.18930851063829784
1633,168,32.65,0.1943452380952381
1634,184,10.699999999999996,0.058152173913043455
1635,194,30.379999999999995,0.15659793814432987
1636,184,-3.3900000000000077,-0.0184239130434783
1637,176,25.090000000000003,0.1425568181818182
1638,192,-20.650000000000002,-0.10755208333333334
1639,185,-27.79,-0.15021621621621623
1640,189,-24.029999999999998,-0.12714285714285714
1641,186,23.379999999999995,0.12569892473118277
1642,180,-14.379999999999999,-0.07988888888888888
1643,175,113.53,0.6487428571428572
1644,166,-12.770000000000003,-0.0769277108433735
1645,171,69.88999999999999,0.4087134502923976
1646,167,-7.780000000000003,-0.046586826347305405
1647,170,37.10000000000001,0.2182352941176471
1648,171,24.740000000000002,0.14467836257309943
1649,184,-41.06,-0.22315217391304348
1650,185,-25.700000000000003,-0.13891891891891894
1651,182,30.570000000000004,0.167967032967033
1652,186,-5.680000000000003,-0.030537634408602167
1653,176,106.75999999999999,0.6065909090909091
1654,176,11.819999999999993,0.06715909090909088
1655,174,-42.26,-0.2428735632183908
1656,175,-29.25,-0.16714285714285715
1657,176,13.570000000000004,0.07710227272727276
1658,175,25.91,0.14805714285714286
1659,192,-4.489999999999998,-0.02338541666666666
1660,180,29.060000000000002,0.16144444444444445
1661,190,6.649999999999999,0.03499999999999999
1662,172,-14.719999999999992,-0.08558139534883716
1663,189,83.58,0.44222222222222224
1664,176,49.290000000000006,0.2800568181818182
1665,187,-1.5399999999999991,-0.008235294117647054
1666,180,25.940000000000005,0.14411111111111113
1667,179,-15.64,-0.08737430167597765
1668,179,-33.96,-0.18972067039106147
1669,178,-41.81,-0.23488764044943822
1670,177,69.20000000000002,0.3909604519774012
1671,174,-56.09,-0.3223563218390805
1672,184,39.54,0.21489130434782608
1673,175,8.379999999999995,0.04788571428571426
1674,179,23.529999999999998,0.13145251396648044
1675,186,24.44000000000001,0.13139784946236563
1676,171,4.309999999999993,0.02520467836257306
1677,190,28.690000000000005,0.15100000000000002
1678,188,16.119999999999994,0.08574468085106379
1679,178,22.859999999999992,0.1284269662921348
1680,174,32.83,0.18867816091954023
1681,175,23.410000000000004,0.1337714285714286
1682,189,24.380000000000003,0.128994708994709
1683,184,-9.020000000000001,-0.04902173913043479
1684,181,-5.020000000000007,-0.02773480662983429
1685,173,31.719999999999995,0.18335260115606933
1686,191,73.12,0.38282722513089007
1687,194,50.19,0.2587113402061856
1688,186,55.60000000000001,0.2989247311827957
1689,181,35.74000000000001,0.19745856353591165
1690,179,68.52000000000001,0.38279329608938556
1691,188,65.99,0.3510106382978723
1692,173,18.299999999999997,0.10578034682080924
1693,166,-0.09999999999999787,-0.000602409638554204
1694,183,62.32000000000001,0.34054644808743173
1695,178,-20.57,-0.11556179775280899
1696,183,25.250000000000007,0.13797814207650277
1697,187,-24.39,-0.13042780748663102
1698,183,32.3,0.17650273224043714
1699,183,13.940000000000001,0.07617486338797815
1700,177,19.839999999999996,0.11209039548022597
1701,167,6.13000000000001,0.036706586826347365
1702,189,-1.2700000000000031,-0.006719576719576736
1703,172,-51.919999999999995,-0.30186046511627906
1704,180,-19.769999999999992,-0.1098333333333333
1705,184,25.009999999999998,0.13592391304347826
1706,189,1.2899999999999991,0.006825396825396821
1707,190,16.26,0.08557894736842106
1708,184,33.46,0.18184782608695652
1709,168,-15.019999999999996,-0.08940476190476188
1710,177,62.730000000000004,0.35440677966101697
1711,170,-58.99000000000001,-0.34700000000000003
1712,179,16.33,0.0912290502793296
1713,173,-11.119999999999994,-0.06427745664739881
1714,182,-38.599999999999994,-0.21208791208791206
1715,172,9.860000000000003,0.05732558139534885
1716,176,11.799999999999997,0.06704545454545453
1717,180,-16.169999999999998,-0.08983333333333332
1718,181,-19.99,-0.11044198895027624
1719,192,18.689999999999998,0.09734374999999999
1720,175,80.69,0.46108571428571427
1721,186,24.36,0.13096774193548386
1722,175,10.660000000000002,0.060914285714285726
1723,196,-0.9699999999999953,-0.004948979591836711
1724,191,52.47,0.27471204188481674
1725,166,1.190000000000003,0.0071686746987951995
1726,172,-58.150000000000006,-0.33808139534883724
1727,185,55.11,0.2978918918918919
1728,176,-3.6000000000000014,-0.02045454545454546
1729,174,-27.829999999999995,-0.15994252873563217
1730,176,0.6100000000000012,0.0034659090909090976
1731,191,-26.199999999999996,-0.13717277486910992
1732,189,31.31,0.16566137566137565
1733,190,32.43000000000001,0.17068421052631583
1734,184,-8.3,-0.045108695652173916
1735,173,-29.310000000000002,-0.1694219653179191
1736,173,2.7500000000000018,0.015895953757225443
1737,170,-33.78999999999999,-0.1987647058823529
1738,176,2.5000000000000053,0.014204545454545485
1739,169,51.17,0.3027810650887574
1740,182,-15.740000000000002,-0.0864835164835165
1741,175,-19.439999999999998,-0.11108571428571427
1742,186,-7.209999999999997,-0.03876344086021504
1743,181,13.290000000000001,0.0734254143646409
1744,174,-8.740000000000002,-0.05022988505747127
1745,180,-0.029999999999995808,-0.00016666666666664338
1746,189,-18.57,-0.09825396825396826
1747,176,-39.730000000000004,-0.2257386363636364
1748,174,13.42,0.0771264367816092
1749,186,69.06000000000002,0.37129032258064526
1750,184,-11.849999999999994,-0.06440217391304345
1751,174,21.03,0.12086206896551725
1752,168,42.27,0.25160714285714286
1753,182,5.390000000000001,0.02961538461538462
1754,175,47.559999999999995,0.27177142857142855
1755,181,-35.19,-0.19441988950276243
1756,182,0.4299999999999926,0.002362637362637322
1757,183,-35.150000000000006,-0.19207650273224047
1758,186,41.60000000000001,0.22365591397849466
1759,198,3.299999999999999,0.016666666666666663
1760,184,-3.0000000000000044,-0.01630434782608698
1761,184,59.02,0.32076086956521743
1762,169,-6.209999999999997,-0.036745562130177496
1763,178,53.97,0.30320224719101124
1764,171,-22.63,-0.1323391812865497
1765,185,2.8500000000000014,0.015405405405405413
1766,186,82.47,0.4433870967741935
1767,173,7.8,0.04508670520231214
1768,185,49.39,0.26697297297297296
1769,184,25.759999999999998,0.13999999999999999
1770,182,16.03000000000001,0.08807692307692312
1771,183,4.599999999999998,0.02513661202185791
1772,180,-27.910000000000004,-0.15505555555555559
1773,166,-48.55,-0.2924698795180723
1774,178,-12.269999999999996,-0.0689325842696629
1775,174,2.6999999999999975,0.01551724137931033
1776,182,-30.06,-0.16516483516483516
1777,177,-16.729999999999997,-0.09451977401129942
1778,186,9.250000000000004,0.04973118279569894
1779,176,47.93000000000001,0.2723295454545455
1780,181,4.379999999999999,0.024198895027624304
1781,191,7.460000000000004,0.039057591623036673
1782,185,17.18,0.09286486486486487
1783,179,-37.31999999999999,-0.2084916201117318
1784,182,-6.950000000000001,-0.03818681318681319
1785,197,12.249999999999996,0.062182741116751254
1786,176,-4.390000000000001,-0.024943181818181823
1787,191,71.5,0.3743455497382199
1788,170,37.71,0.2218235294117647
1789,176,-4.060000000000004,-0.023068181818181842
1790,174,-25.199999999999996,-0.14482758620689654
1791,191,47.26,0.24743455497382197
1792,186,22.209999999999997,0.11940860215053763
1793,170,-58.56999999999999,-0.34452941176470586
1794,177,64.66000000000001,0.3653107344632769
1795,185,89.97,0.4863243243243243
1796,174,15.590000000000003,0.08959770114942531
1797,187,23.33,0.12475935828877005
1798,180,14.05,0.07805555555555556
1799,176,27.150000000000006,0.15426136363636367
1800,172,50.63000000000001,0.2943604651162791
1801,178,41.78,0.2347191011235955
1802,183,6.799999999999999,0.03715846994535518
1803,186,6.540000000000003,0.03516129032258066
1804,174,5.75,0.033045977011494254
1805,178,43.35999999999999,0.2435955056179775
1806,175,16.359999999999996,0.09348571428571426
1807,186,36.93,0.1985483870967742
1808,176,57.32000000000001,0.32568181818181824
1809,172,12.770000000000003,0.07424418604651165
1810,185,15.490000000000002,0.08372972972972974
1811,173,18.49,0.106878612716763
1812,177,9.16,0.05175141242937853
1813,187,-5.459999999999997,-0.02919786096256683
1814,170,-7.229999999999995,-0.04252941176470585
1815,184,-40.540000000000006,-0.22032608695652178
1816,175,25.92,0.14811428571428573
1817,190,32.14,0.16915789473684212
1818,169,12.369999999999997,0.07319526627218934
1819,180,32.93000000000001,0.1829444444444445
1820,171,47.56,0.2781286549707602
1821,183,40.78999999999999,0.22289617486338795
1822,184,28.92000000000001,0.1571739130434783
1823,180,29.72,0.1651111111111111
1824,176,34.14999999999999,0.19403409090909085
1825,173,-80.01,-0.462485549132948
1826,189,60.72,0.32126984126984126
1827,180,19.839999999999996,0.11022222222222221
1828,185,-2.650000000000002,-0.014324324324324336
1829,170,54.69,0.3217058823529412
1830,175,-31.21,-0.17834285714285714
1831,174,54.49,0.3131609195402299
1832,171,-29.74,-0.17391812865497075
1833,172,-50.94,-0.2961627906976744
1834,186,34.69,0.186505376344086
1835,178,24.45,0.13735955056179774
1836,187,11.280000000000001,0.060320855614973266
1837,180,12.620000000000001,0.07011111111111111
1838,175,55.48,0.31702857142857144
1839,166,-1.509999999999998,-0.009096385542168663
1840,182,-13.010000000000002,-0.07148351648351649
1841,178,-14.23,-0.0799438202247191
1842,172,-31.629999999999995,-0.1838953488372093
1843,190,18.769999999999996,0.09878947368421051
1844,193,-7.409999999999997,-0.03839378238341967
1845,189,5.67,0.03
1846,180,44.18000000000001,0.2454444444444445
1847,180,24.839999999999993,0.13799999999999996
1848,177,-20.330000000000005,-0.11485875706214692
1849,191,47.05,0.2463350785340314
1850,186,15.55,0.08360215053763441
1851,185,-11.95,-0.06459459459459459
1852,187,36.4,0.1946524064171123
1853,178,21.41,0.1202808988764045
1854,188,44.03999999999999,0.23425531914893613
1855,177,9.550000000000004,0.05395480225988703
1856,176,8.25,0.046875
1857,195,49.230000000000004,0.25246153846153846
1858,181,57.980000000000004,0.3203314917127072
1859,181,27.709999999999997,0.1530939226519337
1860,195,31.090000000000003,0.15943589743589745
1861,182,13.86,0.07615384615384616
1862,193,6.100000000000001,0.03160621761658032
1863,187,9.699999999999996,0.051871657754010675
1864,172,-8.739999999999998,-0.05081395348837208
1865,172,14.689999999999994,0.08540697674418601
1866,174,-34.75,-0.1997126436781609
1867,183,-14.98000000000001,-0.08185792349726781
1868,173,9.809999999999999,0.05670520231213872
1869,170,66.9,0.3935294117647059
1870,176,50.75,0.2883522727272727
1871,173,6.800000000000001,0.03930635838150289
1872,180,43.120000000000005,0.23955555555555558
1873,192,-41.42,-0.21572916666666667
1874,184,3.740000000000002,0.02032608695652175
1875,185,-24.590000000000003,-0.13291891891891894
1876,177,-10.870000000000001,-0.06141242937853108
1877,184,7.649999999999999,0.04157608695652173
1878,185,0.7499999999999964,0.004054054054054035
1879,180,-27.399999999999995,-0.1522222222222222
1880,175,20.76,0.11862857142857144
1881,190,-5.470000000000002,-0.02878947368421054
1882,180,20.51,0.11394444444444446
1883,189,-33.980000000000004,-0.1797883597883598
1884,188,22.23999999999999,0.11829787234042549
1885,174,-15.209999999999996,-0.08741379310344825
1886,184,15.550000000000004,0.08451086956521742
1887,176,26.880000000000013,0.1527272727272728
1888,189,50.019999999999996,0.26465608465608464
1889,178,15.140000000000002,0.08505617977528092
1890,178,27.64,0.1552808988764045
1891,179,11.950000000000001,0.06675977653631286
1892,164,-12.18,-0.07426829268292683
1893,186,-19.120000000000005,-0.10279569892473121
1894,172,-55.25999999999999,-0.3212790697674418
1895,181,66.07,0.36502762430939223
1896,178,23.429999999999996,0.13162921348314605
1897,173,-2.0200000000000014,-0.01167630057803469
1898,172,-8.120000000000003,-0.04720930232558141
1899,180,16.57,0.09205555555555556
1900,184,-7.5299999999999985,-0.040923913043478255
1901,183,46.89,0.2562295081967213
1902,179,61.69,0.34463687150837985
1903,189,19.750000000000007,0.10449735449735453
1904,176,52.43000000000001,0.2978977272727273
1905,168,-24.430000000000007,-0.1454166666666667
1906,170,17.89,0.10523529411764707
1907,172,31.660000000000004,0.1840697674418605
1908,195,27.08,0.13887179487179485
1909,172,8.629999999999999,0.050174418604651154
1910,181,12.519999999999994,0.06917127071823201
1911,174,-22.880000000000003,-0.13149425287356323
1912,170,2.0,0.011764705882352941
1913,172,42.46999999999999,0.24691860465116275
1914,180,69.41999999999999,0.3856666666666666
1915,201,-18.060000000000002,-0.08985074626865673
1916,171,-7.400000000000006,-0.043274853801169626
1917,181,-11.260000000000002,-0.062209944751381224
1918,164,-49.779999999999994,-0.3035365853658536
1919,178,73.46000000000001,0.4126966292134832
1920,191,73.98,0.3873298429319372
1921,168,22.78000000000001,0.13559523809523816
1922,188,43.879999999999995,0.2334042553191489
1923,184,10.89,0.059184782608695655
1924,176,51.120000000000005,0.29045454545454547
1925,181,4.549999999999998,0.025138121546961316
1926,195,27.88,0.14297435897435898
1927,191,83.67999999999999,0.43811518324607324
1928,183,28.499999999999996,0.15573770491803277
1929,183,-25.440000000000012,-0.139016393442623
1930,173,-7.77,-0.04491329479768786
1931,177,26.34,0.14881355932203388
1932,185,35.019999999999996,0.18929729729729727
1933,175,19.28,0.11017142857142857
1934,177,-27.1,-0.15310734463276837
1935,184,5.420000000000007,0.02945652173913047
1936,177,25.580000000000005,0.14451977401129948
1937,180,62.56,0.34755555555555556
1938,181,-43.279999999999994,-0.2391160220994475
1939,178,-32.42,-0.18213483146067416
1940,178,17.759999999999998,0.0997752808988764
1941,178,16.289999999999996,0.09151685393258424
1942,187,21.889999999999993,0.11705882352941173
1943,167,-14.739999999999998,-0.0882634730538922
1944,182,39.709999999999994,0.21818681318681316
1945,182,26.960000000000004,0.14813186813186816
1946,176,36.0,0.20454545454545456
1947,185,-23.090000000000003,-0.12481081081081083
1948,189,-16.490000000000002,-0.08724867724867726
1949,179,-27.060000000000006,-0.15117318435754193
1950,175,11.820000000000007,0.06754285714285718
1951,174,33.59,0.19304597701149429
1952,180,-17.740000000000002,-0.09855555555555556
1953,196,78.5,0.4005102040816326
1954,183,97.86999999999999,0.5348087431693989
1955,173,5.960000000000001,0.034450867052023125
1956,178,42.059999999999995,0.23629213483146064
1957,182,-18.659999999999997,-0.1025274725274725
1958,191,44.559999999999995,0.2332984293193717
1959,194,-6.91,-0.03561855670103093
1960,180,75.0,0.4166666666666667
1961,179,47.53,0.26553072625698326
1962,181,5.200000000000001,0.028729281767955805
1963,194,20.04999999999999,0.10335051546391748
1964,183,-30.83,-0.16846994535519125
1965,171,35.379999999999995,0.2069005847953216
1966,174,-5.07,-0.02913793103448276
1967,177,0.8799999999999919,0.004971751412429333
1968,176,11.430000000000005,0.06494318181818184
1969,178,10.02,0.05629213483146067
1970,176,6.570000000000006,0.03732954545454548
1971,175,25.5,0.1457142857142857
1972,189,46.370000000000005,0.24534391534391536
1973,178,13.840000000000002,0.07775280898876405
1974,177,-30.480000000000004,-0.1722033898305085
1975,178,48.56,0.27280898876404497
1976,169,-9.77,-0.057810650887573964
1977,189,-9.459999999999997,-0.05005291005291004
1978,191,23.39,0.12246073298429319
1979,176,8.409999999999995,0.04778409090909088
1980,166,-19.569999999999997,-0.11789156626506023
1981,181,34.21,0.18900552486187847
1982,174,-2.9900000000000055,-0.017183908045977043
1983,176,-19.72,-0.11204545454545455
1984,178,58.83,0.3305056179775281
1985,182,-25.97,-0.14269230769230767
1986,183,-2.8400000000000025,-0.015519125683060122
1987,185,-13.7,-0.07405405405405405
1988,184,36.56,0.19869565217391305
1989,189,-29.550000000000004,-0.15634920634920638
1990,174,-3.2399999999999984,-0.018620689655172405
1991,183,32.06,0.1751912568306011
1992,185,92.59,0.5004864864864865
1993,188,57.23,0.3044148936170213
1994,181,20.570000000000004,0.11364640883977903
1995,176,1.9000000000000021,0.010795454545454558
1996,180,-4.870000000000001,-0.027055555555555562
1997,185,33.32000000000001,0.18010810810810815
1998,168,-8.469999999999999,-0.05041666666666666
1999,173,50.339999999999996,0.29098265895953757
2000,188,70.97999999999999,0.3775531914893617
2001,184,-7.219999999999988,-0.03923913043478255
2002,174,2.1199999999999974,0.012183908045976997
2003,173,-10.009999999999994,-0.05786127167630055
2004,177,6.390000000000002,0.03610169491525425
2005,189,31.46,0.16645502645502647
2006,171,-18.700000000000003,-0.10935672514619885
2007,182,27.54,0.15131868131868131
2008,188,36.120000000000005,0.19212765957446812
2009,188,9.05,0.04813829787234043
2010,173,-31.98,-0.18485549132947976
2011,179,-15.099999999999994,-0.08435754189944131
2012,178,19.61,0.1101685393258427
2013,181,-24.95,-0.13784530386740332
2014,180,17.21,0.09561111111111112
2015,186,44.97,0.24177419354838708
2016,180,-2.5300000000000047,-0.014055555555555582
2017,170,-36.38,-0.21400000000000002
2018,188,53.21,0.283031914893617
2019,178,15.100000000000005,0.08483146067415732
2020,168,42.16,0.2509523809523809
2021,182,-31.439999999999998,-0.17274725274725272
2022,169,12.270000000000001,0.072603550295858
2023,180,40.61,0.2256111111111111
2024,180,-11.069999999999999,-0.06149999999999999
2025,169,45.84,0.2712426035502959
2026,175,9.149999999999999,0.052285714285714276
2027,191,33.129999999999995,0.17345549738219893
2028,176,12.910000000000004,0.07335227272727275
2029,180,1.5999999999999979,0.008888888888888877
2030,185,4.869999999999997,0.02632432432432431
2031,189,15.139999999999997,0.0801058201058201
2032,178,-17.29,-0.09713483146067416
2033,175,0.10000000000000142,0.0005714285714285796
2034,177,9.93,0.056101694915254234
2035,187,-38.42,-0.20545454545454547
2036,182,33.64,0.18483516483516485
2037,176,-17.13,-0.09732954545454545
2038,169,8.04,0.04757396449704142
2039,191,80.11000000000001,0.4194240837696336
2040,177,-11.3,-0.06384180790960452
2041,162,-6.200000000000006,-0.03827160493827164
2042,167,-25.729999999999997,-0.15407185628742512
2043,172,-6.689999999999995,-0.03889534883720927
2044,185,-1.019999999999996,-0.005513513513513492
2045,202,63.01,0.31193069306930693
2046,183,10.740000000000009,0.058688524590163986
2047,182,46.56,0.2558241758241758
2048,176,-6.75,-0.03835227272727273
2049,191,-25.5,-0.13350785340314136
2050,192,30.98,0.16135416666666666
2051,190,43.25,0.22763157894736843
2052,194,55.79999999999998,0.28762886597938137
2053,170,5.289999999999999,0.031117647058823524
2054,173,44.12,0.25502890173410403
2055,179,37.35,0.208659217877095
2056,183,-3.3799999999999955,-0.018469945355191232
2057,179,-3.2699999999999996,-0.018268156424581003
2058,174,-0.34999999999999964,-0.002011494252873561
2059,179,13.690000000000001,0.07648044692737431
2060,184,-27.960000000000004,-0.15195652173913046
2061,183,27.690000000000005,0.15131147540983608
2062,182,35.209999999999994,0.19346153846153843
2063,183,-30.330000000000002,-0.1657377049180328
2064,176,7.440000000000001,0.04227272727272728
2065,166,-23.619999999999997,-0.142289156626506
2066,174,26.35,0.1514367816091954
2067,172,47.79,0.2778488372093023
2068,194,16.240000000000002,0.08371134020618558
2069,196,-2.450000000000003,-0.012500000000000015
2070,182,55.81,0.30664835164835164
2071,178,93.3,0.5241573033707865
2072,173,-9.219999999999994,-0.05329479768786123
2073,179,44.57000000000001,0.24899441340782127
2074,168,4.059999999999999,0.02416666666666666
2075,168,-7.830000000000004,-0.04660714285714288
2076,191,-8.059999999999995,-0.04219895287958113
2077,164,6.199999999999999,0.03780487804878049
2078,191,-6.450000000000003,-0.03376963350785342
2079,171,65.44,0.38269005847953214
2080,182,-16.980000000000004,-0.09329670329670332
2081,167,22.56,0.13508982035928144
2082,174,-47.04,-0.27034482758620687
2083,174,7.369999999999998,0.04235632183908045
2084,188,64.53,0.34324468085106385
2085,169,6.4900000000000055,0.03840236686390536
2086,182,-28.72,-0.15780219780219779
2087,184,36.38,0.19771739130434784
2088,173,-21.85,-0.1263005780346821
2089,192,-47.20000000000001,-0.24583333333333338
2090,195,40.260000000000005,0.20646153846153847
2091,182,14.979999999999997,0.08230769230769229
2092,175,-5.299999999999997,-0.03028571428571427
2093,178,38.19,0.2145505617977528
2094,173,-23.809999999999995,-0.13763005780346818
2095,186,-7.420000000000002,-0.03989247311827958
2096,185,-10.88999999999999,-0.05886486486486481
2097,172,52.510000000000005,0.30529069767441863
2098,172,17.619999999999997,0.10244186046511626
2099,188,22.200000000000003,0.11808510638297874
2100,185,12.840000000000003,0.06940540540540542
2101,187,18.9,0.10106951871657753
2102,175,-1.0800000000000018,-0.006171428571428582
2103,187,54.33,0.29053475935828876
2104,173,5.800000000000004,0.033526011560693667
2105,175,-23.8,-0.136
2106,175,10.719999999999999,0.06125714285714285
2107,183,-15.169999999999998,-0.08289617486338796
2108,182,18.89,0.10379120879120879
2109,184,-8.479999999999993,-0.046086956521739095
2110,188,47.839999999999996,0.25446808510638297
2111,181,20.130000000000003,0.11121546961325968
2112,173,0.17999999999999972,0.0010404624277456631
2113,172,24.179999999999996,0.14058139534883718
2114,184,34.36,0.1867391304347826
2115,180,17.48,0.09711111111111112
2116,176,14.510000000000002,0.08244318181818183
2117,180,43.49,0.2416111111111111
2118,168,23.769999999999992,0.1414880952380952
2119,163,-41.2,-0.25276073619631906
2120,192,61.06999999999999,0.31807291666666665
2121,187,5.780000000000001,0.030909090909090914
2122,175,-20.939999999999998,-0.11965714285714285
2123,199,-12.2,-0.06130653266331658
2124,170,-12.419999999999996,-0.07305882352941175
2125,190,2.1300000000000017,0.011210526315789483
2126,175,-25.540000000000003,-0.14594285714285715
2127,173,92.16,0.5327167630057803
2128,181,3.6900000000000013,0.02038674033149172
2129,171,37.550000000000004,0.21959064327485384
2130,170,6.36,0.03741176470588235
2131,181,-1.1499999999999968,-0.006353591160220977
2132,191,-27.83,-0.1457068062827225
2133,188,-0.3099999999999987,-0.0016489361702127592
2134,183,-14.240000000000002,-0.07781420765027323
2135,181,-17.089999999999993,-0.0944198895027624
2136,188,37.37,0.19877659574468085
2137,171,-15.299999999999997,-0.0894736842105263
2138,182,-4.379999999999999,-0.02406593406593406
2139,184,24.560000000000002,0.13347826086956524
2140,169,1.549999999999999,0.009171597633136089
2141,176,70.29000000000002,0.3993750000000001
2142,169,60.69,0.3591124260355029
2143,192,38.949999999999996,0.20286458333333332
2144,189,-16.889999999999997,-0.08936507936507936
2145,192,-12.259999999999994,-0.06385416666666664
2146,176,12.270000000000003,0.0697159090909091
2147,187,-24.420000000000005,-0.13058823529411767
2148,184,14.970000000000002,0.08135869565217392
2149,188,-7.73,-0.04111702127659575
2150,182,-3.820000000000004,-0.02098901098901101
2151,172,13.669999999999998,0.0794767441860465
2152,175,25.570000000000004,0.14611428571428572
2153,182,9.169999999999998,0.050384615384615375
2154,171,-28.129999999999995,-0.16450292397660815
2155,180,-9.330000000000005,-0.05183333333333336
2156,177,-15.989999999999998,-0.09033898305084745
2157,187,31.740000000000002,0.16973262032085562
2158,186,20.679999999999993,0.1111827956989247
2159,181,-9.34,-0.05160220994475138
2160,180,52.34,0.2907777777777778
2161,180,32.37,0.17983333333333332
2162,174,10.319999999999997,0.05931034482758619
2163,180,40.58,0.22544444444444445
2164,175,74.57000000000001,0.4261142857142858
2165,173,50.9,0.29421965317919074
2166,174,8.170000000000005,0.046954022988505775
2167,183,56.65,0.30956284153005464
2168,175,8.82,0.0504
2169,183,5.450000000000002,0.029781420765027333
2170,185,16.929999999999993,0.09151351351351347
2171,189,77.13999999999999,0.4081481481481481
2172,171,52.589999999999996,0.3075438596491228
2173,178,-34.55,-0.1941011235955056
2174,177,13.779999999999994,0.07785310734463273
2175,180,-5.810000000000005,-0.03227777777777781
2176,190,-7.839999999999991,-0.04126315789473679
2177,175,-17.95,-0.10257142857142856
2178,178,-20.109999999999996,-0.11297752808988762
2179,170,-27.43,-0.1613529411764706
2180,193,47.809999999999995,0.247720207253886
2181,185,-8.660000000000002,-0.04681081081081082
2182,182,10.120000000000005,0.05560439560439563
2183,190,-34.36,-0.1808421052631579
2184,176,17.990000000000002,0.10221590909090911
2185,174,-70.71,-0.40637931034482755
2186,190,24.56,0.12926315789473683
2187,181,19.49,0.10767955801104971
2188,180,-21.309999999999995,-0.11838888888888886
2189,183,-42.870000000000005,-0.23426229508196725
2190,171,45.780000000000015,0.26771929824561413
2191,166,74.85,0.4509036144578313
2192,190,31.909999999999997,0.16794736842105262
2193,175,-15.509999999999998,-0.08862857142857142
2194,188,46.22999999999999,0.2459042553191489
2195,184,56.82,0.30880434782608696
2196,171,15.8,0.09239766081871345
2197,180,29.37,0.16316666666666668
2198,168,16.540000000000006,0.09845238095238099
2199,185,-25.499999999999996,-0.13783783783783782
2200,175,-6.250000000000004,-0.03571428571428574
2201,175,-5.789999999999994,-0.03308571428571425
2202,183,88.05,0.4811475409836065
2203,173,6.390000000000003,0.036936416184971115
2204,176,-39.489999999999995,-0.22437499999999996
2205,181,53.5,0.2955801104972376
2206,168,-14.720000000000006,-0.08761904761904765
2207,168,9.049999999999997,0.0538690476190476
2208,181,14.629999999999999,0.08082872928176794
2209,198,72.99,0.3686363636363636
2210,180,-12.469999999999995,-0.06927777777777776
2211,177,4.530000000000003,0.025593220338983067
2212,182,25.299999999999994,0.139010989010989
2213,180,-33.0,-0.18333333333333332
2214,168,-50.27,-0.2992261904761905
2215,186,26.189999999999998,0.14080645161290323
2216,186,-50.129999999999995,-0.269516129032258
2217,173,8.220000000000002,0.047514450867052034
2218,177,-31.940000000000005,-0.18045197740112998
2219,174,58.599999999999994,0.3367816091954023
2220,189,78.6,0.41587301587301584
2221,189,13.059999999999995,0.06910052910052908
2222,186,50.779999999999994,0.273010752688172
2223,177,86.86,0.4907344632768362
2224,180,-44.0,-0.24444444444444444
2225,182,28.349999999999998,0.15576923076923077
2226,177,-31.06,-0.17548022598870056
2227,171,36.47,0.2132748538011696
2228,175,21.950000000000003,0.12542857142857144
2229,178,22.26,0.1250561797752809
2230,176,19.92,0.11318181818181819
2231,187,42.08,0.22502673796791442
2232,188,-28.199999999999996,-0.14999999999999997
2233,181,15.879999999999995,0.08773480662983422
2234,177,29.189999999999998,0.16491525423728812
2235,177,9.560000000000002,0.05401129943502826
2236,179,-11.149999999999997,-0.06229050279329607
2237,170,2.689999999999994,0.01582352941176467
2238,178,-27.400000000000002,-0.15393258426966294
2239,187,24.63,0.13171122994652407
2240,172,-54.26,-0.31546511627906976
2241,187,5.640000000000002,0.030160427807486644
2242,184,80.08,0.43521739130434783
2243,191,-13.349999999999998,-0.06989528795811517
2244,179,38.39,0.21446927374301678
2245,169,20.35,0.12041420118343196
2246,176,15.530000000000001,0.08823863636363637
2247,194,37.57,0.193659793814433
2248,195,-6.949999999999999,-0.035641025641025635
2249,193,1.4299999999999962,0.007409326424870446
2250,185,11.98,0.06475675675675675
2251,178,23.680000000000007,0.13303370786516858
2252,178,29.26,0.1643820224719101
2253,174,-20.540000000000003,-0.11804597701149427
2254,179,32.88,0.18368715083798884
2255,183,-0.4200000000000017,-0.002295081967213124
2256,181,-8.080000000000002,-0.044640883977900565
2257,174,27.09,0.1556896551724138
2258,177,-4.809999999999999,-0.027175141242937847
2259,190,42.849999999999994,0.22552631578947366
2260,175,21.92,0.12525714285714287
2261,188,-25.65,-0.13643617021276594
2262,176,8.719999999999999,0.04954545454545454
2263,192,38.75,0.20182291666666666
2264,179,23.479999999999993,0.13117318435754186
2265,190,39.660000000000004,0.20873684210526317
2266,175,19.88,0.11359999999999999
2267,181,1.4700000000000024,0.008121546961325981
2268,178,15.849999999999994,0.08904494382022468
2269,187,42.410000000000004,0.2267914438502674
2270,179,-30.27000000000001,-0.1691061452513967
2271,194,76.91999999999999,0.3964948453608247
2272,182,-44.620000000000005,-0.2451648351648352
2273,187,44.87,0.2399465240641711
2274,185,-7.759999999999998,-0.04194594594594594
2275,177,24.43,0.1380225988700565
2276,179,-49.21,-0.27491620111731846
2277,191,-19.08000000000001,-0.09989528795811523
2278,174,-7.230000000000006,-0.04155172413793107
2279,186,20.089999999999996,0.10801075268817202
2280,175,14.219999999999999,0.08125714285714285
2281,177,30.779999999999994,0.17389830508474574
2282,184,-2.7800000000000047,-0.015108695652173938
2283,168,-3.1899999999999986,-0.01898809523809523
2284,178,-20.46,-0.1149438202247191
2285,170,3.6099999999999985,0.02123529411764705
2286,182,4.73,0.02598901098901099
2287,179,114.07000000000001,0.6372625698324023
2288,191,36.989999999999995,0.19366492146596856
2289,186,24.200000000000003,0.13010752688172045
2290,176,-0.15999999999999837,-0.0009090909090908998
2291,187,45.78,0.24481283422459893
2292,195,8.200000000000003,0.042051282051282064
2293,174,5.100000000000001,0.029310344827586213
2294,180,29.53,0.16405555555555557
2295,175,0.8100000000000112,0.004628571428571492
2296,172,25.34,0.14732558139534885
2297,180,0.8099999999999987,0.004499999999999993
2298,185,-13.629999999999999,-0.07367567567567566
2299,164,8.549999999999997,0.0521341463414634
2300,177,35.06999999999999,0.19813559322033894
2301,183,-26.310000000000002,-0.1437704918032787
2302,178,-5.919999999999998,-0.03325842696629212
2303,184,-33.11,-0.17994565217391303
2304,187,47.46,0.25379679144385026
2305,177,28.159999999999997,0.1590960451977401
2306,180,10.010000000000002,0.05561111111111112
2307,189,34.18,0.18084656084656084
2308,176,25.410000000000004,0.14437500000000003
2309,183,16.35000000000001,0.08934426229508201
2310,184,58.52,0.3180434782608696
2311,183,7.800000000000001,0.042622950819672135
2312,183,33.2,0.18142076502732243
2313,173,11.070000000000002,0.06398843930635839
2314,178,-12.410000000000004,-0.06971910112359553
2315,180,-5.8700000000000045,-0.03261111111111114
2316,202,14.760000000000003,0.07306930693069309
2317,178,17.909999999999997,0.10061797752808987
2318,183,73.28999999999999,0.4004918032786885
2319,168,-28.330000000000002,-0.16863095238095238
2320,171,29.060000000000006,0.16994152046783628
2321,172,17.990000000000002,0.10459302325581396
2322,180,22.46,0.12477777777777778
2323,169,-27.38,-0.16201183431952662
2324,172,-26.880000000000003,-0.15627906976744188
2325,179,-31.65,-0.17681564245810055
2326,181,-15.589999999999998,-0.08613259668508286
2327,178,4.179999999999998,0.02348314606741572
2328,167,-6.719999999999999,-0.04023952095808383
2329,175,25.98,0.14845714285714287
2330,171,26.110000000000007,0.1526900584795322
2331,182,4.480000000000004,0.024615384615384636
2332,194,2.080000000000009,0.010721649484536128
2333,176,26.489999999999995,0.1505113636363636
2334,169,17.520000000000007,0.10366863905325448
2335,186,-9.93,-0.053387096774193545
2336,187,2.4499999999999975,0.013101604278074852
2337,182,24.800000000000008,0.1362637362637363
2338,178,36.35,0.20421348314606744
2339,185,-8.679999999999996,-0.046918918918918896
2340,179,-1.1700000000000017,-0.006536312849162021
2341,181,4.329999999999998,0.023922651933701647
2342,173,40.92999999999999,0.2365895953757225
2343,186,-3.16,-0.01698924731182796
2344,175,-28.419999999999998,-0.1624
2345,177,10.65,0.06016949152542373
2346,191,25.759999999999998,0.13486910994764398
2347,188,45.2,0.24042553191489363
2348,192,69.94,0.3642708333333333
2349,171,76.27,0.4460233918128655
2350,186,-10.75,-0.05779569892473118
2351,174,-21.64,-0.12436781609195402
2352,181,57.8,0.31933701657458563
2353,183,-53.400000000000006,-0.2918032786885246
2354,177,-22.019999999999996,-0.12440677966101693
2355,178,14.260000000000002,0.08011235955056181
2356,184,23.599999999999998,0.12826086956521737
2357,187,3.3999999999999986,0.018181818181818174
2358,181,-31.83,-0.17585635359116022
2359,188,17.529999999999994,0.0932446808510638
2360,181,-23.99,-0.1325414364640884
2361,178,33.06,0.1857303370786517
2362,194,-5.949999999999999,-0.0306701030927835
2363,182,69.4,0.38131868131868135
2364,175,50.33,0.28759999999999997
2365,185,28.209999999999994,0.15248648648648644
2366,174,19.080000000000002,0.10965517241379312
2367,175,4.449999999999998,0.02542857142857142
2368,185,16.15,0.0872972972972973
2369,181,33.790000000000006,0.1866850828729282
2370,181,49.92,0.2758011049723757
2371,188,-15.890000000000004,-0.0845212765957447
2372,182,-8.490000000000002,-0.04664835164835166
2373,183,3.230000000000004,0.017650273224043736
2374,169,-52.56,-0.31100591715976333
2375,187,25.700000000000003,0.13743315508021392
2376,187,1.5899999999999972,0.008502673796791428
2377,178,16.310000000000002,0.09162921348314608
2378,176,-41.0,-0.23295454545454544
2379,181,10.93,0.06038674033149171
2380,172,-2.589999999999998,-0.01505813953488371
2381,187,53.339999999999996,0.2852406417112299
2382,178,24.229999999999997,0.13612359550561795
2383,183,-10.54,-0.05759562841530054
2384,184,-6.949999999999999,-0.03777173913043478
2385,185,-38.529999999999994,-0.20827027027027023
2386,171,-15.16,-0.08865497076023392
2387,179,-31.47,-0.17581005586592177
2388,176,-4.140000000000001,-0.023522727272727275
2389,173,-41.11,-0.23763005780346821
2390,181,41.37,0.2285635359116022
2391,180,28.630000000000003,0.15905555555555556
2392,184,32.94,0.17902173913043476
2393,182,-5.1,-0.02802197802197802
2394,192,14.899999999999999,0.07760416666666665
2395,182,-7.799999999999997,-0.042857142857142844
2396,172,43.620000000000005,0.25360465116279074
2397,177,16.88,0.09536723163841808
2398,168,44.64,0.26571428571428574
2399,192,39.019999999999996,0.20322916666666666
2400,178,12.719999999999999,0.07146067415730337
2401,183,34.86,0.19049180327868853
2402,185,-1.7700000000000031,-0.009567567567567584
2403,169,-17.37,-0.10278106508875741
2404,182,19.33,0.1062087912087912
2405,190,-27.75,-0.14605263157894738
2406,183,27.110000000000003,0.14814207650273226
2407,176,12.379999999999997,0.07034090909090908
2408,162,-55.99,-0.3456172839506173
2409,190,8.64,0.04547368421052632
2410,177,35.099999999999994,0.19830508474576267
2411,189,35.93,0.1901058201058201
2412,175,21.609999999999996,0.12348571428571427
2413,191,41.55,0.21753926701570678
2414,166,7.729999999999998,0.046566265060240954
2415,189,-38.28,-0.20253968253968255
2416,176,24.96,0.14181818181818182
2417,186,-12.029999999999994,-0.06467741935483867
2418,191,72.6,0.3801047120418848
2419,183,28.37,0.1550273224043716
2420,183,11.59,0.06333333333333334
2421,180,62.129999999999995,0.3451666666666666
2422,190,-12.220000000000006,-0.06431578947368424
2423,194,-23.23000000000001,-0.11974226804123717
2424,185,71.61000000000001,0.38708108108108114
2425,178,40.739999999999995,0.22887640449438199
2426,174,46.58,0.26770114942528733
2427,176,-9.580000000000004,-0.0544318181818182
2428,186,-20.319999999999997,-0.10924731182795697
2429,182,13.420000000000005,0.07373626373626377
2430,187,19.440000000000005,0.10395721925133693
2431,182,3.129999999999999,0.017197802197802193
2432,177,2.799999999999999,0.015819209039548015
2433,186,-6.709999999999998,-0.03607526881720429
2434,178,9.02,0.050674157303370784
2435,174,-22.74,-0.1306896551724138
2436,185,14.360000000000007,0.07762162162162166
2437,185,-11.89,-0.06427027027027027
2438,173,-43.26,-0.2500578034682081
2439,193,-6.25,-0.03238341968911917
2440,171,46.06,0.26935672514619885
2441,188,-20.089999999999993,-0.10686170212765954
2442,189,1.2100000000000044,0.0064021164021164255
2443,180,56.31,0.31283333333333335
2444,181,28.94000000000001,0.159889502762431
2445,175,-27.649999999999995,-0.15799999999999997
2446,181,61.209999999999994,0.3381767955801105
2447,172,-19.99,-0.11622093023255813
2448,176,32.6,0.18522727272727274
2449,179,20.359999999999996,0.11374301675977651
2450,178,60.650000000000006,0.3407303370786517
2451,178,39.80999999999999,0.22365168539325836
2452,186,-17.48,-0.09397849462365591
2453,174,-4.810000000000002,-0.027643678160919553
2454,175,16.929999999999996,0.09674285714285712
2455,168,29.009999999999994,0.1726785714285714
2456,185,8.86999999999999,0.047945945945945895
2457,175,-31.740000000000002,-0.18137142857142857
2458,185,-54.580000000000005,-0.29502702702702704
2459,189,78.74,0.4166137566137566
2460,177,-53.17999999999999,-0.3004519774011299
2461,177,-14.290000000000003,-0.08073446327683617
2462,182,46.650000000000006,0.25631868131868135
2463,174,45.120000000000005,0.25931034482758625
2464,180,29.79,0.1655
2465,180,26.019999999999992,0.14455555555555552
2466,183,30.23,0.1651912568306011
2467,186,47.019999999999996,0.25279569892473114
2468,188,54.41000000000001,0.28941489361702133
2469,177,-16.75,-0.09463276836158192
2470,187,56.53,0.3022994652406417
2471,181,15.199999999999996,0.08397790055248616
2472,176,13.750000000000002,0.07812500000000001
2473,179,39.400000000000006,0.22011173184357546
2474,179,7.140000000000008,0.03988826815642462
2475,166,-13.869999999999997,-0.08355421686746986
2476,180,-16.4,-0.0911111111111111
2477,185,26.02,0.14064864864864865
2478,190,41.49,0.2183684210526316
2479,180,5.840000000000002,0.032444444444444456
2480,193,25.470000000000006,0.13196891191709847
2481,169,-6.6300000000000034,-0.03923076923076925
2482,175,-21.120000000000005,-0.12068571428571431
2483,182,-4.909999999999993,-0.02697802197802194
2484,176,-9.399999999999999,-0.0534090909090909
2485,189,-0.4299999999999997,-0.0022751322751322738
2486,170,-35.18,-0.20694117647058824
2487,188,-2.01,-0.010691489361702127
2488,177,-5.8700000000000045,-0.03316384180790963
2489,181,55.279999999999994,0.30541436464088395
2490,176,4.159999999999997,0.02363636363636362
2491,177,20.170000000000005,0.11395480225988704
2492,187,29.729999999999997,0.15898395721925132
2493,179,-23.21,-0.12966480446927375
2494,186,-16.310000000000002,-0.08768817204301077
2495,184,70.3,0.38206521739130433
2496,183,-24.55000000000001,-0.13415300546448095
2497,176,-36.42,-0.2069318181818182
2498,187,-15.219999999999995,-0.08139037433155077
2499,185,42.160000000000004,0.2278918918918919
2500,179,33.989999999999995,0.18988826815642454
2501,185,40.540000000000006,0.21913513513513516
2502,172,20.93,0.1216860465116279
2503,179,-1.4800000000000004,-0.008268156424581008
2504,178,-25.359999999999996,-0.14247191011235952
2505,179,-28.310000000000002,-0.1581564245810056
2506,177,-6.249999999999994,-0.0353107344632768
2507,189,27.82,0.14719576719576719
2508,176,-6.080000000000005,-0.034545454545454574
2509,179,13.000000000000002,0.07262569832402235
2510,182,11.270000000000003,0.06192307692307694
2511,184,45.54,0.2475
2512,182,24.490000000000002,0.13456043956043956
2513,178,-7.17,-0.04028089887640449
2514,186,7.839999999999996,0.04215053763440858
2515,172,-3.6499999999999995,-0.021220930232558135
2516,203,37.32,0.18384236453201971
2517,182,-20.53,-0.11280219780219782
2518,180,-7.949999999999996,-0.044166666666666646
2519,164,-8.000000000000004,-0.04878048780487807
2520,167,2.179999999999998,0.01305389221556885
2521,166,-18.450000000000003,-0.11114457831325303
2522,177,14.300000000000004,0.08079096045197742
2523,180,-42.74,-0.23744444444444446
2524,177,34.94,0.1974011299435028
2525,186,39.260000000000005,0.21107526881720434
2526,177,26.559999999999995,0.15005649717514122
2527,175,43.06999999999999,0.24611428571428567
2528,178,-21.82,-0.12258426966292135
2529,173,-4.359999999999996,-0.0252023121387283
2530,181,-11.17,-0.06171270718232044
2531,173,-37.32000000000001,-0.2157225433526012
2532,168,-6.080000000000002,-0.0361904761904762
2533,172,43.42,0.2524418604651163
2534,180,32.489999999999995,0.18049999999999997
2535,174,6.030000000000003,0.03465517241379312
2536,185,-40.89000000000001,-0.22102702702702706
2537,173,1.5199999999999987,0.00878612716763005
2538,176,13.439999999999998,0.07636363636363636
2539,187,-0.18999999999999773,-0.001016042780748651
2540,178,11.339999999999998,0.06370786516853931
2541,184,44.31000000000001,0.2408152173913044
2542,171,20.669999999999995,0.12087719298245611
2543,181,-11.850000000000003,-0.06546961325966853
2544,177,-33.03,-0.18661016949152542
2545,180,-66.08,-0.3671111111111111
2546,177,56.690000000000005,0.32028248587570624
2547,169,-0.27000000000000224,-0.0015976331360946878
2548,170,8.439999999999998,0.0496470588235294
2549,188,-0.6499999999999968,-0.003457446808510621
2550,175,20.009999999999998,0.11434285714285713
2551,183,54.41,0.2973224043715847
2552,199,18.019999999999996,0.09055276381909545
2553,185,10.00999999999999,0.05410810810810805
2554,184,51.04,0.2773913043478261
2555,165,27.90999999999999,0.16915151515151508
2556,181,42.5,0.23480662983425415
2557,187,23.31,0.1246524064171123
2558,171,64.58,0.3776608187134503
2559,193,-29.33,-0.15196891191709844
2560,184,-50.72,-0.2756521739130435
2561,184,48.64,0.2643478260869565
2562,172,10.609999999999996,0.06168604651162788
2563,189,36.67999999999999,0.19407407407407404
2564,189,4.950000000000003,0.026190476190476205
2565,178,-2.3500000000000014,-0.013202247191011244
2566,180,11.139999999999999,0.06188888888888888
2567,184,42.73,0.2322282608695652
2568,195,-0.05999999999999517,-0.00030769230769228293
2569,189,11.789999999999996,0.062380952380952356
2570,188,-24.129999999999992,-0.1283510638297872
2571,181,56.75,0.31353591160220995
2572,188,-13.759999999999998,-0.07319148936170211
2573,176,7.010000000000014,0.039829545454545534
2574,190,33.129999999999995,0.17436842105263156
2575,178,26.749999999999996,0.15028089887640447
2576,179,7.160000000000004,0.04000000000000002
2577,176,-44.660000000000004,-0.25375000000000003
2578,182,-28.180000000000007,-0.15483516483516488
2579,194,71.56,0.36886597938144333
2580,185,-16.469999999999995,-0.089027027027027
2581,168,40.410000000000004,0.2405357142857143
2582,175,-13.44,-0.0768
2583,173,-15.250000000000004,-0.08815028901734107
2584,183,84.28,0.4605464480874317
2585,177,-69.91,-0.39497175141242935
2586,180,-21.470000000000002,-0.11927777777777779
2587,181,38.84000000000001,0.21458563535911607
2588,183,64.14000000000001,0.3504918032786886
2589,178,-5.369999999999997,-0.030168539325842684
2590,170,11.799999999999997,0.06941176470588234
2591,177,-15.32,-0.08655367231638418
2592,172,-19.249999999999996,-0.11191860465116277
2593,187,34.33,0.18358288770053474
2594,185,12.789999999999996,0.06913513513513511
2595,187,27.270000000000003,0.1458288770053476
2596,173,32.269999999999996,0.18653179190751443
2597,180,44.25,0.24583333333333332
2598,190,20.290000000000006,0.10678947368421056
2599,180,19.699999999999996,0.10944444444444443
2600,178,62.519999999999996,0.35123595505617977
2601,188,-4.540000000000003,-0.02414893617021278
2602,172,-7.590000000000005,-0.044127906976744215
2603,189,-17.239999999999995,-0.0912169312169312
2604,162,41.099999999999994,0.25370370370370365
2605,183,61.3,0.3349726775956284
2606,176,52.769999999999996,0.29982954545454543
2607,186,42.68,0.22946236559139785
2608,176,-39.440000000000005,-0.22409090909090912
2609,172,-26.58,-0.15453488372093022
2610,169,-8.409999999999997,-0.04976331360946744
2611,176,43.059999999999995,0.24465909090909088
2612,173,51.31,0.29658959537572255
2613,170,17.599999999999998,0.10352941176470587
2614,174,2.8,0.016091954022988506
2615,171,32.269999999999996,0.18871345029239764
2616,177,54.36,0.3071186440677966
2617,179,9.950000000000003,0.05558659217877097
2618,190,-13.329999999999995,-0.07015789473684207
2619,176,-27.849999999999994,-0.15823863636363633
2620,198,31.21000000000001,0.1576262626262627
2621,174,-15.980000000000004,-0.09183908045977014
2622,169,-26.240000000000002,-0.15526627218934913
2623,189,15.6,0.08253968253968254
2624,168,-0.530000000000002,-0.0031547619047619167
2625,187,23.009999999999994,0.12304812834224596
2626,190,23.720000000000002,0.12484210526315791
2627,179,27.770000000000003,0.15513966480446928
2628,184,-42.959999999999994,-0.2334782608695652
2629,180,0.5700000000000038,0.003166666666666688
2630,170,-53.010000000000005,-0.3118235294117647
2631,183,66.87,0.3654098360655738
2632,180,74.87,0.41594444444444445
2633,184,19.269999999999996,0.1047282608695652
2634,187,18.47999999999999,0.09882352941176466
2635,188,17.729999999999997,0.09430851063829786
2636,174,-25.540000000000003,-0.1467816091954023
2637,174,-2.7399999999999984,-0.0157471264367816
2638,183,-11.870000000000001,-0.06486338797814208
2639,173,49.339999999999996,0.2852023121387283
2640,184,14.979999999999999,0.08141304347826087
2641,177,-16.279999999999998,-0.09197740112994349
2642,183,32.75,0.17896174863387979
2643,194,55.44,0.28577319587628863
2644,170,41.029999999999994,0.24135294117647055
2645,183,27.540000000000006,0.15049180327868855
2646,172,-20.23,-0.11761627906976745
2647,179,2.859999999999996,0.015977653631284894
2648,200,31.55999999999999,0.15779999999999997
2649,185,-11.550000000000002,-0.06243243243243245
2650,164,57.93,0.35323170731707315
2651,181,-11.740000000000002,-0.06486187845303869
2652,188,11.659999999999997,0.06202127659574466
2653,171,9.579999999999995,0.05602339181286547
2654,185,-48.55000000000001,-0.26243243243243247
2655,183,28.39,0.15513661202185794
2656,181,-34.99,-0.19331491712707183
2657,195,55.24000000000001,0.2832820512820513
2658,174,-18.38,-0.10563218390804598
2659,176,-19.490000000000002,-0.11073863636363637
2660,179,29.130000000000003,0.16273743016759779
2661,187,-28.470000000000002,-0.15224598930481284
2662,175,-30.36,-0.17348571428571427
2663,190,4.209999999999991,0.022157894736842057
2664,175,35.9,0.20514285714285713
2665,191,-11.319999999999993,-0.059267015706806245
2666,195,22.43,0.11502564102564103
2667,186,16.42,0.08827956989247313
2668,182,7.100000000000007,0.039010989010989046
2669,188,-21.949999999999996,-0.11675531914893615
2670,178,66.68,0.37460674157303375
2671,186,-12.809999999999999,-0.06887096774193548
2672,195,7.169999999999999,0.03676923076923076
2673,172,30.490000000000002,0.17726744186046514
2674,192,93.91,0.4891145833333333
2675,171,16.810000000000006,0.09830409356725149
2676,180,42.42,0.23566666666666666
2677,191,12.599999999999998,0.06596858638743454
2678,181,43.489999999999995,0.24027624309392262
2679,190,-9.179999999999996,-0.04831578947368419
2680,170,-44.55,-0.26205882352941173
2681,172,33.160000000000004,0.19279069767441862
2682,187,36.93,0.19748663101604277
2683,171,8.16,0.047719298245614036
2684,174,-42.06,-0.2417241379310345
2685,183,-10.429999999999993,-0.056994535519125644
2686,181,17.949999999999996,0.09917127071823202
2687,178,7.6899999999999995,0.043202247191011234
2688,185,57.629999999999995,0.3115135135135135
2689,194,-31.72,-0.16350515463917525
2690,178,-22.99,-0.1291573033707865
2691,176,38.94999999999999,0.2213068181818181
2692,167,44.44,0.2661077844311377
2693,177,14.360000000000003,0.08112994350282487
2694,175,2.66,0.0152
2695,184,13.639999999999993,0.07413043478260865
2696,172,-34.769999999999996,-0.20215116279069764
2697,182,-1.3299999999999983,-0.007307692307692298
2698,167,-6.470000000000002,-0.03874251497005989
2699,184,18.919999999999998,0.10282608695652173
2700,192,59.230000000000004,0.3084895833333334
2701,188,18.14,0.09648936170212766
2702,175,23.710000000000004,0.13548571428571432
2703,181,-32.97,-0.1821546961325967
2704,179,2.9499999999999957,0.016480446927374277
2705,182,0.7600000000000051,0.004175824175824204
2706,180,17.100000000000005,0.09500000000000003
2707,185,11.319999999999993,0.061189189189189155
2708,175,16.910000000000004,0.09662857142857145
2709,177,26.780000000000005,0.1512994350282486
2710,185,4.920000000000002,0.026594594594594605
2711,181,22.71999999999999,0.125524861878453
2712,165,1.9999999999999982,0.01212121212121211
2713,181,78.75999999999999,0.4351381215469613
2714,176,-3.360000000000001,-0.0190909090909091
2715,174,-14.25,-0.08189655172413793
2716,190,48.459999999999994,0.2550526315789473
2717,182,20.079999999999995,0.1103296703296703
2718,186,-77.77000000000001,-0.4181182795698925
2719,191,-10.980000000000004,-0.05748691099476442
2720,182,4.6,0.02527472527472527
2721,180,-60.57999999999999,-0.3365555555555555
2722,185,-5.859999999999999,-0.031675675675675675
2723,176,34.88000000000001,0.19818181818181824
2724,183,14.190000000000005,0.07754098360655741
2725,176,-9.880000000000003,-0.05613636363636365
2726,174,2.7500000000000036,0.015804597701149444
2727,168,31.700000000000003,0.18869047619047621
2728,190,12.769999999999996,0.06721052631578946
2729,171,-17.630000000000003,-0.10309941520467837
2730,184,44.18,0.2401086956521739
2731,173,14.919999999999998,0.08624277456647397
2732,187,5.810000000000002,0.03106951871657755
2733,170,36.67,0.2157058823529412
2734,180,5.809999999999998,0.032277777777777766
2735,175,20.04,0.11451428571428571
2736,173,15.8,0.09132947976878614
2737,172,24.020000000000003,0.1396511627906977
2738,177,6.590000000000002,0.037231638418079104
2739,162,5.140000000000004,0.03172839506172842
2740,182,25.25,0.13873626373626374
2741,168,-30.769999999999996,-0.18315476190476188
2742,188,16.319999999999997,0.08680851063829785
2743,182,23.540000000000003,0.12934065934065936
2744,179,-6.470000000000001,-0.03614525139664805
2745,171,0.7299999999999969,0.004269005847953198
2746,188,56.099999999999994,0.2984042553191489
2747,183,-9.590000000000003,-0.052404371584699475
2748,176,7.449999999999999,0.04232954545454545
2749,188,-38.220000000000006,-0.20329787234042557
2750,189,69.07,0.3654497354497354
2751,173,15.299999999999997,0.08843930635838149
2752,175,19.299999999999997,0.11028571428571426
2753,177,-26.130000000000006,-0.14762711864406783
2754,182,73.19999999999999,0.40219780219780216
2755,194,58.230000000000004,0.30015463917525775
2756,182,8.650000000000007,0.04752747252747257
2757,182,1.1200000000000045,0.006153846153846179
2758,175,-51.550000000000004,-0.2945714285714286
2759,182,-17.69,-0.0971978021978022
2760,183,-11.290000000000003,-0.06169398907103826
2761,179,40.62,0.22692737430167598
2762,188,20.640000000000004,0.10978723404255321
2763,186,54.81,0.2946774193548387
2764,177,-18.410000000000004,-0.10401129943502826
2765,175,-51.690000000000005,-0.2953714285714286
2766,187,14.44,0.07721925133689839
2767,173,39.37,0.2275722543352601
2768,182,-15.57,-0.08554945054945055
2769,178,-39.09,-0.21960674157303373
2770,181,38.61000000000001,0.21331491712707185
2771,184,-25.699999999999996,-0.13967391304347823
2772,181,-46.209999999999994,-0.2553038674033149
2773,181,-8.29,-0.04580110497237569
2774,187,0.3100000000000023,0.0016577540106951993
2775,188,-31.800000000000004,-0.1691489361702128
2776,189,20.759999999999994,0.10984126984126981
2777,168,12.36,0.07357142857142857
2778,209,34.139999999999986,0.16334928229665066
2779,188,51.59,0.2744148936170213
2780,197,13.169999999999998,0.06685279187817258
2781,180,-6.800000000000001,-0.037777777777777785
2782,182,11.7,0.06428571428571428
2783,183,-13.009999999999998,-0.07109289617486338
2784,184,-7.110000000000001,-0.038641304347826096
2785,178,47.82999999999999,0.2687078651685393
2786,181,79.57999999999998,0.4396685082872927
2787,181,-5.300000000000001,-0.02928176795580111
2788,186,44.24,0.2378494623655914
2789,184,37.47,0.20364130434782607
2790,184,19.499999999999996,0.1059782608695652
2791,163,-30.48,-0.18699386503067486
2792,176,-9.440000000000001,-0.05363636363636364
2793,182,11.25,0.061813186813186816
2794,176,42.75,0.24289772727272727
2795,177,9.790000000000003,0.055310734463276855
2796,190,6.130000000000006,0.032263157894736876
2797,183,20.47,0.11185792349726775
2798,179,43.56,0.24335195530726259
2799,170,24.139999999999997,0.142
2800,176,-39.459999999999994,-0.2242045454545454
2801,174,8.81000000000001,0.05063218390804603
2802,173,-40.33,-0.23312138728323697
2803,173,7.449999999999998,0.043063583815028894
2804,180,-41.97,-0.23316666666666666
2805,200,10.5,0.0525
2806,182,6.180000000000005,0.033956043956043985
2807,172,-20.16,-0.1172093023255814
2808,174,-4.010000000000002,-0.023045977011494263
2809,190,26.589999999999996,0.13994736842105263
2810,187,23.929999999999996,0.12796791443850267
2811,184,31.850000000000005,0.17309782608695654
2812,197,32.26,0.16375634517766496
2813,189,56.29,0.29783068783068783
2814,173,12.050000000000004,0.06965317919075147
2815,175,-27.769999999999996,-0.15868571428571426
2816,191,65.14,0.34104712041884816
2817,190,-32.59,-0.1715263157894737
2818,169,18.22,0.10781065088757395
2819,181,-4.449999999999998,-0.024585635359116013
2820,197,67.41999999999999,0.342233502538071
2821,186,45.92,0.24688172043010753
2822,187,46.89,0.25074866310160426
2823,176,25.36,0.14409090909090908
2824,195,-21.42,-0.10984615384615386
2825,176,-1.1300000000000026,-0.00642045454545456
2826,187,3.9200000000000053,0.020962566844919813
2827,180,-18.85,-0.10472222222222223
2828,171,25.120000000000008,0.1469005847953217
2829,176,33.64999999999999,0.19119318181818176
2830,186,85.59,0.4601612903225807
2831,199,40.330000000000005,0.2026633165829146
2832,178,-10.52,-0.059101123595505616
2833,173,49.03,0.28341040462427747
2834,185,78.23999999999998,0.4229189189189188
2835,166,39.339999999999996,0.2369879518072289
2836,181,-1.1700000000000088,-0.006464088397790104
2837,182,-4.5699999999999985,-0.025109890109890103
2838,184,49.169999999999995,0.2672282608695652
2839,177,-27.620000000000005,-0.15604519774011302
2840,192,27.119999999999994,0.14124999999999996
2841,175,22.419999999999995,0.12811428571428568
2842,176,-38.480000000000004,-0.21863636363636366
2843,175,39.38,0.22502857142857144
2844,173,6.4300000000000015,0.03716763005780348
2845,180,39.94,0.22188888888888889
2846,176,40.45,0.22982954545454548
2847,168,9.60999999999999,0.057202380952380893
2848,176,-14.86,-0.08443181818181818
2849,178,12.350000000000003,0.06938202247191012
2850,195,85.72,0.43958974358974356
2851,175,-17.12,-0.09782857142857143
2852,176,50.37,0.2861931818181818
2853,173,21.509999999999998,0.12433526011560693
2854,184,8.809999999999999,0.047880434782608686
2855,182,-13.990000000000006,-0.07686813186813189
2856,182,-28.629999999999995,-0.1573076923076923
2857,175,-13.219999999999999,-0.07554285714285713
2858,194,37.24999999999999,0.19201030927835047
2859,182,7.630000000000003,0.04192307692307694
2860,176,11.869999999999997,0.0674431818181818
2861,170,27.510000000000005,0.16182352941176473
2862,194,30.500000000000004,0.15721649484536085
2863,173,-20.940000000000005,-0.12104046242774569
2864,183,31.29,0.17098360655737704
2865,187,49.629999999999995,0.26540106951871656
2866,186,-13.55,-0.07284946236559141
2867,186,-6.409999999999997,-0.03446236559139783
2868,168,38.44999999999999,0.22886904761904756
2869,176,-7.710000000000003,-0.0438068181818182
2870,177,4.290000000000002,0.02423728813559323
2871,183,-28.379999999999992,-0.1550819672131147
2872,193,34.309999999999995,0.17777202072538859
2873,183,4.079999999999998,0.022295081967213106
2874,174,19.760000000000005,0.11356321839080463
2875,182,-22.19,-0.12192307692307693
2876,180,-23.4,-0.13
2877,178,-50.53,-0.283876404494382
2878,184,38.050000000000004,0.20679347826086958
2879,172,-35.33,-0.20540697674418604
2880,182,41.36,0.22725274725274724
2881,178,-8.190000000000001,-0.046011235955056184
2882,171,49.42,0.2890058479532164
2883,192,48.47999999999999,0.25249999999999995
2884,178,-28.41,-0.1596067415730337
2885,181,14.360000000000001,0.07933701657458564
2886,168,-19.879999999999995,-0.1183333333333333
2887,181,-4.240000000000002,-0.023425414364640896
2888,182,108.37999999999997,0.5954945054945053
2889,178,-2.9700000000000024,-0.01668539325842698
2890,187,18.279999999999998,0.09775401069518715
2891,183,-36.5,-0.1994535519125683
2892,193,-18.569999999999993,-0.09621761658031085
2893,182,35.849999999999994,0.19697802197802194
2894,191,71.61,0.3749214659685864
2895,170,-23.75,-0.13970588235294118
2896,192,78.96000000000001,0.41125000000000006
2897,186,-5.449999999999999,-0.0293010752688172
2898,177,115.26999999999998,0.6512429378531073
2899,174,19.479999999999997,0.11195402298850574
2900,179,-37.05,-0.20698324022346368
2901,173,20.63,0.1192485549132948
2902,180,2.2799999999999976,0.012666666666666652
2903,186,2.479999999999997,0.013333333333333317
2904,186,21.07,0.11327956989247312
2905,184,9.579999999999995,0.05206521739130432
2906,187,14.570000000000006,0.07791443850267382
2907,181,29.310000000000002,0.16193370165745857
2908,184,11.899999999999999,0.06467391304347825
2909,185,-5.789999999999996,-0.03129729729729727
2910,185,17.89999999999999,0.09675675675675671
2911,186,-2.030000000000001,-0.010913978494623663
2912,188,-53.14999999999999,-0.28271276595744677
2913,181,-15.219999999999999,-0.08408839779005524
2914,188,83.84,0.4459574468085107
2915,176,-33.63,-0.19107954545454547
2916,180,25.669999999999998,0.1426111111111111
2917,177,-23.429999999999996,-0.13237288135593217
2918,183,-4.75,-0.025956284153005466
2919,190,43.61999999999999,0.229578947368421
2920,180,12.120000000000003,0.06733333333333334
2921,176,-5.510000000000006,-0.03130681818181821
2922,173,1.5400000000000018,0.008901734104046254
2923,167,38.849999999999994,0.2326347305389221
2924,182,32.43,0.17818681318681318
2925,185,-10.41,-0.05627027027027027
2926,171,-18.150000000000002,-0.106140350877193
2927,182,42.56,0.23384615384615387
2928,183,27.820000000000004,0.1520218579234973
2929,177,41.089999999999996,0.2321468926553672
2930,184,-41.260000000000005,-0.22423913043478264
2931,177,21.950000000000006,0.12401129943502828
2932,183,17.939999999999998,0.09803278688524589
2933,173,-26.96,-0.15583815028901735
2934,163,14.450000000000005,0.08865030674846629
2935,174,29.93,0.17201149425287357
2936,192,62.11,0.32348958333333333
2937,179,78.39999999999999,0.4379888268156424
2938,185,4.789999999999999,0.025891891891891887
2939,185,8.670000000000003,0.04686486486486488
2940,188,-48.03,-0.2554787234042553
2941,181,22.01,0.12160220994475139
2942,177,-32.269999999999996,-0.18231638418079094
2943,180,-18.789999999999996,-0.10438888888888886
2944,196,12.77,0.0651530612244898
2945,201,55.8,0.27761194029850744
2946,184,20.26,0.11010869565217392
2947,184,32.17999999999999,0.17489130434782604
2948,175,-35.449999999999996,-0.20257142857142854
2949,183,18.270000000000003,0.0998360655737705
2950,172,31.249999999999996,0.1816860465116279
2951,167,46.22000000000001,0.2767664670658683
2952,177,-18.950000000000003,-0.10706214689265538
2953,185,102.28999999999999,0.5529189189189189
2954,183,-10.73,-0.05863387978142077
2955,177,13.790000000000003,0.07790960451977402
2956,185,13.38,0.07232432432432433
2957,178,62.7,0.35224719101123597
2958,184,23.369999999999997,0.12701086956521737
2959,176,19.639999999999997,0.11159090909090907
2960,181,13.540000000000006,0.07480662983425418
2961,176,34.449999999999996,0.19573863636363634
2962,180,-25.7,-0.14277777777777778
2963,182,73.28,0.40263736263736266
2964,174,67.27,0.3866091954022988
2965,182,57.0,0.3131868131868132
2966,175,20.389999999999993,0.11651428571428568
2967,170,6.439999999999998,0.03788235294117646
2968,174,-17.41,-0.10005747126436781
2969,190,40.45,0.21289473684210528
2970,172,4.0900000000000025,0.023779069767441874
2971,163,-1.5000000000000036,-0.009202453987730083
2972,188,17.39999999999999,0.09255319148936166
2973,169,11.730000000000004,0.06940828402366866
2974,179,61.14999999999999,0.34162011173184353
2975,168,11.509999999999998,0.06851190476190475
2976,166,-77.71,-0.4681325301204819
2977,179,22.669999999999995,0.1266480446927374
2978,182,-0.620000000000001,-0.003406593406593412
2979,175,63.72,0.3641142857142857
2980,181,17.590000000000003,0.09718232044198898
2981,184,51.959999999999994,0.28239130434782606
2982,185,66.83999999999999,0.36129729729729726
2983,175,59.94,0.3425142857142857
2984,187,31.98999999999999,0.1710695187165775
2985,166,2.480000000000002,0.014939759036144591
2986,188,35.87,0.19079787234042553
2987,175,-2.789999999999999,-0.015942857142857137
2988,194,59.169999999999995,0.305
2989,180,54.75,0.30416666666666664
2990,171,82.53,0.4826315789473684
2991,177,28.830000000000002,0.1628813559322034
2992,179,-50.109999999999985,-0.2799441340782122
2993,182,-0.7500000000000036,-0.00412087912087914
2994,198,49.46,0.2497979797979798
2995,180,17.279999999999994,0.09599999999999996
2996,187,30.170000000000005,0.16133689839572196
2997,175,-28.1,-0.1605714285714286
2998,188,15.010000000000002,0.07984042553191491
2999,173,65.35999999999999,0.3778034682080924
3000,182,55.06999999999999,0.30258241758241755
3001,184,60.36,0.32804347826086955
3002,182,-37.89,-0.2081868131868132
3003,173,-21.880000000000003,-0.12647398843930638
3004,179,24.940000000000005,0.1393296089385475
3005,184,1.1600000000000001,0.006304347826086958
3006,173,-23.26,-0.13445086705202314
3007,178,30.889999999999993,0.1735393258426966
3008,186,1.519999999999996,0.008172043010752666
3009,183,49.010000000000005,0.26781420765027325
3010,190,5.190000000000001,0.027315789473684217
3011,185,0.0,0.0
3012,178,68.01,0.3820786516853933
3013,181,38.940000000000005,0.21513812154696135
3014,183,23.15,0.12650273224043715
3015,186,52.989999999999995,0.28489247311827953
3016,174,7.650000000000002,0.04396551724137932
3017,187,44.92999999999999,0.24026737967914436
3018,182,2.469999999999999,0.013571428571428566
3019,172,-37.129999999999995,-0.2158720930232558
3020,172,-42.14999999999999,-0.24505813953488367
3021,205,52.58999999999999,0.2565365853658536
3022,171,33.86,0.19801169590643275
3023,189,-17.609999999999992,-0.09317460317460313
3024,176,52.53999999999999,0.2985227272727272
3025,181,44.0,0.2430939226519337
3026,171,11.499999999999996,0.06725146198830408
3027,176,3.870000000000001,0.02198863636363637
3028,178,34.370000000000005,0.19308988764044946
3029,175,13.34,0.07622857142857142
3030,172,22.77,0.13238372093023257
3031,183,22.139999999999993,0.12098360655737701
3032,172,-7.310000000000006,-0.04250000000000003
3033,172,22.800000000000008,0.13255813953488377
3034,168,47.23,0.28113095238095237
3035,174,-24.580000000000002,-0.14126436781609197
3036,177,26.410000000000004,0.14920903954802262
3037,188,28.090000000000007,0.14941489361702132
3038,182,-3.820000000000004,-0.02098901098901101
3039,168,34.47000000000001,0.20517857142857152
3040,174,-52.75000000000001,-0.30316091954022995
3041,197,23.740000000000002,0.12050761421319799
3042,175,17.43,0.0996
3043,186,-27.630000000000003,-0.1485483870967742
3044,171,4.150000000000006,0.02426900584795325
3045,173,-21.169999999999995,-0.12236994219653176
3046,188,-8.410000000000007,-0.04473404255319153
3047,191,-2.6000000000000014,-0.013612565445026186
3048,173,-5.940000000000005,-0.03433526011560696
3049,185,-9.370000000000001,-0.05064864864864865
3050,178,-17.869999999999994,-0.10039325842696625
3051,194,27.889999999999997,0.14376288659793812
3052,176,44.43,0.2524431818181818
3053,172,32.24,0.1874418604651163
3054,176,96.96000000000001,0.5509090909090909
3055,195,27.809999999999995,0.1426153846153846
3056,178,15.23,0.08556179775280899
3057,175,18.370000000000005,0.10497142857142859
3058,181,33.14999999999999,0.1831491712707182
3059,170,-23.95,-0.14088235294117646
3060,175,-5.409999999999998,-0.030914285714285707
3061,184,11.269999999999994,0.06124999999999997
3062,170,-8.5,-0.05
3063,178,10.650000000000002,0.059831460674157316
3064,185,13.149999999999999,0.07108108108108108
3065,173,22.33,0.1290751445086705
3066,187,24.90999999999999,0.13320855614973257
3067,179,-8.449999999999996,-0.0472067039106145
3068,195,100.75,0.5166666666666667
3069,180,3.3299999999999983,0.018499999999999992
3070,175,82.67999999999999,0.4724571428571428
3071,175,-26.159999999999993,-0.14948571428571425
3072,168,-7.489999999999995,-0.0445833333333333
3073,192,16.9,0.08802083333333333
3074,176,9.530000000000001,0.05414772727272728
3075,184,-9.41,-0.051141304347826086
3076,182,27.0,0.14835164835164835
3077,176,31.009999999999998,0.1761931818181818
3078,179,28.449999999999996,0.1589385474860335
3079,180,0.5099999999999998,0.0028333333333333322
3080,178,4.2300000000000075,0.023764044943820267
3081,185,71.32,0.3855135135135135
3082,193,47.23999999999999,0.2447668393782383
3083,174,29.979999999999986,0.17229885057471256
3084,185,15.170000000000002,0.082
3085,180,41.78,0.23211111111111113
3086,180,-41.42,-0.23011111111111113
3087,166,34.95,0.2105421686746988
3088,176,9.349999999999996,0.05312499999999998
3089,181,102.66,0.5671823204419889
3090,189,-33.86,-0.17915343915343915
3091,167,-12.529999999999998,-0.07502994011976047
3092,171,-41.040000000000006,-0.24000000000000005
3093,181,-9.970000000000002,-0.05508287292817681
3094,187,1.5599999999999987,0.008342245989304806
3095,175,40.62,0.2321142857142857
3096,175,4.379999999999999,0.025028571428571424
3097,176,-18.67,-0.10607954545454547
3098,180,50.73,0.2818333333333333
3099,195,41.459999999999994,0.2126153846153846
3100,171,-9.419999999999998,-0.0550877192982456
3101,175,2.9499999999999993,0.016857142857142852
3102,180,10.080000000000005,0.05600000000000003
3103,177,-5.8799999999999955,-0.03322033898305082
3104,171,17.999999999999996,0.10526315789473682
3105,186,-13.939999999999998,-0.07494623655913978
3106,179,-25.1,-0.14022346368715086
3107,180,-25.769999999999996,-0.14316666666666664
3108,180,-19.56,-0.10866666666666666
3109,195,-0.6099999999999994,-0.003128205128205125
3110,183,84.32999999999998,0.46081967213114744
3111,178,-21.119999999999997,-0.11865168539325842
3112,173,75.50999999999999,0.4364739884393063
3113,176,-7.419999999999999,-0.0421590909090909
3114,183,51.85000000000001,0.2833333333333334
3115,191,68.94,0.36094240837696334
3116,174,13.179999999999996,0.07574712643678158
3117,172,33.3,0.1936046511627907
3118,183,-9.189999999999998,-0.050218579234972666
3119,183,0.5700000000000003,0.0031147540983606573
3120,173,8.219999999999995,0.047514450867052
3121,179,22.43,0.1253072625698324
3122,181,34.65,0.1914364640883978
3123,187,46.53,0.24882352941176472
3124,171,-17.479999999999997,-0.1022222222222222
3125,183,12.689999999999998,0.06934426229508195
3126,183,64.03999999999999,0.3499453551912568
3127,175,-42.76,-0.24434285714285714
3128,176,-27.650000000000002,-0.15710227272727273
3129,178,-55.26000000000001,-0.31044943820224724
3130,183,26.56,0.14513661202185793
3131,184,31.14,0.16923913043478261
3132,174,-18.949999999999996,-0.10890804597701147
3133,169,22.14,0.1310059171597633
3134,183,41.03,0.22420765027322406
3135,190,-12.370000000000005,-0.06510526315789476
3136,167,-7.539999999999999,-0.04514970059880239
3137,181,-9.800000000000004,-0.054143646408839806
3138,178,38.17,0.214438202247191
3139,172,6.390000000000004,0.037151162790697696
3140,183,9.24,0.050491803278688525
3141,180,2.879999999999999,0.015999999999999993
3142,179,67.8,0.3787709497206704
3143,192,15.579999999999998,0.08114583333333332
3144,176,0.7500000000000036,0.004261363636363657
3145,174,10.87000000000001,0.06247126436781615
3146,150,74.69999999999999,0.49799999999999994
3147,176,-20.660000000000004,-0.11738636363636366
3148,189,32.42,0.17153439153439154
3149,183,57.21000000000001,0.3126229508196722
3150,172,-32.800000000000004,-0.19069767441860466
3151,182,13.109999999999998,0.07203296703296702
3152,175,13.630000000000004,0.07788571428571431
3153,187,19.789999999999996,0.10582887700534757
3154,178,12.149999999999999,0.06825842696629213
3155,180,-15.369999999999997,-0.08538888888888888
3156,177,-14.759999999999998,-0.08338983050847457
3157,187,-6.209999999999997,-0.03320855614973261
3158,189,9.829999999999997,0.05201058201058199
3159,169,-2.7099999999999973,-0.016035502958579865
3160,179,-11.080000000000002,-0.06189944134078213
3161,184,15.040000000000001,0.08173913043478262
3162,174,22.080000000000002,0.12689655172413794
3163,172,3.310000000000006,0.019244186046511663
3164,175,-29.680000000000007,-0.16960000000000003
3165,170,33.470000000000006,0.1968823529411765
3166,177,13.6,0.07683615819209039
3167,181,17.31,0.0956353591160221
3168,189,63.32,0.335026455026455
3169,188,21.20999999999999,0.11281914893617016
3170,169,19.589999999999996,0.11591715976331358
3171,174,-5.910000000000004,-0.033965517241379334
3172,179,-21.439999999999998,-0.11977653631284915
3173,181,-19.639999999999993,-0.10850828729281764
3174,181,-9.420000000000002,-0.052044198895027635
3175,185,-38.790000000000006,-0.20967567567567572
3176,166,21.240000000000006,0.1279518072289157
3177,177,-60.14000000000001,-0.3397740112994351
3178,174,32.32000000000001,0.18574712643678165
3179,179,-10.310000000000002,-0.0575977653631285
3180,180,9.89,0.05494444444444445
3181,183,64.66999999999999,0.35338797814207645
3182,179,45.67999999999999,0.25519553072625695
3183,183,-28.990000000000002,-0.1584153005464481
3184,186,24.740000000000002,0.13301075268817206
3185,192,3.970000000000013,0.0206770833333334
3186,172,-43.02,-0.25011627906976747
3187,176,58.379999999999995,0.3317045454545454
3188,181,24.760000000000005,0.13679558011049728
3189,183,53.78999999999999,0.29393442622950816
3190,163,13.620000000000001,0.08355828220858896
3191,182,-12.399999999999999,-0.06813186813186813
3192,175,33.0,0.18857142857142858
3193,181,-23.659999999999993,-0.13071823204419886
3194,177,29.599999999999987,0.16723163841807903
3195,177,14.759999999999998,0.08338983050847457
3196,192,34.89,0.18171875
3197,179,-10.960000000000003,-0.06122905027932962
3198,167,3.7099999999999973,0.022215568862275433
3199,174,38.08,0.21885057471264366
3200,174,7.890000000000001,0.0453448275862069
3201,180,-36.209999999999994,-0.20116666666666663
3202,191,43.93,0.23
3203,181,-38.21,-0.21110497237569062
3204,180,-24.619999999999997,-0.13677777777777778
3205,171,0.9800000000000004,0.005730994152046786
3206,176,-57.50000000000001,-0.32670454545454547
3207,179,0.9799999999999969,0.0054748603351955135
3208,162,-4.48,-0.027654320987654323
3209,180,-3.41,-0.018944444444444444
3210,186,-8.689999999999998,-0.04672043010752687
3211,177,14.100000000000001,0.07966101694915255
3212,183,45.260000000000005,0.24732240437158473
3213,190,3.4899999999999967,0.01836842105263156
3214,184,27.97,0.1520108695652174
3215,189,2.1599999999999984,0.01142857142857142
3216,186,-16.51,-0.08876344086021506
3217,192,9.160000000000004,0.04770833333333335
3218,184,1.4099999999999966,0.007663043478260851
3219,177,-6.450000000000004,-0.03644067796610172
3220,188,-13.489999999999995,-0.07175531914893614
3221,187,39.489999999999995,0.21117647058823527
3222,183,-0.7400000000000002,-0.004043715846994537
3223,191,-3.25,-0.017015706806282723
3224,171,45.41000000000001,0.2655555555555556
3225,172,16.840000000000003,0.09790697674418607
3226,173,55.83999999999999,0.3227745664739884
3227,173,-27.68,-0.16
3228,181,-36.14999999999999,-0.1997237569060773
3229,171,14.370000000000001,0.08403508771929825
3230,181,2.389999999999999,0.013204419889502756
3231,171,-15.75,-0.09210526315789473
3232,185,-30.79,-0.16643243243243241
3233,176,9.38,0.05329545454545455
3234,180,-36.040000000000006,-0.20022222222222225
3235,192,9.240000000000006,0.04812500000000003
3236,170,16.419999999999998,0.09658823529411764
3237,175,30.700000000000003,0.17542857142857143
3238,193,61.56,0.3189637305699482
3239,184,13.989999999999998,0.07603260869565216
3240,170,-57.57,-0.3386470588235294
3241,179,6.83,0.038156424581005585
3242,181,-17.499999999999993,-0.09668508287292814
3243,186,50.82,0.27322580645161293
3244,185,2.909999999999993,0.01572972972972969
3245,175,-27.17,-0.15525714285714287
3246,192,51.53999999999999,0.26843749999999994
3247,183,-3.2399999999999984,-0.017704918032786877
3248,165,-5.3999999999999995,-0.03272727272727272
3249,191,-15.770000000000003,-0.08256544502617803
3250,176,-38.50999999999999,-0.21880681818181813
3251,168,-15.839999999999996,-0.09428571428571426
3252,180,15.689999999999994,0.08716666666666663
3253,184,25.080000000000005,0.136304347826087
3254,188,10.860000000000001,0.05776595744680852
3255,179,-42.68,-0.23843575418994414
3256,168,10.920000000000005,0.06500000000000003
3257,183,16.39,0.08956284153005464
3258,180,0.25999999999999446,0.0014444444444444136
3259,187,99.37,0.5313903743315508
3260,183,-47.00999999999999,-0.2568852459016393
3261,187,-11.23,-0.06005347593582888
3262,182,-54.72,-0.30065934065934063
3263,181,35.32,0.19513812154696134
3264,169,-32.42,-0.19183431952662722
3265,175,-26.620000000000005,-0.15211428571428573
3266,179,-63.449999999999996,-0.35446927374301673
3267,183,15.410000000000005,0.08420765027322408
3268,185,36.250000000000014,0.19594594594594603
3269,178,3.3599999999999994,0.01887640449438202
3270,189,29.529999999999994,0.1562433862433862
3271,176,-14.0,-0.07954545454545454
3272,172,15.100000000000007,0.08779069767441865
3273,171,11.330000000000005,0.0662573099415205
3274,182,11.350000000000001,0.06236263736263737
3275,182,1.8500000000000014,0.010164835164835172
3276,183,-8.46,-0.046229508196721315
3277,182,16.619999999999997,0.0913186813186813
3278,178,64.69,0.36342696629213483
3279,180,-1.25,-0.006944444444444444
3280,193,-28.479999999999997,-0.14756476683937822
3281,175,5.620000000000003,0.03211428571428573
3282,180,-21.570000000000004,-0.11983333333333336
3283,204,65.86000000000001,0.32284313725490205
3284,185,32.58,0.1761081081081081
3285,172,47.14999999999999,0.27412790697674416
3286,186,8.380000000000003,0.04505376344086023
3287,186,6.130000000000003,0.032956989247311844
3288,187,74.47999999999999,0.3982887700534759
3289,175,-8.449999999999994,-0.04828571428571425
3290,186,-19.269999999999996,-0.10360215053763439
3291,181,33.760000000000005,0.1865193370165746
3292,169,16.3,0.09644970414201184
3293,177,28.71,0.16220338983050847
3294,186,60.81,0.32693548387096777
3295,181,9.339999999999996,0.051602209944751364
3296,186,-34.86,-0.18741935483870967
3297,185,19.980000000000004,0.10800000000000003
3298,178,58.3,0.32752808988764043
3299,182,43.18,0.23725274725274725
3300,177,32.17999999999999,0.18180790960451973
3301,170,83.85,0.49323529411764705
3302,171,-29.499999999999996,-0.17251461988304093
3303,169,-17.65,-0.1044378698224852
3304,166,49.18,0.29626506024096383
3305,192,23.129999999999995,0.12046874999999997
3306,176,11.540000000000006,0.06556818181818186
3307,180,-15.820000000000004,-0.0878888888888889
3308,194,76.58,0.39474226804123713
3309,174,30.099999999999998,0.17298850574712643
3310,186,49.559999999999995,0.2664516129032258
3311,206,14.969999999999999,0.07266990291262135
3312,173,26.39,0.15254335260115606
3313,180,32.13999999999999,0.17855555555555552
3314,180,-44.51,-0.24727777777777776
3315,167,13.020000000000001,0.07796407185628744
3316,179,-50.92999999999999,-0.2845251396648044
3317,165,-12.079999999999995,-0.07321212121212119
3318,182,46.61,0.2560989010989011
3319,187,-9.32,-0.04983957219251337
3320,180,62.35999999999999,0.3464444444444444
3321,170,-26.619999999999997,-0.15658823529411764
3322,177,60.95,0.34435028248587574
3323,173,27.319999999999993,0.15791907514450862
3324,180,13.019999999999996,0.0723333333333333
3325,174,0.5599999999999987,0.003218390804597694
3326,182,22.309999999999995,0.12258241758241756
3327,176,-28.66999999999999,-0.16289772727272722
3328,170,26.139999999999993,0.15376470588235291
3329,189,-1.9700000000000033,-0.01042328042328044
3330,185,57.94,0.3131891891891892
3331,177,50.349999999999994,0.2844632768361582
3332,172,67.36,0.39162790697674416
3333,167,-14.09,-0.08437125748502994
3334,184,21.1,0.11467391304347826
3335,185,-20.599999999999998,-0.11135135135135134
3336,174,-49.19999999999999,-0.2827586206896551
3337,181,6.050000000000004,0.03342541436464091
3338,176,-43.24000000000001,-0.24568181818181822
3339,179,-28.7,-0.16033519553072625
3340,176,64.26,0.3651136363636364
3341,185,53.56999999999999,0.2895675675675675
3342,179,52.09,0.2910055865921788
3343,191,29.050000000000008,0.15209424083769638
3344,184,15.879999999999999,0.08630434782608695
3345,168,-37.24999999999999,-0.22172619047619044
3346,183,27.389999999999997,0.14967213114754097
3347,175,51.11,0.29205714285714285
3348,174,14.859999999999996,0.0854022988505747
3349,180,-47.91,-0.26616666666666666
3350,182,7.020000000000001,0.038571428571428576
3351,173,-10.219999999999997,-0.059075144508670505
3352,171,16.65,0.09736842105263158
3353,175,31.999999999999996,0.18285714285714283
3354,180,25.719999999999995,0.14288888888888887
3355,180,-31.81,-0.17672222222222222
3356,194,38.19,0.19685567010309277
3357,171,-12.470000000000008,-0.07292397660818718
3358,191,45.50000000000001,0.23821989528795814
3359,186,0.9700000000000024,0.005215053763440873
3360,175,-1.2999999999999972,-0.007428571428571412
3361,173,34.0,0.19653179190751446
3362,178,-13.130000000000003,-0.07376404494382025
3363,188,-3.2499999999999964,-0.01728723404255317
3364,183,50.73,0.2772131147540983
3365,183,-3.350000000000005,-0.018306010928961777
3366,188,13.420000000000002,0.07138297872340427
3367,170,37.28,0.21929411764705883
3368,174,28.639999999999997,0.16459770114942526
3369,178,25.03,0.14061797752808988
3370,190,27.620000000000008,0.14536842105263162
3371,202,-5.370000000000003,-0.026584158415841597
3372,191,17.500000000000004,0.09162303664921467
3373,185,-20.76,-0.11221621621621622
3374,181,28.04,0.1549171270718232
3375,180,-15.61,-0.08672222222222221
3376,176,47.47,0.2697159090909091
3377,176,-32.199999999999996,-0.18295454545454543
3378,192,18.369999999999997,0.09567708333333332
3379,167,23.929999999999993,0.14329341317365266
3380,176,-26.070000000000004,-0.14812500000000003
3381,170,-7.770000000000004,-0.0457058823529412
3382,182,40.23,0.22104395604395602
3383,179,-1.7700000000000062,-0.009888268156424615
3384,196,68.28,0.3483673469387755
3385,180,67.41,0.3745
3386,186,53.35000000000001,0.28682795698924735
3387,174,31.970000000000006,0.1837356321839081
3388,184,40.08,0.21782608695652173
3389,178,39.60000000000001,0.2224719101123596
3390,180,18.27,0.10149999999999999
3391,179,-29.229999999999997,-0.16329608938547485
3392,193,-11.100000000000005,-0.05751295336787567
3393,180,8.269999999999996,0.04594444444444442
3394,178,41.17999999999999,0.23134831460674155
3395,181,-9.120000000000001,-0.050386740331491715
3396,181,-45.03,-0.24878453038674034
3397,169,31.019999999999996,0.18355029585798815
3398,181,23.56,0.13016574585635357
3399,179,-6.889999999999995,-0.038491620111731815
3400,187,30.840000000000007,0.1649197860962567
3401,187,60.86999999999999,0.32550802139037427
3402,171,38.75,0.22660818713450293
3403,179,-36.68,-0.20491620111731843
3404,186,-1.0999999999999996,-0.005913978494623654
3405,185,-10.139999999999993,-0.054810810810810774
3406,178,18.519999999999992,0.10404494382022468
3407,181,-6.450000000000001,-0.03563535911602211
3408,177,24.210000000000008,0.1367796610169492
3409,181,-8.510000000000002,-0.047016574585635365
3410,193,35.480000000000004,0.18383419689119174
3411,174,28.119999999999997,0.16160919540229884
3412,171,-23.799999999999994,-0.13918128654970757
3413,183,55.370000000000005,0.302568306010929
3414,173,2.2700000000000005,0.013121387283236996
3415,189,-4.230000000000001,-0.022380952380952387
3416,181,31.740000000000002,0.17535911602209947
3417,180,18.86,0.10477777777777778
3418,196,-28.090000000000007,-0.14331632653061227
3419,173,5.55,0.03208092485549133
3420,193,55.83,0.2892746113989637
3421,181,-27.330000000000005,-0.1509944751381216
3422,174,62.09,0.35683908045977014
3423,185,53.51,0.28924324324324324
3424,175,-11.92,-0.06811428571428571
3425,176,-40.46000000000001,-0.2298863636363637
3426,175,-18.130000000000006,-0.10360000000000004
3427,176,-31.44,-0.17863636363636365
3428,184,1.2499999999999964,0.006793478260869546
3429,179,9.919999999999998,0.055418994413407814
3430,179,31.890000000000008,0.17815642458100564
3431,185,33.57,0.18145945945945946
3432,178,50.629999999999995,0.28443820224719096
3433,191,68.0,0.35602094240837695
3434,171,1.8799999999999994,0.010994152046783622
3435,184,-16.71,-0.09081521739130435
3436,189,-6.280000000000003,-0.033227513227513245
3437,170,18.25,0.10735294117647058
3438,190,36.9,0.19421052631578947
3439,188,56.88,0.3025531914893617
3440,177,-26.239999999999995,-0.14824858757062143
3441,179,-29.639999999999993,-0.16558659217877092
3442,173,12.329999999999997,0.07127167630057801
3443,190,6.649999999999995,0.034999999999999976
3444,181,33.19,0.18337016574585635
3445,188,24.779999999999998,0.13180851063829785
3446,191,12.04,0.06303664921465968
3447,172,50.39,0.2929651162790698
3448,181,-39.949999999999996,-0.22071823204419888
3449,169,47.77000000000001,0.2826627218934912
3450,185,19.419999999999995,0.10497297297297295
3451,186,22.760000000000005,0.12236559139784949
3452,182,-7.080000000000004,-0.03890109890109892
3453,169,-21.56,-0.12757396449704142
3454,194,11.329999999999995,0.058402061855670075
3455,179,-30.62,-0.17106145251396648
3456,176,-13.84,-0.07863636363636363
3457,179,23.659999999999993,0.13217877094972064
3458,166,13.459999999999997,0.08108433734939757
3459,177,-29.430000000000003,-0.16627118644067798
3460,171,-42.9,-0.25087719298245614
3461,190,-19.099999999999994,-0.10052631578947366
3462,178,-78.25999999999999,-0.43966292134831453
3463,188,27.84,0.14808510638297873
3464,177,27.70000000000001,0.156497175141243
3465,175,18.469999999999995,0.10554285714285712
3466,177,-40.83,-0.23067796610169491
3467,186,57.720000000000006,0.31032258064516133
3468,196,-8.310000000000002,-0.04239795918367348
3469,181,60.52999999999999,0.33441988950276236
3470,174,21.74000000000001,0.12494252873563223
3471,173,5.660000000000004,0.032716763005780365
3472,187,69.89,0.37374331550802137
3473,171,55.379999999999995,0.323859649122807
3474,186,35.769999999999996,0.19231182795698923
3475,184,41.879999999999995,0.2276086956521739
3476,174,41.309999999999995,0.23741379310344826
3477,176,-0.9199999999999982,-0.005227272727272717
3478,179,9.970000000000002,0.05569832402234638
3479,164,18.140000000000004,0.110609756097561
3480,184,5.739999999999991,0.031195652173912996
3481,183,-20.359999999999996,-0.11125683060109287
3482,174,60.19000000000001,0.34591954022988514
3483,179,-26.59999999999999,-0.14860335195530722
3484,181,-16.229999999999997,-0.0896685082872928
3485,185,46.499999999999986,0.2513513513513513
3486,177,-16.870000000000005,-0.09531073446327686
3487,182,5.9,0.03241758241758242
3488,170,7.540000000000003,0.0443529411764706
3489,181,-17.899999999999995,-0.09889502762430936
3490,184,-21.950000000000003,-0.11929347826086958
3491,182,-3.360000000000003,-0.018461538461538477
3492,178,7.460000000000001,0.04191011235955057
3493,180,21.78,0.12100000000000001
3494,182,-3.2100000000000004,-0.01763736263736264
3495,193,-9.549999999999997,-0.04948186528497408
3496,162,-8.910000000000004,-0.05500000000000002
3497,182,21.090000000000003,0.1158791208791209
3498,183,14.359999999999998,0.07846994535519125
3499,167,-51.22,-0.30670658682634727
3500,173,61.629999999999995,0.35624277456647396
3501,178,23.279999999999994,0.13078651685393256
3502,180,39.400000000000006,0.2188888888888889
3503,184,30.110000000000003,0.16364130434782612
3504,182,11.339999999999982,0.06230769230769221
3505,176,-3.4899999999999984,-0.019829545454545447
3506,170,-19.599999999999998,-0.11529411764705881
3507,178,7.950000000000003,0.04466292134831462
3508,194,20.46,0.10546391752577321
3509,175,5.1499999999999995,0.029428571428571425
3510,179,-4.230000000000004,-0.023631284916201138
3511,189,2.619999999999999,0.013862433862433859
3512,179,-26.409999999999997,-0.14754189944134077
3513,172,-5.760000000000002,-0.033488372093023265
3514,185,-9.18,-0.04962162162162162
3515,182,21.8,0.11978021978021978
3516,180,-20.169999999999995,-0.11205555555555552
3517,176,9.240000000000002,0.05250000000000001
3518,189,-7.010000000000005,-0.03708994708994712
3519,169,25.419999999999995,0.15041420118343193
3520,179,-17.179999999999996,-0.0959776536312849
3521,192,-15.960000000000004,-0.08312500000000002
3522,176,-12.900000000000002,-0.07329545454545455
3523,188,-39.550000000000004,-0.21037234042553193
3524,193,-13.02,-0.06746113989637305
3525,184,34.970000000000006,0.190054347826087
3526,182,-23.429999999999996,-0.1287362637362637
3527,177,-12.490000000000002,-0.07056497175141244
3528,179,16.229999999999997,0.0906703910614525
3529,171,4.0,0.023391812865497075
3530,184,41.93,0.2278804347826087
3531,183,34.64,0.1892896174863388
3532,178,-54.67,-0.30713483146067416
3533,199,54.150000000000006,0.2721105527638191
3534,168,16.78,0.09988095238095239
3535,186,5.970000000000006,0.03209677419354842
3536,174,9.330000000000005,0.05362068965517244
3537,168,-6.5400000000000045,-0.03892857142857146
3538,189,-20.959999999999997,-0.11089947089947089
3539,185,8.059999999999999,0.043567567567567564
3540,184,-8.129999999999997,-0.044184782608695634
3541,171,-54.339999999999996,-0.31777777777777777
3542,180,-28.349999999999998,-0.1575
3543,185,8.68,0.04691891891891892
3544,159,32.94,0.2071698113207547
3545,181,-43.17,-0.2385082872928177
3546,189,47.57,0.2516931216931217
3547,178,39.73,0.22320224719101123
3548,175,47.67999999999999,0.27245714285714284
3549,172,14.739999999999998,0.08569767441860464
3550,185,-4.250000000000007,-0.022972972972973012
3551,181,71.33,0.3940883977900552
3552,165,20.150000000000002,0.12212121212121213
3553,184,8.690000000000007,0.047228260869565254
3554,168,-10.739999999999997,-0.0639285714285714
3555,187,36.53999999999999,0.19540106951871652
3556,182,27.109999999999996,0.14895604395604392
3557,185,37.67,0.20362162162162162
3558,187,64.75,0.3462566844919786
3559,190,22.76,0.11978947368421053
3560,183,32.33999999999999,0.1767213114754098
3561,181,-11.000000000000004,-0.060773480662983444
3562,167,-57.14999999999999,-0.3422155688622754
3563,179,-4.0500000000000025,-0.02262569832402236
3564,184,14.049999999999999,0.0763586956521739
3565,181,-3.399999999999995,-0.018784530386740304
3566,174,37.21,0.21385057471264368
3567,183,-16.06,-0.08775956284153005
3568,175,-18.25,-0.10428571428571429
3569,174,7.26,0.04172413793103448
3570,177,3.3400000000000007,0.018870056497175144
3571,180,-52.01,-0.28894444444444445
3572,193,-14.369999999999997,-0.07445595854922278
3573,181,14.440000000000001,0.07977900552486189
3574,169,-17.11,-0.10124260355029585
3575,178,-1.1300000000000008,-0.006348314606741578
3576,176,15.869999999999996,0.09017045454545453
3577,179,2.4600000000000026,0.013743016759776551
3578,182,19.83,0.10895604395604394
3579,177,24.479999999999997,0.1383050847457627
3580,181,-8.56999999999999,-0.047348066298342484
3581,190,-25.399999999999995,-0.13368421052631577
3582,173,-8.320000000000004,-0.04809248554913297
3583,162,39.57,0.24425925925925926
3584,185,-2.2299999999999933,-0.012054054054054018
3585,181,17.779999999999994,0.09823204419889499
3586,183,46.28,0.252896174863388
3587,178,10.780000000000003,0.060561797752809
3588,187,55.010000000000005,0.2941711229946524
3589,169,30.510000000000005,0.18053254437869826
3590,179,71.96,0.40201117318435753
3591,182,19.32,0.10615384615384615
3592,181,42.88000000000001,0.23690607734806635
3593,185,26.889999999999997,0.14535135135135133
3594,180,34.06,0.18922222222222224
3595,171,7.919999999999998,0.0463157894736842
3596,192,50.41000000000001,0.2625520833333334
3597,189,35.84,0.18962962962962965
3598,183,-33.21000000000001,-0.1814754098360656
3599,181,-6.269999999999996,-0.03464088397790053
3600,178,72.75,0.40870786516853935
3601,174,38.059999999999995,0.218735632183908
3602,176,16.7,0.09488636363636363
3603,177,-7.719999999999995,-0.04361581920903952
3604,187,20.369999999999997,0.10893048128342245
3605,177,14.659999999999998,0.08282485875706214
3606,171,-38.25,-0.2236842105263158
3607,182,-13.649999999999991,-0.07499999999999996
3608,185,3.4400000000000013,0.0185945945945946
3609,178,-15.300000000000006,-0.08595505617977532
3610,174,-23.750000000000007,-0.13649425287356326
3611,176,15.429999999999998,0.08767045454545454
3612,176,-38.9,-0.22102272727272726
3613,175,20.26,0.11577142857142858
3614,183,-4.250000000000005,-0.023224043715847024
3615,172,16.70000000000001,0.09709302325581401
3616,172,34.199999999999996,0.19883720930232557
3617,183,4.040000000000001,0.022076502732240443
3618,183,-26.330000000000002,-0.14387978142076505
3619,180,48.08,0.2671111111111111
3620,181,39.849999999999994,0.22016574585635357
3621,171,62.629999999999995,0.36625730994152045
3622,175,-22.26,-0.1272
3623,175,12.950000000000001,0.07400000000000001
3624,197,9.960000000000004,0.05055837563451779
3625,185,24.209999999999994,0.13086486486486484
3626,184,-34.95,-0.18994565217391307
3627,186,2.370000000000008,0.012741935483871012
3628,175,29.829999999999995,0.17045714285714283
3629,187,16.47,0.08807486631016043
3630,180,13.920000000000002,0.07733333333333334
3631,182,2.1599999999999895,0.01186813186813181
3632,181,6.779999999999998,0.037458563535911586
3633,181,-23.510000000000005,-0.12988950276243097
3634,184,-1.120000000000001,-0.0060869565217391355
3635,172,-53.08,-0.3086046511627907
3636,186,-13.739999999999998,-0.07387096774193548
3637,182,33.37,0.18335164835164833
3638,191,55.78000000000001,0.29204188481675397
3639,177,21.9,0.12372881355932203
3640,179,37.43,0.20910614525139665
3641,165,18.62,0.11284848484848485
3642,188,-3.0899999999999963,-0.016436170212765937
3643,189,51.41999999999999,0.272063492063492
3644,194,42.839999999999996,0.22082474226804122
3645,188,-2.990000000000002,-0.015904255319148946
3646,175,-9.559999999999999,-0.05462857142857142
3647,181,-27.709999999999997,-0.1530939226519337
3648,171,16.790000000000003,0.09818713450292399
3649,189,-3.049999999999997,-0.016137566137566124
3650,175,10.929999999999998,0.06245714285714284
3651,174,49.0,0.28160919540229884
3652,185,23.79,0.1285945945945946
3653,173,-41.66000000000001,-0.24080924855491337
3654,169,29.6,0.17514792899408285
3655,174,-25.91,-0.1489080459770115
3656,167,13.249999999999998,0.07934131736526945
3657,177,-2.9299999999999966,-0.01655367231638416
3658,181,47.05999999999999,0.25999999999999995
3659,175,25.73999999999999,0.14708571428571424
3660,175,-0.22000000000000064,-0.0012571428571428607
3661,172,6.690000000000003,0.03889534883720932
3662,174,52.24000000000001,0.30022988505747134
3663,182,-8.140000000000004,-0.044725274725274745
3664,197,56.93999999999999,0.2890355329949238
3665,175,17.849999999999998,0.102
3666,182,40.2,0.2208791208791209
3667,182,38.77,0.21302197802197803
3668,191,27.79,0.14549738219895286
3669,182,31.290000000000003,0.17192307692307693
3670,181,4.650000000000006,0.02569060773480666
3671,186,68.96000000000001,0.37075268817204304
3672,179,-13.389999999999993,-0.07480446927374299
3673,191,-21.129999999999995,-0.11062827225130888
3674,192,49.690000000000005,0.2588020833333334
3675,168,-8.620000000000001,-0.05130952380952382
3676,164,25.650000000000006,0.15640243902439027
3677,173,44.45,0.2569364161849711
3678,174,73.72,0.42367816091954025
3679,169,28.92000000000001,0.17112426035502964
3680,180,29.78000000000001,0.16544444444444448
3681,185,-33.27,-0.17983783783783786
3682,179,44.42,0.2481564245810056
3683,176,-29.279999999999998,-0.16636363636363635
3684,173,-5.110000000000003,-0.029537572254335277
3685,177,9.880000000000003,0.05581920903954804
3686,173,-15.020000000000003,-0.08682080924855493
3687,188,34.169999999999995,0.18175531914893614
3688,176,-39.540000000000006,-0.22465909090909095
3689,186,-18.749999999999993,-0.10080645161290319
3690,173,2.2900000000000027,0.013236994219653195
3691,169,2.2999999999999954,0.013609467455621275
3692,185,39.419999999999995,0.21308108108108106
3693,171,-19.730000000000004,-0.11538011695906435
3694,176,-28.06999999999999,-0.1594886363636363
3695,168,-61.989999999999995,-0.3689880952380952
3696,178,-11.690000000000008,-0.06567415730337084
3697,169,37.84,0.223905325443787
3698,190,32.2,0.16947368421052633
3699,171,36.56,0.2138011695906433
3700,183,21.39,0.11688524590163935
3701,175,-27.619999999999997,-0.1578285714285714
3702,184,-8.139999999999997,-0.04423913043478259
3703,179,-32.88000000000001,-0.1836871508379889
3704,175,30.390000000000008,0.1736571428571429
3705,174,36.62,0.21045977011494252
3706,193,28.769999999999996,0.14906735751295336
3707,188,27.229999999999997,0.14484042553191487
3708,170,36.64000000000001,0.2155294117647059
3709,174,-17.310000000000002,-0.09948275862068967
3710,183,50.61,0.2765573770491803
3711,173,-5.859999999999999,-0.033872832369942193
3712,186,-39.78,-0.21387096774193548
3713,177,5.559999999999995,0.031412429378531045
3714,173,-19.639999999999997,-0.11352601156069363
3715,188,25.729999999999997,0.13686170212765955
3716,176,0.6800000000000033,0.003863636363636382
3717,173,-17.15,-0.0991329479768786
3718,168,-52.16,-0.31047619047619046
3719,182,6.580000000000002,0.03615384615384616
3720,173,0.8400000000000007,0.004855491329479773
3721,179,43.83,0.24486033519553072
3722,182,11.64,0.06395604395604396
3723,187,-14.510000000000002,-0.07759358288770055
3724,192,44.39,0.23119791666666667
3725,182,2.8500000000000014,0.015659340659340666
3726,180,40.379999999999995,0.2243333333333333
3727,189,53.86999999999999,0.28502645502645496
3728,186,-11.889999999999993,-0.06392473118279567
3729,184,-40.660000000000004,-0.22097826086956524
3730,181,37.690000000000005,0.20823204419889504
3731,174,49.04,0.28183908045977013
3732,177,69.37,0.3919209039548023
3733,183,-56.82000000000001,-0.3104918032786886
3734,181,23.71,0.13099447513812154
3735,183,-24.629999999999995,-0.13459016393442622
3736,196,-3.759999999999999,-0.01918367346938775
3737,189,-44.56999999999999,-0.2358201058201058
3738,174,17.570000000000007,0.10097701149425292
3739,181,104.70000000000002,0.5784530386740332
3740,184,2.7000000000000064,0.014673913043478296
3741,181,37.25,0.2058011049723757
3742,172,-20.049999999999997,-0.11656976744186044
3743,187,15.599999999999998,0.08342245989304811
3744,189,2.479999999999997,0.013121693121693105
3745,186,-5.629999999999994,-0.03026881720430104
3746,168,41.94,0.24964285714285714
3747,174,-7.079999999999995,-0.04068965517241376
3748,197,-8.909999999999997,-0.04522842639593907
3749,188,45.940000000000005,0.2443617021276596
3750,179,-14.740000000000004,-0.08234636871508381
3751,179,16.88,0.09430167597765363
3752,180,-31.050000000000004,-0.17250000000000001
3753,183,-25.049999999999997,-0.13688524590163934
3754,184,-27.599999999999994,-0.14999999999999997
3755,179,14.319999999999997,0.07999999999999999
3756,180,41.4,0.22999999999999998
3757,165,14.61,0.08854545454545454
3758,166,-7.100000000000001,-0.042771084337349406
3759,187,13.060000000000002,0.06983957219251338
3760,186,-16.92,-0.09096774193548388
3761,189,42.010000000000005,0.2222751322751323
3762,175,21.2,0.12114285714285714
3763,168,-15.239999999999998,-0.0907142857142857
3764,176,-35.08,-0.1993181818181818
3765,189,10.079999999999997,0.053333333333333316
3766,172,6.629999999999999,0.03854651162790697
3767,184,24.150000000000006,0.13125000000000003
3768,169,23.689999999999994,0.14017751479289936
3769,171,-3.960000000000001,-0.02315789473684211
3770,172,-14.509999999999998,-0.08436046511627905
3771,176,18.480000000000004,0.10500000000000002
3772,180,9.879999999999999,0.05488888888888888
3773,195,27.319999999999993,0.14010256410256408
3774,175,27.84,0.15908571428571427
3775,182,24.18,0.13285714285714287
3776,179,21.79,0.121731843575419
3777,171,-23.620000000000005,-0.13812865497076027
3778,180,-18.439999999999998,-0.10244444444444444
3779,175,9.68,0.05531428571428571
3780,189,37.06999999999999,0.1961375661375661
3781,175,45.529999999999994,0.26017142857142855
3782,184,43.33,0.2354891304347826
3783,187,-10.29,-0.055026737967914435
3784,185,-28.500000000000004,-0.15405405405405406
3785,176,54.3,0.3085227272727273
3786,177,41.94,0.23694915254237287
3787,175,30.89999999999999,0.17657142857142852
3788,172,4.899999999999993,0.028488372093023216
3789,197,36.099999999999994,0.18324873096446698
3790,173,-15.079999999999998,-0.08716763005780345
3791,177,19.380000000000003,0.10949152542372882
3792,170,36.06,0.21211764705882355
3793,176,19.2,0.10909090909090909
3794,175,29.219999999999995,0.16697142857142855
3795,186,0.5199999999999978,0.002795698924731171
3796,172,-22.149999999999995,-0.12877906976744183
3797,191,-49.120000000000005,-0.25717277486911
3798,171,12.560000000000002,0.07345029239766084
3799,181,46.86000000000001,0.25889502762430944
3800,172,30.500000000000007,0.17732558139534887
3801,175,27.55,0.15742857142857145
3802,179,27.950000000000003,0.15614525139664806
3803,188,64.19999999999999,0.3414893617021276
3804,192,4.060000000000009,0.02114583333333338
3805,188,12.699999999999998,0.06755319148936169
3806,186,32.85,0.17661290322580647
3807,183,-3.430000000000007,-0.01874316939890714
3808,178,-30.599999999999987,-0.17191011235955048
3809,179,-13.209999999999997,-0.07379888268156423
3810,168,-24.150000000000002,-0.14375000000000002
3811,183,42.60000000000001,0.2327868852459017
3812,178,27.42,0.15404494382022474
3813,181,-38.01,-0.21
3814,182,-16.419999999999998,-0.09021978021978021
3815,193,53.57,0.27756476683937825
3816,179,37.599999999999994,0.21005586592178768
3817,186,-4.749999999999989,-0.025537634408602093
3818,187,-28.45,-0.15213903743315507
3819,180,-16.379999999999995,-0.09099999999999997
3820,188,-11.380000000000003,-0.060531914893617034
3821,198,-36.120000000000005,-0.18242424242424246
3822,175,-71.22,-0.40697142857142854
3823,188,10.549999999999997,0.05611702127659573
3824,188,-7.109999999999999,-0.03781914893617021
3825,176,-32.169999999999995,-0.18278409090909087
3826,168,58.32,0.34714285714285714
3827,179,15.899999999999999,0.08882681564245809
3828,178,35.989999999999995,0.20219101123595504
3829,184,-31.93,-0.17353260869565218
3830,173,41.32999999999999,0.2389017341040462
3831,185,-2.630000000000008,-0.014216216216216259
3832,183,41.91,0.22901639344262292
3833,173,-21.380000000000003,-0.12358381502890176
3834,187,75.76,0.4051336898395722
3835,187,-26.36999999999999,-0.1410160427807486
3836,182,-24.320000000000007,-0.13362637362637367
3837,191,28.889999999999997,0.15125654450261777
3838,188,51.95000000000001,0.2763297872340426
3839,179,24.95,0.1393854748603352
3840,188,23.140000000000004,0.12308510638297875
3841,175,-5.16,-0.029485714285714285
3842,184,30.179999999999993,0.16402173913043475
3843,197,79.12,0.4016243654822335
3844,188,-13.24,-0.07042553191489362
3845,183,9.360000000000001,0.05114754098360656
3846,174,-22.71,-0.13051724137931034
3847,180,-4.110000000000001,-0.02283333333333334
3848,174,3.9200000000000053,0.022528735632183938
3849,167,-45.78999999999999,-0.27419161676646703
3850,184,-1.0499999999999954,-0.00570652173913041
3851,174,17.109999999999996,0.09833333333333331
3852,179,44.71,0.24977653631284916
3853,173,52.34,0.3025433526011561
3854,176,10.130000000000003,0.057556818181818195
3855,189,6.399999999999999,0.03386243386243386
3856,176,11.559999999999999,0.06568181818181817
3857,176,-3.95,-0.02244318181818182
3858,177,1.1499999999999986,0.00649717514124293
3859,184,40.09,0.2178804347826087
3860,186,-19.13,-0.1028494623655914
3861,169,21.599999999999998,0.12781065088757396
3862,162,-1.7100000000000044,-0.010555555555555582
3863,180,-29.080000000000005,-0.1615555555555556
3864,166,-34.14,-0.20566265060240965
3865,177,35.879999999999995,0.20271186440677963
3866,179,74.1,0.41396648044692735
3867,172,13.109999999999996,0.07622093023255812
3868,189,-18.829999999999995,-0.0996296296296296
3869,180,-1.5599999999999987,-0.00866666666666666
3870,198,26.260000000000005,0.13262626262626265
3871,176,20.740000000000006,0.11784090909090912
3872,188,74.0,0.39361702127659576
3873,181,8.670000000000003,0.04790055248618787
3874,195,17.21,0.08825641025641026
3875,181,37.41999999999999,0.20674033149171264
3876,169,7.060000000000001,0.04177514792899409
3877,189,10.009999999999998,0.052962962962962955
3878,174,-29.299999999999997,-0.16839080459770114
3879,179,35.64,0.19910614525139664
3880,184,12.579999999999998,0.06836956521739129
3881,175,-9.799999999999999,-0.055999999999999994
3882,181,30.029999999999998,0.16591160220994475
3883,173,34.15,0.19739884393063584
3884,185,46.730000000000004,0.2525945945945946
3885,174,60.43000000000001,0.34729885057471266
3886,170,-1.2600000000000042,-0.007411764705882378
3887,182,14.919999999999995,0.08197802197802195
3888,178,7.329999999999998,0.04117977528089887
3889,176,46.94999999999999,0.26676136363636355
3890,177,-9.82,-0.05548022598870057
3891,174,-14.309999999999999,-0.08224137931034482
3892,175,-17.86,-0.10205714285714286
3893,182,41.63000000000001,0.2287362637362638
3894,186,0.5899999999999981,0.0031720430107526777
3895,182,8.5,0.046703296703296704
3896,181,-24.580000000000005,-0.1358011049723757
3897,181,-0.8499999999999979,-0.004696132596685071
3898,187,-19.32,-0.10331550802139038
3899,187,19.189999999999998,0.10262032085561495
3900,182,19.520000000000003,0.10725274725274726
3901,187,-8.880000000000003,-0.04748663101604279
3902,172,17.459999999999994,0.10151162790697671
3903,191,116.45,0.6096858638743455
3904,172,-13.209999999999996,-0.07680232558139533
3905,178,-11.149999999999999,-0.06264044943820224
3906,190,-30.669999999999998,-0.16142105263157894
3907,175,1.0999999999999952,0.006285714285714258
3908,174,35.080000000000005,0.20160919540229888
3909,179,1.9899999999999949,0.011117318435754161
3910,177,-22.639999999999997,-0.12790960451977398
3911,184,18.5,0.10054347826086957
3912,186,7.999999999999996,0.04301075268817202
3913,163,-26.44,-0.16220858895705523
3914,186,-14.870000000000001,-0.0799462365591398
3915,185,41.080000000000005,0.2220540540540541
3916,189,-24.140000000000008,-0.12772486772486777
3917,185,-20.14,-0.10886486486486487
3918,172,-9.74,-0.056627906976744184
3919,187,15.71,0.08401069518716578
3920,166,10.05,0.0605421686746988
3921,173,-3.9399999999999995,-0.022774566473988435
3922,164,30.970000000000002,0.18884146341463415
3923,173,81.71999999999998,0.4723699421965317
3924,174,-0.14999999999999858,-0.0008620689655172332
3925,175,-6.749999999999998,-0.03857142857142856
3926,181,23.68,0.13082872928176795
3927,194,-18.689999999999998,-0.096340206185567
3928,181,-13.47,-0.07441988950276243
3929,181,42.17,0.23298342541436465
3930,188,48.14,0.256063829787234
3931,177,12.240000000000002,0.06915254237288136
3932,180,35.12999999999999,0.1951666666666666
3933,178,12.360000000000001,0.06943820224719102
3934,188,13.879999999999999,0.07382978723404254
3935,190,-11.250000000000007,-0.05921052631578951
3936,171,7.800000000000001,0.0456140350877193
3937,192,53.150000000000006,0.2768229166666667
3938,168,68.55,0.4080357142857143
3939,185,-8.3,-0.04486486486486487
3940,175,17.29999999999999,0.0988571428571428
3941,190,-25.370000000000005,-0.13352631578947372
3942,175,-3.3099999999999987,-0.018914285714285706
3943,180,45.95,0.25527777777777777
3944,172,5.000000000000007,0.029069767441860506
3945,173,6.209999999999997,0.035895953757225416
3946,193,-1.6900000000000048,-0.008756476683937848
3947,172,-2.3199999999999976,-0.013488372093023242
3948,172,-19.32,-0.11232558139534884
3949,188,18.659999999999993,0.09925531914893614
3950,178,32.26,0.18123595505617976
3951,187,51.48,0.2752941176470588
3952,178,15.419999999999998,0.08662921348314606
3953,172,-26.749999999999993,-0.15552325581395346
3954,179,38.7,0.21620111731843578
3955,175,25.96,0.14834285714285714
3956,190,31.870000000000005,0.16773684210526318
3957,183,20.5,0.11202185792349727
3958,178,26.839999999999996,0.15078651685393257
3959,185,0.6999999999999993,0.00378378378378378
3960,184,58.81,0.3196195652173913
3961,177,-27.060000000000002,-0.1528813559322034
3962,167,-12.339999999999998,-0.07389221556886226
3963,181,-29.830000000000005,-0.16480662983425418
3964,182,32.919999999999995,0.18087912087912084
3965,177,3.2999999999999945,0.01864406779661014
3966,187,64.55000000000001,0.34518716577540115
3967,186,1.1800000000000033,0.006344086021505394
3968,189,19.560000000000002,0.10349206349206351
3969,172,-25.95,-0.1508720930232558
3970,181,-10.129999999999999,-0.05596685082872928
3971,185,-5.449999999999999,-0.029459459459459457
3972,176,65.65,0.37301136363636367
3973,168,-25.96,-0.15452380952380954
3974,173,-14.689999999999998,-0.08491329479768785
3975,179,-20.58,-0.11497206703910613
3976,182,14.110000000000001,0.07752747252747254
3977,182,21.060000000000002,0.11571428571428573
3978,178,-8.480000000000004,-0.04764044943820227
3979,173,-12.8,-0.07398843930635839
3980,166,-9.920000000000002,-0.05975903614457832
3981,192,-14.690000000000001,-0.07651041666666668
3982,176,8.87,0.05039772727272727
3983,189,16.82,0.088994708994709
3984,186,-18.650000000000002,-0.10026881720430109
3985,184,13.170000000000005,0.07157608695652176
3986,189,-15.600000000000001,-0.08253968253968255
3987,188,26.36999999999999,0.14026595744680845
3988,188,22.93,0.12196808510638298
3989,188,13.720000000000002,0.07297872340425533
3990,181,0.2999999999999936,0.0016574585635358763
3991,171,26.599999999999998,0.15555555555555553
3992,178,-45.85999999999999,-0.2576404494382022
3993,181,-5.119999999999997,-0.028287292817679544
3994,184,14.660000000000002,0.07967391304347828
3995,181,19.059999999999995,0.10530386740331489
3996,179,15.329999999999998,0.08564245810055865
3997,178,31.169999999999998,0.17511235955056179
3998,192,9.66,0.0503125
3999,176,59.35,0.3372159090909091
4000,191,7.769999999999994,0.04068062827225128
4001,168,-20.259999999999998,-0.12059523809523809
4002,178,-8.260000000000003,-0.04640449438202249
4003,181,31.41,0.17353591160220994
4004,183,-8.239999999999998,-0.04502732240437158
4005,183,35.68,0.19497267759562842
4006,177,-46.150000000000006,-0.2607344632768362
4007,170,21.449999999999996,0.12617647058823528
4008,193,5.7199999999999935,0.029637305699481833
4009,178,65.29,0.3667977528089888
4010,171,26.12,0.1527485380116959
4011,174,-7.040000000000003,-0.04045977011494255
4012,175,-33.83,-0.19331428571428572
4013,184,31.15,0.16929347826086955
4014,190,31.77,0.16721052631578948
4015,187,-8.82,-0.04716577540106952
4016,174,-3.2599999999999962,-0.018735632183908023
4017,177,11.840000000000003,0.06689265536723166
4018,176,-6.810000000000002,-0.03869318181818183
4019,177,13.309999999999995,0.07519774011299432
4020,191,102.94,0.5389528795811518
4021,195,51.599999999999994,0.2646153846153846
4022,177,-6.790000000000006,-0.03836158192090399
4023,177,-9.280000000000008,-0.05242937853107349
4024,179,33.14999999999999,0.18519553072625694
4025,177,-3.739999999999995,-0.02112994350282483
4026,177,7.960000000000001,0.04497175141242939
4027,181,-21.639999999999997,-0.11955801104972374
4028,180,-15.240000000000002,-0.08466666666666668
4029,186,-3.7399999999999967,-0.020107526881720413
4030,174,2.9399999999999977,0.01689655172413792
4031,182,44.14999999999999,0.24258241758241753
4032,184,27.869999999999997,0.1514673913043478
4033,183,22.879999999999992,0.12502732240437153
4034,173,20.98,0.12127167630057804
4035,174,80.19,0.46086206896551724
4036,172,36.54,0.21244186046511626
4037,171,30.5,0.1783625730994152
4038,180,26.83,0.14905555555555555
4039,180,12.639999999999999,0.07022222222222221
4040,169,-6.98,-0.041301775147928994
4041,179,64.03999999999999,0.35776536312849155
4042,174,59.17,0.3400574712643678
4043,185,24.919999999999995,0.13470270270270268
4044,175,65.88999999999999,0.37651428571428563
4045,174,-0.6900000000000013,-0.003965517241379318
4046,195,-2.58,-0.013230769230769232
4047,177,-12.290000000000003,-0.06943502824858759
4048,175,-8.930000000000003,-0.051028571428571444
4049,184,32.45,0.17635869565217394
4050,172,53.33000000000001,0.3100581395348838
4051,190,75.38,0.3967368421052631
4052,177,1.5299999999999967,0.008644067796610151
4053,183,16.07,0.08781420765027323
4054,183,-36.5,-0.1994535519125683
4055,170,36.53,0.21488235294117647
4056,192,58.349999999999994,0.30390625
4057,180,-58.31,-0.3239444444444445
4058,177,39.480000000000004,0.22305084745762715
4059,191,128.22,0.6713089005235602
4060,181,-13.220000000000002,-0.07303867403314919
4061,180,32.96,0.1831111111111111
4062,183,-10.610000000000007,-0.057978142076502766
4063,180,-17.739999999999995,-0.09855555555555552
4064,176,20.380000000000003,0.11579545454545456
4065,172,-14.61999999999999,-0.08499999999999995
4066,184,23.199999999999996,0.1260869565217391
4067,183,-5.990000000000002,-0.03273224043715848
4068,186,-2.9300000000000033,-0.01575268817204303
4069,186,14.17,0.07618279569892474
4070,189,-0.8899999999999988,-0.0047089947089947026
4071,186,19.71,0.10596774193548388
4072,176,-38.449999999999996,-0.21846590909090907
4073,178,5.769999999999998,0.03241573033707864
4074,181,-45.12,-0.2492817679558011
4075,176,57.08,0.3243181818181818
4076,187,57.85000000000001,0.3093582887700535
4077,179,-40.56,-0.22659217877094973
4078,173,-5.330000000000002,-0.030809248554913307
4079,182,-18.530000000000005,-0.10181318681318684
4080,173,-1.4599999999999955,-0.008439306358381478
4081,168,14.079999999999998,0.0838095238095238
4082,180,24.82,0.1378888888888889
4083,184,64.52000000000001,0.35065217391304354
4084,176,10.82,0.06147727272727273
4085,181,68.31,0.3774033149171271
4086,185,20.509999999999994,0.11086486486486484
4087,174,17.689999999999998,0.10166666666666666
4088,186,17.74,0.0953763440860215
4089,169,31.700000000000003,0.18757396449704145
4090,170,-3.5299999999999985,-0.02076470588235293
4091,173,-29.96,-0.17317919075144508
4092,183,63.76999999999999,0.3484699453551912
4093,177,9.060000000000006,0.051186440677966134
4094,172,-12.170000000000005,-0.0707558139534884
4095,184,-18.24,-0.09913043478260869
4096,178,-58.45,-0.328370786516854
4097,181,64.63,0.3570718232044199
4098,177,61.519999999999996,0.34757062146892653
4099,184,9.760000000000002,0.053043478260869574
4100,177,-5.359999999999997,-0.030282485875706196
4101,174,17.010000000000005,0.0977586206896552
4102,176,4.230000000000004,0.024034090909090932
4103,181,7.529999999999998,0.04160220994475137
4104,175,-22.560000000000006,-0.12891428571428576
4105,182,17.300000000000008,0.09505494505494509
4106,184,-9.54,-0.05184782608695652
4107,183,30.779999999999998,0.1681967213114754
4108,191,-15.460000000000004,-0.08094240837696337
4109,193,26.369999999999997,0.1366321243523316
4110,179,74.09,0.41391061452513966
4111,176,8.480000000000002,0.048181818181818194
4112,191,6.66,0.03486910994764398
4113,176,-19.569999999999997,-0.1111931818181818
4114,172,44.290000000000006,0.25750000000000006
4115,183,61.63,0.336775956284153
4116,196,55.64,0.2838775510204082
4117,189,61.17,0.32365079365079363
4118,182,8.010000000000002,0.04401098901098902
4119,189,-0.010000000000005116,-5.291005291007998e-05
4120,179,22.14,0.12368715083798883
4121,182,51.66,0.2838461538461538
4122,178,94.63,0.5316292134831461
4123,186,15.089999999999993,0.08112903225806448
4124,176,26.499999999999993,0.15056818181818177
4125,177,-18.390000000000004,-0.10389830508474579
4126,188,49.839999999999996,0.2651063829787234
4127,175,9.190000000000005,0.05251428571428574
4128,183,-0.9600000000000017,-0.005245901639344272
4129,182,24.0,0.13186813186813187
4130,187,-20.049999999999997,-0.10721925133689839
4131,177,14.570000000000004,0.08231638418079099
4132,177,18.82,0.10632768361581921
4133,186,-10.190000000000005,-0.05478494623655917
4134,172,26.759999999999998,0.1555813953488372
4135,169,34.800000000000004,0.20591715976331362
4136,171,15.66,0.09157894736842105
4137,192,-6.799999999999997,-0.03541666666666665
4138,179,9.519999999999996,0.053184357541899416
4139,176,-35.92999999999999,-0.20414772727272723
4140,170,-5.130000000000008,-0.03017647058823534
4141,186,3.500000000000007,0.018817204301075308
4142,181,36.7,0.20276243093922652
4143,189,23.980000000000008,0.12687830687830692
4144,177,39.26,0.22180790960451977
4145,183,-15.110000000000001,-0.08256830601092897
4146,167,7.780000000000001,0.0465868263473054
4147,177,29.73,0.16796610169491524
4148,177,36.72,0.20745762711864407
4149,175,11.949999999999996,0.06828571428571426
4150,177,-5.169999999999997,-0.029209039548022585
4151,185,21.78,0.11772972972972974
4152,190,31.309999999999995,0.1647894736842105
4153,181,-2.179999999999998,-0.012044198895027614
4154,180,8.52,0.04733333333333333
4155,178,53.800000000000004,0.302247191011236
4156,193,7.220000000000002,0.03740932642487048
4157,174,19.699999999999996,0.11321839080459768
4158,182,20.26,0.11131868131868133
4159,176,-21.089999999999996,-0.11982954545454544
4160,179,33.8,0.1888268156424581
4161,164,-16.899999999999995,-0.10304878048780484
4162,183,55.05,0.3008196721311475
4163,177,19.569999999999993,0.11056497175141239
4164,176,16.909999999999997,0.09607954545454543
4165,182,25.680000000000007,0.14109890109890114
4166,178,-5.210000000000004,-0.02926966292134834
4167,187,3.6799999999999997,0.019679144385026735
4168,177,-17.799999999999997,-0.10056497175141241
4169,185,-0.3100000000000023,-0.0016756756756756879
4170,187,44.91999999999999,0.24021390374331544
4171,179,-9.239999999999995,-0.05162011173184355
4172,179,-17.319999999999997,-0.09675977653631283
4173,179,21.749999999999996,0.12150837988826814
4174,175,26.74,0.1528
4175,168,-37.48,-0.22309523809523807
4176,181,-8.87,-0.049005524861878445
4177,181,67.89,0.3750828729281768
4178,175,49.89,0.2850857142857143
4179,184,-17.669999999999995,-0.09603260869565214
4180,182,-34.14,-0.1875824175824176
4181,173,-16.11,-0.09312138728323699
4182,182,26.33000000000001,0.14467032967032972
4183,182,13.129999999999988,0.07214285714285708
4184,173,-18.499999999999996,-0.10693641618497107
4185,181,20.050000000000004,0.11077348066298345
4186,179,3.66,0.020446927374301677
4187,176,48.89,0.2777840909090909
4188,171,-2.1800000000000033,-0.012748538011695926
4189,175,62.13000000000001,0.35502857142857147
4190,187,46.91,0.25085561497326203
4191,169,46.199999999999996,0.2733727810650887
4192,193,5.319999999999997,0.02756476683937822
4193,171,-24.82,-0.14514619883040936
4194,178,16.770000000000003,0.09421348314606744
4195,176,34.16,0.19409090909090906
4196,177,32.91,0.1859322033898305
4197,184,77.33,0.42027173913043475
4198,187,49.47,0.26454545454545453
4199,183,6.709999999999999,0.03666666666666666
4200,180,17.630000000000006,0.09794444444444447
4201,180,13.9,0.07722222222222222
4202,172,-17.759999999999998,-0.10325581395348836
4203,186,15.509999999999996,0.08338709677419352
4204,185,38.68,0.2090810810810811
4205,184,-16.509999999999998,-0.0897282608695652
4206,179,72.54999999999998,0.4053072625698323
4207,182,-3.480000000000004,-0.019120879120879144
4208,185,17.15,0.0927027027027027
4209,191,51.959999999999994,0.2720418848167539
4210,184,-5.129999999999999,-0.02788043478260869
4211,180,85.92999999999999,0.47738888888888886
4212,194,27.359999999999992,0.1410309278350515
4213,181,-47.25,-0.2610497237569061
4214,182,27.129999999999995,0.14906593406593405
4215,192,17.85,0.09296875
4216,167,-11.680000000000009,-0.06994011976047909
4217,181,-51.129999999999995,-0.2824861878453038
4218,176,55.31999999999999,0.3143181818181818
4219,173,-9.819999999999997,-0.0567630057803468
4220,177,-18.509999999999998,-0.10457627118644067
4221,180,-5.859999999999999,-0.03255555555555555
4222,163,10.2,0.06257668711656442
4223,188,-27.97,-0.14877659574468086
4224,189,40.06,0.21195767195767196
4225,185,24.570000000000004,0.13281081081081084
4226,189,61.669999999999995,0.32629629629629625
4227,176,10.959999999999997,0.06227272727272726
4228,173,-21.79,-0.12595375722543353
4229,189,82.45,0.43624338624338627
4230,175,5.570000000000002,0.03182857142857144
4231,189,-0.04999999999999716,-0.0002645502645502495
4232,180,-11.220000000000002,-0.062333333333333345
4233,190,27.549999999999997,0.145
4234,181,30.469999999999995,0.16834254143646407
4235,179,-11.220000000000002,-0.06268156424581008
4236,177,61.88,0.3496045197740113
4237,180,-20.31000000000001,-0.11283333333333338
4238,174,-11.23,-0.06454022988505748
4239,180,-50.35000000000001,-0.27972222222222226
4240,176,11.379999999999999,0.0646590909090909
4241,169,-4.0699999999999985,-0.02408284023668638
4242,194,20.61,0.10623711340206185
4243,174,-12.829999999999993,-0.07373563218390801
4244,183,-6.949999999999999,-0.03797814207650273
4245,187,-39.07,-0.20893048128342245
4246,179,12.079999999999998,0.06748603351955307
4247,175,-3.1199999999999966,-0.01782857142857141
4248,180,40.63,0.22572222222222224
4249,181,54.28,0.2998895027624309
4250,185,24.190000000000005,0.13075675675675677
4251,181,38.28,0.21149171270718234
4252,180,85.61,0.4756111111111111
4253,181,8.780000000000001,0.048508287292817684
4254,169,1.6100000000000065,0.00952662721893495
4255,172,-37.550000000000004,-0.21831395348837213
4256,183,52.93,0.2892349726775956
4257,171,-1.890000000000005,-0.011052631578947397
4258,182,-32.040000000000006,-0.1760439560439561
4259,180,21.4,0.11888888888888888
4260,180,-14.140000000000004,-0.07855555555555557
4261,170,18.810000000000006,0.11064705882352945
4262,188,62.96,0.3348936170212766
4263,176,2.6199999999999974,0.014886363636363621
4264,175,17.309999999999995,0.09891428571428569
4265,178,-62.269999999999996,-0.34983146067415727
4266,178,31.48,0.17685393258426965
4267,174,71.36000000000001,0.4101149425287357
4268,184,-53.760000000000005,-0.2921739130434783
4269,184,-7.920000000000003,-0.04304347826086958
4270,182,19.98,0.10978021978021978
4271,183,-0.6799999999999988,-0.0037158469945355126
4272,170,28.629999999999985,0.16841176470588226
4273,181,86.48,0.4777900552486188
4274,167,-8.879999999999995,-0.05317365269461075
4275,190,4.27,0.022473684210526312
4276,181,-6.690000000000005,-0.03696132596685085
4277,173,11.430000000000001,0.06606936416184972
4278,183,27.340000000000003,0.14939890710382517
4279,179,-26.27,-0.14675977653631284
4280,176,4.09,0.023238636363636364
4281,184,29.77,0.16179347826086957
4282,182,-21.110000000000003,-0.115989010989011
4283,180,16.799999999999997,0.09333333333333332
4284,186,-11.219999999999995,-0.060322580645161265
4285,178,63.86,0.35876404494382025
4286,186,18.520000000000003,0.0995698924731183
4287,179,5.429999999999998,0.030335195530726246
4288,177,-3.6299999999999955,-0.02050847457627116
4289,171,-49.47,-0.28929824561403505
4290,181,12.129999999999992,0.06701657458563531
4291,178,-26.35,-0.14803370786516853
4292,178,43.360000000000014,0.2435955056179776
4293,171,-21.860000000000003,-0.12783625730994153
4294,173,5.049999999999999,0.029190751445086698
4295,175,17.510000000000005,0.10005714285714289
4296,179,-41.76,-0.23329608938547486
4297,183,-34.66,-0.18939890710382512
4298,173,20.319999999999997,0.11745664739884391
4299,190,-5.430000000000003,-0.02857894736842107
4300,174,-5.080000000000005,-0.029195402298850606
4301,174,-11.370000000000005,-0.06534482758620692
4302,184,-25.759999999999994,-0.13999999999999996
4303,189,7.089999999999989,0.03751322751322746
4304,195,-10.31,-0.05287179487179487
4305,173,49.550000000000004,0.2864161849710983
4306,184,-36.469999999999985,-0.19820652173913036
4307,179,19.349999999999998,0.10810055865921786
4308,173,31.539999999999996,0.18231213872832366
4309,176,-38.65,-0.21960227272727273
4310,186,24.22,0.13021505376344086
4311,189,49.60000000000001,0.26243386243386246
4312,178,19.31,0.10848314606741573
4313,174,-22.880000000000003,-0.13149425287356323
4314,179,-15.950000000000003,-0.08910614525139667
4315,176,-44.11000000000001,-0.25062500000000004
4316,181,8.000000000000004,0.04419889502762433
4317,165,-1.6899999999999968,-0.010242424242424223
4318,184,-8.54,-0.04641304347826086
4319,189,-16.540000000000006,-0.08751322751322754
4320,181,39.61,0.21883977900552487
4321,191,-52.410000000000004,-0.27439790575916234
4322,189,-8.949999999999996,-0.04735449735449733
4323,174,-37.809999999999995,-0.21729885057471263
4324,173,46.370000000000005,0.2680346820809249
4325,200,-32.75999999999999,-0.16379999999999995
4326,187,0.5800000000000018,0.003101604278074876
4327,192,43.040000000000006,0.2241666666666667
4328,176,22.540000000000003,0.12806818181818183
4329,184,48.72,0.2647826086956522
4330,183,-41.24,-0.22535519125683062
4331,179,-2.2200000000000024,-0.012402234636871522
4332,189,7.409999999999997,0.03920634920634919
4333,190,12.589999999999996,0.06626315789473683
4334,179,9.679999999999993,0.054078212290502754
4335,182,8.62,0.04736263736263736
4336,187,18.029999999999998,0.09641711229946523
4337,180,24.439999999999998,0.13577777777777778
4338,169,-29.81,-0.1763905325443787
4339,190,-67.97999999999999,-0.3577894736842105
4340,182,25.889999999999993,0.14225274725274722
4341,180,14.409999999999997,0.08005555555555553
4342,176,47.32000000000001,0.2688636363636364
4343,176,39.7,0.22556818181818183
4344,176,-0.2799999999999976,-0.001590909090909077
4345,189,27.93,0.14777777777777779
4346,187,-26.32,-0.14074866310160428
4347,178,32.16999999999999,0.1807303370786516
4348,176,-39.69,-0.22551136363636362
4349,175,4.66,0.02662857142857143
4350,175,-5.809999999999999,-0.03319999999999999
4351,161,-36.459999999999994,-0.2264596273291925
4352,187,8.239999999999998,0.04406417112299464
4353,178,30.950000000000006,0.17387640449438205
4354,176,-4.839999999999998,-0.02749999999999999
4355,181,-11.850000000000001,-0.06546961325966852
4356,187,34.33,0.18358288770053474
4357,183,19.869999999999997,0.10857923497267759
4358,187,-20.650000000000002,-0.11042780748663103
4359,181,-12.299999999999986,-0.0679558011049723
4360,198,25.159999999999997,0.12707070707070706
4361,195,54.08,0.2773333333333333
4362,186,-37.94000000000001,-0.20397849462365597
4363,168,18.660000000000004,0.1110714285714286
4364,174,24.26,0.13942528735632184
4365,195,-2.3800000000000043,-0.012205128205128228
4366,173,-6.430000000000003,-0.037167630057803484
4367,191,33.33,0.17450261780104712
4368,170,11.120000000000001,0.06541176470588236
4369,184,-5.530000000000001,-0.03005434782608696
4370,172,31.81,0.18494186046511626
4371,185,-26.609999999999996,-0.14383783783783782
4372,186,-24.0,-0.12903225806451613
4373,195,-24.369999999999997,-0.12497435897435896
4374,179,-30.379999999999995,-0.16972067039106142
4375,177,-16.87,-0.09531073446327684
4376,188,-11.529999999999996,-0.06132978723404253
4377,168,17.769999999999996,0.1057738095238095
4378,179,25.9,0.14469273743016758
4379,171,-17.44000000000001,-0.1019883040935673
4380,184,-7.799999999999997,-0.04239130434782607
4381,178,60.89000000000001,0.3420786516853933
4382,179,32.76,0.1830167597765363
4383,177,59.239999999999995,0.3346892655367231
4384,181,20.810000000000002,0.11497237569060775
4385,179,-13.229999999999999,-0.07391061452513965
4386,164,-0.6400000000000006,-0.0039024390243902474
4387,184,28.119999999999994,0.1528260869565217
4388,176,-28.829999999999995,-0.16380681818181816
4389,177,26.97,0.1523728813559322
4390,188,27.870000000000005,0.14824468085106385
4391,180,-15.599999999999998,-0.08666666666666666
4392,185,-41.58,-0.22475675675675674
4393,176,84.72999999999999,0.4814204545454545
4394,187,40.230000000000004,0.2151336898395722
4395,172,-25.12,-0.146046511627907
4396,185,7.11,0.03843243243243243
4397,178,-34.22,-0.19224719101123594
4398,184,-35.58,-0.1933695652173913
4399,193,51.72,0.267979274611399
4400,175,25.039999999999996,0.14308571428571426
4401,172,43.27,0.2515697674418605
4402,178,-10.440000000000008,-0.058651685393258476
4403,191,27.75,0.14528795811518325
4404,173,50.19,0.2901156069364162
4405,171,43.85,0.2564327485380117
4406,186,25.11,0.135
4407,172,37.95,0.22063953488372096
4408,181,53.91,0.2978453038674033
4409,184,-6.0600000000000005,-0.03293478260869565
4410,178,0.9999999999999982,0.005617977528089878
4411,175,-51.49,-0.29422857142857145
4412,176,6.660000000000004,0.03784090909090911
4413,184,17.95,0.09755434782608695
4414,183,-2.8100000000000014,-0.015355191256830608
4415,173,-4.91,-0.02838150289017341
4416,176,-38.660000000000004,-0.21965909090909094
4417,178,-25.73,-0.1445505617977528
4418,179,3.7899999999999974,0.021173184357541886
4419,172,-83.16,-0.48348837209302326
4420,189,-23.500000000000004,-0.12433862433862436
4421,178,-28.64,-0.16089887640449438
4422,176,-44.010000000000005,-0.2500568181818182
4423,176,44.59,0.25335227272727273
4424,180,29.210000000000004,0.1622777777777778
4425,190,44.5,0.23421052631578948
4426,178,-26.97,-0.15151685393258427
4427,184,29.200000000000003,0.15869565217391307
4428,173,4.360000000000003,0.025202312138728342
4429,177,29.939999999999998,0.16915254237288135
4430,192,80.88,0.42124999999999996
4431,180,-16.970000000000002,-0.0942777777777778
4432,188,19.540000000000003,0.10393617021276597
4433,185,55.43999999999999,0.2996756756756756
4434,183,-18.570000000000004,-0.1014754098360656
4435,175,9.629999999999997,0.05502857142857141
4436,173,-7.869999999999999,-0.045491329479768784
4437,171,24.470000000000002,0.14309941520467837
4438,177,83.19,0.47
4439,178,38.28000000000001,0.21505617977528094
4440,185,14.139999999999999,0.07643243243243243
4441,181,-14.049999999999997,-0.07762430939226518
4442,187,-13.520000000000003,-0.07229946524064172
4443,182,-41.31,-0.226978021978022
4444,185,12.170000000000002,0.06578378378378379
4445,177,-28.259999999999994,-0.15966101694915252
4446,171,28.88000000000001,0.16888888888888895
4447,182,13.310000000000002,0.07313186813186814
4448,177,-12.999999999999996,-0.0734463276836158
4449,176,53.76,0.3054545454545454
4450,182,-1.389999999999998,-0.007637362637362626
4451,174,-41.5,-0.23850574712643677
4452,179,20.57,0.11491620111731844
4453,168,7.31,0.04351190476190476
4454,162,-8.71,-0.053765432098765435
4455,179,32.89,0.18374301675977653
4456,183,26.449999999999996,0.14453551912568305
4457,181,16.66,0.09204419889502763
4458,175,-3.4300000000000015,-0.01960000000000001
4459,175,7.640000000000006,0.04365714285714289
4460,182,31.94,0.17549450549450551
4461,186,24.029999999999998,0.12919354838709676
4462,189,26.870000000000005,0.1421693121693122
4463,172,-12.28,-0.0713953488372093
4464,173,-4.460000000000001,-0.025780346820809253
4465,182,39.32,0.21604395604395604
4466,166,11.32,0.06819277108433736
4467,183,21.36,0.11672131147540983
4468,184,-11.099999999999998,-0.06032608695652173
4469,190,74.89,0.3941578947368421
4470,180,4.4999999999999964,0.02499999999999998
4471,172,-20.959999999999997,-0.12186046511627906
4472,181,15.380000000000006,0.08497237569060777
4473,179,-5.049999999999999,-0.02821229050279329
4474,173,-11.36,-0.06566473988439306
4475,170,16.57,0.09747058823529411
4476,173,-32.11,-0.18560693641618498
4477,176,29.600000000000005,0.1681818181818182
4478,177,17.559999999999995,0.09920903954802257
4479,177,-8.050000000000011,-0.04548022598870063
4480,181,68.35,0.37762430939226516
4481,176,24.740000000000006,0.14056818181818184
4482,171,24.430000000000003,0.14286549707602342
4483,186,3.2600000000000033,0.017526881720430126
4484,176,-2.2799999999999994,-0.012954545454545451
4485,174,8.569999999999997,0.04925287356321837
4486,170,18.400000000000002,0.10823529411764707
4487,181,11.149999999999995,0.06160220994475135
4488,177,-9.92,-0.056045197740113
4489,183,5.939999999999991,0.03245901639344257
4490,185,38.28999999999999,0.20697297297297293
4491,186,14.619999999999997,0.07860215053763439
4492,179,21.7,0.1212290502793296
4493,187,63.65,0.34037433155080216
4494,174,-27.999999999999996,-0.16091954022988503
4495,177,40.919999999999995,0.23118644067796607
4496,179,39.78,0.22223463687150838
4497,179,13.119999999999997,0.07329608938547484
4498,183,-1.8200000000000012,-0.009945355191256836
4499,186,27.740000000000002,0.14913978494623656
4500,179,-20.270000000000003,-0.11324022346368717
4501,179,12.92,0.07217877094972067
4502,169,-22.109999999999992,-0.13082840236686386
4503,192,51.480000000000004,0.268125
4504,183,4.450000000000002,0.024316939890710394
4505,182,-27.709999999999997,-0.15225274725274723
4506,186,42.43000000000001,0.2281182795698925
4507,175,49.15,0.28085714285714286
4508,180,91.21000000000001,0.5067222222222223
4509,192,41.39999999999999,0.21562499999999996
4510,178,10.309999999999995,0.05792134831460671
4511,183,-16.759999999999998,-0.0915846994535519
4512,174,-27.740000000000006,-0.15942528735632186
4513,169,12.950000000000003,0.07662721893491126
4514,179,5.629999999999999,0.03145251396648044
4515,183,37.25,0.20355191256830601
4516,191,40.45,0.2117801047120419
4517,191,-12.509999999999998,-0.06549738219895287
4518,181,47.400000000000006,0.2618784530386741
4519,185,46.37,0.2506486486486486
4520,180,49.459999999999994,0.27477777777777773
4521,181,-0.7900000000000009,-0.004364640883977906
4522,187,38.32,0.2049197860962567
4523,173,30.53,0.17647398843930637
4524,175,20.319999999999993,0.11611428571428567
4525,188,33.5,0.17819148936170212
4526,177,-42.62,-0.2407909604519774
4527,192,17.790000000000006,0.09265625000000004
4528,176,6.999999999999998,0.039772727272727265
4529,186,-33.09,-0.17790322580645163
4530,184,-5.520000000000003,-0.030000000000000016
4531,190,6.449999999999999,0.03394736842105263
4532,184,-49.260000000000005,-0.26771739130434785
4533,176,-15.709999999999997,-0.08926136363636362
4534,171,54.53999999999999,0.3189473684210526
4535,182,-18.430000000000003,-0.10126373626373628
4536,176,-17.829999999999995,-0.10130681818181815
4537,183,-11.020000000000003,-0.060218579234972695
4538,172,-22.400000000000002,-0.1302325581395349
4539,170,-31.04,-0.18258823529411763
4540,190,23.870000000000005,0.12563157894736846
4541,167,-19.209999999999994,-0.11502994011976043
4542,176,-35.81,-0.20346590909090911
4543,161,31.93,0.19832298136645962
4544,184,48.31,0.26255434782608694
4545,169,-24.380000000000003,-0.1442603550295858
4546,180,57.57,0.31983333333333336
4547,165,29.619999999999994,0.1795151515151515
4548,181,15.289999999999997,0.08447513812154694
4549,176,40.64,0.23090909090909092
4550,192,50.58,0.2634375
4551,173,30.66,0.17722543352601156
4552,181,50.660000000000004,0.27988950276243096
4553,177,-44.519999999999996,-0.25152542372881354
4554,186,-7.430000000000007,-0.03994623655913982
4555,179,27.749999999999996,0.15502793296089384
4556,172,-6.340000000000003,-0.03686046511627909
4557,167,13.759999999999998,0.0823952095808383
4558,172,20.67,0.12017441860465117
4559,183,-30.249999999999996,-0.16530054644808742
4560,185,62.13000000000001,0.3358378378378379
4561,182,10.48,0.05758241758241758
4562,191,27.419999999999998,0.14356020942408376
4563,176,0.07000000000000384,0.00039772727272729453
4564,182,10.780000000000001,0.05923076923076924
4565,165,-22.270000000000003,-0.134969696969697
4566,172,13.600000000000001,0.07906976744186048
4567,172,13.190000000000001,0.07668604651162791
4568,167,-14.55,-0.08712574850299401
4569,185,42.43999999999999,0.22940540540540535
4570,194,20.969999999999995,0.10809278350515461
4571,169,-19.240000000000006,-0.11384615384615387
4572,184,54.230000000000004,0.2947282608695652
4573,194,26.15,0.13479381443298968
4574,175,-39.37,-0.22497142857142854
4575,186,38.9,0.20913978494623656
4576,187,-6.810000000000002,-0.03641711229946525
4577,181,56.59000000000001,0.3126519337016575
4578,180,13.130000000000006,0.07294444444444448
4579,184,26.449999999999996,0.14375
4580,174,36.760000000000005,0.21126436781609198
4581,178,32.2,0.1808988764044944
4582,180,-12.07,-0.06705555555555556
4583,172,8.009999999999998,0.046569767441860456
4584,192,-4.5200000000000085,-0.02354166666666671
4585,173,17.66,0.10208092485549133
4586,191,65.33,0.3420418848167539
4587,179,11.499999999999998,0.06424581005586591
4588,194,43.300000000000004,0.2231958762886598
4589,169,-55.89,-0.3307100591715976
4590,186,19.379999999999995,0.10419354838709675
4591,176,16.310000000000002,0.09267045454545456
4592,180,39.49,0.2193888888888889
4593,180,-28.83,-0.16016666666666665
4594,179,11.660000000000004,0.0651396648044693
4595,175,-9.839999999999996,-0.056228571428571406
4596,172,47.75,0.27761627906976744
4597,180,51.28,0.2848888888888889
4598,190,-12.380000000000004,-0.06515789473684212
4599,173,9.219999999999992,0.053294797687861224
4600,180,-3.6899999999999995,-0.020499999999999997
4601,177,-20.349999999999994,-0.11497175141242935
4602,181,34.589999999999996,0.19110497237569057
4603,185,17.770000000000003,0.09605405405405407
4604,180,1.8099999999999952,0.01005555555555553
4605,183,11.369999999999997,0.062131147540983596
4606,182,40.43000000000001,0.22214285714285717
4607,184,65.41,0.3554891304347826
4608,183,-5.810000000000006,-0.031748633879781454
4609,178,46.74,0.26258426966292137
4610,192,58.14,0.3028125
4611,174,-27.819999999999997,-0.15988505747126436
4612,179,80.02,0.4470391061452514
4613,185,35.28,0.1907027027027027
4614,185,1.0799999999999983,0.005837837837837829
4615,175,-33.32,-0.1904
4616,181,-17.16,-0.09480662983425414
4617,183,16.22,0.08863387978142076
4618,177,-12.07,-0.06819209039548023
4619,177,-13.569999999999993,-0.07666666666666663
4620,175,-25.200000000000003,-0.14400000000000002
4621,187,34.42999999999999,0.1841176470588235
4622,190,-17.220000000000002,-0.09063157894736844
4623,174,21.69,0.1246551724137931
4624,171,-12.620000000000001,-0.07380116959064328
4625,174,-17.640000000000008,-0.10137931034482763
4626,187,104.0,0.5561497326203209
4627,184,-53.469999999999985,-0.29059782608695645
4628,185,-24.74,-0.1337297297297297
4629,180,29.200000000000003,0.16222222222222224
4630,182,-8.080000000000002,-0.04439560439560441
4631,183,24.389999999999997,0.13327868852459016
4632,181,18.19,0.10049723756906077
4633,178,37.13,0.20859550561797754
4634,183,-12.879999999999999,-0.07038251366120218
4635,161,-17.32,-0.1075776397515528
4636,172,25.720000000000002,0.14953488372093024
4637,180,11.57,0.06427777777777778
4638,174,34.31999999999999,0.1972413793103448
4639,185,-12.930000000000003,-0.0698918918918919
4640,183,20.560000000000006,0.11234972677595631
4641,186,-55.089999999999996,-0.2961827956989247
4642,185,8.2,0.04432432432432432
4643,193,28.86,0.1495336787564767
4644,189,-3.469999999999999,-0.018359788359788354
4645,181,155.43,0.8587292817679558
4646,180,-3.6099999999999977,-0.020055555555555542
4647,181,6.720000000000004,0.03712707182320444
4648,184,-0.28999999999999915,-0.0015760869565217344
4649,181,62.94,0.34773480662983425
4650,182,-8.150000000000002,-0.044780219780219795
4651,176,34.93,0.19846590909090908
4652,187,10.129999999999999,0.054171122994652404
4653,177,43.94,0.24824858757062146
4654,165,40.879999999999995,0.24775757575757573
4655,189,53.709999999999994,0.28417989417989414
4656,196,17.709999999999994,0.09035714285714283
4657,179,30.61,0.17100558659217877
4658,175,11.980000000000002,0.06845714285714287
4659,169,51.010000000000005,0.30183431952662726
4660,178,28.4,0.1595505617977528
4661,192,34.57,0.18005208333333333
4662,188,39.93000000000001,0.21239361702127663
4663,183,19.07,0.10420765027322404
4664,181,-11.729999999999993,-0.0648066298342541
4665,187,12.82,0.06855614973262032
4666,188,-1.6100000000000065,-0.008563829787234077
4667,183,18.05,0.09863387978142077
4668,175,-0.7400000000000073,-0.00422857142857147
4669,182,37.47,0.20587912087912089
4670,182,20.139999999999997,0.11065934065934065
4671,184,26.739999999999995,0.14532608695652172
4672,184,-35.19,-0.19124999999999998
4673,174,0.31000000000000405,0.0017816091954023221
4674,169,12.89,0.07627218934911242
4675,179,-28.6,-0.15977653631284916
4676,171,-10.73,-0.06274853801169591
4677,182,-23.320000000000004,-0.12813186813186817
4678,177,-19.53,-0.11033898305084747
4679,194,8.63000000000001,0.044484536082474276
4680,174,-0.8299999999999992,-0.004770114942528731
4681,176,18.92,0.10750000000000001
4682,174,2.6399999999999917,0.0151724137931034
4683,176,47.22,0.26829545454545456
4684,200,6.849999999999998,0.03424999999999999
4685,176,7.54,0.04284090909090909
4686,185,11.589999999999996,0.06264864864864862
4687,182,-16.120000000000005,-0.08857142857142859
4688,161,54.980000000000004,0.3414906832298137
4689,177,-52.39999999999999,-0.29604519774011295
4690,183,-1.3199999999999958,-0.007213114754098338
4691,182,9.309999999999999,0.05115384615384615
4692,178,16.6,0.09325842696629215
4693,177,26.54,0.14994350282485874
4694,173,14.089999999999996,0.08144508670520229
4695,187,23.44,0.12534759358288772
4696,174,40.67,0.23373563218390805
4697,190,-26.419999999999998,-0.13905263157894737
4698,178,82.25000000000001,0.46207865168539336
4699,180,-1.1399999999999935,-0.006333333333333297
4700,181,35.80999999999999,0.19784530386740326
4701,175,45.94,0.2625142857142857
4702,195,46.86,0.2403076923076923
4703,192,31.89,0.16609375
4704,177,19.9,0.11242937853107343
4705,171,39.37,0.23023391812865496
4706,185,56.31999999999999,0.3044324324324324
4707,187,-1.590000000000007,-0.00850267379679148
4708,195,31.96,0.1638974358974359
4709,169,-33.03,-0.19544378698224854
4710,179,32.95,0.1840782122905028
4711,196,8.61,0.04392857142857143
4712,177,7.459999999999999,0.042146892655367224
4713,174,-20.120000000000008,-0.11563218390804603
4714,182,37.03,0.20346153846153847
4715,180,14.019999999999998,0.07788888888888888
4716,174,11.690000000000001,0.06718390804597701
4717,181,16.509999999999994,0.09121546961325963
4718,186,66.25999999999999,0.3562365591397849
4719,172,35.019999999999996,0.20360465116279067
4720,181,7.910000000000007,0.043701657458563574
4721,185,45.49999999999999,0.2459459459459459
4722,188,-27.819999999999997,-0.1479787234042553
4723,188,6.129999999999999,0.0326063829787234
4724,175,-2.559999999999997,-0.014628571428571411
4725,177,9.35,0.052824858757062144
4726,172,-51.95000000000001,-0.3020348837209303
4727,177,2.6600000000000072,0.015028248587570663
4728,176,-37.550000000000004,-0.21335227272727275
4729,186,33.82000000000001,0.18182795698924736
4730,173,-8.100000000000001,-0.046820809248554925
4731,169,33.74,0.1996449704142012
4732,187,-28.14,-0.1504812834224599
4733,173,-40.99000000000001,-0.23693641618497116
4734,179,-21.4,-0.11955307262569832
4735,180,22.260000000000005,0.12366666666666669
4736,189,6.349999999999999,0.03359788359788359
4737,185,29.759999999999994,0.16086486486486484
4738,178,-50.08,-0.2813483146067416
4739,171,-12.579999999999998,-0.0735672514619883
4740,170,-1.1100000000000012,-0.0065294117647058895
4741,172,15.360000000000001,0.08930232558139535
4742,186,24.549999999999997,0.13198924731182793
4743,187,-12.79,-0.06839572192513368
4744,185,-40.02,-0.21632432432432433
4745,184,37.07000000000001,0.20146739130434788
4746,186,19.38,0.10419354838709677
4747,186,41.36999999999999,0.22241935483870962
4748,174,3.380000000000006,0.019425287356321874
4749,190,-16.25,-0.08552631578947369
4750,165,66.02000000000001,0.4001212121212122
4751,173,-17.24,-0.09965317919075144
4752,190,72.04,0.37915789473684214
4753,174,53.39,0.3068390804597701
4754,182,-27.350000000000005,-0.1502747252747253
4755,178,13.379999999999997,0.07516853932584268
4756,194,27.6,0.1422680412371134
4757,184,-26.560000000000002,-0.14434782608695654
4758,178,-10.679999999999996,-0.05999999999999998
4759,189,42.959999999999994,0.22730158730158728
4760,176,-26.08,-0.14818181818181816
4761,191,-8.539999999999992,-0.044712041884816714
4762,181,-7.410000000000004,-0.040939226519337034
4763,175,29.359999999999992,0.16777142857142852
4764,185,6.48,0.03502702702702703
4765,178,-1.7500000000000009,-0.009831460674157308
4766,181,29.069999999999997,0.16060773480662982
4767,181,45.709999999999994,0.2525414364640884
4768,192,-13.989999999999995,-0.0728645833333333
4769,180,30.89999999999999,0.1716666666666666
4770,187,6.259999999999998,0.03347593582887699
4771,180,18.910000000000014,0.10505555555555564
4772,190,54.83,0.28857894736842105
4773,180,2.9100000000000072,0.016166666666666708
4774,173,52.87,0.30560693641618497
4775,176,-13.059999999999999,-0.07420454545454545
4776,186,34.2,0.1838709677419355
4777,180,-16.040000000000006,-0.08911111111111114
4778,191,15.690000000000001,0.08214659685863875
4779,182,61.989999999999995,0.3406043956043956
4780,185,0.3599999999999959,0.0019459459459459237
4781,185,36.699999999999996,0.19837837837837835
4782,176,35.230000000000004,0.20017045454545457
4783,177,44.150000000000006,0.2494350282485876
4784,172,23.03,0.1338953488372093
4785,170,7.100000000000001,0.04176470588235295
4786,174,8.320000000000002,0.047816091954023
4787,176,-22.790000000000003,-0.1294886363636364
4788,189,43.449999999999996,0.22989417989417987
4789,167,4.240000000000002,0.02538922155688624
4790,177,38.07000000000001,0.21508474576271192
4791,186,86.65,0.46586021505376346
4792,190,54.24,0.2854736842105263
4793,189,69.6,0.3682539682539682
4794,188,6.729999999999999,0.03579787234042552
4795,179,9.87,0.05513966480446927
4796,177,-1.040000000000001,-0.00587570621468927
4797,181,17.099999999999998,0.09447513812154695
4798,192,19.439999999999998,0.10124999999999999
4799,183,27.980000000000004,0.152896174863388
4800,196,31.769999999999996,0.16209183673469385
4801,179,-26.56,-0.14837988826815643
4802,174,-15.470000000000002,-0.0889080459770115
4803,186,-16.669999999999995,-0.08962365591397846
4804,181,-4.659999999999998,-0.02574585635359115
4805,194,29.339999999999993,0.1512371134020618
4806,185,-1.879999999999999,-0.010162162162162158
4807,174,-3.9099999999999966,-0.022471264367816074
4808,175,5.470000000000002,0.03125714285714287
4809,180,-52.65999999999999,-0.2925555555555555
4810,165,-4.919999999999998,-0.029818181818181806
4811,171,11.509999999999998,0.06730994152046782
4812,171,7.699999999999996,0.04502923976608185
4813,183,22.269999999999996,0.12169398907103823
4814,176,10.81,0.06142045454545455
4815,177,46.760000000000005,0.264180790960452
4816,177,34.21000000000001,0.19327683615819213
4817,172,5.759999999999998,0.033488372093023244
4818,173,39.39,0.2276878612716763
4819,186,29.629999999999995,0.15930107526881718
4820,171,21.0,0.12280701754385964
4821,171,-27.22,-0.1591812865497076
4822,186,21.92,0.1178494623655914
4823,182,2.070000000000004,0.011373626373626395
4824,172,-19.910000000000004,-0.1157558139534884
4825,176,-27.980000000000004,-0.15897727272727274
4826,166,-14.439999999999996,-0.08698795180722889
4827,173,31.34,0.18115606936416184
4828,181,55.25,0.3052486187845304
4829,184,21.479999999999997,0.1167391304347826
4830,171,9.269999999999996,0.05421052631578945
4831,172,50.65,0.2944767441860465
4832,184,46.62,0.2533695652173913
4833,184,-9.979999999999997,-0.05423913043478259
4834,168,26.6,0.15833333333333335
4835,174,-71.6,-0.41149425287356317
4836,185,17.41,0.09410810810810812
4837,182,5.52,0.03032967032967033
4838,185,5.15,0.02783783783783784
4839,173,-7.059999999999995,-0.04080924855491327
4840,176,-6.099999999999998,-0.034659090909090896
4841,172,-16.939999999999994,-0.09848837209302322
4842,183,57.84999999999999,0.3161202185792349
4843,173,6.739999999999994,0.0389595375722543
4844,180,10.819999999999997,0.060111111111111094
4845,183,-2.800000000000008,-0.015300546448087475
4846,181,-5.419999999999998,-0.02994475138121546
4847,183,59.660000000000004,0.32601092896174866
4848,179,31.56,0.17631284916201118
4849,169,28.729999999999997,0.16999999999999998
4850,187,53.12,0.28406417112299465
4851,190,-1.6200000000000028,-0.0085263157894737
4852,189,22.78,0.12052910052910054
4853,173,-39.31999999999999,-0.22728323699421962
4854,180,31.560000000000006,0.17533333333333337
4855,185,-0.32000000000000384,-0.0017297297297297505
4856,192,28.179999999999996,0.14677083333333332
4857,184,63.78,0.3466304347826087
4858,180,-11.880000000000003,-0.06600000000000002
4859,200,41.66,0.20829999999999999
4860,199,16.43,0.08256281407035175
4861,185,93.72,0.5065945945945945
4862,169,0.43000000000000327,0.0025443786982248715
4863,187,-25.159999999999997,-0.13454545454545452
4864,178,36.45,0.20477528089887642
4865,175,-4.400000000000006,-0.025142857142857175
4866,177,-6.239999999999998,-0.035254237288135586
4867,172,-9.419999999999998,-0.05476744186046511
4868,185,-10.910000000000004,-0.05897297297297299
4869,175,6.160000000000004,0.03520000000000002
4870,171,1.5899999999999932,0.009298245614035049
4871,189,83.03999999999999,0.43936507936507935
4872,176,53.49,0.3039204545454546
4873,170,-9.800000000000004,-0.05764705882352944
4874,179,-10.730000000000006,-0.05994413407821232
4875,185,7.819999999999993,0.042270270270270235
4876,190,-36.559999999999995,-0.1924210526315789
4877,181,53.849999999999994,0.2975138121546961
4878,183,39.190000000000005,0.2141530054644809
4879,194,17.310000000000006,0.08922680412371137
4880,181,25.659999999999997,0.14176795580110496
4881,173,-58.72,-0.33942196531791907
4882,175,15.850000000000001,0.09057142857142858
4883,174,66.45,0.38189655172413794
4884,181,-20.450000000000003,-0.11298342541436465
4885,183,4.299999999999997,0.023497267759562825
4886,176,-2.839999999999998,-0.016136363636363626
4887,175,28.910000000000004,0.1652
4888,184,14.719999999999995,0.07999999999999997
4889,187,-63.68000000000001,-0.3405347593582888
4890,169,27.819999999999997,0.1646153846153846
4891,176,29.87,0.16971590909090908
4892,180,23.330000000000002,0.12961111111111112
4893,174,-0.240000000000002,-0.0013793103448275976
4894,184,1.5999999999999943,0.008695652173913012
4895,173,-25.939999999999994,-0.14994219653179186
4896,175,63.519999999999996,0.36297142857142856
4897,171,11.219999999999995,0.06561403508771928
4898,178,32.34,0.18168539325842697
4899,174,5.539999999999999,0.03183908045977011
4900,192,23.659999999999997,0.12322916666666665
4901,180,11.950000000000006,0.06638888888888893
4902,165,20.25,0.12272727272727273
4903,179,46.25999999999999,0.2584357541899441
4904,176,1.910000000000001,0.010852272727272733
4905,179,12.190000000000001,0.06810055865921788
4906,185,35.2,0.1902702702702703
4907,176,6.770000000000002,0.038465909090909106
4908,183,25.35,0.13852459016393442
4909,178,28.529999999999994,0.16028089887640445
4910,170,8.260000000000002,0.048588235294117654
4911,200,49.260000000000005,0.24630000000000002
4912,172,6.550000000000001,0.03808139534883721
4913,180,-21.940000000000005,-0.12188888888888892
4914,175,12.71,0.07262857142857143
4915,187,11.559999999999995,0.06181818181818179
4916,180,9.509999999999998,0.05283333333333332
4917,195,40.97,0.2101025641025641
4918,186,47.25,0.2540322580645161
4919,182,30.029999999999994,0.16499999999999998
4920,178,-33.47,-0.18803370786516854
4921,177,-3.7399999999999984,-0.02112994350282485
4922,175,-32.7,-0.18685714285714286
4923,181,54.75,0.30248618784530384
4924,207,42.72,0.2063768115942029
4925,174,37.67999999999999,0.216551724137931
4926,185,-34.089999999999996,-0.18427027027027024
4927,170,14.259999999999994,0.08388235294117644
4928,180,-9.420000000000002,-0.05233333333333334
4929,193,-28.659999999999993,-0.14849740932642483
4930,181,46.55,0.2571823204419889
4931,173,24.349999999999998,0.1407514450867052
4932,176,52.66,0.29920454545454545
4933,182,18.870000000000008,0.10368131868131873
4934,172,10.789999999999997,0.06273255813953486
4935,181,29.65,0.16381215469613258
4936,185,-33.39,-0.1804864864864865
4937,170,12.810000000000002,0.0753529411764706
4938,181,51.580000000000005,0.28497237569060774
4939,176,57.69,0.3277840909090909
4940,195,70.08,0.35938461538461536
4941,176,-35.33,-0.20073863636363634
4942,189,54.43,0.28798941798941796
4943,183,2.760000000000002,0.015081967213114765
4944,184,-16.409999999999997,-0.08918478260869564
4945,177,-18.349999999999998,-0.10367231638418078
4946,193,36.02000000000001,0.18663212435233165
4947,174,20.519999999999996,0.1179310344827586
4948,191,10.249999999999991,0.05366492146596854
4949,187,16.720000000000002,0.08941176470588237
4950,185,9.590000000000003,0.05183783783783786
4951,188,22.149999999999995,0.11781914893617018
4952,187,-27.700000000000003,-0.1481283422459893
4953,167,20.709999999999997,0.12401197604790418
4954,181,25.409999999999997,0.1403867403314917
4955,189,46.09,0.2438624338624339
4956,185,-9.519999999999996,-0.051459459459459435
4957,185,-23.74,-0.1283243243243243
4958,186,-43.91,-0.23607526881720428
4959,176,-0.6199999999999939,-0.003522727272727238
4960,178,-5.259999999999998,-0.029550561797752797
4961,180,85.74,0.47633333333333333
4962,188,5.4900000000000055,0.029202127659574497
4963,176,9.760000000000005,0.055454545454545486
4964,165,24.889999999999997,0.15084848484848484
4965,180,-0.019999999999999574,-0.00011111111111110874
4966,179,21.599999999999998,0.1206703910614525
4967,201,-28.490000000000002,-0.14174129353233833
4968,188,36.43000000000001,0.1937765957446809
4969,178,42.18,0.23696629213483145
4970,185,40.529999999999994,0.21908108108108104
4971,192,9.129999999999995,0.04755208333333331
4972,182,-38.7,-0.21263736263736266
4973,175,35.39999999999999,0.20228571428571424
4974,176,-40.24000000000001,-0.2286363636363637
4975,179,38.879999999999995,0.2172067039106145
4976,168,-3.900000000000002,-0.023214285714285725
4977,185,77.94,0.42129729729729726
4978,190,29.729999999999997,0.1564736842105263
4979,179,-2.4099999999999966,-0.013463687150837969
4980,175,-33.68,-0.19245714285714285
4981,177,-13.600000000000001,-0.0768361581920904
4982,173,39.97,0.23104046242774565
4983,176,0.649999999999995,0.00369318181818179
4984,181,-32.870000000000005,-0.1816022099447514
4985,190,-3.0200000000000014,-0.01589473684210527
4986,179,-19.830000000000002,-0.11078212290502794
4987,180,38.919999999999995,0.2162222222222222
4988,171,2.580000000000002,0.015087719298245626
4989,175,-13.7,-0.07828571428571428
4990,176,24.29,0.13801136363636363
4991,177,38.68000000000001,0.21853107344632772
4992,180,20.809999999999995,0.11561111111111108
4993,182,55.83,0.30675824175824173
4994,178,-10.209999999999997,-0.057359550561797736
4995,193,-20.959999999999997,-0.10860103626943003
4996,174,25.34,0.14563218390804597
4997,178,26.690000000000005,0.14994382022471914
4998,188,-3.1599999999999966,-0.016808510638297854
4999,185,42.010000000000005,0.2270810810810811
5000,180,69.0,0.38333333333333336
5001,194,38.82,0.20010309278350516
5002,175,-19.38999999999999,-0.11079999999999994
5003,177,0.3900000000000037,0.0022033898305084954
5004,189,-5.169999999999995,-0.027354497354497326
5005,186,-3.8000000000000007,-0.020430107526881725
5006,181,-6.3,-0.034806629834254144
5007,167,36.78,0.22023952095808383
5008,175,17.570000000000007,0.10040000000000004
5009,189,43.059999999999995,0.2278306878306878
5010,176,12.270000000000001,0.06971590909090909
5011,182,39.269999999999996,0.21576923076923074
5012,183,33.46,0.18284153005464482
5013,177,-1.320000000000002,-0.0074576271186440795
5014,184,6.460000000000001,0.035108695652173914
5015,173,25.690000000000005,0.14849710982658962
5016,180,18.710000000000004,0.10394444444444446
5017,176,2.9499999999999993,0.016761363636363633
5018,179,1.6899999999999942,0.009441340782122873
5019,182,-23.279999999999994,-0.12791208791208789
5020,189,-8.760000000000002,-0.046349206349206355
5021,181,14.989999999999998,0.08281767955801105
5022,180,68.37,0.37983333333333336
5023,182,17.629999999999995,0.09686813186813184
5024,179,-22.529999999999998,-0.12586592178770947
5025,168,-28.969999999999995,-0.17244047619047617
5026,186,38.12,0.20494623655913977
5027,176,-1.0100000000000016,-0.005738636363636373
5028,197,1.0399999999999956,0.005279187817258861
5029,179,-30.54,-0.1706145251396648
5030,181,73.22,0.4045303867403315
5031,177,-9.369999999999997,-0.05293785310734462
5032,188,5.639999999999997,0.029999999999999985
5033,181,29.019999999999996,0.16033149171270716
5034,170,20.03,0.11782352941176472
5035,186,5.130000000000001,0.027580645161290326
5036,195,-10.600000000000001,-0.05435897435897437
5037,184,9.259999999999996,0.05032608695652172
5038,180,28.400000000000006,0.15777777777777782
5039,183,-15.760000000000003,-0.08612021857923499
5040,173,-22.269999999999996,-0.12872832369942194
5041,185,37.63,0.20340540540540542
5042,182,39.29,0.21587912087912087
5043,175,4.829999999999998,0.02759999999999999
5044,175,55.7,0.3182857142857143
5045,194,-27.049999999999994,-0.13943298969072163
5046,175,62.64,0.3579428571428572
5047,184,3.170000000000001,0.01722826086956522
5048,182,5.750000000000001,0.0315934065934066
5049,188,-42.07,-0.22377659574468084
5050,191,4.119999999999992,0.02157068062827221
5051,174,-13.019999999999996,-0.07482758620689653
5052,187,12.72999999999999,0.06807486631016037
5053,183,-14.890000000000004,-0.08136612021857925
5054,173,-33.839999999999996,-0.19560693641618496
5055,185,15.530000000000001,0.08394594594594595
5056,181,-9.09,-0.05022099447513812
5057,180,11.469999999999997,0.06372222222222221
5058,174,32.089999999999996,0.18442528735632183
5059,164,23.90000000000001,0.14573170731707322
5060,178,-20.379999999999995,-0.11449438202247189
5061,179,3.1699999999999946,0.01770949720670388
5062,166,7.260000000000005,0.043734939759036175
5063,184,22.19999999999999,0.12065217391304342
5064,175,-5.939999999999991,-0.03394285714285709
5065,187,13.29,0.07106951871657753
5066,183,25.930000000000003,0.14169398907103828
5067,183,12.300000000000004,0.06721311475409839
5068,180,6.679999999999998,0.0371111111111111
5069,166,10.440000000000012,0.06289156626506032
5070,177,-3.9800000000000013,-0.022485875706214697
5071,175,-42.22999999999999,-0.24131428571428565
5072,180,-45.31,-0.25172222222222224
5073,178,28.05,0.15758426966292136
5074,183,33.39,0.1824590163934426
5075,175,45.89999999999999,0.26228571428571423
5076,185,30.009999999999998,0.1622162162162162
5077,189,44.47,0.23529100529100527
5078,182,81.13,0.44576923076923075
5079,183,56.31,0.3077049180327869
5080,184,-45.6,-0.24782608695652175
5081,176,19.0,0.10795454545454546
5082,183,-1.2899999999999991,-0.007049180327868848
5083,186,0.13999999999999702,0.0007526881720429947
5084,170,-23.629999999999995,-0.13899999999999998
5085,184,4.66,0.02532608695652174
5086,171,16.519999999999996,0.09660818713450291
5087,163,49.96000000000001,0.3065030674846626
5088,183,61.7,0.3371584699453552
5089,176,-25.21,-0.14323863636363637
5090,174,47.510000000000005,0.2730459770114943
5091,171,27.650000000000002,0.16169590643274856
5092,191,10.04,0.052565445026178007
5093,169,24.73999999999999,0.14639053254437864
5094,181,-10.330000000000002,-0.0570718232044199
5095,191,27.71,0.14507853403141363
5096,183,13.229999999999997,0.0722950819672131
5097,183,31.199999999999996,0.17049180327868851
5098,181,12.740000000000002,0.07038674033149173
5099,188,-26.99999999999999,-0.14361702127659567
5100,167,10.979999999999999,0.06574850299401197
5101,182,1.5299999999999994,0.008406593406593403
5102,173,15.509999999999998,0.08965317919075143
5103,173,5.209999999999998,0.030115606936416173
5104,180,33.91,0.18838888888888888
5105,177,6.5699999999999985,0.0371186440677966
5106,182,7.320000000000008,0.04021978021978027
5107,173,4.020000000000003,0.0232369942196532
5108,181,57.24999999999999,0.3162983425414364
5109,176,-9.330000000000002,-0.05301136363636365
5110,170,28.71,0.16888235294117648
5111,188,18.1,0.09627659574468087
5112,175,-2.560000000000003,-0.014628571428571447
5113,183,23.640000000000004,0.12918032786885247
5114,175,42.480000000000004,0.24274285714285718
5115,180,-8.869999999999996,-0.049277777777777754
5116,176,1.2300000000000004,0.006988636363636366
5117,164,-7.239999999999998,-0.044146341463414625
5118,172,1.3299999999999983,0.007732558139534874
5119,170,-22.550000000000008,-0.13264705882352945
5120,184,75.77999999999997,0.41184782608695636
5121,194,43.86,0.2260824742268041
5122,186,-7.879999999999999,-0.042365591397849456
5123,181,-1.6699999999999982,-0.009226519337016565
5124,190,52.10000000000001,0.2742105263157895
5125,164,-3.6099999999999985,-0.02201219512195121
5126,180,-17.610000000000007,-0.09783333333333337
5127,170,29.610000000000003,0.17417647058823532
5128,172,16.3,0.09476744186046512
5129,193,30.679999999999996,0.15896373056994817
5130,187,-11.790000000000001,-0.06304812834224599
5131,175,8.979999999999993,0.05131428571428567
5132,181,68.45,0.3781767955801105
5133,175,40.900000000000006,0.23371428571428574
5134,178,40.74,0.22887640449438204
5135,173,3.5200000000000014,0.020346820809248562
5136,178,29.530000000000005,0.1658988764044944
5137,176,-1.7800000000000011,-0.01011363636363637
5138,180,-36.33,-0.20183333333333334
5139,194,-12.659999999999997,-0.06525773195876287
5140,170,-40.81,-0.24005882352941177
5141,176,12.359999999999992,0.07022727272727268
5142,173,-29.03,-0.1678034682080925
5143,177,33.60999999999999,0.18988700564971747
5144,172,-11.249999999999996,-0.06540697674418602
5145,183,29.44,0.1608743169398907
5146,182,-52.97,-0.29104395604395605
5147,187,30.380000000000003,0.16245989304812836
5148,180,54.43,0.3023888888888889
5149,182,36.72,0.20175824175824175
5150,174,-34.76,-0.19977011494252872
5151,175,12.479999999999997,0.07131428571428569
5152,179,44.27999999999999,0.24737430167597757
5153,179,50.01000000000001,0.27938547486033527
5154,177,52.60000000000001,0.2971751412429379
5155,187,-32.67999999999999,-0.17475935828877
5156,173,9.899999999999999,0.05722543352601155
5157,183,17.469999999999995,0.09546448087431691
5158,172,19.820000000000004,0.11523255813953491
5159,171,12.439999999999998,0.0727485380116959
5160,180,-16.689999999999998,-0.0927222222222222
5161,170,4.259999999999998,0.02505882352941175
5162,175,24.860000000000003,0.14205714285714288
5163,181,69.35,0.3831491712707182
5164,180,7.39,0.041055555555555553
5165,182,26.490000000000006,0.1455494505494506
5166,192,19.009999999999998,0.09901041666666666
5167,169,27.36,0.16189349112426035
5168,175,13.49999999999999,0.07714285714285708
5169,181,-11.480000000000004,-0.0634254143646409
5170,171,36.83,0.2153801169590643
5171,185,20.259999999999998,0.1095135135135135
5172,202,76.02000000000001,0.3763366336633664
5173,167,44.29,0.26520958083832336
5174,174,-11.399999999999997,-0.06551724137931032
5175,173,-16.990000000000006,-0.09820809248554917
5176,179,46.7,0.2608938547486034
5177,182,18.309999999999995,0.10060439560439557
5178,187,-16.820000000000007,-0.08994652406417117
5179,184,27.73,0.15070652173913043
5180,184,62.30999999999999,0.338641304347826
5181,179,-21.750000000000007,-0.1215083798882682
5182,196,40.72,0.20775510204081632
5183,183,24.68,0.13486338797814207
5184,181,34.24,0.18917127071823206
5185,174,35.92,0.2064367816091954
5186,181,6.6899999999999995,0.036961325966850825
5187,183,62.83999999999999,0.34338797814207644
5188,183,46.279999999999994,0.25289617486338795
5189,176,22.41,0.12732954545454545
5190,181,17.879999999999992,0.09878453038674029
5191,182,-18.310000000000002,-0.10060439560439562
5192,178,12.680000000000003,0.0712359550561798
5193,186,60.629999999999995,0.32596774193548383
5194,173,3.7599999999999962,0.021734104046242753
5195,181,-19.46,-0.10751381215469613
5196,174,90.08,0.5177011494252873
5197,188,-38.39,-0.20420212765957446
5198,176,22.1,0.12556818181818183
5199,189,-33.46,-0.17703703703703705
5200,175,13.790000000000003,0.07880000000000001
5201,178,-20.580000000000002,-0.1156179775280899
5202,182,33.660000000000004,0.18494505494505498
5203,193,60.95999999999999,0.31585492227979267
5204,192,67.93,0.35380208333333335
5205,182,-15.420000000000002,-0.08472527472527473
5206,192,-0.6600000000000037,-0.003437500000000019
5207,179,-43.01,-0.24027932960893852
5208,175,-12.720000000000002,-0.0726857142857143
5209,170,21.19,0.12464705882352942
5210,175,-31.32,-0.1789714285714286
5211,186,-15.090000000000007,-0.08112903225806456
5212,175,32.61,0.18634285714285714
5213,171,-19.619999999999997,-0.11473684210526314
5214,185,32.47999999999999,0.1755675675675675
5215,174,9.000000000000004,0.0517241379310345
5216,181,23.140000000000004,0.12784530386740334
5217,180,-20.8,-0.11555555555555556
5218,180,3.859999999999996,0.021444444444444422
5219,177,2.5199999999999996,0.014237288135593218
5220,177,4.99,0.028192090395480228
5221,181,30.970000000000006,0.17110497237569064
5222,178,0.1999999999999993,0.0011235955056179735
5223,187,88.86,0.47518716577540104
5224,178,-28.410000000000004,-0.15960674157303373
5225,188,53.33,0.28367021276595744
5226,165,22.75,0.13787878787878788
5227,172,27.710000000000008,0.16110465116279074
5228,191,-9.57,-0.05010471204188482
5229,172,4.630000000000003,0.026918604651162806
5230,180,28.539999999999992,0.1585555555555555
5231,183,88.16,0.4817486338797814
5232,181,78.28999999999999,0.4325414364640884
5233,185,-33.92,-0.18335135135135136
5234,178,14.770000000000003,0.08297752808988766
5235,182,14.15000000000001,0.0777472527472528
5236,178,15.719999999999999,0.08831460674157303
5237,180,-22.140000000000008,-0.12300000000000004
5238,191,-32.91,-0.17230366492146595
5239,174,-35.17,-0.20212643678160921
5240,173,22.740000000000002,0.13144508670520233
5241,186,30.03,0.16145161290322582
5242,172,-8.61,-0.050058139534883715
5243,177,6.43,0.03632768361581921
5244,171,-31.719999999999995,-0.1854970760233918
5245,177,-10.719999999999999,-0.06056497175141242
5246,172,54.71000000000001,0.3180813953488373
5247,164,-21.779999999999998,-0.13280487804878047
5248,180,25.869999999999997,0.1437222222222222
5249,174,17.200000000000003,0.09885057471264369
5250,184,26.34,0.14315217391304347
5251,180,52.03,0.28905555555555557
5252,183,73.64999999999998,0.4024590163934425
5253,182,6.1999999999999975,0.03406593406593405
5254,174,16.610000000000007,0.09545977011494257
5255,194,27.14,0.13989690721649484
5256,172,63.04,0.3665116279069767
5257,173,9.59,0.055433526011560694
5258,177,26.909999999999993,0.1520338983050847
5259,188,0.9799999999999969,0.005212765957446792
5260,168,-10.82,-0.06440476190476191
5261,178,-24.440000000000005,-0.1373033707865169
5262,170,-8.119999999999997,-0.047764705882352924
5263,176,11.89,0.06755681818181819
5264,175,-31.560000000000002,-0.18034285714285717
5265,172,-55.75,-0.3241279069767442
5266,173,39.05000000000001,0.22572254335260122
5267,184,-37.040000000000006,-0.201304347826087
5268,179,3.6999999999999993,0.02067039106145251
5269,179,5.849999999999994,0.03268156424581002
5270,195,31.939999999999994,0.16379487179487176
5271,184,56.64000000000001,0.3078260869565218
5272,177,24.779999999999998,0.13999999999999999
5273,175,-0.940000000000003,-0.005371428571428589
5274,182,30.939999999999998,0.16999999999999998
5275,193,7.07,0.03663212435233161
5276,178,32.730000000000004,0.18387640449438206
5277,186,50.67999999999999,0.2724731182795698
5278,191,-25.560000000000006,-0.13382198952879584
5279,189,26.439999999999998,0.13989417989417988
5280,181,33.379999999999995,0.18441988950276242
5281,172,53.17,0.3091279069767442
5282,172,2.25,0.01308139534883721
5283,182,31.350000000000005,0.17225274725274728
5284,179,-7.100000000000001,-0.03966480446927375
5285,174,-14.599999999999998,-0.08390804597701149
5286,181,25.599999999999998,0.14143646408839777
5287,187,9.990000000000002,0.05342245989304814
5288,188,21.030000000000005,0.1118617021276596
5289,178,-3.629999999999999,-0.020393258426966286
5290,183,-6.289999999999999,-0.03437158469945355
5291,193,24.32,0.12601036269430052
5292,181,1.6600000000000001,0.009171270718232045
5293,173,7.149999999999999,0.04132947976878612
5294,181,-24.149999999999995,-0.13342541436464087
5295,180,43.49000000000001,0.24161111111111117
5296,184,27.330000000000002,0.14853260869565219
5297,171,2.4699999999999918,0.014444444444444397
5298,182,-11.309999999999999,-0.06214285714285714
5299,178,-1.120000000000001,-0.006292134831460679
5300,183,-44.720000000000006,-0.24437158469945358
5301,177,-25.11,-0.141864406779661
5302,172,8.669999999999998,0.05040697674418604
5303,183,3.4600000000000044,0.018907103825136638
5304,187,32.65,0.17459893048128342
5305,184,15.480000000000004,0.08413043478260872
5306,184,17.4,0.09456521739130434
5307,182,31.749999999999996,0.17445054945054944
5308,192,-31.62,-0.16468750000000001
5309,175,-23.880000000000003,-0.13645714285714286
5310,188,-15.719999999999995,-0.08361702127659572
5311,180,-0.7399999999999984,-0.004111111111111103
5312,184,-32.61,-0.17722826086956522
5313,195,14.83999999999999,0.07610256410256405
5314,172,1.2599999999999985,0.007325581395348829
5315,192,36.86,0.19197916666666667
5316,179,18.310000000000002,0.1022905027932961
5317,180,42.68000000000001,0.23711111111111116
5318,177,35.96,0.2031638418079096
5319,174,5.009999999999996,0.02879310344827584
5320,183,-8.339999999999996,-0.04557377049180326
5321,184,22.43,0.12190217391304348
5322,175,26.12,0.14925714285714287
5323,191,-26.959999999999994,-0.14115183246073296
5324,171,-27.950000000000003,-0.16345029239766085
5325,165,-39.089999999999996,-0.23690909090909087
5326,185,29.08,0.15718918918918917
5327,179,45.800000000000004,0.2558659217877095
5328,195,7.32,0.03753846153846154
5329,175,5.490000000000002,0.031371428571428585
5330,180,-18.17,-0.10094444444444445
5331,168,78.76,0.46880952380952384
5332,179,2.6800000000000015,0.014972067039106154
5333,205,30.979999999999993,0.15112195121951216
5334,178,69.73,0.3917415730337079
5335,188,56.63000000000001,0.3012234042553192
5336,183,-7.169999999999995,-0.03918032786885243
5337,180,-28.150000000000002,-0.1563888888888889
5338,178,-21.38,-0.12011235955056179
5339,169,14.18,0.08390532544378698
5340,176,92.36,0.5247727272727273
5341,185,13.369999999999997,0.07227027027027026
5342,175,2.869999999999999,0.016399999999999994
5343,176,26.129999999999995,0.14846590909090907
5344,180,33.38000000000001,0.1854444444444445
5345,181,24.370000000000005,0.13464088397790058
5346,177,-45.93,-0.25949152542372883
5347,179,-1.049999999999999,-0.005865921787709491
5348,182,-5.309999999999998,-0.029175824175824164
5349,168,10.009999999999998,0.05958333333333332
5350,174,70.37,0.4044252873563219
5351,169,-60.98,-0.36082840236686387
5352,184,-2.030000000000001,-0.01103260869565218
5353,181,43.89,0.24248618784530387
5354,184,15.390000000000004,0.08364130434782611
5355,174,9.159999999999997,0.05264367816091952
5356,199,26.56000000000001,0.13346733668341712
5357,185,-33.13,-0.1790810810810811
5358,181,30.76,0.16994475138121548
5359,178,15.46,0.08685393258426967
5360,180,31.48,0.1748888888888889
5361,173,55.38000000000001,0.3201156069364162
5362,178,7.100000000000005,0.03988764044943823
5363,169,-2.0099999999999927,-0.011893491124260311
5364,174,9.570000000000006,0.055000000000000035
5365,181,19.40999999999999,0.10723756906077342
5366,175,15.41,0.08805714285714286
5367,170,-9.399999999999997,-0.055294117647058806
5368,181,51.72999999999999,0.28580110497237565
5369,187,76.97,0.4116042780748663
5370,192,34.35,0.17890625000000002
5371,178,44.03,0.24735955056179776
5372,182,51.14999999999999,0.281043956043956
5373,180,-15.86,-0.08811111111111111
5374,178,20.67,0.11612359550561799
5375,179,-2.42,-0.013519553072625697
5376,185,43.43,0.23475675675675675
5377,192,-36.75,-0.19140625
5378,176,12.82,0.0728409090909091
5379,179,-18.81,-0.10508379888268156
5380,182,-3.0500000000000043,-0.016758241758241782
5381,168,20.489999999999995,0.12196428571428568
5382,173,-25.08,-0.14497109826589594
5383,193,2.109999999999996,0.01093264248704661
5384,167,-9.170000000000002,-0.05491017964071857
5385,186,61.540000000000006,0.33086021505376345
5386,193,45.58999999999999,0.23621761658031082
5387,183,50.930000000000014,0.27830601092896184
5388,172,1.730000000000004,0.010058139534883744
5389,198,9.0,0.045454545454545456
5390,189,9.579999999999998,0.05068783068783068
5391,177,-36.769999999999996,-0.20774011299435027
5392,185,37.78,0.20421621621621622
5393,181,10.73,0.059281767955801104
5394,182,15.89,0.08730769230769231
5395,178,35.64999999999999,0.20028089887640443
5396,188,-13.609999999999996,-0.07239361702127657
5397,178,-18.35,-0.10308988764044945
5398,175,10.769999999999996,0.06154285714285712
5399,170,22.889999999999997,0.1346470588235294
5400,180,-1.5700000000000038,-0.008722222222222244
5401,182,-12.619999999999997,-0.06934065934065933
5402,181,-3.6799999999999997,-0.02033149171270718
5403,176,22.710000000000004,0.12903409090909093
5404,185,7.1,0.038378378378378375
5405,187,-2.4700000000000024,-0.013208556149732634
5406,176,32.05,0.18210227272727272
5407,183,33.28999999999999,0.18191256830601088
5408,176,-2.0700000000000003,-0.011761363636363638
5409,186,60.82,0.32698924731182794
5410,187,14.740000000000006,0.07882352941176474
5411,171,-4.780000000000003,-0.02795321637426902
5412,179,24.079999999999995,0.13452513966480445
5413,183,-23.589999999999996,-0.1289071038251366
5414,178,-4.190000000000001,-0.023539325842696638
5415,180,-1.149999999999995,-0.0063888888888888615
5416,177,28.249999999999996,0.15960451977401127
5417,195,34.849999999999994,0.1787179487179487
5418,173,8.010000000000002,0.04630057803468209
5419,184,9.940000000000005,0.05402173913043481
5420,178,7.57,0.04252808988764045
5421,177,-3.2100000000000026,-0.018135593220339
5422,174,-2.5799999999999983,-0.014827586206896542
5423,178,2.9299999999999997,0.01646067415730337
5424,200,28.07,0.14035
5425,185,18.23,0.09854054054054054
5426,175,35.62,0.20354285714285714
5427,187,10.160000000000007,0.05433155080213908
5428,170,20.139999999999993,0.11847058823529408
5429,184,-12.049999999999999,-0.0654891304347826
5430,188,73.60000000000001,0.3914893617021277
5431,189,26.950000000000006,0.14259259259259263
5432,182,28.920000000000005,0.15890109890109894
5433,191,0.0899999999999963,0.00047120418848165603
5434,190,28.02999999999999,0.14752631578947364
5435,183,7.429999999999996,0.04060109289617484
5436,185,18.880000000000003,0.10205405405405407
5437,185,39.86,0.21545945945945946
5438,176,47.00999999999999,0.26710227272727266
5439,180,20.67000000000001,0.11483333333333338
5440,175,41.65,0.238
5441,182,23.880000000000003,0.13120879120879123
5442,177,63.71000000000001,0.3599435028248588
5443,189,20.84,0.11026455026455026
5444,174,39.449999999999996,0.22672413793103446
5445,170,-22.139999999999997,-0.13023529411764703
5446,173,-15.64,-0.09040462427745664
5447,174,30.27,0.17396551724137932
5448,172,1.83,0.01063953488372093
5449,183,-38.61,-0.21098360655737705
5450,186,37.660000000000004,0.2024731182795699
5451,180,25.5,0.14166666666666666
5452,189,-41.53,-0.21973544973544973
5453,182,-11.41,-0.0626923076923077
5454,188,64.38,0.3424468085106383
5455,173,-36.17,-0.20907514450867054
5456,180,41.68,0.23155555555555554
5457,189,1.6600000000000001,0.008783068783068783
5458,164,21.77,0.1327439024390244
5459,176,-30.97,-0.1759659090909091
5460,178,20.989999999999995,0.11792134831460671
5461,177,66.46000000000001,0.3754802259887006
5462,181,24.710000000000008,0.13651933701657462
5463,180,35.25000000000001,0.19583333333333336
5464,202,39.150000000000006,0.19381188118811885
5465,188,56.019999999999996,0.2979787234042553
5466,178,-32.95,-0.18511235955056182
5467,172,22.590000000000003,0.1313372093023256
5468,176,0.8600000000000017,0.004886363636363646
5469,182,26.849999999999994,0.1475274725274725
5470,177,19.270000000000003,0.10887005649717515
5471,177,-42.290000000000006,-0.2389265536723164
5472,177,3.139999999999999,0.017740112994350275
5473,188,0.4200000000000017,0.0022340425531914986
5474,185,27.99,0.1512972972972973
5475,179,30.609999999999996,0.17100558659217874
5476,184,42.03,0.22842391304347825
5477,186,31.649999999999995,0.17016129032258062
5478,187,36.09,0.19299465240641714
5479,183,-16.4,-0.0896174863387978
5480,161,-33.89,-0.21049689440993788
5481,185,82.7,0.44702702702702707
5482,185,1.3800000000000026,0.007459459459459473
5483,181,-19.439999999999998,-0.10740331491712705
5484,166,25.659999999999997,0.15457831325301202
5485,170,-24.299999999999997,-0.1429411764705882
5486,179,33.400000000000006,0.18659217877094975
5487,195,-9.130000000000004,-0.04682051282051284
5488,172,17.42000000000001,0.10127906976744191
5489,173,42.24,0.24416184971098268
5490,172,17.899999999999995,0.10406976744186043
5491,182,17.21,0.09456043956043957
5492,183,65.84,0.35978142076502734
5493,181,-4.729999999999997,-0.026132596685082856
5494,182,-2.100000000000001,-0.011538461538461544
5495,165,36.62,0.22193939393939394
5496,172,11.169999999999998,0.06494186046511627
5497,186,31.45,0.16908602150537633
5498,185,18.589999999999996,0.10048648648648646
5499,174,39.599999999999994,0.22758620689655168
5500,184,-18.54,-0.10076086956521739
5501,176,63.31,0.3597159090909091
5502,180,-10.829999999999998,-0.06016666666666666
5503,188,11.43,0.06079787234042553
5504,182,30.780000000000005,0.16912087912087914
5505,183,24.77,0.1353551912568306
5506,179,-6.669999999999998,-0.037262569832402226
5507,173,-34.349999999999994,-0.19855491329479766
5508,184,108.96000000000001,0.5921739130434783
5509,176,-30.259999999999998,-0.17193181818181816
5510,191,-2.209999999999999,-0.011570680628272247
5511,172,-60.790000000000006,-0.35343023255813955
5512,189,53.51,0.2831216931216931
5513,177,30.889999999999997,0.17451977401129942
5514,188,-5.910000000000004,-0.03143617021276598
5515,181,88.35,0.4881215469613259
5516,175,44.04,0.25165714285714286
5517,196,40.81,0.2082142857142857
5518,184,0.9000000000000039,0.004891304347826108
5519,175,50.19,0.2868
5520,189,18.16,0.09608465608465609
5521,184,20.559999999999995,0.11173913043478258
5522,196,6.59,0.03362244897959184
5523,173,-25.770000000000007,-0.14895953757225439
5524,189,63.75999999999999,0.3373544973544973
5525,183,-11.399999999999995,-0.06229508196721309
5526,164,37.769999999999996,0.23030487804878047
5527,172,-9.739999999999998,-0.05662790697674418
5528,192,54.89,0.28588541666666667
5529,169,29.169999999999998,0.17260355029585797
5530,176,38.42,0.21829545454545454
5531,170,-20.150000000000002,-0.1185294117647059
5532,186,-28.550000000000004,-0.15349462365591401
5533,167,1.8500000000000014,0.011077844311377254
5534,174,56.62,0.3254022988505747
5535,175,-9.55,-0.054571428571428576
5536,179,-10.220000000000002,-0.05709497206703912
5537,185,-16.699999999999996,-0.09027027027027025
5538,174,58.87,0.3383333333333333
5539,180,33.01,0.18338888888888888
5540,168,28.479999999999997,0.1695238095238095
5541,179,23.41,0.13078212290502794
5542,169,-1.6300000000000043,-0.009644970414201209
5543,186,68.94,0.37064516129032254
5544,171,55.260000000000005,0.32315789473684214
5545,180,46.92000000000001,0.2606666666666667
5546,177,15.970000000000002,0.09022598870056499
5547,176,7.709999999999997,0.04380681818181817
5548,165,-2.020000000000003,-0.012242424242424261
5549,175,54.39999999999999,0.31085714285714283
5550,178,-50.49999999999999,-0.2837078651685393
5551,172,48.82000000000001,0.28383720930232564
5552,172,9.379999999999994,0.0545348837209302
5553,168,37.95,0.22589285714285717
5554,179,23.490000000000002,0.13122905027932963
5555,174,3.490000000000002,0.020057471264367827
5556,181,-24.870000000000005,-0.1374033149171271
5557,192,41.68000000000001,0.21708333333333338
5558,183,21.590000000000003,0.11797814207650276
5559,182,-25.16,-0.13824175824175824
5560,181,8.589999999999996,0.04745856353591158
5561,182,-42.42,-0.2330769230769231
5562,177,10.759999999999996,0.06079096045197738
5563,160,-11.8,-0.07375000000000001
5564,186,15.919999999999995,0.08559139784946233
5565,181,-19.429999999999996,-0.10734806629834252
5566,193,30.43999999999999,0.15772020725388597
5567,178,3.200000000000001,0.017977528089887646
5568,181,33.17,0.18325966850828732
5569,175,39.870000000000005,0.22782857142857146
5570,188,13.129999999999999,0.06984042553191488
5571,177,-0.6400000000000006,-0.0036158192090395514
5572,176,24.46,0.13897727272727273
5573,173,15.600000000000001,0.09017341040462429
5574,173,82.84,0.4788439306358382
5575,191,30.080000000000002,0.15748691099476442
5576,181,-21.380000000000003,-0.11812154696132598
5577,184,18.0,0.09782608695652174
5578,173,-70.42,-0.4070520231213873
5579,176,-6.580000000000002,-0.03738636363636365
5580,183,-5.649999999999999,-0.030874316939890702
5581,185,39.57,0.2138918918918919
5582,169,59.849999999999994,0.3541420118343195
5583,192,80.03,0.41682291666666665
5584,187,59.709999999999994,0.31930481283422457
5585,190,-33.24,-0.17494736842105263
5586,177,-35.87,-0.2026553672316384
5587,188,-5.630000000000006,-0.029946808510638332
5588,184,50.60000000000001,0.275
5589,184,35.379999999999995,0.19228260869565214
5590,190,-1.720000000000006,-0.0090526315789474
5591,168,-1.8000000000000043,-0.01071428571428574
5592,178,-4.199999999999996,-0.023595505617977505
5593,193,-16.95,-0.08782383419689119
5594,180,23.540000000000003,0.1307777777777778
5595,174,-9.410000000000004,-0.05408045977011496
5596,171,52.03999999999999,0.3043274853801169
5597,175,-51.13,-0.2921714285714286
5598,171,0.9200000000000017,0.005380116959064337
5599,184,5.6700000000000035,0.030815217391304366
5600,178,-2.8600000000000065,-0.016067415730337115
5601,180,41.69,0.2316111111111111
5602,176,48.36,0.2747727272727273
5603,177,-20.840000000000003,-0.1177401129943503
5604,175,18.91,0.10805714285714285
5605,183,30.590000000000003,0.16715846994535521
5606,173,-7.639999999999995,-0.04416184971098263
5607,177,37.47,0.21169491525423728
5608,174,6.930000000000007,0.03982758620689659
5609,172,36.71000000000001,0.2134302325581396
5610,181,5.1600000000000055,0.02850828729281771
5611,179,24.0,0.1340782122905028
5612,186,55.68,0.29935483870967744
5613,187,0.5199999999999996,0.002780748663101602
5614,183,22.38,0.12229508196721312
5615,178,0.4699999999999953,0.002640449438202221
5616,193,12.499999999999998,0.06476683937823834
5617,181,43.79,0.24193370165745856
5618,176,11.969999999999999,0.06801136363636363
5619,174,-41.83,-0.2404022988505747
5620,182,35.26000000000001,0.1937362637362638
5621,180,37.75,0.20972222222222223
5622,182,-32.79000000000001,-0.18016483516483525
5623,187,45.56999999999999,0.24368983957219248
5624,181,18.319999999999997,0.10121546961325965
5625,176,10.049999999999997,0.05710227272727271
5626,184,-7.57,-0.04114130434782609
5627,182,33.78,0.18560439560439562
5628,182,-26.8,-0.14725274725274726
5629,192,41.35999999999999,0.21541666666666662
5630,199,110.46,0.5550753768844221
5631,192,19.810000000000002,0.10317708333333335
5632,173,29.08,0.16809248554913295
5633,167,42.36,0.25365269461077844
5634,180,68.32,0.37955555555555553
5635,188,33.12,0.17617021276595743
5636,176,38.35,0.21789772727272727
5637,186,9.79,0.05263440860215053
5638,168,41.03,0.24422619047619049
5639,184,45.21999999999999,0.24576086956521734
5640,201,72.32000000000001,0.35980099502487567
5641,171,26.870000000000005,0.15713450292397663
5642,185,39.769999999999996,0.21497297297297296
5643,186,-18.360000000000003,-0.09870967741935485
5644,177,10.009999999999994,0.05655367231638415
5645,182,-11.239999999999998,-0.06175824175824175
5646,194,84.56,0.43587628865979383
5647,183,-0.9799999999999986,-0.005355191256830594
5648,182,-5.339999999999998,-0.02934065934065933
5649,173,-3.8699999999999957,-0.022369942196531767
5650,183,34.81999999999999,0.1902732240437158
5651,181,-35.61,-0.19674033149171272
5652,184,-25.120000000000005,-0.1365217391304348
5653,178,-14.7,-0.08258426966292134
5654,181,36.56,0.2019889502762431
5655,190,-40.81999999999999,-0.21484210526315786
5656,176,-1.4800000000000004,-0.008409090909090911
5657,182,-6.160000000000007,-0.03384615384615389
5658,179,28.25,0.15782122905027932
5659,186,-32.22,-0.1732258064516129
5660,179,-51.53,-0.28787709497206704
5661,176,18.64,0.10590909090909091
5662,179,-13.410000000000002,-0.07491620111731845
5663,175,7.829999999999998,0.04474285714285713
5664,178,81.65,0.45870786516853934
5665,186,71.44999999999999,0.3841397849462365
5666,193,6.620000000000008,0.03430051813471507
5667,174,8.67000000000001,0.04982758620689661
5668,173,5.400000000000005,0.031213872832369968
5669,175,33.589999999999996,0.1919428571428571
5670,182,-25.39,-0.13950549450549452
5671,177,-7.019999999999996,-0.03966101694915252
5672,172,-36.2,-0.21046511627906977
5673,182,53.18000000000001,0.2921978021978022
5674,183,31.839999999999996,0.17398907103825134
5675,176,-5.600000000000003,-0.031818181818181836
5676,182,57.64999999999999,0.3167582417582417
5677,189,42.68,0.2258201058201058
5678,189,12.189999999999998,0.06449735449735448
5679,179,45.230000000000004,0.25268156424581006
5680,179,39.93,0.22307262569832403
5681,174,7.0000000000000036,0.040229885057471285
5682,169,-33.64999999999999,-0.19911242603550292
5683,173,-24.89,-0.1438728323699422
5684,178,-0.8099999999999987,-0.004550561797752802
5685,180,-32.29,-0.17938888888888888
5686,176,0.7700000000000009,0.004375000000000005
5687,180,-19.03,-0.10572222222222223
5688,181,23.189999999999998,0.12812154696132597
5689,183,26.46,0.14459016393442622
5690,187,-7.6200000000000045,-0.040748663101604306
5691,188,25.33,0.1347340425531915
5692,181,-17.189999999999994,-0.09497237569060771
5693,187,-7.070000000000001,-0.037807486631016046
5694,174,5.579999999999999,0.03206896551724137
5695,187,30.210000000000004,0.16155080213903747
5696,189,33.05,0.17486772486772487
5697,187,-1.0,-0.0053475935828877
5698,175,54.989999999999995,0.3142285714285714
5699,186,57.370000000000005,0.3084408602150538
5700,166,8.120000000000003,0.048915662650602425
5701,193,32.17,0.1666839378238342
5702,179,1.5900000000000034,0.008882681564245829
5703,169,-3.0499999999999936,-0.018047337278106472
5704,183,-11.869999999999994,-0.06486338797814205
5705,176,42.53,0.2416477272727273
5706,179,-24.809999999999995,-0.13860335195530724
5707,168,-27.76,-0.16523809523809524
5708,173,43.49000000000001,0.2513872832369943
5709,195,-29.909999999999997,-0.15338461538461537
5710,178,-10.680000000000001,-0.06000000000000001
5711,188,34.52,0.18361702127659577
5712,185,37.88,0.20475675675675678
5713,161,13.099999999999994,0.08136645962732916
5714,172,-0.509999999999998,-0.002965116279069756
5715,159,23.630000000000003,0.14861635220125788
5716,188,1.5099999999999971,0.008031914893617006
5717,184,30.849999999999994,0.16766304347826083
5718,177,3.0300000000000034,0.017118644067796628
5719,170,13.379999999999988,0.07870588235294111
5720,170,-26.749999999999996,-0.15735294117647056
5721,167,-9.249999999999996,-0.055389221556886206
5722,177,31.759999999999998,0.17943502824858756
5723,174,61.72,0.3547126436781609
5724,177,-66.18,-0.3738983050847458
5725,182,-2.0900000000000034,-0.011483516483516502
5726,185,-17.770000000000003,-0.09605405405405407
5727,181,-6.199999999999999,-0.03425414364640884
5728,184,-24.669999999999998,-0.13407608695652173
5729,179,31.44,0.17564245810055867
5730,189,54.42999999999999,0.28798941798941796
5731,195,65.4,0.3353846153846154
5732,191,51.08,0.26743455497382196
5733,188,-46.59,-0.24781914893617024
5734,171,46.58,0.2723976608187134
5735,180,14.75,0.08194444444444444
5736,178,-11.909999999999997,-0.06691011235955054
5737,180,53.04,0.2946666666666667
5738,185,-3.1099999999999994,-0.016810810810810806
5739,184,-11.41,-0.06201086956521739
5740,194,34.239999999999995,0.17649484536082471
5741,177,-5.060000000000001,-0.028587570621468935
5742,182,37.65999999999999,0.20692307692307688
5743,182,-37.620000000000005,-0.20670329670329673
5744,172,-19.420000000000005,-0.11290697674418608
5745,176,3.460000000000001,0.019659090909090914
5746,197,9.049999999999994,0.04593908629441621
5747,174,4.059999999999999,0.023333333333333327
5748,170,45.28,0.26635294117647057
5749,176,21.83,0.1240340909090909
5750,203,64.28,0.3166502463054187
5751,179,12.009999999999998,0.0670949720670391
5752,192,84.86,0.44197916666666665
5753,179,10.649999999999999,0.05949720670391061
5754,183,-12.84,-0.07016393442622951
5755,199,-3.639999999999997,-0.018291457286432146
5756,185,34.81999999999999,0.18821621621621618
5757,184,27.629999999999995,0.15016304347826084
5758,183,32.220000000000006,0.17606557377049184
5759,184,-27.929999999999993,-0.15179347826086953
5760,173,17.37,0.10040462427745665
5761,175,-0.4599999999999991,-0.0026285714285714233
5762,186,-32.45000000000001,-0.1744623655913979
5763,180,-21.88,-0.12155555555555556
5764,188,-12.579999999999998,-0.06691489361702127
5765,170,14.200000000000005,0.08352941176470591
5766,181,4.67,0.02580110497237569
5767,176,-7.5500000000000025,-0.04289772727272729
5768,162,-6.020000000000001,-0.0371604938271605
5769,186,49.040000000000006,0.26365591397849464
5770,176,-8.629999999999999,-0.0490340909090909
5771,183,-24.28,-0.1326775956284153
5772,177,-24.840000000000003,-0.14033898305084747
5773,177,-29.020000000000003,-0.163954802259887
5774,179,14.460000000000003,0.08078212290502795
5775,176,36.620000000000005,0.20806818181818185
5776,186,21.42,0.11516129032258066
5777,179,27.019999999999996,0.15094972067039103
5778,182,-37.1,-0.20384615384615384
5779,185,4.890000000000001,0.026432432432432436
5780,180,44.57,0.24761111111111112
5781,171,41.31,0.24157894736842106
5782,178,-6.559999999999999,-0.03685393258426965
5783,171,-20.09,-0.11748538011695907
5784,170,2.980000000000004,0.017529411764705904
5785,184,62.4,0.3391304347826087
5786,178,21.63000000000001,0.12151685393258432
5787,196,20.86,0.10642857142857143
5788,173,-0.07000000000000206,-0.0004046242774566593
5789,183,17.71,0.09677595628415302
5790,166,12.690000000000001,0.07644578313253013
5791,179,5.139999999999997,0.028715083798882664
5792,173,-17.309999999999995,-0.10005780346820807
5793,178,21.540000000000003,0.1210112359550562
5794,183,-3.8500000000000014,-0.021038251366120225
5795,175,-31.46,-0.17977142857142858
5796,176,-14.859999999999996,-0.08443181818181816
5797,187,14.9,0.07967914438502674
5798,181,-12.85,-0.07099447513812154
5799,178,-1.5500000000000078,-0.00870786516853937
5800,185,-11.620000000000005,-0.06281081081081083
5801,189,10.240000000000006,0.05417989417989421
5802,183,57.13,0.31218579234972677
5803,177,72.13,0.4075141242937853
5804,193,14.569999999999993,0.07549222797927457
5805,180,29.480000000000004,0.1637777777777778
5806,173,-9.510000000000003,-0.054971098265895975
5807,176,11.740000000000006,0.06670454545454549
5808,183,-17.93,-0.09797814207650272
5809,173,-21.59,-0.12479768786127167
5810,188,31.56999999999999,0.16792553191489357
5811,188,49.32,0.2623404255319149
5812,175,43.669999999999995,0.24954285714285712
5813,178,10.680000000000003,0.06000000000000002
5814,177,27.790000000000003,0.15700564971751413
5815,176,-13.959999999999997,-0.0793181818181818
5816,182,12.020000000000003,0.06604395604395606
5817,187,31.84999999999999,0.1703208556149732
5818,173,-65.95,-0.38121387283236996
5819,188,-4.080000000000001,-0.021702127659574473
5820,172,-31.199999999999996,-0.18139534883720929
5821,174,-33.34,-0.19160919540229887
5822,175,6.1999999999999975,0.03542857142857141
5823,171,21.330000000000005,0.12473684210526319
5824,197,-67.02000000000001,-0.34020304568527926
5825,171,25.25,0.1476608187134503
5826,186,-26.91999999999999,-0.14473118279569888
5827,177,-12.2,-0.06892655367231638
5828,177,-56.980000000000004,-0.3219209039548023
5829,176,22.85,0.12982954545454548
5830,184,-37.510000000000005,-0.20385869565217393
5831,186,11.059999999999999,0.059462365591397844
5832,182,11.349999999999998,0.06236263736263735
5833,178,49.7,0.2792134831460674
5834,179,-25.189999999999998,-0.1407262569832402
5835,184,32.84,0.17847826086956523
5836,186,10.929999999999998,0.058763440860215045
5837,175,4.180000000000003,0.023885714285714305
5838,178,9.840000000000007,0.055280898876404534
5839,190,29.610000000000007,0.15584210526315792
5840,168,-8.449999999999996,-0.05029761904761902
5841,181,48.16,0.26607734806629835
5842,177,6.01,0.03395480225988701
5843,173,-45.05,-0.26040462427745664
5844,187,18.46,0.09871657754010696
5845,172,-0.05000000000000426,-0.0002906976744186294
5846,184,9.410000000000004,0.05114130434782611
5847,181,-11.239999999999997,-0.062099447513812134
5848,170,8.030000000000008,0.047235294117647104
5849,178,30.140000000000004,0.16932584269662923
5850,180,-5.050000000000004,-0.02805555555555558
5851,183,-10.429999999999996,-0.056994535519125665
5852,177,72.11,0.4074011299435028
5853,185,7.969999999999999,0.04308108108108107
5854,180,47.629999999999995,0.2646111111111111
5855,178,0.5999999999999979,0.0033707865168539205
5856,179,62.64999999999999,0.35
5857,175,-41.53,-0.23731428571428573
5858,183,18.38999999999999,0.10049180327868847
5859,178,-35.46,-0.19921348314606743
5860,195,56.099999999999994,0.28769230769230764
5861,174,6.829999999999998,0.03925287356321838
5862,185,14.999999999999996,0.08108108108108106
5863,190,-31.520000000000007,-0.1658947368421053
5864,178,-4.930000000000003,-0.027696629213483166
5865,175,-3.100000000000004,-0.017714285714285738
5866,178,-36.720000000000006,-0.2062921348314607
5867,183,66.89,0.3655191256830601
5868,169,-22.07,-0.13059171597633137
5869,175,-28.450000000000003,-0.1625714285714286
5870,162,45.11,0.2784567901234568
5871,182,25.22999999999999,0.13862637362637356
5872,189,51.0,0.2698412698412698
5873,181,6.1299999999999955,0.033867403314917104
5874,184,0.040000000000000924,0.0002173913043478311
5875,185,55.199999999999996,0.29837837837837833
5876,175,4.310000000000002,0.02462857142857144
5877,177,-44.78,-0.2529943502824859
5878,169,4.749999999999999,0.02810650887573964
5879,191,22.44,0.11748691099476441
5880,174,20.480000000000004,0.11770114942528738
5881,179,-10.229999999999999,-0.05715083798882681
5882,180,17.730000000000004,0.09850000000000002
5883,180,32.28,0.17933333333333334
5884,182,31.270000000000003,0.17181318681318683
5885,162,-13.069999999999999,-0.08067901234567901
5886,184,6.8100000000000005,0.037010869565217396
5887,167,20.35,0.12185628742514971
5888,182,48.85,0.2684065934065934
5889,171,30.419999999999995,0.17789473684210524
5890,187,39.099999999999994,0.20909090909090905
5891,185,38.120000000000005,0.20605405405405408
5892,180,-5.279999999999998,-0.02933333333333332
5893,182,-9.920000000000002,-0.054505494505494516
5894,172,-11.169999999999998,-0.06494186046511627
5895,178,27.32999999999999,0.15353932584269658
5896,180,38.80999999999999,0.21561111111111103
5897,179,-26.09,-0.14575418994413408
5898,192,40.309999999999995,0.20994791666666665
5899,175,5.820000000000004,0.03325714285714288
5900,175,0.639999999999997,0.00365714285714284
5901,174,3.9800000000000004,0.02287356321839081
5902,182,75.26999999999998,0.4135714285714285
5903,180,46.68,0.2593333333333333
5904,178,-2.6900000000000013,-0.015112359550561805
5905,184,8.129999999999999,0.04418478260869565
5906,188,-1.8499999999999979,-0.009840425531914882
5907,184,-13.429999999999998,-0.0729891304347826
5908,186,-9.080000000000002,-0.04881720430107528
5909,169,8.98,0.05313609467455622
5910,187,11.400000000000002,0.0609625668449198
5911,175,-21.72,-0.1241142857142857
5912,174,-2.1299999999999955,-0.012241379310344802
5913,178,22.240000000000002,0.12494382022471912
5914,183,27.990000000000002,0.15295081967213117
5915,188,19.380000000000003,0.10308510638297874
5916,180,34.19,0.18994444444444444
5917,175,-34.57000000000001,-0.1975428571428572
5918,173,27.439999999999994,0.15861271676300576
5919,172,5.130000000000005,0.02982558139534887
5920,184,-1.0499999999999954,-0.00570652173913041
5921,182,86.91,0.4775274725274725
5922,172,18.68,0.1086046511627907
5923,181,-29.559999999999995,-0.1633149171270718
5924,171,18.089999999999996,0.1057894736842105
5925,174,-6.619999999999998,-0.038045977011494245
5926,188,50.660000000000004,0.269468085106383
5927,183,-15.579999999999998,-0.08513661202185792
5928,168,2.5699999999999985,0.015297619047619039
5929,190,0.060000000000005826,0.0003157894736842412
5930,172,-7.960000000000001,-0.046279069767441866
5931,175,-28.309999999999995,-0.16177142857142854
5932,184,38.239999999999995,0.20782608695652172
5933,183,-56.940000000000005,-0.3111475409836066
5934,172,30.289999999999996,0.17610465116279067
5935,178,37.24999999999999,0.20926966292134827
5936,179,8.360000000000001,0.04670391061452515
5937,176,-0.5800000000000018,-0.003295454545454556
5938,196,46.49999999999999,0.23724489795918363
5939,173,1.0899999999999945,0.006300578034682049
5940,198,-8.690000000000003,-0.0438888888888889
5941,184,-30.09,-0.16353260869565217
5942,186,-5.579999999999998,-0.029999999999999992
5943,187,37.629999999999995,0.20122994652406415
5944,174,-35.120000000000005,-0.20183908045977014
5945,187,-15.5,-0.08288770053475936
5946,170,15.549999999999995,0.0914705882352941
5947,175,1.8799999999999955,0.010742857142857117
5948,176,-20.599999999999998,-0.11704545454545454
5949,177,-27.109999999999996,-0.15316384180790957
5950,170,53.02000000000001,0.31188235294117655
5951,182,-34.239999999999995,-0.1881318681318681
5952,177,33.44,0.18892655367231637
5953,180,14.059999999999999,0.0781111111111111
5954,161,24.200000000000003,0.1503105590062112
5955,191,30.459999999999994,0.15947643979057588
5956,187,34.339999999999996,0.18363636363636363
5957,175,-12.480000000000004,-0.07131428571428573
5958,173,53.47,0.3090751445086705
5959,177,26.8,0.15141242937853108
5960,183,18.099999999999994,0.09890710382513658
5961,179,35.14999999999999,0.19636871508379883
5962,170,14.150000000000002,0.08323529411764707
5963,165,30.11,0.18248484848484847
5964,180,28.329999999999988,0.15738888888888883
5965,175,-40.919999999999995,-0.23382857142857139
5966,176,24.589999999999996,0.13971590909090906
5967,188,14.469999999999999,0.07696808510638298
5968,178,-30.060000000000002,-0.16887640449438204
5969,184,4.319999999999997,0.0234782608695652
5970,177,15.790000000000003,0.08920903954802262
5971,178,26.789999999999996,0.15050561797752807
5972,195,-24.630000000000003,-0.12630769230769232
5973,176,-21.83,-0.1240340909090909
5974,168,-31.170000000000005,-0.1855357142857143
5975,171,35.760000000000005,0.20912280701754388
5976,182,14.190000000000001,0.07796703296703297
5977,181,71.39000000000001,0.3944198895027625
5978,185,28.069999999999997,0.1517297297297297
5979,180,-26.37,-0.14650000000000002
5980,185,12.100000000000001,0.06540540540540542
5981,188,-5.409999999999997,-0.028776595744680833
5982,181,-42.050000000000004,-0.2323204419889503
5983,174,43.41,0.24948275862068964
5984,179,-13.139999999999997,-0.07340782122905026
5985,179,-26.040000000000006,-0.14547486033519558
5986,186,-17.59,-0.09456989247311828
5987,179,13.3,0.07430167597765364
5988,187,-31.540000000000003,-0.16866310160427808
5989,189,28.849999999999998,0.15264550264550264
5990,180,18.77,0.10427777777777777
5991,176,-32.92,-0.18704545454545454
5992,193,20.37,0.10554404145077721
5993,179,21.43,0.11972067039106145
5994,178,56.31999999999999,0.31640449438202245
5995,179,49.89,0.2787150837988827
5996,177,-35.190000000000005,-0.19881355932203393
5997,175,15.51,0.08862857142857143
5998,185,39.33,0.2125945945945946
5999,173,30.049999999999997,0.1736994219653179
6000,178,17.170000000000005,0.0964606741573034
6001,172,29.049999999999994,0.16889534883720927
6002,170,13.300000000000004,0.07823529411764708
6003,156,25.31,0.16224358974358974
6004,184,73.77000000000001,0.4009239130434783
6005,179,25.449999999999996,0.14217877094972065
6006,177,12.639999999999997,0.07141242937853105
6007,188,54.43,0.28952127659574467
6008,176,4.23,0.02403409090909091
6009,174,-10.770000000000003,-0.06189655172413795
6010,175,-28.39,-0.16222857142857144
6011,182,48.209999999999994,0.26489010989010986
6012,182,1.669999999999999,0.00917582417582417
6013,183,29.279999999999994,0.15999999999999998
6014,171,-10.590000000000003,-0.06192982456140353
6015,171,30.769999999999996,0.17994152046783624
6016,179,26.23,0.14653631284916202
6017,179,34.989999999999995,0.1954748603351955
6018,180,6.700000000000001,0.037222222222222226
6019,188,-24.330000000000005,-0.1294148936170213
6020,180,55.21,0.30672222222222223
6021,177,-57.81,-0.32661016949152544
6022,174,66.69000000000001,0.3832758620689656
6023,177,-2.8200000000000003,-0.01593220338983051
6024,184,-11.089999999999996,-0.060271739130434765
6025,184,20.700000000000003,0.11250000000000002
6026,185,-11.09,-0.05994594594594595
6027,180,2.0500000000000043,0.011388888888888912
6028,184,21.609999999999996,0.11744565217391302
6029,186,38.0,0.20430107526881722
6030,172,-5.960000000000001,-0.03465116279069768
6031,183,27.23,0.1487978142076503
6032,173,-28.070000000000004,-0.16225433526011562
6033,167,-27.34,-0.1637125748502994
6034,192,37.580000000000005,0.1957291666666667
6035,178,20.099999999999998,0.11292134831460673
6036,178,-25.1,-0.14101123595505619
6037,188,-22.720000000000002,-0.12085106382978725
6038,179,25.529999999999994,0.1426256983240223
6039,187,-28.890000000000004,-0.15449197860962569
6040,181,25.500000000000004,0.14088397790055252
6041,177,11.840000000000007,0.06689265536723167
6042,169,33.39000000000001,0.19757396449704145
6043,184,17.130000000000003,0.09309782608695653
6044,178,3.8399999999999945,0.021573033707865136
6045,187,-1.0600000000000023,-0.005668449197860975
6046,180,7.75,0.043055555555555555
6047,175,-51.72,-0.29554285714285716
6048,179,20.5,0.11452513966480447
6049,174,28.559999999999995,0.16413793103448274
6050,174,-22.029999999999994,-0.1266091954022988
6051,183,60.42,0.33016393442622954
6052,179,41.3,0.2307262569832402
6053,175,12.489999999999998,0.07137142857142856
6054,182,40.92,0.22483516483516486
6055,184,-4.320000000000002,-0.02347826086956523
6056,173,-69.78,-0.40335260115606936
6057,169,-12.990000000000002,-0.0768639053254438
6058,185,38.760000000000005,0.20951351351351355
6059,171,-17.449999999999996,-0.10204678362573097
6060,180,56.22,0.31233333333333335
6061,181,15.23,0.08414364640883978
6062,179,-3.2600000000000016,-0.018212290502793306
6063,178,32.44,0.18224719101123593
6064,178,12.290000000000001,0.06904494382022472
6065,173,-4.639999999999997,-0.026820809248554896
6066,175,55.17,0.31525714285714285
6067,181,40.78,0.22530386740331493
6068,181,22.97,0.1269060773480663
6069,181,-18.0,-0.09944751381215469
6070,172,13.619999999999997,0.07918604651162789
6071,173,-15.279999999999998,-0.0883236994219653
6072,179,50.040000000000006,0.27955307262569834
6073,186,23.21,0.12478494623655914
6074,192,28.879999999999995,0.15041666666666664
6075,185,58.39999999999999,0.3156756756756756
6076,179,39.900000000000006,0.22290502793296094
6077,178,41.349999999999994,0.23230337078651683
6078,168,17.610000000000003,0.1048214285714286
6079,172,-20.57,-0.11959302325581396
6080,184,-2.4599999999999937,-0.01336956521739127
6081,193,30.4,0.15751295336787563
6082,170,-12.349999999999998,-0.0726470588235294
6083,166,20.710000000000008,0.12475903614457837
6084,177,8.36,0.04723163841807909
6085,192,-12.259999999999994,-0.06385416666666664
6086,189,25.08,0.13269841269841268
6087,191,-19.349999999999998,-0.1013089005235602
6088,182,5.26,0.0289010989010989
6089,164,9.140000000000004,0.05573170731707319
6090,184,7.710000000000001,0.04190217391304348
6091,170,5.129999999999997,0.030176470588235277
6092,173,-11.649999999999999,-0.06734104046242774
6093,177,1.9999999999999947,0.011299435028248558
6094,173,-12.15999999999999,-0.0702890173410404
6095,190,57.410000000000004,0.3021578947368421
6096,168,-2.569999999999993,-0.015297619047619008
6097,166,64.22999999999999,0.3869277108433734
6098,176,37.81,0.21482954545454547
6099,190,87.5,0.4605263157894737
6100,181,-13.670000000000005,-0.07552486187845307
6101,198,-10.490000000000002,-0.05297979797979799
6102,170,-55.53,-0.3266470588235294
6103,177,7.639999999999997,0.04316384180790959
6104,188,29.099999999999998,0.15478723404255318
6105,183,-3.4800000000000004,-0.01901639344262295
6106,188,-33.59,-0.17867021276595746
6107,192,15.829999999999995,0.08244791666666663
6108,189,-26.63000000000001,-0.14089947089947094
6109,168,15.810000000000006,0.09410714285714289
6110,169,-25.830000000000005,-0.15284023668639057
6111,180,-11.909999999999998,-0.06616666666666665
6112,182,47.63,0.26170329670329673
6113,177,-11.079999999999998,-0.06259887005649717
6114,175,22.78,0.13017142857142858
6115,176,56.389999999999986,0.3203977272727272
6116,179,-29.560000000000002,-0.1651396648044693
6117,178,10.060000000000002,0.05651685393258428
6118,177,-46.75,-0.2641242937853107
6119,181,46.32,0.25591160220994474
6120,178,58.60999999999999,0.3292696629213483
6121,178,-8.430000000000007,-0.04735955056179779
6122,180,37.80999999999999,0.2100555555555555
6123,174,7.099999999999998,0.040804597701149414
6124,182,1.879999999999999,0.010329670329670325
6125,179,6.07,0.033910614525139667
6126,172,72.84,0.42348837209302326
6127,182,26.93,0.14796703296703295
6128,188,14.11,0.0750531914893617
6129,170,-33.26,-0.1956470588235294
6130,174,0.5899999999999981,0.0033908045977011384
6131,173,19.349999999999994,0.11184971098265893
6132,185,44.029999999999994,0.23799999999999996
6133,179,28.129999999999995,0.15715083798882679
6134,180,26.400000000000006,0.1466666666666667
6135,184,76.37,0.41505434782608697
6136,177,-7.799999999999999,-0.044067796610169484
6137,181,22.669999999999995,0.12524861878453036
6138,177,29.810000000000002,0.1684180790960452
6139,175,-6.719999999999995,-0.038399999999999976
6140,171,30.109999999999996,0.17608187134502923
6141,184,8.950000000000003,0.048641304347826105
6142,170,-9.02,-0.05305882352941176
6143,170,-27.209999999999997,-0.16005882352941175
6144,172,15.919999999999998,0.0925581395348837
6145,184,70.03,0.3805978260869565
6146,185,-27.730000000000004,-0.14989189189189192
6147,186,0.8499999999999943,0.004569892473118249
6148,190,-12.700000000000003,-0.06684210526315791
6149,183,-17.779999999999998,-0.09715846994535518
6150,182,35.42999999999999,0.19467032967032963
6151,185,54.61,0.2951891891891892
6152,179,-10.610000000000008,-0.059273743016759826
6153,173,11.11,0.06421965317919075
6154,190,30.000000000000004,0.15789473684210528
6155,179,9.609999999999996,0.053687150837988806
6156,188,-27.83,-0.148031914893617
6157,175,40.48000000000002,0.2313142857142858
6158,174,20.449999999999996,0.11752873563218388
6159,179,16.950000000000003,0.09469273743016761
6160,188,25.340000000000003,0.13478723404255322
6161,175,7.41,0.04234285714285714
6162,179,32.62,0.18223463687150837
6163,178,-17.430000000000003,-0.09792134831460676
6164,169,15.600000000000001,0.09230769230769231
6165,185,-21.6,-0.11675675675675676
6166,181,22.229999999999997,0.12281767955801104
6167,169,-32.019999999999996,-0.18946745562130174
6168,175,29.89,0.1708
6169,181,32.75,0.18093922651933703
6170,182,72.61,0.39895604395604395
6171,174,-8.88,-0.05103448275862069
6172,198,-4.149999999999999,-0.020959595959595952
6173,192,38.989999999999995,0.20307291666666663
6174,173,0.6999999999999993,0.00404624277456647
6175,176,-53.21999999999999,-0.30238636363636356
6176,186,1.0399999999999991,0.005591397849462361
6177,170,13.169999999999995,0.07747058823529408
6178,165,-16.1,-0.09757575757575758
6179,183,12.849999999999998,0.07021857923497267
6180,174,-12.200000000000003,-0.07011494252873565
6181,182,-9.289999999999994,-0.05104395604395601
6182,177,20.58,0.11627118644067795
6183,174,18.240000000000002,0.10482758620689657
6184,188,10.54,0.05606382978723404
6185,170,-11.869999999999997,-0.06982352941176469
6186,176,74.17999999999999,0.4214772727272727
6187,173,26.780000000000005,0.1547976878612717
6188,168,-37.06,-0.22059523809523812
6189,166,-13.57,-0.08174698795180724
6190,183,-21.389999999999993,-0.1168852459016393
6191,185,22.020000000000003,0.11902702702702704
6192,180,55.89000000000001,0.31050000000000005
6193,175,34.099999999999994,0.1948571428571428
6194,178,-16.839999999999996,-0.09460674157303368
6195,174,-12.409999999999993,-0.07132183908045973
6196,179,-15.620000000000005,-0.08726256983240226
6197,180,-6.2499999999999964,-0.0347222222222222
6198,179,7.98,0.044581005586592184
6199,184,70.95,0.38559782608695653
6200,179,-2.4299999999999926,-0.013575418994413366
6201,179,3.4499999999999993,0.019273743016759774
6202,164,-21.769999999999996,-0.13274390243902437
6203,174,4.690000000000001,0.026954022988505754
6204,193,4.029999999999998,0.020880829015544028
6205,175,17.129999999999995,0.09788571428571426
6206,186,32.010000000000005,0.1720967741935484
6207,173,-48.540000000000006,-0.280578034682081
6208,180,25.069999999999997,0.13927777777777775
6209,171,-29.75,-0.1739766081871345
6210,184,23.93999999999999,0.13010869565217387
6211,171,-8.659999999999995,-0.050643274853801136
6212,182,-15.010000000000002,-0.08247252747252748
6213,184,58.52,0.3180434782608696
6214,176,16.519999999999992,0.09386363636363632
6215,174,18.77,0.1078735632183908
6216,182,21.31,0.11708791208791208
6217,185,37.47,0.20254054054054055
6218,189,28.219999999999995,0.14931216931216929
6219,196,48.519999999999996,0.24755102040816324
6220,170,61.7,0.36294117647058827
6221,184,-9.329999999999998,-0.05070652173913043
6222,191,-1.3299999999999983,-0.006963350785340305
6223,178,-6.270000000000001,-0.035224719101123604
6224,174,6.430000000000001,0.03695402298850575
6225,182,-17.820000000000007,-0.09791208791208796
6226,185,47.04999999999998,0.2543243243243242
6227,177,11.940000000000001,0.06745762711864407
6228,194,27.509999999999998,0.14180412371134019
6229,191,16.59,0.0868586387434555
6230,187,69.19999999999999,0.3700534759358288
6231,176,33.260000000000005,0.18897727272727274
6232,178,-21.86,-0.12280898876404495
6233,181,28.200000000000006,0.15580110497237573
6234,174,51.88000000000001,0.29816091954022994
6235,180,68.33,0.3796111111111111
6236,184,-7.48,-0.04065217391304348
6237,185,3.190000000000005,0.017243243243243268
6238,165,52.02000000000001,0.3152727272727273
6239,183,62.019999999999996,0.3389071038251366
6240,178,-20.770000000000003,-0.11668539325842699
6241,183,14.809999999999997,0.08092896174863386
6242,180,2.1300000000000017,0.011833333333333343
6243,172,-11.789999999999996,-0.06854651162790695
6244,176,-9.560000000000002,-0.05431818181818183
6245,177,-12.679999999999996,-0.07163841807909602
6246,185,-0.879999999999999,-0.004756756756756751
6247,187,-15.620000000000008,-0.08352941176470592
6248,167,-25.709999999999994,-0.1539520958083832
6249,176,-0.9000000000000057,-0.005113636363636396
6250,180,10.46,0.05811111111111111
6251,174,32.36,0.18597701149425286
6252,168,20.61,0.12267857142857143
6253,185,13.45,0.0727027027027027
6254,176,62.43,0.3547159090909091
6255,189,37.79,0.19994708994708993
6256,189,45.14,0.23883597883597885
6257,183,87.94,0.4805464480874317
6258,178,-4.800000000000001,-0.026966292134831465
6259,177,32.82000000000001,0.18542372881355937
6260,182,-1.5599999999999987,-0.008571428571428565
6261,174,82.56,0.47448275862068967
6262,174,14.310000000000006,0.08224137931034486
6263,176,25.869999999999997,0.14698863636363635
6264,180,62.33,0.3462777777777778
6265,189,-7.0000000000000036,-0.037037037037037056
6266,196,-13.650000000000006,-0.06964285714285717
6267,176,30.189999999999998,0.17153409090909089
6268,180,0.5299999999999971,0.0029444444444444284
6269,192,-1.690000000000003,-0.00880208333333335
6270,179,17.250000000000004,0.0963687150837989
6271,185,0.9600000000000009,0.005189189189189194
6272,176,65.66999999999999,0.37312499999999993
6273,176,-44.370000000000005,-0.25210227272727276
6274,190,11.600000000000001,0.06105263157894738
6275,172,-10.879999999999999,-0.06325581395348837
6276,186,12.960000000000004,0.06967741935483873
6277,179,-17.34,-0.09687150837988827
6278,185,1.9600000000000026,0.010594594594594609
6279,180,20.88,0.11599999999999999
6280,186,13.99,0.07521505376344086
6281,183,5.200000000000003,0.028415300546448103
6282,184,-26.609999999999996,-0.14461956521739128
6283,179,-14.959999999999997,-0.0835754189944134
6284,176,36.370000000000005,0.2066477272727273
6285,181,2.5799999999999947,0.01425414364640881
6286,189,84.41999999999999,0.4466666666666666
6287,177,8.550000000000002,0.04830508474576273
6288,190,35.59000000000001,0.18731578947368427
6289,188,-24.85,-0.1321808510638298
6290,192,-7.0400000000000045,-0.03666666666666669
6291,202,33.48,0.16574257425742572
6292,188,-45.22,-0.24053191489361703
6293,170,8.290000000000001,0.048764705882352946
6294,178,56.099999999999994,0.31516853932584266
6295,172,-42.87,-0.2492441860465116
6296,162,-10.249999999999996,-0.06327160493827158
6297,187,-25.47,-0.13620320855614973
6298,183,20.020000000000003,0.10939890710382516
6299,175,-34.88,-0.19931428571428572
6300,172,81.35,0.47296511627906973
6301,183,38.870000000000005,0.2124043715846995
6302,172,-66.57,-0.3870348837209302
6303,175,-37.67999999999999,-0.21531428571428568
6304,187,-27.12,-0.14502673796791443
6305,194,56.29999999999998,0.2902061855670102
6306,175,68.48999999999998,0.3913714285714285
6307,194,12.629999999999999,0.06510309278350515
6308,182,67.28999999999999,0.36972527472527467
6309,181,18.36,0.10143646408839779
6310,191,5.399999999999995,0.028272251308900497
6311,185,-40.52,-0.21902702702702703
6312,174,10.410000000000002,0.059827586206896564
6313,178,35.71,0.20061797752808988
6314,177,27.08,0.15299435028248587
6315,183,9.189999999999998,0.050218579234972666
6316,165,14.929999999999996,0.09048484848484846
6317,165,-9.379999999999999,-0.05684848484848484
6318,188,64.6,0.3436170212765957
6319,179,33.71,0.18832402234636872
6320,182,8.319999999999997,0.04571428571428569
6321,183,-49.870000000000005,-0.27251366120218584
6322,183,-22.759999999999998,-0.12437158469945354
6323,176,49.25,0.27982954545454547
6324,200,28.659999999999997,0.14329999999999998
6325,182,-16.52,-0.09076923076923077
6326,176,46.86,0.26625
6327,176,16.599999999999998,0.0943181818181818
6328,184,31.269999999999996,0.16994565217391303
6329,189,20.029999999999998,0.10597883597883596
6330,182,-17.169999999999995,-0.09434065934065931
6331,178,9.349999999999998,0.05252808988764044
6332,179,20.53,0.1146927374301676
6333,184,22.43,0.12190217391304348
6334,174,12.169999999999998,0.06994252873563217
6335,176,3.9099999999999966,0.02221590909090907
6336,181,43.43000000000001,0.23994475138121552
6337,190,52.42999999999999,0.2759473684210526
6338,176,17.159999999999997,0.09749999999999998
6339,180,8.020000000000003,0.04455555555555557
6340,192,42.48,0.22124999999999997
6341,196,14.179999999999993,0.07234693877551017
6342,168,5.619999999999997,0.033452380952380935
6343,167,-11.83,-0.07083832335329342
6344,173,-24.41,-0.14109826589595376
6345,185,4.349999999999984,0.023513513513513426
6346,176,-23.96,-0.13613636363636364
6347,180,34.11000000000001,0.18950000000000003
6348,182,20.11,0.11049450549450548
6349,185,23.65,0.12783783783783784
6350,193,43.610000000000014,0.225958549222798
6351,185,-32.39,-0.17508108108108109
6352,182,-3.960000000000001,-0.021758241758241762
6353,183,-26.550000000000004,-0.14508196721311478
6354,171,0.1100000000000021,0.0006432748538011819
6355,180,-18.169999999999995,-0.10094444444444442
6356,191,-12.55,-0.06570680628272252
6357,182,4.150000000000006,0.022802197802197832
6358,185,7.310000000000004,0.03951351351351354
6359,168,73.55000000000001,0.4377976190476191
6360,182,-5.620000000000001,-0.030879120879120883
6361,178,-3.3400000000000034,-0.018764044943820245
6362,169,67.47999999999999,0.3992899408284023
6363,187,26.87,0.14368983957219253
6364,193,18.379999999999995,0.09523316062176164
6365,181,-6.590000000000001,-0.03640883977900553
6366,183,16.34,0.08928961748633879
6367,188,11.749999999999998,0.06249999999999999
6368,173,-43.470000000000006,-0.25127167630057806
6369,190,36.44999999999999,0.19184210526315784
6370,170,25.799999999999994,0.1517647058823529
6371,175,-6.070000000000001,-0.03468571428571429
6372,186,9.249999999999996,0.04973118279569891
6373,179,19.880000000000003,0.1110614525139665
6374,176,47.82999999999999,0.2717613636363636
6375,184,-22.56,-0.1226086956521739
6376,183,-41.33999999999999,-0.22590163934426225
6377,171,21.189999999999998,0.12391812865497075
6378,179,15.620000000000003,0.08726256983240226
6379,186,8.120000000000001,0.04365591397849463
6380,164,27.980000000000004,0.170609756097561
6381,179,-15.380000000000006,-0.08592178770949724
6382,183,-45.39,-0.2480327868852459
6383,187,18.68,0.09989304812834224
6384,189,57.870000000000005,0.30619047619047624
6385,184,33.44,0.1817391304347826
6386,175,37.03,0.2116
6387,172,-6.580000000000002,-0.038255813953488385
6388,173,57.61,0.3330057803468208
6389,176,-26.90999999999999,-0.1528977272727272
6390,188,28.59,0.15207446808510638
6391,176,-28.400000000000002,-0.16136363636363638
6392,187,18.240000000000002,0.09754010695187167
6393,174,1.5500000000000007,0.008908045977011498
6394,188,-24.640000000000004,-0.13106382978723408
6395,174,0.7600000000000051,0.004367816091954052
6396,190,42.33,0.2227894736842105
6397,182,60.88,0.3345054945054945
6398,171,48.389999999999986,0.2829824561403508
6399,188,-19.25,-0.1023936170212766
6400,184,38.480000000000004,0.2091304347826087
6401,176,48.349999999999994,0.27471590909090904
6402,197,12.049999999999997,0.061167512690355315
6403,194,-10.419999999999998,-0.05371134020618556
6404,167,10.100000000000001,0.060479041916167674
6405,183,4.490000000000002,0.02453551912568307
6406,180,21.569999999999997,0.11983333333333332
6407,180,19.749999999999993,0.10972222222222218
6408,171,-1.1199999999999974,-0.0065497076023391665
6409,188,2.4499999999999993,0.013031914893617018
6410,180,9.969999999999999,0.05538888888888888
6411,177,27.89,0.15757062146892656
6412,180,24.619999999999997,0.13677777777777778
6413,179,-13.93,-0.07782122905027933
6414,174,-26.860000000000003,-0.15436781609195405
6415,180,3.389999999999996,0.018833333333333313
6416,184,-6.939999999999998,-0.037717391304347814
6417,184,21.750000000000007,0.11820652173913047
6418,180,-4.02,-0.02233333333333333
6419,180,-5.8799999999999955,-0.03266666666666664
6420,177,34.540000000000006,0.19514124293785315
6421,181,-9.600000000000001,-0.05303867403314918
6422,185,5.420000000000002,0.029297297297297308
6423,178,17.729999999999997,0.09960674157303369
6424,177,-24.28000000000001,-0.1371751412429379
6425,191,-42.470000000000006,-0.22235602094240842
6426,181,11.850000000000001,0.06546961325966852
6427,184,44.040000000000006,0.23934782608695657
6428,178,41.42999999999999,0.232752808988764
6429,175,-13.82,-0.07897142857142857
6430,179,9.129999999999999,0.05100558659217876
6431,179,3.530000000000001,0.01972067039106146
6432,162,-3.119999999999999,-0.019259259259259254
6433,194,-22.050000000000004,-0.11365979381443302
6434,189,6.020000000000001,0.03185185185185186
6435,180,16.75999999999999,0.09311111111111106
6436,172,38.64,0.2246511627906977
6437,184,-21.439999999999998,-0.11652173913043477
6438,186,-9.559999999999999,-0.051397849462365586
6439,175,-23.2,-0.13257142857142856
6440,172,10.170000000000002,0.05912790697674419
6441,190,2.530000000000001,0.013315789473684217
6442,186,-12.95,-0.0696236559139785
6443,190,11.990000000000002,0.06310526315789475
6444,178,-2.8200000000000003,-0.015842696629213483
6445,177,49.18,0.27785310734463275
6446,181,12.540000000000003,0.06928176795580113
6447,166,64.97,0.3913855421686747
6448,183,3.5199999999999942,0.019234972677595597
6449,172,-18.720000000000002,-0.1088372093023256
6450,182,16.330000000000002,0.08972527472527474
6451,192,-4.710000000000001,-0.024531250000000004
6452,168,-1.7100000000000009,-0.010178571428571434
6453,180,58.25,0.3236111111111111
6454,180,-1.4900000000000002,-0.00827777777777778
6455,180,-12.130000000000003,-0.0673888888888889
6456,171,-20.38,-0.1191812865497076
6457,188,-1.9299999999999997,-0.01026595744680851
6458,182,-21.560000000000002,-0.11846153846153848
6459,183,24.259999999999998,0.13256830601092895
6460,178,7.52,0.04224719101123595
6461,167,62.18,0.37233532934131736
6462,175,20.310000000000002,0.11605714285714287
6463,187,44.22,0.2364705882352941
6464,184,15.209999999999999,0.08266304347826087
6465,178,-25.6,-0.14382022471910114
6466,170,39.47999999999999,0.232235294117647
6467,172,-25.7,-0.14941860465116277
6468,176,-9.110000000000001,-0.05176136363636364
6469,169,12.650000000000002,0.07485207100591718
6470,168,-19.76,-0.11761904761904762
6471,174,21.680000000000003,0.12459770114942531
6472,163,-2.7399999999999984,-0.016809815950920237
6473,176,14.890000000000004,0.08460227272727275
6474,185,-14.019999999999996,-0.07578378378378377
6475,168,44.78,0.26654761904761903
6476,170,-11.17,-0.06570588235294117
6477,182,78.22,0.4297802197802198
6478,184,4.300000000000002,0.02336956521739131
6479,172,23.290000000000003,0.13540697674418606
6480,168,7.100000000000001,0.04226190476190477
6481,182,66.00999999999999,0.36269230769230765
6482,180,42.959999999999994,0.23866666666666664
6483,180,-1.5599999999999952,-0.00866666666666664
6484,174,18.480000000000004,0.10620689655172416
6485,174,1.7900000000000098,0.010287356321839136
6486,174,26.31,0.15120689655172412
6487,182,32.68,0.17956043956043957
6488,174,-27.31,-0.15695402298850575
6489,182,40.790000000000006,0.22412087912087916
6490,176,65.08,0.36977272727272725
6491,170,-8.18000000000001,-0.04811764705882359
6492,177,83.57000000000001,0.4721468926553673
6493,188,-63.69999999999999,-0.3388297872340425
6494,187,20.109999999999992,0.10754010695187162
6495,192,-17.840000000000003,-0.09291666666666669
6496,179,57.900000000000006,0.323463687150838
6497,182,-28.270000000000007,-0.15532967032967038
6498,182,24.619999999999997,0.13527472527472525
6499,185,47.720000000000006,0.257945945945946
6500,172,-43.82,-0.2547674418604651
6501,180,-31.1,-0.17277777777777778
6502,171,0.34999999999999876,0.002046783625730987
6503,175,63.14999999999999,0.3608571428571428
6504,173,-26.26999999999999,-0.1518497109826589
6505,173,-44.11,-0.2549710982658959
6506,175,33.919999999999995,0.1938285714285714
6507,193,17.389999999999993,0.09010362694300515
6508,181,14.189999999999994,0.07839779005524859
6509,167,0.2900000000000009,0.00173652694610779
6510,181,-48.92,-0.2702762430939227
6511,175,46.76,0.2672
6512,181,13.449999999999996,0.07430939226519334
6513,186,4.099999999999998,0.02204301075268816
6514,177,-20.620000000000005,-0.11649717514124297
6515,182,-35.41,-0.19456043956043953
6516,174,-15.559999999999999,-0.08942528735632183
6517,168,18.539999999999992,0.1103571428571428
6518,185,43.279999999999994,0.23394594594594592
6519,183,-11.879999999999999,-0.06491803278688524
6520,179,38.230000000000004,0.21357541899441343
6521,188,-25.219999999999988,-0.1341489361702127
6522,180,4.720000000000002,0.026222222222222237
6523,177,16.159999999999997,0.09129943502824857
6524,184,50.19,0.2727717391304348
6525,177,49.809999999999995,0.28141242937853106
6526,184,20.750000000000004,0.1127717391304348
6527,187,20.67,0.11053475935828878
6528,180,-36.83999999999999,-0.2046666666666666
6529,184,32.33,0.17570652173913043
6530,172,-8.559999999999999,-0.04976744186046511
6531,173,-55.879999999999995,-0.32300578034682076
6532,177,22.280000000000005,0.1258757062146893
6533,177,-12.48,-0.07050847457627119
6534,183,59.65,0.3259562841530055
6535,187,22.65,0.1211229946524064
6536,173,40.419999999999995,0.2336416184971098
6537,187,17.33,0.09267379679144384
6538,182,-12.78,-0.07021978021978022
6539,182,28.130000000000006,0.1545604395604396
6540,177,-10.140000000000002,-0.05728813559322035
6541,168,19.07,0.11351190476190476
6542,182,2.3599999999999994,0.012967032967032964
6543,185,-17.419999999999995,-0.09416216216216214
6544,170,39.739999999999995,0.2337647058823529
6545,175,36.25999999999999,0.20719999999999994
6546,191,-24.5,-0.12827225130890052
6547,174,2.0999999999999996,0.012068965517241377
6548,180,45.690000000000005,0.25383333333333336
6549,190,-13.319999999999997,-0.07010526315789473
6550,176,29.86,0.1696590909090909
6551,177,47.0,0.2655367231638418
6552,180,54.089999999999996,0.3005
6553,186,63.010000000000005,0.3387634408602151
6554,180,36.21,0.20116666666666666
6555,188,-60.33,-0.3209042553191489
6556,186,20.729999999999997,0.11145161290322579
6557,171,7.450000000000003,0.043567251461988324
6558,181,25.300000000000008,0.13977900552486192
6559,178,23.549999999999994,0.13230337078651683
6560,179,1.4299999999999997,0.007988826815642457
6561,180,-4.809999999999995,-0.026722222222222196
6562,172,61.109999999999985,0.3552906976744185
6563,175,-1.9699999999999918,-0.01125714285714281
6564,179,-8.38,-0.04681564245810056
6565,188,49.93,0.2655851063829787
6566,176,-23.409999999999997,-0.13301136363636362
6567,171,21.560000000000002,0.12608187134502924
6568,188,-11.730000000000011,-0.06239361702127665
6569,182,38.41999999999999,0.21109890109890103
6570,177,72.41999999999999,0.4091525423728813
6571,176,28.010000000000005,0.1591477272727273
6572,185,-36.040000000000006,-0.19481081081081084
6573,183,19.559999999999995,0.10688524590163932
6574,177,67.38,0.3806779661016949
6575,181,4.079999999999998,0.022541436464088387
6576,186,31.65,0.17016129032258065
6577,176,-3.8800000000000026,-0.02204545454545456
6578,181,42.47,0.23464088397790053
6579,189,-16.869999999999997,-0.08925925925925925
6580,173,-7.720000000000002,-0.04462427745664741
6581,189,1.0,0.005291005291005291
6582,168,10.68,0.06357142857142857
6583,176,81.9,0.46534090909090914
6584,184,30.810000000000006,0.16744565217391308
6585,183,58.16,0.3178142076502732
6586,176,-16.729999999999997,-0.09505681818181816
6587,175,16.41,0.09377142857142858
6588,172,13.309999999999999,0.07738372093023255
6589,185,-36.730000000000004,-0.19854054054054057
6590,180,-1.8200000000000003,-0.010111111111111112
6591,175,26.28,0.15017142857142857
6592,184,29.570000000000004,0.16070652173913044
6593,181,-5.039999999999999,-0.02784530386740331
6594,194,-24.700000000000006,-0.127319587628866
6595,181,21.94,0.12121546961325967
6596,177,37.730000000000004,0.21316384180790962
6597,193,39.63999999999999,0.2053886010362694
6598,186,-13.800000000000002,-0.07419354838709678
6599,185,-11.870000000000001,-0.06416216216216217
6600,183,7.259999999999998,0.03967213114754097
6601,176,-5.970000000000002,-0.03392045454545456
6602,187,-0.6500000000000057,-0.003475935828877036
6603,173,-5.16,-0.029826589595375725
6604,189,-7.669999999999998,-0.04058201058201057
6605,182,33.16,0.18219780219780218
6606,188,33.709999999999994,0.17930851063829784
6607,191,0.21999999999999176,0.0011518324607329412
6608,184,52.309999999999995,0.28429347826086954
6609,181,34.37,0.1898895027624309
6610,173,8.049999999999999,0.04653179190751444
6611,190,-0.7899999999999965,-0.004157894736842087
6612,184,-24.59,-0.1336413043478261
6613,184,-17.010000000000005,-0.09244565217391307
6614,174,28.09999999999999,0.16149425287356317
6615,182,-21.390000000000008,-0.11752747252747257
6616,178,12.3,0.06910112359550562
6617,180,-7.159999999999995,-0.03977777777777775
6618,175,-0.41999999999999904,-0.0023999999999999946
6619,184,58.81999999999999,0.3196739130434782
6620,197,23.130000000000003,0.11741116751269037
6621,185,21.91,0.11843243243243243
6622,184,13.319999999999999,0.07239130434782608
6623,173,19.11,0.11046242774566474
6624,178,-25.019999999999996,-0.14056179775280897
6625,185,-13.27,-0.07172972972972973
6626,188,13.859999999999994,0.07372340425531912
6627,163,6.209999999999991,0.0380981595092024
6628,185,-15.380000000000006,-0.08313513513513517
6629,176,18.000000000000004,0.10227272727272729
6630,179,26.41,0.14754189944134077
6631,177,-17.18,-0.09706214689265537
6632,179,-1.3100000000000023,-0.007318435754189957
6633,192,15.700000000000003,0.08177083333333335
6634,183,4.129999999999999,0.022568306010928955
6635,175,20.470000000000006,0.1169714285714286
6636,169,52.540000000000006,0.31088757396449707
6637,180,2.0199999999999987,0.011222222222222215
6638,180,31.009999999999998,0.17227777777777778
6639,174,0.3699999999999992,0.0021264367816091908
6640,173,55.57000000000001,0.32121387283236996
6641,171,-10.959999999999994,-0.06409356725146195
6642,197,43.099999999999994,0.21878172588832484
6643,185,-14.300000000000004,-0.07729729729729733
6644,184,7.599999999999998,0.04130434782608695
6645,175,6.169999999999998,0.03525714285714285
6646,185,22.17,0.11983783783783784
6647,172,14.850000000000005,0.08633720930232561
6648,189,-26.79,-0.14174603174603173
6649,177,-19.799999999999997,-0.111864406779661
6650,185,14.45,0.0781081081081081
6651,174,15.719999999999997,0.09034482758620688
6652,183,28.949999999999996,0.15819672131147539
6653,171,-30.79,-0.18005847953216375
6654,172,-34.07,-0.1980813953488372
6655,180,-11.780000000000005,-0.06544444444444447
6656,168,-9.910000000000007,-0.058988095238095284
6657,186,-5.7500000000000036,-0.030913978494623674
6658,181,0.6599999999999966,0.0036464088397789867
6659,184,19.84,0.10782608695652174
6660,178,34.88,0.1959550561797753
6661,183,-10.109999999999992,-0.05524590163934422
6662,178,8.5,0.047752808988764044
6663,177,-16.790000000000003,-0.09485875706214691
6664,170,60.45,0.35558823529411765
6665,177,5.339999999999997,0.030169491525423715
6666,169,-3.4200000000000017,-0.020236686390532554
6667,178,58.07000000000001,0.3262359550561798
6668,189,5.990000000000009,0.03169312169312174
6669,177,86.25,0.4872881355932203
6670,176,4.640000000000004,0.026363636363636388
6671,184,4.139999999999997,0.022499999999999985
6672,172,30.22,0.17569767441860465
6673,174,7.16,0.04114942528735632
6674,168,-9.670000000000003,-0.05755952380952383
6675,188,45.94,0.24436170212765956
6676,184,35.01,0.19027173913043477
6677,179,80.01,0.4469832402234637
6678,178,77.28,0.4341573033707865
6679,180,32.31,0.17950000000000002
6680,171,11.600000000000003,0.06783625730994154
6681,167,25.34,0.15173652694610779
6682,173,37.24999999999999,0.21531791907514447
6683,172,93.91,0.5459883720930232
6684,171,62.589999999999996,0.3660233918128655
6685,176,-25.75,-0.14630681818181818
6686,174,3.850000000000005,0.022126436781609225
6687,171,-13.039999999999996,-0.07625730994152044
6688,193,67.57,0.3501036269430051
6689,168,-32.19,-0.19160714285714284
6690,171,10.59,0.06192982456140351
6691,185,-6.59,-0.03562162162162162
6692,177,36.37,0.20548022598870055
6693,185,7.229999999999997,0.03908108108108106
6694,181,2.2199999999999953,0.01226519337016572
6695,177,17.010000000000012,0.0961016949152543
6696,183,-2.3599999999999994,-0.012896174863387976
6697,170,-8.559999999999999,-0.05035294117647058
6698,176,7.449999999999999,0.04232954545454545
6699,168,4.750000000000002,0.028273809523809534
6700,169,-3.1999999999999997,-0.018934911242603547
6701,177,77.56,0.43819209039548024
6702,184,40.730000000000004,0.22135869565217395
6703,184,17.96,0.09760869565217392
6704,172,-10.659999999999998,-0.061976744186046505
6705,182,-12.580000000000004,-0.06912087912087914
6706,181,-1.1099999999999994,-0.0061325966850828695
6707,185,48.21,0.2605945945945946
6708,193,35.87,0.18585492227979272
6709,186,35.88999999999999,0.1929569892473118
6710,180,14.470000000000006,0.08038888888888893
6711,178,-9.750000000000005,-0.054775280898876434
6712,192,24.119999999999994,0.12562499999999996
6713,190,2.659999999999993,0.013999999999999964
6714,192,14.059999999999999,0.07322916666666666
6715,181,28.07,0.1550828729281768
6716,187,16.779999999999994,0.08973262032085558
6717,172,-49.32,-0.28674418604651164
6718,177,-45.68000000000001,-0.2580790960451978
6719,184,-24.229999999999993,-0.13168478260869562
6720,179,-2.379999999999999,-0.013296089385474854
6721,171,48.76,0.28514619883040937
6722,182,5.230000000000004,0.02873626373626376
6723,181,27.679999999999993,0.15292817679558007
6724,185,50.099999999999994,0.27081081081081076
6725,182,32.900000000000006,0.1807692307692308
6726,183,5.7500000000000036,0.031420765027322425
6727,182,44.330000000000005,0.2435714285714286
6728,176,-43.839999999999996,-0.24909090909090906
6729,176,30.540000000000003,0.1735227272727273
6730,189,70.92999999999998,0.3752910052910052
6731,176,-28.340000000000007,-0.16102272727272732
6732,183,4.950000000000003,0.027049180327868867
6733,172,-20.850000000000005,-0.12122093023255817
6734,194,62.25999999999999,0.3209278350515463
6735,180,-32.75,-0.18194444444444444
6736,180,-7.419999999999998,-0.04122222222222221
6737,172,59.07000000000001,0.3434302325581396
6738,184,3.1999999999999993,0.017391304347826084
6739,182,-7.190000000000001,-0.03950549450549451
6740,181,43.41,0.2398342541436464
6741,189,21.950000000000003,0.11613756613756615
6742,183,21.920000000000005,0.11978142076502735
6743,176,-7.07,-0.040170454545454544
6744,177,46.97,0.2653672316384181
6745,189,-23.080000000000005,-0.12211640211640215
6746,173,10.659999999999998,0.06161849710982658
6747,192,8.0,0.041666666666666664
6748,181,-7.070000000000003,-0.039060773480663
6749,175,9.640000000000004,0.05508571428571431
6750,172,5.159999999999997,0.02999999999999998
6751,184,35.89000000000001,0.195054347826087
6752,181,72.47,0.4003867403314917
6753,188,14.460000000000004,0.0769148936170213
6754,181,15.129999999999999,0.08359116022099447
6755,177,12.419999999999998,0.07016949152542372
6756,169,51.79,0.30644970414201184
6757,173,65.86,0.3806936416184971
6758,185,23.14,0.1250810810810811
6759,179,-16.610000000000003,-0.0927932960893855
6760,173,-25.470000000000002,-0.14722543352601158
6761,175,56.5,0.32285714285714284
6762,174,52.78,0.30333333333333334
6763,189,38.22,0.20222222222222222
6764,178,-25.03,-0.14061797752808988
6765,188,27.749999999999993,0.14760638297872336
6766,184,-19.849999999999998,-0.10788043478260868
6767,174,-0.48999999999999666,-0.0028160919540229693
6768,179,-2.5200000000000014,-0.0140782122905028
6769,183,-25.18,-0.13759562841530054
6770,176,10.549999999999999,0.05994318181818181
6771,178,73.42,0.41247191011235956
6772,182,-6.280000000000005,-0.03450549450549453
6773,181,11.379999999999995,0.06287292817679556
6774,181,-6.120000000000001,-0.0338121546961326
6775,184,-20.87,-0.11342391304347826
6776,185,56.94,0.3077837837837838
6777,166,-17.35,-0.10451807228915663
6778,180,10.139999999999993,0.0563333333333333
6779,186,-36.43000000000001,-0.19586021505376347
6780,182,30.4,0.16703296703296702
6781,179,13.03,0.07279329608938546
6782,181,-34.31,-0.18955801104972378
6783,178,-43.400000000000006,-0.24382022471910114
6784,181,63.5,0.35082872928176795
6785,168,-33.29,-0.1981547619047619
6786,172,0.7799999999999949,0.004534883720930203
6787,185,11.64,0.06291891891891892
6788,177,19.39,0.10954802259887006
6789,188,16.979999999999997,0.0903191489361702
6790,171,30.829999999999995,0.18029239766081867
6791,180,38.56,0.21422222222222223
6792,181,-27.080000000000002,-0.1496132596685083
6793,182,-26.22,-0.14406593406593407
6794,186,34.73,0.18672043010752687
6795,174,23.029999999999998,0.13235632183908044
6796,184,-36.18,-0.1966304347826087
6797,187,42.31,0.2262566844919786
6798,186,32.73,0.17596774193548387
6799,193,3.1000000000000014,0.016062176165803115
6800,185,71.07,0.38416216216216215
6801,189,17.83,0.09433862433862433
6802,185,48.92,0.2644324324324324
6803,166,17.049999999999994,0.10271084337349394
6804,174,37.91,0.2178735632183908
6805,181,26.730000000000004,0.14767955801104973
6806,183,-50.45,-0.2756830601092896
6807,186,48.16000000000001,0.25892473118279574
6808,171,33.059999999999995,0.1933333333333333
6809,174,-22.01,-0.12649425287356322
6810,190,25.56,0.1345263157894737
6811,178,-40.809999999999995,-0.2292696629213483
6812,187,-3.1499999999999986,-0.01684491978609625
6813,185,-22.900000000000002,-0.1237837837837838
6814,179,5.800000000000001,0.03240223463687151
6815,189,-12.860000000000014,-0.06804232804232811
6816,166,30.519999999999996,0.18385542168674696
6817,179,53.62,0.2995530726256983
6818,180,16.39,0.09105555555555556
6819,188,-24.789999999999996,-0.13186170212765955
6820,176,7.440000000000003,0.04227272727272729
6821,192,44.129999999999995,0.22984374999999999
6822,184,8.320000000000007,0.04521739130434787
6823,172,-46.89999999999999,-0.27267441860465114
6824,185,69.17,0.3738918918918919
6825,171,-2.3900000000000006,-0.013976608187134506
6826,179,53.629999999999995,0.299608938547486
6827,180,30.260000000000005,0.16811111111111113
6828,183,-31.969999999999995,-0.17469945355191255
6829,173,39.57,0.22872832369942198
6830,181,-26.859999999999992,-0.14839779005524859
6831,181,11.459999999999997,0.06331491712707181
6832,189,22.770000000000003,0.12047619047619049
6833,182,-19.419999999999998,-0.10670329670329669
6834,176,-18.099999999999994,-0.10284090909090905
6835,178,-24.91,-0.1399438202247191
6836,180,8.78,0.048777777777777774
6837,202,14.640000000000002,0.07247524752475248
6838,179,-31.669999999999998,-0.17692737430167596
6839,174,5.490000000000005,0.03155172413793106
6840,171,-2.41,-0.01409356725146199
6841,186,47.62,0.25602150537634405
6842,179,-35.77,-0.19983240223463689
6843,175,44.69,0.2553714285714286
6844,179,17.98,0.10044692737430168
6845,167,10.550000000000004,0.06317365269461081
6846,179,-26.479999999999993,-0.14793296089385471
6847,180,-36.57,-0.20316666666666666
6848,189,2.180000000000005,0.01153439153439156
6849,176,5.039999999999999,0.02863636363636363
6850,181,18.839999999999996,0.10408839779005523
6851,180,-10.57,-0.058722222222222224
6852,186,-60.120000000000005,-0.3232258064516129
6853,183,49.709999999999994,0.271639344262295
6854,192,27.110000000000003,0.14119791666666667
6855,176,1.790000000000001,0.01017045454545455
6856,172,6.720000000000001,0.03906976744186047
6857,181,7.77,0.04292817679558011
6858,179,32.379999999999995,0.18089385474860334
6859,175,50.290000000000006,0.2873714285714286
6860,173,22.189999999999994,0.1282658959537572
6861,176,-6.569999999999995,-0.03732954545454543
6862,176,13.479999999999997,0.07659090909090907
6863,183,3.4800000000000004,0.01901639344262295
6864,189,31.6,0.1671957671957672
6865,190,-62.140000000000015,-0.32705263157894743
6866,184,-15.2,-0.08260869565217391
6867,182,46.709999999999994,0.2566483516483516
6868,186,34.699999999999996,0.1865591397849462
6869,169,3.630000000000001,0.021479289940828407
6870,176,21.46,0.12193181818181818
6871,182,5.580000000000005,0.03065934065934069
6872,175,1.3099999999999987,0.007485714285714279
6873,180,61.28,0.34044444444444444
6874,179,23.35,0.1304469273743017
6875,175,-32.21,-0.18405714285714286
6876,183,-10.990000000000002,-0.06005464480874318
6877,191,50.3,0.26335078534031414
6878,182,-13.23,-0.0726923076923077
6879,180,8.420000000000002,0.046777777777777786
6880,182,-9.170000000000002,-0.050384615384615396
6881,182,7.060000000000002,0.0387912087912088
6882,182,-3.3300000000000036,-0.018296703296703316
6883,184,52.400000000000006,0.2847826086956522
6884,187,61.07,0.3265775401069519
6885,180,-39.22,-0.21788888888888888
6886,187,32.260000000000005,0.17251336898395725
6887,168,-19.67,-0.11708333333333334
6888,174,26.640000000000004,0.1531034482758621
6889,172,-29.990000000000002,-0.1743604651162791
6890,186,0.5399999999999991,0.0029032258064516083
6891,176,-6.670000000000002,-0.037897727272727284
6892,182,35.63000000000001,0.19576923076923083
6893,184,52.03,0.2827717391304348
6894,180,17.149999999999995,0.09527777777777775
6895,185,-64.26,-0.34735135135135137
6896,179,33.349999999999994,0.18631284916201113
6897,180,-2.530000000000001,-0.014055555555555562
6898,181,11.540000000000001,0.06375690607734807
6899,174,89.99,0.517183908045977
6900,181,61.47,0.3396132596685083
6901,176,-12.069999999999997,-0.06857954545454543
6902,179,40.53,0.2264245810055866
6903,192,57.47999999999999,0.29937499999999995
6904,167,7.53,0.04508982035928144
6905,186,5.540000000000003,0.029784946236559154
6906,181,-16.66,-0.09204419889502763
6907,195,59.89000000000001,0.30712820512820516
6908,188,85.28,0.45361702127659576
6909,175,-59.2,-0.3382857142857143
6910,175,18.65,0.10657142857142857
6911,181,27.959999999999997,0.15447513812154695
6912,179,-12.889999999999997,-0.07201117318435753
6913,169,22.5,0.13313609467455623
6914,168,21.790000000000003,0.12970238095238096
6915,200,31.89,0.15945
6916,180,38.34,0.21300000000000002
6917,191,-2.919999999999998,-0.015287958115183237
6918,177,32.739999999999995,0.18497175141242936
6919,173,58.97,0.3408670520231214
6920,189,-7.98,-0.042222222222222223
6921,180,6.830000000000002,0.037944444444444454
6922,179,-17.599999999999998,-0.09832402234636871
6923,183,12.989999999999997,0.07098360655737702
6924,189,6.750000000000002,0.035714285714285726
6925,176,2.490000000000002,0.014147727272727284
6926,179,-8.87,-0.04955307262569832
6927,183,21.04,0.11497267759562842
6928,184,114.75,0.623641304347826
6929,179,42.70000000000001,0.2385474860335196
6930,175,35.56,0.20320000000000002
6931,186,37.91,0.20381720430107525
6932,165,17.31,0.1049090909090909
6933,182,29.19,0.1603846153846154
6934,177,43.58,0.24621468926553672
6935,176,4.059999999999999,0.02306818181818181
6936,175,-33.110000000000014,-0.1892000000000001
6937,180,-15.610000000000001,-0.08672222222222223
6938,189,-15.18,-0.08031746031746032
6939,172,60.040000000000006,0.3490697674418605
6940,189,45.440000000000005,0.24042328042328046
6941,183,-36.06000000000001,-0.19704918032786892
6942,181,9.110000000000007,0.05033149171270722
6943,177,-9.599999999999996,-0.0542372881355932
6944,174,61.099999999999994,0.35114942528735626
6945,186,-2.579999999999991,-0.013870967741935436
6946,174,0.7500000000000071,0.004310344827586248
6947,186,30.569999999999997,0.1643548387096774
6948,182,-24.259999999999998,-0.1332967032967033
6949,182,17.529999999999994,0.09631868131868128
6950,184,32.370000000000005,0.1759239130434783
6951,184,21.139999999999997,0.11489130434782607
6952,169,56.019999999999996,0.33147928994082837
6953,187,19.999999999999993,0.10695187165775397
6954,169,-34.16,-0.20213017751479287
6955,174,60.190000000000005,0.3459195402298851
6956,174,-17.13,-0.09844827586206896
6957,174,4.660000000000002,0.02678160919540231
6958,180,-24.34,-0.13522222222222222
6959,173,-42.22,-0.24404624277456646
6960,177,-23.86,-0.13480225988700564
6961,185,-1.4100000000000001,-0.0076216216216216225
6962,174,52.76,0.30321839080459767
6963,181,43.089999999999996,0.23806629834254142
6964,180,-39.63999999999999,-0.22022222222222218
6965,172,27.93,0.16238372093023257
6966,185,-44.9,-0.2427027027027027
6967,179,6.04,0.033743016759776534
6968,179,9.34,0.05217877094972067
6969,194,0.05000000000000426,0.00025773195876290856
6970,176,-17.560000000000006,-0.0997727272727273
6971,182,14.709999999999997,0.08082417582417581
6972,186,24.769999999999996,0.13317204301075267
6973,181,34.8,0.19226519337016573
6974,181,10.699999999999998,0.0591160220994475
6975,181,-32.11,-0.17740331491712708
6976,178,18.310000000000006,0.10286516853932587
6977,194,76.01,0.3918041237113402
6978,182,-14.7,-0.08076923076923076
6979,177,-14.410000000000002,-0.08141242937853109
6980,173,21.029999999999994,0.12156069364161846
6981,182,-45.21000000000001,-0.24840659340659346
6982,177,39.099999999999994,0.22090395480225986
6983,173,34.830000000000005,0.20132947976878615
6984,180,-8.02,-0.04455555555555556
6985,188,-2.8299999999999983,-0.015053191489361692
6986,177,56.97,0.321864406779661
6987,182,20.79,0.11423076923076923
6988,171,30.650000000000002,0.17923976608187137
6989,182,-52.56999999999999,-0.2888461538461538
6990,159,-41.92000000000001,-0.2636477987421384
6991,180,-23.799999999999997,-0.1322222222222222
6992,173,-18.370000000000005,-0.10618497109826593
6993,191,32.68,0.17109947643979057
6994,189,31.139999999999997,0.16476190476190475
6995,181,-13.170000000000007,-0.07276243093922656
6996,201,96.03999999999999,0.4778109452736318
6997,170,27.299999999999994,0.16058823529411761
6998,192,-11.579999999999998,-0.06031249999999999
6999,188,23.489999999999995,0.12494680851063827
7000,191,-29.88,-0.15643979057591623
7001,185,0.4999999999999991,0.002702702702702698
7002,186,-20.17,-0.10844086021505377
7003,179,-30.74000000000001,-0.17173184357541904
7004,173,38.75,0.2239884393063584
7005,170,17.52999999999999,0.10311764705882347
7006,176,40.019999999999996,0.2273863636363636
7007,179,24.800000000000004,0.13854748603351957
7008,194,30.819999999999993,0.15886597938144326
7009,186,26.580000000000002,0.14290322580645162
7010,168,19.63,0.11684523809523809
7011,187,62.44,0.333903743315508
7012,174,13.200000000000003,0.07586206896551725
7013,174,2.320000000000004,0.013333333333333355
7014,179,-21.319999999999997,-0.11910614525139664
7015,181,29.340000000000003,0.16209944751381217
7016,180,72.11000000000001,0.4006111111111112
7017,190,-43.56,-0.22926315789473686
7018,173,-1.9399999999999977,-0.01121387283236993
7019,180,7.219999999999992,0.04011111111111106
7020,187,-18.93,-0.10122994652406417
7021,176,3.039999999999999,0.01727272727272727
7022,177,9.880000000000006,0.055819209039548054
7023,185,27.229999999999997,0.14718918918918916
7024,184,-10.980000000000004,-0.059673913043478286
7025,179,-6.280000000000001,-0.03508379888268157
7026,172,35.17,0.20447674418604653
7027,182,0.5999999999999996,0.003296703296703295
7028,192,40.709999999999994,0.21203124999999998
7029,165,-22.200000000000003,-0.13454545454545455
7030,194,33.94,0.1749484536082474
7031,183,14.649999999999995,0.08005464480874314
7032,185,24.37,0.13172972972972974
7033,180,26.219999999999995,0.14566666666666664
7034,179,23.169999999999995,0.12944134078212288
7035,186,19.76,0.10623655913978496
7036,177,9.709999999999996,0.054858757062146865
7037,168,6.759999999999998,0.040238095238095226
7038,183,10.329999999999998,0.05644808743169398
7039,189,9.459999999999997,0.05005291005291004
7040,170,-2.6700000000000017,-0.015705882352941188
7041,175,-5.819999999999999,-0.03325714285714285
7042,187,65.83000000000001,0.3520320855614974
7043,190,36.730000000000004,0.19331578947368422
7044,167,5.459999999999999,0.03269461077844311
7045,180,-10.29,-0.057166666666666664
7046,173,-32.38,-0.18716763005780349
7047,179,-24.610000000000003,-0.1374860335195531
7048,179,17.75,0.09916201117318436
7049,167,21.519999999999996,0.12886227544910178
7050,183,55.65,0.3040983606557377
7051,174,4.16,0.023908045977011495
7052,188,14.989999999999998,0.07973404255319148
7053,189,46.83,0.24777777777777776
7054,195,-13.360000000000003,-0.06851282051282052
7055,183,24.379999999999995,0.13322404371584698
7056,178,-11.729999999999999,-0.06589887640449438
7057,178,-15.860000000000003,-0.08910112359550564
7058,182,-15.260000000000005,-0.08384615384615388
7059,196,47.579999999999984,0.24275510204081624
7060,191,81.64000000000001,0.42743455497382205
7061,203,52.53,0.2587684729064039
7062,167,-38.44,-0.23017964071856287
7063,188,23.369999999999997,0.12430851063829786
7064,179,21.940000000000005,0.12256983240223467
7065,197,-15.630000000000003,-0.07934010152284265
7066,171,0.829999999999993,0.0048538011695906024
7067,181,79.1,0.4370165745856353
7068,175,-10.979999999999997,-0.06274285714285713
7069,190,41.269999999999996,0.21721052631578947
7070,175,-23.33,-0.1333142857142857
7071,178,47.0,0.2640449438202247
7072,174,11.780000000000001,0.06770114942528736
7073,179,85.13,0.4755865921787709
7074,184,38.480000000000004,0.2091304347826087
7075,177,6.530000000000001,0.036892655367231644
7076,178,17.679999999999996,0.0993258426966292
7077,182,17.73,0.09741758241758242
7078,179,46.31,0.2587150837988827
7079,181,22.11,0.12215469613259668
7080,170,10.690000000000005,0.0628823529411765
7081,188,50.78,0.2701063829787234
7082,181,2.470000000000007,0.013646408839779044
7083,195,2.270000000000003,0.011641025641025657
7084,174,-18.499999999999993,-0.10632183908045972
7085,183,0.9500000000000064,0.005191256830601128
7086,187,3.119999999999994,0.016684491978609592
7087,195,33.349999999999994,0.171025641025641
7088,168,3.6600000000000037,0.021785714285714308
7089,175,5.439999999999995,0.031085714285714258
7090,183,66.58,0.36382513661202187
7091,173,-11.179999999999996,-0.06462427745664738
7092,194,-46.83,-0.24139175257731957
7093,175,31.180000000000007,0.17817142857142862
7094,162,-40.870000000000005,-0.252283950617284
7095,185,4.48,0.024216216216216217
7096,168,1.8200000000000003,0.010833333333333335
7097,181,-42.89,-0.23696132596685082
7098,176,11.729999999999999,0.06664772727272726
7099,186,37.010000000000005,0.19897849462365594
7100,190,26.890000000000004,0.1415263157894737
7101,184,-21.52999999999999,-0.11701086956521733
7102,189,11.569999999999993,0.061216931216931184
7103,169,-33.61,-0.1988757396449704
7104,177,32.29,0.18242937853107344
7105,189,32.89,0.17402116402116402
7106,187,-18.439999999999994,-0.09860962566844916
7107,184,23.889999999999997,0.12983695652173913
7108,169,30.279999999999998,0.1791715976331361
7109,191,39.989999999999995,0.20937172774869106
7110,195,67.39999999999999,0.3456410256410256
7111,180,11.559999999999995,0.0642222222222222
7112,179,61.53,0.34374301675977653
7113,177,21.939999999999998,0.12395480225988699
7114,173,-25.490000000000002,-0.14734104046242777
7115,177,-33.550000000000004,-0.18954802259887008
7116,174,13.919999999999995,0.07999999999999997
7117,176,-1.1800000000000024,-0.006704545454545468
7118,176,13.300000000000002,0.07556818181818183
7119,181,32.59,0.18005524861878455
7120,178,4.229999999999993,0.023764044943820187
7121,179,10.8,0.06033519553072626
7122,175,-7.710000000000001,-0.044057142857142864
7123,178,-0.8599999999999959,-0.0048314606741572804
7124,188,35.129999999999995,0.18686170212765954
7125,174,36.699999999999996,0.21091954022988504
7126,183,40.269999999999996,0.22005464480874315
7127,184,40.11,0.2179891304347826
7128,191,10.069999999999997,0.05272251308900522
7129,185,49.94,0.26994594594594595
7130,176,-51.800000000000004,-0.29431818181818187
7131,175,0.689999999999996,0.0039428571428571195
7132,179,16.770000000000007,0.09368715083798887
7133,182,14.690000000000001,0.08071428571428572
7134,179,36.5,0.20391061452513967
7135,189,72.14,0.3816931216931217
7136,189,70.17,0.3712698412698413
7137,178,31.62,0.17764044943820226
7138,185,0.3000000000000007,0.0016216216216216254
7139,172,22.279999999999994,0.1295348837209302
7140,172,-14.049999999999995,-0.08168604651162788
7141,186,40.25000000000001,0.21639784946236562
7142,172,22.539999999999996,0.13104651162790695
7143,175,-23.299999999999994,-0.13314285714285712
7144,181,7.090000000000002,0.03917127071823205
7145,178,-18.650000000000006,-0.10477528089887643
7146,185,10.859999999999992,0.05870270270270266
7147,178,21.240000000000002,0.11932584269662923
7148,176,14.629999999999999,0.08312499999999999
7149,175,19.3,0.11028571428571429
7150,170,-13.12,-0.07717647058823529
7151,180,-26.54,-0.14744444444444443
7152,187,4.07,0.021764705882352943
7153,177,-41.099999999999994,-0.23220338983050845
7154,180,23.72000000000001,0.13177777777777783
7155,182,31.290000000000003,0.17192307692307693
7156,176,-22.840000000000003,-0.1297727272727273
7157,169,-1.2500000000000107,-0.007396449704142075
7158,193,83.60999999999999,0.43321243523316055
7159,181,-13.049999999999999,-0.07209944751381214
7160,174,52.730000000000004,0.30304597701149427
7161,175,37.8,0.216
7162,182,4.739999999999995,0.026043956043956016
7163,187,-26.15,-0.13983957219251336
7164,176,-6.210000000000001,-0.03528409090909091
7165,175,42.81,0.24462857142857145
7166,195,-13.04,-0.06687179487179487
7167,191,-2.059999999999997,-0.01078534031413611
7168,188,-6.34,-0.033723404255319146
7169,188,62.61999999999999,0.33308510638297867
7170,174,27.759999999999998,0.15954022988505745
7171,183,0.9699999999999935,0.005300546448087397
7172,179,23.72,0.13251396648044692
7173,180,25.17,0.13983333333333334
7174,192,19.13,0.09963541666666666
7175,166,-23.9,-0.14397590361445783
7176,188,-32.14,-0.17095744680851063
7177,182,-15.299999999999994,-0.08406593406593403
7178,181,54.05,0.2986187845303867
7179,174,68.5,0.3936781609195402
7180,188,62.71999999999999,0.3336170212765957
7181,174,-34.290000000000006,-0.19706896551724143
7182,168,58.849999999999994,0.350297619047619
7183,182,58.650000000000006,0.3222527472527473
7184,176,63.81999999999999,0.3626136363636363
7185,176,3.670000000000001,0.020852272727272733
7186,182,59.730000000000004,0.3281868131868132
7187,174,88.69,0.5097126436781609
7188,179,-33.870000000000005,-0.1892178770949721
7189,187,40.5,0.21657754010695188
7190,175,13.940000000000005,0.07965714285714288
7191,184,28.890000000000004,0.15701086956521743
7192,186,19.869999999999997,0.1068279569892473
7193,180,48.900000000000006,0.2716666666666667
7194,170,10.82,0.06364705882352942
7195,187,19.889999999999993,0.10636363636363633
7196,177,-39.47,-0.22299435028248588
7197,192,10.900000000000002,0.05677083333333335
7198,177,-7.569999999999997,-0.042768361581920884
7199,170,5.220000000000002,0.03070588235294119
7200,173,15.120000000000005,0.08739884393063586
7201,178,-4.309999999999999,-0.02421348314606741
7202,181,7.129999999999997,0.03939226519337015
7203,192,15.18,0.0790625
7204,181,-33.50999999999999,-0.18513812154696127
7205,170,-55.8,-0.32823529411764707
7206,187,18.84,0.10074866310160428
7207,177,-5.629999999999999,-0.03180790960451977
7208,177,33.88999999999999,0.1914689265536723
7209,173,-24.04,-0.13895953757225432
7210,184,15.049999999999994,0.08179347826086954
7211,177,52.599999999999994,0.2971751412429378
7212,176,-29.209999999999997,-0.16596590909090908
7213,179,6.599999999999996,0.03687150837988824
7214,194,50.28,0.25917525773195876
7215,176,55.67999999999999,0.31636363636363635
7216,175,-23.139999999999997,-0.13222857142857142
7217,169,-16.200000000000003,-0.09585798816568049
7218,179,-17.400000000000002,-0.09720670391061453
7219,180,0.4100000000000019,0.0022777777777777883
7220,183,1.5700000000000003,0.008579234972677598
7221,184,46.96,0.25521739130434784
7222,178,34.23,0.19230337078651683
7223,189,-1.6899999999999986,-0.008941798941798935
7224,179,15.040000000000004,0.08402234636871511
7225,188,13.040000000000006,0.0693617021276596
7226,177,46.01,0.25994350282485873
7227,187,20.839999999999993,0.11144385026737964
7228,188,48.53,0.25813829787234044
7229,181,8.460000000000003,0.04674033149171272
7230,177,-41.85,-0.23644067796610171
7231,186,12.759999999999998,0.0686021505376344
7232,180,-15.489999999999998,-0.08605555555555555
7233,181,10.5,0.058011049723756904
7234,169,-38.16,-0.22579881656804732
7235,169,-14.61,-0.08644970414201184
7236,182,-0.9899999999999949,-0.005439560439560411
7237,171,45.09,0.2636842105263158
7238,186,66.32000000000001,0.3565591397849463
7239,173,-43.36000000000001,-0.25063583815028906
7240,177,-15.040000000000001,-0.08497175141242938
7241,198,39.599999999999994,0.19999999999999998
7242,190,1.709999999999999,0.008999999999999996
7243,176,18.730000000000004,0.10642045454545457
7244,165,29.560000000000002,0.17915151515151517
7245,189,-13.400000000000002,-0.0708994708994709
7246,192,-1.6300000000000026,-0.008489583333333347
7247,185,15.080000000000002,0.08151351351351352
7248,176,2.9799999999999995,0.01693181818181818
7249,181,67.37,0.37220994475138125
7250,183,-0.5299999999999976,-0.002896174863387965
7251,170,-71.46000000000001,-0.42035294117647065
7252,174,-34.22,-0.19666666666666666
7253,176,58.77000000000001,0.3339204545454546
7254,187,24.44,0.1306951871657754
7255,165,-5.070000000000006,-0.030727272727272763
7256,181,-16.65,-0.09198895027624308
7257,175,-7.740000000000002,-0.044228571428571437
7258,179,-32.440000000000005,-0.18122905027932965
7259,190,49.24,0.25915789473684214
7260,169,-11.479999999999997,-0.06792899408284021
7261,178,25.14,0.14123595505617978
7262,198,2.2500000000000036,0.011363636363636381
7263,172,43.48,0.2527906976744186
7264,189,-25.76,-0.1362962962962963
7265,188,-34.92999999999999,-0.1857978723404255
7266,181,71.25,0.393646408839779
7267,178,6.400000000000001,0.03595505617977529
7268,185,-1.2199999999999989,-0.0065945945945945885
7269,176,6.93,0.039375
7270,183,29.009999999999998,0.15852459016393441
7271,180,-42.55,-0.23638888888888887
7272,180,7.200000000000005,0.04000000000000003
7273,174,-16.550000000000004,-0.09511494252873566
7274,171,-30.4,-0.17777777777777776
7275,186,-6.060000000000004,-0.03258064516129035
7276,179,-56.349999999999994,-0.314804469273743
7277,178,21.04,0.11820224719101123
7278,186,30.240000000000002,0.16258064516129034
7279,173,11.95,0.06907514450867051
7280,182,52.33,0.2875274725274725
7281,173,-25.33,-0.14641618497109826
7282,176,-6.520000000000003,-0.03704545454545456
7283,189,54.89,0.2904232804232804
7284,173,12.709999999999994,0.07346820809248551
7285,204,68.75999999999999,0.33705882352941174
7286,176,18.189999999999998,0.10335227272727271
7287,165,-7.4099999999999975,-0.04490909090909089
7288,176,-13.259999999999998,-0.07534090909090908
7289,174,17.24,0.09908045977011494
7290,182,11.359999999999996,0.06241758241758239
7291,180,36.31,0.20172222222222225
7292,183,64.31,0.3514207650273224
7293,172,85.29999999999998,0.49593023255813945
7294,177,5.3599999999999985,0.030282485875706207
7295,179,-32.349999999999994,-0.18072625698324019
7296,198,13.589999999999993,0.0686363636363636
7297,167,21.249999999999996,0.1272455089820359
7298,197,14.920000000000002,0.07573604060913706
7299,184,-11.950000000000003,-0.06494565217391306
7300,169,-26.910000000000004,-0.15923076923076926
7301,178,-42.28,-0.23752808988764046
7302,182,10.019999999999996,0.055054945054945036
7303,181,-13.830000000000002,-0.07640883977900553
7304,170,6.07,0.03570588235294118
7305,189,68.64000000000001,0.36317460317460326
7306,184,-25.7,-0.13967391304347826
7307,178,7.390000000000001,0.04151685393258427
7308,174,-46.14,-0.26517241379310347
7309,165,4.280000000000003,0.025939393939393957
7310,178,-7.810000000000002,-0.043876404494382036
7311,180,1.0099999999999998,0.00561111111111111
7312,178,-15.269999999999996,-0.08578651685393256
7313,189,20.69,0.10947089947089948
7314,197,-32.52,-0.16507614213197971
7315,173,52.34,0.3025433526011561
7316,170,6.749999999999999,0.039705882352941174
7317,175,-3.9699999999999998,-0.022685714285714285
7318,173,-13.650000000000002,-0.07890173410404626
7319,186,54.93000000000001,0.2953225806451613
7320,172,-19.840000000000003,-0.11534883720930235
7321,186,-10.839999999999996,-0.0582795698924731
7322,180,18.37,0.10205555555555557
7323,178,5.730000000000004,0.03219101123595508
7324,177,15.0,0.0847457627118644
7325,171,-13.349999999999994,-0.07807017543859646
7326,175,-13.079999999999998,-0.07474285714285714
7327,169,-5.109999999999999,-0.030236686390532543
7328,177,-31.42,-0.17751412429378532
7329,177,74.97999999999999,0.4236158192090395
7330,171,33.54,0.19614035087719298
7331,180,-36.81,-0.20450000000000002
7332,186,-42.06999999999999,-0.2261827956989247
7333,186,-42.65,-0.22930107526881718
7334,187,21.35,0.11417112299465242
7335,182,-9.2,-0.05054945054945054
7336,181,17.33,0.09574585635359115
7337,178,10.749999999999996,0.06039325842696627
7338,171,10.930000000000003,0.06391812865497078
7339,174,-15.759999999999994,-0.09057471264367813
7340,178,-16.88,-0.09483146067415729
7341,177,-4.199999999999998,-0.023728813559322024
7342,168,47.809999999999995,0.2845833333333333
7343,176,27.160000000000004,0.15431818181818183
7344,180,-19.739999999999995,-0.10966666666666663
7345,169,1.5399999999999956,0.009112426035502932
7346,176,-5.870000000000001,-0.03335227272727273
7347,167,-22.909999999999997,-0.13718562874251494
7348,173,-23.28,-0.13456647398843932
7349,174,25.72,0.14781609195402298
7350,174,-40.66,-0.23367816091954022
7351,177,36.83999999999999,0.20813559322033892
7352,177,-62.849999999999994,-0.3550847457627118
7353,170,3.4999999999999956,0.020588235294117622
7354,179,-5.09,-0.028435754189944134
7355,184,-18.109999999999996,-0.09842391304347824
7356,189,6.970000000000006,0.03687830687830691
7357,186,52.829999999999984,0.28403225806451604
7358,188,-0.6099999999999959,-0.0032446808510638078
7359,188,-7.43,-0.03952127659574468
7360,188,25.500000000000007,0.13563829787234047
7361,172,-30.46999999999999,-0.17715116279069762
7362,178,24.82,0.139438202247191
7363,164,-18.569999999999997,-0.11323170731707315
7364,184,-23.469999999999995,-0.12755434782608693
7365,183,-10.140000000000004,-0.05540983606557379
7366,173,-27.02,-0.1561849710982659
7367,174,16.400000000000006,0.09425287356321842
7368,178,0.8599999999999994,0.0048314606741573
7369,182,5.510000000000009,0.03027472527472532
7370,174,8.650000000000002,0.04971264367816093
7371,178,-34.629999999999995,-0.1945505617977528
7372,170,45.75,0.2691176470588235
7373,179,19.250000000000004,0.10754189944134081
7374,191,36.82,0.19277486910994765
7375,196,23.429999999999996,0.11954081632653059
7376,176,27.26,0.15488636363636366
7377,171,-28.109999999999996,-0.1643859649122807
7378,176,-27.300000000000004,-0.1551136363636364
7379,175,43.42,0.24811428571428573
7380,179,6.4799999999999995,0.036201117318435755
7381,191,75.08000000000001,0.39308900523560214
7382,179,11.909999999999998,0.066536312849162
7383,177,31.830000000000005,0.1798305084745763
7384,187,67.66,0.3618181818181818
7385,175,19.1,0.10914285714285715
7386,173,16.63,0.0961271676300578
7387,168,-7.660000000000004,-0.04559523809523812
7388,176,51.730000000000004,0.29392045454545457
7389,185,31.48,0.17016216216216218
7390,189,-13.39,-0.07084656084656085
7391,171,8.75,0.05116959064327485
7392,191,34.959999999999994,0.18303664921465965
7393,181,80.15,0.4428176795580111
7394,164,41.14,0.25085365853658537
7395,178,-25.35,-0.14241573033707866
7396,173,7.149999999999998,0.04132947976878611
7397,179,-22.53000000000001,-0.12586592178770956
7398,174,17.72,0.10183908045977011
7399,181,-25.62,-0.14154696132596686
7400,193,-29.320000000000004,-0.15191709844559587
7401,179,13.649999999999995,0.07625698324022344
7402,182,27.630000000000003,0.15181318681318684
7403,171,6.469999999999995,0.037836257309941494
7404,184,44.739999999999995,0.24315217391304345
7405,182,23.17,0.12730769230769232
7406,174,-24.830000000000002,-0.14270114942528736
7407,175,47.94,0.27394285714285715
7408,193,34.3,0.177720207253886
7409,184,-7.5000000000000036,-0.04076086956521741
7410,177,34.489999999999995,0.19485875706214686
7411,172,27.079999999999995,0.15744186046511624
7412,172,-34.17,-0.19866279069767442
7413,188,54.29999999999999,0.2888297872340425
7414,172,13.679999999999998,0.07953488372093022
7415,179,27.889999999999997,0.15581005586592178
7416,175,58.67,0.33525714285714286
7417,189,21.660000000000004,0.11460317460317462
7418,170,-0.009999999999999787,-5.8823529411763454e-05
7419,185,93.33,0.5044864864864865
7420,186,-3.7799999999999985,-0.020322580645161282
7421,178,28.199999999999992,0.1584269662921348
7422,191,6.830000000000005,0.03575916230366495
7423,177,48.45,0.27372881355932205
7424,190,-17.68,-0.09305263157894737
7425,170,32.889999999999986,0.19347058823529403
7426,172,-16.020000000000007,-0.09313953488372097
7427,181,40.03999999999999,0.22121546961325964
7428,178,35.44,0.1991011235955056
7429,178,51.33,0.28837078651685394
7430,188,-4.969999999999999,-0.026436170212765953
7431,181,8.46,0.046740331491712715
7432,173,16.520000000000003,0.09549132947976881
7433,189,-28.5,-0.15079365079365079
7434,189,24.939999999999998,0.13195767195767194
7435,191,-8.810000000000002,-0.046125654450261795
7436,177,-11.689999999999998,-0.06604519774011298
7437,171,32.54,0.1902923976608187
7438,184,19.239999999999995,0.10456521739130432
7439,182,47.55,0.2612637362637362
7440,178,31.930000000000007,0.17938202247191015
7441,173,26.47,0.1530057803468208
7442,183,2.570000000000011,0.014043715846994596
7443,178,-11.609999999999998,-0.06522471910112358
7444,185,-1.6499999999999986,-0.008918918918918911
7445,172,8.390000000000004,0.04877906976744188
7446,175,0.6899999999999942,0.00394285714285711
7447,177,4.229999999999997,0.023898305084745747
7448,174,15.17,0.087183908045977
7449,175,3.030000000000001,0.01731428571428572
7450,174,48.78999999999999,0.28040229885057466
7451,168,-25.139999999999997,-0.14964285714285713
7452,173,-8.079999999999997,-0.046705202312138705
7453,178,5.8000000000000025,0.03258426966292136
7454,183,50.480000000000004,0.27584699453551914
7455,180,85.74,0.47633333333333333
7456,182,-54.59,-0.29994505494505497
7457,170,25.180000000000003,0.14811764705882355
7458,184,8.310000000000002,0.04516304347826088
7459,196,-2.1499999999999986,-0.010969387755102034
7460,190,57.11000000000001,0.3005789473684211
7461,178,42.55,0.2390449438202247
7462,180,25.119999999999994,0.13955555555555552
7463,178,24.930000000000003,0.14005617977528093
7464,178,41.959999999999994,0.23573033707865165
7465,171,4.739999999999998,0.027719298245614025
7466,186,12.429999999999998,0.0668279569892473
7467,164,5.689999999999988,0.03469512195121944
7468,164,-30.05,-0.18323170731707317
7469,179,8.899999999999999,0.04972067039106144
7470,173,-30.529999999999998,-0.17647398843930634
7471,171,25.53,0.1492982456140351
7472,185,-13.499999999999998,-0.07297297297297296
7473,175,15.659999999999997,0.08948571428571427
7474,182,22.19,0.12192307692307693
7475,161,24.020000000000003,0.14919254658385095
7476,178,-2.1999999999999975,-0.012359550561797739
7477,177,26.98,0.15242937853107344
7478,186,63.629999999999995,0.34209677419354834
7479,175,8.260000000000002,0.047200000000000006
7480,177,12.910000000000002,0.07293785310734464
7481,176,13.390000000000004,0.07607954545454548
7482,196,38.18000000000001,0.19479591836734697
7483,171,3.5600000000000005,0.0208187134502924
7484,166,-5.540000000000001,-0.03337349397590362
7485,176,26.29,0.149375
7486,182,-14.390000000000002,-0.07906593406593408
7487,175,-10.879999999999999,-0.062171428571428565
7488,171,32.25999999999999,0.18865497076023385
7489,178,-7.219999999999999,-0.040561797752808985
7490,191,21.08,0.11036649214659686
7491,176,12.479999999999997,0.0709090909090909
7492,190,20.84,0.10968421052631579
7493,188,19.190000000000005,0.10207446808510641
7494,183,-22.52,-0.12306010928961748
7495,177,2.24,0.01265536723163842
7496,167,57.66,0.3452694610778443
7497,166,46.63,0.28090361445783135
7498,188,-21.639999999999993,-0.11510638297872337
7499,182,14.78,0.08120879120879121
7500,176,43.91,0.24948863636363636
7501,193,20.259999999999998,0.1049740932642487
7502,192,62.43000000000001,0.32515625000000004
7503,180,-14.899999999999993,-0.08277777777777774
7504,180,-55.91999999999999,-0.3106666666666666
7505,174,3.2000000000000117,0.018390804597701215
7506,173,-46.379999999999995,-0.2680924855491329
7507,188,81.19,0.43186170212765956
7508,178,-62.0,-0.34831460674157305
7509,192,38.33,0.19963541666666665
7510,178,-26.400000000000002,-0.14831460674157304
7511,183,64.45,0.3521857923497268
7512,179,49.00999999999999,0.2737988826815642
7513,170,17.72,0.10423529411764705
7514,174,34.81,0.20005747126436782
7515,176,-17.29,-0.09823863636363636
7516,180,18.640000000000008,0.1035555555555556
7517,182,40.7,0.22362637362637364
7518,169,4.120000000000001,0.024378698224852075
7519,184,-35.67000000000001,-0.19385869565217395
7520,196,33.169999999999995,0.169234693877551
7521,186,57.17,0.30736559139784947
7522,176,1.329999999999997,0.0075568181818181646
7523,193,-19.540000000000003,-0.10124352331606219
7524,191,30.19000000000001,0.15806282722513093
7525,181,14.680000000000005,0.08110497237569063
7526,185,-0.5300000000000011,-0.002864864864864871
7527,176,12.639999999999997,0.0718181818181818
7528,185,28.76,0.15545945945945946
7529,184,-1.6500000000000057,-0.008967391304347858
7530,185,33.419999999999995,0.18064864864864863
7531,179,-9.74,-0.054413407821229054
7532,182,46.620000000000005,0.2561538461538462
7533,190,7.780000000000001,0.040947368421052635
7534,182,36.330000000000005,0.19961538461538464
7535,178,51.41999999999999,0.28887640449438196
7536,168,42.28999999999999,0.25172619047619044
7537,181,30.93,0.1708839779005525
7538,181,3.9599999999999973,0.021878453038674018
7539,163,7.219999999999995,0.04429447852760733
7540,182,-17.55,-0.09642857142857143
7541,174,3.51,0.020172413793103448
7542,176,39.18999999999999,0.2226704545454545
7543,183,-6.240000000000002,-0.034098360655737715
7544,181,-16.219999999999995,-0.08961325966850826
7545,196,29.759999999999998,0.15183673469387754
7546,182,-50.56999999999999,-0.2778571428571428
7547,189,-13.850000000000001,-0.07328042328042329
7548,172,18.689999999999998,0.1086627906976744
7549,177,29.819999999999993,0.1684745762711864
7550,181,47.97,0.26502762430939225
7551,192,-9.450000000000003,-0.04921875000000001
7552,184,33.73999999999999,0.18336956521739123
7553,174,4.849999999999998,0.027873563218390792
7554,179,-11.390000000000004,-0.06363128491620114
7555,191,43.32,0.2268062827225131
7556,168,39.14999999999999,0.23303571428571423
7557,187,20.189999999999998,0.10796791443850266
7558,178,32.2,0.1808988764044944
7559,172,13.219999999999999,0.07686046511627906
7560,174,-27.180000000000007,-0.15620689655172418
7561,170,15.399999999999999,0.09058823529411764
7562,179,58.959999999999994,0.32938547486033515
7563,168,-14.530000000000001,-0.08648809523809524
7564,191,33.58,0.1758115183246073
7565,175,-5.02,-0.028685714285714283
7566,204,-12.32,-0.0603921568627451
7567,182,24.470000000000002,0.13445054945054946
7568,184,58.61999999999999,0.3185869565217391
7569,187,-14.410000000000002,-0.07705882352941178
7570,164,-14.43,-0.08798780487804878
7571,184,59.33000000000001,0.32244565217391313
7572,184,65.08,0.353695652173913
7573,165,-5.9799999999999995,-0.03624242424242424
7574,193,10.149999999999995,0.05259067357512951
7575,177,-2.4399999999999977,-0.013785310734463265
7576,180,7.1100000000000065,0.039500000000000035
7577,178,23.139999999999993,0.12999999999999998
7578,183,-8.299999999999994,-0.04535519125683057
7579,184,33.64,0.18282608695652175
7580,178,9.670000000000005,0.05432584269662924
7581,183,12.850000000000003,0.0702185792349727
7582,184,-42.099999999999994,-0.2288043478260869
7583,179,96.25,0.5377094972067039
7584,175,41.53,0.23731428571428573
7585,177,28.769999999999996,0.16254237288135592
7586,181,-53.84,-0.2974585635359116
7587,175,-28.739999999999995,-0.1642285714285714
7588,176,14.840000000000007,0.08431818181818186
7589,175,-9.489999999999991,-0.054228571428571376
7590,184,12.81,0.06961956521739131
7591,189,31.75,0.167989417989418
7592,193,-5.190000000000001,-0.026891191709844567
7593,176,67.69999999999999,0.38465909090909084
7594,196,70.96,0.36204081632653057
7595,182,3.0900000000000034,0.016978021978021996
7596,187,15.14,0.08096256684491979
7597,178,24.68,0.13865168539325842
7598,163,4.769999999999998,0.02926380368098158
7599,190,96.60000000000001,0.508421052631579
7600,182,20.23,0.11115384615384616
7601,175,-14.39,-0.08222857142857143
7602,184,13.790000000000001,0.07494565217391305
7603,169,5.800000000000002,0.034319526627218946
7604,173,26.950000000000003,0.15578034682080927
7605,178,-19.04,-0.10696629213483146
7606,169,-10.269999999999998,-0.060769230769230756
7607,176,-12.510000000000002,-0.07107954545454546
7608,185,9.949999999999998,0.05378378378378377
7609,190,5.390000000000002,0.02836842105263159
7610,185,42.25,0.22837837837837838
7611,181,-18.61,-0.10281767955801105
7612,173,-11.389999999999997,-0.06583815028901732
7613,176,-25.459999999999997,-0.1446590909090909
7614,191,29.10000000000001,0.1523560209424084
7615,182,62.90999999999998,0.34565934065934056
7616,197,-11.350000000000001,-0.05761421319796955
7617,181,-15.879999999999995,-0.08773480662983422
7618,199,37.60000000000001,0.1889447236180905
7619,183,17.95,0.09808743169398906
7620,179,29.900000000000002,0.16703910614525141
7621,174,29.19,0.1677586206896552
7622,171,20.310000000000002,0.11877192982456142
7623,182,-0.8400000000000034,-0.004615384615384634
7624,177,-14.409999999999997,-0.08141242937853105
7625,171,25.92,0.15157894736842106
7626,168,14.349999999999998,0.08541666666666665
7627,178,-3.639999999999997,-0.020449438202247174
7628,180,67.61,0.3756111111111111
7629,173,30.54,0.17653179190751445
7630,184,51.45,0.27961956521739134
7631,171,-15.270000000000003,-0.08929824561403511
7632,174,-5.199999999999999,-0.029885057471264364
7633,178,-48.28000000000001,-0.2712359550561798
7634,187,56.809999999999995,0.30379679144385024
7635,178,18.63,0.1046629213483146
7636,182,53.99999999999999,0.29670329670329665
7637,188,34.82000000000001,0.18521276595744685
7638,173,12.870000000000003,0.07439306358381505
7639,171,-11.270000000000007,-0.06590643274853805
7640,173,54.900000000000006,0.3173410404624278
7641,194,11.489999999999998,0.059226804123711334
7642,186,-75.46,-0.40569892473118274
7643,176,-18.789999999999996,-0.10676136363636361
7644,187,42.44,0.226951871657754
7645,181,26.880000000000006,0.1485082872928177
7646,183,9.66,0.05278688524590164
7647,188,-13.990000000000002,-0.07441489361702129
7648,181,-35.830000000000005,-0.1979558011049724
7649,177,13.310000000000006,0.07519774011299438
7650,193,-19.109999999999996,-0.09901554404145076
7651,210,30.099999999999994,0.1433333333333333
7652,173,9.690000000000001,0.056011560693641625
7653,183,-23.330000000000005,-0.12748633879781424
7654,174,-9.629999999999999,-0.05534482758620689
7655,182,56.99,0.31313186813186816
7656,177,-29.550000000000004,-0.16694915254237291
7657,189,6.0699999999999985,0.032116402116402105
7658,187,-15.700000000000001,-0.08395721925133691
7659,189,25.209999999999987,0.1333862433862433
7660,178,53.42999999999999,0.30016853932584264
7661,176,21.810000000000002,0.12392045454545456
7662,175,32.41,0.18519999999999998
7663,182,43.61,0.23961538461538462
7664,175,-11.289999999999996,-0.06451428571428569
7665,192,24.270000000000003,0.12640625000000003
7666,177,40.1,0.22655367231638418
7667,178,-26.41,-0.14837078651685393
7668,179,-14.710000000000006,-0.0821787709497207
7669,177,12.09,0.06830508474576272
7670,178,32.93,0.185
7671,176,-2.6500000000000092,-0.015056818181818234
7672,177,50.32000000000001,0.2842937853107345
7673,182,-34.45,-0.1892857142857143
7674,183,32.95999999999999,0.18010928961748626
7675,178,11.34,0.06370786516853932
7676,193,27.600000000000005,0.1430051813471503
7677,178,-7.130000000000002,-0.040056179775280906
7678,167,48.199999999999996,0.28862275449101793
7679,174,-35.08,-0.20160919540229885
7680,180,4.539999999999996,0.025222222222222198
7681,174,93.41,0.5368390804597701
7682,179,3.280000000000001,0.01832402234636872
7683,174,-23.990000000000002,-0.1378735632183908
7684,170,-17.029999999999998,-0.10017647058823528
7685,186,61.10000000000001,0.32849462365591403
7686,179,19.780000000000005,0.1105027932960894
7687,176,49.54,0.28147727272727274
7688,180,49.42,0.27455555555555555
7689,193,14.430000000000007,0.07476683937823837
7690,186,23.67,0.12725806451612903
7691,170,-25.75,-0.1514705882352941
7692,175,-17.7,-0.10114285714285715
7693,186,95.15999999999998,0.5116129032258063
7694,178,17.55999999999999,0.09865168539325837
7695,177,29.18,0.1648587570621469
7696,179,54.33,0.3035195530726257
7697,164,50.80000000000001,0.30975609756097566
7698,185,33.08,0.1788108108108108
7699,161,26.47,0.16440993788819874
7700,172,-15.770000000000001,-0.09168604651162791
7701,183,16.280000000000005,0.0889617486338798
7702,178,-4.619999999999997,-0.025955056179775268
7703,171,12.849999999999998,0.07514619883040935
7704,189,1.0199999999999978,0.005396825396825385
7705,189,13.09,0.06925925925925926
7706,175,-20.82,-0.11897142857142858
7707,178,18.529999999999998,0.1041011235955056
7708,187,78.05,0.417379679144385
7709,174,17.060000000000002,0.09804597701149427
7710,177,-1.5300000000000082,-0.008644067796610215
7711,173,4.009999999999998,0.023179190751445075
7712,179,60.89,0.34016759776536315
7713,180,43.57,0.24205555555555555
7714,179,5.600000000000007,0.031284916201117355
7715,185,8.67,0.046864864864864866
7716,175,-9.619999999999997,-0.05497142857142856
7717,183,-28.989999999999995,-0.15841530054644806
7718,193,27.229999999999997,0.1410880829015544
7719,180,9.499999999999998,0.05277777777777777
7720,179,7.570000000000004,0.04229050279329611
7721,171,-36.37,-0.21269005847953215
7722,169,24.15,0.14289940828402367
7723,192,-0.75,-0.00390625
7724,184,-19.209999999999997,-0.10440217391304346
7725,183,45.86,0.2506010928961749
7726,174,-21.470000000000002,-0.12339080459770116
7727,165,-12.69,-0.0769090909090909
7728,190,-7.179999999999996,-0.037789473684210505
7729,182,4.399999999999999,0.02417582417582417
7730,189,8.03,0.04248677248677248
7731,186,30.42,0.1635483870967742
7732,182,46.129999999999995,0.25346153846153846
7733,184,26.62,0.14467391304347826
7734,177,-2.33,-0.013163841807909605
7735,181,11.259999999999996,0.062209944751381197
7736,182,45.58,0.25043956043956045
7737,186,-6.609999999999992,-0.03553763440860211
7738,167,-10.87,-0.06508982035928143
7739,172,-70.47,-0.4097093023255814
7740,177,-13.04,-0.07367231638418079
7741,179,37.489999999999995,0.20944134078212287
7742,176,23.48,0.13340909090909092
7743,171,28.74000000000001,0.16807017543859654
7744,183,-12.610000000000003,-0.06890710382513662
7745,181,26.43,0.14602209944751382
7746,178,-8.980000000000004,-0.05044943820224721
7747,178,-1.6099999999999994,-0.009044943820224716
7748,177,-36.28,-0.20497175141242938
7749,169,4.860000000000003,0.02875739644970416
7750,169,-25.16,-0.14887573964497042
7751,172,-9.71,-0.056453488372093026
7752,176,42.42,0.24102272727272728
7753,178,-22.96,-0.12898876404494383
7754,191,10.630000000000003,0.05565445026178012
7755,177,-23.569999999999993,-0.13316384180790958
7756,177,7.02,0.03966101694915254
7757,181,9.020000000000003,0.04983425414364643
7758,183,18.11,0.09896174863387978
7759,185,35.22,0.19037837837837837
7760,182,43.16,0.23714285714285713
7761,188,21.599999999999998,0.11489361702127658
7762,172,-24.199999999999996,-0.14069767441860462
7763,176,-37.06999999999999,-0.21062499999999995
7764,179,-2.780000000000001,-0.015530726256983247
7765,179,40.04,0.22368715083798882
7766,187,62.959999999999994,0.3366844919786096
7767,176,-7.079999999999998,-0.040227272727272716
7768,192,24.029999999999998,0.12515625
7769,181,-21.39,-0.1181767955801105
7770,194,16.76,0.0863917525773196
7771,183,110.77,0.6053005464480874
7772,166,38.459999999999994,0.23168674698795177
7773,173,41.8,0.24161849710982658
7774,176,29.55,0.16789772727272728
7775,172,9.470000000000008,0.05505813953488377
7776,171,-10.98,-0.06421052631578948
7777,184,31.740000000000002,0.17250000000000001
7778,173,-32.57000000000001,-0.18826589595375726
7779,191,-5.529999999999999,-0.02895287958115183
7780,192,-5.479999999999997,-0.02854166666666665
7781,176,40.8,0.2318181818181818
7782,194,-10.52,-0.054226804123711336
7783,163,56.849999999999994,0.3487730061349693
7784,174,-13.730000000000002,-0.07890804597701151
7785,169,31.510000000000005,0.18644970414201187
7786,181,-6.509999999999996,-0.03596685082872926
7787,188,52.81999999999999,0.2809574468085106
7788,175,62.019999999999996,0.3544
7789,175,28.17,0.16097142857142857
7790,164,29.749999999999996,0.1814024390243902
7791,186,-4.980000000000002,-0.026774193548387108
7792,176,37.62,0.21375
7793,182,-3.8699999999999974,-0.02126373626373625
7794,182,69.84,0.38373626373626374
7795,179,9.090000000000002,0.05078212290502794
7796,187,30.919999999999998,0.1653475935828877
7797,181,73.77000000000001,0.4075690607734807
7798,170,-45.16,-0.2656470588235294
7799,182,39.199999999999996,0.21538461538461537
7800,187,2.030000000000001,0.010855614973262038
7801,184,40.81,0.22179347826086956
7802,190,33.43,0.17594736842105263
7803,177,-10.07,-0.05689265536723164
7804,181,12.250000000000004,0.06767955801104975
7805,171,-31.9,-0.18654970760233916
7806,177,76.50999999999999,0.43225988700564966
7807,182,19.84,0.109010989010989
7808,186,-13.239999999999998,-0.07118279569892472
7809,169,-53.34,-0.31562130177514797
7810,207,44.489999999999995,0.21492753623188404
7811,168,-34.16,-0.2033333333333333
7812,183,32.43,0.17721311475409837
7813,171,-34.21000000000001,-0.2000584795321638
7814,184,40.24999999999999,0.21874999999999997
7815,174,28.38,0.16310344827586207
7816,174,25.150000000000006,0.1445402298850575
7817,180,-43.010000000000005,-0.23894444444444446
7818,174,17.83,0.10247126436781608
7819,179,-16.58,-0.09262569832402234
7820,180,2.6700000000000017,0.014833333333333342
7821,174,6.109999999999996,0.03511494252873561
7822,184,68.09,0.370054347826087
7823,177,5.850000000000001,0.033050847457627125
7824,184,13.560000000000002,0.07369565217391305
7825,183,12.699999999999996,0.06939890710382511
7826,176,-11.430000000000001,-0.06494318181818183
7827,182,39.660000000000004,0.21791208791208794
7828,172,-12.259999999999998,-0.07127906976744185
7829,187,35.730000000000004,0.19106951871657757
7830,179,25.47,0.14229050279329608
7831,171,62.17,0.3635672514619883
7832,170,-0.1599999999999966,-0.0009411764705882153
7833,171,-15.420000000000002,-0.09017543859649124
7834,179,19.37,0.1082122905027933
7835,178,-3.1100000000000048,-0.017471910112359577
7836,171,-23.290000000000003,-0.13619883040935674
7837,181,-34.580000000000005,-0.1910497237569061
7838,181,-24.66000000000001,-0.136243093922652
7839,178,-28.480000000000004,-0.16000000000000003
7840,192,-27.47,-0.14307291666666666
7841,195,19.68,0.10092307692307692
7842,184,48.68999999999999,0.2646195652173913
7843,185,25.83,0.13962162162162162
7844,175,19.4,0.11085714285714285
7845,180,-9.569999999999995,-0.05316666666666664
7846,170,35.629999999999995,0.20958823529411763
7847,182,24.91,0.13686813186813188
7848,176,-16.7,-0.09488636363636363
7849,186,58.290000000000006,0.3133870967741936
7850,165,-18.480000000000004,-0.11200000000000003
7851,179,41.86,0.23385474860335195
7852,184,3.069999999999993,0.016684782608695613
7853,168,-17.840000000000003,-0.10619047619047621
7854,183,-62.52,-0.3416393442622951
7855,185,31.700000000000003,0.17135135135135138
7856,181,22.799999999999997,0.12596685082872927
7857,192,22.08,0.11499999999999999
7858,179,30.57,0.17078212290502792
7859,175,-55.410000000000004,-0.3166285714285714
7860,164,3.859999999999995,0.023536585365853627
7861,169,17.660000000000004,0.10449704142011837
7862,188,26.13,0.13898936170212767
7863,168,-22.86,-0.13607142857142857
7864,171,-14.27,-0.08345029239766082
7865,181,-1.6999999999999957,-0.009392265193370141
7866,181,4.199999999999999,0.02320441988950276
7867,179,35.089999999999996,0.1960335195530726
7868,186,19.930000000000003,0.10715053763440861
7869,171,22.05,0.12894736842105264
7870,189,31.570000000000004,0.16703703703703707
7871,188,58.30999999999999,0.31015957446808506
7872,181,-8.280000000000003,-0.04574585635359118
7873,177,-15.569999999999997,-0.08796610169491524
7874,187,20.549999999999997,0.10989304812834223
7875,181,-19.450000000000006,-0.10745856353591164
7876,165,36.7,0.22242424242424244
7877,178,-20.939999999999998,-0.11764044943820223
7878,171,-3.159999999999993,-0.018479532163742648
7879,173,16.509999999999998,0.09543352601156069
7880,165,27.779999999999998,0.16836363636363635
7881,184,-12.36,-0.06717391304347826
7882,184,25.190000000000005,0.13690217391304352
7883,179,26.04000000000001,0.14547486033519558
7884,188,-36.900000000000006,-0.19627659574468087
7885,183,-0.05999999999999961,-0.0003278688524590143
7886,178,-27.290000000000003,-0.15331460674157305
7887,175,53.57,0.3061142857142857
7888,188,137.68,0.7323404255319149
7889,192,36.449999999999996,0.18984374999999998
7890,168,8.269999999999996,0.04922619047619045
7891,170,-23.430000000000003,-0.13782352941176473
7892,177,-24.720000000000006,-0.1396610169491526
7893,171,-5.9700000000000095,-0.03491228070175444
7894,179,7.049999999999997,0.03938547486033518
7895,192,10.850000000000001,0.056510416666666674
7896,177,-13.629999999999999,-0.07700564971751411
7897,181,21.79,0.1203867403314917
7898,175,32.87,0.1878285714285714
7899,167,-19.619999999999997,-0.11748502994011975
7900,189,107.93,0.571058201058201
7901,177,-22.129999999999995,-0.12502824858757058
7902,191,27.88,0.14596858638743454
7903,176,17.34000000000001,0.09852272727272733
7904,180,6.5899999999999945,0.03661111111111108
7905,187,26.989999999999995,0.144331550802139
7906,179,52.54999999999999,0.29357541899441336
7907,166,35.300000000000004,0.21265060240963857
7908,184,-13.800000000000004,-0.07500000000000002
7909,186,16.480000000000004,0.08860215053763443
7910,184,33.21,0.18048913043478262
7911,183,9.719999999999999,0.053114754098360646
7912,183,-19.469999999999995,-0.10639344262295079
7913,190,35.959999999999994,0.1892631578947368
7914,194,83.92999999999999,0.4326288659793814
7915,186,-8.359999999999996,-0.04494623655913976
7916,199,35.83,0.1800502512562814
7917,178,19.140000000000004,0.10752808988764047
7918,190,32.57000000000001,0.17142105263157897
7919,171,32.64,0.19087719298245615
7920,170,-3.479999999999997,-0.020470588235294098
7921,174,22.48999999999999,0.12925287356321835
7922,167,-43.62,-0.26119760479041915
7923,182,-54.699999999999996,-0.30054945054945054
7924,173,-20.29,-0.11728323699421965
7925,193,39.83,0.20637305699481864
7926,176,35.2,0.2
7927,189,-2.469999999999999,-0.013068783068783063
7928,178,22.43,0.12601123595505617
7929,183,34.93000000000001,0.19087431693989074
7930,178,2.5499999999999954,0.014325842696629187
7931,178,-28.79,-0.16174157303370787
7932,178,-29.62,-0.16640449438202248
7933,186,-29.810000000000002,-0.16026881720430108
7934,172,19.370000000000008,0.11261627906976748
7935,178,-26.400000000000006,-0.14831460674157307
7936,173,-4.189999999999999,-0.024219653179190743
7937,178,1.6500000000000075,0.009269662921348357
7938,182,47.019999999999996,0.2583516483516483
7939,183,-7.43,-0.04060109289617486
7940,194,4.52,0.023298969072164947
7941,176,-7.420000000000002,-0.04215909090909092
7942,180,69.59,0.3866111111111111
7943,177,56.7,0.32033898305084746
7944,174,70.03,0.4024712643678161
7945,176,6.68,0.037954545454545456
7946,175,11.749999999999996,0.06714285714285713
7947,177,20.570000000000014,0.11621468926553681
7948,186,46.769999999999996,0.25145161290322576
7949,178,-11.219999999999999,-0.06303370786516853
7950,192,40.529999999999994,0.21109374999999997
7951,192,-30.77,-0.16026041666666666
7952,175,-1.690000000000004,-0.00965714285714288
7953,181,12.709999999999999,0.07022099447513812
7954,178,81.96,0.46044943820224715
7955,183,54.66,0.29868852459016393
7956,192,-4.669999999999998,-0.024322916666666656
7957,177,13.600000000000005,0.07683615819209043
7958,200,-14.450000000000003,-0.07225000000000001
7959,171,23.18,0.13555555555555554
7960,179,87.80999999999999,0.490558659217877
7961,171,-5.869999999999997,-0.03432748538011694
7962,179,-11.489999999999998,-0.0641899441340782
7963,182,21.339999999999996,0.11725274725274723
7964,167,-27.62,-0.16538922155688623
7965,183,11.970000000000002,0.06540983606557378
7966,178,-10.3,-0.05786516853932585
7967,184,44.010000000000005,0.2391847826086957
7968,177,-13.530000000000001,-0.0764406779661017
7969,179,-6.709999999999999,-0.03748603351955307
7970,178,18.939999999999998,0.10640449438202246
7971,192,34.8,0.18125
7972,185,-33.61,-0.18167567567567566
7973,197,-4.550000000000001,-0.023096446700507617
7974,197,19.829999999999995,0.10065989847715734
7975,206,46.41,0.22529126213592232
7976,181,-4.100000000000005,-0.022651933701657485
7977,185,-12.54,-0.06778378378378377
7978,178,53.22,0.2989887640449438
7979,178,24.71,0.13882022471910113
7980,191,46.769999999999996,0.24486910994764396
7981,181,21.889999999999993,0.12093922651933699
7982,175,11.659999999999998,0.06662857142857143
7983,189,-23.309999999999995,-0.12333333333333331
7984,192,-21.53,-0.11213541666666667
7985,180,84.13999999999999,0.4674444444444444
7986,186,28.180000000000007,0.15150537634408606
7987,167,-2.8900000000000006,-0.01730538922155689
7988,170,43.79,0.2575882352941176
7989,183,22.72,0.12415300546448087
7990,174,26.509999999999998,0.15235632183908046
7991,176,16.16999999999999,0.09187499999999994
7992,192,46.099999999999994,0.24010416666666665
7993,186,25.96,0.1395698924731183
7994,188,-10.080000000000005,-0.053617021276595775
7995,186,8.409999999999997,0.04521505376344084
7996,177,14.210000000000004,0.08028248587570624
7997,196,26.679999999999993,0.1361224489795918
7998,186,-0.8900000000000077,-0.004784946236559181
7999,173,-12.610000000000005,-0.07289017341040466
8000,163,23.319999999999997,0.14306748466257665
8001,179,-18.49,-0.10329608938547485
8002,192,19.970000000000006,0.1040104166666667
8003,181,7.110000000000003,0.03928176795580112
8004,179,-10.430000000000003,-0.058268156424581025
8005,183,2.1899999999999995,0.011967213114754096
8006,181,-6.529999999999994,-0.03607734806629831
8007,174,21.86,0.12563218390804598
8008,193,10.31000000000001,0.053419689119171034
8009,169,-7.639999999999997,-0.04520710059171596
8010,162,-9.7,-0.05987654320987654
8011,186,-29.059999999999995,-0.15623655913978493
8012,180,12.109999999999998,0.06727777777777777
8013,186,-14.17,-0.07618279569892474
8014,178,1.75,0.009831460674157303
8015,184,14.090000000000002,0.07657608695652175
8016,184,9.189999999999998,0.04994565217391303
8017,155,0.19999999999999662,0.0012903225806451396
8018,176,35.209999999999994,0.20005681818181814
8019,176,-34.71,-0.1972159090909091
8020,175,33.269999999999996,0.19011428571428568
8021,185,-51.82,-0.2801081081081081
8022,173,15.59,0.09011560693641618
8023,187,36.23,0.19374331550802137
8024,173,2.4400000000000013,0.014104046242774573
8025,169,21.209999999999997,0.12550295857988164
8026,178,-14.000000000000004,-0.07865168539325845
8027,188,0.6099999999999994,0.003244680851063827
8028,175,-21.14,-0.1208
8029,192,12.14,0.06322916666666667
8030,195,18.189999999999998,0.09328205128205128
8031,183,32.290000000000006,0.17644808743169402
8032,174,27.720000000000013,0.15931034482758627
8033,181,6.589999999999998,0.03640883977900551
8034,173,6.990000000000002,0.04040462427745666
8035,181,24.539999999999992,0.13558011049723753
8036,165,-45.040000000000006,-0.27296969696969703
8037,172,-7.850000000000001,-0.04563953488372094
8038,169,-4.57,-0.027041420118343196
8039,173,13.350000000000001,0.07716763005780347
8040,202,23.089999999999996,0.11430693069306928
8041,174,-12.420000000000003,-0.07137931034482761
8042,186,7.209999999999997,0.03876344086021504
8043,177,35.540000000000006,0.20079096045197745
8044,177,33.58,0.18971751412429377
8045,179,-5.590000000000001,-0.031229050279329613
8046,182,-4.119999999999997,-0.022637362637362622
8047,180,8.399999999999995,0.04666666666666664
8048,172,21.74,0.1263953488372093
8049,192,11.379999999999999,0.05927083333333333
8050,183,-27.96999999999999,-0.15284153005464476
8051,170,33.82999999999999,0.19899999999999995
8052,175,69.07,0.39468571428571425
8053,185,-28.759999999999998,-0.15545945945945944
8054,192,4.52,0.023541666666666666
8055,190,24.57,0.12931578947368422
8056,181,26.790000000000006,0.14801104972375695
8057,179,-16.14,-0.09016759776536314
8058,189,2.739999999999995,0.01449735449735447
8059,186,-30.46,-0.16376344086021505
8060,175,0.029999999999997584,0.00017142857142855763
8061,187,11.0,0.058823529411764705
8062,181,9.780000000000001,0.05403314917127072
8063,193,82.12,0.42549222797927466
8064,186,-27.360000000000007,-0.1470967741935484
8065,187,6.679999999999999,0.03572192513368983
8066,183,-11.759999999999998,-0.06426229508196721
8067,172,-27.499999999999996,-0.15988372093023254
8068,186,52.21999999999999,0.28075268817204296
8069,169,2.239999999999995,0.013254437869822455
8070,191,-23.540000000000003,-0.12324607329842933
8071,186,10.410000000000004,0.05596774193548389
8072,183,11.04,0.06032786885245901
8073,180,-26.91,-0.1495
8074,184,22.389999999999997,0.12168478260869564
8075,180,-15.460000000000004,-0.08588888888888892
8076,164,0.690000000000003,0.00420731707317075
8077,194,-26.37,-0.1359278350515464
8078,176,23.35000000000001,0.1326704545454546
8079,175,28.119999999999997,0.16068571428571427
8080,186,6.309999999999997,0.03392473118279568
8081,184,45.550000000000004,0.24755434782608698
8082,173,-15.060000000000002,-0.0870520231213873
8083,184,-30.260000000000005,-0.16445652173913047
8084,191,-15.530000000000005,-0.08130890052356024
8085,172,20.270000000000003,0.11784883720930234
8086,179,-0.8200000000000056,-0.0045810055865922105
8087,180,-11.989999999999995,-0.06661111111111108
8088,173,-20.509999999999994,-0.11855491329479766
8089,175,8.909999999999998,0.050914285714285704
8090,189,-31.4,-0.16613756613756614
8091,195,6.82,0.03497435897435897
8092,179,-15.319999999999997,-0.08558659217877093
8093,184,58.25,0.31657608695652173
8094,180,-17.380000000000003,-0.09655555555555558
8095,179,52.93000000000001,0.2956983240223464
8096,172,-20.689999999999998,-0.12029069767441859
8097,174,22.75,0.1307471264367816
8098,174,-6.170000000000002,-0.035459770114942536
8099,182,39.31999999999999,0.21604395604395601
8100,182,62.67,0.3443406593406593
8101,194,2.260000000000005,0.011649484536082501
8102,183,35.96,0.19650273224043716
8103,171,-54.93000000000001,-0.32122807017543864
8104,179,7.38000000000001,0.04122905027932966
8105,195,3.3699999999999832,0.017282051282051195
8106,193,33.79,0.17507772020725387
8107,194,22.389999999999997,0.1154123711340206
8108,175,56.67999999999999,0.3238857142857142
8109,179,19.710000000000008,0.11011173184357546
8110,188,13.509999999999994,0.07186170212765955
8111,182,34.540000000000006,0.1897802197802198
8112,168,40.75,0.2425595238095238
8113,181,5.939999999999998,0.032817679558011036
8114,178,34.1,0.1915730337078652
8115,169,-26.42,-0.15633136094674557
8116,182,50.94999999999999,0.2799450549450549
8117,175,-12.14,-0.06937142857142857
8118,174,-12.930000000000003,-0.07431034482758622
8119,165,-6.27,-0.038
8120,167,-26.410000000000004,-0.15814371257485033
8121,180,17.189999999999998,0.09549999999999999
8122,188,23.880000000000003,0.1270212765957447
8123,190,19.08,0.10042105263157894
8124,188,29.49,0.15686170212765957
8125,172,-3.29000000000001,-0.019127906976744245
8126,172,15.939999999999998,0.09267441860465114
8127,184,-2.0500000000000007,-0.01114130434782609
8128,167,22.029999999999998,0.13191616766467065
8129,182,69.06,0.37945054945054946
8130,178,0.24999999999999645,0.001404494382022452
8131,175,14.449999999999996,0.08257142857142855
8132,182,-16.619999999999997,-0.0913186813186813
8133,194,23.21,0.11963917525773196
8134,178,27.300000000000004,0.15337078651685396
8135,167,-27.68,-0.16574850299401198
8136,179,41.129999999999995,0.22977653631284914
8137,181,71.3,0.39392265193370163
8138,184,60.120000000000005,0.32673913043478264
8139,178,-14.919999999999998,-0.08382022471910111
8140,186,1.4499999999999993,0.007795698924731179
8141,178,-7.580000000000002,-0.04258426966292136
8142,182,41.16,0.22615384615384612
8143,178,-23.370000000000005,-0.1312921348314607
8144,190,-2.600000000000003,-0.013684210526315806
8145,181,21.28,0.11756906077348067
8146,185,-1.9600000000000009,-0.0105945945945946
8147,190,-13.370000000000001,-0.07036842105263158
8148,178,33.73,0.1894943820224719
8149,175,14.779999999999994,0.08445714285714283
8150,171,30.569999999999993,0.17877192982456136
8151,178,22.110000000000007,0.12421348314606745
8152,178,-12.14,-0.06820224719101124
8153,174,2.9499999999999993,0.01695402298850574
8154,190,35.11,0.18478947368421053
8155,175,-15.749999999999996,-0.08999999999999998
8156,204,42.699999999999996,0.20931372549019606
8157,187,11.479999999999993,0.061390374331550764
8158,176,53.8,0.30568181818181817
8159,191,23.92000000000001,0.1252356020942409
8160,180,-30.109999999999992,-0.16727777777777775
8161,174,13.67,0.0785632183908046
8162,185,36.88999999999999,0.19940540540540538
8163,192,35.209999999999994,0.18338541666666663
8164,184,55.81999999999999,0.3033695652173913
8165,179,17.63,0.09849162011173183
8166,179,46.84,0.2616759776536313
8167,179,39.329999999999984,0.21972067039106136
8168,181,-14.79,-0.08171270718232043
8169,179,-25.889999999999997,-0.14463687150837987
8170,173,-4.840000000000008,-0.027976878612716808
8171,181,-17.73,-0.09795580110497237
8172,182,33.47,0.1839010989010989
8173,172,7.7600000000000025,0.04511627906976746
8174,182,29.110000000000003,0.15994505494505495
8175,186,-9.440000000000001,-0.050752688172043016
8176,183,-12.11,-0.06617486338797814
8177,178,31.799999999999997,0.1786516853932584
8178,180,84.99,0.4721666666666666
8179,186,-9.55,-0.05134408602150538
8180,178,18.98,0.10662921348314607
8181,188,-20.88,-0.11106382978723403
8182,174,-16.239999999999995,-0.09333333333333331
8183,177,88.78,0.5015819209039548
8184,190,24.319999999999997,0.12799999999999997
8185,171,10.550000000000002,0.061695906432748554
8186,188,22.860000000000003,0.12159574468085108
8187,170,12.110000000000003,0.07123529411764708
8188,182,25.54,0.14032967032967034
8189,180,-1.2200000000000024,-0.006777777777777791
8190,180,-2.1600000000000037,-0.012000000000000021
8191,177,-44.379999999999995,-0.25073446327683613
8192,181,-43.23,-0.23883977900552483
8193,170,45.300000000000004,0.2664705882352941
8194,180,-54.74999999999999,-0.30416666666666664
8195,177,-27.310000000000002,-0.15429378531073448
8196,200,-25.04,-0.1252
8197,189,2.430000000000007,0.012857142857142893
8198,187,37.86000000000001,0.20245989304812836
8199,189,-7.5000000000000036,-0.0396825396825397
8200,178,8.480000000000004,0.04764044943820227
8201,167,24.98,0.14958083832335328
8202,174,33.059999999999995,0.18999999999999997
8203,192,90.63,0.47203124999999996
8204,178,-17.570000000000004,-0.09870786516853934
8205,179,-41.67,-0.23279329608938548
8206,189,11.730000000000004,0.062063492063492084
8207,178,9.11,0.05117977528089887
8208,183,61.21,0.3344808743169399
8209,175,23.02,0.13154285714285713
8210,188,72.46,0.3854255319148936
8211,177,7.539999999999999,0.04259887005649717
8212,177,1.1700000000000008,0.006610169491525428
8213,170,-19.380000000000003,-0.11400000000000002
8214,186,2.6199999999999957,0.014086021505376321
8215,164,-12.559999999999999,-0.07658536585365854
8216,183,1.9499999999999993,0.010655737704918029
8217,187,8.3,0.04438502673796792
8218,190,-2.3900000000000006,-0.012578947368421056
8219,163,-19.689999999999998,-0.12079754601226993
8220,178,-19.42,-0.10910112359550563
8221,175,42.56,0.2432
8222,175,22.089999999999996,0.1262285714285714
8223,191,23.26000000000001,0.12178010471204193
8224,174,12.829999999999998,0.07373563218390804
8225,176,22.21,0.12619318181818182
8226,181,-33.68,-0.18607734806629833
8227,179,40.61,0.22687150837988826
8228,190,12.179999999999996,0.06410526315789472
8229,180,-14.350000000000001,-0.07972222222222224
8230,190,15.149999999999993,0.07973684210526312
8231,176,64.53999999999999,0.3667045454545454
8232,188,96.05000000000001,0.510904255319149
8233,184,34.21000000000001,0.1859239130434783
8234,165,-28.99,-0.17569696969696968
8235,174,31.57,0.1814367816091954
8236,182,16.409999999999997,0.09016483516483514
8237,181,4.739999999999997,0.026187845303867384
8238,171,-17.52,-0.10245614035087719
8239,184,-9.580000000000002,-0.05206521739130436
8240,166,14.710000000000004,0.08861445783132532
8241,182,-2.3500000000000014,-0.01291208791208792
8242,179,21.860000000000007,0.122122905027933
8243,179,39.36000000000001,0.21988826815642462
8244,172,-3.9500000000000033,-0.022965116279069785
8245,188,80.53999999999999,0.4284042553191489
8246,178,62.459999999999994,0.35089887640449435
8247,187,71.1,0.3802139037433155
8248,181,-33.10000000000001,-0.18287292817679562
8249,182,88.54999999999998,0.4865384615384614
8250,192,38.93,0.20276041666666667
8251,163,-10.809999999999999,-0.06631901840490796
8252,187,-1.960000000000007,-0.01048128342245993
8253,186,7.069999999999993,0.03801075268817201
8254,166,-21.500000000000004,-0.12951807228915665
8255,172,-2.3100000000000014,-0.013430232558139544
8256,189,11.79000000000001,0.06238095238095243
8257,191,30.22,0.1582198952879581
8258,185,-22.0,-0.11891891891891893
8259,184,14.409999999999997,0.07831521739130433
8260,165,53.629999999999995,0.325030303030303
8261,183,18.199999999999996,0.09945355191256829
8262,177,-11.530000000000001,-0.06514124293785312
8263,184,13.119999999999994,0.07130434782608693
8264,173,8.259999999999991,0.04774566473988434
8265,177,-8.429999999999996,-0.047627118644067774
8266,187,-13.759999999999998,-0.07358288770053475
8267,178,10.380000000000003,0.05831460674157305
8268,191,-13.589999999999996,-0.07115183246073296
8269,178,-6.489999999999995,-0.03646067415730334
8270,179,60.39,0.33737430167597765
8271,190,27.940000000000005,0.1470526315789474
8272,186,-1.350000000000005,-0.007258064516129059
8273,179,13.93,0.07782122905027933
8274,183,11.249999999999996,0.06147540983606555
8275,178,41.68,0.23415730337078652
8276,175,-1.4599999999999937,-0.008342857142857107
8277,182,11.509999999999996,0.06324175824175822
8278,177,44.660000000000004,0.252316384180791
8279,195,68.58,0.3516923076923077
8280,180,-8.529999999999998,-0.047388888888888876
8281,191,14.649999999999995,0.07670157068062824
8282,181,-3.7500000000000036,-0.020718232044198915
8283,176,-21.08,-0.11977272727272727
8284,181,-3.4400000000000013,-0.01900552486187846
8285,175,36.35000000000001,0.20771428571428577
8286,175,20.9,0.11942857142857143
8287,185,67.33,0.3639459459459459
8288,189,-4.660000000000004,-0.024656084656084674
8289,194,-12.940000000000008,-0.0667010309278351
8290,188,-0.9399999999999977,-0.004999999999999988
8291,186,24.96,0.13419354838709677
8292,184,17.919999999999995,0.09739130434782606
8293,189,-10.690000000000001,-0.05656084656084657
8294,184,-1.0300000000000047,-0.005597826086956547
8295,188,31.32,0.16659574468085106
8296,182,-19.110000000000003,-0.10500000000000001
8297,187,-16.54,-0.08844919786096256
8298,194,0.490000000000002,0.002525773195876299
8299,182,-3.5199999999999996,-0.019340659340659337
8300,177,-5.099999999999998,-0.028813559322033885
8301,171,1.5500000000000078,0.009064327485380162
8302,169,29.34,0.1736094674556213
8303,181,9.380000000000006,0.05182320441988954
8304,174,49.51,0.28454022988505745
8305,173,75.56,0.4367630057803468
8306,178,-18.29,-0.10275280898876404
8307,182,1.8499999999999988,0.010164835164835158
8308,175,-15.279999999999998,-0.0873142857142857
8309,189,41.129999999999995,0.2176190476190476
8310,171,13.72,0.08023391812865498
8311,165,50.83,0.30806060606060603
8312,184,3.8200000000000003,0.02076086956521739
8313,168,-8.580000000000002,-0.05107142857142858
8314,190,25.699999999999996,0.1352631578947368
8315,191,29.08,0.15225130890052355
8316,173,-9.639999999999997,-0.05572254335260114
8317,188,19.089999999999996,0.10154255319148935
8318,172,4.510000000000002,0.02622093023255815
8319,184,9.23,0.05016304347826087
8320,182,7.639999999999997,0.04197802197802196
8321,169,55.05,0.3257396449704142
8322,192,-3.2399999999999984,-0.01687499999999999
8323,177,19.189999999999998,0.10841807909604519
8324,182,-21.949999999999996,-0.12060439560439558
8325,180,-19.38,-0.10766666666666666
8326,172,-15.880000000000003,-0.09232558139534885
8327,183,-17.980000000000004,-0.0982513661202186
8328,185,-19.14,-0.10345945945945946
8329,177,-4.539999999999999,-0.025649717514124287
8330,178,-35.08,-0.19707865168539324
8331,182,-12.990000000000002,-0.07137362637362639
8332,183,35.019999999999996,0.1913661202185792
8333,168,51.46,0.3063095238095238
8334,178,-4.760000000000002,-0.026741573033707874
8335,171,0.639999999999997,0.0037426900584795145
8336,166,23.379999999999995,0.14084337349397588
8337,182,23.91999999999999,0.13142857142857137
8338,187,-0.4800000000000004,-0.0025668449197860984
8339,184,39.59,0.2151630434782609
8340,174,-8.529999999999994,-0.049022988505747093
8341,186,52.47,0.2820967741935484
8342,179,28.270000000000003,0.15793296089385478
8343,173,-22.8,-0.13179190751445088
8344,187,7.190000000000001,0.038449197860962576
8345,183,0.5000000000000071,0.002732240437158509
8346,176,18.199999999999996,0.10340909090909088
8347,196,10.809999999999988,0.055153061224489736
8348,167,44.589999999999996,0.2670059880239521
8349,184,14.629999999999999,0.07951086956521738
8350,180,11.11,0.06172222222222222
8351,182,7.490000000000002,0.041153846153846166
8352,171,75.82,0.44339181286549706
8353,183,-15.059999999999997,-0.0822950819672131
8354,175,51.35999999999999,0.29348571428571424
8355,187,-49.400000000000006,-0.26417112299465245
8356,188,60.51,0.3218617021276596
8357,181,-17.2,-0.09502762430939227
8358,164,27.99,0.17067073170731706
8359,197,-10.860000000000003,-0.05512690355329951
8360,172,18.560000000000002,0.10790697674418606
8361,179,-37.53,-0.20966480446927374
8362,189,85.85,0.4542328042328042
8363,187,76.28,0.4079144385026738
8364,180,-15.420000000000002,-0.08566666666666668
8365,170,-58.01,-0.341235294117647
8366,172,42.52999999999999,0.24726744186046504
8367,180,-1.5999999999999979,-0.008888888888888877
8368,168,-35.52,-0.21142857142857144
8369,177,-42.22,-0.23853107344632768
8370,179,-6.540000000000006,-0.03653631284916205
8371,176,-0.4799999999999933,-0.0027272727272726893
8372,176,2.769999999999996,0.01573863636363634
8373,182,32.72999999999999,0.1798351648351648
8374,190,8.98,0.04726315789473685
8375,177,-7.210000000000001,-0.040734463276836164
8376,176,70.59,0.4010795454545455
8377,165,15.640000000000004,0.09478787878787881
8378,168,-32.25,-0.19196428571428573
8379,170,4.279999999999999,0.02517647058823529
8380,186,1.019999999999996,0.0054838709677419144
8381,183,-0.7800000000000082,-0.004262295081967258
8382,180,26.74,0.14855555555555555
8383,166,26.459999999999997,0.15939759036144577
8384,186,15.289999999999992,0.08220430107526877
8385,175,10.420000000000009,0.059542857142857196
8386,169,-6.000000000000002,-0.035502958579881665
8387,182,-24.77,-0.1360989010989011
8388,182,35.07,0.1926923076923077
8389,173,4.929999999999998,0.028497109826589585
8390,180,8.960000000000004,0.0497777777777778
8391,183,17.89,0.09775956284153006
8392,197,33.540000000000006,0.17025380710659901
8393,180,23.62,0.13122222222222224
8394,181,15.029999999999998,0.08303867403314916
8395,179,5.219999999999995,0.029162011173184333
8396,174,-1.1400000000000006,-0.006551724137931037
8397,176,19.780000000000005,0.11238636363636366
8398,191,12.380000000000003,0.06481675392670158
8399,184,40.64,0.22086956521739132
8400,175,52.349999999999994,0.2991428571428571
8401,176,-8.77,-0.04982954545454545
8402,175,-7.420000000000005,-0.04240000000000003
8403,185,30.51,0.16491891891891894
8404,171,-14.860000000000003,-0.08690058479532166
8405,171,63.019999999999996,0.3685380116959064
8406,169,-30.29,-0.17923076923076922
8407,183,20.939999999999998,0.11442622950819671
8408,177,-8.27,-0.046723163841807906
8409,185,-17.110000000000007,-0.09248648648648652
8410,175,26.3,0.1502857142857143
8411,167,28.450000000000003,0.17035928143712575
8412,177,-30.85,-0.17429378531073447
8413,182,-8.459999999999997,-0.046483516483516465
8414,177,-40.88999999999999,-0.23101694915254234
8415,191,44.38000000000001,0.23235602094240843
8416,176,-34.7,-0.19715909090909092
8417,205,-28.740000000000006,-0.14019512195121953
8418,168,-12.739999999999998,-0.07583333333333332
8419,183,3.59,0.019617486338797813
8420,194,63.33,0.32644329896907215
8421,170,12.560000000000006,0.07388235294117651
8422,174,-58.93,-0.3386781609195402
8423,181,-21.229999999999997,-0.11729281767955799
8424,177,-19.840000000000003,-0.11209039548022601
8425,186,33.32,0.17913978494623656
8426,182,38.620000000000005,0.2121978021978022
8427,181,-21.839999999999996,-0.12066298342541434
8428,183,3.4399999999999964,0.018797814207650254
8429,174,50.230000000000004,0.28867816091954024
8430,183,-11.260000000000005,-0.06153005464480877
8431,171,8.479999999999993,0.04959064327485376
8432,181,-29.949999999999996,-0.1654696132596685
8433,191,28.79,0.1507329842931937
8434,169,3.380000000000006,0.020000000000000035
8435,185,0.2899999999999956,0.0015675675675675437
8436,176,-14.2,-0.08068181818181817
8437,174,24.21,0.13913793103448277
8438,181,-37.05,-0.20469613259668507
8439,172,-0.8699999999999974,-0.0050581395348837065
8440,179,28.52,0.15932960893854747
8441,192,71.66,0.37322916666666667
8442,187,-46.09,-0.24647058823529414
8443,187,-9.469999999999995,-0.0506417112299465
8444,182,-2.700000000000003,-0.01483516483516485
8445,183,54.17,0.29601092896174863
8446,187,31.169999999999995,0.1666844919786096
8447,172,-17.230000000000008,-0.1001744186046512
8448,188,-0.7000000000000028,-0.003723404255319164
8449,178,-10.96,-0.061573033707865175
8450,184,-14.709999999999999,-0.07994565217391304
8451,181,-5.170000000000002,-0.02856353591160222
8452,180,31.939999999999998,0.17744444444444443
8453,183,14.5,0.07923497267759563
8454,171,-1.4800000000000022,-0.008654970760233931
8455,174,17.589999999999996,0.10109195402298848
8456,183,2.1700000000000053,0.011857923497267789
8457,183,42.309999999999995,0.2312021857923497
8458,184,-34.38,-0.18684782608695655
8459,180,-27.32,-0.1517777777777778
8460,195,23.87,0.12241025641025642
8461,170,-20.28,-0.11929411764705883
8462,180,-40.47,-0.22483333333333333
8463,181,-19.140000000000004,-0.10574585635359118
8464,171,24.17,0.14134502923976608
8465,166,-15.949999999999992,-0.09608433734939754
8466,179,4.6700000000000035,0.026089385474860356
8467,178,5.42,0.03044943820224719
8468,176,-7.290000000000001,-0.04142045454545455
8469,169,8.140000000000002,0.048165680473372795
8470,178,10.579999999999998,0.059438202247191
8471,178,16.100000000000005,0.09044943820224721
8472,178,-2.9500000000000015,-0.016573033707865177
8473,176,77.13,0.43823863636363636
8474,183,88.21,0.4820218579234972
8475,188,30.869999999999994,0.16420212765957443
8476,184,41.60000000000001,0.22608695652173919
8477,181,29.389999999999997,0.1623756906077348
8478,187,22.64,0.12106951871657755
8479,178,-9.909999999999997,-0.05567415730337077
8480,176,-13.029999999999994,-0.07403409090909087
8481,178,-9.580000000000004,-0.053820224719101147
8482,182,-14.539999999999992,-0.07989010989010985
8483,173,-9.050000000000004,-0.05231213872832372
8484,182,4.440000000000001,0.0243956043956044
8485,187,60.59999999999998,0.32406417112299457
8486,170,5.2500000000000036,0.030882352941176493
8487,187,22.850000000000005,0.12219251336898398
8488,188,-0.49000000000000554,-0.002606382978723434
8489,162,9.08,0.05604938271604938
8490,175,-3.360000000000001,-0.019200000000000005
8491,178,-1.8699999999999992,-0.010505617977528086
8492,187,2.6799999999999997,0.014331550802139036
8493,175,56.88000000000001,0.3250285714285715
8494,178,45.780000000000015,0.25719101123595517
8495,183,25.290000000000003,0.13819672131147542
8496,186,-18.98,-0.10204301075268818
8497,183,26.0,0.14207650273224043
8498,177,22.099999999999994,0.12485875706214686
8499,185,29.730000000000004,0.16070270270270273
8500,188,43.93,0.23367021276595745
8501,179,4.349999999999999,0.024301675977653623
8502,175,-40.17,-0.22954285714285716
8503,189,-21.600000000000005,-0.11428571428571431
8504,169,-5.4599999999999955,-0.03230769230769228
8505,177,-36.92,-0.20858757062146893
8506,182,39.78999999999999,0.21862637362637358
8507,179,-24.53,-0.13703910614525142
8508,182,-11.720000000000002,-0.0643956043956044
8509,177,1.839999999999998,0.01039548022598869
8510,188,-21.749999999999996,-0.11569148936170211
8511,177,8.230000000000002,0.04649717514124295
8512,175,54.67,0.3124
8513,181,25.39,0.14027624309392264
8514,180,27.23,0.1512777777777778
8515,179,-5.85,-0.032681564245810056
8516,175,-23.460000000000004,-0.13405714285714287
8517,168,-7.139999999999997,-0.04249999999999998
8518,183,4.490000000000002,0.02453551912568307
8519,187,0.129999999999999,0.0006951871657753958
8520,179,27.480000000000004,0.15351955307262571
8521,169,43.709999999999994,0.2586390532544378
8522,174,36.71000000000001,0.2109770114942529
8523,190,71.58000000000001,0.3767368421052632
8524,184,68.78999999999999,0.3738586956521739
8525,178,-14.329999999999998,-0.08050561797752807
8526,186,3.8500000000000085,0.02069892473118284
8527,183,-14.979999999999997,-0.08185792349726774
8528,173,2.460000000000001,0.014219653179190756
8529,183,30.58,0.167103825136612
8530,177,-41.95,-0.23700564971751414
8531,176,16.63,0.09448863636363636
8532,179,-6.3600000000000065,-0.035530726256983274
8533,187,-7.219999999999995,-0.03860962566844917
8534,177,20.540000000000003,0.11604519774011302
8535,201,58.37,0.2903980099502487
8536,172,19.989999999999995,0.11622093023255811
8537,183,63.489999999999995,0.3469398907103825
8538,181,-6.020000000000001,-0.0332596685082873
8539,176,14.650000000000004,0.08323863636363639
8540,182,-30.82,-0.16934065934065934
8541,169,37.47,0.22171597633136095
8542,179,-37.0,-0.20670391061452514
8543,186,37.19,0.19994623655913976
8544,182,55.34,0.3040659340659341
8545,169,34.760000000000005,0.2056804733727811
8546,173,42.05,0.24306358381502888
8547,179,83.65,0.46731843575418996
8548,191,5.330000000000002,0.027905759162303676
8549,176,26.119999999999997,0.1484090909090909
8550,193,15.309999999999995,0.0793264248704663
8551,176,27.740000000000002,0.15761363636363637
8552,179,96.12,0.5369832402234637
8553,171,45.5,0.26608187134502925
8554,177,3.0700000000000003,0.017344632768361585
8555,181,20.09,0.11099447513812155
8556,177,1.0000000000000036,0.005649717514124314
8557,170,-5.32,-0.031294117647058826
8558,198,73.08,0.3690909090909091
8559,182,15.019999999999996,0.0825274725274725
8560,188,24.26,0.12904255319148936
8561,169,18.39999999999999,0.10887573964497037
8562,185,-23.799999999999997,-0.12864864864864864
8563,184,30.169999999999995,0.1639673913043478
8564,178,-8.079999999999998,-0.04539325842696628
8565,174,30.190000000000005,0.17350574712643682
8566,172,-5.180000000000006,-0.030116279069767476
8567,194,19.190000000000005,0.0989175257731959
8568,172,-20.080000000000005,-0.11674418604651166
8569,174,1.0899999999999999,0.006264367816091953
8570,178,4.550000000000001,0.025561797752808993
8571,185,-5.790000000000003,-0.03129729729729731
8572,175,20.37,0.1164
8573,179,19.71,0.11011173184357542
8574,181,12.3,0.06795580110497237
8575,173,-8.620000000000005,-0.049826589595375746
8576,182,-45.129999999999995,-0.24796703296703293
8577,177,19.72,0.11141242937853106
8578,175,-45.28999999999999,-0.2588
8579,188,-23.909999999999997,-0.12718085106382976
8580,177,-12.009999999999998,-0.06785310734463276
8581,168,42.260000000000005,0.2515476190476191
8582,172,-11.360000000000001,-0.06604651162790698
8583,184,-25.200000000000003,-0.13695652173913045
8584,187,17.78,0.09508021390374333
8585,184,15.230000000000002,0.0827717391304348
8586,195,-4.219999999999995,-0.021641025641025616
8587,182,14.209999999999997,0.07807692307692306
8588,200,42.38,0.2119
8589,187,-24.819999999999993,-0.1327272727272727
8590,191,21.35000000000001,0.11178010471204193
8591,181,6.200000000000005,0.034254143646408865
8592,187,-1.9599999999999973,-0.010481283422459879
8593,192,13.160000000000004,0.06854166666666668
8594,178,52.03,0.29230337078651686
8595,175,36.620000000000005,0.2092571428571429
8596,190,7.469999999999999,0.03931578947368421
8597,171,63.1,0.3690058479532164
8598,182,10.399999999999999,0.057142857142857134
8599,189,21.779999999999998,0.11523809523809522
8600,186,-17.96,-0.09655913978494624
8601,174,16.39,0.09419540229885058
8602,190,-1.3799999999999955,-0.007263157894736818
8603,176,-1.5599999999999987,-0.008863636363636357
8604,169,-0.5,-0.0029585798816568047
8605,179,35.05,0.19581005586592176
8606,182,-12.12,-0.0665934065934066
8607,181,-37.55,-0.20745856353591158
8608,181,-3.34,-0.018453038674033147
8609,184,36.440000000000005,0.1980434782608696
8610,170,-8.690000000000005,-0.05111764705882356
8611,170,-19.669999999999998,-0.11570588235294117
8612,179,26.79,0.14966480446927374
8613,175,-20.6,-0.11771428571428572
8614,184,-7.1299999999999955,-0.03874999999999997
8615,175,-17.150000000000002,-0.09800000000000002
8616,173,77.74000000000001,0.449364161849711
8617,175,37.34,0.2133714285714286
8618,181,0.4400000000000035,0.0024309392265193562
8619,176,-28.529999999999994,-0.1621022727272727
8620,165,-20.79,-0.126
8621,178,-40.91,-0.22983146067415727
8622,184,5.349999999999998,0.029076086956521727
8623,193,11.21,0.05808290155440415
8624,182,3.440000000000005,0.018901098901098926
8625,179,48.74,0.2722905027932961
8626,183,28.640000000000004,0.15650273224043718
8627,184,18.779999999999994,0.10206521739130432
8628,185,-1.3899999999999935,-0.007513513513513479
8629,181,3.1600000000000037,0.017458563535911624
8630,171,40.190000000000005,0.2350292397660819
8631,178,14.350000000000001,0.0806179775280899
8632,173,21.189999999999998,0.12248554913294796
8633,177,3.739999999999999,0.021129943502824853
8634,176,49.17999999999999,0.2794318181818181
8635,186,19.419999999999995,0.1044086021505376
8636,188,24.860000000000003,0.13223404255319152
8637,177,48.89,0.2762146892655367
8638,184,9.490000000000002,0.05157608695652175
8639,186,37.07000000000001,0.19930107526881724
8640,176,-13.810000000000002,-0.0784659090909091
8641,171,21.22,0.12409356725146198
8642,178,-9.949999999999996,-0.055898876404494355
8643,187,47.18,0.25229946524064173
8644,177,-28.38,-0.16033898305084746
8645,172,-13.240000000000006,-0.07697674418604654
8646,186,7.009999999999998,0.03768817204301074
8647,191,-2.550000000000005,-0.013350785340314163
8648,178,-5.209999999999996,-0.029269662921348295
8649,181,60.89999999999999,0.33646408839779
8650,195,57.14,0.29302564102564105
8651,182,28.740000000000002,0.1579120879120879
8652,181,34.35,0.18977900552486188
8653,176,10.25,0.05823863636363636
8654,175,-11.399999999999995,-0.06514285714285711
8655,184,40.61,0.22070652173913044
8656,197,4.400000000000002,0.02233502538071067
8657,176,18.25,0.10369318181818182
8658,188,-9.539999999999992,-0.05074468085106379
8659,179,-44.949999999999996,-0.2511173184357542
8660,184,19.889999999999997,0.1080978260869565
8661,188,2.400000000000002,0.012765957446808522
8662,170,21.56,0.1268235294117647
8663,178,10.550000000000004,0.05926966292134834
8664,174,5.999999999999997,0.03448275862068964
8665,172,-21.489999999999995,-0.12494186046511625
8666,184,9.940000000000005,0.05402173913043481
8667,183,8.14,0.044480874316939895
8668,170,57.620000000000005,0.33894117647058825
8669,177,-41.52,-0.2345762711864407
8670,169,-13.159999999999997,-0.07786982248520707
8671,192,16.880000000000006,0.0879166666666667
8672,190,9.429999999999996,0.0496315789473684
8673,176,45.44999999999999,0.2582386363636363
8674,179,27.680000000000003,0.1546368715083799
8675,186,-4.59,-0.02467741935483871
8676,176,76.22,0.4330681818181818
8677,183,0.9399999999999995,0.0051366120218579205
8678,179,22.870000000000008,0.12776536312849165
8679,172,-6.27,-0.03645348837209302
8680,174,1.4699999999999993,0.008448275862068961
8681,172,-13.32,-0.07744186046511628
8682,180,40.699999999999996,0.2261111111111111
8683,177,-7.200000000000006,-0.040677966101694954
8684,169,89.92,0.5320710059171597
8685,179,5.149999999999998,0.028770949720670378
8686,186,43.900000000000006,0.23602150537634412
8687,183,33.599999999999994,0.18360655737704915
8688,190,17.139999999999993,0.09021052631578944
8689,195,27.590000000000003,0.1414871794871795
8690,184,-33.06999999999999,-0.17972826086956517
8691,172,-16.63,-0.0966860465116279
8692,176,-5.970000000000003,-0.033920454545454566
8693,179,4.609999999999996,0.025754189944134056
8694,178,-42.09,-0.2364606741573034
8695,188,46.8,0.24893617021276596
8696,179,-27.769999999999996,-0.15513966480446925
8697,171,41.23,0.24111111111111108
8698,176,44.99000000000001,0.25562500000000005
8699,200,8.950000000000001,0.044750000000000005
8700,182,22.13,0.12159340659340659
8701,183,-6.160000000000004,-0.03366120218579237
8702,188,-1.1499999999999986,-0.006117021276595737
8703,190,-2.1400000000000006,-0.011263157894736845
8704,178,32.93,0.185
8705,186,-32.06,-0.1723655913978495
8706,165,-43.84,-0.2656969696969697
8707,181,-17.070000000000004,-0.09430939226519339
8708,177,-4.220000000000006,-0.023841807909604554
8709,182,3.539999999999999,0.019450549450549446
8710,171,16.580000000000005,0.09695906432748541
8711,176,-8.05,-0.04573863636363637
8712,172,-14.949999999999996,-0.08691860465116276
8713,178,56.52,0.3175280898876405
8714,186,49.910000000000004,0.26833333333333337
8715,177,2.4800000000000004,0.014011299435028251
8716,175,3.370000000000008,0.019257142857142903
8717,181,59.9,0.330939226519337
8718,180,27.830000000000002,0.15461111111111112
8719,184,23.690000000000005,0.12875000000000003
8720,179,-15.790000000000006,-0.08821229050279333
8721,173,87.97999999999999,0.5085549132947976
8722,173,-61.99,-0.35832369942196535
8723,173,-9.01,-0.05208092485549133
8724,166,-16.76,-0.10096385542168676
8725,175,2.1999999999999993,0.012571428571428567
8726,197,27.82999999999999,0.14126903553299489
8727,166,11.630000000000013,0.0700602409638555
8728,183,28.93,0.15808743169398906
8729,178,52.39,0.2943258426966292
8730,179,60.980000000000004,0.3406703910614525
8731,178,15.48,0.08696629213483147
8732,185,-65.50999999999999,-0.35410810810810806
8733,185,8.959999999999997,0.04843243243243242
8734,186,-8.850000000000012,-0.04758064516129039
8735,183,-0.14999999999999858,-0.0008196721311475332
8736,172,13.71,0.0797093023255814
8737,186,64.13,0.34478494623655914
8738,180,11.540000000000001,0.06411111111111112
8739,174,13.410000000000007,0.07706896551724142
8740,171,46.62,0.2726315789473684
8741,188,19.99,0.10632978723404254
8742,174,11.570000000000002,0.06649425287356323
8743,173,21.680000000000003,0.12531791907514453
8744,190,6.290000000000003,0.03310526315789475
8745,182,3.8600000000000048,0.021208791208791235
8746,185,4.789999999999996,0.02589189189189187
8747,177,10.339999999999996,0.058418079096045177
8748,176,-22.699999999999992,-0.1289772727272727
8749,190,-17.86,-0.094
8750,177,-13.080000000000002,-0.07389830508474578
8751,177,-0.9200000000000035,-0.00519774011299437
8752,180,-33.91,-0.18838888888888888
8753,180,42.76,0.23755555555555555
8754,179,8.730000000000004,0.04877094972067041
8755,184,18.06,0.09815217391304347
8756,183,-0.2899999999999956,-0.0015846994535518885
8757,184,-24.459999999999997,-0.13293478260869565
8758,173,61.95,0.358092485549133
8759,174,-7.440000000000001,-0.04275862068965518
8760,179,-5.619999999999996,-0.031396648044692714
8761,176,13.990000000000004,0.07948863636363639
8762,196,14.49,0.07392857142857143
8763,179,-14.920000000000002,-0.08335195530726258
8764,179,-23.439999999999994,-0.13094972067039104
8765,181,-18.6,-0.10276243093922653
8766,175,9.400000000000002,0.05371428571428573
8767,178,70.75,0.39747191011235955
8768,184,37.55,0.2040760869565217
8769,181,40.3,0.22265193370165745
8770,180,-50.96,-0.2831111111111111
8771,182,44.16,0.24263736263736263
8772,190,-19.649999999999995,-0.10342105263157893
8773,173,16.610000000000003,0.09601156069364164
8774,178,32.82,0.1843820224719101
8775,175,7.560000000000005,0.04320000000000003
8776,180,30.83,0.17127777777777778
8777,175,69.06,0.39462857142857144
8778,184,17.5,0.09510869565217392
8779,171,-7.319999999999997,-0.04280701754385963
8780,177,13.370000000000001,0.07553672316384182
8781,177,30.03,0.16966101694915256
8782,174,22.76,0.13080459770114944
8783,181,28.11,0.15530386740331492
8784,173,2.8900000000000006,0.01670520231213873
8785,174,0.120000000000001,0.0006896551724137988
8786,168,38.92,0.2316666666666667
8787,182,85.67000000000002,0.4707142857142858
8788,186,-2.8299999999999983,-0.015215053763440851
8789,176,24.48,0.1390909090909091
8790,172,-22.73,-0.1321511627906977
8791,194,-12.369999999999997,-0.06376288659793813
8792,174,-11.630000000000003,-0.06683908045977013
8793,192,-57.309999999999995,-0.2984895833333333
8794,175,-21.209999999999994,-0.12119999999999996
8795,171,-54.41,-0.31818713450292396
8796,186,23.569999999999993,0.12672043010752684
8797,187,50.64,0.27080213903743316
8798,189,-3.8000000000000007,-0.02010582010582011
8799,170,-24.110000000000003,-0.14182352941176474
8800,168,-21.670000000000005,-0.12898809523809526
8801,166,-3.8299999999999983,-0.023072289156626496
8802,179,16.63,0.09290502793296089
8803,186,-7.090000000000002,-0.038118279569892485
8804,185,-3.2099999999999973,-0.017351351351351338
8805,189,84.96,0.4495238095238095
8806,183,-9.129999999999999,-0.04989071038251366
8807,184,18.389999999999997,0.09994565217391303
8808,183,-8.609999999999998,-0.04704918032786884
8809,172,25.6,0.14883720930232558
8810,172,32.870000000000005,0.1911046511627907
8811,170,-7.379999999999999,-0.043411764705882344
8812,182,-13.969999999999999,-0.07675824175824175
8813,180,-11.809999999999999,-0.0656111111111111
8814,189,14.179999999999998,0.07502645502645501
8815,186,82.45,0.44327956989247314
8816,176,-3.1700000000000017,-0.018011363636363645
8817,178,-14.12,-0.0793258426966292
8818,190,26.340000000000003,0.13863157894736844
8819,182,-17.440000000000005,-0.09582417582417585
8820,167,28.529999999999998,0.1708383233532934
8821,175,-32.18,-0.1838857142857143
8822,187,35.78,0.19133689839572193
8823,179,64.78999999999999,0.3619553072625698
8824,189,29.380000000000006,0.15544973544973548
8825,164,60.24000000000001,0.36731707317073176
8826,172,19.729999999999993,0.11470930232558135
8827,188,10.3,0.054787234042553194
8828,186,48.559999999999995,0.2610752688172043
8829,181,2.8900000000000023,0.015966850828729295
8830,172,-5.5000000000000036,-0.031976744186046534
8831,188,-41.24999999999999,-0.21941489361702124
8832,187,21.769999999999996,0.11641711229946522
8833,188,5.59,0.029734042553191488
8834,172,-18.459999999999997,-0.10732558139534883
8835,176,59.56,0.33840909090909094
8836,173,0.3500000000000001,0.0020231213872832377
8837,176,-5.369999999999997,-0.03051136363636362
8838,189,42.94,0.22719576719576717
8839,172,-12.409999999999997,-0.07215116279069765
8840,192,76.24999999999999,0.3971354166666666
8841,183,33.46,0.18284153005464482
8842,181,-18.42,-0.10176795580110498
8843,183,14.280000000000001,0.07803278688524591
8844,181,6.34,0.03502762430939226
8845,178,-19.080000000000002,-0.10719101123595506
8846,179,-12.390000000000004,-0.0692178770949721
8847,179,77.51000000000002,0.4330167597765364
8848,172,35.220000000000006,0.20476744186046514
8849,173,16.650000000000002,0.096242774566474
8850,176,-6.090000000000003,-0.034602272727272745
8851,170,71.41999999999999,0.42011764705882343
8852,194,47.879999999999995,0.2468041237113402
8853,170,-23.580000000000005,-0.1387058823529412
8854,173,-1.6899999999999977,-0.009768786127167617
8855,185,91.97,0.49713513513513513
8856,176,80.68,0.45840909090909093
8857,175,41.07,0.23468571428571428
8858,185,21.71,0.11735135135135136
8859,172,-21.390000000000004,-0.12436046511627909
8860,184,15.440000000000005,0.0839130434782609
8861,174,29.889999999999997,0.17178160919540228
8862,181,15.939999999999998,0.08806629834254143
8863,185,33.05,0.17864864864864863
8864,184,-3.1799999999999997,-0.017282608695652173
8865,195,16.660000000000004,0.08543589743589745
8866,179,-14.14,-0.07899441340782123
8867,175,-19.11,-0.10919999999999999
8868,176,27.610000000000003,0.15687500000000001
8869,176,-9.690000000000001,-0.055056818181818186
8870,176,-17.0,-0.09659090909090909
8871,176,-15.909999999999997,-0.09039772727272725
8872,185,56.97,0.30794594594594593
8873,175,6.480000000000004,0.03702857142857145
8874,172,-9.770000000000003,-0.05680232558139537
8875,176,-30.57,-0.17369318181818183
8876,175,29.800000000000004,0.17028571428571432
8877,168,-25.470000000000002,-0.15160714285714288
8878,180,0.30999999999999384,0.001722222222222188
8879,168,-11.740000000000002,-0.06988095238095239
8880,179,-10.45,-0.05837988826815642
8881,185,78.74000000000001,0.42562162162162165
8882,180,5.649999999999995,0.03138888888888886
8883,163,-7.379999999999999,-0.045276073619631894
8884,175,19.200000000000003,0.10971428571428574
8885,170,25.13,0.1478235294117647
8886,180,-11.43000000000001,-0.06350000000000006
8887,169,-45.86000000000001,-0.27136094674556216
8888,188,39.55,0.2103723404255319
8889,184,20.349999999999998,0.11059782608695651
8890,181,-35.88,-0.19823204419889504
8891,167,6.959999999999999,0.04167664670658682
8892,183,33.2,0.18142076502732243
8893,174,-12.15,-0.06982758620689655
8894,178,15.64,0.08786516853932584
8895,185,35.02,0.1892972972972973
8896,170,-3.890000000000002,-0.022882352941176482
8897,183,-10.39,-0.05677595628415301
8898,188,10.18,0.05414893617021276
8899,172,57.230000000000004,0.3327325581395349
8900,197,71.18,0.36131979695431476
8901,187,18.829999999999995,0.10069518716577537
8902,185,18.409999999999997,0.0995135135135135
8903,191,39.55,0.20706806282722512
8904,187,13.84999999999999,0.0740641711229946
8905,190,50.96000000000001,0.2682105263157895
8906,178,39.37,0.22117977528089885
8907,197,10.890000000000004,0.05527918781725891
8908,171,2.5499999999999936,0.014912280701754349
8909,185,8.850000000000005,0.04783783783783786
8910,185,28.400000000000006,0.15351351351351356
8911,180,41.099999999999994,0.2283333333333333
8912,179,14.17,0.07916201117318436
8913,181,3.889999999999999,0.021491712707182312
8914,174,-1.1100000000000048,-0.0063793103448276135
8915,173,-7.060000000000002,-0.04080924855491331
8916,163,21.509999999999998,0.13196319018404906
8917,180,50.919999999999995,0.28288888888888886
8918,176,5.6999999999999975,0.03238636363636362
8919,187,-12.789999999999996,-0.06839572192513367
8920,175,28.14,0.1608
8921,180,44.89999999999999,0.24944444444444439
8922,174,1.9699999999999989,0.011321839080459764
8923,171,10.629999999999999,0.06216374269005848
8924,178,16.749999999999993,0.09410112359550558
8925,166,-0.8100000000000067,-0.004879518072289197
8926,170,38.63000000000001,0.22723529411764712
8927,181,96.97,0.5357458563535912
8928,186,8.229999999999999,0.044247311827956985
8929,187,-11.150000000000002,-0.05962566844919787
8930,165,51.00999999999999,0.3091515151515151
8931,172,26.970000000000002,0.15680232558139537
8932,177,8.770000000000003,0.049548022598870076
8933,173,26.330000000000005,0.15219653179190754
8934,182,-16.439999999999994,-0.09032967032967029
8935,170,-1.2399999999999993,-0.00729411764705882
8936,174,-50.67,-0.29120689655172416
8937,182,-3.2299999999999933,-0.01774725274725271
8938,186,13.170000000000007,0.07080645161290326
8939,187,15.509999999999998,0.08294117647058823
8940,185,49.859999999999985,0.26951351351351344
8941,188,-20.120000000000005,-0.1070212765957447
8942,190,71.95,0.3786842105263158
8943,190,-29.250000000000004,-0.15394736842105264
8944,190,42.93000000000001,0.22594736842105267
8945,189,44.39999999999999,0.23492063492063486
8946,179,-3.429999999999996,-0.019162011173184335
8947,176,13.77,0.07823863636363636
8948,173,16.810000000000002,0.09716763005780348
8949,193,24.810000000000006,0.1285492227979275
8950,192,7.799999999999997,0.04062499999999999
8951,189,20.500000000000004,0.10846560846560849
8952,193,25.889999999999997,0.13414507772020723
8953,176,66.47,0.37767045454545456
8954,196,34.97,0.17841836734693878
8955,189,-19.46,-0.10296296296296296
8956,181,43.47999999999999,0.24022099447513806
8957,184,-9.250000000000005,-0.05027173913043481
8958,179,93.81,0.5240782122905028
8959,184,-13.910000000000007,-0.07559782608695656
8960,172,13.509999999999994,0.07854651162790695
8961,186,20.019999999999992,0.1076344086021505
8962,181,3.2800000000000047,0.018121546961325993
8963,201,79.32999999999998,0.39467661691542283
8964,181,-1.0100000000000064,-0.0055801104972376045
8965,170,-40.940000000000005,-0.24082352941176474
8966,174,-12.809999999999999,-0.0736206896551724
8967,180,38.779999999999994,0.2154444444444444
8968,180,-52.94,-0.2941111111111111
8969,180,56.86,0.3158888888888889
8970,187,12.690000000000001,0.06786096256684493
8971,173,49.790000000000006,0.2878034682080925
8972,182,7.660000000000006,0.04208791208791212
8973,181,55.81,0.3083425414364641
8974,180,64.35000000000001,0.35750000000000004
8975,182,1.8499999999999988,0.010164835164835158
8976,184,28.419999999999998,0.15445652173913044
8977,184,48.27000000000001,0.26233695652173916
8978,175,-14.829999999999998,-0.08474285714285713
8979,189,1.9900000000000055,0.010529100529100558
8980,180,18.439999999999998,0.10244444444444444
8981,170,-20.729999999999993,-0.12194117647058819
8982,172,-15.71,-0.09133720930232558
8983,184,50.57,0.2748369565217391
8984,179,-13.810000000000006,-0.07715083798882685
8985,181,34.089999999999996,0.18834254143646406
8986,174,46.25999999999999,0.2658620689655172
8987,171,38.559999999999995,0.22549707602339178
8988,176,41.24,0.23431818181818184
8989,183,22.999999999999993,0.1256830601092896
8990,197,67.33,0.3417766497461929
8991,181,13.629999999999999,0.0753038674033149
8992,179,7.110000000000003,0.03972067039106147
8993,174,5.850000000000001,0.03362068965517242
8994,180,18.160000000000004,0.1008888888888889
8995,186,-27.97,-0.1503763440860215
8996,172,40.339999999999996,0.2345348837209302
8997,178,46.72,0.26247191011235954
8998,173,4.699999999999996,0.027167630057803444
8999,193,8.819999999999997,0.045699481865284955
9000,184,10.34,0.05619565217391304
9001,175,-12.680000000000001,-0.07245714285714286
9002,173,-14.469999999999995,-0.0836416184971098
9003,171,28.340000000000003,0.1657309941520468
9004,179,-34.91,-0.19502793296089382
9005,179,-20.21,-0.1129050279329609
9006,175,-20.56,-0.11748571428571428
9007,175,16.950000000000003,0.09685714285714288
9008,182,1.8200000000000003,0.010000000000000002
9009,178,22.07999999999999,0.12404494382022467
9010,188,13.439999999999998,0.07148936170212765
9011,176,-47.35000000000001,-0.269034090909091
9012,179,-12.319999999999997,-0.06882681564245809
9013,173,43.38999999999999,0.25080924855491327
9014,177,-33.589999999999996,-0.189774011299435
9015,186,44.96000000000001,0.24172043010752692
9016,188,57.599999999999994,0.3063829787234042
9017,175,-15.689999999999998,-0.08965714285714284
9018,186,56.57000000000001,0.3041397849462366
9019,173,-8.940000000000005,-0.05167630057803471
9020,189,85.81000000000002,0.4540211640211641
9021,189,9.640000000000004,0.051005291005291026
9022,181,21.980000000000004,0.12143646408839781
9023,164,-31.990000000000002,-0.1950609756097561
9024,179,-12.19,-0.06810055865921788
9025,182,34.83,0.19137362637362637
9026,184,33.010000000000005,0.1794021739130435
9027,179,-19.059999999999995,-0.10648044692737428
9028,177,76.67,0.4331638418079096
9029,183,9.579999999999998,0.05234972677595628
9030,181,15.699999999999996,0.08674033149171269
9031,184,-21.119999999999997,-0.11478260869565216
9032,189,21.17,0.11201058201058202
9033,170,2.0699999999999967,0.012176470588235275
9034,185,32.5,0.17567567567567569
9035,184,27.510000000000005,0.14951086956521742
9036,173,3.689999999999996,0.021329479768786103
9037,178,6.649999999999999,0.037359550561797746
9038,171,-19.26,-0.11263157894736843
9039,173,45.03999999999999,0.26034682080924854
9040,183,-20.760000000000005,-0.1134426229508197
9041,178,14.910000000000004,0.08376404494382024
9042,187,24.56,0.1313368983957219
9043,189,41.51999999999999,0.21968253968253962
9044,179,-13.97,-0.07804469273743017
9045,171,-2.6299999999999955,-0.015380116959064301
9046,180,6.359999999999999,0.03533333333333333
9047,174,-13.399999999999999,-0.07701149425287356
9048,175,35.88,0.20502857142857145
9049,183,7.420000000000002,0.04054644808743171
9050,198,48.41,0.2444949494949495
9051,176,91.99,0.5226704545454545
9052,176,44.61999999999999,0.25352272727272723
9053,177,21.89,0.12367231638418079
9054,175,2.1099999999999994,0.012057142857142853
9055,178,-47.64,-0.26764044943820225
9056,182,8.489999999999998,0.04664835164835164
9057,192,74.36,0.38729166666666665
9058,178,-1.5599999999999952,-0.008764044943820198
9059,188,14.940000000000005,0.07946808510638301
9060,179,31.729999999999997,0.1772625698324022
9061,184,6.589999999999996,0.035815217391304326
9062,184,-25.479999999999997,-0.1384782608695652
9063,174,5.200000000000006,0.029885057471264406
9064,181,33.64,0.18585635359116023
9065,176,-25.860000000000007,-0.14693181818181822
9066,163,84.09,0.5158895705521472
9067,189,30.55,0.16164021164021164
9068,178,27.079999999999995,0.15213483146067414
9069,167,-32.00999999999999,-0.19167664670658677
9070,175,14.16,0.08091428571428572
9071,187,1.129999999999995,0.006042780748663075
9072,190,17.459999999999997,0.09189473684210525
9073,170,48.25,0.2838235294117647
9074,178,39.629999999999995,0.22264044943820221
9075,173,39.5,0.22832369942196531
9076,185,76.9,0.4156756756756757
9077,179,42.92999999999999,0.23983240223463684
9078,183,-37.879999999999995,-0.20699453551912567
9079,186,52.519999999999996,0.28236559139784945
9080,175,38.12,0.21782857142857143
9081,182,-27.040000000000006,-0.1485714285714286
9082,179,26.560000000000006,0.14837988826815646
9083,177,45.28,0.255819209039548
9084,176,-21.760000000000005,-0.12363636363636367
9085,177,22.630000000000003,0.1278531073446328
9086,188,78.44000000000001,0.4172340425531916
9087,176,-32.69,-0.18573863636363636
9088,171,-3.650000000000002,-0.021345029239766094
9089,187,35.980000000000004,0.1924064171122995
9090,179,17.27,0.0964804469273743
9091,184,17.92,0.0973913043478261
9092,193,23.730000000000004,0.12295336787564769
9093,192,-11.779999999999998,-0.061354166666666654
9094,188,40.89,0.2175
9095,199,66.53,0.334321608040201
9096,175,47.230000000000004,0.2698857142857143
9097,183,37.81,0.20661202185792352
9098,175,-4.099999999999997,-0.02342857142857141
9099,167,93.56,0.5602395209580838
9100,180,11.760000000000005,0.06533333333333337
9101,182,19.53000000000001,0.10730769230769235
9102,181,-34.59,-0.19110497237569063
9103,182,38.04,0.209010989010989
9104,187,71.38,0.38171122994652407
9105,171,2.0500000000000007,0.011988304093567256
9106,183,29.939999999999998,0.16360655737704916
9107,180,36.28,0.20155555555555557
9108,172,48.49000000000001,0.28191860465116286
9109,187,25.79,0.1379144385026738
9110,174,47.89000000000001,0.2752298850574713
9111,184,3.8000000000000043,0.0206521739130435
9112,177,-38.91,-0.21983050847457625
9113,176,-11.540000000000003,-0.06556818181818183
9114,180,-5.850000000000003,-0.032500000000000015
9115,186,17.839999999999996,0.09591397849462363
9116,178,-7.189999999999998,-0.040393258426966276
9117,175,-7.889999999999992,-0.045085714285714236
9118,172,31.77,0.1847093023255814
9119,184,10.66,0.057934782608695654
9120,174,-22.499999999999996,-0.1293103448275862
9121,177,8.65,0.04887005649717514
9122,183,31.069999999999993,0.16978142076502728
9123,181,-76.44,-0.42232044198895025
9124,171,-1.6899999999999977,-0.0098830409356725
9125,173,65.60000000000001,0.37919075144508674
9126,177,43.290000000000006,0.2445762711864407
9127,176,-44.48,-0.2527272727272727
9128,172,25.65,0.1491279069767442
9129,194,-15.57,-0.08025773195876289
9130,176,-24.46,-0.13897727272727273
9131,175,-18.66,-0.10662857142857143
9132,191,20.39999999999999,0.10680628272251304
9133,187,65.05999999999999,0.34791443850267373
9134,191,-3.129999999999992,-0.016387434554973778
9135,176,-34.44,-0.19568181818181818
9136,183,75.13999999999999,0.4106010928961748
9137,178,39.330000000000005,0.22095505617977532
9138,168,33.96000000000001,0.20214285714285718
9139,188,51.269999999999996,0.2727127659574468
9140,184,-15.429999999999996,-0.0838586956521739
9141,194,-27.88,-0.14371134020618556
9142,176,16.819999999999997,0.0955681818181818
9143,178,56.77,0.3189325842696629
9144,186,38.21,0.20543010752688173
9145,189,8.740000000000006,0.046243386243386274
9146,173,-12.159999999999997,-0.07028901734104044
9147,179,-16.750000000000004,-0.09357541899441343
9148,184,-5.800000000000001,-0.03152173913043479
9149,165,9.379999999999997,0.05684848484848483
9150,183,15.719999999999995,0.08590163934426227
9151,177,-31.25,-0.1765536723163842
9152,178,14.779999999999998,0.08303370786516853
9153,187,48.209999999999994,0.257807486631016
9154,185,-5.979999999999993,-0.03232432432432429
9155,177,-4.579999999999998,-0.025875706214689254
9156,179,-10.419999999999998,-0.058212290502793286
9157,180,6.239999999999998,0.03466666666666666
9158,174,79.42,0.45643678160919543
9159,179,1.7099999999999964,0.009553072625698303
9160,186,49.129999999999995,0.2641397849462365
9161,179,20.389999999999997,0.11391061452513965
9162,184,9.239999999999995,0.0502173913043478
9163,187,29.430000000000003,0.15737967914438505
9164,186,-28.33,-0.15231182795698925
9165,181,5.760000000000002,0.03182320441988951
9166,173,13.220000000000002,0.07641618497109828
9167,183,12.770000000000003,0.06978142076502734
9168,189,0.8200000000000021,0.004338624338624349
9169,181,-7.130000000000003,-0.03939226519337018
9170,184,6.209999999999997,0.03374999999999999
9171,181,68.46,0.378232044198895
9172,176,-24.919999999999998,-0.14159090909090907
9173,172,-15.999999999999993,-0.09302325581395345
9174,186,-16.199999999999992,-0.08709677419354835
9175,189,50.099999999999994,0.265079365079365
9176,188,26.1,0.13882978723404257
9177,177,38.54,0.21774011299435028
9178,177,10.569999999999997,0.05971751412429377
9179,184,0.39000000000000234,0.002119565217391317
9180,169,84.1,0.4976331360946745
9181,181,66.93,0.3697790055248619
9182,174,-40.9,-0.2350574712643678
9183,176,-50.5,-0.2869318181818182
9184,162,-19.48,-0.12024691358024692
9185,183,-1.340000000000007,-0.007322404371584737
9186,185,49.790000000000006,0.26913513513513515
9187,178,48.95,0.275
9188,177,28.560000000000006,0.16135593220338987
9189,180,1.4499999999999993,0.008055555555555552
9190,183,18.029999999999994,0.09852459016393439
9191,198,12.380000000000003,0.06252525252525254
9192,185,-0.7000000000000051,-0.003783783783783811
9193,162,19.590000000000003,0.12092592592592595
9194,183,74.21,0.4055191256830601
9195,189,-17.509999999999994,-0.09264550264550261
9196,192,-14.940000000000008,-0.07781250000000005
9197,193,-3.850000000000005,-0.019948186528497436
9198,181,24.680000000000003,0.136353591160221
9199,196,68.10000000000001,0.3474489795918368
9200,179,50.57000000000001,0.28251396648044697
9201,177,-4.340000000000001,-0.024519774011299438
9202,177,6.010000000000002,0.033954802259887014
9203,186,-60.50999999999999,-0.32532258064516123
9204,168,12.99,0.07732142857142857
9205,181,-3.519999999999998,-0.019447513812154683
9206,182,42.699999999999996,0.2346153846153846
9207,172,40.73,0.23680232558139533
9208,199,44.769999999999996,0.22497487437185928
9209,179,38.2,0.2134078212290503
9210,183,17.58,0.0960655737704918
9211,181,35.620000000000005,0.19679558011049728
9212,177,5.17,0.0292090395480226
9213,182,-17.04,-0.09362637362637362
9214,170,-8.490000000000006,-0.04994117647058827
9215,182,-22.0,-0.12087912087912088
9216,166,-20.299999999999997,-0.12228915662650601
9217,179,42.82000000000001,0.2392178770949721
9218,167,5.530000000000003,0.03311377245508984
9219,162,48.79999999999999,0.3012345679012345
9220,173,16.54,0.09560693641618496
9221,182,26.19,0.1439010989010989
9222,183,24.030000000000005,0.1313114754098361
9223,193,63.099999999999994,0.3269430051813471
9224,177,12.139999999999999,0.06858757062146892
9225,175,-53.91,-0.30805714285714286
9226,192,28.89,0.15046875
9227,180,25.009999999999998,0.13894444444444443
9228,179,7.909999999999996,0.04418994413407819
9229,172,6.86,0.03988372093023256
9230,184,4.600000000000003,0.02500000000000002
9231,190,60.25999999999999,0.3171578947368421
9232,177,-1.2699999999999978,-0.00717514124293784
9233,175,-16.83,-0.09617142857142856
9234,191,-2.610000000000004,-0.013664921465968607
9235,171,-15.449999999999998,-0.09035087719298245
9236,173,-8.78,-0.0507514450867052
9237,185,5.740000000000004,0.031027027027027046
9238,185,50.58,0.2734054054054054
9239,162,11.729999999999997,0.07240740740740739
9240,187,-11.689999999999998,-0.06251336898395721
9241,176,-39.99,-0.2272159090909091
9242,175,-12.879999999999999,-0.0736
9243,174,-67.47999999999999,-0.38781609195402295
9244,179,45.57000000000001,0.25458100558659225
9245,165,-44.44,-0.2693333333333333
9246,180,5.369999999999997,0.02983333333333332
9247,178,44.42,0.2495505617977528
9248,181,9.73,0.053756906077348066
9249,183,30.58,0.167103825136612
9250,186,42.35000000000001,0.2276881720430108
9251,192,33.17999999999999,0.17281249999999995
9252,175,-3.6299999999999955,-0.02074285714285712
9253,187,7.280000000000001,0.03893048128342247
9254,188,40.15,0.21356382978723404
9255,177,56.58,0.31966101694915255
9256,174,8.889999999999997,0.05109195402298849
9257,167,81.28999999999999,0.48676646706586824
9258,179,14.750000000000002,0.08240223463687152
9259,189,-7.110000000000003,-0.037619047619047635
9260,178,-7.629999999999999,-0.042865168539325836
9261,172,21.9,0.12732558139534883
9262,193,4.989999999999998,0.025854922279792737
9263,173,-15.569999999999997,-0.08999999999999998
9264,196,-6.720000000000006,-0.034285714285714315
9265,186,67.0,0.3602150537634409
9266,181,-13.639999999999999,-0.07535911602209944
9267,174,21.119999999999997,0.12137931034482757
9268,184,-13.21,-0.07179347826086957
9269,179,16.029999999999998,0.08955307262569831
9270,184,-3.990000000000002,-0.021684782608695663
9271,172,74.38000000000001,0.43244186046511635
9272,183,-0.3100000000000058,-0.0016939890710382832
9273,191,22.750000000000007,0.1191099476439791
9274,180,3.919999999999998,0.021777777777777767
9275,186,0.6600000000000019,0.0035483870967742037
9276,167,27.27000000000001,0.16329341317365276
9277,178,-10.370000000000003,-0.05825842696629215
9278,184,-31.04,-0.16869565217391305
9279,182,-16.010000000000005,-0.087967032967033
9280,187,7.5300000000000065,0.04026737967914442
9281,183,-9.620000000000003,-0.052568306010928975
9282,174,20.799999999999997,0.11954022988505746
9283,168,24.080000000000005,0.14333333333333337
9284,181,1.6300000000000008,0.009005524861878457
9285,181,-2.690000000000005,-0.0148618784530387
9286,180,8.239999999999998,0.04577777777777777
9287,175,-49.19,-0.28108571428571427
9288,181,45.31,0.2503314917127072
9289,172,-19.440000000000005,-0.11302325581395352
9290,188,-17.739999999999995,-0.09436170212765954
9291,184,61.03000000000001,0.3316847826086957
9292,190,40.18000000000001,0.21147368421052634
9293,178,-10.070000000000004,-0.05657303370786519
9294,186,25.759999999999998,0.13849462365591397
9295,192,31.36,0.16333333333333333
9296,169,2.780000000000001,0.016449704142011842
9297,178,41.19,0.23140449438202246
9298,182,-9.399999999999999,-0.05164835164835164
9299,191,-115.16000000000001,-0.6029319371727749
9300,183,57.28,0.3130054644808743
9301,175,-34.68000000000001,-0.1981714285714286
9302,181,27.749999999999996,0.1533149171270718
9303,195,43.620000000000005,0.22369230769230772
9304,183,-16.339999999999996,-0.08928961748633878
9305,176,-4.989999999999991,-0.028352272727272677
9306,187,39.459999999999994,0.21101604278074862
9307,184,-13.449999999999996,-0.0730978260869565
9308,175,8.269999999999996,0.04725714285714284
9309,181,-15.120000000000001,-0.08353591160220995
9310,174,-37.339999999999996,-0.21459770114942528
9311,176,55.68000000000001,0.3163636363636364
9312,183,-18.45,-0.10081967213114754
9313,184,27.229999999999997,0.1479891304347826
9314,193,41.889999999999986,0.21704663212435227
9315,181,18.13,0.10016574585635359
9316,174,3.9100000000000037,0.022471264367816112
9317,172,-44.19,-0.2569186046511628
9318,178,39.90999999999999,0.22421348314606734
9319,175,-28.330000000000005,-0.16188571428571433
9320,190,-21.89,-0.11521052631578947
9321,173,-55.72,-0.32208092485549134
9322,171,24.590000000000003,0.1438011695906433
9323,171,-16.5,-0.09649122807017543
9324,176,40.67,0.23107954545454545
9325,176,52.160000000000004,0.2963636363636364
9326,185,-20.779999999999994,-0.11232432432432429
9327,188,1.2099999999999973,0.0064361702127659435
9328,182,-9.049999999999999,-0.04972527472527472
9329,182,5.91,0.032472527472527477
9330,176,-36.099999999999994,-0.20511363636363633
9331,185,12.59,0.06805405405405406
9332,175,20.69000000000001,0.11822857142857147
9333,179,-39.5,-0.2206703910614525
9334,175,2.980000000000004,0.017028571428571452
9335,188,44.66999999999999,0.23760638297872333
9336,183,-7.890000000000001,-0.04311475409836066
9337,187,55.1,0.2946524064171123
9338,180,35.25,0.19583333333333333
9339,176,6.710000000000004,0.03812500000000003
9340,178,33.47,0.18803370786516854
9341,179,19.419999999999995,0.10849162011173182
9342,181,-40.28,-0.22254143646408842
9343,172,15.510000000000002,0.09017441860465117
9344,186,-17.710000000000004,-0.09521505376344089
9345,184,-19.319999999999993,-0.10499999999999997
9346,176,-45.150000000000006,-0.25653409090909096
9347,180,7.059999999999999,0.039222222222222214
9348,173,2.3800000000000043,0.013757225433526036
9349,191,43.35,0.22696335078534033
9350,177,26.939999999999994,0.15220338983050843
9351,178,11.370000000000003,0.06387640449438203
9352,170,-21.06,-0.12388235294117646
9353,164,44.94,0.2740243902439024
9354,175,-12.309999999999999,-0.07034285714285714
9355,180,40.97,0.2276111111111111
9356,175,-11.540000000000003,-0.06594285714285716
9357,177,-20.749999999999996,-0.11723163841807907
9358,171,-5.529999999999998,-0.032339181286549695
9359,173,45.93,0.2654913294797688
9360,179,-24.73,-0.13815642458100558
9361,187,12.059999999999999,0.06449197860962566
9362,181,26.980000000000004,0.14906077348066302
9363,189,30.140000000000004,0.15947089947089949
9364,187,3.8400000000000043,0.020534759358288794
9365,165,0.6400000000000041,0.003878787878787904
9366,181,26.489999999999995,0.14635359116022095
9367,176,4.809999999999997,0.027329545454545436
9368,188,-1.3200000000000074,-0.00702127659574472
9369,171,15.049999999999999,0.08801169590643275
9370,183,-29.44,-0.1608743169398907
9371,176,16.01,0.0909659090909091
9372,176,-45.59,-0.2590340909090909
9373,178,24.489999999999995,0.1375842696629213
9374,179,-12.099999999999998,-0.06759776536312848
9375,170,39.2,0.23058823529411768
9376,169,-21.580000000000002,-0.12769230769230772
9377,177,-25.38,-0.14338983050847456
9378,174,23.700000000000003,0.13620689655172416
9379,194,-7.909999999999997,-0.040773195876288644
9380,184,24.850000000000005,0.135054347826087
9381,180,-32.32000000000001,-0.1795555555555556
9382,173,80.34,0.46439306358381505
9383,174,46.010000000000005,0.26442528735632187
9384,185,61.40999999999999,0.3319459459459459
9385,177,6.849999999999996,0.03870056497175139
9386,195,43.39999999999999,0.22256410256410253
9387,173,-35.25,-0.203757225433526
9388,179,-20.549999999999997,-0.114804469273743
9389,183,19.44,0.10622950819672132
9390,173,25.590000000000003,0.1479190751445087
9391,176,26.73,0.151875
9392,174,47.800000000000004,0.27471264367816095
9393,183,-7.229999999999995,-0.03950819672131145
9394,173,-36.11,-0.20872832369942196
9395,192,-3.1499999999999986,-0.016406249999999994
9396,182,-11.599999999999998,-0.06373626373626372
9397,188,59.10999999999999,0.31441489361702124
9398,186,41.81,0.22478494623655915
9399,164,26.119999999999997,0.1592682926829268
9400,169,20.189999999999998,0.11946745562130176
9401,177,18.349999999999998,0.10367231638418078
9402,177,25.990000000000002,0.1468361581920904
9403,191,-0.9900000000000002,-0.0051832460732984306
9404,181,-7.580000000000002,-0.041878453038674046
9405,188,25.8,0.1372340425531915
9406,195,85.47999999999999,0.4383589743589743
9407,174,47.55,0.2732758620689655
9408,191,-59.79,-0.3130366492146597
9409,181,22.8,0.1259668508287293
9410,177,-27.349999999999994,-0.1545197740112994
9411,184,19.95,0.10842391304347826
9412,189,58.14,0.3076190476190476
9413,173,-14.11,-0.0815606936416185
9414,186,15.920000000000009,0.08559139784946242
9415,177,-23.740000000000002,-0.13412429378531074
9416,182,-20.370000000000005,-0.11192307692307694
9417,191,24.219999999999995,0.12680628272251307
9418,169,26.95,0.15946745562130177
9419,182,-0.10000000000000142,-0.0005494505494505573
9420,187,-28.15,-0.15053475935828875
9421,180,-53.06,-0.2947777777777778
9422,177,9.009999999999998,0.05090395480225988
9423,178,26.759999999999994,0.15033707865168536
9424,176,53.39,0.3033522727272727
9425,176,-20.489999999999995,-0.11642045454545452
9426,193,27.909999999999997,0.14461139896373054
9427,171,2.25,0.013157894736842105
9428,175,-1.8799999999999963,-0.010742857142857122
9429,188,-8.120000000000001,-0.04319148936170213
9430,178,-0.6099999999999977,-0.003426966292134818
9431,187,9.920000000000002,0.053048128342245995
9432,170,17.549999999999994,0.10323529411764702
9433,192,37.7,0.1963541666666667
9434,184,6.650000000000002,0.0361413043478261
9435,179,-25.28,-0.1412290502793296
9436,186,-13.41,-0.07209677419354839
9437,190,54.379999999999995,0.28621052631578947
9438,167,61.44,0.36790419161676646
9439,178,14.54,0.08168539325842696
9440,187,32.739999999999995,0.1750802139037433
9441,176,-12.490000000000002,-0.07096590909090911
9442,163,7.979999999999997,0.048957055214723905
9443,176,48.85,0.2775568181818182
9444,173,19.459999999999997,0.11248554913294796
9445,185,-15.890000000000002,-0.0858918918918919
9446,172,48.48,0.28186046511627905
9447,179,-17.21,-0.09614525139664805
9448,180,34.81,0.1933888888888889
9449,179,35.69,0.19938547486033517
9450,174,-57.33,-0.32948275862068965
9451,177,-10.600000000000001,-0.05988700564971752
9452,170,76.63999999999999,0.4508235294117646
9453,179,91.97000000000001,0.5137988826815644
9454,178,-3.5799999999999983,-0.020112359550561787
9455,169,-28.93,-0.17118343195266272
9456,179,-22.920000000000005,-0.1280446927374302
9457,167,-19.580000000000005,-0.11724550898203596
9458,175,-10.830000000000005,-0.061885714285714315
9459,180,40.230000000000004,0.22350000000000003
9460,171,28.589999999999996,0.16719298245614034
9461,178,-19.720000000000002,-0.11078651685393259
9462,186,17.380000000000003,0.09344086021505378
9463,174,0.8299999999999992,0.004770114942528731
9464,177,22.779999999999994,0.1287005649717514
9465,194,56.09,0.2891237113402062
9466,170,-12.05,-0.07088235294117648
9467,179,25.240000000000006,0.1410055865921788
9468,178,31.689999999999998,0.17803370786516853
9469,187,-4.989999999999996,-0.026684491978609604
9470,191,34.58,0.18104712041884816
9471,177,42.35000000000001,0.2392655367231639
9472,180,-35.21,-0.19561111111111112
9473,182,0.25999999999999623,0.001428571428571408
9474,183,30.739999999999995,0.16797814207650272
9475,178,1.5100000000000033,0.008483146067415749
9476,186,-27.190000000000005,-0.14618279569892476
9477,179,-16.810000000000002,-0.09391061452513967
9478,174,-37.89999999999999,-0.21781609195402293
9479,181,-43.63000000000001,-0.24104972375690614
9480,173,23.500000000000004,0.13583815028901736
9481,187,-41.010000000000005,-0.21930481283422462
9482,164,44.5,0.27134146341463417
9483,182,57.42,0.31549450549450553
9484,183,-16.400000000000006,-0.08961748633879785
9485,168,41.269999999999996,0.24565476190476188
9486,179,23.01,0.12854748603351956
9487,191,34.650000000000006,0.18141361256544505
9488,185,25.2,0.1362162162162162
9489,188,20.429999999999993,0.10867021276595741
9490,191,-11.46,-0.060000000000000005
9491,184,-60.120000000000005,-0.32673913043478264
9492,189,2.099999999999996,0.01111111111111109
9493,181,35.48,0.19602209944751378
9494,165,39.96,0.2421818181818182
9495,185,-15.86,-0.08572972972972973
9496,177,-38.040000000000006,-0.21491525423728816
9497,179,45.66000000000001,0.2550837988826816
9498,183,83.60000000000001,0.45683060109289625
9499,168,-2.76,-0.016428571428571428
9500,186,32.900000000000006,0.17688172043010755
9501,178,-2.2900000000000027,-0.012865168539325858
9502,187,-1.8699999999999974,-0.009999999999999986
9503,182,-24.28,-0.13340659340659342
9504,173,-17.130000000000003,-0.09901734104046245
9505,181,30.959999999999994,0.17104972375690605
9506,191,43.0,0.225130890052356
9507,179,-25.630000000000003,-0.14318435754189945
9508,187,-12.16,-0.06502673796791444
9509,178,55.20000000000001,0.3101123595505619
9510,168,33.00999999999999,0.19648809523809518
9511,177,38.84,0.2194350282485876
9512,182,-50.67,-0.2784065934065934
9513,176,42.61999999999999,0.24215909090909085
9514,172,34.51,0.2006395348837209
9515,179,20.8,0.11620111731843576
9516,181,-27.35,-0.15110497237569062
9517,160,18.139999999999993,0.11337499999999996
9518,175,-3.110000000000001,-0.017771428571428577
9519,177,60.27999999999999,0.34056497175141237
9520,181,35.47999999999999,0.19602209944751375
9521,174,-12.260000000000003,-0.07045977011494255
9522,172,-23.93,-0.13912790697674418
9523,166,17.570000000000004,0.10584337349397592
9524,177,7.580000000000005,0.04282485875706218
9525,180,-11.330000000000005,-0.06294444444444447
9526,186,22.810000000000002,0.12263440860215055
9527,184,0.29999999999999716,0.0016304347826086802
9528,166,-23.950000000000003,-0.14427710843373495
9529,190,11.450000000000003,0.06026315789473686
9530,174,9.180000000000007,0.052758620689655214
9531,185,57.04,0.30832432432432433
9532,186,-6.009999999999996,-0.032311827956989225
9533,173,14.389999999999999,0.08317919075144507
9534,178,-47.230000000000004,-0.26533707865168543
9535,179,10.910000000000004,0.06094972067039108
9536,172,-22.66,-0.13174418604651164
9537,187,-27.839999999999996,-0.14887700534759357
9538,188,-25.669999999999998,-0.13654255319148936
9539,189,47.61,0.2519047619047619
9540,178,35.92,0.20179775280898876
9541,177,-6.989999999999999,-0.03949152542372881
9542,188,26.5,0.14095744680851063
9543,190,35.6,0.18736842105263157
9544,178,45.39000000000001,0.25500000000000006
9545,164,33.900000000000006,0.20670731707317078
9546,178,-46.75,-0.26264044943820225
9547,169,-19.189999999999994,-0.11355029585798813
9548,182,58.780000000000015,0.32296703296703305
9549,177,54.34,0.30700564971751415
9550,191,56.56,0.2961256544502618
9551,183,29.690000000000005,0.16224043715846997
9552,174,8.099999999999994,0.046551724137931
9553,178,29.650000000000002,0.1665730337078652
9554,182,16.849999999999994,0.09258241758241754
9555,179,-21.729999999999997,-0.12139664804469272
9556,183,4.719999999999997,0.02579234972677594
9557,186,-10.819999999999997,-0.05817204301075267
9558,172,-17.209999999999994,-0.10005813953488368
9559,194,56.22,0.2897938144329897
9560,177,40.03,0.22615819209039548
9561,172,7.88,0.04581395348837209
9562,167,8.760000000000005,0.05245508982035931
9563,170,13.659999999999995,0.08035294117647056
9564,187,55.709999999999994,0.29791443850267374
9565,180,-4.10999999999999,-0.022833333333333275
9566,177,-17.630000000000003,-0.09960451977401132
9567,185,46.33,0.2504324324324324
9568,174,67.65,0.3887931034482759
9569,183,-15.790000000000003,-0.08628415300546449
9570,182,46.96,0.258021978021978
9571,184,-23.03,-0.12516304347826088
9572,179,11.049999999999999,0.06173184357541899
9573,183,16.47,0.09
9574,177,20.420000000000005,0.11536723163841811
9575,174,2.109999999999994,0.012126436781609162
9576,177,10.330000000000002,0.05836158192090397
9577,173,-20.339999999999996,-0.1175722543352601
9578,182,-9.499999999999996,-0.05219780219780218
9579,172,-28.219999999999995,-0.16406976744186044
9580,174,-20.36,-0.11701149425287356
9581,195,-11.670000000000002,-0.059846153846153854
9582,186,-17.72,-0.09526881720430107
9583,185,45.82000000000001,0.24767567567567572
9584,173,11.819999999999993,0.06832369942196528
9585,181,-0.13000000000000256,-0.0007182320441989091
9586,177,-3.339999999999998,-0.01887005649717513
9587,167,13.740000000000002,0.08227544910179642
9588,184,5.190000000000004,0.028206521739130457
9589,178,24.02,0.1349438202247191
9590,180,19.23,0.10683333333333334
9591,168,57.519999999999996,0.34238095238095234
9592,171,25.58,0.1495906432748538
9593,187,-45.81,-0.24497326203208558
9594,171,-78.19,-0.4572514619883041
9595,164,3.4599999999999937,0.02109756097560972
9596,184,39.76999999999999,0.21614130434782602
9597,175,17.110000000000007,0.0977714285714286
9598,178,4.699999999999996,0.02640449438202245
9599,177,-47.18,-0.26655367231638416
9600,183,27.06,0.14786885245901638
9601,181,18.91,0.10447513812154696
9602,177,-15.600000000000001,-0.088135593220339
9603,192,4.3100000000000005,0.022447916666666668
9604,182,-14.290000000000004,-0.07851648351648353
9605,177,-44.56,-0.25175141242937854
9606,174,12.380000000000003,0.07114942528735634
9607,180,-41.269999999999996,-0.22927777777777775
9608,175,-10.07,-0.057542857142857146
9609,166,12.660000000000007,0.0762650602409639
9610,191,36.75,0.19240837696335078
9611,170,-30.17,-0.17747058823529413
9612,178,48.99,0.2752247191011236
9613,183,12.530000000000001,0.06846994535519127
9614,175,33.56,0.1917714285714286
9615,186,22.78,0.1224731182795699
9616,183,8.980000000000004,0.04907103825136614
9617,177,-25.219999999999995,-0.14248587570621465
9618,182,-22.590000000000003,-0.12412087912087914
9619,173,-18.279999999999998,-0.10566473988439305
9620,193,12.64,0.06549222797927462
9621,187,58.169999999999995,0.3110695187165775
9622,178,-24.74,-0.1389887640449438
9623,177,26.41,0.1492090395480226
9624,182,22.529999999999998,0.12379120879120878
9625,168,43.010000000000005,0.2560119047619048
9626,186,-12.020000000000003,-0.0646236559139785
9627,169,-0.4299999999999997,-0.0025443786982248503
9628,177,5.0000000000000036,0.02824858757062149
9629,162,-21.369999999999997,-0.13191358024691358
9630,187,3.990000000000002,0.021336898395721934
9631,185,-16.5,-0.0891891891891892
9632,181,24.39,0.13475138121546962
9633,187,-17.199999999999996,-0.09197860962566842
9634,167,-8.760000000000003,-0.052455089820359305
9635,182,17.06,0.09373626373626373
9636,176,62.74,0.35647727272727275
9637,176,-23.38,-0.1328409090909091
9638,169,34.879999999999995,0.20639053254437867
9639,187,8.929999999999996,0.047754010695187143
9640,185,19.330000000000005,0.10448648648648652
9641,183,-1.5999999999999943,-0.008743169398907073
9642,174,23.5,0.13505747126436782
9643,178,-5.5,-0.03089887640449438
9644,168,-17.31,-0.10303571428571427
9645,187,2.1700000000000017,0.011604278074866319
9646,185,29.299999999999997,0.15837837837837837
9647,182,-33.41,-0.18357142857142855
9648,170,-39.44,-0.23199999999999998
9649,171,46.970000000000006,0.27467836257309947
9650,180,60.30999999999999,0.3350555555555555
9651,195,-1.2600000000000033,-0.006461538461538479
9652,180,31.69,0.17605555555555558
9653,175,22.18,0.12674285714285713
9654,172,-2.5600000000000023,-0.014883720930232571
9655,179,35.57,0.1987150837988827
9656,174,31.28,0.17977011494252873
9657,193,42.03,0.2177720207253886
9658,185,75.80000000000001,0.40972972972972976
9659,177,9.399999999999995,0.05310734463276833
9660,175,20.280000000000005,0.11588571428571431
9661,179,9.279999999999998,0.0518435754189944
9662,175,16.039999999999996,0.09165714285714283
9663,174,3.1599999999999975,0.01816091954022987
9664,183,2.469999999999999,0.013497267759562835
9665,182,-7.98,-0.04384615384615385
9666,186,-14.140000000000004,-0.07602150537634411
9667,190,21.77,0.11457894736842104
9668,190,19.92,0.1048421052631579
9669,184,20.07,0.10907608695652174
9670,178,-21.650000000000002,-0.12162921348314608
9671,190,-28.599999999999994,-0.15052631578947365
9672,176,28.88,0.1640909090909091
9673,176,-16.169999999999998,-0.09187499999999998
9674,179,35.5,0.19832402234636873
9675,177,36.87,0.2083050847457627
9676,178,5.5900000000000025,0.03140449438202249
9677,174,-19.78,-0.11367816091954024
9678,172,-46.629999999999995,-0.27110465116279064
9679,179,-39.31999999999999,-0.2196648044692737
9680,186,6.889999999999999,0.03704301075268816
9681,176,-35.46,-0.20147727272727273
9682,166,25.31,0.15246987951807228
9683,183,8.98,0.04907103825136612
9684,180,22.759999999999998,0.12644444444444444
9685,173,2.1799999999999997,0.01260115606936416
9686,172,-34.31999999999999,-0.1995348837209302
9687,186,45.75,0.24596774193548387
9688,184,44.48,0.2417391304347826
9689,187,36.129999999999995,0.1932085561497326
9690,171,16.56,0.09684210526315788
9691,179,-18.40999999999999,-0.10284916201117313
9692,180,-30.67,-0.1703888888888889
9693,178,72.69,0.40837078651685393
9694,181,-8.300000000000004,-0.04585635359116024
9695,181,-2.1099999999999923,-0.01165745856353587
9696,174,-4.609999999999999,-0.026494252873563214
9697,174,45.879999999999995,0.2636781609195402
9698,176,11.000000000000004,0.06250000000000001
9699,182,55.02000000000001,0.3023076923076924
9700,185,30.74,0.16616216216216215
9701,178,-21.810000000000002,-0.12252808988764047
9702,175,0.5,0.002857142857142857
9703,181,-25.31,-0.1398342541436464
9704,175,4.599999999999996,0.026285714285714263
9705,174,18.049999999999997,0.10373563218390804
9706,177,32.84,0.18553672316384182
9707,184,5.380000000000003,0.02923913043478262
9708,181,53.56,0.2959116022099448
9709,197,10.890000000000008,0.05527918781725892
9710,178,-44.019999999999996,-0.24730337078651682
9711,189,20.029999999999994,0.10597883597883595
9712,173,42.8,0.24739884393063583
9713,182,14.870000000000005,0.08170329670329673
9714,181,35.11,0.19397790055248618
9715,178,30.760000000000005,0.17280898876404496
9716,177,84.81,0.47915254237288135
9717,169,15.25,0.09023668639053255
9718,173,-33.879999999999995,-0.19583815028901733
9719,180,15.010000000000005,0.08338888888888892
9720,177,38.419999999999995,0.21706214689265535
9721,179,28.7,0.16033519553072625
9722,184,-17.479999999999997,-0.09499999999999999
9723,186,57.11,0.3070430107526882
9724,185,27.160000000000004,0.14681081081081082
9725,176,26.65,0.15142045454545452
9726,176,54.480000000000004,0.30954545454545457
9727,179,42.510000000000005,0.2374860335195531
9728,184,64.11,0.34842391304347825
9729,179,38.08,0.21273743016759775
9730,185,-44.33,-0.23962162162162162
9731,178,-6.940000000000001,-0.03898876404494383
9732,187,-16.269999999999996,-0.08700534759358286
9733,187,-16.66,-0.0890909090909091
9734,177,21.480000000000004,0.12135593220338985
9735,183,33.00999999999999,0.18038251366120214
9736,178,54.12,0.3040449438202247
9737,190,-18.070000000000004,-0.09510526315789476
9738,173,38.53,0.22271676300578036
9739,183,53.15,0.29043715846994533
9740,173,39.98,0.23109826589595375
9741,181,16.39,0.09055248618784531
9742,184,-13.280000000000003,-0.07217391304347828
9743,170,13.729999999999993,0.0807647058823529
9744,177,34.74000000000001,0.196271186440678
9745,166,15.859999999999992,0.09554216867469875
9746,173,-23.909999999999997,-0.1382080924855491
9747,176,16.8,0.09545454545454546
9748,188,58.10000000000001,0.30904255319148943
9749,183,10.450000000000003,0.05710382513661204
9750,184,2.4700000000000024,0.013423913043478274
9751,183,-29.509999999999998,-0.1612568306010929
9752,181,-22.650000000000002,-0.12513812154696133
9753,186,40.42999999999999,0.21736559139784942
9754,170,-5.3900000000000015,-0.03170588235294119
9755,185,15.550000000000004,0.08405405405405408
9756,179,17.419999999999995,0.09731843575418991
9757,184,-12.310000000000002,-0.0669021739130435
9758,188,38.84,0.2065957446808511
9759,177,-37.95,-0.21440677966101696
9760,181,-22.72,-0.12552486187845302
9761,193,93.28999999999999,0.48336787564766837
9762,175,9.06,0.05177142857142857
9763,191,-6.399999999999993,-0.03350785340314132
9764,177,20.269999999999996,0.11451977401129941
9765,179,-50.25,-0.2807262569832402
9766,174,-17.36,-0.09977011494252873
9767,179,0.7400000000000038,0.004134078212290524
9768,175,-29.36,-0.16777142857142857
9769,180,-22.89,-0.12716666666666668
9770,177,23.830000000000005,0.13463276836158194
9771,170,9.84,0.05788235294117647
9772,188,36.21,0.1926063829787234
9773,186,-18.639999999999997,-0.10021505376344085
9774,179,7.309999999999999,0.040837988826815635
9775,184,-26.47,-0.1438586956521739
9776,176,4.029999999999998,0.02289772727272726
9777,187,100.83,0.5391978609625668
9778,188,25.18,0.13393617021276596
9779,171,-17.890000000000004,-0.1046198830409357
9780,177,-15.709999999999999,-0.08875706214689265
9781,175,21.700000000000003,0.12400000000000001
9782,184,-28.8,-0.1565217391304348
9783,180,43.5,0.24166666666666667
9784,184,5.229999999999999,0.028423913043478254
9785,182,27.069999999999997,0.14873626373626372
9786,196,22.89,0.11678571428571428
9787,183,24.79,0.13546448087431692
9788,173,11.680000000000003,0.06751445086705204
9789,184,17.27,0.0938586956521739
9790,178,19.5,0.10955056179775281
9791,183,21.16,0.11562841530054645
9792,191,0.26000000000000156,0.001361256544502626
9793,176,-9.510000000000002,-0.05403409090909092
9794,185,12.420000000000002,0.06713513513513514
9795,175,68.32,0.39039999999999997
9796,175,-39.67,-0.2266857142857143
9797,182,36.81999999999999,0.20230769230769227
9798,179,33.47,0.1869832402234637
9799,168,45.52,0.27095238095238094
9800,181,8.68,0.04795580110497238
9801,187,26.840000000000003,0.1435294117647059
9802,181,11.310000000000006,0.0624861878453039
9803,188,39.260000000000005,0.20882978723404258
9804,180,-9.49,-0.052722222222222226
9805,183,-6.4999999999999964,-0.03551912568306009
9806,182,3.5700000000000003,0.019615384615384618
9807,191,11.5,0.060209424083769635
9808,177,-28.150000000000002,-0.15903954802259887
9809,172,36.830000000000005,0.21412790697674422
9810,186,61.63999999999999,0.33139784946236556
9811,176,-2.639999999999997,-0.014999999999999984
9812,186,50.81,0.2731720430107527
9813,178,-0.7199999999999918,-0.0040449438202246725
9814,178,89.54,0.5030337078651685
9815,189,10.55,0.055820105820105825
9816,184,34.720000000000006,0.18869565217391307
9817,180,-8.629999999999999,-0.04794444444444444
9818,182,57.53,0.3160989010989011
9819,177,34.72999999999999,0.19621468926553667
9820,178,-7.140000000000002,-0.04011235955056181
9821,190,52.969999999999985,0.2787894736842104
9822,199,49.61,0.2492964824120603
9823,183,43.379999999999995,0.23704918032786884
9824,187,-6.659999999999998,-0.03561497326203208
9825,183,65.41999999999999,0.35748633879781416
9826,171,-15.0,-0.08771929824561403
9827,202,39.709999999999994,0.19658415841584156
9828,173,12.659999999999997,0.07317919075144506
9829,176,61.68999999999998,0.35051136363636354
9830,174,15.019999999999996,0.08632183908045975
9831,181,24.800000000000004,0.13701657458563538
9832,192,52.87,0.2753645833333333
9833,166,-10.910000000000004,-0.06572289156626508
9834,190,54.86999999999999,0.2887894736842105
9835,179,-12.530000000000001,-0.07
9836,188,38.42999999999999,0.20441489361702123
9837,189,30.520000000000007,0.1614814814814815
9838,182,14.669999999999998,0.0806043956043956
9839,174,18.3,0.10517241379310345
9840,175,-26.549999999999997,-0.1517142857142857
9841,169,-6.84,-0.04047337278106509
9842,178,-29.360000000000003,-0.16494382022471912
9843,190,-7.950000000000003,-0.04184210526315791
9844,179,21.88,0.12223463687150837
9845,190,66.51,0.3500526315789474
9846,184,38.61,0.20983695652173912
9847,184,8.079999999999998,0.04391304347826086
9848,178,9.380000000000003,0.052696629213483163
9849,178,17.669999999999998,0.0992696629213483
9850,178,-32.7,-0.18370786516853935
9851,174,-30.73,-0.17660919540229886
9852,185,-1.5999999999999979,-0.008648648648648637
9853,185,8.309999999999997,0.0449189189189189
9854,174,22.02,0.12655172413793103
9855,183,14.95,0.08169398907103825
9856,187,-13.08,-0.06994652406417112
9857,182,-22.239999999999995,-0.12219780219780217
9858,188,49.169999999999995,0.26154255319148934
9859,163,26.21,0.16079754601226995
9860,175,-46.84,-0.26765714285714287
9861,177,39.7,0.2242937853107345
9862,168,-20.130000000000003,-0.11982142857142859
9863,179,36.42,0.20346368715083799
9864,180,33.35999999999999,0.1853333333333333
9865,191,47.959999999999994,0.2510994764397905
9866,182,18.05,0.09917582417582418
9867,190,26.739999999999995,0.14073684210526313
9868,188,56.769999999999996,0.30196808510638296
9869,171,-10.419999999999998,-0.06093567251461987
9870,177,55.36999999999999,0.3128248587570621
9871,180,7.279999999999998,0.04044444444444443
9872,178,29.099999999999998,0.1634831460674157
9873,189,19.729999999999997,0.10439153439153437
9874,175,-25.129999999999995,-0.14359999999999998
9875,172,35.11000000000001,0.2041279069767442
9876,177,11.420000000000005,0.06451977401129946
9877,184,8.440000000000003,0.04586956521739132
9878,185,15.310000000000004,0.08275675675675678
9879,187,-1.2100000000000026,-0.006470588235294132
9880,177,36.779999999999994,0.2077966101694915
9881,180,3.3399999999999963,0.018555555555555533
9882,200,15.67,0.07835
9883,181,-39.209999999999994,-0.21662983425414362
9884,187,-38.1,-0.2037433155080214
9885,187,16.089999999999996,0.08604278074866308
9886,182,48.219999999999985,0.2649450549450549
9887,177,17.490000000000002,0.09881355932203391
9888,190,9.770000000000003,0.051421052631578965
9889,191,-13.550000000000004,-0.07094240837696338
9890,186,3.019999999999996,0.016236559139784924
9891,177,44.56999999999999,0.2518079096045197
9892,187,-20.85,-0.11149732620320857
9893,176,23.410000000000004,0.13301136363636365
9894,196,41.71999999999999,0.21285714285714283
9895,175,13.21,0.0754857142857143
9896,175,-18.810000000000006,-0.10748571428571432
9897,188,26.63,0.14164893617021276
9898,179,23.979999999999997,0.13396648044692736
9899,178,57.480000000000004,0.3229213483146068
9900,190,-14.080000000000002,-0.07410526315789474
9901,185,-9.689999999999998,-0.05237837837837837
9902,193,26.05,0.1349740932642487
9903,191,1.4799999999999986,0.0077486910994764326
9904,176,64.47999999999999,0.3663636363636363
9905,174,24.139999999999993,0.138735632183908
9906,167,-26.619999999999997,-0.1594011976047904
9907,170,9.029999999999996,0.053117647058823506
9908,178,15.619999999999997,0.08775280898876403
9909,174,-1.0000000000000036,-0.00574712643678163
9910,177,53.75,0.3036723163841808
9911,186,97.2,0.5225806451612903
9912,179,-16.41,-0.09167597765363128
9913,174,-30.069999999999993,-0.17281609195402295
9914,180,-2.9300000000000033,-0.016277777777777797
9915,175,-31.929999999999996,-0.18245714285714285
9916,181,88.33,0.4880110497237569
9917,183,29.929999999999996,0.16355191256830598
9918,182,30.390000000000004,0.166978021978022
9919,175,19.640000000000004,0.11222857142857146
9920,175,-2.4399999999999977,-0.01394285714285713
9921,169,38.68,0.2288757396449704
9922,182,27.159999999999997,0.14923076923076922
9923,185,-16.680000000000007,-0.0901621621621622
9924,168,33.45,0.19910714285714287
9925,179,35.199999999999996,0.19664804469273742
9926,180,-4.539999999999997,-0.02522222222222221
9927,181,9.459999999999997,0.05226519337016573
9928,175,-18.939999999999994,-0.1082285714285714
9929,173,-41.129999999999995,-0.23774566473988437
9930,170,-8.119999999999997,-0.047764705882352924
9931,190,-10.959999999999996,-0.05768421052631577
9932,178,21.48,0.12067415730337079
9933,175,3.700000000000003,0.021142857142857158
9934,177,-14.02,-0.0792090395480226
9935,179,10.340000000000003,0.05776536312849164
9936,182,-14.46,-0.07945054945054945
9937,182,33.55,0.18434065934065932
9938,173,-66.21,-0.38271676300578034
9939,181,-0.9100000000000015,-0.005027624309392274
9940,184,-22.919999999999998,-0.12456521739130434
9941,180,-49.16000000000001,-0.2731111111111112
9942,176,-2.8999999999999986,-0.01647727272727272
9943,186,-27.770000000000003,-0.14930107526881722
9944,182,33.21,0.18247252747252748
9945,176,124.21,0.7057386363636363
9946,174,-1.9300000000000033,-0.011091954022988525
9947,179,-11.350000000000003,-0.0634078212290503
9948,179,32.31,0.1805027932960894
9949,179,30.290000000000006,0.1692178770949721
9950,182,47.61999999999999,0.2616483516483516
9951,173,-53.36,-0.3084393063583815
9952,172,-11.760000000000002,-0.06837209302325582
9953,182,-11.209999999999997,-0.06159340659340658
9954,179,-10.350000000000005,-0.05782122905027936
9955,181,-65.47,-0.36171270718232046
9956,178,29.229999999999997,0.1642134831460674
9957,171,-6.930000000000003,-0.0405263157894737
9958,172,9.399999999999999,0.05465116279069766
9959,178,-33.260000000000005,-0.1868539325842697
9960,185,32.82000000000001,0.17740540540540545
9961,171,27.530000000000005,0.16099415204678366
9962,174,21.810000000000002,0.1253448275862069
9963,179,29.240000000000002,0.16335195530726257
9964,181,-32.120000000000005,-0.17745856353591163
9965,179,9.670000000000002,0.05402234636871509
9966,175,-31.889999999999997,-0.1822285714285714
9967,173,38.32000000000001,0.22150289017341046
9968,184,82.03999999999999,0.44586956521739124
9969,166,-4.550000000000002,-0.027409638554216877
9970,181,4.310000000000001,0.023812154696132605
9971,182,27.479999999999997,0.15098901098901096
9972,171,19.26,0.11263157894736843
9973,176,20.21,0.11482954545454546
9974,185,9.839999999999996,0.05318918918918917
9975,170,-4.909999999999997,-0.02888235294117645
9976,171,-18.139999999999993,-0.10608187134502921
9977,192,31.239999999999995,0.16270833333333332
9978,177,29.14,0.16463276836158192
9979,173,6.719999999999999,0.038843930635838145
9980,173,28.75999999999999,0.16624277456647393
9981,179,-1.3899999999999935,-0.007765363128491584
9982,176,4.819999999999995,0.027386363636363608
9983,180,8.219999999999999,0.04566666666666666
9984,177,-4.510000000000004,-0.02548022598870059
9985,179,-15.259999999999998,-0.08525139664804468
9986,181,-35.11,-0.19397790055248618
9987,186,2.3499999999999948,0.01263440860215051
9988,188,48.5,0.2579787234042553
9989,176,-71.85000000000001,-0.4082386363636364
9990,177,24.180000000000003,0.13661016949152543
9991,197,45.9,0.23299492385786802
9992,186,54.589999999999996,0.29349462365591394
9993,188,-11.629999999999992,-0.06186170212765953
9994,184,12.160000000000004,0.06608695652173915
9995,190,10.719999999999997,0.056421052631578934
9996,182,22.140000000000004,0.12164835164835167
9997,186,39.87,0.2143548387096774
9998,176,0.5399999999999991,0.0030681818181818132
9999,174,-3.8199999999999985,-0.02195402298850574
10000,186,8.119999999999994,0.04365591397849459
