StrategyNumber,Strategy,Date,Season,HomeTeam,AwayTeam,Outcome,ActualOutcome,DecimalOdds,ModelProbability,FullKellyFraction,FractionalKellyBeforeCap,FractionalKellyAfterPerBetCap,DailyExposureScale,AppliedStakeFraction,OpeningBankroll,Stake,OutcomeOccurred,RealisedUnitReturn,RealisedProfit,PerBetCapBinding,DailyCapBinding
1,Flat stake,2021-08-14,2021-22,Chelsea,Crystal Palace,A,H,11.0,0.1751820271967661,0.09270022991644271,,,1.0,0.01,100.0,1.0,0,-1.0,-1.0,False,False
1,Flat stake,2021-08-15,2021-22,Tottenham,Man City,H,H,5.97,0.2526648406088871,0.10229559324649015,,,1.0,0.010101010101010102,99.0,1.0,1,4.97,4.97,False,False
1,Flat stake,2021-08-21,2021-22,Aston Villa,Newcastle,A,H,4.39,0.3619611347915697,0.17374908015781443,,,1.0,0.009618159084351255,103.97,1.0,0,-1.0,-1.0,False,False
1,Flat stake,2021-08-21,2021-22,Brighton,Watford,A,H,5.6,0.3267247748135137,0.18036059542514712,,,1.0,0.009618159084351255,103.97,1.0,0,-1.0,-1.0,False,False
1,Flat stake,2021-08-28,2021-22,Aston Villa,Brentford,A,D,4.07,0.398614510896681,0.20272347210081162,,,1.0,0.009806805923310779,101.97,1.0,0,-1.0,-1.0,False,False
1,Flat stake,2021-08-28,2021-22,Man City,Arsenal,A,H,10.5,0.1556587655706351,0.06678074089385984,,,1.0,0.009806805923310779,101.97,1.0,0,-1.0,-1.0,False,False
1,Flat stake,2021-08-29,2021-22,Tottenham,Watford,A,H,8.5,0.189484202222573,0.08141542918558274,,,1.0,0.01000300090027008,99.97,1.0,0,-1.0,-1.0,False,False
1,Flat stake,2021-09-11,2021-22,Chelsea,Aston Villa,A,H,10.33,0.1455867546050984,0.05400977224765985,,,1.0,0.01010407194099222,98.97,1.0,0,-1.0,-1.0,False,False
1,Flat stake,2021-09-11,2021-22,Man United,Newcastle,A,H,15.76,0.105276819306778,0.044658717633795475,,,1.0,0.01010407194099222,98.97,1.0,0,-1.0,-1.0,False,False
1,Flat stake,2021-09-18,2021-22,Aston Villa,Everton,A,H,3.65,0.5110155898837189,0.32649317097191466,,,1.0,0.010312467773538208,96.97,1.0,0,-1.0,-1.0,False,False
1,Flat stake,2021-09-18,2021-22,Man City,Southampton,A,D,16.74,0.0952313914933085,0.037749268970647024,,,1.0,0.010312467773538208,96.97,1.0,0,-1.0,-1.0,False,False
1,Flat stake,2021-09-18,2021-22,Norwich,Watford,A,A,3.31,0.5150806048764587,0.3051587888056616,,,1.0,0.010312467773538208,96.97,1.0,1,2.31,2.31,False,False
1,Flat stake,2021-09-18,2021-22,Wolves,Brentford,A,A,5.38,0.3688560494619245,0.22475925710163328,,,1.0,0.010312467773538208,96.97,1.0,1,4.38,4.38,False,False
1,Flat stake,2021-10-23,2021-22,Brighton,Man City,H,A,8.18,0.2108581915207847,0.1009498616490277,,,1.0,0.00983671060397403,101.66,1.0,0,-1.0,-1.0,False,False
1,Flat stake,2021-11-06,2021-22,Man United,Man City,H,A,4.79,0.3536990985258847,0.18317115618442947,,,1.0,0.009934432743890324,100.66,1.0,0,-1.0,-1.0,False,False
1,Flat stake,2021-11-07,2021-22,Everton,Tottenham,H,D,3.48,0.4709611043323484,0.2576389689824889,,,1.0,0.010034115994380895,99.66,1.0,0,-1.0,-1.0,False,False
1,Flat stake,2021-11-20,2021-22,Watford,Man United,H,H,6.58,0.2297892920135382,0.09175869918442318,,,1.0,0.010135819987837016,98.66,1.0,1,5.58,5.58,False,False
1,Flat stake,2021-11-21,2021-22,Tottenham,Leeds,A,H,6.01,0.3232289811918416,0.18814494550159044,,,1.0,0.009593246354566386,104.24,1.0,0,-1.0,-1.0,False,False
1,Flat stake,2021-11-28,2021-22,Man City,West Ham,A,H,11.0,0.1542201831501845,0.06964220146520295,,,1.0,0.009686168151879117,103.24,1.0,0,-1.0,-1.0,False,False
1,Flat stake,2021-12-01,2021-22,Southampton,Leicester,A,D,3.02,0.5510443647198479,0.3287890997296735,,,1.0,0.009780907668231613,102.24,1.0,0,-1.0,-1.0,False,False
1,Flat stake,2021-12-01,2021-22,Wolves,Burnley,A,D,4.94,0.3037997399825943,0.12709916637411572,,,1.0,0.009780907668231613,102.24,1.0,0,-1.0,-1.0,False,False
1,Flat stake,2021-12-02,2021-22,Tottenham,Brentford,A,H,5.44,0.3055417308689658,0.14913221079440855,,,1.0,0.009976057462090982,100.24,1.0,0,-1.0,-1.0,False,False
1,Flat stake,2021-12-04,2021-22,West Ham,Chelsea,H,H,4.92,0.3366063049850156,0.1673732195220094,,,1.0,0.01007658202337767,99.24,1.0,1,3.92,3.92,False,False
1,Flat stake,2021-12-05,2021-22,Leeds,Brentford,A,D,4.94,0.4574312777617197,0.31972348023931363,,,1.0,0.009693679720822024,103.16,1.0,0,-1.0,-1.0,False,False
1,Flat stake,2021-12-11,2021-22,Man City,Wolves,A,H,21.0,0.0841119291165897,0.03831752557241919,,,1.0,0.009788566953797965,102.16,1.0,0,-1.0,-1.0,False,False
1,Flat stake,2021-12-14,2021-22,Man City,Leeds,A,H,20.0,0.0814212961645803,0.033075048594295046,,,1.0,0.009885330170027679,101.16,1.0,0,-1.0,-1.0,False,False
1,Flat stake,2021-12-19,2021-22,Newcastle,Man City,H,A,23.5,0.1014206413761399,0.06148378099285722,,,1.0,0.009984025559105431,100.16,1.0,0,-1.0,-1.0,False,False
1,Flat stake,2021-12-26,2021-22,Brighton,Brentford,A,H,4.42,0.3583706409765432,0.17075971728547396,,,1.0,0.01008471157724889,99.16,1.0,0,-1.0,-1.0,False,False
1,Flat stake,2021-12-26,2021-22,Man City,Leicester,A,H,21.0,0.1354431439034373,0.09221530109860918,,,1.0,0.01008471157724889,99.16,1.0,0,-1.0,-1.0,False,False
1,Flat stake,2021-12-28,2021-22,Leicester,Liverpool,H,H,8.27,0.3190810435649298,0.22541956400027088,,,1.0,0.01029230135858378,97.16,1.0,1,7.27,7.27,False,False
1,Flat stake,2022-01-23,2021-22,Arsenal,Burnley,A,D,11.9,0.1832145109701244,0.10828006243527341,,,1.0,0.009575792396820838,104.42999999999999,1.0,0,-1.0,-1.0,False,False
1,Flat stake,2022-02-08,2021-22,Burnley,Man United,H,D,6.65,0.2895020157825475,0.16375016016883906,,,1.0,0.009668374746205164,103.42999999999999,1.0,0,-1.0,-1.0,False,False
1,Flat stake,2022-02-09,2021-22,Tottenham,Southampton,A,A,6.41,0.253200702297493,0.11516016667780592,,,1.0,0.009762764814995608,102.42999999999999,1.0,1,5.41,5.41,False,False
1,Flat stake,2022-02-10,2021-22,Liverpool,Leicester,A,H,14.0,0.1088716504268672,0.040323315844318516,,,1.0,0.00927299703264095,107.83999999999999,1.0,0,-1.0,-1.0,False,False
1,Flat stake,2022-02-12,2021-22,Man United,Southampton,A,D,6.26,0.3094982725952319,0.17822417993272843,,,1.0,0.00935979034069637,106.83999999999999,1.0,0,-1.0,-1.0,False,False
1,Flat stake,2022-02-13,2021-22,Burnley,Liverpool,H,A,13.5,0.1217349542942724,0.051473750637814196,,,1.0,0.00944822373393802,105.83999999999999,1.0,0,-1.0,-1.0,False,False
1,Flat stake,2022-02-13,2021-22,Leicester,West Ham,H,D,3.02,0.5032420637428459,0.25732229331851214,,,1.0,0.00944822373393802,105.83999999999999,1.0,0,-1.0,-1.0,False,False
1,Flat stake,2022-02-13,2021-22,Tottenham,Wolves,A,A,5.9,0.2984940581225204,0.15532958018834087,,,1.0,0.00944822373393802,105.83999999999999,1.0,1,4.9,4.9,False,False
1,Flat stake,2022-02-19,2021-22,Crystal Palace,Chelsea,H,A,6.49,0.259349975190943,0.1244410453532277,,,1.0,0.009196247930844215,108.74,1.0,0,-1.0,-1.0,False,False
1,Flat stake,2022-02-23,2021-22,Burnley,Tottenham,H,H,4.71,0.3780089944577121,0.21035643231693366,,,1.0,0.009281603861147207,107.74,1.0,1,3.71,3.71,False,False
1,Flat stake,2022-02-23,2021-22,Liverpool,Leeds,A,H,16.0,0.1164400994474265,0.057536106077254935,,,1.0,0.009281603861147207,107.74,1.0,0,-1.0,-1.0,False,False
1,Flat stake,2022-02-26,2021-22,Everton,Man City,H,A,12.5,0.145066023228205,0.07072393829152718,,,1.0,0.009053870529651427,110.44999999999999,1.0,0,-1.0,-1.0,False,False
1,Flat stake,2022-03-06,2021-22,Watford,Arsenal,H,A,6.84,0.2854252388424826,0.16306654686345565,,,1.0,0.009136592051164917,109.44999999999999,1.0,0,-1.0,-1.0,False,False
1,Flat stake,2022-03-10,2021-22,Southampton,Newcastle,A,A,4.41,0.360141055945855,0.17249913686839313,,,1.0,0.009220839096357769,108.44999999999999,1.0,1,3.41,3.41,False,False
1,Flat stake,2022-03-13,2021-22,Arsenal,Leicester,A,H,7.92,0.218590327129024,0.10566985417079047,,,1.0,0.008939746111210442,111.85999999999999,1.0,0,-1.0,-1.0,False,False
1,Flat stake,2022-03-14,2021-22,Crystal Palace,Man City,H,D,9.88,0.1596832261959826,0.06505295887571039,,,1.0,0.009020386072523905,110.85999999999999,1.0,0,-1.0,-1.0,False,False
1,Flat stake,2022-04-02,2021-22,Burnley,Man City,H,A,16.5,0.1214281834158371,0.06474613073298789,,,1.0,0.009102494083378846,109.85999999999999,1.0,0,-1.0,-1.0,False,False
1,Flat stake,2022-04-04,2021-22,Crystal Palace,Arsenal,H,H,4.15,0.4224182729213933,0.23905899448374038,,,1.0,0.009186110600771635,108.85999999999999,1.0,1,3.1500000000000004,3.1500000000000004,False,False
1,Flat stake,2022-04-08,2021-22,Newcastle,Wolves,A,H,4.47,0.4411852468787445,0.2801435312818409,,,1.0,0.008927774305865548,112.00999999999999,1.0,0,-1.0,-1.0,False,False
1,Flat stake,2022-04-17,2021-22,Newcastle,Leicester,A,H,3.9,0.518143802165978,0.3519864925680393,,,1.0,0.009008197459688318,111.00999999999999,1.0,0,-1.0,-1.0,False,False
1,Flat stake,2022-04-20,2021-22,Chelsea,Arsenal,H,A,1.96,0.7746416112192459,0.539893289572627,,,1.0,0.00909008271975275,110.00999999999999,1.0,0,-1.0,-1.0,False,False
1,Flat stake,2022-04-20,2021-22,Everton,Leicester,A,D,2.9,0.5209322733825891,0.2687913646365833,,,1.0,0.00909008271975275,110.00999999999999,1.0,0,-1.0,-1.0,False,False
1,Flat stake,2022-04-20,2021-22,Newcastle,Crystal Palace,A,H,3.54,0.4507265393274752,0.23447714536191422,,,1.0,0.00909008271975275,110.00999999999999,1.0,0,-1.0,-1.0,False,False
1,Flat stake,2022-04-23,2021-22,Leicester,Aston Villa,H,D,3.05,0.6161053496597131,0.42883966656689015,,,1.0,0.009344921035417252,107.00999999999999,1.0,0,-1.0,-1.0,False,False
1,Flat stake,2022-05-01,2021-22,Tottenham,Leicester,A,H,9.05,0.1914356972534344,0.09099292672591074,,,1.0,0.009433072351664937,106.00999999999999,1.0,0,-1.0,-1.0,False,False
1,Flat stake,2022-05-01,2021-22,West Ham,Arsenal,H,A,4.57,0.362492131501648,0.18391849886905642,,,1.0,0.009433072351664937,106.00999999999999,1.0,0,-1.0,-1.0,False,False
1,Flat stake,2022-05-11,2021-22,Leeds,Chelsea,H,A,4.95,0.3226180895485395,0.1511289982950052,,,1.0,0.009614460148062687,104.00999999999999,1.0,0,-1.0,-1.0,False,False
1,Flat stake,2022-05-11,2021-22,Watford,Everton,H,D,6.01,0.282742903074772,0.1395778138681397,,,1.0,0.009614460148062687,104.00999999999999,1.0,0,-1.0,-1.0,False,False
1,Flat stake,2022-05-15,2021-22,Everton,Brentford,A,A,4.32,0.4186329524356083,0.2435223959403096,,,1.0,0.00980296049406921,102.00999999999999,1.0,1,3.3200000000000003,3.3200000000000003,False,False
1,Flat stake,2022-05-19,2021-22,Everton,Crystal Palace,A,H,4.64,0.4494333617137635,0.29817879075600623,,,1.0,0.00949397132820659,105.32999999999998,1.0,0,-1.0,-1.0,False,False
1,Flat stake,2022-05-22,2021-22,Arsenal,Everton,A,H,8.84,0.2577063007918652,0.1630259820153174,,,1.0,0.009584970765839166,104.32999999999998,1.0,0,-1.0,-1.0,False,False
1,Flat stake,2022-08-06,2022-23,Everton,Chelsea,H,A,6.89,0.267368321836452,0.14298263793771715,,,1.0,0.00967773153972709,103.32999999999998,1.0,0,-1.0,-1.0,False,False
1,Flat stake,2022-08-06,2022-23,Newcastle,Nott'm Forest,A,H,6.6,0.2732128103486811,0.1434293836252313,,,1.0,0.00967773153972709,103.32999999999998,1.0,0,-1.0,-1.0,False,False
1,Flat stake,2022-08-13,2022-23,Aston Villa,Everton,A,H,5.11,0.3760785580181453,0.2242728543729252,,,1.0,0.009868745682423765,101.32999999999998,1.0,0,-1.0,-1.0,False,False
1,Flat stake,2022-08-13,2022-23,Man City,Bournemouth,A,H,36.0,0.0772782383780834,0.05091475947460007,,,1.0,0.009868745682423765,101.32999999999998,1.0,0,-1.0,-1.0,False,False
1,Flat stake,2022-08-14,2022-23,Nott'm Forest,West Ham,H,H,4.03,0.3797054160366417,0.17498773156028588,,,1.0,0.010067451927917045,99.32999999999998,1.0,1,3.0300000000000002,3.0300000000000002,False,False
1,Flat stake,2022-08-20,2022-23,Everton,Nott'm Forest,A,D,4.62,0.3882825537203596,0.21929983375360806,,,1.0,0.009769441187964049,102.35999999999999,1.0,0,-1.0,-1.0,False,False
1,Flat stake,2022-08-20,2022-23,Fulham,Brentford,A,H,2.8,0.567300678006601,0.326912165788046,,,1.0,0.009769441187964049,102.35999999999999,1.0,0,-1.0,-1.0,False,False
1,Flat stake,2022-08-21,2022-23,Leeds,Chelsea,H,H,6.14,0.2476715058637641,0.10130409455321238,,,1.0,0.009964129135113593,100.35999999999999,1.0,1,5.14,5.14,False,False
1,Flat stake,2022-08-27,2022-23,Brighton,Leeds,A,H,5.09,0.3482158164844745,0.1888553804171089,,,1.0,0.009478672985781991,105.49999999999999,1.0,0,-1.0,-1.0,False,False
1,Flat stake,2022-08-27,2022-23,Liverpool,Bournemouth,A,H,19.5,0.0844541988413883,0.03496523661659847,,,1.0,0.009478672985781991,105.49999999999999,1.0,0,-1.0,-1.0,False,False
1,Flat stake,2022-08-28,2022-23,Nott'm Forest,Tottenham,H,A,7.1,0.2203127413333814,0.09249515794541116,,,1.0,0.009661835748792272,103.49999999999999,1.0,0,-1.0,-1.0,False,False
1,Flat stake,2022-08-31,2022-23,Liverpool,Newcastle,A,H,10.61,0.1605155189063103,0.07316021390176401,,,1.0,0.009756097560975611,102.49999999999999,1.0,0,-1.0,-1.0,False,False
1,Flat stake,2022-08-31,2022-23,Man City,Nott'm Forest,A,H,26.0,0.0694564049149618,0.032234661111560266,,,1.0,0.009756097560975611,102.49999999999999,1.0,0,-1.0,-1.0,False,False
1,Flat stake,2022-09-03,2022-23,Chelsea,West Ham,A,H,5.44,0.2776735747064907,0.11498744288362824,,,1.0,0.009950248756218907,100.49999999999999,1.0,0,-1.0,-1.0,False,False
1,Flat stake,2022-10-18,2022-23,Brighton,Nott'm Forest,A,D,8.53,0.4554772298396654,0.3831634489418786,,,1.0,0.010050251256281409,99.49999999999999,1.0,0,-1.0,-1.0,False,False
1,Flat stake,2022-10-24,2022-23,West Ham,Bournemouth,A,H,6.12,0.2977425327671621,0.1605828711982485,,,1.0,0.010152284263959392,98.49999999999999,1.0,0,-1.0,-1.0,False,False
1,Flat stake,2022-11-05,2022-23,Leeds,Bournemouth,A,H,5.52,0.2803451179835351,0.12112943612148536,,,1.0,0.010256410256410258,97.49999999999999,1.0,0,-1.0,-1.0,False,False
1,Flat stake,2022-11-06,2022-23,Tottenham,Liverpool,H,A,3.59,0.4239181441126122,0.20149271712906475,,,1.0,0.010362694300518137,96.49999999999999,1.0,0,-1.0,-1.0,False,False
1,Flat stake,2022-11-12,2022-23,West Ham,Leicester,A,A,4.03,0.3952413290001032,0.19565100853809111,,,1.0,0.010471204188481678,95.49999999999999,1.0,1,3.0300000000000002,3.0300000000000002,False,False
1,Flat stake,2023-01-03,2022-23,Man United,Bournemouth,A,H,11.5,0.1438678671061906,0.062331473497256366,,,1.0,0.010149193139145439,98.52999999999999,1.0,0,-1.0,-1.0,False,False
1,Flat stake,2023-02-11,2022-23,Crystal Palace,Brighton,H,D,5.15,0.3313974840986782,0.1702884441224561,,,1.0,0.010253255408592229,97.52999999999999,1.0,0,-1.0,-1.0,False,False
1,Flat stake,2023-02-11,2022-23,Fulham,Nott'm Forest,A,H,4.33,0.3648952794455239,0.17417314114087645,,,1.0,0.010253255408592229,97.52999999999999,1.0,0,-1.0,-1.0,False,False
1,Flat stake,2023-02-25,2022-23,Leicester,Arsenal,H,A,6.02,0.2752337507022393,0.13085800383017543,,,1.0,0.010467915837956664,95.52999999999999,1.0,0,-1.0,-1.0,False,False
1,Flat stake,2023-02-25,2022-23,West Ham,Nott'm Forest,A,H,5.6,0.3099073488065846,0.15988720724279865,,,1.0,0.010467915837956664,95.52999999999999,1.0,0,-1.0,-1.0,False,False
1,Flat stake,2023-02-26,2022-23,Tottenham,Chelsea,H,H,3.04,0.5021680468006806,0.2581327756245437,,,1.0,0.01069175665561852,93.52999999999999,1.0,1,2.04,2.04,False,False
1,Flat stake,2023-03-05,2022-23,Nott'm Forest,Everton,H,D,3.1,0.4987006113681884,0.2599866167816115,,,1.0,0.010463534581981794,95.57,1.0,0,-1.0,-1.0,False,False
1,Flat stake,2023-03-11,2022-23,Everton,Brentford,A,H,2.99,0.5471006756348233,0.31951307545131746,,,1.0,0.010574177857671566,94.57,1.0,0,-1.0,-1.0,False,False
1,Flat stake,2023-03-12,2022-23,Fulham,Arsenal,H,A,7.83,0.2010751140379822,0.08410221711821386,,,1.0,0.010687186063909374,93.57,1.0,0,-1.0,-1.0,False,False
1,Flat stake,2023-03-15,2022-23,Brighton,Crystal Palace,A,H,9.54,0.2157145886693261,0.12387788945027764,,,1.0,0.010802635843145728,92.57,1.0,0,-1.0,-1.0,False,False
1,Flat stake,2023-03-17,2022-23,Nott'm Forest,Newcastle,H,A,5.48,0.2835615400104613,0.12364224090565355,,,1.0,0.01092060718575953,91.57,1.0,0,-1.0,-1.0,False,False
1,Flat stake,2023-04-01,2022-23,Chelsea,Aston Villa,A,A,6.06,0.2535825618596213,0.10606923416389429,,,1.0,0.011041183614883517,90.57,1.0,1,5.06,5.06,False,False
1,Flat stake,2023-04-04,2022-23,Chelsea,Liverpool,A,D,3.5,0.495369399674726,0.2935171595446164,,,1.0,0.010456969570218551,95.63,1.0,0,-1.0,-1.0,False,False
1,Flat stake,2023-04-08,2022-23,Aston Villa,Nott'm Forest,A,H,6.12,0.2819703105746792,0.14173013685879624,,,1.0,0.010567473317129875,94.63,1.0,0,-1.0,-1.0,False,False
1,Flat stake,2023-04-16,2022-23,Nott'm Forest,Man United,H,A,5.14,0.3070922696348525,0.13972325263844,,,1.0,0.010680337498664958,93.63,1.0,0,-1.0,-1.0,False,False
1,Flat stake,2023-05-25,2022-23,Man United,Chelsea,A,H,6.53,0.2774131097605609,0.14674640266482145,,,1.0,0.010795638562020943,92.63,1.0,0,-1.0,-1.0,False,False
1,Flat stake,2023-08-12,2023-24,Brighton,Luton,A,H,11.36,0.2070253217509221,0.13048336439097247,,,1.0,0.010913456291607553,91.63,1.0,0,-1.0,-1.0,False,False
1,Flat stake,2023-08-12,2023-24,Newcastle,Aston Villa,A,H,5.29,0.3533621704154632,0.2026307416078789,,,1.0,0.010913456291607553,91.63,1.0,0,-1.0,-1.0,False,False
1,Flat stake,2023-08-14,2023-24,Man United,Wolves,A,H,12.25,0.1611493424122099,0.08658483951551744,,,1.0,0.011156978690170702,89.63,1.0,0,-1.0,-1.0,False,False
1,Flat stake,2023-08-19,2023-24,Liverpool,Bournemouth,A,H,13.0,0.1285431159145138,0.055921708907389955,,,1.0,0.01128286133363421,88.63,1.0,0,-1.0,-1.0,False,False
1,Flat stake,2023-08-25,2023-24,Chelsea,Luton,A,H,12.5,0.2644640415203204,0.20050439295686998,,,1.0,0.011411617026132604,87.63,1.0,0,-1.0,-1.0,False,False
1,Flat stake,2023-08-26,2023-24,Man United,Nott'm Forest,A,H,8.51,0.1865452884652013,0.07822908186935593,,,1.0,0.011543345261456771,86.63,1.0,0,-1.0,-1.0,False,False
1,Flat stake,2023-09-02,2023-24,Chelsea,Nott'm Forest,A,A,8.45,0.2294758676697116,0.1260498096388004,,,1.0,0.01167815018101133,85.63,1.0,1,7.449999999999999,7.449999999999999,False,False
1,Flat stake,2023-09-16,2023-24,Fulham,Luton,A,H,5.68,0.2665034507111172,0.10977341881178326,,,1.0,0.010743446497636443,93.08,1.0,0,-1.0,-1.0,False,False
1,Flat stake,2023-09-16,2023-24,Newcastle,Brentford,A,H,5.43,0.3094732496945839,0.15359813675882406,,,1.0,0.010743446497636443,93.08,1.0,0,-1.0,-1.0,False,False
1,Flat stake,2023-09-24,2023-24,Chelsea,Aston Villa,A,A,4.1,0.4277689321641089,0.24317826512027302,,,1.0,0.010979358805445762,91.08,1.0,1,3.0999999999999996,3.0999999999999996,False,False
1,Flat stake,2023-09-30,2023-24,Everton,Luton,A,A,5.7,0.2953878110223008,0.14547032400576904,,,1.0,0.010617965597791464,94.17999999999999,1.0,1,4.7,4.7,False,False
1,Flat stake,2023-10-27,2023-24,Crystal Palace,Tottenham,H,A,4.58,0.3792055670109331,0.20579930081286976,,,1.0,0.01011326860841424,98.88,1.0,0,-1.0,-1.0,False,False
1,Flat stake,2023-10-28,2023-24,Chelsea,Brentford,A,A,5.6,0.2826833391239201,0.12674493458564182,,,1.0,0.010216591744993871,97.88,1.0,1,4.6,4.6,False,False
1,Flat stake,2023-10-29,2023-24,Aston Villa,Luton,A,H,8.55,0.2439830403936287,0.1438483437570232,,,1.0,0.00975800156128025,102.47999999999999,1.0,0,-1.0,-1.0,False,False
1,Flat stake,2023-11-04,2023-24,Newcastle,Arsenal,A,H,2.73,0.628938176002575,0.41445157253585524,,,1.0,0.009854158454867956,101.47999999999999,1.0,0,-1.0,-1.0,False,False
1,Flat stake,2023-11-05,2023-24,Luton,Liverpool,H,D,15.0,0.1288965510385803,0.06667487611276461,,,1.0,0.009952229299363059,100.47999999999999,1.0,0,-1.0,-1.0,False,False
1,Flat stake,2023-11-06,2023-24,Tottenham,Chelsea,H,A,2.37,0.6532345020575259,0.4001209999097346,,,1.0,0.010052271813429835,99.47999999999999,1.0,0,-1.0,-1.0,False,False
1,Flat stake,2023-11-11,2023-24,Man United,Luton,A,H,10.06,0.166560010174919,0.07456884132005355,,,1.0,0.01015434606011373,98.47999999999999,1.0,0,-1.0,-1.0,False,False
1,Flat stake,2023-11-25,2023-24,Luton,Crystal Palace,H,H,4.12,0.3992778733446733,0.20673873018591477,,,1.0,0.010258514567090687,97.47999999999999,1.0,1,3.12,3.12,False,False
1,Flat stake,2023-11-25,2023-24,Sheffield United,Bournemouth,H,A,3.57,0.4206623701179048,0.19523916782915182,,,1.0,0.010258514567090687,97.47999999999999,1.0,0,-1.0,-1.0,False,False
1,Flat stake,2023-12-03,2023-24,Chelsea,Brighton,A,H,5.5,0.3072706465027729,0.15333079017005577,,,1.0,0.010040160642570281,99.6,1.0,0,-1.0,-1.0,False,False
1,Flat stake,2023-12-05,2023-24,Luton,Arsenal,H,A,15.5,0.1426343555827293,0.08350569045050373,,,1.0,0.010141987829614604,98.6,1.0,0,-1.0,-1.0,False,False
1,Flat stake,2023-12-09,2023-24,Wolves,Nott'm Forest,A,D,4.42,0.3668466345824787,0.18171407159489936,,,1.0,0.010245901639344263,97.6,1.0,0,-1.0,-1.0,False,False
1,Flat stake,2023-12-10,2023-24,Fulham,West Ham,A,H,3.41,0.458878181782012,0.23434630700276385,,,1.0,0.010351966873706004,96.6,1.0,0,-1.0,-1.0,False,False
1,Flat stake,2023-12-16,2023-24,Chelsea,Sheffield United,A,H,15.9,0.0997293599123081,0.03930851158427508,,,1.0,0.010460251046025106,95.6,1.0,0,-1.0,-1.0,False,False
1,Flat stake,2023-12-26,2023-24,Bournemouth,Fulham,A,H,3.97,0.382847970857534,0.17505267484996972,,,1.0,0.010570824524312896,94.6,1.0,0,-1.0,-1.0,False,False
1,Flat stake,2023-12-26,2023-24,Sheffield United,Luton,A,A,3.15,0.5216519475602118,0.2991644813091476,,,1.0,0.010570824524312896,94.6,1.0,1,2.15,2.15,False,False
1,Flat stake,2023-12-28,2023-24,Arsenal,West Ham,A,A,10.81,0.1424499684279321,0.055034063068903766,,,1.0,0.010443864229765013,95.75,1.0,1,9.81,9.81,False,False
1,Flat stake,2024-02-04,2023-24,Chelsea,Wolves,A,A,6.02,0.3958759779018691,0.2755325472050303,,,1.0,0.009473285335354301,105.56,1.0,1,5.02,5.02,False,False
1,Flat stake,2024-02-12,2023-24,Crystal Palace,Chelsea,H,A,5.04,0.419115362047616,0.2753320358217784,,,1.0,0.009043226623259178,110.58,1.0,0,-1.0,-1.0,False,False
1,Flat stake,2024-03-10,2023-24,Aston Villa,Tottenham,H,A,2.55,0.6277471165373762,0.3875839659163287,,,1.0,0.009125752874612156,109.58,1.0,0,-1.0,-1.0,False,False
1,Flat stake,2024-03-10,2023-24,Liverpool,Man City,H,D,3.48,0.5413187357178897,0.3563666130234904,,,1.0,0.009125752874612156,109.58,1.0,0,-1.0,-1.0,False,False
1,Flat stake,2024-03-13,2023-24,Bournemouth,Luton,A,H,5.69,0.2892726096674086,0.13773158827453197,,,1.0,0.009295408068414203,107.58,1.0,0,-1.0,-1.0,False,False
1,Flat stake,2024-03-30,2023-24,Tottenham,Luton,A,H,12.64,0.1382553190345624,0.0642222708416554,,,1.0,0.009382623381497467,106.58,1.0,0,-1.0,-1.0,False,False
1,Flat stake,2024-04-02,2023-24,West Ham,Tottenham,H,D,3.47,0.4514264586480969,0.22933190749348026,,,1.0,0.009471490812653912,105.58,1.0,0,-1.0,-1.0,False,False
1,Flat stake,2024-04-06,2023-24,Fulham,Newcastle,A,A,2.83,0.531338787645353,0.2752397645007372,,,1.0,0.009562057754828839,104.58,1.0,1,1.83,1.83,False,False
1,Flat stake,2024-04-06,2023-24,Luton,Bournemouth,H,H,3.82,0.4282069527340724,0.22544346079580013,,,1.0,0.009562057754828839,104.58,1.0,1,2.82,2.82,False,False
1,Flat stake,2024-04-07,2023-24,Man United,Liverpool,H,D,5.0,0.3483525476020239,0.18544068450252987,,,1.0,0.009154994049253868,109.23,1.0,0,-1.0,-1.0,False,False
1,Flat stake,2024-04-20,2023-24,Wolves,Arsenal,H,A,11.75,0.2077545938558803,0.13405734677270637,,,1.0,0.009239582370876836,108.23,1.0,0,-1.0,-1.0,False,False
1,Flat stake,2024-04-27,2023-24,Fulham,Crystal Palace,A,D,3.78,0.4054619417000453,0.19159933080078095,,,1.0,0.009325748391308402,107.23,1.0,0,-1.0,-1.0,False,False
1,Flat stake,2024-04-28,2023-24,Bournemouth,Brighton,A,H,3.57,0.464337130147487,0.2559079979091551,,,1.0,0.009413536665725312,106.23,1.0,0,-1.0,-1.0,False,False
1,Flat stake,2024-05-04,2023-24,Sheffield United,Nott'm Forest,H,A,5.08,0.2953481404544671,0.12263935135016986,,,1.0,0.009502993442934524,105.23,1.0,0,-1.0,-1.0,False,False
1,Flat stake,2024-05-06,2023-24,Crystal Palace,Man United,A,H,3.57,0.4545185802079429,0.2422690005223176,,,1.0,0.009594166746618055,104.23,1.0,0,-1.0,-1.0,False,False
1,Flat stake,2024-05-12,2023-24,Man United,Arsenal,H,A,9.75,0.2428390146346724,0.15630633059292068,,,1.0,0.00968710646130001,103.23,1.0,0,-1.0,-1.0,False,False
1,Flat stake,2024-05-13,2023-24,Aston Villa,Liverpool,H,D,3.9,0.4091450388039352,0.20540194873632667,,,1.0,0.009781864423359092,102.23,1.0,0,-1.0,-1.0,False,False
1,Flat stake,2024-05-19,2023-24,Crystal Palace,Aston Villa,A,H,4.99,0.4392624469558421,0.29872671937585266,,,1.0,0.009878494517435542,101.23,1.0,0,-1.0,-1.0,False,False
1,Flat stake,2024-05-19,2023-24,Sheffield United,Tottenham,H,A,7.99,0.1974467418664834,0.0826322557243494,,,1.0,0.009878494517435542,101.23,1.0,0,-1.0,-1.0,False,False
1,Flat stake,2024-08-17,2024-25,Ipswich,Liverpool,H,A,8.14,0.2106605398903122,0.10010879477691054,,,1.0,0.01007759750075582,99.23,1.0,0,-1.0,-1.0,False,False
1,Flat stake,2024-08-17,2024-25,Nott'm Forest,Bournemouth,A,D,3.37,0.4502747651603423,0.21832318927863018,,,1.0,0.01007759750075582,99.23,1.0,0,-1.0,-1.0,False,False
1,Flat stake,2024-08-17,2024-25,West Ham,Aston Villa,A,A,2.86,0.5319889687401794,0.28037013472952316,,,1.0,0.01007759750075582,99.23,1.0,1,1.8599999999999999,1.8599999999999999,False,False
1,Flat stake,2024-09-21,2024-25,Tottenham,Brentford,A,H,6.23,0.2674255567834778,0.1273539615221925,,,1.0,0.010091835704914724,99.09,1.0,0,-1.0,-1.0,False,False
1,Flat stake,2024-10-19,2024-25,Southampton,Leicester,A,A,3.41,0.4615096021594852,0.2380696030555372,,,1.0,0.010194719135487817,98.09,1.0,1,2.41,2.41,False,False
1,Flat stake,2024-11-10,2024-25,Man United,Leicester,A,H,8.93,0.1962420278151508,0.09488541089398442,,,1.0,0.009950248756218905,100.5,1.0,0,-1.0,-1.0,False,False
1,Flat stake,2024-11-10,2024-25,Tottenham,Ipswich,A,A,10.66,0.143267942784956,0.05457932402563467,,,1.0,0.009950248756218905,100.5,1.0,1,9.66,9.66,False,False
1,Flat stake,2024-11-23,2024-25,Leicester,Chelsea,H,A,7.0,0.2301190662017483,0.10180557723537302,,,1.0,0.009160864785635764,109.16,1.0,0,-1.0,-1.0,False,False
1,Flat stake,2024-11-24,2024-25,Ipswich,Man United,H,D,5.15,0.3277845194151907,0.16580488553933306,,,1.0,0.009245562130177515,108.16,1.0,0,-1.0,-1.0,False,False
1,Flat stake,2024-11-30,2024-25,Brentford,Leicester,A,H,5.38,0.2923509349876417,0.13078722151450053,,,1.0,0.009331840238895111,107.16,1.0,0,-1.0,-1.0,False,False
1,Flat stake,2024-11-30,2024-25,West Ham,Arsenal,H,A,7.34,0.2082103395023374,0.08332238043330545,,,1.0,0.009331840238895111,107.16,1.0,0,-1.0,-1.0,False,False
1,Flat stake,2024-12-03,2024-25,Ipswich,Crystal Palace,H,A,3.35,0.4607064269887924,0.2312198001755125,,,1.0,0.009509319132750096,105.16,1.0,0,-1.0,-1.0,False,False
1,Flat stake,2024-12-05,2024-25,Bournemouth,Tottenham,A,H,3.06,0.5009965328729618,0.2587618400928461,,,1.0,0.009600614439324117,104.16,1.0,0,-1.0,-1.0,False,False
1,Flat stake,2024-12-14,2024-25,Newcastle,Leicester,A,H,9.49,0.173294879204292,0.07592089560055726,,,1.0,0.009693679720822024,103.16,1.0,0,-1.0,-1.0,False,False
1,Flat stake,2024-12-29,2024-25,Leicester,Man City,H,A,10.25,0.1508720959250994,0.0590744846737588,,,1.0,0.009788566953797965,102.16,1.0,0,-1.0,-1.0,False,False
1,Flat stake,2024-12-30,2024-25,Ipswich,Chelsea,H,H,7.55,0.2296073440825248,0.11199014470581103,,,1.0,0.009885330170027679,101.16,1.0,1,6.55,6.55,False,False
1,Flat stake,2025-01-04,2024-25,Tottenham,Newcastle,H,A,3.9,0.4751743467562711,0.2941999835687784,,,1.0,0.009284189026088572,107.71,1.0,0,-1.0,-1.0,False,False
1,Flat stake,2025-01-18,2024-25,Leicester,Fulham,H,A,4.65,0.3622231776728645,0.1874898016928274,,,1.0,0.0093711929528629,106.71,1.0,0,-1.0,-1.0,False,False
1,Flat stake,2025-01-19,2024-25,Ipswich,Man City,H,A,8.5,0.2129864688143601,0.10805133132294144,,,1.0,0.009459842966606754,105.71,1.0,0,-1.0,-1.0,False,False
1,Flat stake,2025-02-15,2024-25,Man City,Newcastle,H,H,2.09,0.7332236884415598,0.4884747787549174,,,1.0,0.00955018622863146,104.71,1.0,1,1.0899999999999999,1.0899999999999999,False,False
1,Flat stake,2025-02-22,2024-25,Aston Villa,Chelsea,H,H,2.68,0.5877810999472824,0.34241270705876004,,,1.0,0.00945179584120983,105.8,1.0,1,1.6800000000000002,1.6800000000000002,False,False
1,Flat stake,2025-02-23,2024-25,Man City,Liverpool,H,A,3.24,0.496898819403884,0.27230007806633216,,,1.0,0.009304056568663937,107.48,1.0,0,-1.0,-1.0,False,False
1,Flat stake,2025-04-12,2024-25,Brighton,Leicester,A,D,10.93,0.1400010163147962,0.053394874956769624,,,1.0,0.009391435011269721,106.48,1.0,0,-1.0,-1.0,False,False
1,Flat stake,2025-04-13,2024-25,Chelsea,Ipswich,A,D,13.76,0.1532613181899071,0.08690248732704715,,,1.0,0.009480470231323474,105.48,1.0,0,-1.0,-1.0,False,False
1,Flat stake,2025-04-26,2024-25,Chelsea,Everton,A,H,7.5,0.2346280695357707,0.11687854177204311,,,1.0,0.009571209800918835,104.48,1.0,0,-1.0,-1.0,False,False
1,Flat stake,2025-04-26,2024-25,Newcastle,Ipswich,A,H,17.5,0.0894470663712287,0.03426204009069711,,,1.0,0.009571209800918835,104.48,1.0,0,-1.0,-1.0,False,False
1,Flat stake,2025-04-27,2024-25,Liverpool,Tottenham,A,H,13.75,0.1242679661686246,0.055583100770085346,,,1.0,0.00975800156128025,102.48,1.0,0,-1.0,-1.0,False,False
1,Flat stake,2025-05-04,2024-25,West Ham,Tottenham,A,D,4.22,0.392041897402164,0.20323503324134531,,,1.0,0.009854158454867954,101.48,1.0,0,-1.0,-1.0,False,False
1,Flat stake,2025-05-10,2024-25,Fulham,Everton,A,A,4.94,0.3314248552423252,0.16173573220738233,,,1.0,0.009952229299363057,100.48,1.0,1,3.9400000000000004,3.9400000000000004,False,False
1,Flat stake,2025-05-10,2024-25,Ipswich,Brentford,H,A,5.83,0.2580485143669941,0.10443537034359746,,,1.0,0.009952229299363057,100.48,1.0,0,-1.0,-1.0,False,False
1,Flat stake,2025-05-16,2024-25,Aston Villa,Tottenham,A,H,11.0,0.2162648766589268,0.1378913643248195,,,1.0,0.009669309611293753,103.42,1.0,0,-1.0,-1.0,False,False
1,Flat stake,2025-05-19,2024-25,Brighton,Liverpool,A,H,3.09,0.5141076550373556,0.28162327945714294,,,1.0,0.009763718023823472,102.42,1.0,0,-1.0,-1.0,False,False
1,Flat stake,2025-05-25,2024-25,Bournemouth,Leicester,A,H,9.01,0.1719510729698651,0.06857417820954863,,,1.0,0.009859988168014198,101.42,1.0,0,-1.0,-1.0,False,False
1,Flat stake,2025-05-25,2024-25,Man United,Aston Villa,H,H,4.82,0.4123592089455571,0.2585265411302579,,,1.0,0.009859988168014198,101.42,1.0,1,3.8200000000000003,3.8200000000000003,False,False
1,Flat stake,2025-05-25,2024-25,Newcastle,Everton,A,A,10.36,0.2224232481897849,0.13934880889382176,,,1.0,0.009859988168014198,101.42,1.0,1,9.36,9.36,False,False
1,Flat stake,2025-05-25,2024-25,Nott'm Forest,Chelsea,H,A,3.5,0.4426091824806774,0.21965285547294836,,,1.0,0.009859988168014198,101.42,1.0,0,-1.0,-1.0,False,False
1,Flat stake,2025-05-25,2024-25,Tottenham,Brighton,H,A,3.83,0.4464454957400025,0.250843197414915,,,1.0,0.009859988168014198,101.42,1.0,0,-1.0,-1.0,False,False
2,Quarter Kelly,2021-08-14,2021-22,Chelsea,Crystal Palace,A,H,11.0,0.1751820271967661,0.09270022991644271,0.023175057479110677,0.02,1.0,0.02,100.0,2.0,0,-1.0,-2.0,True,False
2,Quarter Kelly,2021-08-15,2021-22,Tottenham,Man City,H,H,5.97,0.2526648406088871,0.10229559324649015,0.025573898311622538,0.02,1.0,0.02,98.0,1.96,1,4.97,9.7412,True,False
2,Quarter Kelly,2021-08-21,2021-22,Aston Villa,Newcastle,A,H,4.39,0.3619611347915697,0.17374908015781443,0.04343727003945361,0.02,1.0,0.02,107.74119999999999,2.154824,0,-1.0,-2.154824,True,False
2,Quarter Kelly,2021-08-21,2021-22,Brighton,Watford,A,H,5.6,0.3267247748135137,0.18036059542514712,0.04509014885628678,0.02,1.0,0.02,107.74119999999999,2.154824,0,-1.0,-2.154824,True,False
2,Quarter Kelly,2021-08-28,2021-22,Aston Villa,Brentford,A,D,4.07,0.398614510896681,0.20272347210081162,0.050680868025202906,0.02,1.0,0.02,103.431552,2.06863104,0,-1.0,-2.06863104,True,False
2,Quarter Kelly,2021-08-28,2021-22,Man City,Arsenal,A,H,10.5,0.1556587655706351,0.06678074089385984,0.01669518522346496,0.01669518522346496,1.0,0.01669518522346496,103.431552,1.7268089185904476,0,-1.0,-1.7268089185904476,False,False
2,Quarter Kelly,2021-08-29,2021-22,Tottenham,Watford,A,H,8.5,0.189484202222573,0.08141542918558274,0.020353857296395685,0.02,1.0,0.02,99.63611204140955,1.992722240828191,0,-1.0,-1.992722240828191,True,False
2,Quarter Kelly,2021-09-11,2021-22,Chelsea,Aston Villa,A,H,10.33,0.1455867546050984,0.05400977224765985,0.013502443061914962,0.013502443061914962,1.0,0.013502443061914962,97.64338980058136,1.318424311154718,0,-1.0,-1.318424311154718,False,False
2,Quarter Kelly,2021-09-11,2021-22,Man United,Newcastle,A,H,15.76,0.105276819306778,0.044658717633795475,0.011164679408448869,0.011164679408448869,1.0,0.01116467940844887,97.64338980058136,1.090157143477697,0,-1.0,-1.090157143477697,False,False
2,Quarter Kelly,2021-09-18,2021-22,Aston Villa,Everton,A,H,3.65,0.5110155898837189,0.32649317097191466,0.08162329274297866,0.02,1.0,0.02,95.23480834594895,1.904696166918979,0,-1.0,-1.904696166918979,True,False
2,Quarter Kelly,2021-09-18,2021-22,Man City,Southampton,A,D,16.74,0.0952313914933085,0.037749268970647024,0.009437317242661756,0.009437317242661756,1.0,0.009437317242661756,95.23480834594895,0.8987610989048117,0,-1.0,-0.8987610989048117,False,False
2,Quarter Kelly,2021-09-18,2021-22,Norwich,Watford,A,A,3.31,0.5150806048764587,0.3051587888056616,0.0762896972014154,0.02,1.0,0.02,95.23480834594895,1.904696166918979,1,2.31,4.399848145582841,True,False
2,Quarter Kelly,2021-09-18,2021-22,Wolves,Brentford,A,A,5.38,0.3688560494619245,0.22475925710163328,0.05618981427540832,0.02,1.0,0.02,95.23480834594895,1.904696166918979,1,4.38,8.342569211105127,True,False
2,Quarter Kelly,2021-10-23,2021-22,Brighton,Man City,H,A,8.18,0.2108581915207847,0.1009498616490277,0.025237465412256924,0.02,1.0,0.02,105.17376843681313,2.103475368736263,0,-1.0,-2.103475368736263,True,False
2,Quarter Kelly,2021-11-06,2021-22,Man United,Man City,H,A,4.79,0.3536990985258847,0.18317115618442947,0.04579278904610737,0.02,1.0,0.02,103.07029306807686,2.0614058613615374,0,-1.0,-2.0614058613615374,True,False
2,Quarter Kelly,2021-11-07,2021-22,Everton,Tottenham,H,D,3.48,0.4709611043323484,0.2576389689824889,0.06440974224562222,0.02,1.0,0.02,101.00888720671533,2.0201777441343065,0,-1.0,-2.0201777441343065,True,False
2,Quarter Kelly,2021-11-20,2021-22,Watford,Man United,H,H,6.58,0.2297892920135382,0.09175869918442318,0.022939674796105796,0.02,1.0,0.02,98.98870946258103,1.9797741892516205,1,5.58,11.047139976024043,True,False
2,Quarter Kelly,2021-11-21,2021-22,Tottenham,Leeds,A,H,6.01,0.3232289811918416,0.18814494550159044,0.04703623637539761,0.02,1.0,0.02,110.03584943860507,2.2007169887721014,0,-1.0,-2.2007169887721014,True,False
2,Quarter Kelly,2021-11-28,2021-22,Man City,West Ham,A,H,11.0,0.1542201831501845,0.06964220146520295,0.017410550366300737,0.017410550366300737,1.0,0.017410550366300737,107.83513244983297,1.877469004774528,0,-1.0,-1.877469004774528,False,False
2,Quarter Kelly,2021-12-01,2021-22,Southampton,Leicester,A,D,3.02,0.5510443647198479,0.3287890997296735,0.08219727493241838,0.02,1.0,0.019999999999999997,105.95766344505844,2.1191532689011687,0,-1.0,-2.1191532689011687,True,False
2,Quarter Kelly,2021-12-01,2021-22,Wolves,Burnley,A,D,4.94,0.3037997399825943,0.12709916637411572,0.03177479159352893,0.02,1.0,0.019999999999999997,105.95766344505844,2.1191532689011687,0,-1.0,-2.1191532689011687,True,False
2,Quarter Kelly,2021-12-02,2021-22,Tottenham,Brentford,A,H,5.44,0.3055417308689658,0.14913221079440855,0.03728305269860214,0.02,1.0,0.02,101.7193569072561,2.034387138145122,0,-1.0,-2.034387138145122,True,False
2,Quarter Kelly,2021-12-04,2021-22,West Ham,Chelsea,H,H,4.92,0.3366063049850156,0.1673732195220094,0.04184330488050235,0.02,1.0,0.02,99.68496976911098,1.9936993953822195,1,3.92,7.8153016298983005,True,False
2,Quarter Kelly,2021-12-05,2021-22,Leeds,Brentford,A,D,4.94,0.4574312777617197,0.31972348023931363,0.07993087005982841,0.02,1.0,0.02,107.50027139900928,2.1500054279801857,0,-1.0,-2.1500054279801857,True,False
2,Quarter Kelly,2021-12-11,2021-22,Man City,Wolves,A,H,21.0,0.0841119291165897,0.03831752557241919,0.009579381393104797,0.009579381393104797,1.0,0.009579381393104797,105.35026597102909,1.0091903776015174,0,-1.0,-1.0091903776015174,False,False
2,Quarter Kelly,2021-12-14,2021-22,Man City,Leeds,A,H,20.0,0.0814212961645803,0.033075048594295046,0.008268762148573762,0.008268762148573762,1.0,0.008268762148573762,104.34107559342758,0.8627715364084074,0,-1.0,-0.8627715364084074,False,False
2,Quarter Kelly,2021-12-19,2021-22,Newcastle,Man City,H,A,23.5,0.1014206413761399,0.06148378099285722,0.015370945248214305,0.015370945248214305,1.0,0.015370945248214305,103.47830405701917,1.590559346038514,0,-1.0,-1.590559346038514,False,False
2,Quarter Kelly,2021-12-26,2021-22,Brighton,Brentford,A,H,4.42,0.3583706409765432,0.17075971728547396,0.04268992932136849,0.02,1.0,0.02,101.88774471098066,2.037754894219613,0,-1.0,-2.037754894219613,True,False
2,Quarter Kelly,2021-12-26,2021-22,Man City,Leicester,A,H,21.0,0.1354431439034373,0.09221530109860918,0.023053825274652294,0.02,1.0,0.02,101.88774471098066,2.037754894219613,0,-1.0,-2.037754894219613,True,False
2,Quarter Kelly,2021-12-28,2021-22,Leicester,Liverpool,H,H,8.27,0.3190810435649298,0.22541956400027088,0.05635489100006772,0.02,1.0,0.02,97.81223492254144,1.9562446984508288,1,7.27,14.221898957737524,True,False
2,Quarter Kelly,2022-01-23,2021-22,Arsenal,Burnley,A,D,11.9,0.1832145109701244,0.10828006243527341,0.027070015608818353,0.02,1.0,0.02,112.03413388027896,2.2406826776055793,0,-1.0,-2.2406826776055793,True,False
2,Quarter Kelly,2022-02-08,2021-22,Burnley,Man United,H,D,6.65,0.2895020157825475,0.16375016016883906,0.040937540042209765,0.02,1.0,0.02,109.79345120267338,2.1958690240534677,0,-1.0,-2.1958690240534677,True,False
2,Quarter Kelly,2022-02-09,2021-22,Tottenham,Southampton,A,A,6.41,0.253200702297493,0.11516016667780592,0.02879004166945148,0.02,1.0,0.02,107.59758217861992,2.1519516435723984,1,5.41,11.642058391726676,True,False
2,Quarter Kelly,2022-02-10,2021-22,Liverpool,Leicester,A,H,14.0,0.1088716504268672,0.040323315844318516,0.010080828961079629,0.010080828961079629,1.0,0.010080828961079629,119.2396405703466,1.2020344219702754,0,-1.0,-1.2020344219702754,False,False
2,Quarter Kelly,2022-02-12,2021-22,Man United,Southampton,A,D,6.26,0.3094982725952319,0.17822417993272843,0.04455604498318211,0.02,1.0,0.02,118.03760614837631,2.360752122967526,0,-1.0,-2.360752122967526,True,False
2,Quarter Kelly,2022-02-13,2021-22,Burnley,Liverpool,H,A,13.5,0.1217349542942724,0.051473750637814196,0.012868437659453549,0.012868437659453549,1.0,0.012868437659453549,115.67685402540879,1.4885803846676813,0,-1.0,-1.4885803846676813,False,False
2,Quarter Kelly,2022-02-13,2021-22,Leicester,West Ham,H,D,3.02,0.5032420637428459,0.25732229331851214,0.06433057332962804,0.02,1.0,0.02,115.67685402540879,2.313537080508176,0,-1.0,-2.313537080508176,True,False
2,Quarter Kelly,2022-02-13,2021-22,Tottenham,Wolves,A,A,5.9,0.2984940581225204,0.15532958018834087,0.038832395047085216,0.02,1.0,0.02,115.67685402540879,2.313537080508176,1,4.9,11.336331694490063,True,False
2,Quarter Kelly,2022-02-19,2021-22,Crystal Palace,Chelsea,H,A,6.49,0.259349975190943,0.1244410453532277,0.031110261338306924,0.02,1.0,0.02,123.21106825472299,2.4642213650944598,0,-1.0,-2.4642213650944598,True,False
2,Quarter Kelly,2022-02-23,2021-22,Burnley,Tottenham,H,H,4.71,0.3780089944577121,0.21035643231693366,0.052589108079233414,0.02,1.0,0.02,120.74684688962853,2.4149369377925707,1,3.71,8.959416039210437,True,False
2,Quarter Kelly,2022-02-23,2021-22,Liverpool,Leeds,A,H,16.0,0.1164400994474265,0.057536106077254935,0.014384026519313734,0.014384026519313734,1.0,0.014384026519313734,120.74684688962853,1.7368258477839318,0,-1.0,-1.7368258477839318,False,False
2,Quarter Kelly,2022-02-26,2021-22,Everton,Man City,H,A,12.5,0.145066023228205,0.07072393829152718,0.017680984572881794,0.017680984572881794,1.0,0.017680984572881794,127.96943708105503,2.2626256428305016,0,-1.0,-2.2626256428305016,False,False
2,Quarter Kelly,2022-03-06,2021-22,Watford,Arsenal,H,A,6.84,0.2854252388424826,0.16306654686345565,0.04076663671586391,0.02,1.0,0.02,125.70681143822453,2.5141362287644906,0,-1.0,-2.5141362287644906,True,False
2,Quarter Kelly,2022-03-10,2021-22,Southampton,Newcastle,A,A,4.41,0.360141055945855,0.17249913686839313,0.04312478421709828,0.02,1.0,0.02,123.19267520946005,2.463853504189201,1,3.41,8.401740449285175,True,False
2,Quarter Kelly,2022-03-13,2021-22,Arsenal,Leicester,A,H,7.92,0.218590327129024,0.10566985417079047,0.026417463542697618,0.02,1.0,0.02,131.59441565874522,2.6318883131749042,0,-1.0,-2.6318883131749042,True,False
2,Quarter Kelly,2022-03-14,2021-22,Crystal Palace,Man City,H,D,9.88,0.1596832261959826,0.06505295887571039,0.016263239718927597,0.016263239718927597,1.0,0.016263239718927597,128.96252734557032,2.0973484969797656,0,-1.0,-2.0973484969797656,False,False
2,Quarter Kelly,2022-04-02,2021-22,Burnley,Man City,H,A,16.5,0.1214281834158371,0.06474613073298789,0.016186532683246973,0.016186532683246973,1.0,0.016186532683246973,126.86517884859056,2.053507363798684,0,-1.0,-2.053507363798684,False,False
2,Quarter Kelly,2022-04-04,2021-22,Crystal Palace,Arsenal,H,H,4.15,0.4224182729213933,0.23905899448374038,0.059764748620935094,0.02,1.0,0.02,124.81167148479187,2.4962334296958377,1,3.1500000000000004,7.86313530354189,True,False
2,Quarter Kelly,2022-04-08,2021-22,Newcastle,Wolves,A,H,4.47,0.4411852468787445,0.2801435312818409,0.07003588282046022,0.02,1.0,0.02,132.67480678833377,2.6534961357666753,0,-1.0,-2.6534961357666753,True,False
2,Quarter Kelly,2022-04-17,2021-22,Newcastle,Leicester,A,H,3.9,0.518143802165978,0.3519864925680393,0.08799662314200983,0.02,1.0,0.02,130.02131065256708,2.6004262130513416,0,-1.0,-2.6004262130513416,True,False
2,Quarter Kelly,2022-04-20,2021-22,Chelsea,Arsenal,H,A,1.96,0.7746416112192459,0.539893289572627,0.13497332239315676,0.02,1.0,0.02,127.42088443951575,2.548417688790315,0,-1.0,-2.548417688790315,True,False
2,Quarter Kelly,2022-04-20,2021-22,Everton,Leicester,A,D,2.9,0.5209322733825891,0.2687913646365833,0.06719784115914583,0.02,1.0,0.02,127.42088443951575,2.548417688790315,0,-1.0,-2.548417688790315,True,False
2,Quarter Kelly,2022-04-20,2021-22,Newcastle,Crystal Palace,A,H,3.54,0.4507265393274752,0.23447714536191422,0.058619286340478555,0.02,1.0,0.02,127.42088443951575,2.548417688790315,0,-1.0,-2.548417688790315,True,False
2,Quarter Kelly,2022-04-23,2021-22,Leicester,Aston Villa,H,D,3.05,0.6161053496597131,0.42883966656689015,0.10720991664172254,0.02,1.0,0.02,119.7756313731448,2.395512627462896,0,-1.0,-2.395512627462896,True,False
2,Quarter Kelly,2022-05-01,2021-22,Tottenham,Leicester,A,H,9.05,0.1914356972534344,0.09099292672591074,0.022748231681477684,0.02,1.0,0.02,117.38011874568191,2.347602374913638,0,-1.0,-2.347602374913638,True,False
2,Quarter Kelly,2022-05-01,2021-22,West Ham,Arsenal,H,A,4.57,0.362492131501648,0.18391849886905642,0.045979624717264106,0.02,1.0,0.02,117.38011874568191,2.347602374913638,0,-1.0,-2.347602374913638,True,False
2,Quarter Kelly,2022-05-11,2021-22,Leeds,Chelsea,H,A,4.95,0.3226180895485395,0.1511289982950052,0.0377822495737513,0.02,1.0,0.02,112.68491399585463,2.2536982799170926,0,-1.0,-2.2536982799170926,True,False
2,Quarter Kelly,2022-05-11,2021-22,Watford,Everton,H,D,6.01,0.282742903074772,0.1395778138681397,0.034894453467034924,0.02,1.0,0.02,112.68491399585463,2.2536982799170926,0,-1.0,-2.2536982799170926,True,False
2,Quarter Kelly,2022-05-15,2021-22,Everton,Brentford,A,A,4.32,0.4186329524356083,0.2435223959403096,0.0608805989850774,0.02,1.0,0.02,108.17751743602044,2.163550348720409,1,3.3200000000000003,7.182987157751758,True,False
2,Quarter Kelly,2022-05-19,2021-22,Everton,Crystal Palace,A,H,4.64,0.4494333617137635,0.29817879075600623,0.07454469768900156,0.02,1.0,0.02,115.36050459377219,2.3072100918754437,0,-1.0,-2.3072100918754437,True,False
2,Quarter Kelly,2022-05-22,2021-22,Arsenal,Everton,A,H,8.84,0.2577063007918652,0.1630259820153174,0.04075649550382935,0.02,1.0,0.02,113.05329450189674,2.261065890037935,0,-1.0,-2.261065890037935,True,False
2,Quarter Kelly,2022-08-06,2022-23,Everton,Chelsea,H,A,6.89,0.267368321836452,0.14298263793771715,0.03574565948442929,0.02,1.0,0.02,110.7922286118588,2.215844572237176,0,-1.0,-2.215844572237176,True,False
2,Quarter Kelly,2022-08-06,2022-23,Newcastle,Nott'm Forest,A,H,6.6,0.2732128103486811,0.1434293836252313,0.035857345906307826,0.02,1.0,0.02,110.7922286118588,2.215844572237176,0,-1.0,-2.215844572237176,True,False
2,Quarter Kelly,2022-08-13,2022-23,Aston Villa,Everton,A,H,5.11,0.3760785580181453,0.2242728543729252,0.0560682135932313,0.02,1.0,0.02,106.36053946738446,2.1272107893476893,0,-1.0,-2.1272107893476893,True,False
2,Quarter Kelly,2022-08-13,2022-23,Man City,Bournemouth,A,H,36.0,0.0772782383780834,0.05091475947460007,0.012728689868650018,0.012728689868650018,1.0,0.012728689868650016,106.36053946738446,1.3538303211426468,0,-1.0,-1.3538303211426468,False,False
2,Quarter Kelly,2022-08-14,2022-23,Nott'm Forest,West Ham,H,H,4.03,0.3797054160366417,0.17498773156028588,0.04374693289007147,0.02,1.0,0.02,102.87949835689412,2.0575899671378823,1,3.0300000000000002,6.234497600427784,True,False
2,Quarter Kelly,2022-08-20,2022-23,Everton,Nott'm Forest,A,D,4.62,0.3882825537203596,0.21929983375360806,0.054824958438402016,0.02,1.0,0.019999999999999997,109.1139959573219,2.182279919146438,0,-1.0,-2.182279919146438,True,False
2,Quarter Kelly,2022-08-20,2022-23,Fulham,Brentford,A,H,2.8,0.567300678006601,0.326912165788046,0.0817280414470115,0.02,1.0,0.019999999999999997,109.1139959573219,2.182279919146438,0,-1.0,-2.182279919146438,True,False
2,Quarter Kelly,2022-08-21,2022-23,Leeds,Chelsea,H,H,6.14,0.2476715058637641,0.10130409455321238,0.025326023638303094,0.02,1.0,0.02,104.74943611902903,2.0949887223805805,1,5.14,10.768242033036183,True,False
2,Quarter Kelly,2022-08-27,2022-23,Brighton,Leeds,A,H,5.09,0.3482158164844745,0.1888553804171089,0.04721384510427722,0.02,1.0,0.02,115.51767815206522,2.3103535630413043,0,-1.0,-2.3103535630413043,True,False
2,Quarter Kelly,2022-08-27,2022-23,Liverpool,Bournemouth,A,H,19.5,0.0844541988413883,0.03496523661659847,0.008741309154149618,0.008741309154149618,1.0,0.008741309154149618,115.51767815206522,1.0097757374967569,0,-1.0,-1.0097757374967569,False,False
2,Quarter Kelly,2022-08-28,2022-23,Nott'm Forest,Tottenham,H,A,7.1,0.2203127413333814,0.09249515794541116,0.02312378948635279,0.02,1.0,0.019999999999999997,112.19754885152716,2.243950977030543,0,-1.0,-2.243950977030543,True,False
2,Quarter Kelly,2022-08-31,2022-23,Liverpool,Newcastle,A,H,10.61,0.1605155189063103,0.07316021390176401,0.018290053475441003,0.018290053475441003,1.0,0.018290053475441003,109.95359787449662,2.0110571849416794,0,-1.0,-2.0110571849416794,False,False
2,Quarter Kelly,2022-08-31,2022-23,Man City,Nott'm Forest,A,H,26.0,0.0694564049149618,0.032234661111560266,0.008058665277890066,0.008058665277890066,1.0,0.008058665277890066,109.95359787449662,0.8860792413702929,0,-1.0,-0.8860792413702929,False,False
2,Quarter Kelly,2022-09-03,2022-23,Chelsea,West Ham,A,H,5.44,0.2776735747064907,0.11498744288362824,0.02874686072090706,0.02,1.0,0.02,107.05646144818465,2.141129228963693,0,-1.0,-2.141129228963693,True,False
2,Quarter Kelly,2022-10-18,2022-23,Brighton,Nott'm Forest,A,D,8.53,0.4554772298396654,0.3831634489418786,0.09579086223546965,0.02,1.0,0.02,104.91533221922096,2.098306644384419,0,-1.0,-2.098306644384419,True,False
2,Quarter Kelly,2022-10-24,2022-23,West Ham,Bournemouth,A,H,6.12,0.2977425327671621,0.1605828711982485,0.04014571779956212,0.02,1.0,0.02,102.81702557483653,2.056340511496731,0,-1.0,-2.056340511496731,True,False
2,Quarter Kelly,2022-11-05,2022-23,Leeds,Bournemouth,A,H,5.52,0.2803451179835351,0.12112943612148536,0.03028235903037134,0.02,1.0,0.02,100.7606850633398,2.0152137012667963,0,-1.0,-2.0152137012667963,True,False
2,Quarter Kelly,2022-11-06,2022-23,Tottenham,Liverpool,H,A,3.59,0.4239181441126122,0.20149271712906475,0.05037317928226619,0.02,1.0,0.02,98.745471362073,1.9749094272414602,0,-1.0,-1.9749094272414602,True,False
2,Quarter Kelly,2022-11-12,2022-23,West Ham,Leicester,A,A,4.03,0.3952413290001032,0.19565100853809111,0.04891275213452278,0.02,1.0,0.02,96.77056193483155,1.935411238696631,1,3.0300000000000002,5.864296053250792,True,False
2,Quarter Kelly,2023-01-03,2022-23,Man United,Bournemouth,A,H,11.5,0.1438678671061906,0.062331473497256366,0.015582868374314092,0.015582868374314092,1.0,0.015582868374314092,102.63485798808235,1.5993454826447064,0,-1.0,-1.5993454826447064,False,False
2,Quarter Kelly,2023-02-11,2022-23,Crystal Palace,Brighton,H,D,5.15,0.3313974840986782,0.1702884441224561,0.04257211103061403,0.02,1.0,0.019999999999999997,101.03551250543764,2.0207102501087526,0,-1.0,-2.0207102501087526,True,False
2,Quarter Kelly,2023-02-11,2022-23,Fulham,Nott'm Forest,A,H,4.33,0.3648952794455239,0.17417314114087645,0.04354328528521911,0.02,1.0,0.019999999999999997,101.03551250543764,2.0207102501087526,0,-1.0,-2.0207102501087526,True,False
2,Quarter Kelly,2023-02-25,2022-23,Leicester,Arsenal,H,A,6.02,0.2752337507022393,0.13085800383017543,0.03271450095754386,0.02,1.0,0.02,96.99409200522012,1.9398818401044025,0,-1.0,-1.9398818401044025,True,False
2,Quarter Kelly,2023-02-25,2022-23,West Ham,Nott'm Forest,A,H,5.6,0.3099073488065846,0.15988720724279865,0.03997180181069966,0.02,1.0,0.02,96.99409200522012,1.9398818401044025,0,-1.0,-1.9398818401044025,True,False
2,Quarter Kelly,2023-02-26,2022-23,Tottenham,Chelsea,H,H,3.04,0.5021680468006806,0.2581327756245437,0.06453319390613592,0.02,1.0,0.02,93.11432832501131,1.8622865665002264,1,2.04,3.799064595660462,True,False
2,Quarter Kelly,2023-03-05,2022-23,Nott'm Forest,Everton,H,D,3.1,0.4987006113681884,0.2599866167816115,0.06499665419540288,0.02,1.0,0.02,96.91339292067178,1.9382678584134356,0,-1.0,-1.9382678584134356,True,False
2,Quarter Kelly,2023-03-11,2022-23,Everton,Brentford,A,H,2.99,0.5471006756348233,0.31951307545131746,0.07987826886282937,0.02,1.0,0.02,94.97512506225834,1.899502501245167,0,-1.0,-1.899502501245167,True,False
2,Quarter Kelly,2023-03-12,2022-23,Fulham,Arsenal,H,A,7.83,0.2010751140379822,0.08410221711821386,0.021025554279553466,0.02,1.0,0.02,93.07562256101318,1.8615124512202637,0,-1.0,-1.8615124512202637,True,False
2,Quarter Kelly,2023-03-15,2022-23,Brighton,Crystal Palace,A,H,9.54,0.2157145886693261,0.12387788945027764,0.03096947236256941,0.02,1.0,0.02,91.21411010979291,1.8242822021958582,0,-1.0,-1.8242822021958582,True,False
2,Quarter Kelly,2023-03-17,2022-23,Nott'm Forest,Newcastle,H,A,5.48,0.2835615400104613,0.12364224090565355,0.030910560226413388,0.02,1.0,0.02,89.38982790759705,1.787796558151941,0,-1.0,-1.787796558151941,True,False
2,Quarter Kelly,2023-04-01,2022-23,Chelsea,Aston Villa,A,A,6.06,0.2535825618596213,0.10606923416389429,0.02651730854097357,0.02,1.0,0.02,87.60203134944511,1.7520406269889024,1,5.06,8.865325572563846,True,False
2,Quarter Kelly,2023-04-04,2022-23,Chelsea,Liverpool,A,D,3.5,0.495369399674726,0.2935171595446164,0.0733792898861541,0.02,1.0,0.02,96.46735692200896,1.9293471384401792,0,-1.0,-1.9293471384401792,True,False
2,Quarter Kelly,2023-04-08,2022-23,Aston Villa,Nott'm Forest,A,H,6.12,0.2819703105746792,0.14173013685879624,0.03543253421469906,0.02,1.0,0.02,94.53800978356878,1.8907601956713758,0,-1.0,-1.8907601956713758,True,False
2,Quarter Kelly,2023-04-16,2022-23,Nott'm Forest,Man United,H,A,5.14,0.3070922696348525,0.13972325263844,0.03493081315961,0.02,1.0,0.02,92.6472495878974,1.8529449917579481,0,-1.0,-1.8529449917579481,True,False
2,Quarter Kelly,2023-05-25,2022-23,Man United,Chelsea,A,H,6.53,0.2774131097605609,0.14674640266482145,0.03668660066620536,0.02,1.0,0.02,90.79430459613945,1.815886091922789,0,-1.0,-1.815886091922789,True,False
2,Quarter Kelly,2023-08-12,2023-24,Brighton,Luton,A,H,11.36,0.2070253217509221,0.13048336439097247,0.03262084109774312,0.02,1.0,0.02,88.97841850421666,1.7795683700843332,0,-1.0,-1.7795683700843332,True,False
2,Quarter Kelly,2023-08-12,2023-24,Newcastle,Aston Villa,A,H,5.29,0.3533621704154632,0.2026307416078789,0.05065768540196972,0.02,1.0,0.02,88.97841850421666,1.7795683700843332,0,-1.0,-1.7795683700843332,True,False
2,Quarter Kelly,2023-08-14,2023-24,Man United,Wolves,A,H,12.25,0.1611493424122099,0.08658483951551744,0.02164620987887936,0.02,1.0,0.02,85.419281764048,1.7083856352809599,0,-1.0,-1.7083856352809599,True,False
2,Quarter Kelly,2023-08-19,2023-24,Liverpool,Bournemouth,A,H,13.0,0.1285431159145138,0.055921708907389955,0.013980427226847489,0.013980427226847489,1.0,0.013980427226847489,83.71089612876703,1.1703140914224166,0,-1.0,-1.1703140914224166,False,False
2,Quarter Kelly,2023-08-25,2023-24,Chelsea,Luton,A,H,12.5,0.2644640415203204,0.20050439295686998,0.050126098239217494,0.02,1.0,0.02,82.54058203734462,1.6508116407468925,0,-1.0,-1.6508116407468925,True,False
2,Quarter Kelly,2023-08-26,2023-24,Man United,Nott'm Forest,A,H,8.51,0.1865452884652013,0.07822908186935593,0.01955727046733898,0.01955727046733898,1.0,0.01955727046733898,80.88977039659773,1.5819831176872117,0,-1.0,-1.5819831176872117,False,False
2,Quarter Kelly,2023-09-02,2023-24,Chelsea,Nott'm Forest,A,A,8.45,0.2294758676697116,0.1260498096388004,0.0315124524097001,0.02,1.0,0.02,79.30778727891051,1.5861557455782103,1,7.449999999999999,11.816860304557665,True,False
2,Quarter Kelly,2023-09-16,2023-24,Fulham,Luton,A,H,5.68,0.2665034507111172,0.10977341881178326,0.027443354702945816,0.02,1.0,0.02,91.12464758346817,1.8224929516693635,0,-1.0,-1.8224929516693635,True,False
2,Quarter Kelly,2023-09-16,2023-24,Newcastle,Brentford,A,H,5.43,0.3094732496945839,0.15359813675882406,0.038399534189706014,0.02,1.0,0.02,91.12464758346817,1.8224929516693635,0,-1.0,-1.8224929516693635,True,False
2,Quarter Kelly,2023-09-24,2023-24,Chelsea,Aston Villa,A,A,4.1,0.4277689321641089,0.24317826512027302,0.060794566280068255,0.02,1.0,0.02,87.47966168012945,1.749593233602589,1,3.0999999999999996,5.423739024168025,True,False
2,Quarter Kelly,2023-09-30,2023-24,Everton,Luton,A,A,5.7,0.2953878110223008,0.14547032400576904,0.03636758100144226,0.02,1.0,0.02,92.90340070429748,1.8580680140859496,1,4.7,8.732919666203964,True,False
2,Quarter Kelly,2023-10-27,2023-24,Crystal Palace,Tottenham,H,A,4.58,0.3792055670109331,0.20579930081286976,0.05144982520321744,0.02,1.0,0.02,101.63632037050145,2.032726407410029,0,-1.0,-2.032726407410029,True,False
2,Quarter Kelly,2023-10-28,2023-24,Chelsea,Brentford,A,A,5.6,0.2826833391239201,0.12674493458564182,0.031686233646410454,0.02,1.0,0.02,99.60359396309143,1.9920718792618286,1,4.6,9.16353064460441,True,False
2,Quarter Kelly,2023-10-29,2023-24,Aston Villa,Luton,A,H,8.55,0.2439830403936287,0.1438483437570232,0.0359620859392558,0.02,1.0,0.02,108.76712460769583,2.175342492153917,0,-1.0,-2.175342492153917,True,False
2,Quarter Kelly,2023-11-04,2023-24,Newcastle,Arsenal,A,H,2.73,0.628938176002575,0.41445157253585524,0.10361289313396381,0.02,1.0,0.02,106.59178211554192,2.1318356423108384,0,-1.0,-2.1318356423108384,True,False
2,Quarter Kelly,2023-11-05,2023-24,Luton,Liverpool,H,D,15.0,0.1288965510385803,0.06667487611276461,0.016668719028191153,0.016668719028191153,1.0,0.016668719028191153,104.45994647323108,1.7412134974621762,0,-1.0,-1.7412134974621762,False,False
2,Quarter Kelly,2023-11-06,2023-24,Tottenham,Chelsea,H,A,2.37,0.6532345020575259,0.4001209999097346,0.10003024997743365,0.02,1.0,0.02,102.71873297576892,2.0543746595153785,0,-1.0,-2.0543746595153785,True,False
2,Quarter Kelly,2023-11-11,2023-24,Man United,Luton,A,H,10.06,0.166560010174919,0.07456884132005355,0.018642210330013387,0.018642210330013387,1.0,0.018642210330013387,100.66435831625354,1.8766061404674308,0,-1.0,-1.8766061404674308,False,False
2,Quarter Kelly,2023-11-25,2023-24,Luton,Crystal Palace,H,H,4.12,0.3992778733446733,0.20673873018591477,0.05168468254647869,0.02,1.0,0.02,98.78775217578611,1.9757550435157223,1,3.12,6.164355735769054,True,False
2,Quarter Kelly,2023-11-25,2023-24,Sheffield United,Bournemouth,H,A,3.57,0.4206623701179048,0.19523916782915182,0.048809791957287955,0.02,1.0,0.02,98.78775217578611,1.9757550435157223,0,-1.0,-1.9757550435157223,True,False
2,Quarter Kelly,2023-12-03,2023-24,Chelsea,Brighton,A,H,5.5,0.3072706465027729,0.15333079017005577,0.03833269754251394,0.02,1.0,0.019999999999999997,102.97635286803944,2.0595270573607887,0,-1.0,-2.0595270573607887,True,False
2,Quarter Kelly,2023-12-05,2023-24,Luton,Arsenal,H,A,15.5,0.1426343555827293,0.08350569045050373,0.02087642261262593,0.02,1.0,0.02,100.91682581067866,2.0183365162135734,0,-1.0,-2.0183365162135734,True,False
2,Quarter Kelly,2023-12-09,2023-24,Wolves,Nott'm Forest,A,D,4.42,0.3668466345824787,0.18171407159489936,0.04542851789872484,0.02,1.0,0.02,98.89848929446508,1.9779697858893017,0,-1.0,-1.9779697858893017,True,False
2,Quarter Kelly,2023-12-10,2023-24,Fulham,West Ham,A,H,3.41,0.458878181782012,0.23434630700276385,0.05858657675069096,0.02,1.0,0.02,96.92051950857578,1.9384103901715157,0,-1.0,-1.9384103901715157,True,False
2,Quarter Kelly,2023-12-16,2023-24,Chelsea,Sheffield United,A,H,15.9,0.0997293599123081,0.03930851158427508,0.00982712789606877,0.00982712789606877,1.0,0.00982712789606877,94.98210911840427,0.9334013341449184,0,-1.0,-0.9334013341449184,False,False
2,Quarter Kelly,2023-12-26,2023-24,Bournemouth,Fulham,A,H,3.97,0.382847970857534,0.17505267484996972,0.04376316871249243,0.02,1.0,0.02,94.04870778425935,1.880974155685187,0,-1.0,-1.880974155685187,True,False
2,Quarter Kelly,2023-12-26,2023-24,Sheffield United,Luton,A,A,3.15,0.5216519475602118,0.2991644813091476,0.0747911203272869,0.02,1.0,0.02,94.04870778425935,1.880974155685187,1,2.15,4.044094434723152,True,False
2,Quarter Kelly,2023-12-28,2023-24,Arsenal,West Ham,A,A,10.81,0.1424499684279321,0.055034063068903766,0.013758515767225941,0.013758515767225941,1.0,0.01375851576722594,96.21182806329732,1.3237319534025074,1,9.81,12.985810462878598,False,False
2,Quarter Kelly,2024-02-04,2023-24,Chelsea,Wolves,A,A,6.02,0.3958759779018691,0.2755325472050303,0.06888313680125757,0.02,1.0,0.02,109.19763852617592,2.1839527705235184,1,5.02,10.963442908028062,True,False
2,Quarter Kelly,2024-02-12,2023-24,Crystal Palace,Chelsea,H,A,5.04,0.419115362047616,0.2753320358217784,0.0688330089554446,0.02,1.0,0.02,120.16108143420398,2.4032216286840797,0,-1.0,-2.4032216286840797,True,False
2,Quarter Kelly,2024-03-10,2023-24,Aston Villa,Tottenham,H,A,2.55,0.6277471165373762,0.3875839659163287,0.09689599147908218,0.02,1.0,0.02,117.7578598055199,2.355157196110398,0,-1.0,-2.355157196110398,True,False
2,Quarter Kelly,2024-03-10,2023-24,Liverpool,Man City,H,D,3.48,0.5413187357178897,0.3563666130234904,0.0890916532558726,0.02,1.0,0.02,117.7578598055199,2.355157196110398,0,-1.0,-2.355157196110398,True,False
2,Quarter Kelly,2024-03-13,2023-24,Bournemouth,Luton,A,H,5.69,0.2892726096674086,0.13773158827453197,0.03443289706863299,0.02,1.0,0.02,113.0475454132991,2.260950908265982,0,-1.0,-2.260950908265982,True,False
2,Quarter Kelly,2024-03-30,2023-24,Tottenham,Luton,A,H,12.64,0.1382553190345624,0.0642222708416554,0.01605556771041385,0.01605556771041385,1.0,0.01605556771041385,110.78659450503312,1.7787416694817222,0,-1.0,-1.7787416694817222,False,False
2,Quarter Kelly,2024-04-02,2023-24,West Ham,Tottenham,H,D,3.47,0.4514264586480969,0.22933190749348026,0.057332976873370065,0.02,1.0,0.02,109.0078528355514,2.180157056711028,0,-1.0,-2.180157056711028,True,False
2,Quarter Kelly,2024-04-06,2023-24,Fulham,Newcastle,A,A,2.83,0.531338787645353,0.2752397645007372,0.0688099411251843,0.02,1.0,0.020000000000000004,106.82769577884038,2.136553915576808,1,1.83,3.9098936655055585,True,False
2,Quarter Kelly,2024-04-06,2023-24,Luton,Bournemouth,H,H,3.82,0.4282069527340724,0.22544346079580013,0.05636086519895003,0.02,1.0,0.020000000000000004,106.82769577884038,2.136553915576808,1,2.82,6.025082041926598,True,False
2,Quarter Kelly,2024-04-07,2023-24,Man United,Liverpool,H,D,5.0,0.3483525476020239,0.18544068450252987,0.04636017112563247,0.02,1.0,0.020000000000000004,116.76267148627254,2.335253429725451,0,-1.0,-2.335253429725451,True,False
2,Quarter Kelly,2024-04-20,2023-24,Wolves,Arsenal,H,A,11.75,0.2077545938558803,0.13405734677270637,0.03351433669317659,0.02,1.0,0.02,114.42741805654708,2.2885483611309416,0,-1.0,-2.2885483611309416,True,False
2,Quarter Kelly,2024-04-27,2023-24,Fulham,Crystal Palace,A,D,3.78,0.4054619417000453,0.19159933080078095,0.04789983270019524,0.02,1.0,0.02,112.13886969541615,2.242777393908323,0,-1.0,-2.242777393908323,True,False
2,Quarter Kelly,2024-04-28,2023-24,Bournemouth,Brighton,A,H,3.57,0.464337130147487,0.2559079979091551,0.06397699947728877,0.02,1.0,0.02,109.89609230150782,2.1979218460301566,0,-1.0,-2.1979218460301566,True,False
2,Quarter Kelly,2024-05-04,2023-24,Sheffield United,Nott'm Forest,H,A,5.08,0.2953481404544671,0.12263935135016986,0.030659837837542465,0.02,1.0,0.02,107.69817045547767,2.1539634091095534,0,-1.0,-2.1539634091095534,True,False
2,Quarter Kelly,2024-05-06,2023-24,Crystal Palace,Man United,A,H,3.57,0.4545185802079429,0.2422690005223176,0.0605672501305794,0.02,1.0,0.02,105.54420704636811,2.110884140927362,0,-1.0,-2.110884140927362,True,False
2,Quarter Kelly,2024-05-12,2023-24,Man United,Arsenal,H,A,9.75,0.2428390146346724,0.15630633059292068,0.03907658264823017,0.02,1.0,0.019999999999999997,103.43332290544075,2.0686664581088148,0,-1.0,-2.0686664581088148,True,False
2,Quarter Kelly,2024-05-13,2023-24,Aston Villa,Liverpool,H,D,3.9,0.4091450388039352,0.20540194873632667,0.05135048718408167,0.02,1.0,0.02,101.36465644733194,2.027293128946639,0,-1.0,-2.027293128946639,True,False
2,Quarter Kelly,2024-05-19,2023-24,Crystal Palace,Aston Villa,A,H,4.99,0.4392624469558421,0.29872671937585266,0.07468167984396316,0.02,1.0,0.02,99.3373633183853,1.9867472663677062,0,-1.0,-1.9867472663677062,True,False
2,Quarter Kelly,2024-05-19,2023-24,Sheffield United,Tottenham,H,A,7.99,0.1974467418664834,0.0826322557243494,0.02065806393108735,0.02,1.0,0.02,99.3373633183853,1.9867472663677062,0,-1.0,-1.9867472663677062,True,False
2,Quarter Kelly,2024-08-17,2024-25,Ipswich,Liverpool,H,A,8.14,0.2106605398903122,0.10010879477691054,0.025027198694227634,0.02,1.0,0.02,95.36386878564988,1.9072773757129977,0,-1.0,-1.9072773757129977,True,False
2,Quarter Kelly,2024-08-17,2024-25,Nott'm Forest,Bournemouth,A,D,3.37,0.4502747651603423,0.21832318927863018,0.054580797319657544,0.02,1.0,0.02,95.36386878564988,1.9072773757129977,0,-1.0,-1.9072773757129977,True,False
2,Quarter Kelly,2024-08-17,2024-25,West Ham,Aston Villa,A,A,2.86,0.5319889687401794,0.28037013472952316,0.07009253368238079,0.02,1.0,0.02,95.36386878564988,1.9072773757129977,1,1.8599999999999999,3.5475359188261755,True,False
2,Quarter Kelly,2024-09-21,2024-25,Tottenham,Brentford,A,H,6.23,0.2674255567834778,0.1273539615221925,0.031838490380548125,0.02,1.0,0.02,95.09684995305007,1.9019369990610013,0,-1.0,-1.9019369990610013,True,False
2,Quarter Kelly,2024-10-19,2024-25,Southampton,Leicester,A,A,3.41,0.4615096021594852,0.2380696030555372,0.0595174007638843,0.02,1.0,0.02,93.19491295398906,1.8638982590797812,1,2.41,4.491994804382273,True,False
2,Quarter Kelly,2024-11-10,2024-25,Man United,Leicester,A,H,8.93,0.1962420278151508,0.09488541089398442,0.023721352723496104,0.02,1.0,0.02,97.68690775837133,1.9537381551674267,0,-1.0,-1.9537381551674267,True,False
2,Quarter Kelly,2024-11-10,2024-25,Tottenham,Ipswich,A,A,10.66,0.143267942784956,0.05457932402563467,0.013644831006408668,0.013644831006408668,1.0,0.013644831006408668,97.68690775837133,1.3329213479016087,1,9.66,12.87602022072954,False,False
2,Quarter Kelly,2024-11-23,2024-25,Leicester,Chelsea,H,A,7.0,0.2301190662017483,0.10180557723537302,0.025451394308843255,0.02,1.0,0.020000000000000004,108.60918982393345,2.172183796478669,0,-1.0,-2.172183796478669,True,False
2,Quarter Kelly,2024-11-24,2024-25,Ipswich,Man United,H,D,5.15,0.3277845194151907,0.16580488553933306,0.041451221384833266,0.02,1.0,0.02,106.43700602745479,2.1287401205490957,0,-1.0,-2.1287401205490957,True,False
2,Quarter Kelly,2024-11-30,2024-25,Brentford,Leicester,A,H,5.38,0.2923509349876417,0.13078722151450053,0.032696805378625134,0.02,1.0,0.02,104.30826590690569,2.086165318138114,0,-1.0,-2.086165318138114,True,False
2,Quarter Kelly,2024-11-30,2024-25,West Ham,Arsenal,H,A,7.34,0.2082103395023374,0.08332238043330545,0.020830595108326362,0.02,1.0,0.02,104.30826590690569,2.086165318138114,0,-1.0,-2.086165318138114,True,False
2,Quarter Kelly,2024-12-03,2024-25,Ipswich,Crystal Palace,H,A,3.35,0.4607064269887924,0.2312198001755125,0.057804950043878124,0.02,1.0,0.020000000000000004,100.13593527062946,2.0027187054125895,0,-1.0,-2.0027187054125895,True,False
2,Quarter Kelly,2024-12-05,2024-25,Bournemouth,Tottenham,A,H,3.06,0.5009965328729618,0.2587618400928461,0.06469046002321152,0.02,1.0,0.02,98.13321656521687,1.9626643313043375,0,-1.0,-1.9626643313043375,True,False
2,Quarter Kelly,2024-12-14,2024-25,Newcastle,Leicester,A,H,9.49,0.173294879204292,0.07592089560055726,0.018980223900139315,0.018980223900139315,1.0,0.018980223900139315,96.17055223391253,1.825338613999703,0,-1.0,-1.825338613999703,False,False
2,Quarter Kelly,2024-12-29,2024-25,Leicester,Man City,H,A,10.25,0.1508720959250994,0.0590744846737588,0.0147686211684397,0.0147686211684397,1.0,0.0147686211684397,94.34521361991283,1.39334871900801,0,-1.0,-1.39334871900801,False,False
2,Quarter Kelly,2024-12-30,2024-25,Ipswich,Chelsea,H,H,7.55,0.2296073440825248,0.11199014470581103,0.02799753617645276,0.02,1.0,0.02,92.95186490090481,1.8590372980180963,1,6.55,12.17669430201853,True,False
2,Quarter Kelly,2025-01-04,2024-25,Tottenham,Newcastle,H,A,3.9,0.4751743467562711,0.2941999835687784,0.0735499958921946,0.02,1.0,0.02,105.12855920292334,2.102571184058467,0,-1.0,-2.102571184058467,True,False
2,Quarter Kelly,2025-01-18,2024-25,Leicester,Fulham,H,A,4.65,0.3622231776728645,0.1874898016928274,0.04687245042320685,0.02,1.0,0.02,103.02598801886488,2.060519760377298,0,-1.0,-2.060519760377298,True,False
2,Quarter Kelly,2025-01-19,2024-25,Ipswich,Man City,H,A,8.5,0.2129864688143601,0.10805133132294144,0.02701283283073536,0.02,1.0,0.02,100.96546825848758,2.0193093651697516,0,-1.0,-2.0193093651697516,True,False
2,Quarter Kelly,2025-02-15,2024-25,Man City,Newcastle,H,H,2.09,0.7332236884415598,0.4884747787549174,0.12211869468872935,0.02,1.0,0.02,98.94615889331783,1.9789231778663565,1,1.0899999999999999,2.1570262638743283,True,False
2,Quarter Kelly,2025-02-22,2024-25,Aston Villa,Chelsea,H,H,2.68,0.5877810999472824,0.34241270705876004,0.08560317676469001,0.02,1.0,0.02,101.10318515719216,2.0220637031438433,1,1.6800000000000002,3.397067021281657,True,False
2,Quarter Kelly,2025-02-23,2024-25,Man City,Liverpool,H,A,3.24,0.496898819403884,0.27230007806633216,0.06807501951658304,0.02,1.0,0.019999999999999997,104.50025217847381,2.090005043569476,0,-1.0,-2.090005043569476,True,False
2,Quarter Kelly,2025-04-12,2024-25,Brighton,Leicester,A,D,10.93,0.1400010163147962,0.053394874956769624,0.013348718739192406,0.013348718739192406,1.0,0.013348718739192406,102.41024713490434,1.367045585015023,0,-1.0,-1.367045585015023,False,False
2,Quarter Kelly,2025-04-13,2024-25,Chelsea,Ipswich,A,D,13.76,0.1532613181899071,0.08690248732704715,0.02172562183176179,0.02,1.0,0.02,101.04320154988932,2.0208640309977866,0,-1.0,-2.0208640309977866,True,False
2,Quarter Kelly,2025-04-26,2024-25,Chelsea,Everton,A,H,7.5,0.2346280695357707,0.11687854177204311,0.029219635443010778,0.02,1.0,0.02,99.02233751889153,1.9804467503778307,0,-1.0,-1.9804467503778307,True,False
2,Quarter Kelly,2025-04-26,2024-25,Newcastle,Ipswich,A,H,17.5,0.0894470663712287,0.03426204009069711,0.008565510022674278,0.008565510022674278,1.0,0.008565510022674278,99.02233751889153,0.8481768244867006,0,-1.0,-0.8481768244867006,False,False
2,Quarter Kelly,2025-04-27,2024-25,Liverpool,Tottenham,A,H,13.75,0.1242679661686246,0.055583100770085346,0.013895775192521337,0.013895775192521337,1.0,0.013895775192521335,96.193713944027,1.336686223899904,0,-1.0,-1.336686223899904,False,False
2,Quarter Kelly,2025-05-04,2024-25,West Ham,Tottenham,A,D,4.22,0.392041897402164,0.20323503324134531,0.05080875831033633,0.02,1.0,0.02,94.85702772012709,1.897140554402542,0,-1.0,-1.897140554402542,True,False
2,Quarter Kelly,2025-05-10,2024-25,Fulham,Everton,A,A,4.94,0.3314248552423252,0.16173573220738233,0.04043393305184558,0.02,1.0,0.02,92.95988716572455,1.859197743314491,1,3.9400000000000004,7.325239108659096,True,False
2,Quarter Kelly,2025-05-10,2024-25,Ipswich,Brentford,H,A,5.83,0.2580485143669941,0.10443537034359746,0.026108842585899364,0.02,1.0,0.02,92.95988716572455,1.859197743314491,0,-1.0,-1.859197743314491,True,False
2,Quarter Kelly,2025-05-16,2024-25,Aston Villa,Tottenham,A,H,11.0,0.2162648766589268,0.1378913643248195,0.03447284108120487,0.02,1.0,0.02,98.42592853106916,1.9685185706213832,0,-1.0,-1.9685185706213832,True,False
2,Quarter Kelly,2025-05-19,2024-25,Brighton,Liverpool,A,H,3.09,0.5141076550373556,0.28162327945714294,0.07040581986428573,0.02,1.0,0.02,96.45740996044778,1.9291481992089556,0,-1.0,-1.9291481992089556,True,False
2,Quarter Kelly,2025-05-25,2024-25,Bournemouth,Leicester,A,H,9.01,0.1719510729698651,0.06857417820954863,0.017143544552387157,0.017143544552387157,1.0,0.017143544552387157,94.52826176123882,1.620549466963513,0,-1.0,-1.620549466963513,False,False
2,Quarter Kelly,2025-05-25,2024-25,Man United,Aston Villa,H,H,4.82,0.4123592089455571,0.2585265411302579,0.06463163528256448,0.02,1.0,0.02,94.52826176123882,1.8905652352247766,1,3.8200000000000003,7.221959198558647,True,False
2,Quarter Kelly,2025-05-25,2024-25,Newcastle,Everton,A,A,10.36,0.2224232481897849,0.13934880889382176,0.03483720222345544,0.02,1.0,0.02,94.52826176123882,1.8905652352247766,1,9.36,17.69569060170391,True,False
2,Quarter Kelly,2025-05-25,2024-25,Nott'm Forest,Chelsea,H,A,3.5,0.4426091824806774,0.21965285547294836,0.05491321386823709,0.02,1.0,0.02,94.52826176123882,1.8905652352247766,0,-1.0,-1.8905652352247766,True,False
2,Quarter Kelly,2025-05-25,2024-25,Tottenham,Brighton,H,A,3.83,0.4464454957400025,0.250843197414915,0.06271079935372875,0.02,1.0,0.02,94.52826176123882,1.8905652352247766,0,-1.0,-1.8905652352247766,True,False
3,Half Kelly,2021-08-14,2021-22,Chelsea,Crystal Palace,A,H,11.0,0.1751820271967661,0.09270022991644271,0.046350114958221354,0.04,1.0,0.04,100.0,4.0,0,-1.0,-4.0,True,False
3,Half Kelly,2021-08-15,2021-22,Tottenham,Man City,H,H,5.97,0.2526648406088871,0.10229559324649015,0.051147796623245076,0.04,1.0,0.04,96.0,3.84,1,4.97,19.084799999999998,True,False
3,Half Kelly,2021-08-21,2021-22,Aston Villa,Newcastle,A,H,4.39,0.3619611347915697,0.17374908015781443,0.08687454007890721,0.04,1.0,0.04,115.0848,4.603392,0,-1.0,-4.603392,True,False
3,Half Kelly,2021-08-21,2021-22,Brighton,Watford,A,H,5.6,0.3267247748135137,0.18036059542514712,0.09018029771257356,0.04,1.0,0.04,115.0848,4.603392,0,-1.0,-4.603392,True,False
3,Half Kelly,2021-08-28,2021-22,Aston Villa,Brentford,A,D,4.07,0.398614510896681,0.20272347210081162,0.10136173605040581,0.04,1.0,0.04,105.878016,4.23512064,0,-1.0,-4.23512064,True,False
3,Half Kelly,2021-08-28,2021-22,Man City,Arsenal,A,H,10.5,0.1556587655706351,0.06678074089385984,0.03339037044692992,0.03339037044692992,1.0,0.03339037044692992,105.878016,3.5353061764259732,0,-1.0,-3.5353061764259732,False,False
3,Half Kelly,2021-08-29,2021-22,Tottenham,Watford,A,H,8.5,0.189484202222573,0.08141542918558274,0.04070771459279137,0.04,1.0,0.04,98.10758918357404,3.9243035673429616,0,-1.0,-3.9243035673429616,True,False
3,Half Kelly,2021-09-11,2021-22,Chelsea,Aston Villa,A,H,10.33,0.1455867546050984,0.05400977224765985,0.027004886123829924,0.027004886123829924,1.0,0.02700488612382992,94.18328561623107,2.543408902834469,0,-1.0,-2.543408902834469,False,False
3,Half Kelly,2021-09-11,2021-22,Man United,Newcastle,A,H,15.76,0.105276819306778,0.044658717633795475,0.022329358816897737,0.022329358816897737,1.0,0.022329358816897737,94.18328561623107,2.103052379079187,0,-1.0,-2.103052379079187,False,False
3,Half Kelly,2021-09-18,2021-22,Aston Villa,Everton,A,H,3.65,0.5110155898837189,0.32649317097191466,0.16324658548595733,0.04,1.0,0.04,89.53682433431742,3.581472973372697,0,-1.0,-3.581472973372697,True,False
3,Half Kelly,2021-09-18,2021-22,Man City,Southampton,A,D,16.74,0.0952313914933085,0.037749268970647024,0.018874634485323512,0.018874634485323512,1.0,0.018874634485323512,89.53682433431742,1.6899748322868609,0,-1.0,-1.6899748322868609,False,False
3,Half Kelly,2021-09-18,2021-22,Norwich,Watford,A,A,3.31,0.5150806048764587,0.3051587888056616,0.1525793944028308,0.04,1.0,0.04,89.53682433431742,3.581472973372697,1,2.31,8.27320256849093,True,False
3,Half Kelly,2021-09-18,2021-22,Wolves,Brentford,A,A,5.38,0.3688560494619245,0.22475925710163328,0.11237962855081664,0.04,1.0,0.04,89.53682433431742,3.581472973372697,1,4.38,15.686851623372412,True,False
3,Half Kelly,2021-10-23,2021-22,Brighton,Man City,H,A,8.18,0.2108581915207847,0.1009498616490277,0.05047493082451385,0.04,1.0,0.04,108.2254307205212,4.329017228820848,0,-1.0,-4.329017228820848,True,False
3,Half Kelly,2021-11-06,2021-22,Man United,Man City,H,A,4.79,0.3536990985258847,0.18317115618442947,0.09158557809221474,0.04,1.0,0.04,103.89641349170036,4.155856539668014,0,-1.0,-4.155856539668014,True,False
3,Half Kelly,2021-11-07,2021-22,Everton,Tottenham,H,D,3.48,0.4709611043323484,0.2576389689824889,0.12881948449124445,0.04,1.0,0.04,99.74055695203235,3.989622278081294,0,-1.0,-3.989622278081294,True,False
3,Half Kelly,2021-11-20,2021-22,Watford,Man United,H,H,6.58,0.2297892920135382,0.09175869918442318,0.04587934959221159,0.04,1.0,0.04,95.75093467395105,3.830037386958042,1,5.58,21.371608619225874,True,False
3,Half Kelly,2021-11-21,2021-22,Tottenham,Leeds,A,H,6.01,0.3232289811918416,0.18814494550159044,0.09407247275079522,0.04,1.0,0.04,117.12254329317693,4.684901731727077,0,-1.0,-4.684901731727077,True,False
3,Half Kelly,2021-11-28,2021-22,Man City,West Ham,A,H,11.0,0.1542201831501845,0.06964220146520295,0.03482110073260147,0.03482110073260147,1.0,0.03482110073260147,112.43764156144985,3.915202442947383,0,-1.0,-3.915202442947383,False,False
3,Half Kelly,2021-12-01,2021-22,Southampton,Leicester,A,D,3.02,0.5510443647198479,0.3287890997296735,0.16439454986483676,0.04,1.0,0.04,108.52243911850246,4.340897564740098,0,-1.0,-4.340897564740098,True,False
3,Half Kelly,2021-12-01,2021-22,Wolves,Burnley,A,D,4.94,0.3037997399825943,0.12709916637411572,0.06354958318705786,0.04,1.0,0.04,108.52243911850246,4.340897564740098,0,-1.0,-4.340897564740098,True,False
3,Half Kelly,2021-12-02,2021-22,Tottenham,Brentford,A,H,5.44,0.3055417308689658,0.14913221079440855,0.07456610539720428,0.04,1.0,0.04,99.84064398902227,3.993625759560891,0,-1.0,-3.993625759560891,True,False
3,Half Kelly,2021-12-04,2021-22,West Ham,Chelsea,H,H,4.92,0.3366063049850156,0.1673732195220094,0.0836866097610047,0.04,1.0,0.04,95.84701822946138,3.8338807291784556,1,3.92,15.028812458379546,True,False
3,Half Kelly,2021-12-05,2021-22,Leeds,Brentford,A,D,4.94,0.4574312777617197,0.31972348023931363,0.15986174011965681,0.04,1.0,0.04,110.87583068784093,4.435033227513637,0,-1.0,-4.435033227513637,True,False
3,Half Kelly,2021-12-11,2021-22,Man City,Wolves,A,H,21.0,0.0841119291165897,0.03831752557241919,0.019158762786209593,0.019158762786209593,1.0,0.019158762786209593,106.44079746032729,2.0392739893173912,0,-1.0,-2.0392739893173912,False,False
3,Half Kelly,2021-12-14,2021-22,Man City,Leeds,A,H,20.0,0.0814212961645803,0.033075048594295046,0.016537524297147523,0.016537524297147523,1.0,0.016537524297147523,104.4015234710099,1.7265427310610435,0,-1.0,-1.7265427310610435,False,False
3,Half Kelly,2021-12-19,2021-22,Newcastle,Man City,H,A,23.5,0.1014206413761399,0.06148378099285722,0.03074189049642861,0.03074189049642861,1.0,0.03074189049642861,102.67498073994885,3.156423014630424,0,-1.0,-3.156423014630424,False,False
3,Half Kelly,2021-12-26,2021-22,Brighton,Brentford,A,H,4.42,0.3583706409765432,0.17075971728547396,0.08537985864273698,0.04,1.0,0.04,99.51855772531843,3.9807423090127374,0,-1.0,-3.9807423090127374,True,False
3,Half Kelly,2021-12-26,2021-22,Man City,Leicester,A,H,21.0,0.1354431439034373,0.09221530109860918,0.04610765054930459,0.04,1.0,0.04,99.51855772531843,3.9807423090127374,0,-1.0,-3.9807423090127374,True,False
3,Half Kelly,2021-12-28,2021-22,Leicester,Liverpool,H,H,8.27,0.3190810435649298,0.22541956400027088,0.11270978200013544,0.04,1.0,0.04,91.55707310729295,3.662282924291718,1,7.27,26.62479685960079,True,False
3,Half Kelly,2022-01-23,2021-22,Arsenal,Burnley,A,D,11.9,0.1832145109701244,0.10828006243527341,0.054140031217636705,0.04,1.0,0.04,118.18186996689374,4.72727479867575,0,-1.0,-4.72727479867575,True,False
3,Half Kelly,2022-02-08,2021-22,Burnley,Man United,H,D,6.65,0.2895020157825475,0.16375016016883906,0.08187508008441953,0.04,1.0,0.04,113.45459516821799,4.5381838067287195,0,-1.0,-4.5381838067287195,True,False
3,Half Kelly,2022-02-09,2021-22,Tottenham,Southampton,A,A,6.41,0.253200702297493,0.11516016667780592,0.05758008333890296,0.04,1.0,0.04,108.91641136148927,4.3566564544595705,1,5.41,23.569511418626277,True,False
3,Half Kelly,2022-02-10,2021-22,Liverpool,Leicester,A,H,14.0,0.1088716504268672,0.040323315844318516,0.020161657922159258,0.020161657922159258,1.0,0.020161657922159258,132.48592278011554,2.6711358545942963,0,-1.0,-2.6711358545942963,False,False
3,Half Kelly,2022-02-12,2021-22,Man United,Southampton,A,D,6.26,0.3094982725952319,0.17822417993272843,0.08911208996636422,0.04,1.0,0.04,129.81478692552125,5.19259147702085,0,-1.0,-5.19259147702085,True,False
3,Half Kelly,2022-02-13,2021-22,Burnley,Liverpool,H,A,13.5,0.1217349542942724,0.051473750637814196,0.025736875318907098,0.025736875318907098,1.0,0.025736875318907098,124.62219544850039,3.207385906226526,0,-1.0,-3.207385906226526,False,False
3,Half Kelly,2022-02-13,2021-22,Leicester,West Ham,H,D,3.02,0.5032420637428459,0.25732229331851214,0.12866114665925607,0.04,1.0,0.04,124.62219544850039,4.984887817940016,0,-1.0,-4.984887817940016,True,False
3,Half Kelly,2022-02-13,2021-22,Tottenham,Wolves,A,A,5.9,0.2984940581225204,0.15532958018834087,0.07766479009417043,0.04,1.0,0.04,124.62219544850039,4.984887817940016,1,4.9,24.425950307906078,True,False
3,Half Kelly,2022-02-19,2021-22,Crystal Palace,Chelsea,H,A,6.49,0.259349975190943,0.1244410453532277,0.06222052267661385,0.04,1.0,0.04,140.85587203223992,5.634234881289597,0,-1.0,-5.634234881289597,True,False
3,Half Kelly,2022-02-23,2021-22,Burnley,Tottenham,H,H,4.71,0.3780089944577121,0.21035643231693366,0.10517821615846683,0.04,1.0,0.04,135.22163715095033,5.408865486038013,1,3.71,20.06689095320103,True,False
3,Half Kelly,2022-02-23,2021-22,Liverpool,Leeds,A,H,16.0,0.1164400994474265,0.057536106077254935,0.028768053038627468,0.028768053038627468,1.0,0.028768053038627468,135.22163715095033,3.8900632295285775,0,-1.0,-3.8900632295285775,False,False
3,Half Kelly,2022-02-26,2021-22,Everton,Man City,H,A,12.5,0.145066023228205,0.07072393829152718,0.03536196914576359,0.03536196914576359,1.0,0.03536196914576359,151.3984648746228,5.353747843612384,0,-1.0,-5.353747843612384,False,False
3,Half Kelly,2022-03-06,2021-22,Watford,Arsenal,H,A,6.84,0.2854252388424826,0.16306654686345565,0.08153327343172782,0.04,1.0,0.04,146.0447170310104,5.841788681240416,0,-1.0,-5.841788681240416,True,False
3,Half Kelly,2022-03-10,2021-22,Southampton,Newcastle,A,A,4.41,0.360141055945855,0.17249913686839313,0.08624956843419657,0.04,1.0,0.04,140.20292834977,5.6081171339908,1,3.41,19.123679426908627,True,False
3,Half Kelly,2022-03-13,2021-22,Arsenal,Leicester,A,H,7.92,0.218590327129024,0.10566985417079047,0.052834927085395236,0.04,1.0,0.04,159.32660777667863,6.373064311067146,0,-1.0,-6.373064311067146,True,False
3,Half Kelly,2022-03-14,2021-22,Crystal Palace,Man City,H,D,9.88,0.1596832261959826,0.06505295887571039,0.032526479437855194,0.032526479437855194,1.0,0.032526479437855194,152.9535434656115,4.975040286481303,0,-1.0,-4.975040286481303,False,False
3,Half Kelly,2022-04-02,2021-22,Burnley,Man City,H,A,16.5,0.1214281834158371,0.06474613073298789,0.032373065366493946,0.032373065366493946,1.0,0.032373065366493946,147.9785031791302,4.790517756253914,0,-1.0,-4.790517756253914,False,False
3,Half Kelly,2022-04-04,2021-22,Crystal Palace,Arsenal,H,H,4.15,0.4224182729213933,0.23905899448374038,0.11952949724187019,0.04,1.0,0.04,143.1879854228763,5.727519416915052,1,3.1500000000000004,18.041686163282414,True,False
3,Half Kelly,2022-04-08,2021-22,Newcastle,Wolves,A,H,4.47,0.4411852468787445,0.2801435312818409,0.14007176564092044,0.04,1.0,0.04,161.2296715861587,6.449186863446348,0,-1.0,-6.449186863446348,True,False
3,Half Kelly,2022-04-17,2021-22,Newcastle,Leicester,A,H,3.9,0.518143802165978,0.3519864925680393,0.17599324628401966,0.04,1.0,0.04,154.78048472271234,6.191219388908494,0,-1.0,-6.191219388908494,True,False
3,Half Kelly,2022-04-20,2021-22,Chelsea,Arsenal,H,A,1.96,0.7746416112192459,0.539893289572627,0.2699466447863135,0.04,1.0,0.04,148.58926533380384,5.943570613352153,0,-1.0,-5.943570613352153,True,False
3,Half Kelly,2022-04-20,2021-22,Everton,Leicester,A,D,2.9,0.5209322733825891,0.2687913646365833,0.13439568231829166,0.04,1.0,0.04,148.58926533380384,5.943570613352153,0,-1.0,-5.943570613352153,True,False
3,Half Kelly,2022-04-20,2021-22,Newcastle,Crystal Palace,A,H,3.54,0.4507265393274752,0.23447714536191422,0.11723857268095711,0.04,1.0,0.04,148.58926533380384,5.943570613352153,0,-1.0,-5.943570613352153,True,False
3,Half Kelly,2022-04-23,2021-22,Leicester,Aston Villa,H,D,3.05,0.6161053496597131,0.42883966656689015,0.21441983328344508,0.04,1.0,0.04,130.75855349374737,5.230342139749895,0,-1.0,-5.230342139749895,True,False
3,Half Kelly,2022-05-01,2021-22,Tottenham,Leicester,A,H,9.05,0.1914356972534344,0.09099292672591074,0.04549646336295537,0.04,1.0,0.04,125.52821135399748,5.021128454159899,0,-1.0,-5.021128454159899,True,False
3,Half Kelly,2022-05-01,2021-22,West Ham,Arsenal,H,A,4.57,0.362492131501648,0.18391849886905642,0.09195924943452821,0.04,1.0,0.04,125.52821135399748,5.021128454159899,0,-1.0,-5.021128454159899,True,False
3,Half Kelly,2022-05-11,2021-22,Leeds,Chelsea,H,A,4.95,0.3226180895485395,0.1511289982950052,0.0755644991475026,0.04,1.0,0.04,115.48595444567768,4.619438177827107,0,-1.0,-4.619438177827107,True,False
3,Half Kelly,2022-05-11,2021-22,Watford,Everton,H,D,6.01,0.282742903074772,0.1395778138681397,0.06978890693406985,0.04,1.0,0.04,115.48595444567768,4.619438177827107,0,-1.0,-4.619438177827107,True,False
3,Half Kelly,2022-05-15,2021-22,Everton,Brentford,A,A,4.32,0.4186329524356083,0.2435223959403096,0.1217611979701548,0.04,1.0,0.04,106.24707809002346,4.249883123600939,1,3.3200000000000003,14.109611970355118,True,False
3,Half Kelly,2022-05-19,2021-22,Everton,Crystal Palace,A,H,4.64,0.4494333617137635,0.29817879075600623,0.14908939537800311,0.04,1.0,0.04,120.35669006037858,4.814267602415144,0,-1.0,-4.814267602415144,True,False
3,Half Kelly,2022-05-22,2021-22,Arsenal,Everton,A,H,8.84,0.2577063007918652,0.1630259820153174,0.0815129910076587,0.04,1.0,0.04,115.54242245796344,4.621696898318538,0,-1.0,-4.621696898318538,True,False
3,Half Kelly,2022-08-06,2022-23,Everton,Chelsea,H,A,6.89,0.267368321836452,0.14298263793771715,0.07149131896885857,0.04,1.0,0.04,110.92072555964491,4.436829022385797,0,-1.0,-4.436829022385797,True,False
3,Half Kelly,2022-08-06,2022-23,Newcastle,Nott'm Forest,A,H,6.6,0.2732128103486811,0.1434293836252313,0.07171469181261565,0.04,1.0,0.04,110.92072555964491,4.436829022385797,0,-1.0,-4.436829022385797,True,False
3,Half Kelly,2022-08-13,2022-23,Aston Villa,Everton,A,H,5.11,0.3760785580181453,0.2242728543729252,0.1121364271864626,0.04,1.0,0.04,102.04706751487332,4.0818827005949325,0,-1.0,-4.0818827005949325,True,False
3,Half Kelly,2022-08-13,2022-23,Man City,Bournemouth,A,H,36.0,0.0772782383780834,0.05091475947460007,0.025457379737300036,0.025457379737300036,1.0,0.025457379737300036,102.04706751487332,2.597850948804025,0,-1.0,-2.597850948804025,False,False
3,Half Kelly,2022-08-14,2022-23,Nott'm Forest,West Ham,H,H,4.03,0.3797054160366417,0.17498773156028588,0.08749386578014294,0.04,1.0,0.04,95.36733386547436,3.8146933546189747,1,3.0300000000000002,11.558520864495494,True,False
3,Half Kelly,2022-08-20,2022-23,Everton,Nott'm Forest,A,D,4.62,0.3882825537203596,0.21929983375360806,0.10964991687680403,0.04,1.0,0.039999999999999994,106.92585472996986,4.277034189198794,0,-1.0,-4.277034189198794,True,False
3,Half Kelly,2022-08-20,2022-23,Fulham,Brentford,A,H,2.8,0.567300678006601,0.326912165788046,0.163456082894023,0.04,1.0,0.039999999999999994,106.92585472996986,4.277034189198794,0,-1.0,-4.277034189198794,True,False
3,Half Kelly,2022-08-21,2022-23,Leeds,Chelsea,H,H,6.14,0.2476715058637641,0.10130409455321238,0.05065204727660619,0.04,1.0,0.04,98.37178635157227,3.9348714540628906,1,5.14,20.225239273883258,True,False
3,Half Kelly,2022-08-27,2022-23,Brighton,Leeds,A,H,5.09,0.3482158164844745,0.1888553804171089,0.09442769020855445,0.04,1.0,0.04,118.59702562545553,4.743881025018221,0,-1.0,-4.743881025018221,True,False
3,Half Kelly,2022-08-27,2022-23,Liverpool,Bournemouth,A,H,19.5,0.0844541988413883,0.03496523661659847,0.017482618308299235,0.017482618308299235,1.0,0.017482618308299235,118.59702562545553,2.0733865315094224,0,-1.0,-2.0733865315094224,False,False
3,Half Kelly,2022-08-28,2022-23,Nott'm Forest,Tottenham,H,A,7.1,0.2203127413333814,0.09249515794541116,0.04624757897270558,0.04,1.0,0.04000000000000001,111.77975806892789,4.471190322757116,0,-1.0,-4.471190322757116,True,False
3,Half Kelly,2022-08-31,2022-23,Liverpool,Newcastle,A,H,10.61,0.1605155189063103,0.07316021390176401,0.036580106950882006,0.036580106950882006,1.0,0.036580106950882006,107.30856774617078,3.9253588849008945,0,-1.0,-3.9253588849008945,False,False
3,Half Kelly,2022-08-31,2022-23,Man City,Nott'm Forest,A,H,26.0,0.0694564049149618,0.032234661111560266,0.016117330555780133,0.016117330555780133,1.0,0.016117330555780133,107.30856774617078,1.7295276578323608,0,-1.0,-1.7295276578323608,False,False
3,Half Kelly,2022-09-03,2022-23,Chelsea,West Ham,A,H,5.44,0.2776735747064907,0.11498744288362824,0.05749372144181412,0.04,1.0,0.04000000000000001,101.65368120343753,4.066147248137502,0,-1.0,-4.066147248137502,True,False
3,Half Kelly,2022-10-18,2022-23,Brighton,Nott'm Forest,A,D,8.53,0.4554772298396654,0.3831634489418786,0.1915817244709393,0.04,1.0,0.04,97.58753395530003,3.9035013582120013,0,-1.0,-3.9035013582120013,True,False
3,Half Kelly,2022-10-24,2022-23,West Ham,Bournemouth,A,H,6.12,0.2977425327671621,0.1605828711982485,0.08029143559912424,0.04,1.0,0.04,93.68403259708803,3.7473613038835216,0,-1.0,-3.7473613038835216,True,False
3,Half Kelly,2022-11-05,2022-23,Leeds,Bournemouth,A,H,5.52,0.2803451179835351,0.12112943612148536,0.06056471806074268,0.04,1.0,0.04,89.93667129320451,3.5974668517281807,0,-1.0,-3.5974668517281807,True,False
3,Half Kelly,2022-11-06,2022-23,Tottenham,Liverpool,H,A,3.59,0.4239181441126122,0.20149271712906475,0.10074635856453237,0.04,1.0,0.04,86.33920444147633,3.453568177659053,0,-1.0,-3.453568177659053,True,False
3,Half Kelly,2022-11-12,2022-23,West Ham,Leicester,A,A,4.03,0.3952413290001032,0.19565100853809111,0.09782550426904556,0.04,1.0,0.04,82.88563626381728,3.315425450552691,1,3.0300000000000002,10.045739115174655,True,False
3,Half Kelly,2023-01-03,2022-23,Man United,Bournemouth,A,H,11.5,0.1438678671061906,0.062331473497256366,0.031165736748628183,0.031165736748628183,1.0,0.03116573674862818,92.93137537899193,2.896274780749609,0,-1.0,-2.896274780749609,False,False
3,Half Kelly,2023-02-11,2022-23,Crystal Palace,Brighton,H,D,5.15,0.3313974840986782,0.1702884441224561,0.08514422206122806,0.04,1.0,0.04,90.03510059824232,3.601404023929693,0,-1.0,-3.601404023929693,True,False
3,Half Kelly,2023-02-11,2022-23,Fulham,Nott'm Forest,A,H,4.33,0.3648952794455239,0.17417314114087645,0.08708657057043823,0.04,1.0,0.04,90.03510059824232,3.601404023929693,0,-1.0,-3.601404023929693,True,False
3,Half Kelly,2023-02-25,2022-23,Leicester,Arsenal,H,A,6.02,0.2752337507022393,0.13085800383017543,0.06542900191508771,0.04,1.0,0.04,82.83229255038293,3.3132917020153174,0,-1.0,-3.3132917020153174,True,False
3,Half Kelly,2023-02-25,2022-23,West Ham,Nott'm Forest,A,H,5.6,0.3099073488065846,0.15988720724279865,0.07994360362139932,0.04,1.0,0.04,82.83229255038293,3.3132917020153174,0,-1.0,-3.3132917020153174,True,False
3,Half Kelly,2023-02-26,2022-23,Tottenham,Chelsea,H,H,3.04,0.5021680468006806,0.2581327756245437,0.12906638781227184,0.04,1.0,0.04,76.20570914635229,3.048228365854092,1,2.04,6.218385866342348,True,False
3,Half Kelly,2023-03-05,2022-23,Nott'm Forest,Everton,H,D,3.1,0.4987006113681884,0.2599866167816115,0.12999330839080575,0.04,1.0,0.04,82.42409501269464,3.2969638005077857,0,-1.0,-3.2969638005077857,True,False
3,Half Kelly,2023-03-11,2022-23,Everton,Brentford,A,H,2.99,0.5471006756348233,0.31951307545131746,0.15975653772565873,0.04,1.0,0.04,79.12713121218685,3.165085248487474,0,-1.0,-3.165085248487474,True,False
3,Half Kelly,2023-03-12,2022-23,Fulham,Arsenal,H,A,7.83,0.2010751140379822,0.08410221711821386,0.04205110855910693,0.04,1.0,0.04,75.96204596369938,3.0384818385479755,0,-1.0,-3.0384818385479755,True,False
3,Half Kelly,2023-03-15,2022-23,Brighton,Crystal Palace,A,H,9.54,0.2157145886693261,0.12387788945027764,0.06193894472513882,0.04,1.0,0.04,72.9235641251514,2.9169425650060563,0,-1.0,-2.9169425650060563,True,False
3,Half Kelly,2023-03-17,2022-23,Nott'm Forest,Newcastle,H,A,5.48,0.2835615400104613,0.12364224090565355,0.061821120452826776,0.04,1.0,0.04,70.00662156014535,2.800264862405814,0,-1.0,-2.800264862405814,True,False
3,Half Kelly,2023-04-01,2022-23,Chelsea,Aston Villa,A,A,6.06,0.2535825618596213,0.10606923416389429,0.05303461708194714,0.04,1.0,0.04,67.20635669773954,2.6882542679095813,1,5.06,13.60256659562248,True,False
3,Half Kelly,2023-04-04,2022-23,Chelsea,Liverpool,A,D,3.5,0.495369399674726,0.2935171595446164,0.1467585797723082,0.04,1.0,0.04,80.80892329336201,3.2323569317344805,0,-1.0,-3.2323569317344805,True,False
3,Half Kelly,2023-04-08,2022-23,Aston Villa,Nott'm Forest,A,H,6.12,0.2819703105746792,0.14173013685879624,0.07086506842939812,0.04,1.0,0.04,77.57656636162753,3.103062654465101,0,-1.0,-3.103062654465101,True,False
3,Half Kelly,2023-04-16,2022-23,Nott'm Forest,Man United,H,A,5.14,0.3070922696348525,0.13972325263844,0.06986162631922,0.04,1.0,0.04,74.47350370716242,2.978940148286497,0,-1.0,-2.978940148286497,True,False
3,Half Kelly,2023-05-25,2022-23,Man United,Chelsea,A,H,6.53,0.2774131097605609,0.14674640266482145,0.07337320133241072,0.04,1.0,0.04,71.49456355887592,2.859782542355037,0,-1.0,-2.859782542355037,True,False
3,Half Kelly,2023-08-12,2023-24,Brighton,Luton,A,H,11.36,0.2070253217509221,0.13048336439097247,0.06524168219548623,0.04,1.0,0.04,68.63478101652089,2.745391240660836,0,-1.0,-2.745391240660836,True,False
3,Half Kelly,2023-08-12,2023-24,Newcastle,Aston Villa,A,H,5.29,0.3533621704154632,0.2026307416078789,0.10131537080393944,0.04,1.0,0.04,68.63478101652089,2.745391240660836,0,-1.0,-2.745391240660836,True,False
3,Half Kelly,2023-08-14,2023-24,Man United,Wolves,A,H,12.25,0.1611493424122099,0.08658483951551744,0.04329241975775872,0.04,1.0,0.04,63.143998535199216,2.525759941407969,0,-1.0,-2.525759941407969,True,False
3,Half Kelly,2023-08-19,2023-24,Liverpool,Bournemouth,A,H,13.0,0.1285431159145138,0.055921708907389955,0.027960854453694978,0.027960854453694978,1.0,0.027960854453694978,60.61823859379125,1.6949377465603528,0,-1.0,-1.6949377465603528,False,False
3,Half Kelly,2023-08-25,2023-24,Chelsea,Luton,A,H,12.5,0.2644640415203204,0.20050439295686998,0.10025219647843499,0.04,1.0,0.04,58.92330084723089,2.356932033889236,0,-1.0,-2.356932033889236,True,False
3,Half Kelly,2023-08-26,2023-24,Man United,Nott'm Forest,A,H,8.51,0.1865452884652013,0.07822908186935593,0.03911454093467796,0.03911454093467796,1.0,0.03911454093467796,56.566368813341654,2.212567548475543,0,-1.0,-2.212567548475543,False,False
3,Half Kelly,2023-09-02,2023-24,Chelsea,Nott'm Forest,A,A,8.45,0.2294758676697116,0.1260498096388004,0.0630249048194002,0.04,1.0,0.04,54.353801264866114,2.174152050594645,1,7.449999999999999,16.197432776930103,True,False
3,Half Kelly,2023-09-16,2023-24,Fulham,Luton,A,H,5.68,0.2665034507111172,0.10977341881178326,0.05488670940589163,0.04,1.0,0.04,70.55123404179622,2.8220493616718487,0,-1.0,-2.8220493616718487,True,False
3,Half Kelly,2023-09-16,2023-24,Newcastle,Brentford,A,H,5.43,0.3094732496945839,0.15359813675882406,0.07679906837941203,0.04,1.0,0.04,70.55123404179622,2.8220493616718487,0,-1.0,-2.8220493616718487,True,False
3,Half Kelly,2023-09-24,2023-24,Chelsea,Aston Villa,A,A,4.1,0.4277689321641089,0.24317826512027302,0.12158913256013651,0.04,1.0,0.04,64.90713531845252,2.596285412738101,1,3.0999999999999996,8.048484779488112,True,False
3,Half Kelly,2023-09-30,2023-24,Everton,Luton,A,A,5.7,0.2953878110223008,0.14547032400576904,0.07273516200288452,0.04,1.0,0.04,72.95562009794062,2.918224803917625,1,4.7,13.715656578412837,True,False
3,Half Kelly,2023-10-27,2023-24,Crystal Palace,Tottenham,H,A,4.58,0.3792055670109331,0.20579930081286976,0.10289965040643488,0.04,1.0,0.04,86.67127667635346,3.4668510670541384,0,-1.0,-3.4668510670541384,True,False
3,Half Kelly,2023-10-28,2023-24,Chelsea,Brentford,A,A,5.6,0.2826833391239201,0.12674493458564182,0.06337246729282091,0.04,1.0,0.04,83.20442560929932,3.328177024371973,1,4.6,15.309614312111075,True,False
3,Half Kelly,2023-10-29,2023-24,Aston Villa,Luton,A,H,8.55,0.2439830403936287,0.1438483437570232,0.0719241718785116,0.04,1.0,0.04,98.5140399214104,3.940561596856416,0,-1.0,-3.940561596856416,True,False
3,Half Kelly,2023-11-04,2023-24,Newcastle,Arsenal,A,H,2.73,0.628938176002575,0.41445157253585524,0.20722578626792762,0.04,1.0,0.04,94.57347832455399,3.78293913298216,0,-1.0,-3.78293913298216,True,False
3,Half Kelly,2023-11-05,2023-24,Luton,Liverpool,H,D,15.0,0.1288965510385803,0.06667487611276461,0.033337438056382306,0.033337438056382306,1.0,0.033337438056382306,90.79053919157182,3.026723976404576,0,-1.0,-3.026723976404576,False,False
3,Half Kelly,2023-11-06,2023-24,Tottenham,Chelsea,H,A,2.37,0.6532345020575259,0.4001209999097346,0.2000604999548673,0.04,1.0,0.04,87.76381521516724,3.5105526086066896,0,-1.0,-3.5105526086066896,True,False
3,Half Kelly,2023-11-11,2023-24,Man United,Luton,A,H,10.06,0.166560010174919,0.07456884132005355,0.037284420660026775,0.037284420660026775,1.0,0.037284420660026775,84.25326260656055,3.1413340850027076,0,-1.0,-3.1413340850027076,False,False
3,Half Kelly,2023-11-25,2023-24,Luton,Crystal Palace,H,H,4.12,0.3992778733446733,0.20673873018591477,0.10336936509295738,0.04,1.0,0.04,81.11192852155784,3.2444771408623136,1,3.12,10.122768679490418,True,False
3,Half Kelly,2023-11-25,2023-24,Sheffield United,Bournemouth,H,A,3.57,0.4206623701179048,0.19523916782915182,0.09761958391457591,0.04,1.0,0.04,81.11192852155784,3.2444771408623136,0,-1.0,-3.2444771408623136,True,False
3,Half Kelly,2023-12-03,2023-24,Chelsea,Brighton,A,H,5.5,0.3072706465027729,0.15333079017005577,0.07666539508502788,0.04,1.0,0.04,87.99022006018595,3.519608802407438,0,-1.0,-3.519608802407438,True,False
3,Half Kelly,2023-12-05,2023-24,Luton,Arsenal,H,A,15.5,0.1426343555827293,0.08350569045050373,0.04175284522525186,0.04,1.0,0.04,84.47061125777851,3.3788244503111406,0,-1.0,-3.3788244503111406,True,False
3,Half Kelly,2023-12-09,2023-24,Wolves,Nott'm Forest,A,D,4.42,0.3668466345824787,0.18171407159489936,0.09085703579744968,0.04,1.0,0.04,81.09178680746737,3.243671472298695,0,-1.0,-3.243671472298695,True,False
3,Half Kelly,2023-12-10,2023-24,Fulham,West Ham,A,H,3.41,0.458878181782012,0.23434630700276385,0.11717315350138192,0.04,1.0,0.04,77.84811533516867,3.113924613406747,0,-1.0,-3.113924613406747,True,False
3,Half Kelly,2023-12-16,2023-24,Chelsea,Sheffield United,A,H,15.9,0.0997293599123081,0.03930851158427508,0.01965425579213754,0.01965425579213754,1.0,0.01965425579213754,74.73419072176192,1.4688449008639006,0,-1.0,-1.4688449008639006,False,False
3,Half Kelly,2023-12-26,2023-24,Bournemouth,Fulham,A,H,3.97,0.382847970857534,0.17505267484996972,0.08752633742498486,0.04,1.0,0.04,73.26534582089802,2.930613832835921,0,-1.0,-2.930613832835921,True,False
3,Half Kelly,2023-12-26,2023-24,Sheffield United,Luton,A,A,3.15,0.5216519475602118,0.2991644813091476,0.1495822406545738,0.04,1.0,0.04,73.26534582089802,2.930613832835921,1,2.15,6.3008197405972295,True,False
3,Half Kelly,2023-12-28,2023-24,Arsenal,West Ham,A,A,10.81,0.1424499684279321,0.055034063068903766,0.027517031534451883,0.027517031534451883,1.0,0.02751703153445188,76.63555172865932,2.108782893577637,1,9.81,20.687160185996618,False,False
3,Half Kelly,2024-02-04,2023-24,Chelsea,Wolves,A,A,6.02,0.3958759779018691,0.2755325472050303,0.13776627360251514,0.04,1.0,0.04,97.32271191465594,3.892908476586238,1,5.02,19.54240055246291,True,False
3,Half Kelly,2024-02-12,2023-24,Crystal Palace,Chelsea,H,A,5.04,0.419115362047616,0.2753320358217784,0.1376660179108892,0.04,1.0,0.04,116.86511246711885,4.674604498684754,0,-1.0,-4.674604498684754,True,False
3,Half Kelly,2024-03-10,2023-24,Aston Villa,Tottenham,H,A,2.55,0.6277471165373762,0.3875839659163287,0.19379198295816435,0.04,1.0,0.04,112.19050796843409,4.487620318737363,0,-1.0,-4.487620318737363,True,False
3,Half Kelly,2024-03-10,2023-24,Liverpool,Man City,H,D,3.48,0.5413187357178897,0.3563666130234904,0.1781833065117452,0.04,1.0,0.04,112.19050796843409,4.487620318737363,0,-1.0,-4.487620318737363,True,False
3,Half Kelly,2024-03-13,2023-24,Bournemouth,Luton,A,H,5.69,0.2892726096674086,0.13773158827453197,0.06886579413726598,0.04,1.0,0.04,103.21526733095936,4.128610693238374,0,-1.0,-4.128610693238374,True,False
3,Half Kelly,2024-03-30,2023-24,Tottenham,Luton,A,H,12.64,0.1382553190345624,0.0642222708416554,0.0321111354208277,0.0321111354208277,1.0,0.0321111354208277,99.08665663772099,3.1817850496909146,0,-1.0,-3.1817850496909146,False,False
3,Half Kelly,2024-04-02,2023-24,West Ham,Tottenham,H,D,3.47,0.4514264586480969,0.22933190749348026,0.11466595374674013,0.04,1.0,0.04,95.90487158803008,3.8361948635212033,0,-1.0,-3.8361948635212033,True,False
3,Half Kelly,2024-04-06,2023-24,Fulham,Newcastle,A,A,2.83,0.531338787645353,0.2752397645007372,0.1376198822503686,0.04,1.0,0.04,92.06867672450888,3.682747068980355,1,1.83,6.73942713623405,True,False
3,Half Kelly,2024-04-06,2023-24,Luton,Bournemouth,H,H,3.82,0.4282069527340724,0.22544346079580013,0.11272173039790007,0.04,1.0,0.04,92.06867672450888,3.682747068980355,1,2.82,10.385346734524601,True,False
3,Half Kelly,2024-04-07,2023-24,Man United,Liverpool,H,D,5.0,0.3483525476020239,0.18544068450252987,0.09272034225126494,0.04,1.0,0.039999999999999994,109.19345059526754,4.367738023810701,0,-1.0,-4.367738023810701,True,False
3,Half Kelly,2024-04-20,2023-24,Wolves,Arsenal,H,A,11.75,0.2077545938558803,0.13405734677270637,0.06702867338635318,0.04,1.0,0.04,104.82571257145683,4.193028502858273,0,-1.0,-4.193028502858273,True,False
3,Half Kelly,2024-04-27,2023-24,Fulham,Crystal Palace,A,D,3.78,0.4054619417000453,0.19159933080078095,0.09579966540039048,0.04,1.0,0.04000000000000001,100.63268406859856,4.025307362743943,0,-1.0,-4.025307362743943,True,False
3,Half Kelly,2024-04-28,2023-24,Bournemouth,Brighton,A,H,3.57,0.464337130147487,0.2559079979091551,0.12795399895457754,0.04,1.0,0.04,96.60737670585462,3.864295068234185,0,-1.0,-3.864295068234185,True,False
3,Half Kelly,2024-05-04,2023-24,Sheffield United,Nott'm Forest,H,A,5.08,0.2953481404544671,0.12263935135016986,0.06131967567508493,0.04,1.0,0.04,92.74308163762043,3.7097232655048176,0,-1.0,-3.7097232655048176,True,False
3,Half Kelly,2024-05-06,2023-24,Crystal Palace,Man United,A,H,3.57,0.4545185802079429,0.2422690005223176,0.1211345002611588,0.04,1.0,0.04,89.03335837211561,3.5613343348846245,0,-1.0,-3.5613343348846245,True,False
3,Half Kelly,2024-05-12,2023-24,Man United,Arsenal,H,A,9.75,0.2428390146346724,0.15630633059292068,0.07815316529646034,0.04,1.0,0.04,85.472024037231,3.41888096148924,0,-1.0,-3.41888096148924,True,False
3,Half Kelly,2024-05-13,2023-24,Aston Villa,Liverpool,H,D,3.9,0.4091450388039352,0.20540194873632667,0.10270097436816333,0.04,1.0,0.04,82.05314307574176,3.2821257230296705,0,-1.0,-3.2821257230296705,True,False
3,Half Kelly,2024-05-19,2023-24,Crystal Palace,Aston Villa,A,H,4.99,0.4392624469558421,0.29872671937585266,0.14936335968792633,0.04,1.0,0.04,78.7710173527121,3.1508406941084837,0,-1.0,-3.1508406941084837,True,False
3,Half Kelly,2024-05-19,2023-24,Sheffield United,Tottenham,H,A,7.99,0.1974467418664834,0.0826322557243494,0.0413161278621747,0.04,1.0,0.04,78.7710173527121,3.1508406941084837,0,-1.0,-3.1508406941084837,True,False
3,Half Kelly,2024-08-17,2024-25,Ipswich,Liverpool,H,A,8.14,0.2106605398903122,0.10010879477691054,0.05005439738845527,0.04,1.0,0.04,72.46933596449513,2.898773438579805,0,-1.0,-2.898773438579805,True,False
3,Half Kelly,2024-08-17,2024-25,Nott'm Forest,Bournemouth,A,D,3.37,0.4502747651603423,0.21832318927863018,0.10916159463931509,0.04,1.0,0.04,72.46933596449513,2.898773438579805,0,-1.0,-2.898773438579805,True,False
3,Half Kelly,2024-08-17,2024-25,West Ham,Aston Villa,A,A,2.86,0.5319889687401794,0.28037013472952316,0.14018506736476158,0.04,1.0,0.04,72.46933596449513,2.898773438579805,1,1.8599999999999999,5.391718595758437,True,False
3,Half Kelly,2024-09-21,2024-25,Tottenham,Brentford,A,H,6.23,0.2674255567834778,0.1273539615221925,0.06367698076109625,0.04,1.0,0.04,72.06350768309396,2.8825403073237585,0,-1.0,-2.8825403073237585,True,False
3,Half Kelly,2024-10-19,2024-25,Southampton,Leicester,A,A,3.41,0.4615096021594852,0.2380696030555372,0.1190348015277686,0.04,1.0,0.04,69.1809673757702,2.767238695030808,1,2.41,6.669045255024248,True,False
3,Half Kelly,2024-11-10,2024-25,Man United,Leicester,A,H,8.93,0.1962420278151508,0.09488541089398442,0.04744270544699221,0.04,1.0,0.04,75.85001263079444,3.0340005052317776,0,-1.0,-3.0340005052317776,True,False
3,Half Kelly,2024-11-10,2024-25,Tottenham,Ipswich,A,A,10.66,0.143267942784956,0.05457932402563467,0.027289662012817337,0.027289662012817337,1.0,0.027289662012817333,75.85001263079444,2.069921208362306,1,9.66,19.995438872779875,False,False
3,Half Kelly,2024-11-23,2024-25,Leicester,Chelsea,H,A,7.0,0.2301190662017483,0.10180557723537302,0.05090278861768651,0.04,1.0,0.04,92.81145099834254,3.7124580399337015,0,-1.0,-3.7124580399337015,True,False
3,Half Kelly,2024-11-24,2024-25,Ipswich,Man United,H,D,5.15,0.3277845194151907,0.16580488553933306,0.08290244276966653,0.04,1.0,0.04,89.09899295840883,3.563959718336353,0,-1.0,-3.563959718336353,True,False
3,Half Kelly,2024-11-30,2024-25,Brentford,Leicester,A,H,5.38,0.2923509349876417,0.13078722151450053,0.06539361075725027,0.04,1.0,0.04,85.53503324007248,3.421401329602899,0,-1.0,-3.421401329602899,True,False
3,Half Kelly,2024-11-30,2024-25,West Ham,Arsenal,H,A,7.34,0.2082103395023374,0.08332238043330545,0.041661190216652724,0.04,1.0,0.04,85.53503324007248,3.421401329602899,0,-1.0,-3.421401329602899,True,False
3,Half Kelly,2024-12-03,2024-25,Ipswich,Crystal Palace,H,A,3.35,0.4607064269887924,0.2312198001755125,0.11560990008775625,0.04,1.0,0.04,78.69223058086668,3.1476892232346674,0,-1.0,-3.1476892232346674,True,False
3,Half Kelly,2024-12-05,2024-25,Bournemouth,Tottenham,A,H,3.06,0.5009965328729618,0.2587618400928461,0.12938092004642304,0.04,1.0,0.04,75.54454135763201,3.0217816543052805,0,-1.0,-3.0217816543052805,True,False
3,Half Kelly,2024-12-14,2024-25,Newcastle,Leicester,A,H,9.49,0.173294879204292,0.07592089560055726,0.03796044780027863,0.03796044780027863,1.0,0.03796044780027863,72.52275970332673,2.7529964340502846,0,-1.0,-2.7529964340502846,False,False
3,Half Kelly,2024-12-29,2024-25,Leicester,Man City,H,A,10.25,0.1508720959250994,0.0590744846737588,0.0295372423368794,0.0295372423368794,1.0,0.0295372423368794,69.76976326927644,2.0608064054713253,0,-1.0,-2.0608064054713253,False,False
3,Half Kelly,2024-12-30,2024-25,Ipswich,Chelsea,H,H,7.55,0.2296073440825248,0.11199014470581103,0.05599507235290552,0.04,1.0,0.04,67.70895686380511,2.7083582745522046,1,6.55,17.73974669831694,True,False
3,Half Kelly,2025-01-04,2024-25,Tottenham,Newcastle,H,A,3.9,0.4751743467562711,0.2941999835687784,0.1470999917843892,0.04,1.0,0.04,85.44870356212205,3.417948142484882,0,-1.0,-3.417948142484882,True,False
3,Half Kelly,2025-01-18,2024-25,Leicester,Fulham,H,A,4.65,0.3622231776728645,0.1874898016928274,0.0937449008464137,0.04,1.0,0.04,82.03075541963716,3.2812302167854863,0,-1.0,-3.2812302167854863,True,False
3,Half Kelly,2025-01-19,2024-25,Ipswich,Man City,H,A,8.5,0.2129864688143601,0.10805133132294144,0.05402566566147072,0.04,1.0,0.04,78.74952520285167,3.149981008114067,0,-1.0,-3.149981008114067,True,False
3,Half Kelly,2025-02-15,2024-25,Man City,Newcastle,H,H,2.09,0.7332236884415598,0.4884747787549174,0.2442373893774587,0.04,1.0,0.04,75.5995441947376,3.023981767789504,1,1.0899999999999999,3.296140126890559,True,False
3,Half Kelly,2025-02-22,2024-25,Aston Villa,Chelsea,H,H,2.68,0.5877810999472824,0.34241270705876004,0.17120635352938002,0.04,1.0,0.04,78.89568432162817,3.1558273728651267,1,1.6800000000000002,5.3017899864134135,True,False
3,Half Kelly,2025-02-23,2024-25,Man City,Liverpool,H,A,3.24,0.496898819403884,0.27230007806633216,0.13615003903316608,0.04,1.0,0.04,84.19747430804158,3.367898972321663,0,-1.0,-3.367898972321663,True,False
3,Half Kelly,2025-04-12,2024-25,Brighton,Leicester,A,D,10.93,0.1400010163147962,0.053394874956769624,0.026697437478384812,0.026697437478384812,1.0,0.026697437478384815,80.82957533571991,2.1579425339297775,0,-1.0,-2.1579425339297775,False,False
3,Half Kelly,2025-04-13,2024-25,Chelsea,Ipswich,A,D,13.76,0.1532613181899071,0.08690248732704715,0.04345124366352358,0.04,1.0,0.04,78.67163280179012,3.146865312071605,0,-1.0,-3.146865312071605,True,False
3,Half Kelly,2025-04-26,2024-25,Chelsea,Everton,A,H,7.5,0.2346280695357707,0.11687854177204311,0.058439270886021556,0.04,1.0,0.04,75.52476748971851,3.0209906995887406,0,-1.0,-3.0209906995887406,True,False
3,Half Kelly,2025-04-26,2024-25,Newcastle,Ipswich,A,H,17.5,0.0894470663712287,0.03426204009069711,0.017131020045348555,0.017131020045348555,1.0,0.017131020045348555,75.52476748971851,1.2938163057866567,0,-1.0,-1.2938163057866567,False,False
3,Half Kelly,2025-04-27,2024-25,Liverpool,Tottenham,A,H,13.75,0.1242679661686246,0.055583100770085346,0.027791550385042673,0.027791550385042673,1.0,0.027791550385042673,71.20996048434311,1.9790352047175195,0,-1.0,-1.9790352047175195,False,False
3,Half Kelly,2025-05-04,2024-25,West Ham,Tottenham,A,D,4.22,0.392041897402164,0.20323503324134531,0.10161751662067266,0.04,1.0,0.04,69.2309252796256,2.769237011185024,0,-1.0,-2.769237011185024,True,False
3,Half Kelly,2025-05-10,2024-25,Fulham,Everton,A,A,4.94,0.3314248552423252,0.16173573220738233,0.08086786610369116,0.04,1.0,0.04,66.46168826844057,2.6584675307376227,1,3.9400000000000004,10.474362071106235,True,False
3,Half Kelly,2025-05-10,2024-25,Ipswich,Brentford,H,A,5.83,0.2580485143669941,0.10443537034359746,0.05221768517179873,0.04,1.0,0.04,66.46168826844057,2.6584675307376227,0,-1.0,-2.6584675307376227,True,False
3,Half Kelly,2025-05-16,2024-25,Aston Villa,Tottenham,A,H,11.0,0.2162648766589268,0.1378913643248195,0.06894568216240975,0.04,1.0,0.04,74.27758280880919,2.9711033123523674,0,-1.0,-2.9711033123523674,True,False
3,Half Kelly,2025-05-19,2024-25,Brighton,Liverpool,A,H,3.09,0.5141076550373556,0.28162327945714294,0.14081163972857147,0.04,1.0,0.04,71.30647949645682,2.852259179858273,0,-1.0,-2.852259179858273,True,False
3,Half Kelly,2025-05-25,2024-25,Bournemouth,Leicester,A,H,9.01,0.1719510729698651,0.06857417820954863,0.034287089104774314,0.034287089104774314,1.0,0.034287089104774314,68.45422031659854,2.347095951593066,0,-1.0,-2.347095951593066,False,False
3,Half Kelly,2025-05-25,2024-25,Man United,Aston Villa,H,H,4.82,0.4123592089455571,0.2585265411302579,0.12926327056512896,0.04,1.0,0.04,68.45422031659854,2.7381688126639414,1,3.8200000000000003,10.459804864376258,True,False
3,Half Kelly,2025-05-25,2024-25,Newcastle,Everton,A,A,10.36,0.2224232481897849,0.13934880889382176,0.06967440444691088,0.04,1.0,0.04,68.45422031659854,2.7381688126639414,1,9.36,25.62926008653449,True,False
3,Half Kelly,2025-05-25,2024-25,Nott'm Forest,Chelsea,H,A,3.5,0.4426091824806774,0.21965285547294836,0.10982642773647418,0.04,1.0,0.04,68.45422031659854,2.7381688126639414,0,-1.0,-2.7381688126639414,True,False
3,Half Kelly,2025-05-25,2024-25,Tottenham,Brighton,H,A,3.83,0.4464454957400025,0.250843197414915,0.1254215987074575,0.04,1.0,0.04,68.45422031659854,2.7381688126639414,0,-1.0,-2.7381688126639414,True,False
