Season,Date,HomeTeam,AwayTeam,MarketRecordedOutcome,MarketOdds_H,MarketOdds_D,MarketOdds_A,RawImpliedProbability_H,RawImpliedProbability_D,RawImpliedProbability_A,RawImpliedProbabilityTotal,MarketOverround,MarketProbability_H,MarketProbability_D,MarketProbability_A,MarketPredictedOutcome
2015-16,2015-08-08,Bournemouth,Aston Villa,A,1.82,3.88,4.7,0.5494505494505494,0.2577319587628866,0.2127659574468085,1.0199484656602447,0.019948465660244663,0.5387042266835245,0.2526911578773234,0.20860461543915204,H
2015-16,2015-08-08,Chelsea,Swansea,D,1.37,5.04,10.88,0.7299270072992701,0.1984126984126984,0.09191176470588235,1.0202514704178507,0.020251470417850692,0.715438329140877,0.19447430772281776,0.09008736313630529,H
2015-16,2015-08-08,Everton,Watford,D,1.75,3.76,5.44,0.5714285714285714,0.26595744680851063,0.1838235294117647,1.0212095476488467,0.02120954764884675,0.5595605453789421,0.26043376447158206,0.18000569014947584,H
2015-16,2015-08-08,Leicester,Sunderland,H,1.79,3.74,5.1,0.5586592178770949,0.267379679144385,0.19607843137254904,1.022117328394029,0.022117328394029023,0.5465705378020265,0.26159392049883085,0.19183554169914266,H
2015-16,2015-08-08,Man United,Tottenham,H,1.64,4.07,6.04,0.6097560975609756,0.24570024570024568,0.16556291390728478,1.021019257168506,0.021019257168505945,0.5972033272437518,0.24064212694834222,0.16215454580790611,H
2015-16,2015-08-08,Norwich,Crystal Palace,A,2.46,3.39,3.14,0.4065040650406504,0.2949852507374631,0.3184713375796178,1.0199606533577312,0.01996065335773123,0.3985487711731141,0.28921238262119786,0.31223884620568815,H
2015-16,2015-08-09,Arsenal,West Ham,A,1.24,6.75,15.0,0.8064516129032259,0.14814814814814814,0.06666666666666667,1.0212664277180408,0.02126642771804077,0.7896583996256433,0.14506317267197003,0.06527842770238651,H
2015-16,2015-08-09,Newcastle,Southampton,D,3.09,3.28,2.55,0.3236245954692557,0.3048780487804878,0.3921568627450981,1.0206595069948414,0.020659506994841426,0.31707400288869436,0.2987069112579468,0.38421908585335907,A
2015-16,2015-08-09,Stoke,Liverpool,A,3.89,3.51,2.09,0.2570694087403599,0.2849002849002849,0.47846889952153115,1.020438593162176,0.020438593162176,0.25192050796877735,0.27919395327593843,0.4688855387552842,A
2015-16,2015-08-10,West Brom,Man City,A,6.46,4.08,1.61,0.15479876160990713,0.24509803921568626,0.6211180124223602,1.0210148132479535,0.021014813247953512,0.15161265008239821,0.2400533626304638,0.6083339872871381,A
2015-16,2015-08-14,Aston Villa,Man United,A,5.06,3.76,1.8,0.19762845849802374,0.26595744680851063,0.5555555555555556,1.01914146086209,0.0191414608620899,0.19391661127283566,0.260962248149082,0.5451211405780824,A
2015-16,2015-08-15,Southampton,Everton,A,2.03,3.54,4.08,0.4926108374384237,0.2824858757062147,0.24509803921568626,1.0201947523603248,0.020194752360324753,0.4828596072453012,0.276894068561571,0.24024632419312775,H
2015-16,2015-08-15,Sunderland,Norwich,A,2.86,3.39,2.66,0.3496503496503497,0.2949852507374631,0.37593984962406013,1.020575450011873,0.02057545001187311,0.3426011762739168,0.28903816051427783,0.3683606632118052,A
2015-16,2015-08-15,Swansea,Newcastle,H,1.85,3.86,4.49,0.5405405405405405,0.2590673575129534,0.22271714922048996,1.0223250472739838,0.022325047273983767,0.5287364737681862,0.2534099679977059,0.21785355823410793,H
2015-16,2015-08-15,Tottenham,Stoke,D,1.74,3.76,5.55,0.5747126436781609,0.26595744680851063,0.1801801801801802,1.0208502706668516,0.020850270666851634,0.5629744735266029,0.26052542125965134,0.17650010521374582,H
2015-16,2015-08-15,Watford,West Brom,D,2.09,3.62,3.76,0.47846889952153115,0.27624309392265195,0.26595744680851063,1.0206694402526937,0.020669440252693683,0.46877948986409695,0.2706489319933598,0.2605715781425432,H
2015-16,2015-08-15,West Ham,Leicester,A,2.38,3.54,3.15,0.42016806722689076,0.2824858757062147,0.31746031746031744,1.0201142603934228,0.02011426039342279,0.411883338504499,0.2769159168476575,0.31120074464784364,H
2015-16,2015-08-16,Crystal Palace,Arsenal,A,5.4,4.08,1.69,0.18518518518518517,0.24509803921568626,0.591715976331361,1.0219992007322323,0.02199920073223227,0.18119895304468484,0.23982214373561228,0.578978903219703,A
2015-16,2015-08-16,Man City,Chelsea,H,2.01,3.69,3.97,0.49751243781094534,0.2710027100271003,0.2518891687657431,1.0204043166037886,0.020404316603788608,0.48756402703863094,0.2655836570047827,0.24685231595658644,H
2015-16,2015-08-17,Liverpool,Bournemouth,H,1.54,4.37,7.07,0.6493506493506493,0.22883295194508008,0.14144271570014144,1.0196263169958708,0.019626316995870807,0.6368515980088018,0.2244282519298752,0.13872015006132316,H
2015-16,2015-08-22,Crystal Palace,Aston Villa,H,1.81,3.79,4.93,0.5524861878453039,0.2638522427440633,0.20283975659229211,1.0191781871816594,0.019178187181659423,0.5420898865321067,0.25888725451797173,0.19902285894992153,H
2015-16,2015-08-22,Leicester,Tottenham,D,2.61,3.5,2.85,0.3831417624521073,0.2857142857142857,0.3508771929824561,1.0197332411488491,0.019733241148849112,0.3757274422283745,0.28018532120458783,0.34408723656703766,H
2015-16,2015-08-22,Man United,Newcastle,D,1.34,5.44,11.12,0.7462686567164178,0.1838235294117647,0.08992805755395684,1.0200202436821395,0.020020243682139505,0.7316214176519534,0.18021556978926792,0.08816301255877858,H
2015-16,2015-08-22,Norwich,Stoke,D,2.15,3.42,3.82,0.46511627906976744,0.29239766081871343,0.2617801047120419,1.0192940446005228,0.019294044600522753,0.4563121716776573,0.2868629149435565,0.2568249133787862,H
2015-16,2015-08-22,Sunderland,Swansea,D,3.91,3.55,2.07,0.2557544757033248,0.28169014084507044,0.48309178743961356,1.0205364039880087,0.02053640398800871,0.25060789081496593,0.27602164875676527,0.4733704604282689,A
2015-16,2015-08-22,West Ham,Bournemouth,A,2.64,3.51,2.81,0.3787878787878788,0.2849002849002849,0.35587188612099646,1.0195600498091602,0.01956004980916015,0.3715209112585176,0.27943453154486797,0.3490445571966144,H
2015-16,2015-08-23,Everton,Man City,A,5.47,4.1,1.68,0.18281535648994515,0.24390243902439027,0.5952380952380952,1.0219558907524307,0.02195589075243065,0.1788877173116978,0.2386623935841432,0.582449889104159,A
2015-16,2015-08-23,Watford,Southampton,D,2.76,3.34,2.79,0.3623188405797102,0.29940119760479045,0.35842293906810035,1.020142977252601,0.020142977252600947,0.3551647648013904,0.2934894463628256,0.35134578883578405,H
2015-16,2015-08-23,West Brom,Chelsea,A,7.25,4.12,1.56,0.13793103448275862,0.24271844660194175,0.641025641025641,1.0216751221103413,0.021675122110341283,0.13500478919155087,0.23756910719386987,0.6274261036145793,A
2015-16,2015-08-24,Arsenal,Liverpool,D,1.8,4.05,4.6,0.5555555555555556,0.2469135802469136,0.2173913043478261,1.0198604401502953,0.01986044015029531,0.5447368421052632,0.24210526315789474,0.2131578947368421,H
2015-16,2015-08-29,Aston Villa,Sunderland,D,2.12,3.31,4.07,0.4716981132075471,0.3021148036253776,0.24570024570024568,1.0195131625331704,0.01951316253317037,0.4626699590964822,0.2963324209318859,0.240997619971632,H
2015-16,2015-08-29,Bournemouth,Leicester,D,2.06,3.65,3.82,0.4854368932038835,0.273972602739726,0.2617801047120419,1.0211896006556513,0.02118960065565134,0.4753641173903557,0.2682876936504473,0.25634818895919703,H
2015-16,2015-08-29,Chelsea,Crystal Palace,A,1.37,5.1,10.31,0.7299270072992701,0.19607843137254904,0.09699321047526673,1.0229986491470857,0.022998649147085715,0.7135170783537583,0.19167027398914688,0.09481264765709493,H
2015-16,2015-08-29,Liverpool,West Ham,A,1.37,5.28,9.74,0.7299270072992701,0.1893939393939394,0.1026694045174538,1.0219903512106634,0.021990351210663395,0.7142210358782632,0.18531871574871603,0.10046024837302059,H
2015-16,2015-08-29,Man City,Watford,H,1.22,7.05,16.5,0.819672131147541,0.14184397163120568,0.06060606060606061,1.0221221633848072,0.022122163384807214,0.801931667769689,0.13877399073461286,0.05929434149569822,H
2015-16,2015-08-29,Newcastle,Arsenal,A,5.81,4.48,1.6,0.17211703958691912,0.2232142857142857,0.625,1.0203313253012047,0.02033132530120474,0.1686874011597259,0.2187664733790195,0.6125461254612546,A
2015-16,2015-08-29,Stoke,West Brom,A,2.16,3.27,3.98,0.4629629629629629,0.3058103975535168,0.25125628140703515,1.0200296419235149,0.020029641923514863,0.4538720679625871,0.29980540269088324,0.24632252934652968,H
2015-16,2015-08-29,Tottenham,Everton,D,2.1,3.55,3.81,0.47619047619047616,0.28169014084507044,0.26246719160104987,1.0203478086365965,0.020347808636596465,0.46669427048289425,0.27607266704621913,0.2572330624708866,H
2015-16,2015-08-30,Southampton,Norwich,H,2.11,3.4,3.95,0.47393364928909953,0.29411764705882354,0.2531645569620253,1.0212158533099485,0.021215853309948463,0.4640876341206351,0.28800732588074707,0.2479050399986177,H
2015-16,2015-08-30,Swansea,Man United,H,3.82,3.41,2.15,0.2617801047120419,0.29325513196480935,0.46511627906976744,1.0201515157466186,0.020151515746618553,0.2566090435306101,0.28746233028942236,0.45592862617996766,A
2015-16,2015-09-12,Arsenal,Stoke,H,1.3,6.3,11.0,0.7692307692307692,0.15873015873015872,0.09090909090909091,1.0188700188700188,0.018870018870018823,0.75498420307223,0.15579039111014273,0.0892254058176272,H
2015-16,2015-09-12,Crystal Palace,Man City,A,4.95,3.89,1.78,0.20202020202020202,0.2570694087403599,0.5617977528089888,1.0208873635695506,0.020887363569550566,0.19788686708182462,0.2518097665951239,0.5503033663230517,A
2015-16,2015-09-12,Everton,Chelsea,H,3.56,3.51,2.2,0.2808988764044944,0.2849002849002849,0.45454545454545453,1.0203446158502338,0.020344615850233838,0.2752980434658605,0.2792196680166562,0.4454822885174833,A
2015-16,2015-09-12,Man United,Liverpool,H,1.94,3.41,4.7,0.5154639175257733,0.29325513196480935,0.2127659574468085,1.021485006937391,0.021485006937391082,0.504622108033904,0.2870870643946549,0.20829082757144116,H
2015-16,2015-09-12,Norwich,Bournemouth,H,2.42,3.48,3.13,0.4132231404958678,0.28735632183908044,0.3194888178913738,1.020068280226322,0.0200682802263219,0.40509360844372716,0.2817030265614424,0.31320336499483054,H
2015-16,2015-09-12,Watford,Swansea,H,2.62,3.39,2.92,0.38167938931297707,0.2949852507374631,0.3424657534246575,1.0191303934750977,0.019130393475097707,0.37451477431803565,0.28944799667057625,0.33603722901138816,H
2015-16,2015-09-12,West Brom,Southampton,D,3.25,3.38,2.4,0.3076923076923077,0.2958579881656805,0.4166666666666667,1.0202169625246549,0.02021696252465488,0.3015949734171097,0.28999516674722087,0.4084098598356694,A
2015-16,2015-09-13,Leicester,Aston Villa,H,1.88,3.78,4.47,0.5319148936170213,0.2645502645502646,0.2237136465324385,1.0201788046997244,0.02017880469972444,0.5213937901538575,0.2593175464257281,0.21928866342041434,H
2015-16,2015-09-13,Sunderland,Tottenham,A,4.26,3.69,1.94,0.2347417840375587,0.2710027100271003,0.5154639175257733,1.021208411590432,0.021208411590432075,0.22986667694204688,0.26537453760789154,0.5047587854500617,A
2015-16,2015-09-14,West Ham,Newcastle,H,2.09,3.63,3.77,0.47846889952153115,0.27548209366391185,0.26525198938992045,1.0192029825753635,0.01920298257536346,0.469453982868571,0.2702916871061469,0.2602543300252821,H
2015-16,2015-09-19,Aston Villa,West Brom,A,2.4,3.18,3.46,0.4166666666666667,0.31446540880503143,0.28901734104046245,1.0201494165121605,0.020149416512160512,0.40843690142099875,0.3082542652233952,0.2833088333556061,H
2015-16,2015-09-19,Bournemouth,Sunderland,H,1.57,4.75,5.75,0.6369426751592356,0.21052631578947367,0.17391304347826086,1.0213820344269702,0.021382034426970176,0.6236086534619556,0.20611907072321478,0.17027227581482962,H
2015-16,2015-09-19,Chelsea,Arsenal,H,2.65,3.46,2.82,0.37735849056603776,0.28901734104046245,0.3546099290780142,1.0209857606845145,0.02098576068451452,0.36960210915482283,0.2830767599018152,0.34732113094336187,H
2015-16,2015-09-19,Man City,West Ham,A,1.29,6.2,11.5,0.7751937984496123,0.16129032258064516,0.08695652173913043,1.0234406427693878,0.023440642769387843,0.7574389427724603,0.15759616712523772,0.08496489010230207,H
2015-16,2015-09-19,Newcastle,Watford,A,2.16,3.47,3.73,0.4629629629629629,0.2881844380403458,0.2680965147453083,1.019243915748617,0.019243915748617058,0.45422195394997733,0.28274334885647007,0.2630346971935526,H
2015-16,2015-09-19,Stoke,Leicester,D,2.99,3.45,2.53,0.33444816053511706,0.2898550724637681,0.3952569169960475,1.0195601499949327,0.01956014999493272,0.3280318091451292,0.2842942345924453,0.38767395626242546,A
2015-16,2015-09-19,Swansea,Everton,D,2.21,3.45,3.61,0.45248868778280543,0.2898550724637681,0.2770083102493075,1.0193520704958812,0.01935207049588117,0.44389833589358835,0.28435226734053054,0.271749396765881,H
2015-16,2015-09-20,Liverpool,Norwich,D,1.59,4.23,6.5,0.6289308176100629,0.23640661938534277,0.15384615384615385,1.0191835908415596,0.019183590841559628,0.6170927625421663,0.2319568540052114,0.1509503834526222,H
2015-16,2015-09-20,Southampton,Man United,A,3.45,3.28,2.35,0.2898550724637681,0.3048780487804878,0.425531914893617,1.020265036137873,0.020265036137872894,0.28409781987726446,0.2988224020050495,0.4170797781176861,A
2015-16,2015-09-20,Tottenham,Crystal Palace,H,1.94,3.78,4.15,0.5154639175257733,0.2645502645502646,0.24096385542168672,1.0209780374977244,0.020978037497724422,0.5048726795231598,0.25911454980818255,0.23601277066865778,H
2015-16,2015-09-26,Leicester,Arsenal,A,4.76,4.03,1.78,0.21008403361344538,0.24813895781637715,0.5617977528089888,1.0200207442388114,0.020020744238811394,0.2059605501162824,0.24326854058399605,0.5507709092997215,A
2015-16,2015-09-26,Liverpool,Aston Villa,H,1.5,4.42,7.79,0.6666666666666666,0.22624434389140272,0.12836970474967907,1.0212807153077483,0.021280715307748332,0.652775144653325,0.22153002646606054,0.12569482888061456,H
2015-16,2015-09-26,Man United,Sunderland,H,1.22,7.7,13.75,0.819672131147541,0.12987012987012986,0.07272727272727272,1.0222695337449437,0.02226953374494367,0.8018160613128956,0.12704098633788735,0.07114295234921691,H
2015-16,2015-09-26,Newcastle,Chelsea,D,5.8,4.24,1.63,0.1724137931034483,0.23584905660377356,0.6134969325153374,1.0217597822225593,0.021759782222559254,0.16874200384791932,0.23082632601838016,0.6004316701337006,A
2015-16,2015-09-26,Southampton,Swansea,H,1.85,3.71,4.79,0.5405405405405405,0.2695417789757412,0.20876826722338204,1.0188505867396636,0.018850586739663555,0.5305395585728403,0.2645547664042465,0.2049056750229133,H
2015-16,2015-09-26,Stoke,Bournemouth,H,2.43,3.49,3.1,0.4115226337448559,0.28653295128939826,0.3225806451612903,1.0206362301955445,0.020636230195544503,0.40320206315428564,0.2807395454054195,0.31605839144029485,H
2015-16,2015-09-26,Tottenham,Man City,H,3.49,3.51,2.23,0.28653295128939826,0.2849002849002849,0.4484304932735426,1.0198637294632258,0.019863729463225788,0.2809521929368016,0.2793513257405805,0.43969648132261785,A
2015-16,2015-09-26,West Ham,Norwich,D,2.25,3.49,3.45,0.4444444444444444,0.28653295128939826,0.2898550724637681,1.0208324681976109,0.020832468197610865,0.4353745186310137,0.2806855779139773,0.28393990345500897,H
2015-16,2015-09-27,Watford,Crystal Palace,A,2.61,3.38,2.93,0.3831417624521073,0.2958579881656805,0.341296928327645,1.0202966789454329,0.020296678945432856,0.3755199544980567,0.2899725092425822,0.334507536259361,H
2015-16,2015-09-28,West Brom,Everton,A,3.02,3.36,2.55,0.33112582781456956,0.2976190476190476,0.3921568627450981,1.0209017381787153,0.020901738178715323,0.3243464237854044,0.2915256547118813,0.38412792150271424,A
2015-16,2015-10-03,Aston Villa,Stoke,A,2.71,3.25,2.91,0.36900369003690037,0.3076923076923077,0.3436426116838488,1.0203386094130569,0.020338609413056874,0.36164826718570153,0.30155901663792345,0.33679271617637496,H
2015-16,2015-10-03,Bournemouth,Watford,D,2.21,3.34,3.72,0.45248868778280543,0.29940119760479045,0.26881720430107525,1.0207070896886712,0.020707089688671187,0.4433090475748731,0.2933272440540328,0.26336370837109396,H
2015-16,2015-10-03,Chelsea,Southampton,A,1.79,3.9,4.89,0.5586592178770949,0.25641025641025644,0.20449897750511248,1.019568451792464,0.019568451792463915,0.5479369402759939,0.251489005921546,0.20057405380246,H
2015-16,2015-10-03,Crystal Palace,West Brom,H,1.83,3.64,5.0,0.5464480874316939,0.2747252747252747,0.2,1.0211733621569685,0.021173362156968523,0.5351178435338948,0.2690290257326998,0.19585313073340552,H
2015-16,2015-10-03,Man City,Newcastle,H,1.22,7.3,14.85,0.819672131147541,0.136986301369863,0.06734006734006734,1.0239984998574714,0.023998499857471378,0.8004622382372921,0.1337758809108899,0.06576188085181793,H
2015-16,2015-10-03,Norwich,Leicester,A,2.33,3.44,3.34,0.4291845493562232,0.29069767441860467,0.29940119760479045,1.0192834213796185,0.01928342137961847,0.4210649759958954,0.28519807967163846,0.293736944332466,H
2015-16,2015-10-03,Sunderland,West Ham,D,3.03,3.55,2.45,0.33003300330033003,0.28169014084507044,0.4081632653061224,1.019886409451523,0.01988640945152298,0.32359780485536227,0.27619756301739373,0.4002046321272439,A
2015-16,2015-10-04,Arsenal,Man United,H,2.01,3.81,3.84,0.49751243781094534,0.26246719160104987,0.2604166666666667,1.020396296078662,0.02039629607866189,0.48756785939233976,0.25722083920698235,0.2552113014006778,H
2015-16,2015-10-04,Everton,Liverpool,D,3.16,3.44,2.42,0.3164556962025316,0.29069767441860467,0.4132231404958678,1.020376511117004,0.020376511117004004,0.3101362024260126,0.28489255804249997,0.40497123953148756,A
2015-16,2015-10-04,Swansea,Tottenham,D,2.68,3.46,2.79,0.3731343283582089,0.28901734104046245,0.35842293906810035,1.0205746084667717,0.020574608466771727,0.36561200451457004,0.2831908011846959,0.351197194300734,H
2015-16,2015-10-17,Chelsea,Aston Villa,H,1.33,5.83,10.2,0.7518796992481203,0.17152658662092624,0.09803921568627452,1.021445501555321,0.02144550155532099,0.7360937985465286,0.16792534340769863,0.09598085804577286,H
2015-16,2015-10-17,Crystal Palace,West Ham,A,1.96,3.77,4.08,0.5102040816326531,0.26525198938992045,0.24509803921568626,1.0205541102382598,0.020554110238259815,0.4999284962102991,0.25990977521808656,0.24016172857161427,H
2015-16,2015-10-17,Everton,Man United,A,3.29,3.48,2.33,0.303951367781155,0.28735632183908044,0.4291845493562232,1.0204922389764586,0.020492238976458577,0.2978477994952853,0.28158599435042775,0.42056620615428697,A
2015-16,2015-10-17,Man City,Bournemouth,H,1.34,5.38,10.93,0.7462686567164178,0.1858736059479554,0.09149130832570906,1.0236335709900823,0.023633570990082342,0.7290388649471601,0.18158217082327038,0.08937896422956951,H
2015-16,2015-10-17,Southampton,Leicester,D,1.73,3.94,5.32,0.5780346820809249,0.25380710659898476,0.18796992481203006,1.0198117134919398,0.019811713491939775,0.5668052979129597,0.2488764379160965,0.18431826417094366,H
2015-16,2015-10-17,Tottenham,Liverpool,D,2.28,3.52,3.36,0.4385964912280702,0.2840909090909091,0.2976190476190476,1.020306447938027,0.02030644793802705,0.42986741102581993,0.2784368457780879,0.29169574319609204,H
2015-16,2015-10-17,Watford,Arsenal,A,6.75,4.54,1.53,0.14814814814814814,0.22026431718061673,0.6535947712418301,1.022007236570595,0.022007236570595,0.14495802265086488,0.21552128918355462,0.6395206881655804,A
2015-16,2015-10-17,West Brom,Sunderland,H,2.15,3.35,3.91,0.46511627906976744,0.29850746268656714,0.2557544757033248,1.0193782174596593,0.019378217459659286,0.4562744927283811,0.2928328833928416,0.25089262387877737,H
2015-16,2015-10-18,Newcastle,Norwich,H,2.48,3.54,2.99,0.40322580645161293,0.2824858757062147,0.33444816053511706,1.0201598426929448,0.020159842692944796,0.3952574778744538,0.2769035438216513,0.3278389783038948,H
2015-16,2015-10-19,Swansea,Stoke,A,1.88,3.66,4.62,0.5319148936170213,0.27322404371584696,0.21645021645021645,1.0215891537830846,0.02158915378308457,0.5206739829287219,0.26745002401803203,0.21187599305324617,H
2015-16,2015-10-24,Arsenal,Everton,H,1.39,5.3,8.8,0.7194244604316548,0.18867924528301888,0.11363636363636363,1.0217400693510372,0.021740069351037228,0.7041169099775058,0.1846646235601383,0.111218466462356,H
2015-16,2015-10-24,Aston Villa,Swansea,A,3.01,3.25,2.63,0.33222591362126247,0.3076923076923077,0.3802281368821293,1.0201463581956993,0.02014635819569932,0.32566495086926545,0.30161584680507353,0.3727192023256612,A
2015-16,2015-10-24,Leicester,Crystal Palace,H,2.17,3.57,3.58,0.4608294930875576,0.2801120448179272,0.27932960893854747,1.0202711468440322,0.020271146844032195,0.45167355218563693,0.2745466689755832,0.2737797788387799,H
2015-16,2015-10-24,Norwich,West Brom,A,1.98,3.74,4.03,0.5050505050505051,0.267379679144385,0.24813895781637715,1.0205691420112672,0.02056914201126725,0.4948714244438024,0.2619907541173071,0.24313782143889048,H
2015-16,2015-10-24,Stoke,Watford,A,2.1,3.49,3.89,0.47619047619047616,0.28653295128939826,0.2570694087403599,1.0197928362202342,0.0197928362202342,0.46694824603341123,0.2809717239742589,0.25208002999233,H
2015-16,2015-10-24,West Ham,Chelsea,H,4.21,3.86,1.91,0.23752969121140144,0.2590673575129534,0.5235602094240838,1.0201572581484386,0.020157258148438606,0.23283634882185933,0.2539484529896445,0.5132151981884961,A
2015-16,2015-10-25,Bournemouth,Tottenham,A,3.52,3.55,2.2,0.2840909090909091,0.28169014084507044,0.45454545454545453,1.020326504481434,0.020326504481434027,0.2784313725490196,0.27607843137254906,0.4454901960784314,A
2015-16,2015-10-25,Liverpool,Southampton,D,2.09,3.53,3.87,0.47846889952153115,0.28328611898017,0.25839793281653745,1.0201529513182386,0.020152951318238577,0.4690168262545877,0.27768984897226295,0.25329332477314936,H
2015-16,2015-10-25,Man United,Man City,D,2.63,3.32,2.95,0.3802281368821293,0.30120481927710846,0.3389830508474576,1.0204160070066954,0.020416007006695436,0.37262070985881196,0.29517845389417935,0.3322008362470086,H
2015-16,2015-10-25,Sunderland,Newcastle,H,2.63,3.38,2.91,0.3802281368821293,0.2958579881656805,0.3436426116838488,1.0197287367316585,0.019728736731658536,0.37287184639005255,0.29013401065261485,0.33699414295733265,H
2015-16,2015-10-31,Chelsea,Liverpool,A,2.12,3.47,3.84,0.4716981132075471,0.2881844380403458,0.2604166666666667,1.0202992179145596,0.020299217914559575,0.46231351051280273,0.28245090555825414,0.2552355839289432,H
2015-16,2015-10-31,Crystal Palace,Man United,D,4.46,3.56,1.94,0.2242152466367713,0.2808988764044944,0.5154639175257733,1.020578040567039,0.020578040567039046,0.21969436703948286,0.27523507780789147,0.5050705551526256,A
2015-16,2015-10-31,Man City,Norwich,H,1.27,6.59,12.5,0.7874015748031495,0.15174506828528073,0.08,1.0191466430884304,0.019146643088430393,0.7726087115559752,0.14889424334993756,0.07849704509408709,H
2015-16,2015-10-31,Newcastle,Stoke,D,2.37,3.39,3.29,0.42194092827004215,0.2949852507374631,0.303951367781155,1.0208775467886602,0.020877546788660162,0.4133119879042569,0.28895262871182564,0.2977353833839176,H
2015-16,2015-10-31,Swansea,Arsenal,A,4.73,4.01,1.79,0.2114164904862579,0.24937655860349128,0.5586592178770949,1.019452266966844,0.01945226696684399,0.20738243205371565,0.2446181804523878,0.5479993874938967,A
2015-16,2015-10-31,Watford,West Ham,H,2.5,3.42,3.05,0.4,0.29239766081871343,0.3278688524590164,1.02026651327773,0.02026651327772999,0.3920544238141772,0.28658949109223475,0.3213560850935879,H
2015-16,2015-10-31,West Brom,Leicester,A,2.97,3.38,2.58,0.33670033670033667,0.2958579881656805,0.38759689922480617,1.0201552240908234,0.020155224090823376,0.3300481424289218,0.2900127168680171,0.3799391407030611,A
2015-16,2015-11-01,Everton,Sunderland,H,1.48,4.7,7.5,0.6756756756756757,0.2127659574468085,0.13333333333333333,1.0217749664558176,0.021774966455817557,0.6612764041571305,0.20823171875586238,0.13049187708700707,H
2015-16,2015-11-01,Southampton,Bournemouth,H,1.53,4.41,7.22,0.6535947712418301,0.22675736961451246,0.13850415512465375,1.0188562959809961,0.01885629598099614,0.6414984859199624,0.2225606991967216,0.13594081488331614,H
2015-16,2015-11-02,Tottenham,Aston Villa,H,1.4,5.09,9.32,0.7142857142857143,0.19646365422396858,0.1072961373390558,1.0180455058487388,0.018045505848738763,0.7016245444649534,0.19298121065833687,0.10539424487670973,H
2015-16,2015-11-07,Bournemouth,Newcastle,A,2.22,3.62,3.4,0.4504504504504504,0.27624309392265195,0.29411764705882354,1.020811191431926,0.020811191431926,0.44126715521073834,0.2706113493281324,0.2881214954611292,H
2015-16,2015-11-07,Leicester,Watford,H,1.93,3.71,4.34,0.5181347150259068,0.2695417789757412,0.2304147465437788,1.0180912405454268,0.018091240545426768,0.508927583689183,0.264752085315397,0.22632033099542007,H
2015-16,2015-11-07,Man United,West Brom,H,1.36,5.1,11.15,0.7352941176470588,0.19607843137254904,0.08968609865470852,1.0210586476743164,0.021058647674316422,0.720129171151776,0.19203444564047364,0.08783638320775027,H
2015-16,2015-11-07,Norwich,Swansea,H,2.54,3.43,2.99,0.39370078740157477,0.29154518950437314,0.33444816053511706,1.019694137441065,0.019694137441065074,0.38609694117647053,0.2859143529411764,0.3279887058823529,H
2015-16,2015-11-07,Stoke,Chelsea,H,4.53,3.66,1.9,0.22075055187637968,0.27322404371584696,0.5263157894736842,1.0202903850659109,0.020290385065910854,0.21636051373954598,0.26779047192353644,0.5158490143369175,A
2015-16,2015-11-07,Sunderland,Southampton,A,4.7,4.0,1.79,0.2127659574468085,0.25,0.5586592178770949,1.0214251753239034,0.021425175323903423,0.20830302853984234,0.24475605853431473,0.5469409129258429,A
2015-16,2015-11-07,West Ham,Everton,D,2.45,3.59,2.99,0.4081632653061224,0.2785515320334262,0.33444816053511706,1.0211629578746657,0.02116295787466571,0.39970433921303583,0.27277872731808855,0.32751693346887556,H
2015-16,2015-11-08,Arsenal,Tottenham,D,1.8,3.96,4.72,0.5555555555555556,0.25252525252525254,0.21186440677966104,1.0199452148604693,0.019945214860469296,0.5446915652538816,0.24758707511540073,0.20772135963071756,H
2015-16,2015-11-08,Aston Villa,Man City,D,8.55,5.05,1.42,0.11695906432748537,0.19801980198019803,0.7042253521126761,1.0192042184203596,0.019204218420359576,0.11475527888685297,0.19428864049160258,0.6909560806215443,A
2015-16,2015-11-08,Liverpool,Crystal Palace,A,1.64,3.92,6.51,0.6097560975609756,0.25510204081632654,0.15360983102918588,1.018467969406488,0.018467969406487983,0.5986993365302503,0.25047625303816595,0.1508244104315838,H
2015-16,2015-11-21,Chelsea,Norwich,H,1.41,5.03,8.82,0.7092198581560284,0.19880715705765406,0.11337868480725623,1.0214057000209387,0.021405700020938667,0.6943566676213864,0.1946407358541063,0.11100259652450734,H
2015-16,2015-11-21,Everton,Aston Villa,H,1.72,4.01,5.31,0.5813953488372093,0.24937655860349128,0.18832391713747648,1.0190958245781772,0.019095824578177156,0.5705011587873592,0.24470373893123634,0.18479510228140447,H
2015-16,2015-11-21,Man City,Liverpool,A,1.89,3.72,4.48,0.5291005291005292,0.26881720430107525,0.2232142857142857,1.0211320191158901,0.021132019115890133,0.5181509532515017,0.263254113345521,0.21859493340297725,H
2015-16,2015-11-21,Newcastle,Leicester,A,2.94,3.57,2.5,0.3401360544217687,0.2801120448179272,0.4,1.020248099239696,0.02024809923969606,0.333385629118293,0.27455287103859427,0.3920614998431126,A
2015-16,2015-11-21,Southampton,Stoke,A,1.68,3.87,5.98,0.5952380952380952,0.25839793281653745,0.16722408026755853,1.020860108322191,0.020860108322191095,0.5830750857885747,0.2531178666989161,0.16380704751250927,H
2015-16,2015-11-21,Swansea,Bournemouth,D,2.24,3.37,3.61,0.4464285714285714,0.29673590504451036,0.2770083102493075,1.0201727867223893,0.020172786722389313,0.4376009409767309,0.29086828124269354,0.27153077778057544,H
2015-16,2015-11-21,Watford,Man United,A,4.02,3.38,2.1,0.24875621890547267,0.2958579881656805,0.47619047619047616,1.0208046832616293,0.02080468326162932,0.24368640052733492,0.2898282041774812,0.4664853952951839,A
2015-16,2015-11-21,West Brom,Arsenal,H,6.11,4.28,1.6,0.1636661211129296,0.2336448598130841,0.625,1.0223109809260138,0.0223109809260138,0.1600942611070069,0.22854577929061035,0.6113599596023827,A
2015-16,2015-11-22,Tottenham,West Ham,H,1.58,4.32,6.44,0.6329113924050632,0.23148148148148145,0.15527950310559005,1.0196723769921348,0.019672376992134755,0.6207007335748835,0.22701554607599905,0.15228372034911739,H
2015-16,2015-11-23,Crystal Palace,Sunderland,A,1.55,4.52,6.6,0.6451612903225806,0.22123893805309736,0.15151515151515152,1.0179153798908296,0.017915379890829586,0.6338064077504886,0.2173451177020481,0.14884847454746325,H
2015-16,2015-11-28,Aston Villa,Watford,A,2.76,3.27,2.84,0.3623188405797102,0.3058103975535168,0.35211267605633806,1.0202419141895651,0.020241914189565113,0.3551303230543319,0.29974302496328925,0.34512665198237885,H
2015-16,2015-11-28,Bournemouth,Everton,D,2.65,3.66,2.7,0.37735849056603776,0.27322404371584696,0.37037037037037035,1.0209529046522552,0.02095290465225519,0.36961400359066426,0.2676166965888689,0.36276929982046674,H
2015-16,2015-11-28,Crystal Palace,Newcastle,H,1.71,4.1,5.17,0.5847953216374269,0.24390243902439027,0.19342359767891684,1.022121358340734,0.022121358340734032,0.5721388334813367,0.23862375737880143,0.18923740913986187,H
2015-16,2015-11-28,Leicester,Man United,D,3.26,3.49,2.34,0.3067484662576687,0.28653295128939826,0.4273504273504274,1.0206318448974945,0.020631844897494478,0.30054761449117484,0.2807407516450515,0.4187116338637735,A
2015-16,2015-11-28,Man City,Southampton,H,1.57,4.4,6.37,0.6369426751592356,0.22727272727272727,0.15698587127158556,1.0212012737035485,0.021201273703548518,0.6237190371387434,0.22255429279723343,0.1537266700640231,H
2015-16,2015-11-28,Sunderland,Stoke,H,3.05,3.26,2.59,0.3278688524590164,0.3067484662576687,0.3861003861003861,1.0207177048170712,0.020717704817071247,0.3212140349008404,0.30052233326612365,0.37826363183303596,A
2015-16,2015-11-29,Liverpool,Swansea,H,1.48,4.55,7.95,0.6756756756756757,0.21978021978021978,0.12578616352201258,1.021242058977908,0.021242058977908096,0.6616214733183958,0.21520874296950018,0.12316978371210388,H
2015-16,2015-11-29,Norwich,Arsenal,D,6.5,4.41,1.56,0.15384615384615385,0.22675736961451246,0.641025641025641,1.0216291644863071,0.02162916448630714,0.15058903875704288,0.22195663308861194,0.6274543281543453,A
2015-16,2015-11-29,Tottenham,Chelsea,D,2.66,3.39,2.86,0.37593984962406013,0.2949852507374631,0.3496503496503497,1.020575450011873,0.02057545001187311,0.3683606632118052,0.28903816051427783,0.3426011762739168,H
2015-16,2015-11-29,West Ham,West Brom,D,2.13,3.35,3.96,0.4694835680751174,0.29850746268656714,0.25252525252525254,1.020516283286937,0.020516283286936998,0.4600451514237264,0.29250632015896627,0.24744852841730738,H
2015-16,2015-12-05,Arsenal,Sunderland,H,1.29,6.53,11.18,0.7751937984496123,0.15313935681470137,0.08944543828264759,1.0177785935469612,0.017778593546961208,0.7616526849401104,0.15046431295141538,0.08788300210847429,H
2015-16,2015-12-05,Chelsea,Bournemouth,A,1.43,4.79,9.04,0.6993006993006994,0.20876826722338204,0.11061946902654868,1.01868843555063,0.018688435550630045,0.6864716186973375,0.2049382911768669,0.10859009012579564,H
2015-16,2015-12-05,Man United,West Ham,D,1.46,4.68,8.18,0.684931506849315,0.2136752136752137,0.12224938875305624,1.020856109277585,0.020856109277584967,0.6709383434400084,0.20930982509025906,0.11975183146973256,H
2015-16,2015-12-05,Southampton,Aston Villa,D,1.5,4.55,7.4,0.6666666666666666,0.21978021978021978,0.13513513513513511,1.0215820215820215,0.021582021582021493,0.6525826145944374,0.21513712569047388,0.13228025971508867,H
2015-16,2015-12-05,Stoke,Man City,H,5.21,3.94,1.74,0.19193857965451055,0.25380710659898476,0.5747126436781609,1.0204583299316563,0.020458329931656305,0.18809056090253617,0.24871873662492727,0.5631907024725364,A
2015-16,2015-12-05,Swansea,Leicester,A,2.55,3.33,3.06,0.3921568627450981,0.3003003003003003,0.32679738562091504,1.0192545486663134,0.019254548666313376,0.38474870017331025,0.29462738301559793,0.32062391681109187,H
2015-16,2015-12-05,Watford,Norwich,H,2.35,3.43,3.3,0.425531914893617,0.29154518950437314,0.30303030303030304,1.0201074074282932,0.0201074074282932,0.4171442259853692,0.2857985221765649,0.29705725183806597,H
2015-16,2015-12-05,West Brom,Tottenham,D,4.8,3.86,1.81,0.20833333333333334,0.2590673575129534,0.5524861878453039,1.0198868786915907,0.01988687869159067,0.20427102033178762,0.2540157765783888,0.5417132030898235,A
2015-16,2015-12-06,Newcastle,Liverpool,H,6.4,4.48,1.56,0.15625,0.2232142857142857,0.641025641025641,1.0204899267399266,0.020489926739926556,0.15311273135165454,0.21873247335950646,0.6281547952888391,A
2015-16,2015-12-07,Everton,Crystal Palace,D,2.14,3.43,3.83,0.4672897196261682,0.29154518950437314,0.2610966057441253,1.0199315148746666,0.0199315148746666,0.4581579378725156,0.2858478096347473,0.25599425249273716,H
2015-16,2015-12-12,Bournemouth,Man United,H,3.3,3.27,2.43,0.30303030303030304,0.3058103975535168,0.4115226337448559,1.0203633343286758,0.020363334328675764,0.2969827441219012,0.29970735645329477,0.40330989942480405,A
2015-16,2015-12-12,Crystal Palace,Southampton,H,2.45,3.41,3.14,0.4081632653061224,0.29325513196480935,0.3184713375796178,1.0198897348505496,0.019889734850549567,0.4002033272409914,0.28753611487989117,0.3122605578791175,H
2015-16,2015-12-12,Man City,Swansea,H,1.35,5.6,9.65,0.7407407407407407,0.17857142857142858,0.10362694300518134,1.0229391123173506,0.022939112317350574,0.7241298448963184,0.1745670161803625,0.10130313892331916,H
2015-16,2015-12-12,Norwich,Everton,D,3.16,3.48,2.4,0.3164556962025316,0.28735632183908044,0.4166666666666667,1.0204786847082787,0.020478684708278738,0.3101051505970415,0.28158973445018715,0.4083051149527714,A
2015-16,2015-12-12,Sunderland,Watford,A,2.81,3.31,2.76,0.35587188612099646,0.3021148036253776,0.3623188405797102,1.0203055303260844,0.020305530326084398,0.3487895297472921,0.2961022896041966,0.3551081806485112,A
2015-16,2015-12-12,West Ham,Stoke,D,2.59,3.25,3.07,0.3861003861003861,0.3076923076923077,0.32573289902280134,1.0195255928154952,0.019525592815495152,0.3787059283466748,0.30179949366704245,0.3194945779862827,H
2015-16,2015-12-13,Aston Villa,Arsenal,A,6.5,4.39,1.56,0.15384615384615385,0.22779043280182235,0.641025641025641,1.0226622276736173,0.022662227673617252,0.15043691815637672,0.22274258952538695,0.6268204923182362,A
2015-16,2015-12-13,Liverpool,West Brom,D,1.44,4.7,8.95,0.6944444444444444,0.2127659574468085,0.111731843575419,1.018942245466672,0.018942245466671892,0.6815346478508125,0.20881061551173832,0.10965473663744918,H
2015-16,2015-12-13,Tottenham,Newcastle,A,1.37,5.54,9.01,0.7299270072992701,0.18050541516245489,0.11098779134295228,1.0214202138046773,0.02142021380467729,0.7146197005249904,0.1767200342453496,0.10866026522966002,H
2015-16,2015-12-14,Leicester,Chelsea,H,3.52,3.52,2.21,0.2840909090909091,0.2840909090909091,0.45248868778280543,1.0206705059646237,0.02067050596462372,0.2783375314861461,0.2783375314861461,0.44332493702770776,A
2015-16,2015-12-19,Chelsea,Sunderland,H,1.32,5.99,10.8,0.7575757575757576,0.1669449081803005,0.09259259259259259,1.0171132583486506,0.01711325834865063,0.7448293013166802,0.16413600630016995,0.0910346923831498,H
2015-16,2015-12-19,Everton,Leicester,A,2.05,3.78,3.73,0.48780487804878053,0.2645502645502646,0.2680965147453083,1.0204516573443534,0.02045165734435339,0.4780284049106795,0.2592482090124056,0.262723386076915,H
2015-16,2015-12-19,Man United,Norwich,A,1.43,4.85,8.75,0.6993006993006994,0.2061855670103093,0.11428571428571428,1.019771980596723,0.019771980596722916,0.6857422174822859,0.20218791154632346,0.1120698709713907,H
2015-16,2015-12-19,Newcastle,Aston Villa,D,2.01,3.55,4.15,0.49751243781094534,0.28169014084507044,0.24096385542168672,1.0201664340777024,0.020166434077702355,0.48767771727436743,0.27612174978069814,0.23620053294493454,H
2015-16,2015-12-19,Southampton,Tottenham,A,2.72,3.33,2.85,0.3676470588235294,0.3003003003003003,0.3508771929824561,1.0188245521062858,0.018824552106285752,0.3608541412390067,0.2947517309820115,0.3443941277789818,H
2015-16,2015-12-19,Stoke,Crystal Palace,A,2.46,3.3,3.21,0.4065040650406504,0.30303030303030304,0.3115264797507788,1.0210608478217322,0.02106084782173223,0.39811933432553104,0.29677986740630496,0.30510079826816394,H
2015-16,2015-12-19,West Brom,Bournemouth,A,2.86,3.33,2.7,0.3496503496503497,0.3003003003003003,0.37037037037037035,1.0203210203210205,0.020321020321020455,0.3426866081229418,0.29431942919868276,0.36299396267837536,A
2015-16,2015-12-20,Swansea,West Ham,D,2.07,3.44,4.08,0.48309178743961356,0.29069767441860467,0.24509803921568626,1.0188875010739045,0.018887501073904467,0.47413653316036974,0.28530890222150157,0.24055456461812874,H
2015-16,2015-12-20,Watford,Liverpool,H,3.68,3.58,2.13,0.2717391304347826,0.27932960893854747,0.4694835680751174,1.0205523074484475,0.020552307448447493,0.26626673464114364,0.27370435292720907,0.46002891243164723,A
2015-16,2015-12-21,Arsenal,Man City,H,2.49,3.49,3.01,0.4016064257028112,0.28653295128939826,0.33222591362126247,1.020365290613472,0.02036529061347192,0.3935908339858898,0.2808140907234572,0.32559507529065307,H
2015-16,2015-12-26,Aston Villa,West Ham,D,2.53,3.23,3.17,0.3952569169960475,0.30959752321981426,0.31545741324921134,1.020311853465073,0.020311853465073026,0.3873883417640583,0.30343421196998993,0.30917744626595184,H
2015-16,2015-12-26,Bournemouth,Crystal Palace,D,2.14,3.48,3.77,0.4672897196261682,0.28735632183908044,0.26525198938992045,1.019898030855169,0.019898030855169058,0.45817297954223213,0.2817500506380393,0.2600769698197286,H
2015-16,2015-12-26,Chelsea,Watford,D,1.5,4.52,7.55,0.6666666666666666,0.22123893805309736,0.13245033112582782,1.0203559358455918,0.02035593584559181,0.6533667745208783,0.21682525703126498,0.12980796844785664,H
2015-16,2015-12-26,Liverpool,Leicester,H,1.99,3.79,3.94,0.5025125628140703,0.2638522427440633,0.25380710659898476,1.0201719121571182,0.02017191215711822,0.49257635583352305,0.258635078656652,0.24878856550982512,H
2015-16,2015-12-26,Man City,Sunderland,H,1.21,7.95,14.78,0.8264462809917356,0.12578616352201258,0.06765899864682003,1.0198914431605681,0.019891443160568123,0.8103276937304619,0.12333289426589418,0.06633941200364403,H
2015-16,2015-12-26,Newcastle,Everton,A,3.62,3.61,2.14,0.27624309392265195,0.2770083102493075,0.4672897196261682,1.0205411237981277,0.02054112379812767,0.2706829616964023,0.2714327759947303,0.4578842623088674,A
2015-16,2015-12-26,Southampton,Arsenal,H,3.64,3.43,2.2,0.2747252747252747,0.29154518950437314,0.45454545454545453,1.0208159187751025,0.02081591877510247,0.26912322748152584,0.2856001597763131,0.44527661274216096,A
2015-16,2015-12-26,Stoke,Man United,H,3.79,3.25,2.23,0.2638522427440633,0.3076923076923077,0.4484304932735426,1.0199750437099135,0.019975043709913543,0.2586849985901266,0.30166650604817846,0.43964849536169504,A
2015-16,2015-12-26,Swansea,West Brom,H,1.92,3.42,4.86,0.5208333333333334,0.29239766081871343,0.20576131687242796,1.0189923110244747,0.01899231102447474,0.5111258718033876,0.28694785785453336,0.20192627034207902,H
2015-16,2015-12-26,Tottenham,Norwich,H,1.47,4.54,8.4,0.6802721088435374,0.22026431718061673,0.11904761904761904,1.0195840450717732,0.01958404507177325,0.667205525755015,0.21603350723785728,0.11676096700712763,H
2015-16,2015-12-28,Arsenal,Bournemouth,H,1.54,4.35,7.15,0.6493506493506493,0.2298850574712644,0.13986013986013984,1.0190958466820537,0.019095846682053663,0.6371830985915492,0.2255774647887324,0.13723943661971827,H
2015-16,2015-12-28,Crystal Palace,Swansea,D,2.04,3.34,4.35,0.49019607843137253,0.29940119760479045,0.2298850574712644,1.0194823335074272,0.01948233350742723,0.48082841881614746,0.2936796330493835,0.22549194813446918,H
2015-16,2015-12-28,Everton,Stoke,A,1.83,3.72,4.85,0.5464480874316939,0.26881720430107525,0.2061855670103093,1.0214508587430784,0.021450858743078394,0.5349724685768167,0.2631719401869824,0.20185559123620098,H
2015-16,2015-12-28,Man United,Chelsea,D,2.48,3.26,3.22,0.40322580645161293,0.3067484662576687,0.3105590062111801,1.0205332789204618,0.02053327892046175,0.39511284421626347,0.3005766422258691,0.3043105135578674,H
2015-16,2015-12-28,Norwich,Aston Villa,H,1.93,3.7,4.36,0.5181347150259068,0.27027027027027023,0.2293577981651376,1.0177627834613145,0.017762783461314546,0.5090918271385203,0.26555330442630914,0.22535486843517064,H
2015-16,2015-12-28,Watford,Tottenham,A,3.28,3.32,2.42,0.3048780487804878,0.30120481927710846,0.4132231404958678,1.019306008553464,0.019306008553463982,0.2991035530273699,0.29549989576197994,0.40539655121065016,A
2015-16,2015-12-28,West Brom,Newcastle,H,2.16,3.34,3.87,0.4629629629629629,0.29940119760479045,0.25839793281653745,1.020762093384291,0.020762093384290914,0.4535463904503252,0.2933114381355397,0.253142171414135,H
2015-16,2015-12-28,West Ham,Southampton,H,3.64,3.41,2.21,0.2747252747252747,0.29325513196480935,0.45248868778280543,1.0204690944728894,0.02046909447288936,0.26921469372590906,0.2873728695490642,0.4434124367250268,A
2015-16,2015-12-29,Leicester,Man City,D,4.17,3.88,1.91,0.23980815347721823,0.2577319587628866,0.5235602094240838,1.0211003216641887,0.021100321664188737,0.23485268625356912,0.25240610867973795,0.5127412050666927,A
2015-16,2015-12-30,Sunderland,Liverpool,A,5.77,4.09,1.66,0.1733102253032929,0.24449877750611249,0.6024096385542169,1.0202186413636223,0.02021864136362228,0.16987557203585968,0.23965331311660398,0.5904711148475363,A
2015-16,2016-01-02,Arsenal,Newcastle,H,1.24,7.25,12.75,0.8064516129032259,0.13793103448275862,0.0784313725490196,1.022814019935004,0.022814019935003982,0.7884635888687495,0.1348544620961723,0.07668194903507837,H
2015-16,2016-01-02,Leicester,Bournemouth,D,1.94,3.7,4.25,0.5154639175257733,0.27027027027027023,0.23529411764705882,1.0210283054431024,0.021028305443102413,0.5048478232952357,0.2647039938358802,0.230448182868884,H
2015-16,2016-01-02,Man United,Swansea,H,1.49,4.3,8.55,0.6711409395973155,0.23255813953488372,0.11695906432748537,1.0206581434596846,0.02065814345968464,0.657557032095365,0.22785115763304506,0.1145918102715899,H
2015-16,2016-01-02,Norwich,Southampton,H,3.14,3.18,2.58,0.3184713375796178,0.31446540880503143,0.38759689922480617,1.0205336456094554,0.020533645609455364,0.3120635355333425,0.30813820804235703,0.37979825642430054,A
2015-16,2016-01-02,Sunderland,Aston Villa,H,2.49,3.32,3.15,0.4016064257028112,0.30120481927710846,0.31746031746031744,1.0202715624402372,0.0202715624402372,0.3936269915651358,0.2952202436738519,0.31115276476101217,H
2015-16,2016-01-02,Watford,Man City,A,4.99,3.99,1.76,0.2004008016032064,0.2506265664160401,0.5681818181818182,1.0192091862010648,0.01920918620106482,0.19662381807032914,0.24590297046890788,0.5574732114607629,A
2015-16,2016-01-02,West Brom,Stoke,H,2.88,3.16,2.81,0.3472222222222222,0.3164556962025316,0.35587188612099646,1.0195498045457503,0.019549804545750282,0.34056425755181563,0.3103876777687434,0.349048064679441,A
2015-16,2016-01-02,West Ham,Liverpool,H,4.28,3.55,1.98,0.2336448598130841,0.28169014084507044,0.5050505050505051,1.0203855057086595,0.02038550570865949,0.22897704691602547,0.27606246783115185,0.49496048525282277,A
2015-16,2016-01-03,Crystal Palace,Chelsea,A,4.16,3.51,2.02,0.24038461538461536,0.2849002849002849,0.49504950495049505,1.0203344052353953,0.020334405235395314,0.23559395248380127,0.27922246220302377,0.48518358531317496,A
2015-16,2016-01-03,Everton,Tottenham,D,2.59,3.46,2.9,0.3861003861003861,0.28901734104046245,0.3448275862068966,1.0199453133477452,0.019945313347745186,0.3785500860169619,0.28336552681616517,0.3380843871668729,H
2015-16,2016-01-12,Aston Villa,Crystal Palace,H,3.32,3.21,2.45,0.30120481927710846,0.3115264797507788,0.4081632653061224,1.0208945643340097,0.020894564334009713,0.29504008523505293,0.3051504931403039,0.39980942162464306,A
2015-16,2016-01-12,Bournemouth,West Ham,A,2.03,3.62,3.98,0.4926108374384237,0.27624309392265195,0.25125628140703515,1.0201102127681108,0.020110212768110758,0.48289962326884667,0.27079730255131457,0.24630307417983882,H
2015-16,2016-01-12,Newcastle,Man United,D,4.88,3.64,1.85,0.20491803278688525,0.2747252747252747,0.5405405405405405,1.0201838480527003,0.02018384805270035,0.20086382780714213,0.26928996695023444,0.5298462052426235,A
2015-16,2016-01-13,Chelsea,West Brom,D,1.46,4.39,9.32,0.684931506849315,0.22779043280182235,0.1072961373390558,1.0200180769901932,0.0200180769901932,0.671489576802765,0.223319995929849,0.10519042726738595,H
2015-16,2016-01-13,Liverpool,Arsenal,D,2.58,3.39,2.96,0.38759689922480617,0.2949852507374631,0.33783783783783783,1.020419987800107,0.02041998780010701,0.3798405596311522,0.2890821958254787,0.3310772445433692,H
2015-16,2016-01-13,Man City,Everton,D,1.55,4.46,6.59,0.6451612903225806,0.2242152466367713,0.15174506828528073,1.0211216052446326,0.02112160524463258,0.6318163155190686,0.21957741907052836,0.1486062654104031,H
2015-16,2016-01-13,Southampton,Watford,H,2.06,3.45,4.09,0.4854368932038835,0.2898550724637681,0.24449877750611249,1.019790743173764,0.019790743173764058,0.47601617925371675,0.28422995051091493,0.23975387023536834,H
2015-16,2016-01-13,Stoke,Norwich,H,2.04,3.39,4.24,0.49019607843137253,0.2949852507374631,0.23584905660377356,1.0210303857726093,0.021030385772609295,0.48009940278167457,0.2889093751252555,0.23099122209306983,H
2015-16,2016-01-13,Swansea,Sunderland,A,1.83,3.66,4.95,0.5464480874316939,0.27322404371584696,0.20202020202020202,1.021692333167743,0.021692333167742994,0.5348460291734197,0.26742301458670986,0.19773095623987033,H
2015-16,2016-01-13,Tottenham,Leicester,A,1.86,3.68,4.72,0.5376344086021505,0.2717391304347826,0.21186440677966104,1.021237945816594,0.021237945816594106,0.5264536152465933,0.26608796857572375,0.20745841617768299,H
2015-16,2016-01-16,Aston Villa,Leicester,D,3.59,3.48,2.2,0.2785515320334262,0.28735632183908044,0.45454545454545453,1.0204533084179612,0.020453308417961225,0.2729684246555806,0.2815967369291765,0.44543483841524284,A
2015-16,2016-01-16,Bournemouth,Norwich,H,1.9,3.6,4.62,0.5263157894736842,0.2777777777777778,0.21645021645021645,1.0205437837016784,0.02054378370167842,0.5157209302325582,0.2721860465116279,0.21209302325581394,H
2015-16,2016-01-16,Chelsea,Everton,D,1.71,3.97,5.47,0.5847953216374269,0.2518891687657431,0.18281535648994515,1.0194998468931151,0.019499846893115125,0.5736100141844721,0.24707131593336204,0.17931866988216585,H
2015-16,2016-01-16,Man City,Crystal Palace,H,1.4,5.1,9.19,0.7142857142857143,0.19607843137254904,0.1088139281828074,1.0191780738410707,0.01917807384107073,0.7008448598130841,0.192388785046729,0.10676635514018691,H
2015-16,2016-01-16,Newcastle,West Ham,H,2.39,3.38,3.27,0.41841004184100417,0.2958579881656805,0.3058103975535168,1.0200784275602013,0.020078427560201284,0.41017438516148913,0.2900345504544258,0.2997910643840853,H
2015-16,2016-01-16,Southampton,West Brom,H,1.71,3.67,6.18,0.5847953216374269,0.2724795640326976,0.16181229773462785,1.0190871834047524,0.01908718340475235,0.573842288628963,0.2673761072358384,0.15878160413519854,H
2015-16,2016-01-16,Tottenham,Sunderland,H,1.36,5.49,9.45,0.7352941176470588,0.18214936247723132,0.10582010582010583,1.023263585944396,0.023263585944395926,0.7185774298500393,0.17800825220328842,0.10341431794667233,H
2015-16,2016-01-17,Liverpool,Man United,A,2.63,3.12,3.13,0.3802281368821293,0.3205128205128205,0.3194888178913738,1.0202297752863236,0.020229775286323637,0.3726887276696269,0.3141574851830508,0.3131537871473222,H
2015-16,2016-01-17,Stoke,Arsenal,D,3.28,3.24,2.46,0.3048780487804878,0.30864197530864196,0.4065040650406504,1.0200240891297803,0.020024089129780265,0.29889298892988925,0.30258302583025826,0.3985239852398524,A
2015-16,2016-01-18,Swansea,Watford,H,2.28,3.3,3.59,0.4385964912280702,0.30303030303030304,0.2785515320334262,1.0201783262917994,0.020178326291799387,0.4299213969995863,0.29703660156335054,0.2730420014370632,H
2015-16,2016-01-23,Crystal Palace,Tottenham,A,3.65,3.51,2.17,0.273972602739726,0.2849002849002849,0.4608294930875576,1.0197023807275685,0.01970238072756847,0.2686789870434976,0.27939552783725535,0.45192548511924713,A
2015-16,2016-01-23,Leicester,Stoke,H,1.9,3.71,4.45,0.5263157894736842,0.2695417789757412,0.2247191011235955,1.0205766695730207,0.020576669573020734,0.5157043122432724,0.2641073297202743,0.22018835803645342,H
2015-16,2016-01-23,Man United,Southampton,A,2.09,3.3,4.2,0.47846889952153115,0.30303030303030304,0.23809523809523808,1.0195944406470723,0.019594440647072275,0.4692737430167598,0.29720670391061454,0.23351955307262567,H
2015-16,2016-01-23,Norwich,Liverpool,A,4.28,3.52,1.99,0.2336448598130841,0.2840909090909091,0.5025125628140703,1.0202483317180635,0.020248331718063506,0.22900783323961343,0.2784527063254391,0.49253946043494745,A
2015-16,2016-01-23,Sunderland,Bournemouth,D,2.82,3.45,2.66,0.3546099290780142,0.2898550724637681,0.37593984962406013,1.0204048511658423,0.02040485116584234,0.3475188584931383,0.2840588930291739,0.3684222484776879,A
2015-16,2016-01-23,Watford,Newcastle,H,2.02,3.66,3.98,0.49504950495049505,0.27322404371584696,0.25125628140703515,1.019529830073377,0.019529830073377052,0.4855664742196563,0.2679902398698649,0.24644328591047882,H
2015-16,2016-01-23,West Brom,Aston Villa,D,2.36,3.17,3.57,0.42372881355932207,0.31545741324921134,0.2801120448179272,1.0192982716264605,0.019298271626460473,0.41570639856299574,0.30948488978191474,0.2748087116550896,H
2015-16,2016-01-23,West Ham,Man City,D,5.0,4.22,1.71,0.2,0.23696682464454977,0.5847953216374269,1.0217621462819766,0.02176214628197659,0.1957402715766746,0.23191975305293197,0.5723399753703935,A
2015-16,2016-01-24,Arsenal,Chelsea,A,2.32,3.33,3.46,0.4310344827586207,0.3003003003003003,0.28901734104046245,1.0203521240993834,0.020352124099383362,0.4224369926598374,0.2943104573485954,0.2832525499915673,H
2015-16,2016-01-24,Everton,Swansea,A,1.75,3.81,5.35,0.5714285714285714,0.26246719160104987,0.1869158878504673,1.0208116508800886,0.020811650880088628,0.5597786535213588,0.2571161794389443,0.18310516703969684,H
2015-16,2016-02-02,Arsenal,Southampton,D,1.83,3.65,4.97,0.5464480874316939,0.273972602739726,0.2012072434607646,1.0216279336321845,0.021627933632184515,0.534879743830919,0.26817258389331006,0.196947672275771,H
2015-16,2016-02-02,Crystal Palace,Bournemouth,A,2.64,3.28,2.97,0.3787878787878788,0.3048780487804878,0.33670033670033667,1.0203662642687032,0.02036626426870325,0.37122736418511065,0.2987927565392354,0.3299798792756539,H
2015-16,2016-02-02,Leicester,Liverpool,H,2.92,3.31,2.67,0.3424657534246575,0.3021148036253776,0.37453183520599254,1.0191123922560277,0.019112392256027677,0.33604316464696776,0.29644895491514983,0.3675078804378824,A
2015-16,2016-02-02,Man United,Stoke,H,1.62,3.92,6.75,0.6172839506172839,0.25510204081632654,0.14814814814814814,1.0205341395817586,0.020534139581758648,0.6048635970867794,0.24996913961239353,0.14516726330082705,H
2015-16,2016-02-02,Norwich,Tottenham,A,5.08,3.98,1.75,0.19685039370078738,0.25125628140703515,0.5714285714285714,1.0195352465363938,0.019535246536393824,0.19307855649869435,0.24644197663652445,0.5604794668647813,A
2015-16,2016-02-02,Sunderland,Man City,A,7.28,4.89,1.47,0.13736263736263735,0.20449897750511248,0.6802721088435374,1.022133723711287,0.02213372371128708,0.13438812767461034,0.20007066860350992,0.6655412037218799,A
2015-16,2016-02-02,West Brom,Swansea,D,2.59,3.09,3.22,0.3861003861003861,0.3236245954692557,0.3105590062111801,1.0202839877808219,0.020283987780821855,0.37842442959452627,0.3171907031229201,0.3043848672825537,H
2015-16,2016-02-02,West Ham,Aston Villa,H,1.86,3.54,4.95,0.5376344086021505,0.2824858757062147,0.20202020202020202,1.0221404863285672,0.022140486328567244,0.5259887616165982,0.2763669764426194,0.19764426194078236,H
2015-16,2016-02-03,Everton,Newcastle,H,1.74,4.08,4.98,0.5747126436781609,0.24509803921568626,0.2008032128514056,1.0206138957452529,0.020613895745252853,0.5631048588247032,0.2401476603811234,0.19674748079417337,H
2015-16,2016-02-03,Watford,Chelsea,D,5.0,3.75,1.81,0.2,0.26666666666666666,0.5524861878453039,1.0191528545119706,0.019152854511970574,0.19624141669678352,0.26165522226237803,0.5421033610408384,A
2015-16,2016-02-06,Aston Villa,Norwich,H,2.56,3.21,3.15,0.390625,0.3115264797507788,0.31746031746031744,1.0196117972110963,0.019611797211096293,0.38311149504984254,0.30553440103663454,0.3113541039135228,H
2015-16,2016-02-06,Liverpool,Sunderland,D,1.43,4.86,8.6,0.6993006993006994,0.20576131687242796,0.11627906976744186,1.0213410859405692,0.02134108594056916,0.6846886989342079,0.20146190112673193,0.11384939993906015,H
2015-16,2016-02-06,Man City,Leicester,A,1.6,4.29,6.21,0.625,0.2331002331002331,0.1610305958132045,1.0191308289134375,0.019130828913437536,0.613267680918213,0.22872454299979975,0.15800777608198727,H
2015-16,2016-02-06,Newcastle,West Brom,H,2.29,3.31,3.55,0.4366812227074236,0.3021148036253776,0.28169014084507044,1.0204861671778718,0.020486167177871772,0.42791488679856804,0.29604987636517244,0.2760352368362594,H
2015-16,2016-02-06,Southampton,West Ham,H,1.71,3.98,5.42,0.5847953216374269,0.25125628140703515,0.18450184501845018,1.0205534480629121,0.02055344806291215,0.5730178294408909,0.2461961025989757,0.18078606796013347,H
2015-16,2016-02-06,Stoke,Everton,A,2.94,3.38,2.6,0.3401360544217687,0.2958579881656805,0.3846153846153846,1.0206094272028339,0.020609427202833874,0.33326760007887984,0.2898836521396174,0.3768487477815026,A
2015-16,2016-02-06,Swansea,Crystal Palace,D,2.39,3.22,3.44,0.41841004184100417,0.3105590062111801,0.29069767441860467,1.019666722470789,0.019666722470788933,0.41033999896274015,0.30456912966489097,0.2850908713723689,H
2015-16,2016-02-06,Tottenham,Watford,H,1.52,4.4,7.38,0.6578947368421053,0.22727272727272727,0.13550135501355015,1.0206688191283828,0.02066881912838281,0.6445721908149653,0.22267039319062437,0.1327574159944102,H
2015-16,2016-02-07,Bournemouth,Arsenal,A,4.53,3.66,1.9,0.22075055187637968,0.27322404371584696,0.5263157894736842,1.0202903850659109,0.020290385065910854,0.21636051373954598,0.26779047192353644,0.5158490143369175,A
2015-16,2016-02-07,Chelsea,Man United,D,2.14,3.35,3.94,0.4672897196261682,0.29850746268656714,0.25380710659898476,1.01960428891172,0.019604288911720058,0.4583049764580064,0.29276795511048764,0.248927068431506,H
2015-16,2016-02-13,Bournemouth,Stoke,A,1.95,3.57,4.38,0.5128205128205129,0.2801120448179272,0.22831050228310504,1.0212430599215452,0.021243059921545182,0.5021532414231625,0.27428538397063496,0.22356137460620246,H
2015-16,2016-02-13,Chelsea,Newcastle,H,1.39,5.2,9.1,0.7194244604316548,0.1923076923076923,0.10989010989010989,1.0216222626294569,0.02162226262945688,0.7041981040820275,0.18823757012961886,0.10756432578835365,H
2015-16,2016-02-13,Crystal Palace,Watford,A,2.23,3.25,3.78,0.4484304932735426,0.3076923076923077,0.2645502645502646,1.020673065516115,0.02067306551611492,0.43934782686441193,0.30146020120235034,0.25919197193323773,H
2015-16,2016-02-13,Everton,West Brom,A,1.5,4.49,7.6,0.6666666666666666,0.22271714922048996,0.13157894736842105,1.0209627632555776,0.020962763255577554,0.6529784343366694,0.21814424309688285,0.1288773225664479,H
2015-16,2016-02-13,Norwich,West Ham,D,2.5,3.33,3.12,0.4,0.3003003003003003,0.3205128205128205,1.0208131208131208,0.02081312081312081,0.3918444932226019,0.2941775474644158,0.3139779593129823,H
2015-16,2016-02-13,Sunderland,Man United,H,5.27,3.69,1.79,0.18975332068311196,0.2710027100271003,0.5586592178770949,1.0194152485873071,0.019415248587307143,0.18613937837997788,0.2658413344342774,0.5480192871857449,A
2015-16,2016-02-13,Swansea,Southampton,A,3.2,3.25,2.51,0.3125,0.3076923076923077,0.39840637450199207,1.0185986821942998,0.01859868219429983,0.3067940352394742,0.3020741270050208,0.391131837755505,A
2015-16,2016-02-14,Arsenal,Leicester,H,1.68,4.23,5.32,0.5952380952380952,0.23640661938534277,0.18796992481203006,1.0196146394354682,0.01961463943546815,0.5837873174983657,0.23185879276530832,0.18435388973632597,H
2015-16,2016-02-14,Aston Villa,Liverpool,A,5.81,3.87,1.69,0.17211703958691912,0.25839793281653745,0.591715976331361,1.0222309487348176,0.02223094873481757,0.16837392743777016,0.2527784285306058,0.578847644031624,A
2015-16,2016-02-14,Man City,Tottenham,A,2.15,3.44,3.78,0.46511627906976744,0.29069767441860467,0.2645502645502646,1.0203642180386367,0.02036421803863675,0.45583358456436535,0.28489599035272833,0.25927042508290626,H
2015-16,2016-02-27,Leicester,Norwich,H,1.57,4.19,6.95,0.6369426751592356,0.2386634844868735,0.14388489208633093,1.01949105173244,0.019491051732440035,0.6247653415661345,0.23410061724554446,0.14113404118832104,H
2015-16,2016-02-27,Southampton,Chelsea,A,3.23,3.3,2.45,0.30959752321981426,0.30303030303030304,0.4081632653061224,1.0207910915562397,0.020791091556239705,0.3032917565413111,0.29685829503891964,0.39984994841976923,A
2015-16,2016-02-27,Stoke,Aston Villa,H,1.92,3.45,4.78,0.5208333333333334,0.2898550724637681,0.20920502092050208,1.0198934267176036,0.019893426717603635,0.5106742721242638,0.2842013340517642,0.20512439382397202,H
2015-16,2016-02-27,Watford,Bournemouth,D,2.64,3.36,2.91,0.3787878787878788,0.2976190476190476,0.3436426116838488,1.0200495380907753,0.020049538090775254,0.3713426305715067,0.29176920973475523,0.33688815969373803,H
2015-16,2016-02-27,West Brom,Crystal Palace,H,2.96,3.23,2.68,0.33783783783783783,0.30959752321981426,0.3731343283582089,1.020569689415861,0.020569689415860903,0.3310286806883366,0.303357552581262,0.3656137667304015,A
2015-16,2016-02-27,West Ham,Sunderland,H,1.86,3.7,4.69,0.5376344086021505,0.27027027027027023,0.21321961620469082,1.0211242950771116,0.021124295077111555,0.52651220933055,0.2646791106364386,0.2088086800330113,H
2015-16,2016-02-28,Tottenham,Swansea,H,1.5,4.22,8.62,0.6666666666666666,0.23696682464454977,0.1160092807424594,1.0196427720536758,0.019642772053675817,0.6538237556707479,0.23240180888770662,0.11377443544154547,H
2015-16,2016-02-28,Man United,Arsenal,H,3.46,3.4,2.29,0.28901734104046245,0.29411764705882354,0.4366812227074236,1.0198162108067095,0.019816210806709478,0.2834013991715624,0.2884026003334134,0.4281960004950243,A
2015-16,2016-03-01,Aston Villa,Everton,A,5.48,4.14,1.68,0.18248175182481752,0.24154589371980678,0.5952380952380952,1.0192657407827195,0.019265740782719476,0.1790325569901773,0.2369802928275777,0.583987150182245,A
2015-16,2016-03-01,Bournemouth,Southampton,H,2.86,3.26,2.74,0.3496503496503497,0.3067484662576687,0.36496350364963503,1.0213623195576536,0.021362319557653553,0.3423372322975272,0.3003326639174625,0.3573301037850101,A
2015-16,2016-03-01,Leicester,West Brom,D,1.68,3.95,5.87,0.5952380952380952,0.2531645569620253,0.17035775127768313,1.0187604034778035,0.0187604034778035,0.5842768262351925,0.24850254887977805,0.16722062488502953,H
2015-16,2016-03-01,Norwich,Chelsea,A,5.56,3.86,1.72,0.1798561151079137,0.2590673575129534,0.5813953488372093,1.0203188214580763,0.020318821458076286,0.1762744265080714,0.2539082412914189,0.5698173322005098,A
2015-16,2016-03-01,Sunderland,Crystal Palace,D,2.49,3.27,3.19,0.4016064257028112,0.3058103975535168,0.31347962382445144,1.0208964470807795,0.020896447080779534,0.39338605482582667,0.2995508490875561,0.30706309608661714,H
2015-16,2016-03-02,Arsenal,Swansea,A,1.29,5.95,12.55,0.7751937984496123,0.1680672268907563,0.0796812749003984,1.022942300240767,0.022942300240766933,0.7578079411391603,0.16429785614613726,0.07789420271470254,H
2015-16,2016-03-02,Liverpool,Man City,H,2.79,3.53,2.64,0.35842293906810035,0.28328611898017,0.3787878787878788,1.0204969368361492,0.02049693683614917,0.3512239244728362,0.27759624625473456,0.37117982927242915,A
2015-16,2016-03-02,Man United,Watford,H,1.64,3.99,6.3,0.6097560975609756,0.2506265664160401,0.15873015873015872,1.0191128227071744,0.019112822707174404,0.5983205038488454,0.24592622213336,0.15575327401779465,H
2015-16,2016-03-02,Stoke,Newcastle,H,2.06,3.51,4.0,0.4854368932038835,0.2849002849002849,0.25,1.0203371781041684,0.020337178104168352,0.47576125188915175,0.2792217033879352,0.24501704472291314,H
2015-16,2016-03-02,West Ham,Tottenham,H,3.6,3.38,2.24,0.2777777777777778,0.2958579881656805,0.4464285714285714,1.0200643373720297,0.020064337372029728,0.27231397824710823,0.29003855671289636,0.43764746503999535,A
2015-16,2016-03-05,Chelsea,Stoke,D,1.52,4.32,7.63,0.6578947368421053,0.23148148148148145,0.1310615989515072,1.0204378172750939,0.02043781727509386,0.6447181059977781,0.2268452595177367,0.12843663448448528,H
2015-16,2016-03-05,Everton,West Ham,A,1.67,4.27,5.39,0.5988023952095809,0.234192037470726,0.1855287569573284,1.0185231896376354,0.01852318963763544,0.587912382655342,0.22993294590970045,0.1821546714349575,H
2015-16,2016-03-05,Man City,Aston Villa,H,1.19,7.99,18.14,0.8403361344537815,0.1251564455569462,0.05512679162072767,1.0206193716314553,0.02061937163145533,0.8233589894639254,0.12262793460101017,0.05401307593506456,H
2015-16,2016-03-05,Newcastle,Bournemouth,A,2.59,3.4,2.94,0.3861003861003861,0.29411764705882354,0.3401360544217687,1.0203540875809782,0.02035408758097823,0.3783984312894165,0.28825056971752616,0.3333509989930574,H
2015-16,2016-03-05,Southampton,Sunderland,D,1.62,4.2,6.07,0.6172839506172839,0.23809523809523808,0.16474464579901152,1.0201238345115335,0.020123834511533545,0.6051068799042993,0.2333983679630869,0.16149475213261366,H
2015-16,2016-03-05,Swansea,Norwich,H,2.16,3.33,3.89,0.4629629629629629,0.3003003003003003,0.2570694087403599,1.0203326720036232,0.02033267200362321,0.4537372718388449,0.2943160682197913,0.2519466599413637,H
2015-16,2016-03-05,Tottenham,Arsenal,D,2.31,3.51,3.29,0.4329004329004329,0.2849002849002849,0.303951367781155,1.0217520855818727,0.021752085581872693,0.42368441328299566,0.27883504122043307,0.2974805454965714,H
2015-16,2016-03-05,Watford,Leicester,A,2.99,3.39,2.56,0.33444816053511706,0.2949852507374631,0.390625,1.0200584112725801,0.020058411272580123,0.3278715775872817,0.28918466577757296,0.3829437566351454,A
2015-16,2016-03-06,Crystal Palace,Liverpool,A,3.78,3.51,2.13,0.2645502645502646,0.2849002849002849,0.4694835680751174,1.0189341175256668,0.01893411752566676,0.259634317862166,0.27960618846694796,0.4607594936708861,A
2015-16,2016-03-06,West Brom,Man United,H,4.45,3.61,1.93,0.2247191011235955,0.2770083102493075,0.5181347150259068,1.01986212639881,0.01986212639880991,0.22034262799530677,0.271613488803079,0.5080438832016141,A
2015-16,2016-03-12,Bournemouth,Swansea,H,2.02,3.54,4.12,0.49504950495049505,0.2824858757062147,0.24271844660194175,1.0202538272586517,0.020253827258651658,0.48522190431831785,0.27687803579745823,0.2379000598842238,H
2015-16,2016-03-12,Norwich,Man City,D,6.85,4.31,1.56,0.14598540145985403,0.2320185614849188,0.641025641025641,1.0190296039704139,0.019029603970413866,0.14325923495358286,0.227685791051518,0.6290549739948991,A
2015-16,2016-03-12,Stoke,Southampton,A,2.72,3.25,2.9,0.3676470588235294,0.3076923076923077,0.3448275862068966,1.0201669527227337,0.020166952722733722,0.3603793063893243,0.30160975796275763,0.338010935647918,H
2015-16,2016-03-13,Aston Villa,Tottenham,A,7.45,4.5,1.51,0.1342281879194631,0.2222222222222222,0.6622516556291391,1.0187020657708246,0.01870206577082456,0.13176393023007785,0.21814250671423996,0.6500935630556821,A
2015-16,2016-03-14,Leicester,Newcastle,H,1.58,4.36,6.35,0.6329113924050632,0.2293577981651376,0.15748031496062992,1.0197495055308308,0.01974950553083077,0.6206537870058599,0.22491582189661896,0.15443039109752107,H
2015-16,2016-03-19,Chelsea,West Ham,D,1.83,3.76,4.78,0.5464480874316939,0.26595744680851063,0.20920502092050208,1.0216105551607066,0.021610555160706646,0.5348888425939704,0.26033153775185264,0.20477961965417696,H
2015-16,2016-03-19,Crystal Palace,Leicester,A,2.89,3.35,2.66,0.3460207612456747,0.29850746268656714,0.37593984962406013,1.020468073556302,0.02046807355630209,0.3390804379012096,0.29252013896552115,0.3683994231332691,A
2015-16,2016-03-19,Everton,Arsenal,A,2.7,3.66,2.65,0.37037037037037035,0.27322404371584696,0.37735849056603776,1.0209529046522552,0.02095290465225519,0.36276929982046674,0.2676166965888689,0.36961400359066426,A
2015-16,2016-03-19,Swansea,Aston Villa,H,1.68,4.05,5.55,0.5952380952380952,0.2469135802469136,0.1801801801801802,1.022331855665189,0.022331855665189027,0.5822356918055718,0.24151999067490384,0.17624431751952443,H
2015-16,2016-03-19,Watford,Stoke,A,2.22,3.27,3.79,0.4504504504504504,0.3058103975535168,0.2638522427440633,1.0201130907480305,0.02011309074803047,0.4415691304580194,0.29978087755865535,0.25864999198332533,H
2015-16,2016-03-19,West Brom,Norwich,A,2.44,3.25,3.3,0.4098360655737705,0.3076923076923077,0.30303030303030304,1.0205586762963812,0.020558676296381195,0.40158011008349875,0.3014939903396114,0.29692589957689,H
2015-16,2016-03-20,Man City,Man United,A,2.01,3.61,4.09,0.49751243781094534,0.2770083102493075,0.24449877750611249,1.0190195255663652,0.019019525566365214,0.48822659951921016,0.27183807895667933,0.2399353215241106,H
2015-16,2016-03-20,Newcastle,Sunderland,D,2.24,3.22,3.79,0.4464285714285714,0.3105590062111801,0.2638522427440633,1.0208398203838147,0.02083982038381471,0.43731500526764666,0.30421913409923246,0.258465860633121,H
2015-16,2016-03-20,Southampton,Liverpool,H,2.94,3.3,2.65,0.3401360544217687,0.30303030303030304,0.37735849056603776,1.0205248480181095,0.0205248480181095,0.3332952206723073,0.2969357420535102,0.3697690372741825,A
2015-16,2016-03-20,Tottenham,Bournemouth,H,1.52,4.31,7.55,0.6578947368421053,0.2320185614849188,0.13245033112582782,1.022363629452852,0.022363629452851974,0.6435036594505978,0.22694328593153337,0.12955305461786873,H
2015-16,2016-04-02,Arsenal,Watford,H,1.35,5.55,9.9,0.7407407407407407,0.1801801801801802,0.10101010101010101,1.021931021931022,0.021931021931022032,0.7248441674087265,0.17631344612644703,0.09884238646482635,H
2015-16,2016-04-02,Aston Villa,Chelsea,A,4.93,3.63,1.85,0.20283975659229211,0.27548209366391185,0.5405405405405405,1.0188623907967445,0.018862390796744455,0.19908454608249168,0.2703820419247063,0.530533411992802,A
2015-16,2016-04-02,Bournemouth,Man City,A,3.94,3.72,2.01,0.25380710659898476,0.26881720430107525,0.49751243781094534,1.0201367487110053,0.020136748711005348,0.2487971410888618,0.2635109505080956,0.4876919084030426,A
2015-16,2016-04-02,Liverpool,Tottenham,D,2.15,3.56,3.66,0.46511627906976744,0.2808988764044944,0.27322404371584696,1.0192391991901086,0.019239199190108636,0.45633672590236973,0.275596618171375,0.26806665592625545,H
2015-16,2016-04-02,Norwich,Newcastle,H,2.31,3.35,3.45,0.4329004329004329,0.29850746268656714,0.2898550724637681,1.021262968050768,0.021262968050768105,0.4238873301424878,0.29229245750123783,0.28382021235627447,H
2015-16,2016-04-02,Stoke,Swansea,D,2.13,3.37,3.96,0.4694835680751174,0.29673590504451036,0.25252525252525254,1.0187447256448803,0.018744725644880278,0.46084515213359994,0.29127601603696374,0.24787883182943635,H
2015-16,2016-04-02,Sunderland,West Brom,D,2.0,3.4,4.39,0.5,0.29411764705882354,0.22779043280182235,1.021908079860646,0.021908079860645913,0.48928079722021894,0.2878122336589523,0.2229069691208287,H
2015-16,2016-04-02,West Ham,Crystal Palace,D,1.85,3.74,4.65,0.5405405405405405,0.267379679144385,0.2150537634408602,1.0229739831257856,0.02297398312578558,0.5284010634257501,0.2613748575769085,0.21022407899734144,H
2015-16,2016-04-03,Leicester,Southampton,H,2.39,3.32,3.32,0.41841004184100417,0.30120481927710846,0.30120481927710846,1.020819680395221,0.020819680395220974,0.40987654320987654,0.2950617283950618,0.2950617283950618,H
2015-16,2016-04-03,Man United,Everton,H,1.97,3.65,4.19,0.5076142131979695,0.273972602739726,0.2386634844868735,1.020250300424569,0.0202503004245691,0.4975389009802103,0.26853469450164774,0.23392640451814184,H
2015-16,2016-04-09,Aston Villa,Bournemouth,A,3.78,3.58,2.1,0.2645502645502646,0.27932960893854747,0.47619047619047616,1.0200703496792882,0.020070349679288224,0.25934511735728777,0.2738336713995943,0.46682121124311793,A
2015-16,2016-04-09,Crystal Palace,Norwich,H,1.93,3.53,4.62,0.5181347150259068,0.28328611898017,0.21645021645021645,1.0178710504562933,0.017871050456293336,0.509037677015803,0.278312384317422,0.21264993866677484,H
2015-16,2016-04-09,Man City,West Brom,H,1.36,5.25,10.75,0.7352941176470588,0.19047619047619047,0.09302325581395349,1.0187935639372028,0.018793563937202773,0.72173023434253,0.18696249880111257,0.0913072668563573,H
2015-16,2016-04-09,Southampton,Newcastle,H,1.63,4.24,5.88,0.6134969325153374,0.23584905660377356,0.17006802721088435,1.0194140163299954,0.0194140163299954,0.601813318914326,0.2313574787335734,0.16682920235210055,H
2015-16,2016-04-09,Swansea,Chelsea,H,3.08,3.4,2.49,0.3246753246753247,0.29411764705882354,0.4016064257028112,1.0203993974369594,0.0203993974369594,0.3181845515499564,0.2882377702276076,0.393577678222436,A
2015-16,2016-04-09,Watford,Everton,D,3.55,3.55,2.19,0.28169014084507044,0.28169014084507044,0.4566210045662101,1.020001286256351,0.020001286256351003,0.2761664564943253,0.2761664564943253,0.4476670870113493,A
2015-16,2016-04-09,West Ham,Arsenal,D,3.89,3.87,1.98,0.2570694087403599,0.25839793281653745,0.5050505050505051,1.0205178466074023,0.0205178466074023,0.2519009438149058,0.2532027574780319,0.4948962987070624,A
2015-16,2016-04-10,Liverpool,Stoke,H,1.65,3.98,6.15,0.6060606060606061,0.25125628140703515,0.16260162601626016,1.0199185134839013,0.01991851348390128,0.594224536615564,0.24634936819489459,0.15942609518954154,H
2015-16,2016-04-10,Sunderland,Leicester,A,3.3,3.33,2.4,0.30303030303030304,0.3003003003003003,0.4166666666666667,1.0199972699972701,0.01999726999727014,0.29708932753429235,0.2944128471060555,0.408497825359652,A
2015-16,2016-04-10,Tottenham,Man United,H,2.0,3.54,4.2,0.5,0.2824858757062147,0.23809523809523808,1.0205811138014529,0.02058111380145289,0.48991696322657174,0.276789244760775,0.23329379201265318,H
2015-16,2016-04-13,Crystal Palace,Everton,D,2.68,3.38,2.85,0.3731343283582089,0.2958579881656805,0.3508771929824561,1.0198695095063455,0.019869509506345473,0.36586477473850526,0.29009396340212845,0.34404126185936634,H
2015-16,2016-04-16,Chelsea,Man City,A,2.61,3.55,2.81,0.3831417624521073,0.28169014084507044,0.35587188612099646,1.020703789418174,0.02070378941817408,0.37537017734646344,0.27597638390824497,0.3486534387452917,H
2015-16,2016-04-16,Everton,Southampton,D,3.0,3.52,2.48,0.3333333333333333,0.2840909090909091,0.40322580645161293,1.0206500488758554,0.02065004887585542,0.32658924937148326,0.2783431102597869,0.39506764036872977,A
2015-16,2016-04-16,Man United,Aston Villa,H,1.25,6.4,15.0,0.8,0.15625,0.06666666666666667,1.0229166666666667,0.022916666666666696,0.7820773930753564,0.15274949083503053,0.06517311608961303,H
2015-16,2016-04-16,Newcastle,Swansea,H,2.43,3.46,3.13,0.4115226337448559,0.28901734104046245,0.3194888178913738,1.0200287926766922,0.02002879267669222,0.40344217408311134,0.28334233613351467,0.313215489783374,H
2015-16,2016-04-16,Norwich,Sunderland,A,2.35,3.36,3.36,0.425531914893617,0.2976190476190476,0.2976190476190476,1.0207700101317123,0.020770010131712313,0.41687344913151364,0.29156327543424315,0.29156327543424315,H
2015-16,2016-04-16,West Brom,Watford,A,2.4,3.26,3.37,0.4166666666666667,0.3067484662576687,0.29673590504451036,1.0201510379688459,0.020151037968845875,0.4084362522399268,0.30068926545270686,0.29087448230736623,H
2015-16,2016-04-17,Arsenal,Crystal Palace,D,1.34,5.85,9.7,0.7462686567164178,0.17094017094017094,0.10309278350515465,1.0203016111617436,0.02030161116174356,0.7314196591992987,0.1675388621071898,0.10104147869351138,H
2015-16,2016-04-17,Bournemouth,Liverpool,A,2.69,3.48,2.77,0.3717472118959108,0.28735632183908044,0.36101083032490977,1.020114364059901,0.02011436405990108,0.3644171918297602,0.2816903005810502,0.3538925075891895,H
2015-16,2016-04-17,Leicester,West Ham,D,1.95,3.71,4.19,0.5128205128205129,0.2695417789757412,0.2386634844868735,1.0210257762831276,0.02102577628312763,0.5022601042329701,0.2639911599068171,0.23374873586021278,H
2015-16,2016-04-18,Stoke,Tottenham,A,5.02,4.0,1.75,0.19920318725099603,0.25,0.5714285714285714,1.0206317586795675,0.020631758679567458,0.19517635577861425,0.2449463265021609,0.5598773177192249,A
2015-16,2016-04-19,Newcastle,Man City,D,6.5,4.63,1.54,0.15384615384615385,0.2159827213822894,0.6493506493506493,1.0191795245790927,0.019179524579092666,0.1509509857055755,0.21191823047219022,0.6371307838222342,A
2015-16,2016-04-20,Liverpool,Everton,H,1.7,4.07,5.31,0.5882352941176471,0.24570024570024568,0.18832391713747648,1.0222594569553691,0.022259456955369128,0.5754266102556866,0.24035018118787893,0.18422320855643454,H
2015-16,2016-04-20,Man United,Crystal Palace,H,1.46,4.65,8.25,0.684931506849315,0.2150537634408602,0.12121212121212122,1.0211973915022963,0.02119739150229627,0.6707141171225514,0.2105898088169731,0.11869607406047576,H
2015-16,2016-04-20,West Ham,Watford,H,1.45,4.82,8.03,0.6896551724137931,0.20746887966804978,0.12453300124533002,1.021657053327173,0.021657053327172937,0.6750358842703938,0.20307096103569938,0.12189315469390674,H
2015-16,2016-04-21,Arsenal,West Brom,H,1.25,6.57,13.99,0.8,0.15220700152207,0.07147962830593281,1.023686629828003,0.02368662982800296,0.7814891556553922,0.14868515138040184,0.06982569296420588,H
2015-16,2016-04-23,Aston Villa,Southampton,A,6.95,4.35,1.55,0.14388489208633093,0.2298850574712644,0.6451612903225806,1.018931239880176,0.018931239880175976,0.14121158175820722,0.22561390648725066,0.6331745117545421,A
2015-16,2016-04-23,Bournemouth,Chelsea,A,3.55,3.68,2.14,0.28169014084507044,0.2717391304347826,0.4672897196261682,1.0207189909060213,0.02071899090602125,0.2759722738136122,0.2662232532712835,0.45780447291510434,A
2015-16,2016-04-23,Liverpool,Newcastle,D,1.52,4.67,6.69,0.6578947368421053,0.21413276231263384,0.14947683109118085,1.0215043302459201,0.021504330245920134,0.6440449808800337,0.20962491883033219,0.14633010028963395,H
2015-16,2016-04-23,Man City,Stoke,H,1.31,6.0,11.35,0.7633587786259541,0.16666666666666666,0.0881057268722467,1.0181311721648674,0.01813117216486737,0.7497646663767431,0.1636986188255889,0.08653671479766815,H
2015-16,2016-04-24,Leicester,Swansea,H,1.71,3.87,5.64,0.5847953216374269,0.25839793281653745,0.1773049645390071,1.0204982189929714,0.02049821899297144,0.5730488410009215,0.2532076274190118,0.17374353158006664,H
2015-16,2016-04-24,Sunderland,Arsenal,D,5.48,4.32,1.65,0.18248175182481752,0.23148148148148145,0.6060606060606061,1.020023839366905,0.020023839366904994,0.1788994970334006,0.2269373249405174,0.594163178026082,A
2015-16,2016-04-25,Tottenham,West Brom,D,1.24,6.9,15.25,0.8064516129032259,0.14492753623188406,0.06557377049180328,1.0169529196269131,0.016952919626913143,0.7930078151494827,0.1425115493891824,0.06448063546133498,H
2015-16,2016-04-30,Arsenal,Norwich,H,1.25,6.7,13.65,0.8,0.14925373134328357,0.07326007326007326,1.0225138046033568,0.022513804603356835,0.7823855251620079,0.14596744872425518,0.07164702611373698,H
2015-16,2016-04-30,Everton,Bournemouth,H,2.42,3.73,2.95,0.4132231404958678,0.2680965147453083,0.3389830508474576,1.0203027060886338,0.020302706088633826,0.40500053369452793,0.26276174035945243,0.3322377259460195,H
2015-16,2016-04-30,Newcastle,Crystal Palace,H,2.15,3.57,3.63,0.46511627906976744,0.2801120448179272,0.27548209366391185,1.0207104175516064,0.020710417551606408,0.45567897718282224,0.2744285156703271,0.26989250714685065,H
2015-16,2016-04-30,Stoke,Sunderland,D,2.95,3.51,2.52,0.3389830508474576,0.2849002849002849,0.3968253968253968,1.0207087325731392,0.02070873257313921,0.332105565505356,0.2791200621768662,0.3887743723177779,A
2015-16,2016-04-30,Watford,Aston Villa,H,1.77,3.78,5.26,0.5649717514124294,0.2645502645502646,0.19011406844106465,1.0196360844037586,0.019636084403758636,0.5540915627194596,0.2594555730194295,0.18645286426111093,H
2015-16,2016-04-30,West Brom,West Ham,A,3.94,3.68,2.02,0.25380710659898476,0.2717391304347826,0.49504950495049505,1.0205957419842624,0.020595741984262395,0.24868524936771533,0.26625540285565175,0.4850593477766329,A
2015-16,2016-05-01,Man United,Leicester,D,2.0,3.49,4.28,0.5,0.28653295128939826,0.2336448598130841,1.0201778111024824,0.0201778111024824,0.4901106400850472,0.28086569632380926,0.22902366359114354,H
2015-16,2016-05-01,Southampton,Man City,H,2.42,3.56,3.06,0.4132231404958678,0.2808988764044944,0.32679738562091504,1.020919402521277,0.02091940252127711,0.4047558891283347,0.27514304822768826,0.32010106264397714,H
2015-16,2016-05-01,Swansea,Liverpool,H,3.57,3.63,2.15,0.2801120448179272,0.27548209366391185,0.46511627906976744,1.0207104175516064,0.020710417551606408,0.2744285156703271,0.26989250714685065,0.45567897718282224,A
2015-16,2016-05-02,Chelsea,Tottenham,D,2.58,3.56,2.85,0.38759689922480617,0.2808988764044944,0.3508771929824561,1.0193729686117567,0.019372968611756747,0.3802307017741101,0.27556045240932703,0.34420884581656286,H
2015-16,2016-05-07,Aston Villa,Newcastle,D,5.05,4.13,1.72,0.19801980198019803,0.24213075060532688,0.5813953488372093,1.0215459014227344,0.02154590142273438,0.19384327390909262,0.237023857927583,0.5691328681633243,A
2015-16,2016-05-07,Bournemouth,West Brom,D,1.93,3.65,4.38,0.5181347150259068,0.273972602739726,0.22831050228310504,1.020417820048738,0.020417820048737934,0.5077672153953164,0.2684906097843728,0.22374217482031067,H
2015-16,2016-05-07,Crystal Palace,Stoke,H,2.02,3.54,4.12,0.49504950495049505,0.2824858757062147,0.24271844660194175,1.0202538272586517,0.020253827258651658,0.48522190431831785,0.27687803579745823,0.2379000598842238,H
2015-16,2016-05-07,Leicester,Everton,H,1.83,4.21,4.21,0.5464480874316939,0.23752969121140144,0.23752969121140144,1.0215074698544968,0.021507469854496808,0.5349428208386277,0.23252858958068617,0.23252858958068617,H
2015-16,2016-05-07,Norwich,Man United,A,3.82,3.53,2.11,0.2617801047120419,0.28328611898017,0.47393364928909953,1.0189998729813114,0.01899987298131145,0.2568990552924661,0.27800407683207384,0.46509686787546,A
2015-16,2016-05-07,Sunderland,Chelsea,H,3.29,3.63,2.27,0.303951367781155,0.27548209366391185,0.44052863436123346,1.0199620958063003,0.019962095806300262,0.29800261110769555,0.270090520811107,0.4319068680811975,A
2015-16,2016-05-07,West Ham,Swansea,A,1.35,5.73,9.76,0.7407407407407407,0.17452006980802792,0.10245901639344263,1.0177198269422112,0.017719826942211192,0.7278434802300475,0.17148144822173897,0.10067507154821355,H
2015-16,2016-05-08,Liverpool,Watford,H,1.55,4.48,6.55,0.6451612903225806,0.2232142857142857,0.15267175572519084,1.0210473317620572,0.021047331762057198,0.6318622753846319,0.21861306402816505,0.14952466058720298,H
2015-16,2016-05-08,Man City,Arsenal,D,2.22,3.61,3.41,0.4504504504504504,0.2770083102493075,0.29325513196480935,1.0207138926645674,0.020713892664567357,0.44130921866317724,0.2713868325297102,0.28730394880711246,H
2015-16,2016-05-08,Tottenham,Southampton,A,2.25,3.44,3.49,0.4444444444444444,0.29069767441860467,0.28653295128939826,1.0216750701524475,0.021675070152447518,0.43501545396241037,0.28453045680680916,0.2804540892307803,H
2015-16,2016-05-10,West Ham,Man United,H,3.15,3.47,2.41,0.31746031746031744,0.2881844380403458,0.41493775933609955,1.0205825148367627,0.020582514836762655,0.3110579623354548,0.282372501831897,0.4065695358326484,A
2015-16,2016-05-11,Liverpool,Chelsea,D,1.71,4.36,4.81,0.5847953216374269,0.2293577981651376,0.2079002079002079,1.0220533277027724,0.022053327702772352,0.5721769165918646,0.22440883655323132,0.20341424685490408,H
2015-16,2016-05-11,Norwich,Watford,H,1.88,3.98,4.19,0.5319148936170213,0.25125628140703515,0.2386634844868735,1.02183465951093,0.02183465951093,0.5205488859338615,0.24588741345619586,0.2335637006099426,H
2015-16,2016-05-11,Sunderland,Everton,H,1.86,3.98,4.31,0.5376344086021505,0.25125628140703515,0.2320185614849188,1.0209092514941045,0.020909251494104497,0.5266231134797932,0.24611029926442596,0.22726658725578083,H
2015-16,2016-05-15,Arsenal,Aston Villa,H,1.12,12.03,23.6,0.8928571428571428,0.0831255195344971,0.0423728813559322,1.018355543747572,0.01835554374757198,0.8767636689749906,0.08162720775162008,0.041609123273389385,H
2015-16,2016-05-15,Chelsea,Leicester,D,2.01,3.99,3.68,0.49751243781094534,0.2506265664160401,0.2717391304347826,1.019878134661768,0.01987813466176802,0.4878155741381201,0.2457416802049176,0.2664427456569623,H
2015-16,2016-05-15,Everton,Norwich,H,1.74,4.38,4.6,0.5747126436781609,0.22831050228310504,0.2173913043478261,1.020414450309092,0.020414450309091947,0.563214920666868,0.22374291368957772,0.21304216564355444,H
2015-16,2016-05-15,Newcastle,Tottenham,H,5.3,4.18,1.69,0.18867924528301888,0.23923444976076558,0.591715976331361,1.0196296713751454,0.019629671375145374,0.18504683668978814,0.23462876422389406,0.5803243990863178,A
2015-16,2016-05-15,Southampton,Crystal Palace,H,1.29,6.8,10.0,0.7751937984496123,0.14705882352941177,0.1,1.0222526219790242,0.022252621979024223,0.7583192077794628,0.14385761441698636,0.09782317780355072,H
2015-16,2016-05-15,Stoke,West Ham,H,3.05,4.0,2.26,0.3278688524590164,0.25,0.4424778761061947,1.0203467285652112,0.020346728565211247,0.3213308214552305,0.24501475135961323,0.4336544271851562,A
2015-16,2016-05-15,Swansea,Man City,D,7.05,5.0,1.47,0.14184397163120568,0.2,0.6802721088435374,1.0221160804747431,0.022116080474743116,0.13877481661899232,0.19567249143277918,0.6655526919482284,A
2015-16,2016-05-15,Watford,Sunderland,D,1.64,4.52,5.27,0.6097560975609756,0.22123893805309736,0.18975332068311196,1.0207483562971849,0.020748356297184856,0.597361821647106,0.21674189988965797,0.18589627846323606,H
2015-16,2016-05-15,West Brom,Liverpool,D,2.61,3.75,2.7,0.3831417624521073,0.26666666666666666,0.37037037037037035,1.0201787994891443,0.02017879948914425,0.3755633450175263,0.26139208813219833,0.3630445668502754,H
2015-16,2016-05-17,Man United,Bournemouth,H,1.5,4.6,7.03,0.6666666666666666,0.2173913043478261,0.14224751066856328,1.026305481683056,0.02630548168305591,0.6495791736134826,0.21181929574352695,0.13860153064299058,H
2016-17,2016-08-13,Burnley,Swansea,A,2.79,3.16,2.89,0.35842293906810035,0.3164556962025316,0.3460207612456747,1.0208993965163067,0.02089939651630668,0.35108546472960456,0.30997735651759384,0.3389371787528016,H
2016-17,2016-08-13,Crystal Palace,West Brom,A,2.25,3.15,3.86,0.4444444444444444,0.31746031746031744,0.2590673575129534,1.0209721194177153,0.020972119417715263,0.43531496697277267,0.31093926212340905,0.2537457709038183,H
2016-17,2016-08-13,Everton,Tottenham,D,3.64,3.54,2.16,0.2747252747252747,0.2824858757062147,0.4629629629629629,1.0201741133944524,0.02017411339445241,0.26929253655650404,0.27689967035753527,0.45380779308596053,A
2016-17,2016-08-13,Hull,Leicester,H,4.68,3.5,1.92,0.2136752136752137,0.2857142857142857,0.5208333333333334,1.0202228327228329,0.020222832722832873,0.20943974867230158,0.2800508639389632,0.5105093873887351,A
2016-17,2016-08-13,Man City,Sunderland,H,1.25,6.5,14.5,0.8,0.15384615384615385,0.06896551724137931,1.0228116710875332,0.022811671087533236,0.7821576763485477,0.1504149377593361,0.06742738589211618,H
2016-17,2016-08-13,Middlesbrough,Stoke,D,2.2,3.38,3.7,0.45454545454545453,0.2958579881656805,0.27027027027027023,1.0206737129814052,0.02067371298140519,0.445338651093227,0.28986539420269214,0.2647959547040809,H
2016-17,2016-08-13,Southampton,Watford,D,1.8,3.83,4.91,0.5555555555555556,0.2610966057441253,0.20366598778004072,1.0203181490797215,0.020318149079721515,0.5444924762503149,0.2558972473239078,0.19961027642577736,H
2016-17,2016-08-14,Arsenal,Liverpool,A,2.8,3.44,2.68,0.35714285714285715,0.29069767441860467,0.3731343283582089,1.0209748599196709,0.020974859919670852,0.3498057309373482,0.28472559494900435,0.3654686741136473,A
2016-17,2016-08-14,Bournemouth,Man United,A,5.4,3.65,1.78,0.18518518518518517,0.273972602739726,0.5617977528089888,1.0209555407339,0.020955540733899936,0.1813841815796086,0.2683492001451743,0.5502666182752172,A
2016-17,2016-08-15,Chelsea,West Ham,H,1.52,4.38,7.45,0.6578947368421053,0.22831050228310504,0.1342281879194631,1.0204334270446733,0.020433427044673325,0.6447208797809242,0.22373875280068603,0.1315403674183899,H
2016-17,2016-08-19,Man United,Southampton,H,1.53,4.27,7.44,0.6535947712418301,0.234192037470726,0.13440860215053763,1.0221954108630937,0.022195410863093734,0.6394029598410791,0.22910691535289252,0.13149012480602834,H
2016-17,2016-08-20,Burnley,Liverpool,H,7.26,4.54,1.51,0.13774104683195593,0.22026431718061673,0.6622516556291391,1.0202570196417118,0.020257019641711782,0.13500622311849134,0.21589100877538478,0.6491027681061239,A
2016-17,2016-08-20,Leicester,Arsenal,D,2.82,3.5,2.63,0.3546099290780142,0.2857142857142857,0.3802281368821293,1.020552351674429,0.020552351674429037,0.34746863156623237,0.2799604402905072,0.3725709281432606,A
2016-17,2016-08-20,Stoke,Man City,A,6.29,4.34,1.58,0.1589825119236884,0.2304147465437788,0.6329113924050632,1.0223086508725303,0.02230865087253031,0.15551322175352658,0.22538667392388992,0.6191001043225836,A
2016-17,2016-08-20,Swansea,Hull,A,1.86,3.55,4.95,0.5376344086021505,0.28169014084507044,0.20202020202020202,1.021344751467423,0.021344751467422984,0.5263985621208717,0.2758031902943159,0.1977982475848124,H
2016-17,2016-08-20,Tottenham,Crystal Palace,H,1.47,4.64,7.91,0.6802721088435374,0.21551724137931036,0.1264222503160556,1.0222116005389035,0.022211600538903475,0.6654904997017274,0.21083427468998692,0.1236752256082856,H
2016-17,2016-08-20,Watford,Chelsea,A,6.0,3.99,1.66,0.16666666666666666,0.2506265664160401,0.6024096385542169,1.0197028716369236,0.019702871636923636,0.16344630509779534,0.24578391744029374,0.590769777461911,A
2016-17,2016-08-20,West Brom,Everton,A,3.08,3.17,2.63,0.3246753246753247,0.31545741324921134,0.3802281368821293,1.0203608748066655,0.020360874806665485,0.3181965642663857,0.30916259241024224,0.3726408433233719,A
2016-17,2016-08-21,Sunderland,Middlesbrough,A,2.79,3.1,2.94,0.35842293906810035,0.3225806451612903,0.3401360544217687,1.0211396386511593,0.02113963865115931,0.3510028653295129,0.31590257879656164,0.3330945558739255,H
2016-17,2016-08-21,West Ham,Bournemouth,H,2.48,3.31,3.17,0.40322580645161293,0.3021148036253776,0.31545741324921134,1.020798023326202,0.020798023326201953,0.39501037153043134,0.2959594324457612,0.30903019602380744,H
2016-17,2016-08-27,Chelsea,Burnley,H,1.25,6.6,15.24,0.8,0.15151515151515152,0.06561679790026247,1.017131949415414,0.01713194941541407,0.7865252885427418,0.14896312283006474,0.06451158862719339,H
2016-17,2016-08-27,Crystal Palace,Bournemouth,D,2.23,3.36,3.64,0.4484304932735426,0.2976190476190476,0.2747252747252747,1.0207748156178649,0.020774815617864872,0.43930403298803183,0.2915619028462235,0.26913406416574476,H
2016-17,2016-08-27,Everton,Stoke,H,1.68,4.2,5.39,0.5952380952380952,0.23809523809523808,0.1855287569573284,1.0188620902906615,0.01886209029066155,0.5842185128983309,0.23368740515933234,0.18209408194233692,H
2016-17,2016-08-27,Hull,Man United,A,9.15,4.54,1.45,0.1092896174863388,0.22026431718061673,0.6896551724137931,1.0192091070807487,0.019209107080748744,0.10722982823355023,0.2161129798099085,0.6766571919565412,A
2016-17,2016-08-27,Leicester,Swansea,H,1.69,4.12,5.37,0.591715976331361,0.24271844660194175,0.186219739292365,1.0206541622256677,0.020654162225667738,0.5797418932197839,0.23780674746151326,0.1824513593187029,H
2016-17,2016-08-27,Southampton,Sunderland,D,1.48,4.75,7.45,0.6756756756756757,0.21052631578947367,0.1342281879194631,1.0204301793846124,0.020430179384612446,0.6621478757940629,0.2063113381421501,0.131540786063787,H
2016-17,2016-08-27,Tottenham,Liverpool,D,2.68,3.37,2.85,0.3731343283582089,0.29673590504451036,0.3508771929824561,1.0207474263851755,0.02074742638517546,0.36555010447551006,0.29070453412295755,0.3437453614015323,H
2016-17,2016-08-27,Watford,Arsenal,A,6.0,4.16,1.63,0.16666666666666666,0.24038461538461536,0.6134969325153374,1.0205482145666194,0.02054821456661937,0.16331091886476176,0.2355445945164833,0.601144486618755,A
2016-17,2016-08-28,Man City,West Ham,H,1.26,6.5,13.25,0.7936507936507936,0.15384615384615385,0.07547169811320754,1.022968645610155,0.022968645610154992,0.7758310062156563,0.15039185658949647,0.07377713719484731,H
2016-17,2016-08-28,West Brom,Middlesbrough,D,2.65,3.1,3.12,0.37735849056603776,0.3225806451612903,0.3205128205128205,1.0204519562401486,0.020451956240148617,0.36979545020072646,0.31611546549416936,0.3140890843051041,H
2016-17,2016-09-10,Arsenal,Southampton,H,1.63,4.17,6.05,0.6134969325153374,0.23980815347721823,0.1652892561983471,1.018594342190903,0.018594342190902946,0.6022976047518208,0.2354304785960355,0.16227191665214347,H
2016-17,2016-09-10,Bournemouth,West Brom,H,2.12,3.25,4.14,0.4716981132075471,0.3076923076923077,0.24154589371980678,1.0209363146196615,0.0209363146196615,0.46202501219018055,0.30138246949021014,0.23659251831960942,H
2016-17,2016-09-10,Burnley,Hull,D,2.55,3.14,3.23,0.3921568627450981,0.3184713375796178,0.30959752321981426,1.0202257235445302,0.020225723544530227,0.384382449584434,0.312157721796276,0.30345982861929,H
2016-17,2016-09-10,Liverpool,Leicester,H,1.68,4.07,5.52,0.5952380952380952,0.24570024570024568,0.1811594202898551,1.022097761228196,0.022097761228196067,0.5823690431753141,0.240388204553938,0.17724275227074782,H
2016-17,2016-09-10,Man United,Man City,A,2.42,3.1,3.51,0.4132231404958678,0.3225806451612903,0.2849002849002849,1.020704070557443,0.020704070557443055,0.40484127810932685,0.3160373848466358,0.2791213370440373,H
2016-17,2016-09-10,Middlesbrough,Crystal Palace,A,2.45,3.21,3.32,0.4081632653061224,0.3115264797507788,0.30120481927710846,1.0208945643340097,0.020894564334009713,0.39980942162464306,0.3051504931403039,0.29504008523505293,H
2016-17,2016-09-10,Stoke,Tottenham,A,4.27,3.68,1.94,0.234192037470726,0.2717391304347826,0.5154639175257733,1.0213950854312819,0.02139508543128188,0.229286434613927,0.2660470314677903,0.5046665339182826,A
2016-17,2016-09-10,West Ham,Watford,A,1.9,3.76,4.4,0.5263157894736842,0.26595744680851063,0.22727272727272727,1.019545963554922,0.019545963554921997,0.5162256615077384,0.26085871193210186,0.22291562656015979,H
2016-17,2016-09-11,Swansea,Chelsea,D,6.59,4.25,1.58,0.15174506828528073,0.23529411764705882,0.6329113924050632,1.0199505783374028,0.01995057833740277,0.1487768834178581,0.23069168511145527,0.6205314314706866,A
2016-17,2016-09-12,Sunderland,Everton,A,3.67,3.51,2.16,0.2724795640326976,0.2849002849002849,0.4629629629629629,1.0203428118959454,0.020342811895945445,0.2670470756062768,0.2792201616737993,0.45373276271992385,A
2016-17,2016-09-16,Chelsea,Liverpool,A,2.19,3.59,3.52,0.4566210045662101,0.2785515320334262,0.2840909090909091,1.0192634456905454,0.01926344569054539,0.44799115135229034,0.27328708118705175,0.2787217674606579,H
2016-17,2016-09-17,Everton,Middlesbrough,H,1.65,3.89,6.35,0.6060606060606061,0.2570694087403599,0.15748031496062992,1.0206103297615958,0.020610329761595825,0.5938217440951981,0.2518781176753411,0.1543001382294609,H
2016-17,2016-09-17,Hull,Arsenal,A,6.12,4.19,1.62,0.16339869281045752,0.2386634844868735,0.6172839506172839,1.019346127914615,0.019346127914614986,0.16029755579171096,0.23413390010626992,0.6055685441020191,A
2016-17,2016-09-17,Leicester,Burnley,H,1.5,4.6,7.32,0.6666666666666666,0.2173913043478261,0.13661202185792348,1.020669992872416,0.02066999287241611,0.6531657355679703,0.21298882681564252,0.13384543761638734,H
2016-17,2016-09-17,Man City,Bournemouth,H,1.25,6.95,13.05,0.8,0.14388489208633093,0.07662835249042145,1.0205132445767524,0.02051324457675241,0.7839192722401089,0.14099267486332892,0.07508805289656215,H
2016-17,2016-09-17,West Brom,West Ham,H,2.91,3.23,2.72,0.3436426116838488,0.30959752321981426,0.3676470588235294,1.0208871937271924,0.020887193727192388,0.33661173711978115,0.3032632058881001,0.3601250569921188,A
2016-17,2016-09-18,Crystal Palace,Stoke,H,2.12,3.41,3.92,0.4716981132075471,0.29325513196480935,0.25510204081632654,1.020055285988683,0.02005528598868289,0.46242406630965727,0.2874894488494057,0.25008648484093715,H
2016-17,2016-09-18,Southampton,Swansea,H,1.67,4.06,5.74,0.5988023952095809,0.24630541871921185,0.17421602787456444,1.0193238418033572,0.019323841803357222,0.5874505928853755,0.24163608130999437,0.17091332580463012,H
2016-17,2016-09-18,Tottenham,Sunderland,H,1.34,5.75,9.75,0.7462686567164178,0.17391304347826086,0.10256410256410256,1.0227458027587812,0.02274580275878124,0.7296716884131065,0.17004522825627177,0.10028308333062182,H
2016-17,2016-09-18,Watford,Man United,H,6.5,4.27,1.58,0.15384615384615385,0.234192037470726,0.6329113924050632,1.020949583721943,0.02094958372194311,0.15068927623761494,0.22938648607599463,0.6199242376863904,A
2016-17,2016-09-24,Arsenal,Chelsea,H,2.48,3.49,3.02,0.40322580645161293,0.28653295128939826,0.33112582781456956,1.0208845855555806,0.020884585555580593,0.39497687804951176,0.2806712485853264,0.32435187336516197,H
2016-17,2016-09-24,Bournemouth,Everton,H,3.33,3.46,2.32,0.3003003003003003,0.28901734104046245,0.4310344827586207,1.0203521240993836,0.020352124099383584,0.29431045734859534,0.28325254999156724,0.4224369926598373,A
2016-17,2016-09-24,Liverpool,Hull,H,1.25,6.95,12.65,0.8,0.14388489208633093,0.07905138339920949,1.0229362754855404,0.022936275485540447,0.782062401316521,0.14065870527275556,0.07727889341072341,H
2016-17,2016-09-24,Man United,Leicester,H,1.69,3.93,5.75,0.591715976331361,0.2544529262086514,0.17391304347826086,1.0200819460182733,0.02008194601827329,0.5800671001393854,0.24944361303703855,0.1704892868235759,H
2016-17,2016-09-24,Middlesbrough,Tottenham,A,3.94,3.41,2.11,0.25380710659898476,0.29325513196480935,0.47393364928909953,1.0209958878528935,0.020995887852893524,0.24858778533646125,0.2872245965471136,0.4641876181164253,A
2016-17,2016-09-24,Stoke,West Brom,D,2.29,3.43,3.42,0.4366812227074236,0.29154518950437314,0.29239766081871343,1.0206240730305103,0.02062407303051028,0.4278570673047113,0.2856538437690346,0.286489088926254,H
2016-17,2016-09-24,Sunderland,Crystal Palace,A,2.51,3.31,3.13,0.39840637450199207,0.3021148036253776,0.3194888178913738,1.0200099960187434,0.020009996018743426,0.3905906570102584,0.2961880812978092,0.31322126169193243,H
2016-17,2016-09-24,Swansea,Man City,A,9.05,5.99,1.35,0.11049723756906077,0.1669449081803005,0.7407407407407407,1.018182886490102,0.018182886490101913,0.10852395874573065,0.16396357706992695,0.7275124641843425,A
2016-17,2016-09-25,West Ham,Southampton,A,3.15,3.41,2.44,0.31746031746031744,0.29325513196480935,0.4098360655737705,1.0205515149988973,0.02055151499889729,0.31106741089954726,0.2873496610948897,0.40158292800556306,A
2016-17,2016-09-26,Burnley,Watford,H,3.4,3.23,2.4,0.29411764705882354,0.30959752321981426,0.4166666666666667,1.0203818369453046,0.0203818369453046,0.2882427307206068,0.30341340075853346,0.40834386852085963,A
2016-17,2016-09-30,Everton,Crystal Palace,D,1.76,3.88,5.1,0.5681818181818182,0.2577319587628866,0.19607843137254904,1.021992208317254,0.021992208317253903,0.5559551369939988,0.252185835337484,0.19185902766851723,H
2016-17,2016-10-01,Hull,Chelsea,A,7.5,4.9,1.46,0.13333333333333333,0.2040816326530612,0.684931506849315,1.0223464728357095,0.022346472835709452,0.13041893025121232,0.19962081160899844,0.6699602581397893,A
2016-17,2016-10-01,Sunderland,West Brom,D,2.54,3.17,3.21,0.39370078740157477,0.31545741324921134,0.3115264797507788,1.020684680401565,0.020684680401565014,0.3857222460189,0.3090645125829672,0.3052132413981327,H
2016-17,2016-10-01,Swansea,Liverpool,A,7.3,5.04,1.46,0.136986301369863,0.1984126984126984,0.684931506849315,1.0203305066318764,0.02033050663187641,0.1342567927543953,0.19445924347362814,0.6712839637719765,A
2016-17,2016-10-01,Watford,Bournemouth,D,2.51,3.33,3.11,0.39840637450199207,0.3003003003003003,0.3215434083601286,1.0202500831624208,0.02025008316242083,0.3904987424917141,0.29433989298924995,0.3151613645190361,H
2016-17,2016-10-01,West Ham,Middlesbrough,D,2.0,3.52,4.26,0.5,0.2840909090909091,0.2347417840375587,1.018832693128468,0.018832693128467914,0.49075771063517826,0.2788396083154422,0.23040268104937944,H
2016-17,2016-10-02,Burnley,Arsenal,A,9.5,5.38,1.37,0.10526315789473684,0.1858736059479554,0.7299270072992701,1.0210637711419623,0.02106377114196234,0.1030916587873939,0.18203917443870674,0.7148691667738993,A
2016-17,2016-10-02,Leicester,Southampton,D,2.52,3.38,3.05,0.3968253968253968,0.2958579881656805,0.3278688524590164,1.0205522374500937,0.020552237450093713,0.3888339883677949,0.2898998966529122,0.32126611497929286,H
2016-17,2016-10-02,Man United,Stoke,D,1.31,5.8,12.0,0.7633587786259541,0.1724137931034483,0.08333333333333333,1.0191059050627358,0.019105905062735795,0.7490475472997696,0.16918142878667214,0.08177102391355819,H
2016-17,2016-10-02,Tottenham,Man City,H,3.02,3.5,2.48,0.33112582781456956,0.2857142857142857,0.40322580645161293,1.0200659199804682,0.02006591998046825,0.3246121856721866,0.2800939430657152,0.39529387126209814,A
2016-17,2016-10-15,Arsenal,Swansea,H,1.24,7.0,14.5,0.8064516129032259,0.14285714285714285,0.06896551724137931,1.018274273001748,0.018274273001747998,0.7919787765293383,0.14029338327091134,0.06772784019975031,H
2016-17,2016-10-15,Bournemouth,Hull,H,1.79,3.81,4.99,0.5586592178770949,0.26246719160104987,0.2004008016032064,1.0215272110813511,0.02152721108135114,0.5468862814586396,0.2569360744910669,0.19617764405029356,H
2016-17,2016-10-15,Chelsea,Leicester,H,1.56,4.35,6.76,0.641025641025641,0.2298850574712644,0.14792899408284024,1.0188396925797456,0.018839692579745604,0.6291722296395194,0.22563417890520698,0.14519359145527372,H
2016-17,2016-10-15,Crystal Palace,West Ham,A,2.23,3.45,3.56,0.4484304932735426,0.2898550724637681,0.2808988764044944,1.019184442141805,0.019184442141805036,0.43998953941169944,0.2843990356197362,0.27561142496856456,H
2016-17,2016-10-15,Man City,Everton,D,1.52,4.73,6.68,0.6578947368421053,0.2114164904862579,0.14970059880239522,1.0190118261307584,0.019011826130758358,0.6456203156543986,0.2074720676098701,0.1469076167357314,H
2016-17,2016-10-15,Stoke,Sunderland,H,1.94,3.61,4.36,0.5154639175257733,0.2770083102493075,0.2293577981651376,1.0218300259402184,0.021830025940218434,0.5044517233201075,0.271090399789753,0.2244578768901395,H
2016-17,2016-10-15,West Brom,Tottenham,D,5.55,3.95,1.7,0.1801801801801802,0.2531645569620253,0.5882352941176471,1.0215800312598526,0.02158003125985264,0.17637402324512444,0.2478166655722634,0.5758093111826121,A
2016-17,2016-10-16,Middlesbrough,Watford,A,2.26,3.27,3.67,0.4424778761061947,0.3058103975535168,0.2724795640326976,1.020767837692409,0.020767837692408975,0.43347552672356815,0.2995885903349431,0.26693588294148884,H
2016-17,2016-10-16,Southampton,Burnley,H,1.35,5.3,10.85,0.7407407407407407,0.18867924528301888,0.09216589861751152,1.021585884641271,0.02158588464127109,0.7250890521073038,0.18469249440469063,0.09021845348800556,H
2016-17,2016-10-17,Liverpool,Man United,D,2.28,3.34,3.54,0.4385964912280702,0.29940119760479045,0.2824858757062147,1.0204835645390753,0.020483564539075294,0.42979280261723013,0.29339149400218106,0.27681570338058886,H
2016-17,2016-10-22,Arsenal,Middlesbrough,D,1.27,6.3,13.0,0.7874015748031495,0.15873015873015872,0.07692307692307693,1.0230548104563852,0.023054810456385244,0.7696572722744829,0.15515313266485606,0.07518959506066103,H
2016-17,2016-10-22,Bournemouth,Tottenham,D,4.3,3.66,1.94,0.23255813953488372,0.27322404371584696,0.5154639175257733,1.021246100776504,0.021246100776503907,0.22771997793485652,0.26753986478685327,0.5047401572782902,A
2016-17,2016-10-22,Burnley,Everton,H,5.9,3.73,1.71,0.1694915254237288,0.2680965147453083,0.5847953216374269,1.022383361806464,0.02238336180646394,0.16578079393257317,0.26222699308369485,0.571992212983732,A
2016-17,2016-10-22,Hull,Stoke,A,2.99,3.32,2.6,0.33444816053511706,0.30120481927710846,0.3846153846153846,1.02026836442761,0.02026836442761004,0.3278041074249605,0.29522116903633494,0.3769747235387046,A
2016-17,2016-10-22,Leicester,Crystal Palace,H,2.0,3.42,4.38,0.5,0.29239766081871343,0.22831050228310504,1.0207081631018184,0.020708163101818444,0.48985598241965234,0.2864654867951183,0.2236785307852294,H
2016-17,2016-10-22,Liverpool,West Brom,H,1.31,5.93,11.06,0.7633587786259541,0.16863406408094436,0.09041591320072333,1.0224087559076218,0.022408755907621813,0.7466277789730962,0.16493800850839058,0.08843421251851322,H
2016-17,2016-10-22,Swansea,Watford,D,2.49,3.3,3.17,0.4016064257028112,0.30303030303030304,0.31545741324921134,1.0200941419823255,0.02009414198232551,0.3936954533650969,0.2970611148118459,0.30924343182305725,H
2016-17,2016-10-22,West Ham,Sunderland,H,1.69,4.01,5.61,0.591715976331361,0.24937655860349128,0.17825311942959002,1.0193456543644424,0.019345654364442355,0.5804860930125741,0.24464376488559858,0.17487014210182716,H
2016-17,2016-10-23,Chelsea,Man United,H,2.19,3.31,3.82,0.4566210045662101,0.3021148036253776,0.2617801047120419,1.0205159129036296,0.02051591290362964,0.4474413370654909,0.29604124718230357,0.2565174157522055,H
2016-17,2016-10-23,Man City,Southampton,D,1.47,4.59,8.25,0.6802721088435374,0.2178649237472767,0.12121212121212122,1.0193491538029353,0.019349153802935337,0.66735927165448,0.21372943994163085,0.11891128840388916,H
2016-17,2016-10-29,Crystal Palace,Liverpool,A,4.8,4.08,1.76,0.20833333333333334,0.24509803921568626,0.5681818181818182,1.021613190730838,0.021613190730837895,0.20392584514721918,0.23991275899672843,0.5561613958560523,A
2016-17,2016-10-29,Man United,Burnley,D,1.26,6.4,14.25,0.7936507936507936,0.15625,0.07017543859649122,1.020076232247285,0.020076232247284942,0.7780308653034064,0.15317482660660814,0.0687943080899854,H
2016-17,2016-10-29,Middlesbrough,Bournemouth,H,2.52,3.13,3.29,0.3968253968253968,0.3194888178913738,0.303951367781155,1.0202655824979256,0.02026558249792565,0.3889432355973878,0.31314279671099593,0.2979139676916162,H
2016-17,2016-10-29,Sunderland,Arsenal,A,8.14,4.87,1.44,0.12285012285012284,0.2053388090349076,0.6944444444444444,1.0226333763294748,0.02263337632947482,0.1201311493382577,0.2007941592635355,0.6790746913982069,A
2016-17,2016-10-29,Tottenham,Leicester,D,1.63,4.22,5.85,0.6134969325153374,0.23696682464454977,0.17094017094017094,1.0214039281000582,0.0214039281000582,0.6006408587604711,0.23200108999515826,0.1673580512443706,H
2016-17,2016-10-29,Watford,Hull,H,1.75,3.76,5.51,0.5714285714285714,0.26595744680851063,0.18148820326678766,1.0188742215038697,0.018874221503869748,0.5608430946315792,0.2610306956396978,0.17812620972872298,H
2016-17,2016-10-29,West Brom,Man City,A,7.58,4.75,1.48,0.13192612137203166,0.21052631578947367,0.6756756756756757,1.0181281128371809,0.018128112837180854,0.12957713249307878,0.20677782406263942,0.6636450434442819,A
2016-17,2016-10-30,Everton,West Ham,H,1.88,3.76,4.47,0.5319148936170213,0.26595744680851063,0.2237136465324385,1.0215859869579704,0.021585986957970427,0.5206755969714618,0.2603377984857309,0.21898660454280724,H
2016-17,2016-10-30,Southampton,Chelsea,A,3.24,3.39,2.4,0.30864197530864196,0.2949852507374631,0.4166666666666667,1.0202938927127718,0.02029389271277182,0.3025030116450274,0.2891179226341855,0.408379065720787,A
2016-17,2016-10-31,Stoke,Swansea,H,2.02,3.5,4.17,0.49504950495049505,0.2857142857142857,0.23980815347721823,1.020571944141999,0.02057194414199892,0.4850706584597387,0.2799550657396206,0.2349742758006408,H
2016-17,2016-11-05,Bournemouth,Sunderland,A,1.63,4.4,5.61,0.6134969325153374,0.22727272727272727,0.17825311942959002,1.0190227792176547,0.019022779217654717,0.6020443752850589,0.22303007538969227,0.17492554932524884,H
2016-17,2016-11-05,Burnley,Crystal Palace,H,3.6,3.27,2.29,0.2777777777777778,0.3058103975535168,0.4366812227074236,1.0202693980387183,0.0202693980387183,0.2722592467359649,0.2997349505350072,0.4280058027290278,A
2016-17,2016-11-05,Chelsea,Everton,H,1.5,4.61,7.4,0.6666666666666666,0.21691973969631234,0.13513513513513511,1.0187215414981141,0.018721541498114114,0.6544150089201788,0.21293330008248768,0.13265169099733354,H
2016-17,2016-11-05,Man City,Middlesbrough,D,1.22,7.55,14.75,0.819672131147541,0.13245033112582782,0.06779661016949153,1.0199190724428604,0.019919072442860397,0.8036638918657559,0.12986356928161885,0.06647253885262523,H
2016-17,2016-11-05,West Ham,Stoke,D,2.01,3.53,4.17,0.49751243781094534,0.28328611898017,0.23980815347721823,1.0206067102683336,0.020606710268333606,0.4874673395789662,0.27756638882541695,0.23496627159561678,H
2016-17,2016-11-06,Arsenal,Tottenham,D,1.97,3.63,4.2,0.5076142131979695,0.27548209366391185,0.23809523809523808,1.0211915449571194,0.02119154495711939,0.4970803133894774,0.269765349139744,0.23315433747077868,H
2016-17,2016-11-06,Hull,Southampton,H,5.75,3.9,1.69,0.17391304347826086,0.25641025641025644,0.591715976331361,1.0220392762198782,0.022039276219878223,0.17016277898976337,0.2508810203054204,0.5789562007048162,A
2016-17,2016-11-06,Leicester,West Brom,A,1.74,3.72,5.65,0.5747126436781609,0.26881720430107525,0.17699115044247787,1.020520998421714,0.020520998421714065,0.5631561178721283,0.2634117325530923,0.17343214957477934,H
2016-17,2016-11-06,Liverpool,Watford,H,1.29,6.3,11.95,0.7751937984496123,0.15873015873015872,0.08368200836820085,1.017605965547972,0.01760596554797189,0.7617818926918115,0.15598391136070425,0.08223419594748427,H
2016-17,2016-11-06,Swansea,Man United,A,5.53,4.04,1.69,0.18083182640144665,0.24752475247524752,0.591715976331361,1.0200725552080552,0.020072555208055176,0.17727349439821366,0.24265406535201026,0.580072440249776,A
2016-17,2016-11-19,Crystal Palace,Man City,A,6.75,5.03,1.49,0.14814814814814814,0.19880715705765406,0.6711409395973155,1.0180962448031177,0.018096244803117667,0.14551487534147367,0.19527344106460184,0.6592116835939245,A
2016-17,2016-11-19,Everton,Swansea,D,1.6,4.42,5.94,0.625,0.22624434389140272,0.16835016835016833,1.019594512241571,0.01959451224157105,0.6129887837724255,0.22189639231581013,0.1651148239117644,H
2016-17,2016-11-19,Man United,Arsenal,D,2.5,3.24,3.21,0.4,0.30864197530864196,0.3115264797507788,1.0201684550594208,0.020168455059420776,0.3920921079418218,0.30254020674523285,0.30536768531294534,H
2016-17,2016-11-19,Southampton,Liverpool,D,3.19,3.47,2.39,0.31347962382445144,0.2881844380403458,0.41841004184100417,1.0200741037058014,0.020074103705801427,0.3073106382032631,0.2825132380024234,0.41017612379431345,A
2016-17,2016-11-19,Stoke,Bournemouth,A,2.13,3.48,3.79,0.4694835680751174,0.28735632183908044,0.2638522427440633,1.0206921326582612,0.020692132658261198,0.4599658928029629,0.28153084818112384,0.2585032590159132,H
2016-17,2016-11-19,Sunderland,Hull,H,2.29,3.33,3.53,0.4366812227074236,0.3003003003003003,0.28328611898017,1.020267641987894,0.020267641987893992,0.428006539398419,0.29433482739410793,0.2776586332074729,H
2016-17,2016-11-19,Tottenham,West Ham,H,1.57,4.35,6.44,0.6369426751592356,0.2298850574712644,0.15527950310559005,1.02210723573609,0.02210723573609008,0.6231661932228952,0.22491285594481508,0.15192095083228968,H
2016-17,2016-11-19,Watford,Leicester,H,3.02,3.32,2.58,0.33112582781456956,0.30120481927710846,0.38759689922480617,1.0199275463164843,0.0199275463164843,0.3246562258372625,0.2953198198881123,0.38002395427462504,A
2016-17,2016-11-20,Middlesbrough,Chelsea,A,6.95,4.66,1.51,0.14388489208633093,0.2145922746781116,0.6622516556291391,1.0207288223935818,0.02072882239358176,0.1409628972256556,0.2102343638880486,0.6488027388862957,A
2016-17,2016-11-21,West Brom,Burnley,H,1.91,3.45,4.83,0.5235602094240838,0.2898550724637681,0.20703933747412007,1.020454619361972,0.020454619361971904,0.5130656469088591,0.28404503930316555,0.20288931378797534,H
2016-17,2016-11-26,Burnley,Man City,A,13.0,7.25,1.24,0.07692307692307693,0.13793103448275862,0.8064516129032259,1.0213057243090615,0.021305724309061524,0.07531836461126004,0.13505361930294904,0.7896280160857908,A
2016-17,2016-11-26,Chelsea,Tottenham,H,1.72,3.84,5.55,0.5813953488372093,0.2604166666666667,0.1801801801801802,1.021992195684056,0.02199219568405608,0.5688843332585926,0.25481277427207794,0.1763028924693296,H
2016-17,2016-11-26,Hull,West Brom,D,2.86,3.11,2.86,0.3496503496503497,0.3215434083601286,0.3496503496503497,1.0208441076608281,0.020844107660828115,0.34251101321585903,0.3149779735682819,0.34251101321585903,H
2016-17,2016-11-26,Leicester,Middlesbrough,D,1.93,3.41,4.8,0.5181347150259068,0.29325513196480935,0.20833333333333334,1.0197231803240494,0.019723180324049405,0.5081131085607499,0.2875830790387821,0.20430381240046816,H
2016-17,2016-11-26,Liverpool,Sunderland,H,1.19,9.0,15.0,0.8403361344537815,0.1111111111111111,0.06666666666666667,1.0181139122315592,0.018113912231559226,0.8253851797505504,0.10913426265590609,0.06548055759354365,H
2016-17,2016-11-26,Swansea,Crystal Palace,H,2.72,3.33,2.84,0.3676470588235294,0.3003003003003003,0.35211267605633806,1.0200600351801676,0.020060035180167635,0.3604170795286514,0.2943947316270065,0.3451881888443422,H
2016-17,2016-11-27,Arsenal,Bournemouth,H,1.34,5.64,10.1,0.7462686567164178,0.1773049645390071,0.09900990099009901,1.022583522245524,0.022583522245523957,0.729787484818514,0.17338922511645546,0.09682329006503058,H
2016-17,2016-11-27,Man United,West Ham,D,1.36,5.57,9.25,0.7352941176470588,0.17953321364452424,0.10810810810810811,1.0229354393996912,0.022935439399691226,0.7188079416610744,0.17550786367308102,0.10568419466584447,H
2016-17,2016-11-27,Southampton,Everton,H,2.15,3.47,3.74,0.46511627906976744,0.2881844380403458,0.267379679144385,1.0206803962544981,0.020680396254498135,0.45569238007956664,0.28234542281586983,0.26196219710456364,H
2016-17,2016-11-27,Watford,Stoke,A,2.23,3.31,3.71,0.4484304932735426,0.3021148036253776,0.2695417789757412,1.0200870758746614,0.02008707587466141,0.43960021049089487,0.296165700723473,0.2642340887856322,H
2016-17,2016-12-03,Crystal Palace,Southampton,H,3.66,3.42,2.2,0.27322404371584696,0.29239766081871343,0.45454545454545453,1.020167159080015,0.020167159080014985,0.2678228183332621,0.2866174020759472,0.44555977959079063,A
2016-17,2016-12-03,Man City,Chelsea,A,2.15,3.49,3.72,0.46511627906976744,0.28653295128939826,0.26881720430107525,1.020466434660241,0.020466434660241006,0.45578792527813566,0.2807862576928343,0.26342581702903,H
2016-17,2016-12-03,Stoke,Burnley,H,1.62,4.04,6.45,0.6172839506172839,0.24752475247524752,0.15503875968992248,1.0198474627824539,0.019847462782453862,0.6052708597549928,0.2427076219809625,0.15202151826404472,H
2016-17,2016-12-03,Sunderland,Leicester,H,3.43,3.52,2.25,0.29154518950437314,0.2840909090909091,0.4444444444444444,1.0200805430397266,0.020080543039726617,0.2858060488396346,0.27849850781816676,0.4356954433421986,A
2016-17,2016-12-03,Tottenham,Swansea,H,1.36,5.67,9.36,0.7352941176470588,0.1763668430335097,0.10683760683760685,1.0184985675181752,0.018498567518175246,0.7219392752203722,0.1731635651322233,0.10489715964740452,H
2016-17,2016-12-03,West Brom,Watford,H,2.1,3.38,4.03,0.47619047619047616,0.2958579881656805,0.24813895781637715,1.0201874221725338,0.020187422172533775,0.46676764076977906,0.2900035637918746,0.24322879543834638,H
2016-17,2016-12-03,West Ham,Arsenal,A,5.57,4.41,1.63,0.17953321364452424,0.22675736961451246,0.6134969325153374,1.019787515774374,0.019787515774374098,0.1760496288368425,0.22235746771456072,0.6015929034485968,A
2016-17,2016-12-04,Bournemouth,Liverpool,H,5.02,4.05,1.74,0.19920318725099603,0.2469135802469136,0.5747126436781609,1.0208294111760705,0.02082941117607051,0.19513856582707517,0.241875456901708,0.5629859772712168,A
2016-17,2016-12-04,Everton,Man United,D,4.3,3.66,1.94,0.23255813953488372,0.27322404371584696,0.5154639175257733,1.021246100776504,0.021246100776503907,0.22771997793485652,0.26753986478685327,0.5047401572782902,A
2016-17,2016-12-05,Middlesbrough,Hull,H,1.92,3.38,4.93,0.5208333333333334,0.2958579881656805,0.20283975659229211,1.019531078091306,0.019531078091306053,0.5108557694076385,0.2901902595451675,0.19895397104719392,H
2016-17,2016-12-10,Arsenal,Stoke,H,1.32,6.0,10.5,0.7575757575757576,0.16666666666666666,0.09523809523809523,1.0194805194805194,0.01948051948051943,0.743099787685775,0.16348195329087048,0.09341825902335456,H
2016-17,2016-12-10,Burnley,Bournemouth,H,3.54,3.2,2.35,0.2824858757062147,0.3125,0.425531914893617,1.0205177905998317,0.02051779059983172,0.27680641955313434,0.30621710163065485,0.41697647881621086,A
2016-17,2016-12-10,Hull,Crystal Palace,D,3.4,3.32,2.35,0.29411764705882354,0.30120481927710846,0.425531914893617,1.020854381229549,0.02085438122954897,0.28810930576070903,0.29505169867060566,0.41683899556868537,A
2016-17,2016-12-10,Leicester,Man City,H,4.79,4.12,1.76,0.20876826722338204,0.24271844660194175,0.5681818181818182,1.0196685320071421,0.019668532007142137,0.2047413062874826,0.2380366158051072,0.5572220779074101,A
2016-17,2016-12-10,Swansea,Sunderland,H,2.15,3.66,3.55,0.46511627906976744,0.27322404371584696,0.28169014084507044,1.020030463630685,0.020030463630684947,0.4559827335099756,0.2678587095755321,0.27615855691449226,H
2016-17,2016-12-10,Watford,Everton,H,3.38,3.39,2.33,0.2958579881656805,0.2949852507374631,0.4291845493562232,1.020027788259367,0.020027788259366908,0.2900489492257356,0.28919334760560067,0.4207577031686636,A
2016-17,2016-12-11,Chelsea,West Brom,H,1.27,6.3,13.0,0.7874015748031495,0.15873015873015872,0.07692307692307693,1.0230548104563852,0.023054810456385244,0.7696572722744829,0.15515313266485606,0.07518959506066103,H
2016-17,2016-12-11,Liverpool,West Ham,D,1.31,6.4,9.97,0.7633587786259541,0.15625,0.10030090270812436,1.0199096813340784,0.019909681334078444,0.7484572336125425,0.1531998400050673,0.09834292638239024,H
2016-17,2016-12-11,Man United,Tottenham,H,2.18,3.39,3.75,0.4587155963302752,0.2949852507374631,0.26666666666666666,1.020367513734405,0.02036751373440504,0.44955919328658267,0.28909706234948385,0.26134374436393343,H
2016-17,2016-12-11,Southampton,Middlesbrough,H,1.63,3.76,7.2,0.6134969325153374,0.26595744680851063,0.1388888888888889,1.018343268212737,0.018343268212736907,0.6024461020811451,0.2611667942532624,0.1363871036655926,H
2016-17,2016-12-13,Bournemouth,Leicester,H,2.27,3.48,3.42,0.44052863436123346,0.28735632183908044,0.29239766081871343,1.0202826170190273,0.020282617019027338,0.4317711847804793,0.2816438475435885,0.28658496767593217,H
2016-17,2016-12-13,Everton,Arsenal,H,4.14,3.78,1.94,0.24154589371980678,0.2645502645502646,0.5154639175257733,1.0215600757958447,0.021560075795844735,0.23644805571677305,0.25896691816598955,0.5045850261172373,A
2016-17,2016-12-14,Crystal Palace,Man United,A,5.41,3.96,1.71,0.18484288354898337,0.25252525252525254,0.5847953216374269,1.0221634577116627,0.022163457711662726,0.18083495565650012,0.2470497752781984,0.5721152690653015,A
2016-17,2016-12-14,Man City,Watford,H,1.28,6.7,11.0,0.78125,0.14925373134328357,0.09090909090909091,1.0214128222523744,0.021412822252374397,0.7648719332475404,0.1461247872472913,0.08900327950516834,H
2016-17,2016-12-14,Middlesbrough,Liverpool,A,5.53,3.91,1.71,0.18083182640144665,0.2557544757033248,0.5847953216374269,1.0213816237421982,0.021381623742198208,0.17704628925954663,0.2504005062929138,0.5725532044475397,A
2016-17,2016-12-14,Stoke,Southampton,D,3.32,3.34,2.38,0.30120481927710846,0.29940119760479045,0.42016806722689076,1.0207740841087898,0.02077408410878978,0.2950749083134122,0.29330799269476904,0.4116170989918187,A
2016-17,2016-12-14,Sunderland,Chelsea,A,7.26,4.51,1.51,0.13774104683195593,0.22172949002217296,0.6622516556291391,1.021722192483268,0.02172219248326801,0.13481262112666856,0.2170154388868323,0.6481719399864991,A
2016-17,2016-12-14,Tottenham,Hull,H,1.23,7.14,14.5,0.8130081300813008,0.1400560224089636,0.06896551724137931,1.0220296697316436,0.022029669731643553,0.7954838828649408,0.13703713948513685,0.06747897764992256,H
2016-17,2016-12-14,West Brom,Swansea,H,2.08,3.45,4.01,0.4807692307692307,0.2898550724637681,0.24937655860349128,1.0200008618364902,0.02000086183649019,0.47134198485245965,0.28417139956322207,0.24448661558431825,H
2016-17,2016-12-14,West Ham,Burnley,H,1.65,4.0,6.12,0.6060606060606061,0.25,0.16339869281045752,1.0194592988710636,0.01945929887106357,0.5944922045752586,0.24522803438729418,0.16027976103744718,H
2016-17,2016-12-17,Crystal Palace,Chelsea,A,6.85,4.44,1.54,0.14598540145985403,0.2252252252252252,0.6493506493506493,1.0205612760357285,0.02056127603572855,0.14304422957034013,0.22068760643171842,0.6362681639979415,A
2016-17,2016-12-17,Middlesbrough,Swansea,H,2.14,3.33,3.96,0.4672897196261682,0.3003003003003003,0.25252525252525254,1.020115272451721,0.020115272451721067,0.45807540799099605,0.2943787907209404,0.24754580128806353,H
2016-17,2016-12-17,Stoke,Leicester,D,2.82,3.21,2.82,0.3546099290780142,0.3115264797507788,0.3546099290780142,1.0207463379068071,0.020746337906807133,0.34740259740259744,0.3051948051948052,0.34740259740259744,H
2016-17,2016-12-17,Sunderland,Watford,H,2.67,3.32,2.9,0.37453183520599254,0.30120481927710846,0.3448275862068966,1.0205642406899975,0.020564240689997515,0.3669850659795544,0.2951355801703043,0.33787935385014145,H
2016-17,2016-12-17,West Brom,Man United,A,6.1,3.9,1.67,0.1639344262295082,0.25641025641025644,0.5988023952095809,1.0191470778493454,0.01914707784934544,0.16085453198320573,0.25159298592245,0.5875524820943443,A
2016-17,2016-12-17,West Ham,Hull,H,1.71,3.85,5.64,0.5847953216374269,0.2597402597402597,0.1773049645390071,1.0218405459166937,0.02184054591669371,0.5722960631913531,0.2541886410538218,0.17351529575482516,H
2016-17,2016-12-18,Bournemouth,Southampton,A,2.97,3.26,2.65,0.33670033670033667,0.3067484662576687,0.37735849056603776,1.0208072935240433,0.020807293524043313,0.3298373148745594,0.30049595864338696,0.36966672648205345,A
2016-17,2016-12-18,Man City,Arsenal,H,2.26,3.5,3.41,0.4424778761061947,0.2857142857142857,0.29325513196480935,1.0214472937852896,0.021447293785289645,0.4331871833214769,0.27971515265901076,0.2870976640195125,H
2016-17,2016-12-18,Tottenham,Burnley,H,1.23,7.1,15.45,0.8130081300813008,0.14084507042253522,0.06472491909385114,1.018578119597687,0.01857811959768707,0.7981794566747799,0.13827615939577173,0.0635443839294485,H
2016-17,2016-12-19,Everton,Liverpool,A,3.99,3.4,2.1,0.2506265664160401,0.29411764705882354,0.47619047619047616,1.02093468966534,0.020934689665339956,0.2454873646209386,0.28808664259927796,0.4664259927797833,A
2016-17,2016-12-26,Arsenal,West Brom,H,1.35,5.55,10.25,0.7407407407407407,0.1801801801801802,0.0975609756097561,1.018481896530677,0.018481896530677,0.7272988781282961,0.17691053792309908,0.09579058394860486,H
2016-17,2016-12-26,Burnley,Middlesbrough,H,2.97,3.18,2.71,0.33670033670033667,0.31446540880503143,0.36900369003690037,1.0201694355422686,0.020169435542268577,0.3300435446993807,0.3082482162758367,0.36170823902478255,A
2016-17,2016-12-26,Chelsea,Bournemouth,H,1.38,5.05,10.4,0.7246376811594204,0.19801980198019803,0.09615384615384615,1.0188113292934644,0.018811329293464407,0.711257973212714,0.19436356495713766,0.09437846183014856,H
2016-17,2016-12-26,Hull,Man City,A,9.6,5.05,1.39,0.10416666666666667,0.19801980198019803,0.7194244604316548,1.0216109290785194,0.02161092907851936,0.10196314830013001,0.19383093538242538,0.7042059163174447,A
2016-17,2016-12-26,Leicester,Everton,A,2.7,3.28,2.9,0.37037037037037035,0.3048780487804878,0.3448275862068966,1.0200760053577547,0.020076005357754667,0.36308115123291856,0.2988777769295366,0.3380410718375449,H
2016-17,2016-12-26,Man United,Sunderland,H,1.21,7.65,16.0,0.8264462809917356,0.13071895424836602,0.0625,1.0196652352401014,0.019665235240101442,0.8105074611052435,0.12819791214867252,0.06129462674608405,H
2016-17,2016-12-26,Swansea,West Ham,A,2.44,3.46,3.11,0.4098360655737705,0.28901734104046245,0.3215434083601286,1.0203968149743616,0.020396814974361632,0.40164381107370273,0.28324014422538574,0.3151160447009115,H
2016-17,2016-12-26,Watford,Crystal Palace,D,2.47,3.26,3.24,0.4048582995951417,0.3067484662576687,0.30864197530864196,1.0202487411614525,0.020248741161452477,0.3968231307340311,0.3006604702187291,0.30251639904723976,H
2016-17,2016-12-27,Liverpool,Stoke,H,1.34,5.75,10.0,0.7462686567164178,0.17391304347826086,0.1,1.0201817001946787,0.020181700194678687,0.7315056294128872,0.1704726162457859,0.0980217543413269,H
2016-17,2016-12-28,Southampton,Tottenham,A,3.11,3.2,2.59,0.3215434083601286,0.3125,0.3861003861003861,1.0201437944605147,0.02014379446051473,0.31519420115687835,0.3063293642493411,0.37847643459378055,A
2016-17,2016-12-30,Hull,Everton,D,4.05,3.41,2.08,0.2469135802469136,0.29325513196480935,0.4807692307692307,1.0209379429809537,0.02093794298095375,0.2418497440950923,0.2872408984120597,0.4709093574928479,A
2016-17,2016-12-31,Burnley,Sunderland,H,2.33,3.36,3.41,0.4291845493562232,0.2976190476190476,0.29325513196480935,1.0200587289400802,0.020058728940080206,0.42074494063903467,0.2917665808598068,0.28748847850115855,H
2016-17,2016-12-31,Chelsea,Stoke,H,1.25,6.85,13.0,0.8,0.14598540145985403,0.07692307692307693,1.022908478382931,0.022908478382930975,0.7820836535294764,0.14271599516961248,0.07520035130091118,H
2016-17,2016-12-31,Leicester,West Ham,H,2.11,3.44,3.91,0.47393364928909953,0.29069767441860467,0.2557544757033248,1.020385799411029,0.020385799411029026,0.4644651557897572,0.284889964743136,0.25064487946710684,H
2016-17,2016-12-31,Liverpool,Man City,H,2.48,3.51,3.01,0.40322580645161293,0.2849002849002849,0.33222591362126247,1.0203520049731603,0.020352004973160254,0.39518303927105974,0.27921764598069176,0.32559931474824855,H
2016-17,2016-12-31,Man United,Middlesbrough,H,1.26,6.3,14.75,0.7936507936507936,0.15873015873015872,0.06779661016949153,1.020177562550444,0.020177562550443895,0.7779535864978903,0.15559071729957805,0.06645569620253165,H
2016-17,2016-12-31,Southampton,West Brom,A,1.69,3.8,6.05,0.591715976331361,0.2631578947368421,0.1652892561983471,1.0201631272665503,0.02016312726655034,0.5800209402949301,0.2579566813416926,0.16202237836337716,H
2016-17,2016-12-31,Swansea,Bournemouth,A,2.75,3.41,2.75,0.36363636363636365,0.29325513196480935,0.36363636363636365,1.0205278592375366,0.02052785923753664,0.3563218390804598,0.28735632183908044,0.3563218390804598,H
2016-17,2017-01-01,Arsenal,Crystal Palace,H,1.37,5.5,9.2,0.7299270072992701,0.18181818181818182,0.10869565217391305,1.020440841291365,0.02044084129136503,0.7153055598750335,0.17817611218705381,0.1065183279379126,H
2016-17,2017-01-01,Watford,Tottenham,A,6.51,4.28,1.58,0.15360983102918588,0.2336448598130841,0.6329113924050632,1.0201660832473332,0.020166083247333155,0.15057335619336024,0.2290262964529848,0.620400347353655,A
2016-17,2017-01-02,Everton,Southampton,H,2.48,3.25,3.24,0.40322580645161293,0.3076923076923077,0.30864197530864196,1.0195600894525627,0.019560089452562712,0.39548998692967563,0.3017892823340294,0.3027207307362949,H
2016-17,2017-01-02,Man City,Burnley,H,1.19,7.75,18.5,0.8403361344537815,0.12903225806451613,0.05405405405405406,1.0234224465723516,0.023422446572351596,0.8211038728613359,0.12607917531677287,0.05281695182189134,H
2016-17,2017-01-02,Middlesbrough,Leicester,D,2.78,3.06,2.99,0.3597122302158274,0.32679738562091504,0.33444816053511706,1.0209577763718594,0.02095777637185936,0.3523282142912155,0.32008903128417615,0.3275827544246084,H
2016-17,2017-01-02,Sunderland,Liverpool,D,10.0,6.2,1.32,0.1,0.16129032258064516,0.7575757575757576,1.0188660801564027,0.018866080156402676,0.09814832581790273,0.15830375131919794,0.7435479228628994,A
2016-17,2017-01-02,West Brom,Hull,H,2.01,3.27,4.65,0.49751243781094534,0.3058103975535168,0.2150537634408602,1.0183765988053224,0.018376598805322386,0.4885348292513663,0.3002920510077205,0.21117311974091313,H
2016-17,2017-01-02,West Ham,Man United,A,6.5,4.57,1.54,0.15384615384615385,0.2188183807439825,0.6493506493506493,1.0220151839407858,0.022015183940785832,0.15053216064064612,0.21410482366831501,0.6353630156910387,A
2016-17,2017-01-03,Bournemouth,Arsenal,D,5.45,4.3,1.65,0.18348623853211007,0.23255813953488372,0.6060606060606061,1.0221049841276,0.02210498412759998,0.17951799607818328,0.22752862293630208,0.5929533809855145,A
2016-17,2017-01-03,Crystal Palace,Swansea,A,1.88,3.71,4.58,0.5319148936170213,0.2695417789757412,0.2183406113537118,1.0197972839464744,0.019797283946474398,0.5215888510298676,0.2643091751849464,0.21410197378518586,H
2016-17,2017-01-03,Stoke,Watford,H,1.85,3.57,5.02,0.5405405405405405,0.2801120448179272,0.19920318725099603,1.0198557726094637,0.019855772609463695,0.5300166504499761,0.27465848832841905,0.1953248612216048,H
2016-17,2017-01-04,Tottenham,Chelsea,H,2.71,3.09,3.05,0.36900369003690037,0.3236245954692557,0.3278688524590164,1.0204971379651724,0.020497137965172385,0.36159208713968366,0.31712445182800736,0.3212834610323091,H
2016-17,2017-01-14,Burnley,Southampton,H,4.33,3.45,2.0,0.23094688221709006,0.2898550724637681,0.5,1.0208019546808582,0.020801954680858215,0.2262406347853173,0.2839483909044707,0.489810974310212,A
2016-17,2017-01-14,Hull,Bournemouth,H,3.0,3.46,2.51,0.3333333333333333,0.28901734104046245,0.39840637450199207,1.0207570488757878,0.020757048875787776,0.3265550149278425,0.2831401863536207,0.3903047987185369,A
2016-17,2017-01-14,Leicester,Chelsea,A,4.98,3.62,1.84,0.2008032128514056,0.27624309392265195,0.5434782608695652,1.0205245676436228,0.02052456764362276,0.1967647024069763,0.2706873530350117,0.532547944558012,A
2016-17,2017-01-14,Sunderland,Stoke,A,3.39,3.51,2.27,0.2949852507374631,0.2849002849002849,0.44052863436123346,1.0204141699989815,0.02041416999898149,0.2890838440020463,0.279200635660096,0.4317155203378577,A
2016-17,2017-01-14,Swansea,Arsenal,A,6.95,4.92,1.49,0.14388489208633093,0.2032520325203252,0.6711409395973155,1.0182778642039716,0.018277864203971594,0.14130218984855522,0.1996037031397274,0.6590941070117173,A
2016-17,2017-01-14,Tottenham,West Brom,H,1.34,5.38,11.29,0.7462686567164178,0.1858736059479554,0.08857395925597875,1.020716221920352,0.02071622192035205,0.7311225595223765,0.18210115794795254,0.08677628252967091,H
2016-17,2017-01-14,Watford,Middlesbrough,D,2.35,3.14,3.62,0.425531914893617,0.3184713375796178,0.27624309392265195,1.0202463463958868,0.02024634639588685,0.4170874185404802,0.31215141196500906,0.2707611694945107,H
2016-17,2017-01-14,West Ham,Crystal Palace,H,2.43,3.29,3.29,0.4115226337448559,0.303951367781155,0.303951367781155,1.019425369307166,0.019425369307165985,0.40368098159509197,0.298159509202454,0.298159509202454,H
2016-17,2017-01-15,Everton,Man City,H,4.75,3.93,1.8,0.21052631578947367,0.2544529262086514,0.5555555555555556,1.0205347975536807,0.020534797553680706,0.20629018853068543,0.2493329250688946,0.5443768864004199,A
2016-17,2017-01-15,Man United,Liverpool,D,2.03,3.41,4.28,0.4926108374384237,0.29325513196480935,0.2336448598130841,1.019510829216317,0.019510829216317083,0.48318352617900723,0.2876429789276787,0.22917349489331415,H
2016-17,2017-01-21,Bournemouth,Watford,D,1.92,3.66,4.43,0.5208333333333334,0.27322404371584696,0.22573363431151244,1.0197910113606927,0.019791011360692723,0.5107255580125116,0.26792160420328476,0.2213528377842037,H
2016-17,2017-01-21,Crystal Palace,Everton,A,3.02,3.31,2.58,0.33112582781456956,0.3021148036253776,0.38759689922480617,1.0208375306647535,0.020837530664753467,0.3243668241693128,0.295947978547228,0.3796851972834591,A
2016-17,2017-01-21,Liverpool,Swansea,A,1.27,6.5,13.0,0.7874015748031495,0.15384615384615385,0.07692307692307693,1.0181708055723804,0.018170805572380377,0.7733491969066032,0.15110053539559787,0.07555026769779893,H
2016-17,2017-01-21,Man City,Tottenham,D,2.15,3.58,3.62,0.46511627906976744,0.27932960893854747,0.27624309392265195,1.0206889819309668,0.0206889819309668,0.4556885469556534,0.27366770278062985,0.27064375026371684,H
2016-17,2017-01-21,Middlesbrough,West Ham,A,2.58,3.11,3.21,0.38759689922480617,0.3215434083601286,0.3115264797507788,1.0206667873357136,0.020666787335713588,0.37974871332549726,0.3150326946558788,0.30521859201862395,H
2016-17,2017-01-21,Stoke,Man United,D,5.92,4.35,1.61,0.16891891891891891,0.2298850574712644,0.6211180124223602,1.0199219888125435,0.01992198881254348,0.16561945008714324,0.22539474586572142,0.6089858040471354,A
2016-17,2017-01-21,West Brom,Sunderland,H,1.68,3.99,5.68,0.5952380952380952,0.2506265664160401,0.17605633802816903,1.0219209996823044,0.021920999682304432,0.5824697754749568,0.24525043177892916,0.172279792746114,H
2016-17,2017-01-22,Arsenal,Burnley,H,1.21,7.55,17.0,0.8264462809917356,0.13245033112582782,0.058823529411764705,1.017720141529328,0.017720141529327993,0.8120565244486906,0.13014415822290273,0.0577993173284068,H
2016-17,2017-01-22,Chelsea,Hull,H,1.18,8.5,17.5,0.8474576271186441,0.11764705882352941,0.05714285714285714,1.0222475430850306,0.02224754308503063,0.8290141002062086,0.11508666332274424,0.055899236471047206,H
2016-17,2017-01-22,Southampton,Leicester,H,1.83,3.6,5.07,0.5464480874316939,0.2777777777777778,0.1972386587771203,1.021464523986592,0.021464523986592043,0.534965311667414,0.2719407000976022,0.19309398823498378,H
2016-17,2017-01-31,Arsenal,Watford,A,1.23,7.28,14.2,0.8130081300813008,0.13736263736263735,0.07042253521126761,1.0207933026552056,0.020793302655205625,0.7964473590947053,0.13456459501188014,0.06898804589341462,H
2016-17,2017-01-31,Bournemouth,Crystal Palace,A,2.18,3.36,3.79,0.4587155963302752,0.2976190476190476,0.2638522427440633,1.020186886693386,0.020186886693386086,0.44963878904291454,0.29172992860522434,0.25863128235186117,H
2016-17,2017-01-31,Burnley,Leicester,H,3.0,3.2,2.67,0.3333333333333333,0.3125,0.37453183520599254,1.0203651685393258,0.020365168539325795,0.32668043129158064,0.30626290433585684,0.36705666437256257,A
2016-17,2017-01-31,Liverpool,Chelsea,D,2.58,3.2,3.12,0.38759689922480617,0.3125,0.3205128205128205,1.0206097197376267,0.02060971973762671,0.37976994705130546,0.30618951981011505,0.3140405331385795,H
2016-17,2017-01-31,Middlesbrough,West Brom,D,2.71,3.01,3.13,0.36900369003690037,0.33222591362126247,0.3194888178913738,1.0207184215495366,0.020718421549536625,0.36151369686923224,0.325482431400538,0.3130038717302298,H
2016-17,2017-01-31,Sunderland,Tottenham,D,8.75,5.71,1.37,0.11428571428571428,0.17513134851138354,0.7299270072992701,1.0193440700963678,0.01934407009636785,0.11211691678837138,0.171807884745753,0.7160751984658756,A
2016-17,2017-01-31,Swansea,Southampton,H,3.25,3.46,2.36,0.3076923076923077,0.28901734104046245,0.42372881355932207,1.0204384622920921,0.02043846229209212,0.3015295082088285,0.28322858430020015,0.41524190749097145,A
2016-17,2017-02-01,Man United,Hull,D,1.2,8.0,15.75,0.8333333333333334,0.125,0.06349206349206349,1.0218253968253967,0.021825396825396748,0.8155339805825244,0.12233009708737864,0.06213592233009709,H
2016-17,2017-02-01,Stoke,Everton,D,3.2,3.37,2.43,0.3125,0.29673590504451036,0.4115226337448559,1.0207585387893663,0.020758538789366288,0.3061448796408104,0.29070136939186736,0.40315375096732226,A
2016-17,2017-02-01,West Ham,Man City,A,5.73,4.68,1.58,0.17452006980802792,0.2136752136752137,0.6329113924050632,1.021106675888305,0.02110667588830495,0.1709126714466002,0.20925846311731178,0.619828865436088,A
2016-17,2017-02-04,Chelsea,Arsenal,H,2.08,3.36,4.13,0.4807692307692307,0.2976190476190476,0.24213075060532688,1.0205190289936052,0.02051902899360525,0.4711026615969581,0.29163498098859314,0.23726235741444868,H
2016-17,2017-02-04,Crystal Palace,Sunderland,A,1.7,3.82,5.81,0.5882352941176471,0.2617801047120419,0.17211703958691912,1.0221324384166082,0.02213243841660817,0.5754981174737847,0.2561117276715795,0.1683901548546358,H
2016-17,2017-02-04,Everton,Bournemouth,H,1.7,4.03,5.41,0.5882352941176471,0.24813895781637715,0.18484288354898337,1.0212171354830075,0.02121713548300752,0.576013928555388,0.24298354306306688,0.1810025283815452,H
2016-17,2017-02-04,Hull,Liverpool,H,7.15,4.43,1.53,0.13986013986013984,0.22573363431151244,0.6535947712418301,1.0191885454134824,0.01918854541348236,0.13722695421718945,0.2214836845717618,0.6412893612110487,A
2016-17,2017-02-04,Southampton,West Ham,A,1.78,3.86,5.0,0.5617977528089888,0.2590673575129534,0.2,1.0208651103219422,0.02086511032194216,0.550315362067589,0.25377236903634937,0.1959122688960617,H
2016-17,2017-02-04,Tottenham,Middlesbrough,H,1.29,6.15,12.5,0.7751937984496123,0.16260162601626016,0.08,1.0177954244658725,0.017795424465872456,0.7616400897620711,0.15975865297448322,0.07860125726344575,H
2016-17,2017-02-04,Watford,Burnley,H,2.13,3.23,4.14,0.4694835680751174,0.30959752321981426,0.24154589371980678,1.0206269850147385,0.020626985014738475,0.4599952528869671,0.30334052280162227,0.2366642243114106,H
2016-17,2017-02-04,West Brom,Stoke,H,2.41,3.2,3.41,0.41493775933609955,0.3125,0.29325513196480935,1.020692891300909,0.02069289130090901,0.40652556990697447,0.30616456983619017,0.2873098602568353,H
2016-17,2017-02-05,Leicester,Man United,A,5.29,3.84,1.75,0.1890359168241966,0.2604166666666667,0.5714285714285714,1.0208811549194348,0.020881154919434763,0.1851693665940134,0.25509009095894036,0.5597405424470462,A
2016-17,2017-02-05,Man City,Swansea,H,1.22,7.8,14.5,0.819672131147541,0.12820512820512822,0.06896551724137931,1.0168427765940484,0.016842776594048425,0.8060952489558537,0.12608156458027456,0.06782318646387182,H
2016-17,2017-02-11,Arsenal,Hull,H,1.3,6.06,11.42,0.7692307692307692,0.16501650165016502,0.08756567425569177,1.021812945136626,0.021812945136626016,0.7528097709976808,0.1614938452635289,0.0856963837387903,H
2016-17,2017-02-11,Liverpool,Tottenham,H,2.22,3.47,3.55,0.4504504504504504,0.2881844380403458,0.28169014084507044,1.0203250293358668,0.020325029335866773,0.4414774091581878,0.2824437603259876,0.2760788305158245,H
2016-17,2017-02-11,Man United,Watford,H,1.27,6.45,12.75,0.7874015748031495,0.15503875968992248,0.0784313725490196,1.0208717070420916,0.020871707042091625,0.7713031611823131,0.15186899452737018,0.07682784429031668,H
2016-17,2017-02-11,Middlesbrough,Everton,D,3.89,3.33,2.16,0.2570694087403599,0.3003003003003003,0.4629629629629629,1.0203326720036232,0.02033267200362321,0.2519466599413637,0.2943160682197913,0.4537372718388449,A
2016-17,2017-02-11,Stoke,Crystal Palace,H,2.13,3.32,4.0,0.4694835680751174,0.30120481927710846,0.25,1.020688387352226,0.02068838735222589,0.4599675805982349,0.29509968273320497,0.24493273666856008,H
2016-17,2017-02-11,Sunderland,Southampton,A,3.81,3.6,2.08,0.26246719160104987,0.2777777777777778,0.4807692307692307,1.0210142001480582,0.021014200148058215,0.25706517261267203,0.27206064101507793,0.4708741863722502,A
2016-17,2017-02-11,West Ham,West Brom,D,2.3,3.28,3.56,0.4347826086956522,0.3048780487804878,0.2808988764044944,1.0205595338806344,0.020559533880634362,0.4260237587927965,0.298736172324217,0.2752400688829865,H
2016-17,2017-02-12,Burnley,Chelsea,D,8.2,4.44,1.49,0.12195121951219513,0.2252252252252252,0.6711409395973155,1.0183173843347357,0.01831738433473573,0.11975757400220126,0.22117389793199327,0.6590685280658055,A
2016-17,2017-02-12,Swansea,Leicester,H,2.51,3.36,3.08,0.39840637450199207,0.2976190476190476,0.3246753246753247,1.0207007467963645,0.020700746796364466,0.3903263280177421,0.2915830605132537,0.3180906114690041,H
2016-17,2017-02-13,Bournemouth,Man City,A,7.7,5.17,1.43,0.12987012987012986,0.19342359767891684,0.6993006993006994,1.022594426849746,0.022594426849745997,0.12700062357098316,0.18914986489295366,0.6838495115360632,A
2016-17,2017-02-25,Chelsea,Swansea,H,1.28,6.2,13.0,0.78125,0.16129032258064516,0.07692307692307693,1.0194633995037221,0.019463399503722112,0.766334524986689,0.15821099870692934,0.07545447630638169,H
2016-17,2017-02-25,Crystal Palace,Middlesbrough,H,2.1,3.26,4.21,0.47619047619047616,0.3067484662576687,0.23752969121140144,1.0204686336595463,0.02046863365954632,0.4666390131784738,0.3005956833358267,0.23276530348569954,H
2016-17,2017-02-25,Everton,Sunderland,H,1.43,4.93,8.28,0.6993006993006994,0.20283975659229211,0.12077294685990339,1.022913402752895,0.022913402752894996,0.6836362661968457,0.19829611778123518,0.11806761602191901,H
2016-17,2017-02-25,Hull,Burnley,D,2.15,3.29,3.98,0.46511627906976744,0.303951367781155,0.25125628140703515,1.0203239282579575,0.02032392825795748,0.45585158417668425,0.2978969319087754,0.24625148391454046,H
2016-17,2017-02-25,Watford,West Ham,D,2.84,3.23,2.79,0.35211267605633806,0.30959752321981426,0.35842293906810035,1.0201331383442527,0.020133138344252677,0.3451634525154643,0.3034873700135971,0.3513491774709386,A
2016-17,2017-02-25,West Brom,Bournemouth,H,2.21,3.3,3.77,0.45248868778280543,0.30303030303030304,0.26525198938992045,1.020770980203029,0.02077098020302892,0.44328130066237437,0.29686414377692344,0.25985455556070225,H
2016-17,2017-02-26,Tottenham,Stoke,H,1.38,5.3,9.2,0.7246376811594204,0.18867924528301888,0.10869565217391305,1.0220125786163523,0.022012578616352307,0.7090301003344482,0.1846153846153846,0.10635451505016723,H
2016-17,2017-02-27,Leicester,Liverpool,H,5.75,4.05,1.67,0.17391304347826086,0.2469135802469136,0.5988023952095809,1.0196290189347552,0.019629018934755216,0.17056501948125638,0.2421602128437591,0.5872747676749847,A
2016-17,2017-03-04,Leicester,Hull,H,1.83,3.61,5.05,0.5464480874316939,0.2770083102493075,0.19801980198019803,1.0214761996611994,0.021476199661199402,0.5349591969082965,0.27118430203384564,0.19385650105785796,H
2016-17,2017-03-04,Liverpool,Arsenal,H,2.0,3.72,3.97,0.5,0.26881720430107525,0.2518891687657431,1.0207063730668184,0.02070637306681844,0.489856841490759,0.2633638932746016,0.2467792652346393,H
2016-17,2017-03-04,Man United,Bournemouth,D,1.24,6.95,13.75,0.8064516129032259,0.14388489208633093,0.07272727272727272,1.0230637777168294,0.023063777716829437,0.788271103393948,0.1406411752817979,0.07108772132425421,H
2016-17,2017-03-04,Stoke,Middlesbrough,H,2.02,3.29,4.52,0.49504950495049505,0.303951367781155,0.22123893805309736,1.0202398107847475,0.02023981078474746,0.48522857049629653,0.2979214931314647,0.2168499363722387,H
2016-17,2017-03-04,Swansea,Burnley,H,2.01,3.39,4.38,0.49751243781094534,0.2949852507374631,0.22831050228310504,1.0208081908315136,0.02080819083151364,0.4873711264069008,0.28897226078993227,0.2236566128031668,H
2016-17,2017-03-04,Watford,Southampton,A,4.12,3.51,2.03,0.24271844660194175,0.2849002849002849,0.4926108374384237,1.0202295689406504,0.020229568940650422,0.23790571650845904,0.27925115442018555,0.48284312907135535,A
2016-17,2017-03-04,West Brom,Crystal Palace,A,2.37,3.23,3.48,0.42194092827004215,0.30959752321981426,0.28735632183908044,1.0188947733289369,0.018894773328936854,0.4141162947489417,0.3038562286547963,0.28202747659626204,H
2016-17,2017-03-05,Sunderland,Man City,A,10.95,6.6,1.29,0.09132420091324202,0.15151515151515152,0.7751937984496123,1.0180331508780058,0.018033150878005832,0.08970650988573327,0.14883125503769382,0.761462235076573,A
2016-17,2017-03-05,Tottenham,Everton,H,1.62,4.28,5.88,0.6172839506172839,0.2336448598130841,0.17006802721088435,1.0209968376412524,0.020996837641252375,0.604589483394834,0.22883994464944651,0.16657057195571956,H
2016-17,2017-03-06,West Ham,Chelsea,A,6.15,4.25,1.61,0.16260162601626016,0.23529411764705882,0.6211180124223602,1.0190137560856791,0.019013756085679123,0.15956764572134838,0.23090376969089235,0.6095285845877593,A
2016-17,2017-03-08,Man City,Stoke,D,1.24,7.05,14.25,0.8064516129032259,0.14184397163120568,0.07017543859649122,1.0184710231309229,0.01847102313092286,0.7918257805942092,0.13927148481373325,0.0689027345920575,H
2016-17,2017-03-11,Bournemouth,West Ham,H,2.59,3.51,2.86,0.3861003861003861,0.2849002849002849,0.3496503496503497,1.0206510206510209,0.020651020651020868,0.37828834566207803,0.2791358448047812,0.3425758095331406,H
2016-17,2017-03-11,Everton,West Brom,H,1.65,3.92,6.35,0.6060606060606061,0.25510204081632654,0.15748031496062992,1.0186429618375625,0.018642961837562533,0.5949686286226471,0.2504332237824918,0.15459814759486107,H
2016-17,2017-03-11,Hull,Swansea,H,2.56,3.29,3.07,0.390625,0.303951367781155,0.32573289902280134,1.0203092668039564,0.020309266803956394,0.38284960522176187,0.2979012125737721,0.31924918220446596,H
2016-17,2017-03-12,Liverpool,Burnley,H,1.29,6.1,12.25,0.7751937984496123,0.1639344262295082,0.08163265306122448,1.0207608777403452,0.020760877740345185,0.7594274186581839,0.16060022460148482,0.0799723567403312,H
2016-17,2017-03-18,Bournemouth,Swansea,H,2.22,3.51,3.51,0.4504504504504504,0.2849002849002849,0.2849002849002849,1.0202510202510202,0.020251020251020213,0.4415094339622641,0.2792452830188679,0.2792452830188679,H
2016-17,2017-03-18,Crystal Palace,Watford,H,1.94,3.43,4.67,0.5154639175257733,0.29154518950437314,0.21413276231263384,1.0211418693427803,0.021141869342780284,0.5047916778278148,0.28550899562272897,0.20969932654945622,H
2016-17,2017-03-18,Everton,Hull,H,1.57,4.18,6.85,0.6369426751592356,0.23923444976076558,0.14598540145985403,1.0221625263798553,0.022162526379855274,0.6231324850217953,0.23404736877612892,0.14282014620207573,H
2016-17,2017-03-18,Stoke,Chelsea,A,6.07,3.7,1.71,0.16474464579901152,0.27027027027027023,0.5847953216374269,1.0198102377067086,0.019810237706708644,0.16154441258550212,0.2650201579443237,0.5734354294701741,A
2016-17,2017-03-18,Sunderland,Burnley,D,2.66,3.19,3.02,0.37593984962406013,0.31347962382445144,0.33112582781456956,1.020545301263081,0.02054530126308096,0.36837154525014915,0.3071687493308454,0.3244597054190056,H
2016-17,2017-03-18,West Brom,Arsenal,H,5.85,4.21,1.63,0.17094017094017094,0.23752969121140144,0.6134969325153374,1.0219667946669098,0.02196679466690976,0.1672658757918701,0.23242407918822805,0.6003100450199019,A
2016-17,2017-03-18,West Ham,Leicester,A,2.41,3.39,3.22,0.41493775933609955,0.2949852507374631,0.3105590062111801,1.0204820162847428,0.020482016284742777,0.4066095753914005,0.28906462439329655,0.30432580021530287,H
2016-17,2017-03-19,Man City,Liverpool,D,1.97,3.8,4.0,0.5076142131979695,0.2631578947368421,0.25,1.0207721079348115,0.020772107934811546,0.4972845645488451,0.25780278741084867,0.24491264804030624,H
2016-17,2017-03-19,Middlesbrough,Man United,A,6.0,3.89,1.68,0.16666666666666666,0.2570694087403599,0.5952380952380952,1.0189741706451216,0.018974170645121635,0.16356319077366652,0.2522825564632389,0.5841542527630947,A
2016-17,2017-03-19,Tottenham,Southampton,H,1.69,3.96,5.68,0.591715976331361,0.25252525252525254,0.17605633802816903,1.0202975668847825,0.02029756688478246,0.5799445137735791,0.24750157279731028,0.1725539134291107,H
2016-17,2017-04-01,Burnley,Tottenham,A,5.11,3.81,1.78,0.19569471624266144,0.26246719160104987,0.5617977528089888,1.0199596606527002,0.019959660652700162,0.1918651528997049,0.25733095310170395,0.5508038939985911,A
2016-17,2017-04-01,Chelsea,Crystal Palace,A,1.36,5.25,10.8,0.7352941176470588,0.19047619047619047,0.09259259259259259,1.018362900715842,0.0183629007158419,0.7220354523227384,0.18704156479217604,0.09092298288508557,H
2016-17,2017-04-01,Hull,West Ham,H,2.44,3.35,3.2,0.4098360655737705,0.29850746268656714,0.3125,1.0208435282603376,0.02084352826033764,0.40146805482735376,0.292412553366789,0.30611939180585723,H
2016-17,2017-04-01,Leicester,Stoke,H,1.89,3.65,4.59,0.5291005291005292,0.273972602739726,0.2178649237472767,1.0209380555875318,0.020938055587531812,0.5182493944708929,0.26835379604109244,0.2133968094880147,H
2016-17,2017-04-01,Liverpool,Everton,H,1.73,3.79,5.6,0.5780346820809249,0.2638522427440633,0.17857142857142858,1.0204583533964169,0.020458353396416884,0.5664461270340311,0.2585624801500986,0.17499139281587028,H
2016-17,2017-04-01,Man United,West Brom,D,1.38,5.05,10.0,0.7246376811594204,0.19801980198019803,0.1,1.0226574831396185,0.02265748313961846,0.7085829743647308,0.19363257517293633,0.09778445046233285,H
2016-17,2017-04-01,Southampton,Bournemouth,D,1.67,4.13,5.55,0.5988023952095809,0.24213075060532688,0.1801801801801802,1.021113325995088,0.021113325995087973,0.5864210954509288,0.23712426862059346,0.17645463592847768,H
2016-17,2017-04-01,Watford,Sunderland,H,1.97,3.6,4.23,0.5076142131979695,0.2777777777777778,0.23640661938534277,1.02179861036109,0.0217986103610901,0.49678499075134325,0.27185178660559617,0.23136322264306056,H
2016-17,2017-04-02,Arsenal,Man City,D,2.9,3.84,2.41,0.3448275862068966,0.2604166666666667,0.41493775933609955,1.0201820122096628,0.02018201220966276,0.3380059460762471,0.25526490719299916,0.4067291467307538,A
2016-17,2017-04-02,Swansea,Middlesbrough,D,1.95,3.43,4.62,0.5128205128205129,0.29154518950437314,0.21645021645021645,1.0208159187751025,0.02081591877510247,0.502363357965515,0.2856001597763131,0.2120364822581719,H
2016-17,2017-04-04,Burnley,Stoke,H,2.47,3.16,3.34,0.4048582995951417,0.3164556962025316,0.29940119760479045,1.0207151934024639,0.02071519340246386,0.3966417882402459,0.3100332965042428,0.2933249152555112,H
2016-17,2017-04-04,Leicester,Sunderland,H,1.51,4.5,7.48,0.6622516556291391,0.2222222222222222,0.1336898395721925,1.0181637174235538,0.018163717423553827,0.6504372963760247,0.21825784833951048,0.13130485528446484,H
2016-17,2017-04-04,Man United,Everton,D,1.61,4.05,6.55,0.6211180124223602,0.2469135802469136,0.15267175572519084,1.0207033483944645,0.020703348394464527,0.6085196187505019,0.24190532992303904,0.14957505132645924,H
2016-17,2017-04-04,Watford,West Brom,H,2.5,3.16,3.29,0.4,0.3164556962025316,0.303951367781155,1.0204070639836866,0.020407063983686635,0.39200042230048193,0.3101269163769635,0.29787266132255463,H
2016-17,2017-04-05,Arsenal,West Ham,H,1.43,5.35,7.32,0.6993006993006994,0.1869158878504673,0.13661202185792348,1.0228286090090901,0.022828609009090117,0.6836929404802017,0.18274409437134365,0.13356296514845467,H
2016-17,2017-04-05,Chelsea,Man City,H,2.22,3.39,3.63,0.4504504504504504,0.2949852507374631,0.27548209366391185,1.0209177948518255,0.020917794851825544,0.44122107844719083,0.28894123721320464,0.26983768433960437,H
2016-17,2017-04-05,Hull,Middlesbrough,H,2.08,3.3,4.23,0.4807692307692307,0.30303030303030304,0.23640661938534277,1.0202061531848765,0.020206153184876507,0.4712471388928275,0.2970284996657822,0.23172436144139036,H
2016-17,2017-04-05,Liverpool,Bournemouth,D,1.44,4.85,8.4,0.6944444444444444,0.2061855670103093,0.11904761904761904,1.0196776305023727,0.0196776305023727,0.6810431293881645,0.20220661985957877,0.11675025075225677,H
2016-17,2017-04-05,Southampton,Crystal Palace,H,1.86,3.61,4.84,0.5376344086021505,0.2770083102493075,0.2066115702479339,1.0212542890993919,0.021254289099391865,0.5264451903318529,0.2712432282596251,0.202311581408522,H
2016-17,2017-04-05,Swansea,Tottenham,A,5.45,4.0,1.7,0.18348623853211007,0.25,0.5882352941176471,1.021721532649757,0.02172153264975707,0.17958536907434305,0.24468506536379245,0.5757295655618646,A
2016-17,2017-04-08,Bournemouth,Chelsea,A,6.85,4.5,1.53,0.14598540145985403,0.2222222222222222,0.6535947712418301,1.0218023949239063,0.021802394923906343,0.1428704827715006,0.21748062377439534,0.639648893454104,A
2016-17,2017-04-08,Man City,Hull,H,1.2,8.2,16.0,0.8333333333333334,0.12195121951219513,0.0625,1.0177845528455285,0.01778455284552849,0.818771842236645,0.1198202695956066,0.06140788816774838,H
2016-17,2017-04-08,Middlesbrough,Burnley,D,2.64,3.04,3.2,0.3787878787878788,0.32894736842105265,0.3125,1.0202352472089316,0.02023524720893155,0.3712750366389838,0.3224230581338544,0.30630190522716166,H
2016-17,2017-04-08,Stoke,Liverpool,A,3.51,3.3,2.31,0.2849002849002849,0.30303030303030304,0.4329004329004329,1.0208310208310207,0.02083102083102073,0.27908662558898156,0.29684668358100763,0.4240666908300109,A
2016-17,2017-04-08,Tottenham,Watford,H,1.24,7.15,13.65,0.8064516129032259,0.13986013986013984,0.07326007326007326,1.019571826023439,0.019571826023438987,0.7909708686719696,0.1371753674340199,0.07185376389401044,H
2016-17,2017-04-08,West Brom,Southampton,A,3.11,3.28,2.54,0.3215434083601286,0.3048780487804878,0.39370078740157477,1.0201222445421911,0.020122244542191137,0.31520085958367705,0.29886422966623033,0.3859349107500927,A
2016-17,2017-04-08,West Ham,Swansea,H,2.21,3.4,3.65,0.45248868778280543,0.29411764705882354,0.273972602739726,1.020578937581355,0.020578937581354984,0.44336471302763436,0.28818706346796236,0.2684482235044033,H
2016-17,2017-04-09,Everton,Leicester,H,1.77,3.88,5.05,0.5649717514124294,0.2577319587628866,0.19801980198019803,1.020723512155514,0.020723512155514046,0.5535012612958721,0.25249928672517874,0.19399945197894922,H
2016-17,2017-04-09,Sunderland,Man United,A,9.6,5.25,1.38,0.10416666666666667,0.19047619047619047,0.7246376811594204,1.0192805383022776,0.019280538302277606,0.10219626761457407,0.1868731750666497,0.7109305573187762,A
2016-17,2017-04-10,Crystal Palace,Arsenal,H,4.61,4.16,1.78,0.21691973969631234,0.24038461538461536,0.5617977528089888,1.0191021078899165,0.01910210788991651,0.21285378375426148,0.23587883247767918,0.5512673837680593,A
2016-17,2017-04-15,Crystal Palace,Leicester,D,2.04,3.52,4.07,0.49019607843137253,0.2840909090909091,0.24570024570024568,1.0199872332225273,0.019987233222527268,0.48059040590405905,0.27852398523985245,0.24088560885608856,H
2016-17,2017-04-15,Everton,Burnley,H,1.52,4.25,7.9,0.6578947368421053,0.23529411764705882,0.12658227848101264,1.0197711329701769,0.019771132970176852,0.6451395961032224,0.23073227907691712,0.12412812481986046,H
2016-17,2017-04-15,Southampton,Man City,A,4.65,4.06,1.79,0.2150537634408602,0.24630541871921185,0.5586592178770949,1.020018400037167,0.02001840003716704,0.21083321970762894,0.2414715447390332,0.5476952355533378,A
2016-17,2017-04-15,Stoke,Hull,H,2.03,3.56,4.06,0.4926108374384237,0.2808988764044944,0.24630541871921185,1.01981513256213,0.019815132562130078,0.48303934871099047,0.2754409769335142,0.24151967435549523,H
2016-17,2017-04-15,Sunderland,West Ham,D,2.72,3.51,2.72,0.3676470588235294,0.2849002849002849,0.3676470588235294,1.0201944025473437,0.020194402547343726,0.3603696098562628,0.27926078028747436,0.3603696098562628,H
2016-17,2017-04-15,Tottenham,Bournemouth,H,1.25,7.0,12.8,0.8,0.14285714285714285,0.078125,1.0209821428571428,0.020982142857142838,0.7835592479230433,0.139921294271972,0.0765194578049847,H
2016-17,2017-04-15,Watford,Swansea,H,2.69,3.28,2.91,0.3717472118959108,0.3048780487804878,0.3436426116838488,1.0202678723602474,0.020267872360247408,0.36436236204902295,0.298821571314595,0.336816066636382,H
2016-17,2017-04-16,Man United,Chelsea,H,2.85,3.17,2.82,0.3508771929824561,0.31545741324921134,0.3546099290780142,1.0209445353096818,0.020944535309681767,0.3436789961131679,0.30898584824054526,0.34733515564628675,A
2016-17,2017-04-16,West Brom,Liverpool,A,4.58,3.71,1.88,0.2183406113537118,0.2695417789757412,0.5319148936170213,1.0197972839464744,0.019797283946474398,0.21410197378518586,0.2643091751849464,0.5215888510298676,A
2016-17,2017-04-17,Middlesbrough,Arsenal,A,6.58,4.95,1.5,0.1519756838905775,0.20202020202020202,0.6666666666666666,1.0206625525774462,0.020662552577446203,0.14889904945253277,0.19793045361569003,0.6531704969317771,A
2016-17,2017-04-22,Bournemouth,Middlesbrough,H,1.9,3.76,4.37,0.5263157894736842,0.26595744680851063,0.22883295194508008,1.021106188227275,0.021106188227274947,0.5154368816307069,0.2604601263559423,0.2241029920133508,H
2016-17,2017-04-22,Hull,Watford,H,1.89,3.74,4.45,0.5291005291005292,0.267379679144385,0.2247191011235955,1.0211993093685097,0.021199309368509667,0.5181168105447652,0.2618290834036379,0.22005410605159686,H
2016-17,2017-04-22,Swansea,Stoke,H,2.35,3.54,3.2,0.425531914893617,0.2824858757062147,0.3125,1.0205177905998317,0.02051779059983172,0.41697647881621086,0.27680641955313434,0.30621710163065485,H
2016-17,2017-04-22,West Ham,Everton,D,3.69,3.6,2.12,0.2710027100271003,0.2777777777777778,0.4716981132075471,1.0204786010124252,0.020478601012425157,0.26556432418890147,0.272203432293624,0.4622322435174746,A
2016-17,2017-04-23,Burnley,Man United,A,5.64,3.51,1.79,0.1773049645390071,0.2849002849002849,0.5586592178770949,1.020864467316387,0.020864467316386914,0.17368119884229122,0.27907748190043374,0.547241319257275,A
2016-17,2017-04-23,Liverpool,Crystal Palace,A,1.5,4.5,7.6,0.6666666666666666,0.2222222222222222,0.13157894736842105,1.0204678362573099,0.020467836257309857,0.6532951289398281,0.2177650429799427,0.12893982808022922,H
2016-17,2017-04-25,Chelsea,Southampton,H,1.46,4.8,7.88,0.684931506849315,0.20833333333333334,0.12690355329949238,1.0201683934821408,0.020168393482140834,0.6713906363158716,0.20421465187941096,0.12439471180471733,H
2016-17,2017-04-26,Arsenal,Leicester,H,1.46,5.1,7.15,0.684931506849315,0.19607843137254904,0.13986013986013984,1.020870078082004,0.020870078082003918,0.6709291628334867,0.1920699172033119,0.13700091996320146,H
2016-17,2017-04-26,Crystal Palace,Tottenham,A,5.85,4.55,1.59,0.17094017094017094,0.21978021978021978,0.6289308176100629,1.0196512083304536,0.01965120833045364,0.1676457297785811,0.21554450971531855,0.6168097605061003,A
2016-17,2017-04-26,Middlesbrough,Sunderland,H,2.21,3.45,3.6,0.45248868778280543,0.2898550724637681,0.2777777777777778,1.0201215380243513,0.02012153802435135,0.44356350779450365,0.28413778325387046,0.2722987089516259,H
2016-17,2017-04-27,Man City,Man United,D,1.91,3.46,4.82,0.5235602094240838,0.28901734104046245,0.20746887966804978,1.020046430132596,0.020046430132595994,0.5132709590052936,0.2833374369075465,0.2033916040871599,H
2016-17,2017-04-29,Crystal Palace,Burnley,A,1.86,3.44,5.18,0.5376344086021505,0.29069767441860467,0.19305019305019305,1.0213822760709483,0.021382276070948336,0.5263792227434391,0.2846120215996502,0.18900875565691058,H
2016-17,2017-04-29,Southampton,Hull,D,1.57,4.34,6.5,0.6369426751592356,0.2304147465437788,0.15384615384615385,1.0212035755491682,0.021203575549168185,0.6237176312438093,0.2256305716711476,0.1506517970850432,H
2016-17,2017-04-29,Stoke,West Ham,D,2.06,3.38,4.18,0.4854368932038835,0.2958579881656805,0.23923444976076558,1.0205293311303296,0.02052933113032962,0.47567167194128335,0.28990640360918457,0.23442192444953203,H
2016-17,2017-04-29,Sunderland,Bournemouth,A,3.33,3.68,2.23,0.3003003003003003,0.2717391304347826,0.4484304932735426,1.0204699240086255,0.020469924008625462,0.29427648305464615,0.2662882305902097,0.43943528635514423,A
2016-17,2017-04-29,West Brom,Leicester,A,2.82,3.31,2.75,0.3546099290780142,0.3021148036253776,0.36363636363636365,1.0203610963397556,0.02036109633975558,0.34753376069518205,0.2960861647010312,0.3563800746037867,A
2016-17,2017-04-30,Everton,Chelsea,A,4.61,3.75,1.86,0.21691973969631234,0.26666666666666666,0.5376344086021505,1.0212208149651296,0.02122081496512962,0.2124121801255287,0.26112537343431663,0.5264624464401545,A
2016-17,2017-04-30,Man United,Swansea,D,1.42,4.79,9.45,0.7042253521126761,0.20876826722338204,0.10582010582010583,1.018813725156164,0.018813725156163974,0.691220911854846,0.20491308869183325,0.10386599945332077,H
2016-17,2017-04-30,Middlesbrough,Man City,D,11.84,6.32,1.28,0.08445945945945946,0.1582278481012658,0.78125,1.0239373075607252,0.023937307560725207,0.08248499086400418,0.1545288436439572,0.7629861654920387,A
2016-17,2017-04-30,Tottenham,Arsenal,H,1.82,4.15,4.37,0.5494505494505494,0.24096385542168672,0.22883295194508008,1.0192473568173162,0.019247356817316152,0.5390747847178667,0.23641352004494395,0.22451169523718936,H
2016-17,2017-05-01,Watford,Liverpool,A,5.96,4.16,1.63,0.16778523489932887,0.24038461538461536,0.6134969325153374,1.0216667827992816,0.02166678279928158,0.1642269649206088,0.23528670935741067,0.6004863257219806,A
2016-17,2017-05-05,West Ham,Tottenham,H,8.4,5.24,1.41,0.11904761904761904,0.19083969465648853,0.7092198581560284,1.0191071718601359,0.019107171860135885,0.11681560324055629,0.1872616540497467,0.6959227427096971,A
2016-17,2017-05-06,Bournemouth,Stoke,D,2.36,3.47,3.24,0.42372881355932207,0.2881844380403458,0.30864197530864196,1.0205552269083098,0.020555226908309798,0.4151943984873553,0.2823800519971638,0.30242554951548095,H
2016-17,2017-05-06,Burnley,West Brom,D,2.59,3.03,3.29,0.3861003861003861,0.33003300330033003,0.303951367781155,1.0200847571818712,0.020084757181871193,0.3784983388704319,0.3235348837209302,0.29796677740863786,H
2016-17,2017-05-06,Hull,Sunderland,A,1.56,4.57,6.28,0.641025641025641,0.2188183807439825,0.1592356687898089,1.0190796905594324,0.019079690559432372,0.6290240566699397,0.21472155982606259,0.15625438350399776,H
2016-17,2017-05-06,Leicester,Watford,H,1.67,3.92,6.05,0.5988023952095809,0.25510204081632654,0.1652892561983471,1.0191936922242544,0.019193692224254377,0.5875256094872158,0.25029789996011487,0.16217649055266947,H
2016-17,2017-05-06,Man City,Crystal Palace,H,1.26,7.0,11.5,0.7936507936507936,0.14285714285714285,0.08695652173913043,1.0234644582470669,0.02346445824706689,0.7754551584625758,0.13958192852326365,0.0849629130141605,H
2016-17,2017-05-06,Swansea,Everton,H,2.52,3.47,2.98,0.3968253968253968,0.2881844380403458,0.33557046979865773,1.0205803046644004,0.020580304664400417,0.3888232949546148,0.2823731133387981,0.3288035917065871,H
2016-17,2017-05-07,Arsenal,Man United,H,2.12,3.58,3.72,0.4716981132075471,0.27932960893854747,0.26881720430107525,1.0198449264471698,0.01984492644716984,0.4625194487663925,0.27389419871082465,0.26358635252278284,H
2016-17,2017-05-07,Liverpool,Southampton,D,1.61,4.15,6.3,0.6211180124223602,0.24096385542168672,0.15873015873015872,1.0208120265742058,0.020812026574205778,0.6084548342428931,0.2360511525617007,0.15549401319540604,H
2016-17,2017-05-08,Chelsea,Middlesbrough,H,1.14,10.0,22.0,0.8771929824561404,0.1,0.045454545454545456,1.022647527910686,0.022647527910685916,0.8577666874610106,0.0977854023705552,0.04444791016843418,H
2016-17,2017-05-10,Southampton,Arsenal,A,3.3,3.77,2.21,0.30303030303030304,0.26525198938992045,0.45248868778280543,1.020770980203029,0.02077098020302892,0.29686414377692344,0.25985455556070225,0.44328130066237437,A
2016-17,2017-05-12,Everton,Watford,H,1.43,5.03,8.3,0.6993006993006994,0.19880715705765406,0.12048192771084336,1.0185897840691969,0.01858978406919687,0.6865381041885583,0.19517882484883464,0.118283070962607,H
2016-17,2017-05-12,West Brom,Chelsea,A,9.76,5.18,1.38,0.10245901639344263,0.19305019305019305,0.7246376811594204,1.0201468906030562,0.02014689060305619,0.10043555230842721,0.18923764295950765,0.710326804732065,A
2016-17,2017-05-13,Bournemouth,Burnley,H,1.84,3.93,4.49,0.5434782608695652,0.2544529262086514,0.22271714922048996,1.0206483362987067,0.02064833629870666,0.5324833652700031,0.24930518882870376,0.21821144590129302,H
2016-17,2017-05-13,Man City,Leicester,H,1.23,7.95,12.5,0.8130081300813008,0.12578616352201258,0.08,1.0187942936033134,0.018794293603313417,0.7980100940748504,0.12346571266818439,0.07852419325696527,H
2016-17,2017-05-13,Middlesbrough,Southampton,A,3.92,3.42,2.12,0.25510204081632654,0.29239766081871343,0.4716981132075471,1.019197814842587,0.01919781484258709,0.25029688751415397,0.28688999972382556,0.4628131127620205,A
2016-17,2017-05-13,Stoke,Arsenal,A,5.29,4.23,1.68,0.1890359168241966,0.23640661938534277,0.5952380952380952,1.0206806314476347,0.020680631447634656,0.1852057450684514,0.23161664099577015,0.5831776139357784,A
2016-17,2017-05-13,Sunderland,Swansea,A,3.33,3.55,2.28,0.3003003003003003,0.28169014084507044,0.4385964912280702,1.020586932373441,0.02058693237344089,0.29424274481149054,0.27600798316120095,0.42974927202730856,A
2016-17,2017-05-14,Crystal Palace,Hull,H,1.97,3.56,4.31,0.5076142131979695,0.2808988764044944,0.2320185614849188,1.0205316510873828,0.020531651087382752,0.49740173433827695,0.27524758894561957,0.22735067671610343,H
2016-17,2017-05-14,Tottenham,Man United,H,1.65,4.06,6.0,0.6060606060606061,0.24630541871921185,0.16666666666666666,1.0190326914464847,0.019032691446484673,0.5947410825459606,0.24170511975390024,0.16355379770013914,H
2016-17,2017-05-14,West Ham,Liverpool,A,5.92,4.1,1.65,0.16891891891891891,0.24390243902439027,0.6060606060606061,1.0188819640039153,0.018881964003915286,0.16578850631050115,0.23938242862394316,0.5948290650655557,A
2016-17,2017-05-15,Chelsea,Watford,H,1.29,6.56,10.5,0.7751937984496123,0.1524390243902439,0.09523809523809523,1.0228709180779516,0.022870918077951607,0.7578608255929864,0.14903055869130374,0.09310861571570976,H
2016-17,2017-05-16,Arsenal,Sunderland,H,1.12,12.0,23.5,0.8928571428571428,0.08333333333333333,0.0425531914893617,1.0187436676798378,0.018743667679837817,0.8764296369965191,0.08180009945300845,0.041770263550472406,H
2016-17,2017-05-16,Man City,West Brom,H,1.16,9.25,19.35,0.8620689655172414,0.10810810810810811,0.05167958656330749,1.021856660188657,0.02185666018865695,0.8436300306131829,0.10579576600122076,0.05057420338559648,H
2016-17,2017-05-17,Southampton,Man United,D,2.37,3.32,3.26,0.42194092827004215,0.30120481927710846,0.3067484662576687,1.0298942138048193,0.02989421380481927,0.4096934642551613,0.2924619006881724,0.29784463505666636,H
2016-17,2017-05-18,Leicester,Tottenham,A,4.18,3.95,1.89,0.23923444976076558,0.2531645569620253,0.5291005291005292,1.02149953582332,0.021499535823320093,0.23419927407793154,0.24783619383436797,0.5179645320877004,A
2016-17,2017-05-21,Arsenal,Everton,H,1.38,6.05,7.57,0.7246376811594204,0.1652892561983471,0.1321003963011889,1.0220273336589565,0.022027333658956483,0.7090198640433104,0.1617268450214493,0.12925329093524018,H
2016-17,2017-05-21,Burnley,West Ham,A,2.31,3.58,3.24,0.4329004329004329,0.27932960893854747,0.30864197530864196,1.0208720171476224,0.020872017147622435,0.4240496611024589,0.2736186360744916,0.3023317028230494,H
2016-17,2017-05-21,Chelsea,Sunderland,H,1.12,11.5,25.5,0.8928571428571428,0.08695652173913043,0.0392156862745098,1.019029350870783,0.019029350870783057,0.8761839313992053,0.08533269592757477,0.038483372673219995,H
2016-17,2017-05-21,Hull,Tottenham,A,9.74,6.48,1.31,0.1026694045174538,0.15432098765432098,0.7633587786259541,1.0203491707977288,0.0203491707977288,0.10062183363875805,0.1512433116730715,0.7481348546881705,A
2016-17,2017-05-21,Leicester,Bournemouth,D,1.69,4.5,4.81,0.591715976331361,0.2222222222222222,0.2079002079002079,1.021838406453791,0.021838406453791093,0.5790700100859041,0.21747295934337285,0.20345703057072306,H
2016-17,2017-05-21,Liverpool,Middlesbrough,H,1.15,10.5,19.09,0.8695652173913044,0.09523809523809523,0.05238344683080147,1.017186759460201,0.017186759460201095,0.8548727254892344,0.09362891755358281,0.05149835695718279,H
2016-17,2017-05-21,Man United,Crystal Palace,H,2.35,3.38,3.35,0.425531914893617,0.2958579881656805,0.29850746268656714,1.0198973657458645,0.019897365745864537,0.4172301343110342,0.29008604012749417,0.2926838255614717,H
2016-17,2017-05-21,Southampton,Stoke,A,1.64,4.37,5.53,0.6097560975609756,0.22883295194508008,0.18083182640144665,1.0194208759075023,0.0194208759075023,0.5981397006591241,0.22447348033889328,0.17738681900198258,H
2016-17,2017-05-21,Swansea,West Brom,H,2.29,3.45,3.4,0.4366812227074236,0.2898550724637681,0.29411764705882354,1.0206539422300154,0.020653942230015376,0.4278445461674539,0.28398956832564326,0.28816588550690275,H
2016-17,2017-05-21,Watford,Man City,A,18.0,9.7,1.16,0.05555555555555555,0.10309278350515465,0.8620689655172414,1.0207173045779516,0.020717304577951623,0.05442795503357003,0.10100032892827429,0.8445717160381557,A
2017-18,2017-08-11,Arsenal,Leicester,H,1.49,4.73,7.25,0.6711409395973155,0.2114164904862579,0.13793103448275862,1.020488464566332,0.02048846456633191,0.6576663655698689,0.20717185723025466,0.1351617771998765,H
2017-18,2017-08-12,Brighton,Man City,A,11.75,6.15,1.29,0.0851063829787234,0.16260162601626016,0.7751937984496123,1.022901807444596,0.022901807444595912,0.08320093127153172,0.15896112885211347,0.7578379398763548,A
2017-18,2017-08-12,Chelsea,Burnley,A,1.33,5.4,12.25,0.7518796992481203,0.18518518518518517,0.08163265306122448,1.01869753749453,0.01869753749452996,0.738079431405475,0.18178623032764477,0.08013433826688014,H
2017-18,2017-08-12,Crystal Palace,Huddersfield,A,1.79,3.56,5.51,0.5586592178770949,0.2808988764044944,0.18148820326678766,1.021046297548377,0.021046297548376947,0.547143865286506,0.27510885361315895,0.17774728110033503,H
2017-18,2017-08-12,Everton,Stoke,H,1.82,3.49,5.42,0.5494505494505494,0.28653295128939826,0.18450184501845018,1.0204853457583978,0.020485345758397777,0.5384208129340772,0.2807810543094615,0.18079813275646137,H
2017-18,2017-08-12,Southampton,Swansea,D,1.56,4.25,6.85,0.641025641025641,0.23529411764705882,0.14598540145985403,1.022305160132554,0.022305160132553903,0.6270394262145018,0.23016035409285243,0.1428002196926457,H
2017-18,2017-08-12,Watford,Liverpool,D,6.88,4.27,1.56,0.14534883720930233,0.234192037470726,0.641025641025641,1.0205665157056694,0.020566515705669364,0.1424197589990507,0.22947258592821285,0.6281076550727364,A
2017-18,2017-08-12,West Brom,Bournemouth,H,2.65,3.21,3.02,0.37735849056603776,0.3115264797507788,0.33112582781456956,1.020010798131386,0.020010798131385954,0.36995538797956024,0.30541488415758083,0.32462972786285915,H
2017-18,2017-08-13,Man United,West Ham,H,1.31,5.79,12.01,0.7633587786259541,0.17271157167530224,0.08326394671107411,1.0193342970123305,0.01933429701233047,0.7488797157746573,0.16943565244642506,0.08168463177891766,H
2017-18,2017-08-13,Newcastle,Tottenham,A,4.82,3.9,1.8,0.20746887966804978,0.25641025641025644,0.5555555555555556,1.0194346916338617,0.01943469163386169,0.20351365454861714,0.25152200382675255,0.5449643416246305,A
2017-18,2017-08-19,Bournemouth,Watford,A,2.1,3.52,3.84,0.47619047619047616,0.2840909090909091,0.2604166666666667,1.020698051948052,0.020698051948051965,0.4665341285619615,0.2783300198807157,0.25513585155732277,H
2017-18,2017-08-19,Burnley,West Brom,A,2.75,3.01,3.09,0.36363636363636365,0.33222591362126247,0.3236245954692557,1.019486872726882,0.019486872726881987,0.35668567527870554,0.3258756169489835,0.3174387077723108,H
2017-18,2017-08-19,Leicester,Brighton,H,1.76,3.73,5.45,0.5681818181818182,0.2680965147453083,0.18348623853211007,1.0197645714592367,0.019764571459236713,0.5571695998114309,0.2629004009834097,0.17992999920515929,H
2017-18,2017-08-19,Liverpool,Crystal Palace,H,1.39,5.31,9.0,0.7194244604316548,0.18832391713747648,0.1111111111111111,1.0188594886802425,0.018859488680242453,0.7061076315474527,0.18483796758021834,0.1090544008723288,H
2017-18,2017-08-19,Southampton,West Ham,H,1.7,4.02,5.45,0.5882352941176471,0.24875621890547267,0.18348623853211007,1.02047775155523,0.020477751555229906,0.576431277625763,0.24376447063776047,0.1798042517364765,H
2017-18,2017-08-19,Stoke,Arsenal,H,4.37,3.92,1.86,0.22883295194508008,0.25510204081632654,0.5376344086021505,1.021569401363557,0.021569401363557006,0.22400137635254289,0.2497158200664828,0.5262828035809745,A
2017-18,2017-08-19,Swansea,Man United,A,11.55,5.25,1.34,0.08658008658008658,0.19047619047619047,0.7462686567164178,1.0233249337726948,0.023324933772694845,0.0846066422528097,0.18613461295618136,0.7292587447910089,A
2017-18,2017-08-20,Huddersfield,Newcastle,H,2.83,3.21,2.81,0.35335689045936397,0.3115264797507788,0.35587188612099646,1.0207552563311393,0.020755256331139282,0.3461720018267854,0.30519213868218154,0.34863585949103304,A
2017-18,2017-08-20,Tottenham,Chelsea,A,2.16,3.36,3.84,0.4629629629629629,0.2976190476190476,0.2604166666666667,1.0209986772486772,0.02099867724867721,0.45344129554655865,0.29149797570850206,0.2550607287449393,H
2017-18,2017-08-21,Man City,Everton,D,1.3,6.15,11.1,0.7692307692307692,0.16260162601626016,0.0900900900900901,1.0219224853371194,0.02192248533711938,0.7527290770757525,0.15911346344690705,0.08815745947734041,H
2017-18,2017-08-26,Bournemouth,Man City,A,12.0,6.75,1.27,0.08333333333333333,0.14814814814814814,0.7874015748031495,1.018883056284631,0.01888305628463094,0.08178890876565297,0.14540250447227193,0.7728085867620752,A
2017-18,2017-08-26,Crystal Palace,Swansea,A,2.12,3.3,4.09,0.4716981132075471,0.30303030303030304,0.24449877750611249,1.0192271937439625,0.019227193743962534,0.46279977232047953,0.297313793127096,0.23988643455242462,H
2017-18,2017-08-26,Huddersfield,Southampton,D,4.21,3.48,2.02,0.23752969121140144,0.28735632183908044,0.49504950495049505,1.019935518000977,0.019935518000977037,0.23288696885166607,0.28173969507629715,0.4853733360720367,A
2017-18,2017-08-26,Man United,Leicester,H,1.33,5.6,11.25,0.7518796992481203,0.17857142857142858,0.08888888888888889,1.0193400167084377,0.019340016708437657,0.7376142277588822,0.17518337909273451,0.0872023931483834,H
2017-18,2017-08-26,Newcastle,West Ham,H,2.36,3.45,3.26,0.42372881355932207,0.2898550724637681,0.3067484662576687,1.020332352280759,0.020332352280759025,0.4152850907963046,0.2840790766026895,0.3006358326010058,H
2017-18,2017-08-26,Watford,Brighton,D,2.23,3.23,3.81,0.4484304932735426,0.30959752321981426,0.26246719160104987,1.0204952080944067,0.020495208094406747,0.4394243987788113,0.30337969327453534,0.2571959079466533,H
2017-18,2017-08-27,Chelsea,Everton,H,1.53,4.35,7.4,0.6535947712418301,0.2298850574712644,0.13513513513513511,1.0186149638482296,0.018614963848229582,0.6416504709224099,0.22568395873822697,0.1326655703393631,H
2017-18,2017-08-27,Liverpool,Arsenal,H,2.21,3.67,3.25,0.45248868778280543,0.2724795640326976,0.3076923076923077,1.0326605595078107,0.03266055950781066,0.4381775633984431,0.2638616934906156,0.29796074311094134,H
2017-18,2017-08-27,Tottenham,Burnley,D,1.22,7.25,16.0,0.819672131147541,0.13793103448275862,0.0625,1.0201031656302997,0.02010316563029968,0.80351885844907,0.13521282859418832,0.06126831295674159,H
2017-18,2017-08-27,West Brom,Stoke,D,2.66,3.15,3.06,0.37593984962406013,0.31746031746031744,0.32679738562091504,1.0201975527052927,0.020197552705292665,0.36849710982658956,0.3111753371868979,0.3203275529865125,H
2017-18,2017-09-09,Arsenal,Bournemouth,H,1.31,6.4,10.0,0.7633587786259541,0.15625,0.1,1.0196087786259542,0.019608778625954226,0.7486781152028449,0.15324505170558234,0.0980768330915727,H
2017-18,2017-09-09,Brighton,West Brom,H,2.71,3.05,3.09,0.36900369003690037,0.3278688524590164,0.3236245954692557,1.0204971379651724,0.020497137965172385,0.36159208713968366,0.3212834610323091,0.31712445182800736,H
2017-18,2017-09-09,Everton,Tottenham,A,3.98,3.55,2.05,0.25125628140703515,0.28169014084507044,0.48780487804878053,1.0207513003008861,0.020751300300886122,0.24614838240516815,0.2759635385838224,0.4778880790110095,A
2017-18,2017-09-09,Leicester,Chelsea,A,5.0,3.83,1.79,0.2,0.2610966057441253,0.5586592178770949,1.0197558236212203,0.019755823621220303,0.1961253815543674,0.25603835712058404,0.5478362613250485,A
2017-18,2017-09-09,Man City,Liverpool,H,1.89,3.98,4.14,0.5291005291005292,0.25125628140703515,0.24154589371980678,1.0219027042273712,0.021902704227371173,0.5177601809954752,0.24587104072398186,0.23636877828054298,H
2017-18,2017-09-09,Southampton,Watford,A,1.69,3.99,5.58,0.591715976331361,0.2506265664160401,0.17921146953405018,1.0215540122814513,0.021554012281451262,0.5792312195121951,0.24533853658536584,0.17543024390243903,H
2017-18,2017-09-09,Stoke,Man United,D,7.4,4.45,1.51,0.13513513513513511,0.2247191011235955,0.6622516556291391,1.0221058918878696,0.0221058918878696,0.13221246077109997,0.21985892352946965,0.6479286156994305,A
2017-18,2017-09-10,Burnley,Crystal Palace,H,2.2,3.36,3.73,0.45454545454545453,0.2976190476190476,0.2680965147453083,1.0202610169098105,0.020261016909810525,0.44551879079158785,0.29170873206592063,0.2627724771424915,H
2017-18,2017-09-10,Swansea,Newcastle,A,2.52,3.26,3.16,0.3968253968253968,0.3067484662576687,0.3164556962025316,1.020029559285597,0.02002955928559702,0.38903323262839884,0.300725075528701,0.3102416918429003,H
2017-18,2017-09-11,West Ham,Huddersfield,H,2.08,3.36,4.14,0.4807692307692307,0.2976190476190476,0.24154589371980678,1.019934172108085,0.019934172108085013,0.47137280416395577,0.2918022121014965,0.23682498373454788,H
2017-18,2017-09-15,Bournemouth,Brighton,H,2.17,3.41,3.76,0.4608294930875576,0.29325513196480935,0.26595744680851063,1.0200420718608776,0.020042071860877586,0.4517749863462589,0.28749317312943745,0.26073184052430365,H
2017-18,2017-09-16,Crystal Palace,Southampton,A,2.89,3.26,2.72,0.3460207612456747,0.3067484662576687,0.3676470588235294,1.0204162863268729,0.020416286326872868,0.339097646599922,0.3006111038876609,0.3602912495124171,A
2017-18,2017-09-16,Huddersfield,Leicester,D,3.62,3.39,2.23,0.27624309392265195,0.2949852507374631,0.4484304932735426,1.0196588379336577,0.019658837933657747,0.2709171770456671,0.2892979884676445,0.4397848344866883,A
2017-18,2017-09-16,Liverpool,Burnley,D,1.26,6.6,13.0,0.7936507936507936,0.15151515151515152,0.07692307692307693,1.022089022089022,0.02208902208902197,0.7764986967854041,0.14824066029539534,0.0752606429192007,H
2017-18,2017-09-16,Newcastle,Stoke,H,2.17,3.45,3.71,0.4608294930875576,0.2898550724637681,0.2695417789757412,1.020226344527067,0.020226344527066953,0.45169338702107165,0.2841085941552827,0.26419801882364563,H
2017-18,2017-09-16,Tottenham,Swansea,D,1.21,7.95,14.25,0.8264462809917356,0.12578616352201258,0.07017543859649122,1.0224078831102394,0.022407883110239446,0.8083332441428617,0.12302933652991982,0.06863741932721842,H
2017-18,2017-09-16,Watford,Man City,A,9.35,6.1,1.33,0.10695187165775401,0.1639344262295082,0.7518796992481203,1.0227659971353824,0.02276599713538241,0.1045712039286704,0.16028536995624074,0.735143426115089,A
2017-18,2017-09-16,West Brom,West Ham,D,2.34,3.27,3.49,0.4273504273504274,0.3058103975535168,0.28653295128939826,1.0196937761933424,0.01969377619334245,0.4190968282122752,0.2999041522986923,0.2809990194890326,H
2017-18,2017-09-17,Chelsea,Arsenal,D,1.77,3.99,4.88,0.5649717514124294,0.2506265664160401,0.20491803278688525,1.0205163506153547,0.020516350615354728,0.5536136202734632,0.24558799696341596,0.20079838276312087,H
2017-18,2017-09-17,Man United,Everton,H,1.35,5.33,10.31,0.7407407407407407,0.18761726078799248,0.09699321047526673,1.0253512120039998,0.025351212003999812,0.7224263570069795,0.18297853320064209,0.09459510979237849,H
2017-18,2017-09-23,Burnley,Huddersfield,D,2.41,3.16,3.46,0.41493775933609955,0.3164556962025316,0.28901734104046245,1.0204107965790936,0.020410796579093615,0.4066379547601514,0.31012578195315343,0.2832362632866951,H
2017-18,2017-09-23,Everton,Bournemouth,H,1.74,3.85,5.37,0.5747126436781609,0.2597402597402597,0.186219739292365,1.0206726427107855,0.020672642710785505,0.5630724481375265,0.2544794960413756,0.182448055821098,H
2017-18,2017-09-23,Leicester,Liverpool,A,4.4,4.18,1.81,0.22727272727272727,0.23923444976076558,0.5524861878453039,1.0189933648787968,0.01899336487879677,0.22303651339256758,0.23477527725533434,0.5421882093520981,A
2017-18,2017-09-23,Man City,Crystal Palace,H,1.13,11.0,21.0,0.8849557522123894,0.09090909090909091,0.047619047619047616,1.023483890740528,0.023483890740527924,0.864650396765983,0.0888231771223237,0.046526426111693366,H
2017-18,2017-09-23,Southampton,Man United,A,4.77,3.74,1.84,0.20964360587002098,0.267379679144385,0.5434782608695652,1.0205015458839712,0.02050154588397124,0.20543193365613677,0.2620081078983348,0.5325599584455284,A
2017-18,2017-09-23,Stoke,Chelsea,A,6.65,4.6,1.53,0.15037593984962405,0.2173913043478261,0.6535947712418301,1.0213620154392802,0.02136201543928018,0.14723079336854766,0.21284451650018307,0.6399246901312693,A
2017-18,2017-09-23,Swansea,Watford,A,2.42,3.24,3.35,0.4132231404958678,0.30864197530864196,0.29850746268656714,1.0203725784910769,0.020372578491076876,0.40497280033430594,0.3024796842003149,0.29254751546537916,H
2017-18,2017-09-23,West Ham,Tottenham,A,5.85,4.37,1.61,0.17094017094017094,0.22883295194508008,0.6211180124223602,1.020891135307611,0.02089113530761111,0.1674421150582955,0.2241501997919974,0.6084076851497072,A
2017-18,2017-09-24,Brighton,Newcastle,H,2.89,3.15,2.8,0.3460207612456747,0.31746031746031744,0.35714285714285715,1.0206239358488494,0.020623935848849362,0.33902865599354226,0.3110453383559801,0.3499260056504776,A
2017-18,2017-09-25,Arsenal,West Brom,H,1.34,5.56,10.78,0.7462686567164178,0.1798561151079137,0.0927643784786642,1.0188891503029958,0.01888915030299576,0.7324336082040853,0.17652176888371846,0.09104462291219616,H
2017-18,2017-09-30,Bournemouth,Leicester,D,2.64,3.55,2.78,0.3787878787878788,0.28169014084507044,0.3597122302158274,1.0201902498487765,0.020190249848776487,0.37129141240472235,0.2761153038728076,0.3525932837224702,H
2017-18,2017-09-30,Chelsea,Man City,A,2.77,3.48,2.69,0.36101083032490977,0.28735632183908044,0.3717472118959108,1.020114364059901,0.02011436405990108,0.3538925075891895,0.2816903005810502,0.3644171918297602,A
2017-18,2017-09-30,Huddersfield,Tottenham,A,9.0,4.92,1.42,0.1111111111111111,0.2032520325203252,0.7042253521126761,1.0185884957441125,0.018588495744112477,0.10908341452446975,0.19954283144720075,0.6913737540283295,A
2017-18,2017-09-30,Man United,Crystal Palace,H,1.2,7.8,17.0,0.8333333333333334,0.12820512820512822,0.058823529411764705,1.0203619909502262,0.020361990950226172,0.8167036215816704,0.1256467110125647,0.05764966740576497,H
2017-18,2017-09-30,Stoke,Southampton,H,2.95,3.32,2.63,0.3389830508474576,0.30120481927710846,0.3802281368821293,1.0204160070066952,0.020416007006695214,0.3322008362470087,0.29517845389417946,0.37262070985881207,A
2017-18,2017-09-30,West Brom,Watford,D,2.17,3.32,3.87,0.4608294930875576,0.30120481927710846,0.25839793281653745,1.0204322451812033,0.020432245181203346,0.45160224528746223,0.29517375670897383,0.2532239980035641,H
2017-18,2017-09-30,West Ham,Swansea,H,1.84,3.64,4.94,0.5434782608695652,0.2747252747252747,0.20242914979757085,1.0206326853924106,0.020632685392410588,0.5324915306436712,0.2691715429627349,0.19833692639359413,H
2017-18,2017-10-01,Arsenal,Brighton,H,1.26,6.65,13.5,0.7936507936507936,0.15037593984962405,0.07407407407407407,1.0181008075744917,0.01810080757449173,0.7795404814004376,0.14770240700218817,0.07275711159737418,H
2017-18,2017-10-01,Everton,Burnley,A,1.71,3.77,5.75,0.5847953216374269,0.26525198938992045,0.17391304347826086,1.0239603545056082,0.023960354505608183,0.5711112926044677,0.2590451751601167,0.16984353223541562,H
2017-18,2017-10-01,Newcastle,Liverpool,D,5.02,4.14,1.72,0.19920318725099603,0.24154589371980678,0.5813953488372093,1.0221444298080122,0.022144429808012234,0.19488751436860255,0.23631287974163884,0.5687996058897585,A
2017-18,2017-10-14,Burnley,West Ham,D,3.08,3.3,2.51,0.3246753246753247,0.30303030303030304,0.39840637450199207,1.0261120022076198,0.026112002207619778,0.3164131439616774,0.2953189343642323,0.3882679216740903,A
2017-18,2017-10-14,Crystal Palace,Chelsea,H,7.65,4.62,1.49,0.13071895424836602,0.21645021645021645,0.6711409395973155,1.0183101102958978,0.018310110295897797,0.12836851262370563,0.2125582514223697,0.6590732359539249,A
2017-18,2017-10-14,Liverpool,Man United,D,2.75,3.29,2.82,0.36363636363636365,0.303951367781155,0.3546099290780142,1.022197660495533,0.022197660495532956,0.3557397729320598,0.29735087403135696,0.34690935303658316,H
2017-18,2017-10-14,Man City,Stoke,H,1.14,10.5,20.0,0.8771929824561404,0.09523809523809523,0.05,1.0224310776942356,0.02243107769423558,0.8579482779752421,0.09314867018016913,0.0489030518445888,H
2017-18,2017-10-14,Swansea,Huddersfield,H,2.09,3.32,4.16,0.47846889952153115,0.30120481927710846,0.24038461538461536,1.020058334183255,0.020058334183254978,0.4690603306571029,0.2952819551425738,0.23565771420032328,H
2017-18,2017-10-14,Tottenham,Bournemouth,H,1.27,7.25,11.5,0.7874015748031495,0.13793103448275862,0.08695652173913043,1.0122891310250386,0.012289131025038591,0.7778425655976676,0.13625655976676385,0.08590087463556852,H
2017-18,2017-10-14,Watford,Arsenal,H,5.0,4.2,1.72,0.2,0.23809523809523808,0.5813953488372093,1.0194905869324473,0.019490586932447318,0.19617640669128833,0.23354334129915272,0.570280252009559,A
2017-18,2017-10-15,Brighton,Everton,D,3.24,3.15,2.57,0.30864197530864196,0.31746031746031744,0.38910505836575876,1.0152073511347182,0.015207351134718161,0.3040186568425322,0.31270490418089025,0.3832764389765776,A
2017-18,2017-10-15,Southampton,Newcastle,D,1.86,3.57,4.92,0.5376344086021505,0.2801120448179272,0.2032520325203252,1.0209984859404029,0.020998485940402878,0.5265770870433327,0.27435108736711455,0.19907182558955264,H
2017-18,2017-10-16,Leicester,West Brom,D,2.0,3.38,4.45,0.5,0.2958579881656805,0.2247191011235955,1.0205770892892758,0.02057708928927582,0.4899188951499952,0.28989283736686106,0.2201882674831439,H
2017-18,2017-10-20,West Ham,Brighton,A,1.79,3.57,5.54,0.5586592178770949,0.2801120448179272,0.18050541516245489,1.0192766778574769,0.019276677857476887,0.548093790443041,0.27481453358348557,0.17709167597347356,H
2017-18,2017-10-21,Chelsea,Watford,H,1.37,5.35,9.6,0.7299270072992701,0.1869158878504673,0.10416666666666667,1.0210095618164041,0.02100956181640412,0.7149071219281334,0.1830696742133725,0.10202320385849405,H
2017-18,2017-10-21,Huddersfield,Man United,H,9.75,4.9,1.4,0.10256410256410256,0.2040816326530612,0.7142857142857143,1.020931449502878,0.020931449502878063,0.10046130189646335,0.19989748846745256,0.6996412096360841,A
2017-18,2017-10-21,Man City,Burnley,H,1.12,11.5,24.0,0.8928571428571428,0.08695652173913043,0.041666666666666664,1.02148033126294,0.02148033126293991,0.8740815809475551,0.08512794527489233,0.04079047377755257,H
2017-18,2017-10-21,Newcastle,Crystal Palace,H,1.88,3.65,4.64,0.5319148936170213,0.273972602739726,0.21551724137931036,1.0214047377360576,0.021404737736057555,0.5207679913410329,0.26823118458113476,0.21100082407783233,H
2017-18,2017-10-21,Southampton,West Brom,H,1.9,3.31,5.19,0.5263157894736842,0.3021148036253776,0.19267822736030826,1.0211088204593701,0.021108820459370126,0.5154355529285395,0.29586935062363295,0.18869509644782753,H
2017-18,2017-10-21,Stoke,Bournemouth,A,2.16,3.55,3.62,0.4629629629629629,0.28169014084507044,0.27624309392265195,1.0208961977306852,0.020896197730685184,0.45348681285332165,0.27592437063751407,0.2705888165091644,H
2017-18,2017-10-21,Swansea,Leicester,A,2.89,3.27,2.71,0.3460207612456747,0.3058103975535168,0.36900369003690037,1.0208348488360919,0.02083484883609188,0.33895860984780385,0.299568924299741,0.36147246585245507,A
2017-18,2017-10-22,Everton,Arsenal,A,4.7,3.88,1.82,0.2127659574468085,0.2577319587628866,0.5494505494505494,1.0199484656602444,0.01994846566024444,0.2086046154391521,0.25269115787732344,0.5387042266835246,A
2017-18,2017-10-22,Tottenham,Liverpool,H,2.24,3.62,3.36,0.4464285714285714,0.27624309392265195,0.2976190476190476,1.020290712970271,0.020290712970270963,0.4375503626107977,0.27074939564867045,0.29170024174053183,H
2017-18,2017-10-28,Arsenal,Swansea,H,1.2,8.3,15.0,0.8333333333333334,0.12048192771084336,0.06666666666666667,1.0204819277108435,0.02048192771084345,0.816607634789453,0.11806375442739077,0.06532861078315623,H
2017-18,2017-10-28,Bournemouth,Chelsea,A,6.2,4.4,1.58,0.16129032258064516,0.22727272727272727,0.6329113924050632,1.0214744422584356,0.021474442258435644,0.15789951848823477,0.22249477605160353,0.6196057054601617,A
2017-18,2017-10-28,Crystal Palace,West Ham,D,2.56,3.19,3.16,0.390625,0.31347962382445144,0.3164556962025316,1.020560320026983,0.020560320026983048,0.38275542595039563,0.30716422897586615,0.3100803450737382,H
2017-18,2017-10-28,Liverpool,Huddersfield,H,1.25,6.7,14.0,0.8,0.14925373134328357,0.07142857142857142,1.020682302771855,0.02068230277185501,0.7837894297054523,0.14622937121370377,0.06998119908084395,H
2017-18,2017-10-28,Man United,Tottenham,H,2.1,3.43,3.96,0.47619047619047616,0.29154518950437314,0.25252525252525254,1.020260918220102,0.020260918220101898,0.46673401645259055,0.2857555202770962,0.2475104632703132,H
2017-18,2017-10-28,Watford,Stoke,A,2.02,3.57,4.07,0.49504950495049505,0.2801120448179272,0.24570024570024568,1.0208617954686678,0.020861795468667843,0.4849329332803786,0.27438782219225905,0.24067924452736236,H
2017-18,2017-10-28,West Brom,Man City,A,11.0,6.4,1.29,0.09090909090909091,0.15625,0.7751937984496123,1.0223528893587033,0.022352889358703276,0.08892143980354567,0.1528337246623441,0.7582448355341103,A
2017-18,2017-10-29,Brighton,Southampton,D,3.42,3.29,2.36,0.29239766081871343,0.303951367781155,0.42372881355932207,1.0200778421591905,0.020077842159190507,0.2866424979879944,0.29796879730058995,0.41538870471141565,A
2017-18,2017-10-29,Leicester,Everton,H,2.08,3.45,4.0,0.4807692307692307,0.2898550724637681,0.25,1.020624303232999,0.02062430323299891,0.47105406881485523,0.28399781540142,0.24494811578372475,H
2017-18,2017-10-30,Burnley,Newcastle,H,3.22,3.13,2.56,0.3105590062111801,0.3194888178913738,0.390625,1.020672824102554,0.020672824102554,0.304268908584144,0.3130178548373622,0.38271323657849365,A
2017-18,2017-11-04,Huddersfield,West Brom,H,2.99,2.92,2.91,0.33444816053511706,0.3424657534246575,0.3436426116838488,1.0205565256436233,0.020556525643623313,0.32771154966080324,0.33556764845404163,0.3367208018851552,A
2017-18,2017-11-04,Newcastle,Bournemouth,A,1.83,3.63,5.0,0.5464480874316939,0.27548209366391185,0.2,1.0219301810956058,0.02193018109560585,0.5347215470687536,0.26957036670408246,0.19570808622716387,H
2017-18,2017-11-04,Southampton,Burnley,A,1.67,3.7,6.58,0.5988023952095809,0.27027027027027023,0.1519756838905775,1.0210483493704285,0.021048349370428543,0.5864584136283051,0.2646987975025052,0.14884278886918986,H
2017-18,2017-11-04,Stoke,Leicester,D,2.65,3.26,2.97,0.37735849056603776,0.3067484662576687,0.33670033670033667,1.020807293524043,0.02080729352404309,0.3696667264820535,0.3004959586433871,0.3298373148745595,H
2017-18,2017-11-04,Swansea,Brighton,A,2.72,2.99,3.14,0.3676470588235294,0.33444816053511706,0.3184713375796178,1.0205665569382643,0.020566556938264258,0.36023819938454926,0.32770832853711507,0.31205347207833567,H
2017-18,2017-11-04,West Ham,Liverpool,A,6.29,4.68,1.54,0.1589825119236884,0.2136752136752137,0.6493506493506493,1.0220083749495514,0.022008374949551435,0.15555891303878613,0.2090738382508472,0.6353672487103666,A
2017-18,2017-11-05,Chelsea,Man United,H,2.62,3.1,3.16,0.38167938931297707,0.3225806451612903,0.3164556962025316,1.0207157306767989,0.020715730676798882,0.3739330920861772,0.3160337746018659,0.31003313331195703,H
2017-18,2017-11-05,Everton,Watford,H,2.27,3.3,3.61,0.44052863436123346,0.30303030303030304,0.2770083102493075,1.020567247640844,0.020567247640844055,0.43165076615927556,0.29692340581259263,0.27142582802813175,H
2017-18,2017-11-05,Man City,Arsenal,H,1.41,5.65,7.5,0.7092198581560284,0.17699115044247787,0.13333333333333333,1.0195443419318395,0.019544341931839515,0.6956243382334836,0.17359828617862155,0.1307773755878949,H
2017-18,2017-11-05,Tottenham,Crystal Palace,H,1.34,5.5,10.6,0.7462686567164178,0.18181818181818182,0.09433962264150944,1.0224264611761091,0.022426461176109136,0.729899591857175,0.17783008237974812,0.09227032576307685,H
2017-18,2017-11-18,Arsenal,Tottenham,H,2.49,3.5,3.0,0.4016064257028112,0.2857142857142857,0.3333333333333333,1.0206540447504302,0.0206540447504302,0.3934794828555368,0.27993254637436765,0.32658797077009555,H
2017-18,2017-11-18,Bournemouth,Huddersfield,H,1.81,3.66,5.16,0.5524861878453039,0.27322404371584696,0.19379844961240308,1.0195086811735539,0.019508681173553866,0.5419141573265844,0.2679957991150595,0.19009004355835615,H
2017-18,2017-11-18,Burnley,Swansea,H,2.41,2.98,3.71,0.41493775933609955,0.33557046979865773,0.2695417789757412,1.0200500081104986,0.02005000811049862,0.40678178132140236,0.32897452784717446,0.2642436908314231,H
2017-18,2017-11-18,Crystal Palace,Everton,D,2.24,3.25,3.75,0.4464285714285714,0.3076923076923077,0.26666666666666666,1.0207875457875457,0.020787545787545714,0.4373374001973625,0.301426392751413,0.2612362070512246,H
2017-18,2017-11-18,Leicester,Man City,A,8.26,5.65,1.38,0.12106537530266344,0.17699115044247787,0.7246376811594204,1.0226942069045617,0.022694206904561698,0.11837886093937884,0.17306360909013613,0.708557529970485,A
2017-18,2017-11-18,Liverpool,Southampton,H,1.42,5.07,8.47,0.7042253521126761,0.1972386587771203,0.11806375442739078,1.0195277653171873,0.01952776531718725,0.6907368058716706,0.19346080164453097,0.11580239248379835,H
2017-18,2017-11-18,Man United,Newcastle,H,1.27,6.0,15.0,0.7874015748031495,0.16666666666666666,0.06666666666666667,1.020734908136483,0.020734908136482932,0.7714065312419645,0.1632810491128825,0.065312419645153,H
2017-18,2017-11-18,West Brom,Chelsea,A,6.92,4.36,1.55,0.14450867052023122,0.2293577981651376,0.6451612903225806,1.0190277590079495,0.019027759007949507,0.1418103375917004,0.2250751229666437,0.6331145394416559,A
2017-18,2017-11-19,Watford,West Ham,H,2.32,3.26,3.54,0.4310344827586207,0.3067484662576687,0.2824858757062147,1.0202688247225042,0.02026882472250424,0.42247148233295745,0.3006545518443133,0.27687396582272916,H
2017-18,2017-11-20,Brighton,Stoke,D,2.41,3.19,3.42,0.41493775933609955,0.31347962382445144,0.29239766081871343,1.0208150439792645,0.02081504397926448,0.40647692428064186,0.3070875822935257,0.2864354934258324,H
2017-18,2017-11-24,West Ham,Leicester,D,2.89,3.27,2.71,0.3460207612456747,0.3058103975535168,0.36900369003690037,1.0208348488360919,0.02083484883609188,0.33895860984780385,0.299568924299741,0.36147246585245507,A
2017-18,2017-11-25,Crystal Palace,Stoke,H,1.95,3.63,4.29,0.5128205128205129,0.27548209366391185,0.2331002331002331,1.021402839584658,0.02140283958465794,0.5020746887966805,0.2697095435684647,0.2282157676348547,H
2017-18,2017-11-25,Liverpool,Chelsea,D,2.21,3.59,3.45,0.45248868778280543,0.2785515320334262,0.2898550724637681,1.0208952922799996,0.020895292279999644,0.4432273233156432,0.2728502463865102,0.2839224302978468,H
2017-18,2017-11-25,Man United,Brighton,H,1.2,7.45,19.0,0.8333333333333334,0.1342281879194631,0.05263157894736842,1.020193100200165,0.02019310020016496,0.816838825090888,0.13157135437705578,0.05158982053205608,H
2017-18,2017-11-25,Newcastle,Watford,A,2.4,3.37,3.26,0.4166666666666667,0.29673590504451036,0.3067484662576687,1.0201510379688457,0.020151037968845653,0.4084362522399269,0.2908744823073663,0.3006892654527069,H
2017-18,2017-11-25,Swansea,Bournemouth,D,3.01,3.3,2.6,0.33222591362126247,0.30303030303030304,0.3846153846153846,1.0198716012669502,0.0198716012669502,0.3257526861308326,0.2971259349253958,0.3771213789437715,A
2017-18,2017-11-25,Tottenham,West Brom,D,1.26,6.6,13.65,0.7936507936507936,0.15151515151515152,0.07326007326007326,1.0184260184260183,0.01842601842601832,0.7792915531335151,0.1487738419618529,0.07193460490463216,H
2017-18,2017-11-26,Burnley,Arsenal,A,6.25,4.2,1.61,0.16,0.23809523809523808,0.6211180124223602,1.0192132505175984,0.019213250517598368,0.15698383034045665,0.23360689038758428,0.609409279271959,A
2017-18,2017-11-26,Huddersfield,Man City,A,17.0,8.3,1.19,0.058823529411764705,0.12048192771084336,0.8403361344537815,1.0196415915763897,0.019641591576389672,0.0576903981729719,0.11816105649885808,0.82414854532817,A
2017-18,2017-11-26,Southampton,Everton,H,1.81,3.72,5.0,0.5524861878453039,0.26881720430107525,0.2,1.0213033921463792,0.02130339214637922,0.5409618650969078,0.26320993973801154,0.19582819516508063,H
2017-18,2017-11-28,Brighton,Crystal Palace,D,2.77,3.1,2.97,0.36101083032490977,0.3225806451612903,0.33670033670033667,1.0202918121865368,0.02029181218653675,0.353830958959913,0.31616508268353516,0.33000395835655183,H
2017-18,2017-11-28,Leicester,Tottenham,H,5.05,3.7,1.81,0.19801980198019803,0.27027027027027023,0.5524861878453039,1.0207762600957722,0.02077626009577216,0.1939894271851691,0.26476935332029833,0.5412412194945326,A
2017-18,2017-11-28,Watford,Man United,A,5.25,3.75,1.78,0.19047619047619047,0.26666666666666666,0.5617977528089888,1.0189406099518459,0.018940609951845877,0.1869355177483722,0.2617097248477211,0.5513547574039068,A
2017-18,2017-11-28,West Brom,Newcastle,D,2.47,3.1,3.41,0.4048582995951417,0.3225806451612903,0.29325513196480935,1.0206940767212414,0.02069407672124135,0.3966499941840177,0.3160404792369431,0.2873095265790392,H
2017-18,2017-11-29,Arsenal,Huddersfield,H,1.18,8.3,18.5,0.8474576271186441,0.12048192771084336,0.05405405405405406,1.0219936088835415,0.021993608883541516,0.8292200848931276,0.11788912050287836,0.05289079460399408,H
2017-18,2017-11-29,Bournemouth,Burnley,A,2.21,3.22,3.88,0.45248868778280543,0.3105590062111801,0.2577319587628866,1.0207796527568722,0.020779652756872213,0.4432775345401389,0.304237065631586,0.252485399828275,H
2017-18,2017-11-29,Chelsea,Swansea,H,1.21,7.55,17.0,0.8264462809917356,0.13245033112582782,0.058823529411764705,1.017720141529328,0.017720141529327993,0.8120565244486906,0.13014415822290273,0.0577993173284068,H
2017-18,2017-11-29,Everton,West Ham,H,2.6,3.24,3.06,0.3846153846153846,0.30864197530864196,0.32679738562091504,1.0200547455449416,0.020054745544941577,0.3770536692223439,0.3025739320920044,0.3203723986856517,H
2017-18,2017-11-29,Man City,Southampton,H,1.25,6.7,13.57,0.8,0.14925373134328357,0.07369196757553427,1.022945698918818,0.022945698918817925,0.7820551969137209,0.14590582031972404,0.07203898276655499,H
2017-18,2017-11-29,Stoke,Liverpool,A,6.21,4.58,1.56,0.1610305958132045,0.2183406113537118,0.641025641025641,1.0203968481925574,0.020396848192557382,0.1578117338351644,0.21397617185946963,0.6282120943053658,A
2017-18,2017-12-02,Arsenal,Man United,A,2.32,3.43,3.36,0.4310344827586207,0.29154518950437314,0.2976190476190476,1.0201987198820415,0.02019871988204147,0.4225005132416342,0.28577294190104696,0.2917265448573188,H
2017-18,2017-12-02,Brighton,Liverpool,A,7.25,4.39,1.53,0.13793103448275862,0.22779043280182235,0.6535947712418301,1.019316238526411,0.019316238526410956,0.13531721488334236,0.22347376034264974,0.641209024774008,A
2017-18,2017-12-02,Chelsea,Newcastle,H,1.24,6.65,16.5,0.8064516129032259,0.15037593984962405,0.06060606060606061,1.0174336133589106,0.017433613358910582,0.7926331529787403,0.14779926461558462,0.05956758240567502,H
2017-18,2017-12-02,Everton,Huddersfield,H,1.86,3.52,5.01,0.5376344086021505,0.2840909090909091,0.1996007984031936,1.0213261160962532,0.021326116096253234,0.5264081669203904,0.2781588609295245,0.19543297215008507,H
2017-18,2017-12-02,Leicester,Burnley,H,2.1,3.27,4.2,0.47619047619047616,0.3058103975535168,0.23809523809523808,1.020096111839231,0.0200961118392311,0.4668094218415417,0.29978586723768735,0.23340471092077086,H
2017-18,2017-12-02,Stoke,Swansea,H,1.81,3.68,5.13,0.5524861878453039,0.2717391304347826,0.19493177387914232,1.0191570921592288,0.019157092159228784,0.5421011069792818,0.2666312509870924,0.19126764203362576,H
2017-18,2017-12-02,Watford,Tottenham,D,5.26,4.44,1.65,0.19011406844106465,0.2252252252252252,0.6060606060606061,1.0213998997268958,0.02139989972689582,0.18613088614155707,0.22050641015869143,0.5933627036997516,A
2017-18,2017-12-02,West Brom,Crystal Palace,D,2.73,3.1,3.02,0.3663003663003663,0.3225806451612903,0.33112582781456956,1.0200068392762263,0.020006839276226263,0.35911559824469874,0.31625341393807344,0.3246309878172277,H
2017-18,2017-12-03,Bournemouth,Southampton,D,3.62,3.29,2.27,0.27624309392265195,0.303951367781155,0.44052863436123346,1.0207230960650404,0.020723096065040414,0.27063470493377545,0.29778043521588665,0.4315848598503379,A
2017-18,2017-12-03,Man City,West Ham,H,1.11,12.5,26.0,0.9009009009009008,0.08,0.038461538461538464,1.0193624393624392,0.0193624393624392,0.883788597767414,0.07848042748174638,0.037730974750839606,H
2017-18,2017-12-09,Burnley,Watford,H,2.85,3.23,2.78,0.3508771929824561,0.30959752321981426,0.3597122302158274,1.0201869464180977,0.020186946418097707,0.34393421148388037,0.3034713630740121,0.3525944254421076,A
2017-18,2017-12-09,Crystal Palace,Bournemouth,D,1.97,3.62,4.23,0.5076142131979695,0.27624309392265195,0.23640661938534277,1.020263926505964,0.02026392650596409,0.49753225612549595,0.2707565040240959,0.23171123985040828,H
2017-18,2017-12-09,Huddersfield,Brighton,H,2.73,2.91,3.22,0.3663003663003663,0.3436426116838488,0.3105590062111801,1.020501984195395,0.020501984195395062,0.35894135628670265,0.3367387981658757,0.3043198455474218,H
2017-18,2017-12-09,Newcastle,Leicester,A,2.61,3.27,3.02,0.3831417624521073,0.3058103975535168,0.33112582781456956,1.0200779878201938,0.020077987820193766,0.3756004609714631,0.29979119361942463,0.32460834540911215,H
2017-18,2017-12-09,Swansea,West Brom,H,2.84,2.96,3.03,0.35211267605633806,0.33783783783783783,0.33003300330033003,1.019983517194506,0.019983517194505973,0.34521408446367263,0.3312189188773075,0.32356699665901983,H
2017-18,2017-12-09,Tottenham,Stoke,H,1.28,6.45,11.7,0.78125,0.15503875968992248,0.08547008547008547,1.021758845160008,0.021758845160007922,0.7646129061673608,0.1517371348673212,0.0836499589653181,H
2017-18,2017-12-09,West Ham,Chelsea,H,7.55,4.68,1.48,0.13245033112582782,0.2136752136752137,0.6756756756756757,1.0218012204767173,0.021801220476717287,0.12962436183432396,0.209116224754091,0.6612594134115849,A
2017-18,2017-12-10,Liverpool,Everton,D,1.37,5.25,9.95,0.7299270072992701,0.19047619047619047,0.10050251256281408,1.0209057103382746,0.020905710338274597,0.7149798457463917,0.186575693080487,0.09844446117312128,H
2017-18,2017-12-10,Man United,Man City,A,3.42,3.57,2.23,0.29239766081871343,0.2801120448179272,0.4484304932735426,1.0209401989101832,0.020940198910183172,0.2864003798957445,0.2743667504883603,0.43923286961589525,A
2017-18,2017-12-10,Southampton,Arsenal,D,4.2,3.8,1.93,0.23809523809523808,0.2631578947368421,0.5181347150259068,1.019387847857987,0.019387847857986973,0.2335668789808917,0.2581528662420382,0.5082802547770701,A
2017-18,2017-12-12,Burnley,Stoke,H,2.4,3.23,3.4,0.4166666666666667,0.30959752321981426,0.29411764705882354,1.0203818369453046,0.0203818369453046,0.40834386852085963,0.30341340075853346,0.2882427307206068,H
2017-18,2017-12-12,Crystal Palace,Watford,H,2.27,3.53,3.39,0.44052863436123346,0.28328611898017,0.2949852507374631,1.0188000040788665,0.018800004078866506,0.43239952159161127,0.27805861586769337,0.2895418625406954,H
2017-18,2017-12-12,Huddersfield,Chelsea,A,9.21,4.48,1.45,0.10857763300760043,0.2232142857142857,0.6896551724137931,1.0214470911356792,0.02144709113567922,0.10629785326118082,0.21852750636952575,0.6751746403692934,A
2017-18,2017-12-13,Liverpool,West Brom,D,1.21,7.8,15.75,0.8264462809917356,0.12820512820512822,0.06349206349206349,1.0181434726889274,0.018143472688927353,0.811718881631763,0.1259204931762094,0.0623606251920275,H
2017-18,2017-12-13,Man United,Bournemouth,H,1.3,6.2,11.05,0.7692307692307692,0.16129032258064516,0.09049773755656108,1.0210188293679754,0.02101882936797539,0.7533952823445318,0.15796997855611153,0.0886347390993567,H
2017-18,2017-12-13,Newcastle,Everton,A,2.19,3.32,3.81,0.4566210045662101,0.30120481927710846,0.26246719160104987,1.0202930154443683,0.020293015444368345,0.44753908696252115,0.2952140362794944,0.2572468767579846,H
2017-18,2017-12-13,Southampton,Leicester,A,1.94,3.49,4.56,0.5154639175257733,0.28653295128939826,0.2192982456140351,1.0212951144292066,0.02129511442920662,0.5047159339578959,0.2805584274722974,0.21472563856980662,H
2017-18,2017-12-13,Swansea,Man City,A,13.0,7.15,1.24,0.07692307692307693,0.13986013986013984,0.8064516129032259,1.0232348296864426,0.023234829686442637,0.07517636684303351,0.13668430335096998,0.7881393298059965,A
2017-18,2017-12-13,Tottenham,Brighton,H,1.22,7.2,16.5,0.819672131147541,0.1388888888888889,0.06060606060606061,1.0191670806424904,0.019167080642490397,0.804256874771518,0.136276859336285,0.05946626589219709,H
2017-18,2017-12-13,West Ham,Arsenal,D,5.45,4.26,1.66,0.18348623853211007,0.2347417840375587,0.6024096385542169,1.0206376611238857,0.020637661123885653,0.1797760807004342,0.22999522061440528,0.5902286986851606,A
2017-18,2017-12-16,Arsenal,Newcastle,H,1.26,6.9,12.45,0.7936507936507936,0.14492753623188406,0.08032128514056225,1.01889961502324,0.01889961502323989,0.778929329198629,0.14223926881018445,0.07883140199118656,H
2017-18,2017-12-16,Brighton,Burnley,D,2.5,2.89,3.64,0.4,0.3460207612456747,0.2747252747252747,1.0207460359709495,0.020746035970949483,0.3918702457849996,0.338988101890138,0.2691416523248623,H
2017-18,2017-12-16,Chelsea,Southampton,H,1.4,5.09,9.0,0.7142857142857143,0.19646365422396858,0.1111111111111111,1.021860479620794,0.02186047962079396,0.699005126953125,0.19226074218750003,0.108734130859375,H
2017-18,2017-12-16,Leicester,Crystal Palace,A,1.77,3.85,5.1,0.5649717514124294,0.2597402597402597,0.19607843137254904,1.020790442525238,0.020790442525238095,0.5534649697687202,0.2544501289586064,0.1920849012726735,H
2017-18,2017-12-16,Man City,Tottenham,H,1.64,4.41,5.41,0.6097560975609756,0.22675736961451246,0.18484288354898337,1.0213563507244714,0.021356350724471396,0.5970062232720849,0.22201591976558258,0.18097785696233257,H
2017-18,2017-12-16,Stoke,West Ham,A,2.46,3.26,3.26,0.4065040650406504,0.3067484662576687,0.3067484662576687,1.0200009975559878,0.02000099755598783,0.39853300733496333,0.30073349633251834,0.30073349633251834,H
2017-18,2017-12-16,Watford,Huddersfield,A,1.73,3.83,5.5,0.5780346820809249,0.2610966057441253,0.18181818181818182,1.020949469643232,0.020949469643231966,0.5661736445026193,0.25573900913564784,0.17808734636173296,H
2017-18,2017-12-17,Bournemouth,Liverpool,A,7.35,5.25,1.44,0.1360544217687075,0.19047619047619047,0.6944444444444444,1.0209750566893425,0.02097505668934252,0.13325930038867295,0.18656302054414212,0.6801776790671848,A
2017-18,2017-12-17,West Brom,Man United,A,6.0,3.75,1.7,0.16666666666666666,0.26666666666666666,0.5882352941176471,1.0215686274509803,0.021568627450980316,0.16314779270633398,0.2610364683301344,0.5758157389635318,A
2017-18,2017-12-18,Everton,Swansea,H,1.8,3.52,5.53,0.5555555555555556,0.2840909090909091,0.18083182640144665,1.0204782910479113,0.020478291047911323,0.5444070299477565,0.27838995849601184,0.17720301155623175,H
2017-18,2017-12-22,Arsenal,Liverpool,D,2.68,3.69,2.66,0.3731343283582089,0.2710027100271003,0.37593984962406013,1.0200768880093694,0.020076888009369354,0.36579039555181225,0.26566890517042197,0.3685406992777658,A
2017-18,2017-12-23,Brighton,Watford,H,2.71,3.2,2.95,0.36900369003690037,0.3125,0.3389830508474576,1.0204867408843579,0.020486740884357868,0.36159577116809993,0.3062264187079846,0.3321778101239155,H
2017-18,2017-12-23,Burnley,Tottenham,A,6.8,4.29,1.56,0.14705882352941177,0.2331002331002331,0.641025641025641,1.0211846976552859,0.021184697655285856,0.14400805639476336,0.22826451829472977,0.6277274253105068,A
2017-18,2017-12-23,Everton,Chelsea,D,7.16,4.13,1.56,0.13966480446927373,0.24213075060532688,0.641025641025641,1.0228211961002416,0.02282119610024158,0.1365486020447956,0.23672832703165536,0.6267230709235491,A
2017-18,2017-12-23,Leicester,Man United,D,4.27,3.67,1.95,0.234192037470726,0.2724795640326976,0.5128205128205129,1.0194921143239366,0.019492114323936605,0.22971441777754947,0.26726990842238046,0.50301567380007,A
2017-18,2017-12-23,Man City,Bournemouth,H,1.09,15.0,27.0,0.9174311926605504,0.06666666666666667,0.037037037037037035,1.0211348963642541,0.02113489636425414,0.8984426993211766,0.06528683615067217,0.036270464528151206,H
2017-18,2017-12-23,Southampton,Huddersfield,D,1.67,3.9,6.1,0.5988023952095809,0.25641025641025644,0.1639344262295082,1.0191470778493454,0.01914707784934544,0.5875524820943443,0.25159298592245,0.16085453198320573,H
2017-18,2017-12-23,Stoke,West Brom,H,2.37,3.17,3.53,0.42194092827004215,0.31545741324921134,0.28328611898017,1.0206844604994236,0.02068446049942363,0.4133901755137776,0.3090645791696066,0.2775452453166156,H
2017-18,2017-12-23,Swansea,Crystal Palace,D,3.4,3.32,2.35,0.29411764705882354,0.30120481927710846,0.425531914893617,1.020854381229549,0.02085438122954897,0.28810930576070903,0.29505169867060566,0.41683899556868537,A
2017-18,2017-12-23,West Ham,Newcastle,A,1.97,3.48,4.43,0.5076142131979695,0.28735632183908044,0.22573363431151244,1.0207041693485623,0.02070416934856234,0.4973176640612147,0.2815275282185612,0.22115480772022417,H
2017-18,2017-12-26,Bournemouth,West Ham,D,2.56,3.22,3.13,0.390625,0.3105590062111801,0.3194888178913738,1.0206728241025538,0.020672824102553777,0.38271323657849377,0.30426890858414407,0.3130178548373623,H
2017-18,2017-12-26,Chelsea,Brighton,H,1.17,8.4,21.5,0.8547008547008548,0.11904761904761904,0.046511627906976744,1.0202601016554507,0.02026010165545067,0.8377283923129374,0.11668359750073055,0.04558801018633194,H
2017-18,2017-12-26,Huddersfield,Stoke,D,2.35,3.23,3.51,0.425531914893617,0.30959752321981426,0.2849002849002849,1.020029723013716,0.020029723013716083,0.41717599526057636,0.30351813896667323,0.2793058657727506,H
2017-18,2017-12-26,Liverpool,Swansea,H,1.14,10.5,21.0,0.8771929824561404,0.09523809523809523,0.047619047619047616,1.0200501253132832,0.020050125313283207,0.85995085995086,0.09336609336609336,0.04668304668304668,H
2017-18,2017-12-26,Man United,Burnley,D,1.26,6.3,14.5,0.7936507936507936,0.15873015873015872,0.06896551724137931,1.0213464696223316,0.021346469622331554,0.7770632368703109,0.15541264737406218,0.06752411575562701,H
2017-18,2017-12-26,Tottenham,Southampton,H,1.33,5.8,10.2,0.7518796992481203,0.1724137931034483,0.09803921568627452,1.022332708037843,0.02233270803784304,0.7354549975136748,0.16864743908503235,0.0958975634012929,H
2017-18,2017-12-26,Watford,Leicester,H,2.7,3.46,2.78,0.37037037037037035,0.28901734104046245,0.3597122302158274,1.0190999416266602,0.019099941626660177,0.36342889960252084,0.2836005863950308,0.3529705140024484,H
2017-18,2017-12-26,West Brom,Everton,D,2.25,3.16,3.85,0.4444444444444444,0.3164556962025316,0.2597402597402597,1.0206404003872356,0.02064040038723558,0.43545644898616614,0.3100560158920487,0.2544875351217854,H
2017-18,2017-12-27,Newcastle,Man City,A,13.0,7.25,1.24,0.07692307692307693,0.13793103448275862,0.8064516129032259,1.0213057243090615,0.021305724309061524,0.07531836461126004,0.13505361930294904,0.7896280160857908,A
2017-18,2017-12-28,Crystal Palace,Arsenal,A,4.82,4.33,1.72,0.20746887966804978,0.23094688221709006,0.5813953488372093,1.0198111107223493,0.019811110722349312,0.20343853630021358,0.22646044918407146,0.5701010145157148,A
2017-18,2017-12-30,Bournemouth,Everton,H,2.36,3.13,3.6,0.42372881355932207,0.3194888178913738,0.2777777777777778,1.0209954092284736,0.02099540922847365,0.41501539549479205,0.31291895634751093,0.272065648157697,H
2017-18,2017-12-30,Chelsea,Stoke,H,1.15,9.75,21.0,0.8695652173913044,0.10256410256410256,0.047619047619047616,1.0197483675744545,0.01974836757445453,0.8527252850226458,0.10057785413087615,0.046696860846478214,H
2017-18,2017-12-30,Huddersfield,Burnley,D,2.44,3.03,3.58,0.4098360655737705,0.33003300330033003,0.27932960893854747,1.019198677812648,0.019198677812648057,0.4021159706106955,0.3238161611518472,0.27406786823745727,H
2017-18,2017-12-30,Liverpool,Leicester,H,1.27,7.1,11.0,0.7874015748031495,0.14084507042253522,0.09090909090909091,1.0191557361347756,0.019155736134775614,0.7726018182357771,0.1381977900224559,0.089200391741767,H
2017-18,2017-12-30,Man United,Southampton,D,1.36,5.3,10.5,0.7352941176470588,0.18867924528301888,0.09523809523809523,1.019211458168173,0.019211458168173046,0.7214343125307888,0.18512276698903263,0.09344292048017837,H
2017-18,2017-12-30,Newcastle,Brighton,D,2.16,3.22,4.05,0.4629629629629629,0.3105590062111801,0.2469135802469136,1.0204355494210566,0.02043554942105663,0.45369152733421,0.3043396580875446,0.24196881457824537,H
2017-18,2017-12-30,Watford,Swansea,A,1.85,3.57,5.01,0.5405405405405405,0.2801120448179272,0.1996007984031936,1.0202533837616612,0.020253383761661192,0.5298100933981462,0.27455144895982375,0.19563845764203008,H
2017-18,2017-12-31,Crystal Palace,Man City,D,10.85,5.8,1.32,0.09216589861751152,0.1724137931034483,0.7575757575757576,1.0221554492967173,0.02215544929671731,0.09016818203231734,0.16867668535355917,0.7411551326141236,A
2017-18,2017-12-31,West Brom,Arsenal,D,5.7,4.19,1.65,0.17543859649122806,0.2386634844868735,0.6060606060606061,1.0201626870387077,0.020162687038707716,0.17197119510466025,0.23394649453378602,0.5940823103615537,A
2017-18,2018-01-01,Brighton,Bournemouth,D,2.47,3.05,3.48,0.4048582995951417,0.3278688524590164,0.28735632183908044,1.0200834738932385,0.0200834738932385,0.39688742142833106,0.32141374784523863,0.28169883072643037,H
2017-18,2018-01-01,Burnley,Liverpool,A,6.6,3.8,1.65,0.15151515151515152,0.2631578947368421,0.6060606060606061,1.0207336523125998,0.020733652312599826,0.14843749999999997,0.25781249999999994,0.5937499999999999,A
2017-18,2018-01-01,Everton,Man United,A,5.6,3.89,1.71,0.17857142857142858,0.2570694087403599,0.5847953216374269,1.0204361589492152,0.020436158949215244,0.17499519887193224,0.25192110891589214,0.5730836922121757,A
2017-18,2018-01-01,Leicester,Huddersfield,H,1.83,3.52,5.23,0.5464480874316939,0.2840909090909091,0.19120458891013384,1.021743585432737,0.021743585432737023,0.5348192004555212,0.2780452093277284,0.18713559021675027,H
2017-18,2018-01-01,Stoke,Newcastle,A,2.31,3.28,3.54,0.4329004329004329,0.3048780487804878,0.2824858757062147,1.0202643573871355,0.0202643573871355,0.4243022210528623,0.29882260080247314,0.2768751781446644,H
2017-18,2018-01-02,Man City,Watford,H,1.13,10.8,21.5,0.8849557522123894,0.09259259259259259,0.046511627906976744,1.0240599727119588,0.02405997271195881,0.8641639901897662,0.09041715823281812,0.04541885157741562,H
2017-18,2018-01-02,Southampton,Crystal Palace,A,2.07,3.37,4.16,0.48309178743961356,0.29673590504451036,0.24038461538461536,1.0202123078687393,0.020212307868739288,0.4735208384701905,0.2908570135410369,0.23562214798877265,H
2017-18,2018-01-02,Swansea,Tottenham,A,8.02,4.51,1.48,0.12468827930174564,0.22172949002217296,0.6756756756756757,1.0220934449995942,0.022093444999594203,0.12199303293819201,0.21693661289674057,0.6610703541650674,A
2017-18,2018-01-02,West Ham,West Brom,H,2.19,3.21,3.98,0.4566210045662101,0.3115264797507788,0.25125628140703515,1.019403765724024,0.019403765724024025,0.44792948576357117,0.30559675196953917,0.24647376226688963,H
2017-18,2018-01-03,Arsenal,Chelsea,D,3.32,3.42,2.34,0.30120481927710846,0.29239766081871343,0.4273504273504274,1.0209529074462493,0.020952907446249336,0.29502322495023225,0.2863968148639681,0.41857996018579957,A
2017-18,2018-01-04,Tottenham,West Ham,D,1.29,6.1,12.2,0.7751937984496123,0.1639344262295082,0.0819672131147541,1.0210954377938748,0.021095437793874794,0.759178593652769,0.16054760423148726,0.08027380211574363,H
2017-18,2018-01-13,Chelsea,Leicester,D,1.3,5.72,13.0,0.7692307692307692,0.17482517482517484,0.07692307692307693,1.0209790209790208,0.020979020979020824,0.7534246575342466,0.1712328767123288,0.07534246575342467,H
2017-18,2018-01-13,Crystal Palace,Burnley,H,2.18,3.22,3.98,0.4587155963302752,0.3105590062111801,0.25125628140703515,1.0205308839484903,0.02053088394849034,0.4494872262517713,0.3043112277108265,0.24620154603740235,H
2017-18,2018-01-13,Huddersfield,West Ham,A,2.94,3.11,2.79,0.3401360544217687,0.3215434083601286,0.35842293906810035,1.0201024018499978,0.020102401849997786,0.3334332453339174,0.3152069907658255,0.351359763900257,A
2017-18,2018-01-13,Newcastle,Swansea,D,1.76,3.75,5.4,0.5681818181818182,0.26666666666666666,0.18518518518518517,1.02003367003367,0.02003367003367007,0.5570226109919129,0.26142927875887106,0.18154811024921602,H
2017-18,2018-01-13,Tottenham,Everton,H,1.28,6.12,12.61,0.78125,0.16339869281045752,0.07930214115781127,1.0239508339682688,0.023950833968268803,0.7629760864321051,0.15957669781586514,0.07744721575202972,H
2017-18,2018-01-13,Watford,Southampton,D,2.79,3.35,2.75,0.35842293906810035,0.29850746268656714,0.36363636363636365,1.020566765391031,0.020566765391031083,0.35119989325810574,0.2924918514000343,0.35630825534186,A
2017-18,2018-01-13,West Brom,Brighton,H,2.17,3.14,4.15,0.4608294930875576,0.3184713375796178,0.24096385542168672,1.020264686088862,0.020264686088862005,0.4516764123769944,0.3121458009102159,0.23617778671278983,H
2017-18,2018-01-14,Bournemouth,Arsenal,H,3.81,3.61,2.08,0.26246719160104987,0.2770083102493075,0.4807692307692307,1.020244732619588,0.020244732619588035,0.2572590509015784,0.2715116298988958,0.4712293191995258,A
2017-18,2018-01-14,Liverpool,Man City,H,3.22,3.62,2.31,0.3105590062111801,0.27624309392265195,0.4329004329004329,1.0197025330342648,0.019702533034264835,0.30455843361207424,0.2709055680195799,0.42453599836834593,A
2017-18,2018-01-15,Man United,Stoke,H,1.22,7.2,15.8,0.819672131147541,0.1388888888888889,0.06329113924050632,1.021852159276936,0.021852159276936067,0.8021435622620224,0.13591877027217603,0.06193766746580172,H
2017-18,2018-01-20,Arsenal,Crystal Palace,H,1.44,4.97,7.85,0.6944444444444444,0.2012072434607646,0.12738853503184713,1.023040222937056,0.0230402229370561,0.6788046343385767,0.19667578942606653,0.12451957623535675,H
2017-18,2018-01-20,Brighton,Chelsea,A,7.0,3.85,1.62,0.14285714285714285,0.2597402597402597,0.6172839506172839,1.0198813532146864,0.019881353214686426,0.14007231567363623,0.2546769375884295,0.6052507467379343,A
2017-18,2018-01-20,Burnley,Man United,A,7.5,4.05,1.56,0.13333333333333333,0.2469135802469136,0.641025641025641,1.0212725546058878,0.02127255460588784,0.1305560721591966,0.24177050399851222,0.6276734238422913,A
2017-18,2018-01-20,Everton,West Brom,D,2.59,2.97,3.37,0.3861003861003861,0.33670033670033667,0.29673590504451036,1.0195366278452331,0.019536627845233134,0.37870182939518343,0.3302483966779545,0.29104977392686204,H
2017-18,2018-01-20,Leicester,Watford,H,1.76,3.91,5.05,0.5681818181818182,0.2557544757033248,0.19801980198019803,1.021956095865341,0.021956095865341085,0.5559747825572785,0.2502597486702839,0.19376546877243764,H
2017-18,2018-01-20,Man City,Newcastle,H,1.12,11.0,28.5,0.8928571428571428,0.09090909090909091,0.03508771929824561,1.0188539530644793,0.018853953064479345,0.8763347682674568,0.08922681276905016,0.03443841896349304,H
2017-18,2018-01-20,Stoke,Huddersfield,H,2.04,3.47,4.12,0.49019607843137253,0.2881844380403458,0.24271844660194175,1.0210989630736602,0.021098963073660215,0.48006715916722625,0.28222968435191403,0.23770315648085963,H
2017-18,2018-01-20,West Ham,Bournemouth,D,2.37,3.37,3.32,0.42194092827004215,0.29673590504451036,0.30120481927710846,1.019881652591661,0.01988165259166097,0.41371557885940163,0.2909513121355436,0.29533310900505483,H
2017-18,2018-01-21,Southampton,Tottenham,D,4.6,3.76,1.86,0.2173913043478261,0.26595744680851063,0.5376344086021505,1.0209831597584873,0.020983159758487302,0.21292349660228463,0.2604915118006674,0.526584991597048,A
2017-18,2018-01-22,Swansea,Liverpool,H,11.68,5.87,1.31,0.08561643835616438,0.17035775127768313,0.7633587786259541,1.0193329682598016,0.019332968259801575,0.08399261185707374,0.16712669616535286,0.7488806919775735,A
2017-18,2018-01-30,Huddersfield,Liverpool,A,10.95,5.49,1.34,0.09132420091324202,0.18214936247723132,0.7462686567164178,1.0197422201068913,0.019742220106891306,0.0895561634230161,0.1786229489038299,0.7318208876731539,A
2017-18,2018-01-30,Swansea,Arsenal,H,7.1,4.3,1.55,0.14084507042253522,0.23255813953488372,0.6451612903225806,1.0185645002799997,0.018564500279999674,0.13827800829875517,0.22831950207468876,0.633402489626556,A
2017-18,2018-01-30,West Ham,Crystal Palace,D,3.1,3.2,2.59,0.3225806451612903,0.3125,0.3861003861003861,1.0211810312616763,0.021181031261676253,0.3158897739833061,0.30601821854632777,0.37809200747036636,A
2017-18,2018-01-31,Chelsea,Bournemouth,A,1.37,5.25,10.11,0.7299270072992701,0.19047619047619047,0.09891196834817013,1.0193151661236306,0.0193151661236306,0.7160955036852054,0.18686682667594884,0.09703766963884584,H
2017-18,2018-01-31,Everton,Leicester,H,2.78,3.16,2.9,0.3597122302158274,0.3164556962025316,0.3448275862068966,1.0209955126252557,0.020995512625255675,0.3523151921509527,0.3099481753733064,0.3377366324757408,H
2017-18,2018-01-31,Man City,West Brom,H,1.15,9.1,23.5,0.8695652173913044,0.10989010989010989,0.0425531914893617,1.0220085187707761,0.022008518770776142,0.8508395002785071,0.10752367311211902,0.04163682660937375,H
2017-18,2018-01-31,Newcastle,Burnley,D,2.21,3.19,3.95,0.45248868778280543,0.31347962382445144,0.2531645569620253,1.0191328685692822,0.019132868569282202,0.44399381252224285,0.3075944594589833,0.24841172801877381,H
2017-18,2018-01-31,Southampton,Brighton,D,1.85,3.42,5.27,0.5405405405405405,0.29239766081871343,0.18975332068311196,1.0226915220423658,0.022691522042365797,0.5285470045366701,0.28590992935463155,0.1855430661086983,H
2017-18,2018-01-31,Stoke,Watford,D,2.18,3.55,3.58,0.4587155963302752,0.28169014084507044,0.27932960893854747,1.0197353461138932,0.01973534611389316,0.44983788987838197,0.2762384788548938,0.2739236312667242,H
2017-18,2018-01-31,Tottenham,Man United,H,2.42,3.4,3.19,0.4132231404958678,0.29411764705882354,0.31347962382445144,1.0208204113791428,0.02082041137914281,0.40479513917398796,0.2881188931767797,0.3070859676492323,H
2017-18,2018-02-03,Arsenal,Everton,H,1.37,5.45,9.5,0.7299270072992701,0.18348623853211007,0.10526315789473684,1.0186764037261171,0.01867640372611712,0.7165445323258114,0.18012220353878194,0.10333326413540649,H
2017-18,2018-02-03,Bournemouth,Stoke,H,1.93,3.65,4.41,0.5181347150259068,0.273972602739726,0.22675736961451246,1.0188646873801452,0.01886468738014524,0.5085412434483435,0.2688998903713158,0.22255886618034074,H
2017-18,2018-02-03,Brighton,West Ham,H,2.26,3.08,3.95,0.4424778761061947,0.3246753246753247,0.2531645569620253,1.0203177577435447,0.020317757743544718,0.43366674033464275,0.31821001076503,0.2481232489003272,H
2017-18,2018-02-03,Burnley,Man City,D,13.5,5.65,1.3,0.07407407407407407,0.17699115044247787,0.7692307692307692,1.020295993747321,0.02029599374732105,0.07260057329247802,0.1734703963625581,0.753929030344964,A
2017-18,2018-02-03,Leicester,Swansea,D,1.85,3.49,5.18,0.5405405405405405,0.28653295128939826,0.19305019305019305,1.0201236848801318,0.02012368488013183,0.529877453638434,0.28088059863355386,0.18924194772801214,H
2017-18,2018-02-03,Man United,Huddersfield,H,1.22,7.2,17.0,0.819672131147541,0.1388888888888889,0.058823529411764705,1.0173845494481946,0.017384549448194564,0.805665990890182,0.1365156262341697,0.057818382875648354,H
2017-18,2018-02-03,West Brom,Southampton,A,2.96,3.12,2.76,0.33783783783783783,0.3205128205128205,0.3623188405797102,1.0206694989303684,0.020669498930368402,0.33099630996309964,0.31402214022140224,0.35498154981549823,A
2017-18,2018-02-04,Crystal Palace,Newcastle,D,2.12,3.31,4.06,0.4716981132075471,0.3021148036253776,0.24630541871921185,1.0201183355521366,0.0201183355521366,0.46239548566906374,0.2961566252623611,0.2414478890685752,H
2017-18,2018-02-04,Liverpool,Tottenham,D,2.01,3.84,3.81,0.49751243781094534,0.2604166666666667,0.26246719160104987,1.020396296078662,0.02039629607866189,0.48756785939233976,0.2552113014006778,0.25722083920698235,H
2017-18,2018-02-05,Watford,Chelsea,H,6.95,4.5,1.53,0.14388489208633093,0.2222222222222222,0.6535947712418301,1.0197018855503832,0.019701885550383214,0.1411048602785207,0.21792861754127085,0.6409665221802084,A
2017-18,2018-02-10,Everton,Crystal Palace,H,2.11,3.32,4.09,0.47393364928909953,0.30120481927710846,0.24449877750611249,1.0196372460723204,0.019637246072320425,0.4648061368047402,0.29540390019819335,0.23978996299706648,H
2017-18,2018-02-10,Man City,Leicester,H,1.24,6.7,15.5,0.8064516129032259,0.14925373134328357,0.06451612903225806,1.0202214732787676,0.020221473278767554,0.7904672015101463,0.14629542236904197,0.06323737612081169,H
2017-18,2018-02-10,Stoke,Brighton,D,2.43,3.18,3.39,0.4115226337448559,0.31446540880503143,0.2949852507374631,1.0209732932873505,0.020973293287350536,0.40306895043241237,0.30800551872665477,0.2889255308409328,H
2017-18,2018-02-10,Swansea,Burnley,H,2.37,3.03,3.71,0.42194092827004215,0.33003300330033003,0.2695417789757412,1.0215157105461135,0.021515710546113453,0.413053782642724,0.3230816715720317,0.2638645457852442,H
2017-18,2018-02-10,Tottenham,Arsenal,H,1.93,3.9,4.07,0.5181347150259068,0.25641025641025644,0.24570024570024568,1.020245217136409,0.02024521713640892,0.5078531183710818,0.2513221842195354,0.24082469740938275,H
2017-18,2018-02-10,West Ham,Watford,H,2.38,3.36,3.3,0.42016806722689076,0.2976190476190476,0.30303030303030304,1.0208174178762415,0.020817417876241473,0.41159962581852194,0.29154973495478637,0.2968506392266916,H
2017-18,2018-02-11,Huddersfield,Bournemouth,H,3.14,3.39,2.45,0.3184713375796178,0.2949852507374631,0.4081632653061224,1.0216198536232033,0.02161985362320329,0.31173174292781247,0.2887426763402157,0.39952558073197186,A
2017-18,2018-02-11,Newcastle,Man United,H,6.35,4.15,1.61,0.15748031496062992,0.24096385542168672,0.6211180124223602,1.0195621828046768,0.01956218280467681,0.15445876437611977,0.23634051898514707,0.6092007166387332,A
2017-18,2018-02-11,Southampton,Liverpool,A,5.18,4.05,1.72,0.19305019305019305,0.2469135802469136,0.5813953488372093,1.021359122134316,0.0213591221343159,0.18901304043457262,0.24175001221014475,0.5692369473552827,A
2017-18,2018-02-12,Chelsea,West Brom,H,1.33,5.3,12.0,0.7518796992481203,0.18867924528301888,0.08333333333333333,1.0238922778644723,0.023892277864472344,0.7343347689039246,0.18427646087589053,0.08138877022018498,H
2017-18,2018-02-24,Bournemouth,Newcastle,D,2.0,3.58,4.15,0.5,0.27932960893854747,0.24096385542168672,1.0202934643602342,0.02029346436023416,0.49005508460599667,0.2737737902826797,0.23617112511132368,H
2017-18,2018-02-24,Brighton,Swansea,H,2.01,3.31,4.53,0.49751243781094534,0.3021148036253776,0.22075055187637968,1.0203777933127027,0.02037779331270273,0.4875767005823879,0.29608131968900286,0.21634197972860916,H
2017-18,2018-02-24,Burnley,Southampton,D,3.49,3.12,2.42,0.28653295128939826,0.3205128205128205,0.4132231404958678,1.0202689122980866,0.020268912298086583,0.2808406174446717,0.31414543425702063,0.4050139482983076,A
2017-18,2018-02-24,Leicester,Stoke,D,1.7,3.95,5.55,0.5882352941176471,0.2531645569620253,0.1801801801801802,1.0215800312598524,0.021580031259852417,0.5758093111826122,0.24781666557226345,0.17637402324512447,H
2017-18,2018-02-24,Liverpool,West Ham,H,1.24,7.0,14.0,0.8064516129032259,0.14285714285714285,0.07142857142857142,1.0207373271889402,0.02073732718894017,0.7900677200902935,0.13995485327313767,0.06997742663656883,H
2017-18,2018-02-24,Watford,Everton,H,2.47,3.24,3.26,0.4048582995951417,0.30864197530864196,0.3067484662576687,1.0202487411614523,0.020248741161452255,0.39682313073403114,0.3025163990472398,0.30066047021872916,H
2017-18,2018-02-24,West Brom,Huddersfield,A,1.88,3.44,5.01,0.5319148936170213,0.29069767441860467,0.1996007984031936,1.0222133664388195,0.02221336643881955,0.5203560343474113,0.28438062342242243,0.1952633422301663,H
2017-18,2018-02-25,Crystal Palace,Tottenham,A,9.5,5.6,1.36,0.10526315789473684,0.17857142857142858,0.7352941176470588,1.0191287041132242,0.019128704113224204,0.10328740371053488,0.17521970272322882,0.7214928935662362,A
2017-18,2018-02-25,Man United,Chelsea,H,2.39,3.24,3.41,0.41841004184100417,0.30864197530864196,0.29325513196480935,1.0203071491144555,0.020307149114455525,0.41008243665071875,0.30249908135654874,0.28741848199273246,H
2017-18,2018-03-01,Arsenal,Man City,A,4.75,4.33,1.72,0.21052631578947367,0.23094688221709006,0.5813953488372093,1.022868546843773,0.02286854684377304,0.2058195224001039,0.225783540739144,0.5683969368607521,A
2017-18,2018-03-03,Burnley,Everton,H,2.62,2.97,3.3,0.38167938931297707,0.33670033670033667,0.30303030303030304,1.0214100290436168,0.021410029043616774,0.37367891293407146,0.32964267740312025,0.2966784096628083,H
2017-18,2018-03-03,Leicester,Bournemouth,D,1.9,3.6,4.62,0.5263157894736842,0.2777777777777778,0.21645021645021645,1.0205437837016784,0.02054378370167842,0.5157209302325582,0.2721860465116279,0.21209302325581394,H
2017-18,2018-03-03,Liverpool,Newcastle,H,1.2,7.8,16.0,0.8333333333333334,0.12820512820512822,0.0625,1.0240384615384617,0.024038461538461675,0.8137715179968701,0.12519561815336464,0.06103286384976525,H
2017-18,2018-03-03,Southampton,Stoke,D,1.72,3.82,5.61,0.5813953488372093,0.2617801047120419,0.17825311942959002,1.0214285729788413,0.021428572978841265,0.5691982427529495,0.25628821401441704,0.17451354323263335,H
2017-18,2018-03-03,Swansea,West Ham,H,2.62,3.09,3.17,0.38167938931297707,0.3236245954692557,0.31545741324921134,1.020761398031444,0.020761398031444056,0.37391636287290286,0.31704235298608596,0.30904128414101123,H
2017-18,2018-03-03,Tottenham,Huddersfield,H,1.17,7.75,24.5,0.8547008547008548,0.12903225806451613,0.04081632653061224,1.024549439295983,0.024549439295983078,0.8342211921839132,0.1259404896587327,0.03983831815735421,H
2017-18,2018-03-03,Watford,West Brom,H,2.41,3.18,3.43,0.41493775933609955,0.31446540880503143,0.29154518950437314,1.020948357645504,0.020948357645504068,0.40642384722869124,0.30801304145319053,0.2855631113181183,H
2017-18,2018-03-04,Brighton,Arsenal,H,4.25,3.7,1.94,0.23529411764705882,0.27027027027027023,0.5154639175257733,1.0210283054431022,0.02102830544310219,0.23044818286888405,0.2647039938358803,0.5048478232952357,A
2017-18,2018-03-04,Man City,Chelsea,H,1.51,4.85,6.5,0.6622516556291391,0.2061855670103093,0.15384615384615385,1.0222833764856023,0.022283376485602302,0.6478161250218336,0.20169120593463272,0.15049266904353364,H
2017-18,2018-03-05,Crystal Palace,Man United,A,7.85,4.7,1.47,0.12738853503184713,0.2127659574468085,0.6802721088435374,1.020426601322193,0.020426601322192983,0.12483850858727764,0.20850687072555948,0.666654620687163,A
2017-18,2018-03-10,Chelsea,Crystal Palace,H,1.29,5.85,13.0,0.7751937984496123,0.17094017094017094,0.07692307692307693,1.02305704631286,0.023057046312860097,0.7577229454050904,0.1670876238585584,0.07518943073635129,H
2017-18,2018-03-10,Everton,Brighton,H,2.25,3.32,3.64,0.4444444444444444,0.30120481927710846,0.2747252747252747,1.0203745384468275,0.02037453844682746,0.4355699085954846,0.2951904501023616,0.26923964130215394,H
2017-18,2018-03-10,Huddersfield,Swansea,D,2.57,3.04,3.31,0.38910505836575876,0.32894736842105265,0.3021148036253776,1.020167230412189,0.02016723041218893,0.3814130142256623,0.322444554789458,0.2961424309848798,H
2017-18,2018-03-10,Man United,Liverpool,H,3.2,3.26,2.49,0.3125,0.3067484662576687,0.4016064257028112,1.0208548919604798,0.02085489196047985,0.3061159842216809,0.30048194770226344,0.3934020680760557,A
2017-18,2018-03-10,Newcastle,Southampton,H,2.63,3.2,3.05,0.3802281368821293,0.3125,0.3278688524590164,1.0205969893411457,0.020596989341145733,0.37255463307567516,0.3061933390590705,0.3212520278652543,H
2017-18,2018-03-10,West Brom,Leicester,A,3.39,3.44,2.3,0.2949852507374631,0.29069767441860467,0.4347826086956522,1.02046553385172,0.020465533851719897,0.2890692933293388,0.2848677047635054,0.4260630019071559,A
2017-18,2018-03-10,West Ham,Burnley,A,2.25,3.16,3.85,0.4444444444444444,0.3164556962025316,0.2597402597402597,1.0206404003872356,0.02064040038723558,0.43545644898616614,0.3100560158920487,0.2544875351217854,H
2017-18,2018-03-11,Arsenal,Watford,H,1.52,4.55,7.0,0.6578947368421053,0.21978021978021978,0.14285714285714285,1.020532099479468,0.02053209947946799,0.6446585434967412,0.21535845848682345,0.13998299801643524,H
2017-18,2018-03-11,Bournemouth,Tottenham,A,7.75,5.0,1.44,0.12903225806451613,0.2,0.6944444444444444,1.0234767025089606,0.023476702508960612,0.12607249168271756,0.19541236210821222,0.6785151462090702,A
2017-18,2018-03-12,Stoke,Man City,A,13.75,6.95,1.24,0.07272727272727272,0.14388489208633093,0.8064516129032259,1.0230637777168294,0.023063777716829437,0.07108772132425421,0.1406411752817979,0.788271103393948,A
2017-18,2018-03-17,Bournemouth,West Brom,H,1.8,3.84,4.9,0.5555555555555556,0.2604166666666667,0.2040816326530612,1.0200538548752835,0.02005385487528355,0.5446335533171239,0.2552969781174019,0.20006946856547408,H
2017-18,2018-03-17,Huddersfield,Crystal Palace,A,2.79,3.18,2.88,0.35842293906810035,0.31446540880503143,0.3472222222222222,1.0201105700953539,0.020110570095353886,0.3513569504868449,0.30826600372902424,0.34037704578413097,H
2017-18,2018-03-17,Liverpool,Watford,H,1.17,9.0,18.45,0.8547008547008548,0.1111111111111111,0.05420054200542006,1.020012507817386,0.02001250781738606,0.8379317392192928,0.10893112609850805,0.05313713468219905,H
2017-18,2018-03-17,Stoke,Everton,A,2.78,3.31,2.78,0.3597122302158274,0.3021148036253776,0.3597122302158274,1.0215392640570324,0.021539264057032437,0.35212765957446807,0.29574468085106376,0.35212765957446807,H
2017-18,2018-03-31,Brighton,Leicester,A,2.7,3.34,2.85,0.37037037037037035,0.29940119760479045,0.3508771929824561,1.020648760957617,0.02064876095761692,0.3628774016468435,0.2933440073193047,0.3437785910338518,H
2017-18,2018-03-31,Crystal Palace,Liverpool,A,7.0,4.7,1.51,0.14285714285714285,0.2127659574468085,0.6622516556291391,1.0178747559330905,0.017874755933090514,0.14034844859295587,0.2090296042873811,0.650621947119663,A
2017-18,2018-03-31,Everton,Man City,A,10.55,5.63,1.34,0.0947867298578199,0.17761989342806395,0.7462686567164178,1.0186752800023018,0.018675280002301786,0.09304901347719532,0.17436360429563247,0.7325873822271721,A
2017-18,2018-03-31,Man United,Swansea,H,1.23,6.95,16.0,0.8130081300813008,0.14388489208633093,0.0625,1.0193930221676317,0.019393022167631724,0.7975413921830903,0.14114761329283468,0.06131099452407506,H
2017-18,2018-03-31,Newcastle,Huddersfield,H,1.78,3.63,5.45,0.5617977528089888,0.27548209366391185,0.18348623853211007,1.0207660850050106,0.020766085005010648,0.5503687485916336,0.2698777885655944,0.17975346284277205,H
2017-18,2018-03-31,Watford,Bournemouth,D,2.22,3.48,3.53,0.4504504504504504,0.28735632183908044,0.28328611898017,1.0210928912697008,0.02109289126970082,0.44114541811208546,0.28142035293357176,0.2774342289543427,H
2017-18,2018-03-31,West Brom,Burnley,A,2.62,3.1,3.16,0.38167938931297707,0.3225806451612903,0.3164556962025316,1.0207157306767989,0.020715730676798882,0.3739330920861772,0.3160337746018659,0.31003313331195703,H
2017-18,2018-03-31,West Ham,Southampton,H,2.91,3.26,2.71,0.3436426116838488,0.3067484662576687,0.36900369003690037,1.0193947679784179,0.01939476797841788,0.3371045472063127,0.30091234121790494,0.36198311157578233,A
2017-18,2018-04-01,Arsenal,Stoke,H,1.31,6.05,11.0,0.7633587786259541,0.1652892561983471,0.09090909090909091,1.0195571257333922,0.01955712573339219,0.748716044799208,0.16211868077470454,0.0891652744260875,H
2017-18,2018-04-01,Chelsea,Tottenham,A,2.3,3.43,3.4,0.4347826086956522,0.29154518950437314,0.29411764705882354,1.020445445258849,0.02044544525884895,0.4260713894267656,0.2857038471374812,0.28822476343575315,H
2017-18,2018-04-07,Bournemouth,Crystal Palace,D,2.67,3.54,2.76,0.37453183520599254,0.2824858757062147,0.3623188405797102,1.0193365514919175,0.019336551491917486,0.3674270628849929,0.2771271914980031,0.355445745617004,H
2017-18,2018-04-07,Brighton,Huddersfield,D,1.76,3.7,5.46,0.5681818181818182,0.27027027027027023,0.18315018315018314,1.0216022716022717,0.021602271602271683,0.556167340241606,0.2645552753581693,0.17927738440022462,H
2017-18,2018-04-07,Everton,Liverpool,D,3.78,3.39,2.17,0.2645502645502646,0.2949852507374631,0.4608294930875576,1.0203650083752853,0.02036500837528532,0.2592702242617127,0.2890977721856265,0.45163200355266075,A
2017-18,2018-04-07,Leicester,Newcastle,A,1.86,3.58,4.89,0.5376344086021505,0.27932960893854747,0.20449897750511248,1.0214629950458105,0.021462995045810507,0.5263376267272792,0.27346033120467583,0.20020204206804487,H
2017-18,2018-04-07,Man City,Man United,A,1.86,3.72,4.66,0.5376344086021505,0.26881720430107525,0.2145922746781116,1.0210438875813375,0.02104388758133746,0.5265536723163841,0.26327683615819203,0.21016949152542372,H
2017-18,2018-04-07,Stoke,Tottenham,A,11.3,6.15,1.3,0.08849557522123894,0.16260162601626016,0.7692307692307692,1.0203279704682684,0.020327970468268397,0.08673247993057062,0.1593621175960078,0.7539054024734214,A
2017-18,2018-04-07,Watford,Burnley,A,2.33,3.23,3.55,0.4291845493562232,0.30959752321981426,0.28169014084507044,1.020472213421108,0.020472213421107943,0.42057445926664927,0.30338652944002875,0.2760390112933219,H
2017-18,2018-04-07,West Brom,Swansea,D,2.53,3.15,3.25,0.3952569169960475,0.31746031746031744,0.3076923076923077,1.0204095421486725,0.02040954214867252,0.3873512552261678,0.3111106907054617,0.3015380540683706,H
2017-18,2018-04-08,Arsenal,Southampton,H,1.79,3.82,4.97,0.5586592178770949,0.2617801047120419,0.2012072434607646,1.0216465660499015,0.02164656604990145,0.5468223908754446,0.25623352870865074,0.1969440804159046,H
2017-18,2018-04-08,Chelsea,West Ham,D,1.31,5.85,11.4,0.7633587786259541,0.17094017094017094,0.08771929824561403,1.0220182478117392,0.022018247811739222,0.7469130617387651,0.167257454850903,0.08582948341033178,H
2017-18,2018-04-14,Burnley,Leicester,H,2.63,3.2,3.05,0.3802281368821293,0.3125,0.3278688524590164,1.0205969893411457,0.020596989341145733,0.37255463307567516,0.3061933390590705,0.3212520278652543,H
2017-18,2018-04-14,Crystal Palace,Brighton,H,1.89,3.51,4.82,0.5291005291005292,0.2849002849002849,0.20746887966804978,1.0214696936688639,0.021469693668863865,0.5179796643795983,0.2789121269736298,0.2031082086467719,H
2017-18,2018-04-14,Huddersfield,Watford,H,2.57,3.18,3.15,0.38910505836575876,0.31446540880503143,0.31746031746031744,1.0210307846311077,0.021030784631107746,0.38109042765673323,0.3079881758106303,0.31092139653263634,H
2017-18,2018-04-14,Liverpool,Bournemouth,H,1.24,7.3,13.5,0.8064516129032259,0.136986301369863,0.07407407407407407,1.017511988347163,0.017511988347163054,0.7925720995319361,0.1346286853999453,0.07279921506811857,H
2017-18,2018-04-14,Southampton,Chelsea,A,4.81,3.85,1.81,0.2079002079002079,0.2597402597402597,0.5524861878453039,1.0201266554857715,0.020126655485771527,0.20379842716805438,0.2546156973190497,0.5415858755128959,A
2017-18,2018-04-14,Swansea,Everton,D,2.77,3.17,2.9,0.36101083032490977,0.31545741324921134,0.3448275862068966,1.0212958297810177,0.02129582978101774,0.35348311409664357,0.30887956657656235,0.337637319326794,H
2017-18,2018-04-14,Tottenham,Man City,A,2.8,3.66,2.56,0.35714285714285715,0.27322404371584696,0.390625,1.020991900858704,0.02099190085870406,0.3497998924795413,0.26760647512096053,0.3825936323994983,A
2017-18,2018-04-15,Man United,West Brom,A,1.2,7.4,18.0,0.8333333333333334,0.13513513513513511,0.05555555555555555,1.024024024024024,0.024024024024023927,0.8137829912023462,0.13196480938416422,0.054252199413489736,H
2017-18,2018-04-15,Newcastle,Arsenal,H,2.9,3.55,2.54,0.3448275862068966,0.28169014084507044,0.39370078740157477,1.0202185144535418,0.020218514453541836,0.33799385261263964,0.27610765424694506,0.38589849314041524,A
2017-18,2018-04-16,West Ham,Stoke,D,2.01,3.51,4.2,0.49751243781094534,0.2849002849002849,0.23809523809523808,1.0205079608064684,0.02050796080646844,0.48751450936039764,0.27917497544569775,0.23331051519390453,H
2017-18,2018-04-17,Brighton,Tottenham,D,6.59,4.35,1.56,0.15174506828528073,0.2298850574712644,0.641025641025641,1.022655766782186,0.02265576678218606,0.14838333016274935,0.22479221741896976,0.6268244524182809,A
2017-18,2018-04-18,Bournemouth,Man United,A,4.65,3.85,1.83,0.2150537634408602,0.2597402597402597,0.5464480874316939,1.0212421106128138,0.02124211061281378,0.21058058731226184,0.2543375924680565,0.5350818202196818,A
2017-18,2018-04-19,Burnley,Chelsea,A,4.58,3.59,1.91,0.2183406113537118,0.2785515320334262,0.5235602094240838,1.0204523528112217,0.020452352811221708,0.21396453323098336,0.2729686802779676,0.5130667864910491,A
2017-18,2018-04-19,Leicester,Southampton,D,2.42,3.45,3.15,0.4132231404958678,0.2898550724637681,0.31746031746031744,1.0205385304199535,0.02053853041995346,0.4049069468507237,0.2840216844576091,0.31107136869166707,H
2017-18,2018-04-21,Watford,Crystal Palace,D,3.1,3.35,2.5,0.3225806451612903,0.29850746268656714,0.4,1.0210881078478575,0.02108810784785753,0.31591852131271214,0.2923425122595247,0.3917389664277631,A
2017-18,2018-04-21,West Brom,Liverpool,D,6.55,4.13,1.6,0.15267175572519084,0.24213075060532688,0.625,1.0198025063305178,0.019802506330517833,0.1497071783776436,0.23742906013887785,0.6128637614834784,A
2017-18,2018-04-22,Arsenal,West Ham,H,1.53,4.55,6.88,0.6535947712418301,0.21978021978021978,0.14534883720930233,1.0187238282313522,0.018723828231352213,0.6415819019140472,0.21574072745681147,0.14267737062914132,H
2017-18,2018-04-22,Man City,Swansea,H,1.13,10.25,19.5,0.8849557522123894,0.0975609756097561,0.05128205128205128,1.0337987791041967,0.03379877910419671,0.8560232127370259,0.0943713395505209,0.049605447712453295,H
2017-18,2018-04-22,Stoke,Burnley,D,2.22,3.46,3.56,0.4504504504504504,0.28901734104046245,0.2808988764044944,1.0203666678954073,0.02036666789540731,0.44145939359185715,0.28324851265142287,0.27529209375672,H
2017-18,2018-04-23,Everton,Newcastle,H,2.18,3.35,3.8,0.4587155963302752,0.29850746268656714,0.2631578947368421,1.0203809537536843,0.020380953753684317,0.4495532718861462,0.29254511424232793,0.257901613871526,H
2017-18,2018-04-28,Burnley,Brighton,D,2.32,3.18,3.63,0.4310344827586207,0.31446540880503143,0.27548209366391185,1.020981985227564,0.020981985227563893,0.42217638410392583,0.3080028965789647,0.2698207193171096,H
2017-18,2018-04-28,Crystal Palace,Leicester,H,2.1,3.53,3.83,0.47619047619047616,0.28328611898017,0.2610966057441253,1.0205732009147714,0.02057320091477144,0.46659120165378815,0.27757550240027057,0.2558332959459413,H
2017-18,2018-04-28,Huddersfield,Everton,A,2.77,3.06,3.01,0.36101083032490977,0.32679738562091504,0.33222591362126247,1.0200341295670872,0.020034129567087167,0.35392034429095665,0.3203788737535784,0.3257007819554651,H
2017-18,2018-04-28,Liverpool,Stoke,D,1.29,6.0,11.5,0.7751937984496123,0.16666666666666666,0.08695652173913043,1.0288169868554093,0.028816986855409343,0.7534807534807535,0.161998361998362,0.08452088452088453,H
2017-18,2018-04-28,Newcastle,West Brom,A,1.97,3.38,4.61,0.5076142131979695,0.2958579881656805,0.21691973969631234,1.0203919410599622,0.020391941059962226,0.49746983759071073,0.28994543788571014,0.2125847245235792,H
2017-18,2018-04-28,Southampton,Bournemouth,H,1.68,4.16,5.34,0.5952380952380952,0.24038461538461536,0.18726591760299627,1.0228886282257068,0.02288862822570681,0.5819187727901421,0.23500565824217276,0.18307556896768518,H
2017-18,2018-04-28,Swansea,Chelsea,A,7.8,4.85,1.44,0.12820512820512822,0.2061855670103093,0.6944444444444444,1.0288351396598818,0.028835139659881825,0.12461192591799596,0.20040680869285948,0.6749812653891447,A
2017-18,2018-04-29,Man United,Arsenal,H,1.41,5.3,7.9,0.7092198581560284,0.18867924528301888,0.12658227848101264,1.02448138192006,0.024481381920059997,0.692272080949704,0.1841704970073741,0.12355742204292183,H
2017-18,2018-04-29,West Ham,Man City,A,10.0,5.7,1.33,0.1,0.17543859649122806,0.7518796992481203,1.0273182957393483,0.027318295739348297,0.09734081483288608,0.17077335935594048,0.7318858258111735,A
2017-18,2018-04-30,Tottenham,Watford,H,1.17,8.7,17.5,0.8547008547008548,0.1149425287356322,0.05714285714285714,1.026786240579344,0.02678624057934398,0.8324038840047239,0.11194397060753183,0.05565214538774439,H
2017-18,2018-05-04,Brighton,Man United,H,5.2,3.43,1.86,0.1923076923076923,0.29154518950437314,0.5376344086021505,1.0214872904142158,0.02148729041421582,0.18826244253094035,0.28541244931804366,0.5263251081510161,A
2017-18,2018-05-05,Bournemouth,Swansea,H,2.01,3.66,4.0,0.49751243781094534,0.27322404371584696,0.25,1.0207364815267923,0.020736481526792305,0.487405365454146,0.2676734384051457,0.2449211961407083,H
2017-18,2018-05-05,Everton,Southampton,D,2.84,3.34,2.71,0.35211267605633806,0.29940119760479045,0.36900369003690037,1.020517563698029,0.02051756369802904,0.3450334306647251,0.293381719487371,0.36158484984790373,A
2017-18,2018-05-05,Leicester,West Ham,A,2.21,3.56,3.48,0.45248868778280543,0.2808988764044944,0.28735632183908044,1.0207438860263802,0.02074388602638022,0.44329306692620374,0.27519035896261523,0.2815165741111811,H
2017-18,2018-05-05,Stoke,Crystal Palace,A,2.58,3.51,2.87,0.38759689922480617,0.2849002849002849,0.3484320557491289,1.02092923987422,0.020929239874220018,0.3796510904835664,0.27905977591099757,0.341289133605436,H
2017-18,2018-05-05,Watford,Newcastle,H,2.18,3.33,3.82,0.4587155963302752,0.3003003003003003,0.2617801047120419,1.0207960013426174,0.020796001342617387,0.44937048707767524,0.29418248102982947,0.2564470318924953,H
2017-18,2018-05-05,West Brom,Tottenham,H,7.95,4.55,1.47,0.12578616352201258,0.21978021978021978,0.6802721088435374,1.0258384921457697,0.02583849214576972,0.12261790182868143,0.2142444658325313,0.6631376323387873,A
2017-18,2018-05-06,Arsenal,Burnley,H,1.47,4.79,7.45,0.6802721088435374,0.20876826722338204,0.1342281879194631,1.0232685639863826,0.02326856398638255,0.6648030954780609,0.20402099172291224,0.1311759127990268,H
2017-18,2018-05-06,Chelsea,Liverpool,H,2.24,3.61,3.37,0.4464285714285714,0.2770083102493075,0.29673590504451036,1.0201727867223893,0.020172786722389313,0.4376009409767309,0.27153077778057544,0.29086828124269354,H
2017-18,2018-05-06,Man City,Huddersfield,D,1.08,14.4,26.0,0.9259259259259258,0.06944444444444445,0.038461538461538464,1.0338319088319088,0.033831908831908786,0.8956252152945229,0.06717189114708923,0.03720289355838788,H
2017-18,2018-05-08,Swansea,Southampton,A,3.34,3.19,2.45,0.29940119760479045,0.31347962382445144,0.4081632653061224,1.0210440867353643,0.021044086735364287,0.293230430981762,0.3070186957614687,0.39975087325676933,A
2017-18,2018-05-09,Chelsea,Huddersfield,D,1.25,6.0,15.25,0.8,0.16666666666666666,0.06557377049180328,1.03224043715847,0.032240437158469915,0.7750132345156168,0.1614610905240868,0.06352567496029646,H
2017-18,2018-05-09,Leicester,Arsenal,H,3.89,3.91,1.97,0.2570694087403599,0.2557544757033248,0.5076142131979695,1.0204380976416543,0.020438097641654274,0.25192063030033457,0.2506320337259083,0.49744733597375707,A
2017-18,2018-05-09,Man City,Brighton,H,1.2,7.6,15.25,0.8333333333333334,0.13157894736842105,0.06557377049180328,1.0304860511935576,0.03048605119355763,0.8086798771978789,0.12768629639966508,0.06363382640245605,H
2017-18,2018-05-09,Tottenham,Newcastle,H,1.22,6.95,14.2,0.819672131147541,0.14388489208633093,0.07042253521126761,1.0339795584451394,0.033979558445139446,0.7927353345168002,0.13915641843316492,0.06810824705003495,H
2017-18,2018-05-10,West Ham,Man United,D,4.61,3.84,1.84,0.21691973969631234,0.2604166666666667,0.5434782608695652,1.0208146672325442,0.020814667232544215,0.21249669176912156,0.2551067054832423,0.5323966027476361,A
2017-18,2018-05-13,Burnley,Bournemouth,A,2.35,3.52,3.16,0.425531914893617,0.2840909090909091,0.3164556962025316,1.0260785201870577,0.026078520187057697,0.4147167166271457,0.2768705352482365,0.30841274812461783,H
2017-18,2018-05-13,Crystal Palace,West Brom,H,1.79,3.85,4.82,0.5586592178770949,0.2597402597402597,0.20746887966804978,1.0258683572854044,0.025868357285404375,0.5445720339356093,0.25319063395967284,0.20223733210471795,H
2017-18,2018-05-13,Huddersfield,Arsenal,A,5.7,4.74,1.56,0.17543859649122806,0.21097046413502107,0.641025641025641,1.02743470165189,0.027434701651890103,0.17075401113974562,0.20533710200349156,0.6239088868567628,A
2017-18,2018-05-13,Liverpool,Brighton,H,1.22,7.12,14.03,0.819672131147541,0.1404494382022472,0.07127583749109052,1.0313974068408787,0.03139740684087866,0.7947199844705426,0.1361739299233233,0.06910608560613414,H
2017-18,2018-05-13,Man United,Watford,H,1.53,4.27,7.11,0.6535947712418301,0.234192037470726,0.14064697609001406,1.0284337848025702,0.028433784802570194,0.6355244070159574,0.22771717628440627,0.13675841669963637,H
2017-18,2018-05-13,Newcastle,Chelsea,H,4.85,3.72,1.8,0.2061855670103093,0.26881720430107525,0.5555555555555556,1.0305583268669403,0.030558326866940266,0.20007171029042667,0.2608461814270347,0.5390821082825384,A
2017-18,2018-05-13,Southampton,Man City,A,6.32,4.78,1.51,0.1582278481012658,0.20920502092050208,0.6622516556291391,1.029684524650907,0.029684524650906985,0.15366633596334728,0.2031739002695303,0.6431597637671225,A
2017-18,2018-05-13,Swansea,Stoke,A,2.08,3.56,3.82,0.4807692307692307,0.2808988764044944,0.2617801047120419,1.023448211885767,0.023448211885767067,0.4697543316660679,0.2744632050183768,0.2557824633155553,H
2017-18,2018-05-13,Tottenham,Leicester,H,1.38,5.5,8.15,0.7246376811594204,0.18181818181818182,0.12269938650306748,1.0291552494806697,0.02915524948066972,0.7041092017215922,0.1766673997046904,0.11922339857371743,H
2017-18,2018-05-13,West Ham,Everton,H,2.35,3.4,3.28,0.425531914893617,0.29411764705882354,0.3048780487804878,1.0245276107329284,0.024527610732928418,0.41534450651769084,0.2870763500931099,0.2975791433891992,H
2018-19,2018-08-10,Man United,Leicester,H,1.55,4.07,7.69,0.6451612903225806,0.24570024570024568,0.13003901170351104,1.0209005477263373,0.020900547726337315,0.6319531238957887,0.2406701086089613,0.12737676749524998,H
2018-19,2018-08-11,Bournemouth,Cardiff,H,1.88,3.61,4.7,0.5319148936170213,0.2770083102493075,0.2127659574468085,1.0216891613131374,0.02168916131313736,0.5206230170175944,0.27112777617536776,0.20824920680703776,H
2018-19,2018-08-11,Fulham,Crystal Palace,A,2.62,3.38,2.9,0.38167938931297707,0.2958579881656805,0.3448275862068966,1.022364963685554,0.022364963685554073,0.37332988010176876,0.2893858833924953,0.33728423650573597,H
2018-19,2018-08-11,Huddersfield,Chelsea,A,7.24,3.95,1.58,0.13812154696132597,0.2531645569620253,0.6329113924050632,1.0241974963284144,0.024197496328414392,0.13485831341754867,0.24718333902355755,0.6179583475588939,A
2018-19,2018-08-11,Newcastle,Tottenham,A,4.74,3.53,1.89,0.21097046413502107,0.28328611898017,0.5291005291005292,1.0233571122157201,0.02335711221572012,0.2061552723059096,0.27682039397450753,0.517024333719583,A
2018-19,2018-08-11,Watford,Brighton,H,2.58,3.08,3.22,0.38759689922480617,0.3246753246753247,0.3105590062111801,1.022831230111311,0.02283123011131094,0.3789451160800257,0.3174280517813202,0.3036268321386541,H
2018-19,2018-08-11,Wolves,Everton,D,2.44,3.23,3.32,0.4098360655737705,0.30959752321981426,0.30120481927710846,1.0206384080706932,0.02063840807069317,0.4015487388412917,0.30333712779342165,0.2951141333652867,H
2018-19,2018-08-12,Arsenal,Man City,A,4.43,4.13,1.81,0.22573363431151244,0.24213075060532688,0.5524861878453039,1.0203505727621431,0.020350572762143138,0.2212314476390595,0.23730152858136405,0.5414670237795766,A
2018-19,2018-08-12,Liverpool,West Ham,H,1.25,6.95,12.0,0.8,0.14388489208633093,0.08333333333333333,1.0272182254196642,0.027218225419664233,0.7788023812303024,0.14007237072487452,0.08112524804482316,H
2018-19,2018-08-12,Southampton,Burnley,D,2.03,3.19,4.65,0.4926108374384237,0.31347962382445144,0.2150537634408602,1.0211442247037354,0.021144224703735448,0.4824106384985381,0.30698858813543334,0.21060077336602842,H
2018-19,2018-08-18,Cardiff,Newcastle,D,3.27,3.21,2.47,0.3058103975535168,0.3115264797507788,0.4048582995951417,1.0221951768994373,0.022195176899437286,0.2991702606943548,0.3047622281839689,0.39606751112167626,A
2018-19,2018-08-18,Chelsea,Arsenal,H,1.83,3.84,4.64,0.5464480874316939,0.2604166666666667,0.21551724137931036,1.022381995477671,0.022381995477670946,0.5344852411807055,0.25471562275018,0.2107991360691145,H
2018-19,2018-08-18,Everton,Southampton,H,1.84,3.63,4.92,0.5434782608695652,0.27548209366391185,0.2032520325203252,1.0222123870538022,0.02221238705380224,0.5316686314435751,0.26949594541492516,0.19883542314149966,H
2018-19,2018-08-18,Leicester,Wolves,H,2.14,3.41,3.81,0.4672897196261682,0.29325513196480935,0.26246719160104987,1.0230120431920275,0.023012043192027543,0.45677831726019497,0.2866585334125563,0.2565631493272486,H
2018-19,2018-08-18,Tottenham,Fulham,H,1.27,6.5,11.96,0.7874015748031495,0.15384615384615385,0.08361204013377926,1.0248597687830827,0.024859768783082714,0.7683017704345144,0.1501143459156667,0.08158388364981885,H
2018-19,2018-08-18,West Ham,Bournemouth,A,2.1,3.6,3.74,0.47619047619047616,0.2777777777777778,0.267379679144385,1.021347933112639,0.02134793311263894,0.4662372740494494,0.2719717431955122,0.2617909827550384,H
2018-19,2018-08-19,Brighton,Man United,H,5.9,3.7,1.71,0.1694915254237288,0.27027027027027023,0.5847953216374269,1.0245571173314258,0.02455711733142585,0.16542906447733097,0.26379229200439264,0.5707786435182765,A
2018-19,2018-08-19,Burnley,Watford,A,2.48,3.11,3.36,0.40322580645161293,0.3215434083601286,0.2976190476190476,1.0223882624307892,0.022388262430789174,0.39439596606177724,0.31450224946405386,0.2911017844741689,H
2018-19,2018-08-19,Man City,Huddersfield,H,1.08,13.93,36.05,0.9259259259259258,0.07178750897343862,0.027739251040221916,1.0254526859395865,0.025452685939586495,0.9029435864001197,0.07000567647610405,0.02705073712377613,H
2018-19,2018-08-20,Crystal Palace,Liverpool,A,8.01,5.28,1.41,0.12484394506866417,0.1893939393939394,0.7092198581560284,1.023457742618632,0.023457742618631983,0.1219825107280315,0.18505301343400232,0.6929644758379662,A
2018-19,2018-08-25,Arsenal,West Ham,H,1.37,5.65,8.67,0.7299270072992701,0.17699115044247787,0.11534025374855825,1.0222584114903062,0.022258411490306163,0.7140337502678419,0.17313738723308733,0.11282886249907076,H
2018-19,2018-08-25,Bournemouth,Everton,D,2.68,3.51,2.75,0.3731343283582089,0.2849002849002849,0.36363636363636365,1.0216709768948573,0.021670976894857308,0.365219661512034,0.27885717745078387,0.3559231610371823,H
2018-19,2018-08-25,Huddersfield,Cardiff,D,2.46,3.03,3.5,0.4065040650406504,0.33003300330033003,0.2857142857142857,1.0222513540552662,0.022251354055266237,0.39765568754499636,0.32284917206623465,0.2794951403887689,H
2018-19,2018-08-25,Liverpool,Brighton,H,1.15,9.48,22.0,0.8695652173913044,0.10548523206751054,0.045454545454545456,1.0205049949133604,0.02050499491336044,0.8520930536602904,0.10336571853473984,0.044541227804969726,H
2018-19,2018-08-25,Southampton,Leicester,A,2.35,3.28,3.44,0.425531914893617,0.3048780487804878,0.29069767441860467,1.0211076380927095,0.021107638092709546,0.41673561044793755,0.29857581846117476,0.2846885710908876,H
2018-19,2018-08-25,Wolves,Man City,D,12.01,5.82,1.3,0.08326394671107411,0.1718213058419244,0.7692307692307692,1.0243160217837677,0.024316021783767683,0.08128736145908988,0.16774247613808754,0.7509701624028225,A
2018-19,2018-08-26,Fulham,Burnley,H,2.26,3.23,3.71,0.4424778761061947,0.30959752321981426,0.2695417789757412,1.0216171783017503,0.02161717830175025,0.4331151487113132,0.30304651272060923,0.26383833856807754,H
2018-19,2018-08-26,Newcastle,Chelsea,A,6.66,4.25,1.57,0.15015015015015015,0.23529411764705882,0.6369426751592356,1.0223869429564445,0.0223869429564445,0.14686235107420265,0.23014194309510344,0.622995705830694,A
2018-19,2018-08-26,Watford,Crystal Palace,H,2.37,3.37,3.3,0.42194092827004215,0.29673590504451036,0.30303030303030304,1.0217071363448555,0.02170713634485555,0.41297639339148645,0.29043146953644594,0.2965921370720676,H
2018-19,2018-08-27,Man United,Tottenham,A,2.62,3.35,2.93,0.38167938931297707,0.29850746268656714,0.341296928327645,1.0214837803271892,0.021483780327189228,0.37365193325998985,0.2922292731764697,0.3341187935635404,H
2018-19,2018-09-01,Brighton,Fulham,D,2.17,3.52,3.61,0.4608294930875576,0.2840909090909091,0.2770083102493075,1.0219287124277743,0.021928712427774277,0.4509409389161547,0.27799484018410675,0.2710642208997385,H
2018-19,2018-09-01,Chelsea,Bournemouth,H,1.32,5.98,10.48,0.7575757575757576,0.16722408026755853,0.09541984732824427,1.0202196851715604,0.020219685171560364,0.7425613998502327,0.16390987421443265,0.09352872593533465,H
2018-19,2018-09-01,Crystal Palace,Southampton,A,2.58,3.18,3.11,0.38759689922480617,0.31446540880503143,0.3215434083601286,1.0236057163899663,0.023605716389966336,0.37865839650815525,0.3072134160349184,0.3141281874569262,H
2018-19,2018-09-01,Everton,Huddersfield,D,1.57,3.96,7.47,0.6369426751592356,0.25252525252525254,0.13386880856760375,1.0233367362520918,0.02333673625209176,0.6224174825307252,0.24676652716495925,0.13081599030431573,H
2018-19,2018-09-01,Leicester,Liverpool,A,8.17,4.75,1.45,0.12239902080783353,0.21052631578947367,0.6896551724137931,1.0225805090111004,0.022580509011100425,0.11969621925045401,0.20587749711078088,0.674426283638765,A
2018-19,2018-09-01,Man City,Newcastle,H,1.12,10.43,29.28,0.8928571428571428,0.09587727708533078,0.03415300546448087,1.0228874254069544,0.02288742540695443,0.8728791856072732,0.09373199308534479,0.033388821307382036,H
2018-19,2018-09-01,West Ham,Wolves,A,2.6,3.26,3.02,0.3846153846153846,0.3067484662576687,0.33112582781456956,1.0224896786876227,0.02248967868762275,0.3761557623828955,0.3000015282808369,0.3238427093362677,H
2018-19,2018-09-02,Burnley,Man United,A,6.72,4.02,1.6,0.1488095238095238,0.24875621890547267,0.625,1.0225657427149963,0.02256574271499634,0.14552562988705475,0.24326672458731544,0.61120764552563,A
2018-19,2018-09-02,Cardiff,Arsenal,A,6.34,4.47,1.56,0.15772870662460567,0.2237136465324385,0.641025641025641,1.022467994182685,0.02246799418268508,0.15426273244932903,0.21879770105788507,0.6269395664927859,A
2018-19,2018-09-02,Watford,Tottenham,H,5.6,3.97,1.69,0.17857142857142858,0.2518891687657431,0.591715976331361,1.0221765736685327,0.02217657366853265,0.1746972423077023,0.24642432164310654,0.5788784360491911,A
2018-19,2018-09-15,Bournemouth,Leicester,H,2.46,3.35,3.17,0.4065040650406504,0.29850746268656714,0.31545741324921134,1.020468940976429,0.02046894097642893,0.3983502571393204,0.29251989031723225,0.3091298525434473,H
2018-19,2018-09-15,Chelsea,Cardiff,H,1.14,8.85,23.0,0.8771929824561404,0.11299435028248588,0.043478260869565216,1.0336655936081915,0.033665593608191546,0.8486235663452278,0.10931422210548697,0.0420622115492852,H
2018-19,2018-09-15,Huddersfield,Crystal Palace,A,3.47,3.22,2.37,0.2881844380403458,0.3105590062111801,0.42194092827004215,1.020684372521568,0.020684372521567962,0.28234432288641337,0.30426546596765663,0.4133902111459301,A
2018-19,2018-09-15,Man City,Fulham,H,1.1,12.75,25.0,0.9090909090909091,0.0784313725490196,0.04,1.0275222816399288,0.02752228163992876,0.8847408229824438,0.0763305808063285,0.03892859621122753,H
2018-19,2018-09-15,Newcastle,Arsenal,A,4.46,3.86,1.86,0.2242152466367713,0.2590673575129534,0.5376344086021505,1.0209170127518752,0.020917012751875186,0.21962142254089836,0.2537594674954422,0.5266191099636595,A
2018-19,2018-09-15,Tottenham,Liverpool,A,3.14,3.57,2.37,0.3184713375796178,0.2801120448179272,0.42194092827004215,1.0205243106675872,0.020524310667587198,0.3120663900414938,0.274478561549101,0.4134550484094052,A
2018-19,2018-09-15,Watford,Man United,A,4.8,3.68,1.85,0.20833333333333334,0.2717391304347826,0.5405405405405405,1.0206130043086565,0.020613004308656535,0.20412568961381627,0.26625089949628206,0.5296234108899015,A
2018-19,2018-09-16,Everton,West Ham,A,2.17,3.42,3.74,0.4608294930875576,0.29239766081871343,0.267379679144385,1.020606833050656,0.020606833050655915,0.4515249929398476,0.2864939282688506,0.2619810787913019,H
2018-19,2018-09-16,Wolves,Burnley,H,1.75,3.65,5.75,0.5714285714285714,0.273972602739726,0.17391304347826086,1.0193142176465582,0.019314217646558163,0.5606010016694492,0.26878130217028384,0.17061769616026715,H
2018-19,2018-09-17,Southampton,Brighton,D,2.06,3.34,4.17,0.4854368932038835,0.29940119760479045,0.23980815347721823,1.0246462442858921,0.024646244285892127,0.47376047676064004,0.29219957548710135,0.23403994775225864,H
2018-19,2018-09-22,Brighton,Tottenham,A,5.52,3.99,1.7,0.1811594202898551,0.2506265664160401,0.5882352941176471,1.0200212808235423,0.020021280823542265,0.17760356935258356,0.24570719369079225,0.5766892369566242,A
2018-19,2018-09-22,Burnley,Bournemouth,H,3.38,3.38,2.34,0.2958579881656805,0.2958579881656805,0.4273504273504274,1.0190664036817885,0.01906640368178847,0.29032258064516125,0.29032258064516125,0.4193548387096774,A
2018-19,2018-09-22,Cardiff,Man City,A,21.63,8.65,1.15,0.04623208506703653,0.11560693641618497,0.8695652173913044,1.031404238874526,0.031404238874525925,0.044824408630979876,0.11208693164024215,0.843088659728778,A
2018-19,2018-09-22,Crystal Palace,Newcastle,D,2.15,3.29,3.9,0.46511627906976744,0.303951367781155,0.25641025641025644,1.025477903261179,0.025477903261178936,0.4535605083158062,0.2963997242793262,0.25003976740486755,H
2018-19,2018-09-22,Fulham,Watford,D,2.86,3.45,2.64,0.3496503496503497,0.2898550724637681,0.3787878787878788,1.0182933009019965,0.018293300901996545,0.3433689972630008,0.2846479223687485,0.3719830803682508,A
2018-19,2018-09-22,Leicester,Huddersfield,H,1.72,3.67,5.91,0.5813953488372093,0.2724795640326976,0.1692047377326565,1.0230796506025635,0.02307965060256345,0.5682796530013913,0.26633269840937135,0.16538764858923738,H
2018-19,2018-09-22,Liverpool,Southampton,H,1.2,7.28,15.97,0.8333333333333334,0.13736263736263735,0.06261740763932373,1.0333133783352944,0.03331337833529435,0.8064671868236758,0.13293415167423225,0.0605986615020921,H
2018-19,2018-09-22,Man United,Wolves,D,1.6,3.85,6.81,0.625,0.2597402597402597,0.14684287812041116,1.0315831378606708,0.031583137860670796,0.605864885787242,0.25178800448300964,0.14234710972974848,H
2018-19,2018-09-23,Arsenal,Everton,H,1.4,5.46,7.94,0.7142857142857143,0.18315018315018314,0.12594458438287154,1.023380481818769,0.02338048181876906,0.6979669115989722,0.1789658747689672,0.12306721363206058,H
2018-19,2018-09-23,West Ham,Chelsea,D,6.86,4.73,1.5,0.14577259475218657,0.2114164904862579,0.6666666666666666,1.0238557519051112,0.023855751905111244,0.14237610569745227,0.20649050424619925,0.6511333900563484,A
2018-19,2018-09-29,Arsenal,Watford,H,1.49,4.88,6.75,0.6711409395973155,0.20491803278688525,0.14814814814814814,1.0242071205323489,0.024207120532348858,0.6552785331627832,0.200074798035358,0.1446466688018588,H
2018-19,2018-09-29,Chelsea,Liverpool,D,2.83,3.51,2.63,0.35335689045936397,0.2849002849002849,0.3802281368821293,1.0184853122417783,0.018485312241778296,0.34694353095931596,0.2797293996053744,0.3733270694353096,A
2018-19,2018-09-29,Everton,Fulham,H,1.65,4.32,5.49,0.6060606060606061,0.23148148148148145,0.18214936247723132,1.0196914500193188,0.019691450019318824,0.5943568577034982,0.22701129981730833,0.17863184247919345,H
2018-19,2018-09-29,Huddersfield,Tottenham,A,6.19,3.88,1.66,0.16155088852988692,0.2577319587628866,0.6024096385542169,1.0216924858469905,0.02169248584699046,0.15812085413935492,0.25225981626871313,0.589619329591932,A
2018-19,2018-09-29,Man City,Brighton,H,1.1,11.74,28.42,0.9090909090909091,0.08517887563884156,0.03518648838845883,1.0294562731182093,0.02945627311820931,0.8830787016696541,0.08274161599971205,0.03417968233063404,H
2018-19,2018-09-29,Newcastle,Leicester,A,2.86,3.13,2.82,0.3496503496503497,0.3194888178913738,0.3546099290780142,1.0237490966197378,0.023749096619737786,0.34153910445913105,0.3120772647773529,0.34638363076351586,A
2018-19,2018-09-29,West Ham,Man United,H,4.08,3.56,2.03,0.24509803921568626,0.2808988764044944,0.4926108374384237,1.0186077530586044,0.018607753058604404,0.2406206299527202,0.2757674635413198,0.4836119065059599,A
2018-19,2018-09-29,Wolves,Southampton,H,1.96,3.48,4.5,0.5102040816326531,0.28735632183908044,0.2222222222222222,1.0197826256939557,0.019782625693955724,0.5003067014261616,0.28178193528599904,0.21791136328783928,H
2018-19,2018-09-30,Cardiff,Burnley,A,2.5,3.16,3.32,0.4,0.3164556962025316,0.30120481927710846,1.01766051547964,0.017660515479640093,0.39305838628461814,0.3109639131998561,0.29597770051552574,H
2018-19,2018-10-01,Bournemouth,Crystal Palace,H,2.33,3.52,3.27,0.4291845493562232,0.2840909090909091,0.3058103975535168,1.019085856000649,0.01908585600064905,0.4211466058812123,0.27877033855205247,0.3000830555667353,H
2018-19,2018-10-05,Brighton,West Ham,H,2.77,3.24,2.87,0.36101083032490977,0.30864197530864196,0.3484320557491289,1.0180848613826807,0.018084861382680728,0.354597975098671,0.3031593799454687,0.34224264495586015,H
2018-19,2018-10-06,Burnley,Huddersfield,D,2.39,2.99,3.75,0.41841004184100417,0.33444816053511706,0.26666666666666666,1.0195248690427878,0.01952486904278783,0.41039709235718913,0.32804316078049567,0.2615597468623152,H
2018-19,2018-10-06,Crystal Palace,Wolves,A,2.85,3.26,2.77,0.3508771929824561,0.3067484662576687,0.36101083032490977,1.0186364895650346,0.01863648956503461,0.34445771045594814,0.30113634196302214,0.3544059475810297,A
2018-19,2018-10-06,Leicester,Everton,A,2.32,3.28,3.49,0.4310344827586207,0.3048780487804878,0.28653295128939826,1.0224454828285068,0.02244548282850678,0.42157209357138653,0.29818513935537094,0.2802427670732426,H
2018-19,2018-10-06,Man United,Newcastle,H,1.4,4.75,10.06,0.7142857142857143,0.21052631578947367,0.09940357852882703,1.024215608604015,0.02421560860401506,0.697397802069499,0.20554882587311546,0.09705337205738553,H
2018-19,2018-10-06,Tottenham,Cardiff,H,1.25,6.6,12.33,0.8,0.15151515151515152,0.08110300081103,1.0326181523261815,0.03261815232618148,0.7747297470975482,0.14672911876847503,0.0785411341339769,H
2018-19,2018-10-06,Watford,Bournemouth,A,2.17,3.47,3.69,0.4608294930875576,0.2881844380403458,0.2710027100271003,1.0200166411550038,0.02001664115500379,0.4517862498456327,0.2825291533616781,0.2656845967926892,H
2018-19,2018-10-07,Fulham,Arsenal,A,5.01,4.48,1.67,0.1996007984031936,0.2232142857142857,0.5988023952095809,1.0216174793270603,0.021617479327060263,0.19537723506323593,0.2184910597470562,0.5861317051897078,A
2018-19,2018-10-07,Liverpool,Man City,D,2.84,3.55,2.6,0.35211267605633806,0.28169014084507044,0.3846153846153846,1.018418201516793,0.018418201516793076,0.34574468085106386,0.2765957446808511,0.37765957446808507,A
2018-19,2018-10-07,Southampton,Chelsea,A,6.92,4.19,1.56,0.14450867052023122,0.2386634844868735,0.641025641025641,1.0241977960327457,0.024197796032745744,0.14109449471575602,0.23302479795537748,0.6258807073288665,A
2018-19,2018-10-20,Bournemouth,Southampton,D,2.22,3.51,3.53,0.4504504504504504,0.2849002849002849,0.28328611898017,1.0186368543309055,0.01863685433090545,0.4422090645309805,0.27968778440420994,0.2781031510648093,H
2018-19,2018-10-20,Cardiff,Fulham,H,2.62,3.45,2.88,0.38167938931297707,0.2898550724637681,0.3472222222222222,1.0187566839989675,0.01875668399896746,0.37465215719101375,0.28451844980882784,0.34082939300015835,H
2018-19,2018-10-20,Chelsea,Man United,D,1.77,3.9,5.01,0.5649717514124294,0.25641025641025644,0.1996007984031936,1.0209828062258794,0.020982806225879447,0.553360691254811,0.251140621415645,0.195498687329544,H
2018-19,2018-10-20,Huddersfield,Liverpool,A,12.75,6.18,1.26,0.0784313725490196,0.16181229773462785,0.7936507936507936,1.0338944639344412,0.03389446393444118,0.07586013397397677,0.15650755795602006,0.767632308070003,A
2018-19,2018-10-20,Man City,Burnley,H,1.07,14.92,32.36,0.9345794392523364,0.06702412868632708,0.030902348578491966,1.0325059165171555,0.03250591651715551,0.9051564977030405,0.06491403837414567,0.029929463922813763,H
2018-19,2018-10-20,Newcastle,Brighton,A,2.22,3.25,3.82,0.4504504504504504,0.3076923076923077,0.2617801047120419,1.0199228628548,0.01992286285480005,0.4416514884170982,0.30168193978029484,0.2566665718026069,H
2018-19,2018-10-20,West Ham,Tottenham,A,3.89,3.73,2.02,0.2570694087403599,0.2680965147453083,0.49504950495049505,1.0202154284361633,0.020215428436163307,0.2519756137528802,0.2627842191685534,0.4852401670785664,A
2018-19,2018-10-20,Wolves,Watford,A,1.86,3.38,5.36,0.5376344086021505,0.2958579881656805,0.18656716417910446,1.0200595609469354,0.020059560946935395,0.5270617806896071,0.29003991481735775,0.18289830449303526,H
2018-19,2018-10-21,Everton,Crystal Palace,H,1.78,3.67,5.35,0.5617977528089888,0.2724795640326976,0.1869158878504673,1.0211932046921537,0.02119320469215369,0.5501385538286527,0.26682469368256184,0.1830367524887854,H
2018-19,2018-10-22,Arsenal,Leicester,H,1.63,4.13,6.03,0.6134969325153374,0.24213075060532688,0.16583747927031509,1.0214651623909794,0.021465162390979398,0.6006048518378283,0.23704259285609205,0.16235255530607962,H
2018-19,2018-10-27,Brighton,Wolves,H,3.48,3.19,2.39,0.28735632183908044,0.31347962382445144,0.41841004184100417,1.019245987504536,0.0192459875045361,0.28193029490616617,0.3075603217158177,0.41050938337801607,A
2018-19,2018-10-27,Fulham,Bournemouth,A,2.85,3.71,2.51,0.3508771929824561,0.2695417789757412,0.39840637450199207,1.0188253464601895,0.018825346460189518,0.34439385926306715,0.2645613204581513,0.39104482027878146,A
2018-19,2018-10-27,Leicester,West Ham,D,1.98,3.6,4.21,0.5050505050505051,0.2777777777777778,0.23752969121140144,1.0203579740396842,0.0203579740396842,0.4949738404561755,0.2722356122508965,0.23279054729292814,H
2018-19,2018-10-27,Liverpool,Cardiff,H,1.12,9.84,28.98,0.8928571428571428,0.1016260162601626,0.03450655624568668,1.028989715362992,0.028989715362992108,0.8677026888866168,0.09876290767815152,0.03353440343523157,H
2018-19,2018-10-27,Southampton,Newcastle,D,2.01,3.55,4.15,0.49751243781094534,0.28169014084507044,0.24096385542168672,1.0201664340777024,0.020166434077702355,0.48767771727436743,0.27612174978069814,0.23620053294493454,H
2018-19,2018-10-27,Watford,Huddersfield,H,1.78,3.53,5.73,0.5617977528089888,0.28328611898017,0.17452006980802792,1.0196039415971867,0.019603941597186703,0.5509960582625301,0.2778393721550435,0.17116456958242643,H
2018-19,2018-10-28,Burnley,Chelsea,A,9.53,4.52,1.43,0.10493179433368312,0.22123893805309736,0.6993006993006994,1.0254714316874798,0.025471431687479784,0.10232541940345528,0.2157436386979931,0.6819309418985516,A
2018-19,2018-10-28,Crystal Palace,Arsenal,D,4.57,3.86,1.84,0.2188183807439825,0.2590673575129534,0.5434782608695652,1.021363999126501,0.02136399912650111,0.21424132917463515,0.2536484130383634,0.5321102577870014,A
2018-19,2018-10-28,Man United,Everton,H,1.81,3.74,4.95,0.5524861878453039,0.267379679144385,0.20202020202020202,1.021886069009891,0.021886069009890985,0.5406534100035337,0.261653120884063,0.1976934691124032,H
2018-19,2018-10-29,Tottenham,Man City,A,5.42,4.29,1.66,0.18450184501845018,0.2331002331002331,0.6024096385542169,1.0200117166729001,0.020011716672900137,0.18088208400219455,0.2285270152195558,0.5905909007782497,A
2018-19,2018-11-03,Arsenal,Liverpool,D,3.91,3.94,1.96,0.2557544757033248,0.25380710659898476,0.5102040816326531,1.0197656639349626,0.019765663934962596,0.25079730054495736,0.24888767642913281,0.5003150230259099,A
2018-19,2018-11-03,Bournemouth,Man United,A,3.9,3.98,1.95,0.25641025641025644,0.25125628140703515,0.5128205128205129,1.0204870506378043,0.020487050637804316,0.2512626262626263,0.24621212121212122,0.5025252525252526,A
2018-19,2018-11-03,Cardiff,Leicester,A,3.45,3.47,2.27,0.2898550724637681,0.2881844380403458,0.44052863436123346,1.0185681448653474,0.018568144865347413,0.28457111478003894,0.28293093544413095,0.4324979497758301,A
2018-19,2018-11-03,Everton,Brighton,H,1.57,4.04,7.24,0.6369426751592356,0.24752475247524752,0.13812154696132597,1.0225889745958092,0.02258897459580922,0.6228726213393754,0.24205693453040084,0.13507044413022368,H
2018-19,2018-11-03,Newcastle,Watford,H,2.85,3.29,2.74,0.3508771929824561,0.303951367781155,0.36496350364963503,1.019792064413246,0.019792064413246102,0.34406738905576695,0.29805229751031487,0.35788031343391824,A
2018-19,2018-11-03,West Ham,Burnley,H,1.57,4.17,6.85,0.6369426751592356,0.23980815347721823,0.14598540145985403,1.0227362300963079,0.022736230096307875,0.6227829389590087,0.23447702977593377,0.1427400312650575,H
2018-19,2018-11-03,Wolves,Tottenham,A,3.43,3.38,2.32,0.29154518950437314,0.2958579881656805,0.4310344827586207,1.0184376604286745,0.01843766042867445,0.2862670940326949,0.2905018143586224,0.4232310916086826,A
2018-19,2018-11-04,Chelsea,Crystal Palace,H,1.33,5.53,10.76,0.7518796992481203,0.18083182640144665,0.0929368029739777,1.0256483286235447,0.025648328623544714,0.7330774869561467,0.1763097753438834,0.09061273769996982,H
2018-19,2018-11-04,Man City,Southampton,H,1.12,10.04,27.35,0.8928571428571428,0.09960159362549802,0.03656307129798903,1.02902180778063,0.029021807780629905,0.8676756275776469,0.09679250028754628,0.03553187213480675,H
2018-19,2018-11-05,Huddersfield,Fulham,H,2.34,3.44,3.32,0.4273504273504274,0.29069767441860467,0.30120481927710846,1.0192529210461405,0.019252921046140514,0.4192780992099621,0.2852066139974742,0.29551528679256367,H
2018-19,2018-11-10,Cardiff,Brighton,H,2.58,3.15,3.19,0.38759689922480617,0.31746031746031744,0.31347962382445144,1.0185368405095752,0.01853684050957516,0.38054283734193745,0.3116827048705393,0.30777445778752316,H
2018-19,2018-11-10,Crystal Palace,Tottenham,A,5.48,3.96,1.7,0.18248175182481752,0.25252525252525254,0.5882352941176471,1.0232422984677172,0.023242298467717193,0.1783367948120205,0.24678930191158394,0.5748739032763955,A
2018-19,2018-11-10,Huddersfield,West Ham,D,3.27,3.27,2.46,0.3058103975535168,0.3058103975535168,0.4065040650406504,1.018124860147684,0.018124860147683997,0.30036630036630035,0.30036630036630035,0.3992673992673993,A
2018-19,2018-11-10,Leicester,Burnley,D,1.49,4.47,7.93,0.6711409395973155,0.2237136465324385,0.12610340479192939,1.0209579909216835,0.02095799092168349,0.6573639126830615,0.2191213042276872,0.12351478308925115,H
2018-19,2018-11-10,Newcastle,Bournemouth,H,2.94,3.5,2.55,0.3401360544217687,0.2857142857142857,0.3921568627450981,1.0180072028811527,0.01800720288115265,0.33411949685534587,0.2806603773584905,0.3852201257861635,A
2018-19,2018-11-10,Southampton,Watford,D,2.34,3.44,3.32,0.4273504273504274,0.29069767441860467,0.30120481927710846,1.0192529210461405,0.019252921046140514,0.4192780992099621,0.2852066139974742,0.29551528679256367,H
2018-19,2018-11-11,Arsenal,Wolves,D,1.65,4.15,5.71,0.6060606060606061,0.24096385542168672,0.17513134851138354,1.0221558099936763,0.02215580999367628,0.5929238968610427,0.23574082646282418,0.17133527667613319,H
2018-19,2018-11-11,Chelsea,Everton,D,1.4,5.04,8.94,0.7142857142857143,0.1984126984126984,0.11185682326621925,1.024555235964632,0.02455523596463194,0.6971666233428646,0.19365739537301793,0.1091759812841175,H
2018-19,2018-11-11,Liverpool,Fulham,H,1.1,11.92,26.16,0.9090909090909091,0.08389261744966443,0.0382262996941896,1.031209826234763,0.031209826234763094,0.8815770427733951,0.08135358616197438,0.03706937106463053,H
2018-19,2018-11-11,Man City,Man United,H,1.36,5.42,9.53,0.7352941176470588,0.18450184501845018,0.10493179433368312,1.0247277569991922,0.024727756999192163,0.7175506983438124,0.18004962172464664,0.10239967993154092,H
2018-19,2018-11-24,Brighton,Leicester,D,2.9,3.15,2.81,0.3448275862068966,0.31746031746031744,0.35587188612099646,1.0181597897882104,0.018159789788210423,0.33867727803179587,0.3117981289816533,0.34952459298655086,A
2018-19,2018-11-24,Everton,Cardiff,H,1.47,4.34,8.88,0.6802721088435374,0.2304147465437788,0.1126126126126126,1.0232994679999288,0.02329946799992877,0.6647830181844526,0.22516844164312108,0.11004854017242628,H
2018-19,2018-11-24,Fulham,Southampton,H,2.8,3.31,2.78,0.35714285714285715,0.3021148036253776,0.3597122302158274,1.018969890984062,0.0189698909840621,0.3504940237222802,0.29649041281643035,0.3530155634612895,A
2018-19,2018-11-24,Man United,Crystal Palace,D,1.46,4.47,8.65,0.684931506849315,0.2237136465324385,0.11560693641618497,1.0242520897979386,0.02425208979793858,0.6687137997291627,0.2184165878310017,0.11286961243983555,H
2018-19,2018-11-24,Tottenham,Chelsea,H,3.09,3.44,2.47,0.3236245954692557,0.29069767441860467,0.4048582995951417,1.019180569483002,0.019180569483002063,0.31753411040147694,0.2852268607966755,0.3972390288018476,A
2018-19,2018-11-24,Watford,Liverpool,A,6.29,4.46,1.56,0.1589825119236884,0.2242152466367713,0.641025641025641,1.0242233995861008,0.024223399586100758,0.15522249539303132,0.21891244305429752,0.6258650615526711,A
2018-19,2018-11-24,West Ham,Man City,A,12.2,6.9,1.24,0.0819672131147541,0.14492753623188406,0.8064516129032259,1.033346362249864,0.03334636224986398,0.079322109322851,0.14025068604909888,0.7804272046280502,A
2018-19,2018-11-25,Bournemouth,Arsenal,A,3.38,3.7,2.21,0.2958579881656805,0.27027027027027023,0.45248868778280543,1.0186169462187562,0.018616946218756203,0.29045068341337277,0.26533062430735127,0.44421869227927596,A
2018-19,2018-11-25,Wolves,Huddersfield,A,1.61,3.71,7.73,0.6211180124223602,0.2695417789757412,0.129366106080207,1.0200258974783083,0.020025897478308297,0.6089237674826474,0.2642499368320923,0.12682629568526035,H
2018-19,2018-11-26,Burnley,Newcastle,A,3.03,3.18,2.67,0.33003300330033003,0.31446540880503143,0.37453183520599254,1.019030247311354,0.019030247311353943,0.3238696831336469,0.30859281128772015,0.367537505578633,A
2018-19,2018-11-30,Cardiff,Wolves,H,3.63,3.28,2.28,0.27548209366391185,0.3048780487804878,0.4385964912280702,1.0189566336724698,0.018956633672469803,0.2703570344019782,0.29920610819487226,0.4304368574031496,A
2018-19,2018-12-01,Crystal Palace,Burnley,H,1.56,4.07,7.28,0.641025641025641,0.24570024570024568,0.13736263736263735,1.024088524088524,0.02408852408852402,0.6259474898385148,0.2399209051960892,0.13413160496539603,H
2018-19,2018-12-01,Huddersfield,Brighton,A,2.43,2.93,3.76,0.4115226337448559,0.341296928327645,0.26595744680851063,1.0187770088810115,0.018777008881011525,0.4039378884264946,0.3350065081489358,0.2610556034245697,H
2018-19,2018-12-01,Leicester,Watford,H,2.36,3.3,3.41,0.42372881355932207,0.30303030303030304,0.29325513196480935,1.0200142485544346,0.020014248554434566,0.41541460245269224,0.2970843823601072,0.28750101518720045,H
2018-19,2018-12-01,Man City,Bournemouth,H,1.13,9.87,22.77,0.8849557522123894,0.10131712259371835,0.04391743522178305,1.0301903100278909,0.030190310027890854,0.8590216230906216,0.09834796697997998,0.042630409929398434,H
2018-19,2018-12-01,Newcastle,West Ham,A,2.59,3.37,2.98,0.3861003861003861,0.29673590504451036,0.33557046979865773,1.018406760943554,0.01840676094355409,0.3791219784741649,0.2913726778184234,0.3295053437074118,H
2018-19,2018-12-01,Southampton,Man United,D,4.29,3.58,1.97,0.2331002331002331,0.27932960893854747,0.5076142131979695,1.02004405523675,0.020044055236750014,0.22851977020358305,0.2738407302160255,0.4976394995803915,A
2018-19,2018-12-02,Arsenal,Tottenham,H,2.94,3.53,2.53,0.3401360544217687,0.28328611898017,0.3952569169960475,1.018679090397986,0.018679090397986098,0.33389912252825515,0.27809162046262614,0.38800925700911876,A
2018-19,2018-12-02,Chelsea,Fulham,H,1.2,7.59,14.82,0.8333333333333334,0.13175230566534915,0.06747638326585695,1.0325620222645395,0.032562022264539525,0.8070540222908137,0.12759747387997056,0.06534850382921568,H
2018-19,2018-12-02,Liverpool,Everton,H,1.47,4.49,8.31,0.6802721088435374,0.22271714922048996,0.12033694344163658,1.023326201505664,0.02332620150566389,0.664765651307104,0.2176404248154661,0.11759392387742995,H
2018-19,2018-12-04,Bournemouth,Huddersfield,H,1.74,3.72,5.65,0.5747126436781609,0.26881720430107525,0.17699115044247787,1.020520998421714,0.020520998421714065,0.5631561178721283,0.2634117325530923,0.17343214957477934,H
2018-19,2018-12-04,Brighton,Crystal Palace,H,3.14,2.95,2.77,0.3184713375796178,0.3389830508474576,0.36101083032490977,1.0184652187519851,0.018465218751985146,0.3126973132866223,0.3328371402440658,0.35446554646931194,A
2018-19,2018-12-04,Watford,Man City,A,9.33,5.38,1.37,0.10718113612004287,0.1858736059479554,0.7299270072992701,1.0229817493672684,0.022981749367268378,0.10477326324378342,0.1816978710157062,0.7135288657405103,A
2018-19,2018-12-04,West Ham,Cardiff,H,1.7,3.94,5.59,0.5882352941176471,0.25380710659898476,0.17889087656529518,1.020933277281927,0.020933277281927065,0.5761740822904022,0.24860303042986895,0.17522288727972876,H
2018-19,2018-12-05,Burnley,Liverpool,A,11.43,5.21,1.33,0.08748906386701663,0.19193857965451055,0.7518796992481203,1.0313073427696473,0.031307342769647306,0.08483316295611616,0.18611191028568283,0.7290549267582012,A
2018-19,2018-12-05,Everton,Newcastle,D,1.49,4.37,8.17,0.6711409395973155,0.22883295194508008,0.12239902080783353,1.0223729123502292,0.0223729123502292,0.6564541484716157,0.223825327510917,0.11972052401746723,H
2018-19,2018-12-05,Fulham,Leicester,D,2.75,3.36,2.8,0.36363636363636365,0.2976190476190476,0.35714285714285715,1.0183982683982684,0.018398268398268414,0.357066950053135,0.2922422954303932,0.35069075451647186,H
2018-19,2018-12-05,Man United,Arsenal,D,2.44,3.52,3.07,0.4098360655737705,0.2840909090909091,0.32573289902280134,1.019659873687481,0.0196598736874809,0.4019340920925389,0.27861340474596447,0.3194525031614967,H
2018-19,2018-12-05,Tottenham,Southampton,H,1.34,5.45,10.73,0.7462686567164178,0.18348623853211007,0.09319664492078285,1.0229515401693108,0.02295154016931078,0.7295249358468158,0.17936943376784095,0.09110563038534326,H
2018-19,2018-12-05,Wolves,Chelsea,H,6.01,3.94,1.66,0.1663893510815308,0.25380710659898476,0.6024096385542169,1.0226060962347325,0.02260609623473253,0.162711088555194,0.24819635589256744,0.5890925555522385,A
2018-19,2018-12-08,Arsenal,Huddersfield,H,1.3,5.74,12.4,0.7692307692307692,0.17421602787456444,0.08064516129032258,1.0240919583956563,0.024091958395656254,0.7511344688575107,0.17011756263323413,0.07874796850925515,H
2018-19,2018-12-08,Bournemouth,Liverpool,A,7.43,4.72,1.48,0.13458950201884254,0.21186440677966104,0.6756756756756757,1.0221295844741793,0.022129584474179342,0.13167557623144258,0.2072774430931395,0.6610469806754178,A
2018-19,2018-12-08,Burnley,Brighton,H,2.98,3.11,2.77,0.33557046979865773,0.3215434083601286,0.36101083032490977,1.0181247084836962,0.018124708483696184,0.32959662701676923,0.31581927604822263,0.3545840969350081,A
2018-19,2018-12-08,Cardiff,Southampton,H,3.3,3.28,2.44,0.30303030303030304,0.3048780487804878,0.4098360655737705,1.0177444173845613,0.01774441738456134,0.29774695675466534,0.29956248697877913,0.40269055626655553,A
2018-19,2018-12-08,Chelsea,Man City,H,3.56,3.47,2.22,0.2808988764044944,0.2881844380403458,0.4504504504504504,1.0195337648952907,0.019533764895290684,0.2755169922531635,0.28266296611563746,0.44182004163119903,A
2018-19,2018-12-08,Leicester,Tottenham,A,4.34,3.49,1.99,0.2304147465437788,0.28653295128939826,0.5025125628140703,1.0194602606472474,0.019460260647247374,0.22601640832717723,0.28106338456732066,0.4929202071055021,A
2018-19,2018-12-08,Man United,Fulham,H,1.39,5.09,9.42,0.7194244604316548,0.19646365422396858,0.10615711252653928,1.0220452271821627,0.02204522718216273,0.703906677804415,0.19222598863421156,0.10386733356137333,H
2018-19,2018-12-08,West Ham,Crystal Palace,H,2.32,3.54,3.27,0.4310344827586207,0.2824858757062147,0.3058103975535168,1.0193307560183522,0.019330756018352213,0.4228602739726028,0.27712876712328766,0.30001095890410956,H
2018-19,2018-12-09,Newcastle,Wolves,A,2.97,3.05,2.83,0.33670033670033667,0.3278688524590164,0.35335689045936397,1.017926079618717,0.01792607961871706,0.3307709110139451,0.3220949526922679,0.347134136293787,A
2018-19,2018-12-10,Everton,Watford,D,1.69,3.92,5.7,0.591715976331361,0.25510204081632654,0.17543859649122806,1.0222566136389157,0.022256613638915734,0.5788331114093125,0.2495479485412597,0.1716189400494277,H
2018-19,2018-12-15,Crystal Palace,Leicester,H,2.73,3.2,2.94,0.3663003663003663,0.3125,0.3401360544217687,1.018936420722135,0.018936420722134972,0.35949285828919914,0.3066923447279731,0.3338147969828278,H
2018-19,2018-12-15,Fulham,West Ham,A,3.12,3.56,2.4,0.3205128205128205,0.2808988764044944,0.4166666666666667,1.0180783635839816,0.018078363583981627,0.3148213654050229,0.27591085956844713,0.4092677750265299,A
2018-19,2018-12-15,Huddersfield,Newcastle,A,2.64,3.07,3.19,0.3787878787878788,0.32573289902280134,0.31347962382445144,1.0180004016351316,0.018000401635131613,0.37209010741003884,0.31997325197475657,0.3079366406152046,H
2018-19,2018-12-15,Man City,Everton,H,1.23,6.83,13.15,0.8130081300813008,0.14641288433382138,0.07604562737642585,1.0354666417915481,0.035466641791548126,0.7851611025099243,0.1413979730727975,0.07344092441727809,H
2018-19,2018-12-15,Tottenham,Burnley,H,1.2,6.92,18.03,0.8333333333333334,0.14450867052023122,0.05546311702717693,1.0333051208807416,0.03330512088074156,0.8064736315475128,0.13985091876546465,0.05367544968702248,H
2018-19,2018-12-15,Watford,Cardiff,H,1.68,3.9,5.86,0.5952380952380952,0.25641025641025644,0.1706484641638225,1.0222968158121741,0.02229681581217413,0.5822556482925189,0.2508178177260082,0.16692653398147297,H
2018-19,2018-12-15,Wolves,Bournemouth,H,2.02,3.45,4.24,0.49504950495049505,0.2898550724637681,0.23584905660377356,1.0207536340180368,0.02075363401803676,0.4849843179120609,0.283961832516627,0.23105384957131203,H
2018-19,2018-12-16,Brighton,Chelsea,A,8.63,4.58,1.45,0.11587485515643105,0.2183406113537118,0.6896551724137931,1.023870638923936,0.02387063892393604,0.11317333533288228,0.2132501929962389,0.6735764716708788,A
2018-19,2018-12-16,Liverpool,Man United,H,1.55,4.26,7.09,0.6451612903225806,0.2347417840375587,0.14104372355430184,1.020946797914441,0.020946797914441095,0.6319244956157327,0.2299255793907009,0.1381499249935664,H
2018-19,2018-12-16,Southampton,Arsenal,H,4.52,4.0,1.82,0.22123893805309736,0.25,0.5494505494505494,1.0206894875036467,0.020689487503646742,0.21675440059071532,0.24493247266750828,0.5383131267417764,A
2018-19,2018-12-21,Wolves,Liverpool,A,7.49,4.16,1.54,0.13351134846461948,0.24038461538461536,0.6493506493506493,1.023246613199884,0.02324661319988408,0.13047817284936272,0.23492344101964588,0.6345983861309915,A
2018-19,2018-12-22,Arsenal,Burnley,H,1.2,7.15,15.42,0.8333333333333334,0.13986013986013984,0.0648508430609598,1.038044316254433,0.03804431625443305,0.8027916730378558,0.13473426680355619,0.062474060158588,H
2018-19,2018-12-22,Bournemouth,Brighton,H,2.03,3.5,4.14,0.4926108374384237,0.2857142857142857,0.24154589371980678,1.0198710168725162,0.019871016872516245,0.48301288034347584,0.2801474705992159,0.23683964905730817,H
2018-19,2018-12-22,Cardiff,Man United,A,6.9,4.32,1.55,0.14492753623188406,0.23148148148148145,0.6451612903225806,1.0215703080359462,0.021570308035946173,0.14186741244517892,0.2265937837666052,0.6315388037882158,A
2018-19,2018-12-22,Chelsea,Leicester,A,1.34,5.48,10.52,0.7462686567164178,0.18248175182481752,0.09505703422053233,1.0238074427617676,0.023807442761767605,0.7289150533066295,0.17823835245089117,0.09284659424247943,H
2018-19,2018-12-22,Huddersfield,Southampton,A,2.9,3.1,2.85,0.3448275862068966,0.3225806451612903,0.3508771929824561,1.018285424350643,0.018285424350642954,0.33863549252587205,0.3167880413951706,0.3445764660789575,A
2018-19,2018-12-22,Man City,Crystal Palace,A,1.17,7.9,19.72,0.8547008547008548,0.12658227848101264,0.05070993914807303,1.0319930723299404,0.03199307232994042,0.8282040622338566,0.12265806997640658,0.04913786778973692,H
2018-19,2018-12-22,Newcastle,Fulham,D,2.39,3.26,3.41,0.41841004184100417,0.3067484662576687,0.29325513196480935,1.0184136400634822,0.01841364006348223,0.41084489188000545,0.3012022366850347,0.28795287143495985,H
2018-19,2018-12-22,West Ham,Watford,A,2.5,3.53,2.98,0.4,0.28328611898017,0.33557046979865773,1.0188565887788277,0.018856588778827676,0.3925969605589228,0.27804317320037025,0.329359866240707,H
2018-19,2018-12-23,Everton,Tottenham,A,3.48,3.76,2.15,0.28735632183908044,0.26595744680851063,0.46511627906976744,1.0184300477173585,0.018430047717358455,0.2821561701592975,0.26114454046658386,0.45669928937411874,A
2018-19,2018-12-26,Brighton,Arsenal,D,5.48,3.89,1.72,0.18248175182481752,0.2570694087403599,0.5813953488372093,1.0209465094023868,0.020946509402386848,0.1787378184305009,0.25179517866301926,0.5694670029064797,A
2018-19,2018-12-26,Burnley,Everton,A,4.38,3.65,1.93,0.22831050228310504,0.273972602739726,0.5181347150259068,1.020417820048738,0.020417820048737934,0.22374217482031067,0.2684906097843728,0.5077672153953164,A
2018-19,2018-12-26,Crystal Palace,Cardiff,D,1.66,3.79,6.44,0.6024096385542169,0.2638522427440633,0.15527950310559005,1.0215413844038703,0.021541384403870323,0.5897065432212112,0.2582883540230107,0.15200510275577803,H
2018-19,2018-12-26,Fulham,Wolves,D,2.96,3.15,2.76,0.33783783783783783,0.31746031746031744,0.3623188405797102,1.0176169958778654,0.01761699587786536,0.3319891857214865,0.3119644411859048,0.3560463730926088,A
2018-19,2018-12-26,Leicester,Man City,H,9.58,5.9,1.33,0.10438413361169102,0.1694915254237288,0.7518796992481203,1.0257553582835401,0.025755358283540142,0.10176318628874964,0.1652358177366477,0.7330009959746026,A
2018-19,2018-12-26,Liverpool,Newcastle,H,1.16,8.43,19.78,0.8620689655172414,0.11862396204033215,0.05055611729019211,1.0312490448477656,0.031249044847765584,0.8359464377923388,0.11502940306513795,0.0490241591425234,H
2018-19,2018-12-26,Man United,Huddersfield,H,1.27,6.13,13.45,0.7874015748031495,0.1631321370309951,0.07434944237918216,1.0248831542133268,0.024883154213326764,0.7682842395897689,0.1591714493114203,0.07254431109881089,H
2018-19,2018-12-26,Tottenham,Bournemouth,H,1.37,5.38,9.25,0.7299270072992701,0.1858736059479554,0.10810810810810811,1.0239087213553337,0.02390872135533373,0.712882888948417,0.18153337506679024,0.10558373598479258,H
2018-19,2018-12-26,Watford,Chelsea,A,5.74,4.01,1.67,0.17421602787456444,0.24937655860349128,0.5988023952095809,1.0223949816876368,0.02239498168763676,0.17039992468174214,0.24391410665167085,0.5856859686665868,A
2018-19,2018-12-27,Southampton,West Ham,A,2.32,3.37,3.43,0.4310344827586207,0.29673590504451036,0.29154518950437314,1.0193155773075042,0.019315577307504217,0.4228665708192032,0.2911128914838431,0.2860205376969537,H
2018-19,2018-12-29,Brighton,Everton,H,3.27,3.34,2.41,0.3058103975535168,0.29940119760479045,0.41493775933609955,1.0201493544944067,0.02014935449440669,0.2997702211016725,0.293487611677386,0.40674216722094153,A
2018-19,2018-12-29,Fulham,Huddersfield,H,2.07,3.26,4.33,0.48309178743961356,0.3067484662576687,0.23094688221709006,1.0207871359143723,0.020787135914372312,0.47325418830526605,0.3005018925742027,0.22624391912053132,H
2018-19,2018-12-29,Leicester,Cardiff,A,1.6,3.81,7.44,0.625,0.26246719160104987,0.13440860215053763,1.0218757937515877,0.021875793751587658,0.6116203200248562,0.256848428356895,0.13153125161824863,H
2018-19,2018-12-29,Liverpool,Arsenal,H,1.39,5.54,7.97,0.7194244604316548,0.18050541516245489,0.12547051442910917,1.025400390023219,0.02540039002321892,0.7016034589331142,0.17603408085144923,0.12236246021543648,H
2018-19,2018-12-29,Tottenham,Wolves,A,1.47,4.47,8.39,0.6802721088435374,0.2237136465324385,0.11918951132300357,1.0231752666989795,0.023175266698979513,0.664863714931525,0.21864645658821966,0.11648982848025527,H
2018-19,2018-12-29,Watford,Newcastle,D,1.79,3.67,5.26,0.5586592178770949,0.2724795640326976,0.19011406844106465,1.021252850350857,0.02125285035085711,0.547033203075188,0.26680910994675383,0.1861576869780583,H
2018-19,2018-12-30,Burnley,West Ham,H,3.86,3.57,2.08,0.2590673575129534,0.2801120448179272,0.4807692307692307,1.0199486331001113,0.0199486331001113,0.2540003967901049,0.2746334822436428,0.4713661209662523,A
2018-19,2018-12-30,Crystal Palace,Chelsea,A,5.19,3.79,1.77,0.19267822736030826,0.2638522427440633,0.5649717514124294,1.021502221516801,0.021502221516801034,0.18862242616976943,0.2582982564171777,0.5530793174130528,A
2018-19,2018-12-30,Man United,Bournemouth,H,1.39,5.35,8.55,0.7194244604316548,0.1869158878504673,0.11695906432748537,1.0232994126096076,0.02329941260960755,0.703043949372536,0.1826600167528645,0.1142960338745994,H
2018-19,2018-12-30,Southampton,Man City,A,12.58,7.05,1.23,0.0794912559618442,0.14184397163120568,0.8130081300813008,1.0343433576743506,0.034343357674350594,0.07685190355026283,0.13713431867550446,0.7860137777742328,A
2018-19,2019-01-01,Arsenal,Fulham,H,1.39,5.24,8.13,0.7194244604316548,0.19083969465648853,0.12300123001230011,1.0332653851004434,0.03326538510044341,0.6962630034893889,0.18469572039126914,0.11904127611934198,H
2018-19,2019-01-01,Cardiff,Tottenham,A,8.88,4.84,1.4,0.1126126126126126,0.2066115702479339,0.7142857142857143,1.0335098971462608,0.03350989714626085,0.10896132966269584,0.19991252219106181,0.6911261481462423,A
2018-19,2019-01-01,Everton,Leicester,A,2.0,3.58,4.15,0.5,0.27932960893854747,0.24096385542168672,1.0202934643602342,0.02029346436023416,0.49005508460599667,0.2737737902826797,0.23617112511132368,H
2018-19,2019-01-02,Bournemouth,Watford,D,2.6,3.47,2.89,0.3846153846153846,0.2881844380403458,0.3460207612456747,1.018820583901405,0.018820583901405064,0.37751041811754876,0.28286083201891266,0.3396287498635387,H
2018-19,2019-01-02,Chelsea,Southampton,D,1.26,6.11,12.48,0.7936507936507936,0.1636661211129296,0.08012820512820512,1.0374451198919283,0.037445119891928336,0.7650050864699899,0.15775882306909772,0.07723609046091243,H
2018-19,2019-01-02,Huddersfield,Burnley,A,2.49,3.04,3.47,0.4016064257028112,0.32894736842105265,0.2881844380403458,1.0187382321642096,0.018738232164209556,0.3942194501227638,0.32289685223871123,0.28288369763852506,H
2018-19,2019-01-02,Newcastle,Man United,A,5.93,4.1,1.62,0.16863406408094436,0.24390243902439027,0.6172839506172839,1.0298204537226185,0.029820453722618545,0.16375093684667272,0.23683976963433398,0.5994092935189933,A
2018-19,2019-01-02,West Ham,Brighton,D,2.05,3.55,4.01,0.48780487804878053,0.28169014084507044,0.24937655860349128,1.0188715774973423,0.01887157749734225,0.4787697378377924,0.2764726655119646,0.244757596650243,H
2018-19,2019-01-02,Wolves,Crystal Palace,A,2.34,3.17,3.62,0.4273504273504274,0.31545741324921134,0.27624309392265195,1.0190509345222907,0.019050934522290675,0.41936120450226577,0.30956000584709836,0.27107878965063587,H
2018-19,2019-01-03,Man City,Liverpool,H,2.0,3.86,3.84,0.5,0.2590673575129534,0.2604166666666667,1.0194840241796201,0.01948402417962014,0.49044417385780076,0.2541161522579279,0.25543967388427125,H
2018-19,2019-01-12,Brighton,Liverpool,A,10.06,5.37,1.34,0.09940357852882703,0.186219739292365,0.7462686567164178,1.0318919745376098,0.031891974537609835,0.0963313805918199,0.18046437406959187,0.7232042453385883,A
2018-19,2019-01-12,Burnley,Fulham,H,2.47,3.27,3.22,0.4048582995951417,0.3058103975535168,0.3105590062111801,1.0212277033598385,0.02122770335983848,0.39644273090434007,0.29945368358829355,0.30410358550736644,H
2018-19,2019-01-12,Cardiff,Huddersfield,D,2.16,3.24,4.0,0.4629629629629629,0.30864197530864196,0.25,1.0216049382716048,0.021604938271604812,0.45317220543806647,0.3021148036253777,0.24471299093655594,H
2018-19,2019-01-12,Chelsea,Newcastle,H,1.2,6.8,19.3,0.8333333333333334,0.14705882352941177,0.05181347150259067,1.0322056283653358,0.0322056283653358,0.8073326771653544,0.14247047244094488,0.05019685039370078,H
2018-19,2019-01-12,Crystal Palace,Watford,A,2.36,3.36,3.32,0.42372881355932207,0.2976190476190476,0.30120481927710846,1.022552680455478,0.02255268045547809,0.41438335809806837,0.2910549777117385,0.2945616641901932,H
2018-19,2019-01-12,Leicester,Southampton,A,1.96,3.39,4.56,0.5102040816326531,0.2949852507374631,0.2192982456140351,1.0244875779841514,0.024487577984151354,0.49800904627517684,0.28793443383461553,0.2140565198902076,H
2018-19,2019-01-12,West Ham,Arsenal,H,3.58,3.95,2.05,0.27932960893854747,0.2531645569620253,0.48780487804878053,1.0202990439493533,0.020299043949353335,0.27377229312822243,0.24812779984785727,0.47809990702392025,A
2018-19,2019-01-13,Everton,Bournemouth,H,1.71,4.01,5.32,0.5847953216374269,0.24937655860349128,0.18796992481203006,1.0221418050529483,0.02214180505294827,0.5721273885350318,0.24397452229299363,0.1838980891719745,H
2018-19,2019-01-13,Tottenham,Man United,A,2.11,3.53,3.8,0.47393364928909953,0.28328611898017,0.2631578947368421,1.0203776630061117,0.020377663006111657,0.46446885939550486,0.27762869499278053,0.25790244561171455,H
2018-19,2019-01-14,Man City,Wolves,H,1.2,7.16,17.03,0.8333333333333334,0.13966480446927373,0.05871990604815032,1.0317180438507574,0.03171804385075738,0.8077142183372328,0.13537109804534628,0.056914683617420976,H
2018-19,2019-01-19,Arsenal,Chelsea,H,3.36,3.49,2.3,0.2976190476190476,0.28653295128939826,0.4347826086956522,1.018934607604098,0.01893460760409793,0.2920884671086626,0.28120838094129125,0.4267031519500463,A
2018-19,2019-01-19,Bournemouth,West Ham,H,2.14,3.7,3.52,0.4672897196261682,0.27027027027027023,0.2840909090909091,1.0216508989873476,0.021650898987347622,0.4573868824363999,0.26454268335510694,0.27807043420849314,H
2018-19,2019-01-19,Liverpool,Crystal Palace,H,1.24,6.86,12.02,0.8064516129032259,0.14577259475218657,0.0831946755407654,1.0354188831961777,0.0354188831961777,0.7788650815540805,0.14078610803601452,0.08034881040990514,H
2018-19,2019-01-19,Man United,Brighton,H,1.38,5.02,9.59,0.7246376811594204,0.19920318725099603,0.10427528675703858,1.0281161551674551,0.028116155167455137,0.7048208293559929,0.19375552679507374,0.10142364384893326,H
2018-19,2019-01-19,Newcastle,Cardiff,H,2.13,3.15,4.24,0.4694835680751174,0.31746031746031744,0.23584905660377356,1.0227929421392083,0.02279294213920835,0.45902112610708434,0.31038571384383795,0.23059316004907773,H
2018-19,2019-01-19,Southampton,Everton,H,2.94,3.41,2.57,0.3401360544217687,0.29325513196480935,0.38910505836575876,1.0224962447523367,0.02249624475233669,0.33265261967211873,0.28680313836833693,0.3805442419595444,A
2018-19,2019-01-19,Watford,Burnley,D,1.78,3.77,5.09,0.5617977528089888,0.26525198938992045,0.19646365422396858,1.0235133964228778,0.023513396422877753,0.5488914505393292,0.2591582976021236,0.19195025185854733,H
2018-19,2019-01-19,Wolves,Leicester,H,2.35,3.23,3.53,0.425531914893617,0.30959752321981426,0.28328611898017,1.018415557093601,0.018415557093601098,0.417837209898893,0.3039992084403711,0.2781635816607361,H
2018-19,2019-01-20,Fulham,Tottenham,A,5.58,3.71,1.72,0.17921146953405018,0.2695417789757412,0.5813953488372093,1.0301485973470008,0.030148597347000816,0.17396661995714355,0.26165329901909995,0.5643800810237564,A
2018-19,2019-01-20,Huddersfield,Man City,A,24.77,9.86,1.12,0.04037141703673799,0.10141987829614606,0.8928571428571428,1.0346484381900267,0.03464843819002672,0.03901945390007272,0.09802351654206912,0.8629570295578582,A
2018-19,2019-01-29,Arsenal,Cardiff,H,1.22,6.98,13.34,0.819672131147541,0.14326647564469913,0.07496251874062969,1.0379011255328698,0.03790112553286984,0.7897400927537412,0.13803480131225848,0.07222510593400032,H
2018-19,2019-01-29,Fulham,Brighton,H,2.5,3.24,3.2,0.4,0.30864197530864196,0.3125,1.021141975308642,0.021141975308641925,0.39171830134502045,0.3022517757291824,0.3060299229257972,H
2018-19,2019-01-29,Huddersfield,Everton,A,3.72,3.21,2.27,0.26881720430107525,0.3115264797507788,0.44052863436123346,1.0208723184130877,0.020872318413087676,0.26332108281566763,0.305157142702269,0.43152177448206325,A
2018-19,2019-01-29,Man United,Burnley,D,1.34,5.22,10.33,0.7462686567164178,0.19157088122605365,0.0968054211035818,1.0346449590460534,0.03464495904605336,0.7212799426428177,0.18515615385850112,0.0935639034986811,H
2018-19,2019-01-29,Newcastle,Man City,H,15.43,8.13,1.18,0.06480881399870382,0.12300123001230011,0.8474576271186441,1.035267671129648,0.035267671129648015,0.06260102175120247,0.11881104128180246,0.8185879369669952,A
2018-19,2019-01-29,Wolves,West Ham,H,1.99,3.54,4.18,0.5025125628140703,0.2824858757062147,0.23923444976076558,1.0242328882810505,0.024232888281050524,0.4906233421750663,0.2758023872679045,0.23357427055702923,H
2018-19,2019-01-30,Bournemouth,Chelsea,H,5.71,4.15,1.64,0.17513134851138354,0.24096385542168672,0.6097560975609756,1.0258513014940458,0.025851301494045797,0.1707180643591551,0.23489160180500615,0.5943903338358388,A
2018-19,2019-01-30,Liverpool,Leicester,D,1.24,6.8,12.34,0.8064516129032259,0.14705882352941177,0.08103727714748785,1.0345477135801255,0.03454771358012554,0.7795209465133734,0.14214793730537986,0.07833111618124661,H
2018-19,2019-01-30,Southampton,Crystal Palace,D,2.52,3.3,3.1,0.3968253968253968,0.30303030303030304,0.3225806451612903,1.0224363450169902,0.02243634501699021,0.38811745959480987,0.29638060550876394,0.31550193489642614,H
2018-19,2019-01-30,Tottenham,Watford,H,1.58,4.2,6.48,0.6329113924050632,0.23809523809523808,0.15432098765432098,1.0253276181546223,0.025327618154622256,0.6172772304175058,0.23221381525229984,0.15050895433019434,H
2018-19,2019-02-02,Brighton,Watford,D,2.5,3.24,3.2,0.4,0.30864197530864196,0.3125,1.021141975308642,0.021141975308641925,0.39171830134502045,0.3022517757291824,0.3060299229257972,H
2018-19,2019-02-02,Burnley,Southampton,D,2.59,3.36,2.95,0.3861003861003861,0.2976190476190476,0.3389830508474576,1.0227024845668913,0.02270248456689128,0.37752952782147337,0.2910123443623857,0.331458127816141,H
2018-19,2019-02-02,Cardiff,Bournemouth,H,3.43,3.53,2.25,0.29154518950437314,0.28328611898017,0.4444444444444444,1.0192757529289875,0.019275752928987533,0.28603171287709905,0.27792883149247877,0.4360394556304222,A
2018-19,2019-02-02,Chelsea,Huddersfield,H,1.23,6.54,15.2,0.8130081300813008,0.1529051987767584,0.06578947368421052,1.0317028025422699,0.03170280254226987,0.7880255128491725,0.14820663315053245,0.06376785400029487,H
2018-19,2019-02-02,Crystal Palace,Fulham,H,2.06,3.45,4.03,0.4854368932038835,0.2898550724637681,0.24813895781637715,1.0234309234840286,0.023430923484028643,0.47432306574373223,0.28321898998031547,0.24245794427595244,H
2018-19,2019-02-02,Everton,Wolves,A,2.74,3.21,2.9,0.36496350364963503,0.3115264797507788,0.3448275862068966,1.0213175696073105,0.02131756960731046,0.35734576052575007,0.3050241071154377,0.3376301323588122,H
2018-19,2019-02-02,Tottenham,Newcastle,H,1.44,4.39,9.48,0.6944444444444444,0.22779043280182235,0.10548523206751054,1.0277201093137773,0.02772010931377733,0.6757135898684851,0.22164637116415004,0.10264003896736482,H
2018-19,2019-02-03,Leicester,Man United,A,3.9,3.61,2.06,0.25641025641025644,0.2770083102493075,0.4854368932038835,1.0188554598634474,0.018855459863447388,0.25166499715732193,0.27188185288464145,0.47645314995803667,A
2018-19,2019-02-03,Man City,Arsenal,H,1.26,7.19,10.35,0.7936507936507936,0.13908205841446453,0.0966183574879227,1.029351209553181,0.029351209553180935,0.7710204119693027,0.13511623353008642,0.09386335450061077,H
2018-19,2019-02-04,West Ham,Liverpool,D,8.97,5.93,1.33,0.11148272017837234,0.16863406408094436,0.7518796992481203,1.031996483507437,0.03199648350743689,0.10802625974022416,0.1634056576508956,0.7285680826088803,A
2018-19,2019-02-06,Everton,Man City,A,9.95,6.15,1.3,0.10050251256281408,0.16260162601626016,0.7692307692307692,1.0323349078098434,0.03233490780984338,0.09735456178270269,0.15750859995738076,0.7451368382599166,A
2018-19,2019-02-09,Brighton,Burnley,A,2.05,3.34,4.29,0.48780487804878053,0.29940119760479045,0.2331002331002331,1.020306308753804,0.020306308753804014,0.4780965028478384,0.29344246432277504,0.22846103282938662,H
2018-19,2019-02-09,Crystal Palace,West Ham,D,1.98,3.6,4.17,0.5050505050505051,0.2777777777777778,0.23980815347721823,1.0226364363055012,0.022636436305501162,0.4938710250488541,0.27162906377686974,0.23449991117427604,H
2018-19,2019-02-09,Fulham,Man United,A,5.1,3.98,1.74,0.19607843137254904,0.25125628140703515,0.5747126436781609,1.022047356457745,0.022047356457745027,0.19184867524350924,0.24583624214620525,0.5623150826102856,A
2018-19,2019-02-09,Huddersfield,Arsenal,A,5.65,3.99,1.67,0.17699115044247787,0.2506265664160401,0.5988023952095809,1.026420112068099,0.02642011206809891,0.17243538816271287,0.24417542434068362,0.5833891874966035,A
2018-19,2019-02-09,Liverpool,Bournemouth,H,1.17,8.75,16.0,0.8547008547008548,0.11428571428571428,0.0625,1.031486568986569,0.0314865689865691,0.8286107453057722,0.11079709394374324,0.06059216075048458,H
2018-19,2019-02-09,Southampton,Cardiff,A,1.86,3.46,5.08,0.5376344086021505,0.28901734104046245,0.19685039370078738,1.0235021433434004,0.023502143343400395,0.5252889914288787,0.28238078729991756,0.19233022127120364,H
2018-19,2019-02-09,Watford,Everton,H,2.56,3.33,3.03,0.390625,0.3003003003003003,0.33003300330033003,1.0209583036006302,0.020958303600630224,0.3826062226266993,0.29413571469199706,0.3232580626813037,H
2018-19,2019-02-10,Man City,Chelsea,H,1.58,4.25,6.44,0.6329113924050632,0.23529411764705882,0.15527950310559005,1.023485013157712,0.02348501315771201,0.6183885296496627,0.22989502984622756,0.1517164405041098,H
2018-19,2019-02-10,Tottenham,Leicester,H,1.78,3.68,5.37,0.5617977528089888,0.2717391304347826,0.186219739292365,1.0197566225361363,0.019756622536136303,0.5509135615239221,0.26647449443276666,0.18261194404331124,H
2018-19,2019-02-11,Wolves,Newcastle,D,1.81,3.52,5.45,0.5524861878453039,0.2840909090909091,0.18348623853211007,1.020063335468323,0.020063335468323062,0.5416194942362583,0.27850320584307603,0.1798772999206656,H
2018-19,2019-02-22,Cardiff,Watford,A,3.15,3.34,2.47,0.31746031746031744,0.29940119760479045,0.4048582995951417,1.0217198146602495,0.021719814660249526,0.31071171656378405,0.29303649915446706,0.39625178428174895,A
2018-19,2019-02-22,West Ham,Fulham,H,2.06,3.47,4.0,0.4854368932038835,0.2881844380403458,0.25,1.0236213312442293,0.02362133124422927,0.4742348350769778,0.28153422485837876,0.24423094006464355,H
2018-19,2019-02-23,Bournemouth,Wolves,D,3.2,3.29,2.46,0.3125,0.303951367781155,0.4065040650406504,1.0229554328218053,0.022955432821805344,0.305487404410155,0.2971306061132207,0.3973819894766244,A
2018-19,2019-02-23,Burnley,Tottenham,H,6.18,3.99,1.64,0.16181229773462785,0.2506265664160401,0.6097560975609756,1.0221949617116435,0.02219496171164348,0.15829886058494813,0.24518470135713769,0.5965164380579142,A
2018-19,2019-02-23,Leicester,Crystal Palace,A,2.3,3.41,3.45,0.4347826086956522,0.29325513196480935,0.2898550724637681,1.0178928131242297,0.017892813124229745,0.4271398747390397,0.28810020876826714,0.2847599164926931,H
2018-19,2019-02-23,Newcastle,Huddersfield,H,1.91,3.39,4.86,0.5235602094240838,0.2949852507374631,0.20576131687242796,1.0243067770339749,0.02430677703397488,0.5111361373007083,0.28798525729921914,0.20087860540007257,H
2018-19,2019-02-24,Arsenal,Southampton,H,1.58,4.14,6.61,0.6329113924050632,0.24154589371980678,0.151285930408472,1.025743216533342,0.025743216533341995,0.6170271294058227,0.2354837836862802,0.1474890869078971,H
2018-19,2019-02-24,Man United,Liverpool,D,3.59,3.45,2.22,0.2785515320334262,0.2898550724637681,0.4504504504504504,1.0188570549476448,0.01885705494764478,0.2733960869984258,0.2844904209635793,0.4421134920379948,A
2018-19,2019-02-26,Cardiff,Everton,A,3.95,3.37,2.12,0.2531645569620253,0.29673590504451036,0.4716981132075471,1.0215985752140828,0.021598575214082816,0.24781216722916136,0.2904623325089577,0.46172550026188086,A
2018-19,2019-02-26,Huddersfield,Wolves,H,5.56,3.62,1.76,0.1798561151079137,0.27624309392265195,0.5681818181818182,1.024281027212384,0.0242810272123839,0.17559254767941793,0.2696946312424209,0.5547128210781611,A
2018-19,2019-02-26,Leicester,Brighton,H,1.82,3.52,5.25,0.5494505494505494,0.2840909090909091,0.19047619047619047,1.024017649017649,0.024017649017648912,0.5365635543270598,0.2774277468395594,0.18600869883338075,H
2018-19,2019-02-26,Newcastle,Burnley,H,2.21,3.23,3.83,0.45248868778280543,0.30959752321981426,0.2610966057441253,1.023182816746745,0.02318281674674494,0.4422364023093285,0.3025828015800669,0.2551807961106047,H
2018-19,2019-02-27,Arsenal,Bournemouth,H,1.4,5.22,8.05,0.7142857142857143,0.19157088122605365,0.12422360248447203,1.03008019799624,0.030080197996239955,0.6934272842786184,0.18597666628162182,0.12059604943975973,H
2018-19,2019-02-27,Chelsea,Tottenham,H,2.38,3.29,3.4,0.42016806722689076,0.303951367781155,0.29411764705882354,1.0182370820668694,0.01823708206686936,0.41264266900790164,0.29850746268656714,0.28884986830553117,H
2018-19,2019-02-27,Crystal Palace,Man United,A,3.31,3.32,2.39,0.3021148036253776,0.30120481927710846,0.41841004184100417,1.0217296647434901,0.02172966474349014,0.2956895684351349,0.2947989372049086,0.40951149435995665,A
2018-19,2019-02-27,Liverpool,Watford,H,1.27,6.0,12.79,0.7874015748031495,0.16666666666666666,0.07818608287724786,1.032254324347064,0.0322543243470641,0.7627980394281301,0.16145891834562087,0.07574304222624906,H
2018-19,2019-02-27,Man City,West Ham,H,1.11,11.44,21.23,0.9009009009009008,0.08741258741258742,0.047103155911446065,1.0354166442249342,0.03541664422493418,0.8700853959859552,0.08442262146367226,0.0454919825503726,H
2018-19,2019-02-27,Southampton,Fulham,H,2.03,3.43,4.2,0.4926108374384237,0.29154518950437314,0.23809523809523808,1.0222512650380349,0.022251265038034873,0.48188821504671375,0.28519914768070803,0.23291263727257827,H
2018-19,2019-03-02,Bournemouth,Man City,A,14.56,8.68,1.18,0.06868131868131867,0.1152073732718894,0.8474576271186441,1.0313463190718521,0.03134631907185215,0.06659384671399962,0.1117058073912252,0.8217003458947753,A
2018-19,2019-03-02,Brighton,Huddersfield,H,1.78,3.44,5.83,0.5617977528089888,0.29069767441860467,0.17152658662092624,1.0240220138485197,0.024022013848519652,0.5486188238254942,0.2838783448864476,0.16750283128805826,H
2018-19,2019-03-02,Burnley,Crystal Palace,A,2.95,3.26,2.66,0.3389830508474576,0.3067484662576687,0.37593984962406013,1.0216713667291866,0.02167136672918657,0.3317926506374447,0.3002418157608779,0.36796553360167733,A
2018-19,2019-03-02,Man United,Southampton,H,1.47,4.55,7.8,0.6802721088435374,0.21978021978021978,0.12820512820512822,1.0282574568288854,0.028257456828885363,0.6615776081424937,0.21374045801526717,0.1246819338422392,H
2018-19,2019-03-02,Tottenham,Arsenal,D,2.02,3.59,4.07,0.49504950495049505,0.2785515320334262,0.24570024570024568,1.019301282684167,0.019301282684166976,0.4856753477704466,0.2732769366284964,0.24104771560105698,H
2018-19,2019-03-02,West Ham,Newcastle,H,2.18,3.42,3.74,0.4587155963302752,0.29239766081871343,0.267379679144385,1.0184929362933737,0.018492936293373674,0.4503866251637347,0.2870885505429654,0.2625248242932999,H
2018-19,2019-03-02,Wolves,Cardiff,H,1.78,3.55,5.59,0.5617977528089888,0.28169014084507044,0.17889087656529518,1.0223787702193545,0.022378770219354527,0.5495006050335468,0.2755242470309051,0.17497514793554797,H
2018-19,2019-03-03,Everton,Liverpool,D,6.44,4.09,1.61,0.15527950310559005,0.24449877750611249,0.6211180124223602,1.0208962930340628,0.02089629303406282,0.15210115284492376,0.23949423577538118,0.608404611379695,A
2018-19,2019-03-03,Fulham,Chelsea,A,8.62,4.85,1.43,0.1160092807424594,0.2061855670103093,0.6993006993006994,1.0214955470534681,0.021495547053468123,0.11356807288792531,0.2018467604729724,0.6845851666391023,A
2018-19,2019-03-03,Watford,Leicester,H,2.83,3.32,2.75,0.35335689045936397,0.30120481927710846,0.36363636363636365,1.0181980733728362,0.018198073372836188,0.3470414054986867,0.29582143902448294,0.3571371554768303,A
2018-19,2019-03-09,Cardiff,West Ham,H,3.01,3.46,2.5,0.33222591362126247,0.28901734104046245,0.4,1.021243254661725,0.021243254661724942,0.32531516081475464,0.2830053855642808,0.39167945362096457,A
2018-19,2019-03-09,Crystal Palace,Brighton,A,1.89,3.32,5.25,0.5291005291005292,0.30120481927710846,0.19047619047619047,1.0207815388538282,0.020781538853828163,0.5183288578030351,0.2950727533878723,0.18659838880909257,H
2018-19,2019-03-09,Huddersfield,Bournemouth,A,3.15,3.32,2.48,0.31746031746031744,0.30120481927710846,0.40322580645161293,1.0218909431890388,0.021890943189038836,0.310659683967461,0.2947524109932236,0.3945879050393154,A
2018-19,2019-03-09,Leicester,Fulham,H,1.6,4.36,5.9,0.625,0.2293577981651376,0.1694915254237288,1.0238493235888664,0.023849323588866378,0.6104413858566683,0.22401518747033697,0.1655434266729948,H
2018-19,2019-03-09,Man City,Watford,H,1.11,11.44,21.87,0.9009009009009008,0.08741258741258742,0.04572473708276177,1.03403822539625,0.0340382253962499,0.871245258419407,0.0845351605634215,0.04421958101717155,H
2018-19,2019-03-09,Newcastle,Everton,H,2.73,3.1,3.0,0.3663003663003663,0.3225806451612903,0.3333333333333333,1.0222143447949898,0.02221434479498985,0.3583400762917582,0.3155704542827419,0.32608946942549993,H
2018-19,2019-03-09,Southampton,Tottenham,H,4.5,3.87,1.84,0.2222222222222222,0.25839793281653745,0.5434782608695652,1.0240984159083248,0.024098415908324844,0.21699303384345345,0.252317481213318,0.5306894849432285,A
2018-19,2019-03-10,Arsenal,Man United,H,2.42,3.54,3.09,0.4132231404958678,0.2824858757062147,0.3236245954692557,1.019333611671338,0.01933361167133807,0.40538557324557506,0.2771279907497999,0.31748643600462517,H
2018-19,2019-03-10,Chelsea,Wolves,D,1.61,3.89,7.04,0.6211180124223602,0.2570694087403599,0.14204545454545456,1.0202328757081747,0.02023287570817467,0.6088002329774203,0.25197130465132306,0.13922846237125666,H
2018-19,2019-03-10,Liverpool,Burnley,H,1.17,8.19,17.08,0.8547008547008548,0.12210012210012211,0.0585480093676815,1.0353489861686584,0.03534898616865845,0.8255195746737554,0.11793136781053648,0.056549057515708066,H
2018-19,2019-03-16,Bournemouth,Newcastle,D,2.14,3.56,3.64,0.4672897196261682,0.2808988764044944,0.2747252747252747,1.0229138707559373,0.022913870755937316,0.45682215578994867,0.27460657679508155,0.2685712674149698,H
2018-19,2019-03-16,Burnley,Leicester,A,3.22,3.33,2.43,0.3105590062111801,0.3003003003003003,0.4115226337448559,1.0223819402563363,0.02238194025633633,0.3037602621710193,0.29372613939660125,0.40251359843237944,A
2018-19,2019-03-16,West Ham,Huddersfield,H,1.53,4.35,6.93,0.6535947712418301,0.2298850574712644,0.14430014430014432,1.0277799730132389,0.027779973013238868,0.6359286894116306,0.22367147006891838,0.14039984051945092,H
2018-19,2019-03-17,Everton,Chelsea,H,4.68,3.75,1.85,0.2136752136752137,0.26666666666666666,0.5405405405405405,1.0208824208824208,0.02088242088242076,0.20930443046567412,0.26121192922116127,0.5294836403131646,A
2018-19,2019-03-17,Fulham,Liverpool,A,13.07,8.33,1.2,0.07651109410864575,0.12004801920768307,0.8333333333333334,1.0298924466496622,0.029892446649662174,0.0742903730943397,0.11656364661981032,0.80914598028585,A
2018-19,2019-03-30,Brighton,Southampton,A,2.56,3.08,3.27,0.390625,0.3246753246753247,0.3058103975535168,1.0211107222288414,0.02111072222884136,0.38254911195855307,0.3179628982512649,0.2994879897901822,H
2018-19,2019-03-30,Burnley,Wolves,H,2.89,3.16,2.78,0.3460207612456747,0.3164556962025316,0.3597122302158274,1.0221886876640336,0.02218868766403359,0.3385096757785707,0.30958638069622446,0.3519039435252049,A
2018-19,2019-03-30,Crystal Palace,Huddersfield,H,1.47,4.42,8.32,0.6802721088435374,0.22624434389140272,0.12019230769230768,1.0267087604272478,0.02670876042724779,0.6625755375462594,0.220358832622851,0.11706562983088958,H
2018-19,2019-03-30,Fulham,Man City,A,18.37,12.03,1.12,0.05443658138268916,0.0831255195344971,0.8928571428571428,1.0304192437743291,0.03041924377432914,0.05282954652835584,0.08067155193066475,0.8664989015409793,A
2018-19,2019-03-30,Leicester,Bournemouth,H,1.83,3.93,4.45,0.5464480874316939,0.2544529262086514,0.2247191011235955,1.025620114763941,0.025620114763940993,0.5327977479824152,0.2480966612742544,0.2191055907433303,H
2018-19,2019-03-30,Man United,Watford,H,1.41,5.22,7.95,0.7092198581560284,0.19157088122605365,0.12578616352201258,1.0265769029040945,0.026576902904094535,0.6908589664833766,0.18661133002711897,0.12252970348950452,H
2018-19,2019-03-30,West Ham,Everton,A,2.77,3.35,2.78,0.36101083032490977,0.29850746268656714,0.3597122302158274,1.0192305232273042,0.01923052322730423,0.3541993907146742,0.2928753170984022,0.3529252921869236,H
2018-19,2019-03-31,Cardiff,Chelsea,A,9.28,4.7,1.42,0.10775862068965518,0.2127659574468085,0.7042253521126761,1.0247499302491399,0.02474993024913985,0.10515601661320106,0.20762719875968208,0.6872167846271168,A
2018-19,2019-03-31,Liverpool,Tottenham,H,1.58,4.42,6.04,0.6329113924050632,0.22624434389140272,0.16556291390728478,1.0247186502037506,0.024718650203750636,0.6176440648164429,0.22078679240044793,0.16156914278310927,H
2018-19,2019-04-01,Arsenal,Newcastle,H,1.46,4.66,8.19,0.684931506849315,0.2145922746781116,0.12210012210012211,1.0216239036275487,0.021623903627548735,0.6704341043874196,0.21005017004412715,0.11951572556845332,H
2018-19,2019-04-02,Watford,Fulham,H,1.76,3.84,5.09,0.5681818181818182,0.2604166666666667,0.19646365422396858,1.0250621390724535,0.02506213907245347,0.5542901220563546,0.25404963927582924,0.19166023866781615,H
2018-19,2019-04-02,Wolves,Man United,H,3.19,3.18,2.53,0.31347962382445144,0.31446540880503143,0.3952569169960475,1.0232019496255305,0.02320194962553046,0.3063712143425627,0.30733464583420594,0.38629413982323124,A
2018-19,2019-04-03,Chelsea,Brighton,H,1.3,5.54,12.69,0.7692307692307692,0.18050541516245489,0.07880220646178093,1.028538390855005,0.02853839085500498,0.7478872700039148,0.17549701281680313,0.07661571717928206,H
2018-19,2019-04-03,Man City,Cardiff,H,1.08,14.62,25.88,0.9259259259259258,0.06839945280437756,0.03863987635239567,1.032965255082699,0.032965255082699096,0.8963766412954483,0.06621660551293326,0.0374067531916184,H
2018-19,2019-04-03,Tottenham,Crystal Palace,H,1.47,4.63,7.59,0.6802721088435374,0.2159827213822894,0.13175230566534915,1.028007135891176,0.028007135891175983,0.6617387030624177,0.21009846511916933,0.12816283181841293,H
2018-19,2019-04-05,Southampton,Liverpool,A,8.81,5.24,1.39,0.11350737797956867,0.19083969465648853,0.7194244604316548,1.023771533067712,0.02377153306771196,0.11087178566046466,0.18640847932608656,0.7027197350134488,A
2018-19,2019-04-06,Bournemouth,Burnley,A,2.1,3.51,3.83,0.47619047619047616,0.2849002849002849,0.2610966057441253,1.0221873668348864,0.022187366834886424,0.4658543938622116,0.27871630402012665,0.2554293021176617,H
2018-19,2019-04-06,Huddersfield,Leicester,A,5.42,4.08,1.67,0.18450184501845018,0.24509803921568626,0.5988023952095809,1.0284022794437173,0.028402279443717315,0.17940629723054563,0.23832895367391108,0.5822647490955434,A
2018-19,2019-04-06,Newcastle,Crystal Palace,A,2.81,3.15,2.87,0.35587188612099646,0.31746031746031744,0.3484320557491289,1.0217642593304428,0.021764259330442792,0.34829157789703624,0.31069820123513386,0.34101022086782984,H
2018-19,2019-04-07,Everton,Arsenal,H,2.82,3.6,2.59,0.3546099290780142,0.2777777777777778,0.3861003861003861,1.018488092956178,0.018488092956177926,0.348172876571147,0.2727354199807318,0.3790917034481214,A
2018-19,2019-04-08,Chelsea,West Ham,H,1.25,6.86,13.14,0.8,0.14577259475218657,0.076103500761035,1.0218760955132216,0.02187609551322156,0.7828737784478776,0.14265192755974443,0.074474293992378,H
2018-19,2019-04-12,Leicester,Newcastle,A,1.68,3.86,5.98,0.5952380952380952,0.2590673575129534,0.16722408026755853,1.0215295330186072,0.02152953301860716,0.5826929873277124,0.25360731054677643,0.1636997021255112,H
2018-19,2019-04-13,Brighton,Bournemouth,A,2.35,3.29,3.42,0.425531914893617,0.303951367781155,0.29239766081871343,1.0218809434934855,0.02188094349348546,0.41642024699947816,0.29744303357105584,0.286136719429466,H
2018-19,2019-04-13,Burnley,Cardiff,H,1.88,3.57,4.76,0.5319148936170213,0.2801120448179272,0.21008403361344538,1.0221109720483939,0.02211097204839385,0.5204081632653061,0.27405247813411077,0.2055393586005831,H
2018-19,2019-04-13,Fulham,Everton,H,4.88,4.2,1.72,0.20491803278688525,0.23809523809523808,0.5813953488372093,1.0244086197193327,0.024408619719332725,0.20003544371095652,0.23242213459749234,0.5675424216915511,A
2018-19,2019-04-13,Man United,West Ham,H,1.33,5.93,9.7,0.7518796992481203,0.16863406408094436,0.10309278350515465,1.0236065468342193,0.023606546834219255,0.7345397521865331,0.164745003441499,0.10071524437196795,H
2018-19,2019-04-13,Southampton,Wolves,H,2.79,3.17,2.87,0.35842293906810035,0.31545741324921134,0.3484320557491289,1.0223124080664405,0.022312408066440526,0.3506002042428564,0.3085724195071196,0.34082737625002407,H
2018-19,2019-04-13,Tottenham,Huddersfield,H,1.2,7.01,17.59,0.8333333333333334,0.14265335235378032,0.05685048322910745,1.032837168916221,0.032837168916221016,0.8068390240135999,0.13811794990247073,0.0550430260839295,H
2018-19,2019-04-14,Crystal Palace,Man City,A,13.3,7.06,1.24,0.07518796992481203,0.141643059490085,0.8064516129032259,1.023282642318123,0.023282642318122937,0.0734772259543881,0.1384202698574167,0.7881025041881952,A
2018-19,2019-04-14,Liverpool,Chelsea,H,1.75,3.81,5.4,0.5714285714285714,0.26246719160104987,0.18518518518518517,1.0190809482148064,0.019080948214806437,0.5607293242304076,0.2575528392134418,0.1817178365561506,H
2018-19,2019-04-15,Watford,Arsenal,A,3.63,3.74,2.09,0.27548209366391185,0.267379679144385,0.47846889952153115,1.021330672329828,0.021330672329828104,0.26972860125260956,0.261795407098121,0.4684759916492693,A
2018-19,2019-04-16,Brighton,Cardiff,A,2.02,3.26,4.51,0.49504950495049505,0.3067484662576687,0.22172949002217296,1.0235274612303367,0.023527461230336666,0.4836699782880453,0.2996973485097704,0.21663267320218438,H
2018-19,2019-04-20,Bournemouth,Fulham,A,1.76,4.09,4.66,0.5681818181818182,0.24449877750611249,0.2145922746781116,1.0272728703660423,0.027272870366042312,0.5530972680894037,0.2380076263661004,0.20889510554449583,H
2018-19,2019-04-20,Huddersfield,Watford,A,4.08,3.54,2.0,0.24509803921568626,0.2824858757062147,0.5,1.0275839149219008,0.02758391492190082,0.23851875808538164,0.2749029754204399,0.48657826649417857,A
2018-19,2019-04-20,Man City,Tottenham,H,1.27,6.62,11.39,0.7874015748031495,0.1510574018126888,0.08779631255487269,1.026255289170711,0.02625528917071107,0.7672570198779948,0.14719281197055187,0.08555016815145333,H
2018-19,2019-04-20,Newcastle,Southampton,H,2.52,3.06,3.38,0.3968253968253968,0.32679738562091504,0.2958579881656805,1.0194807706119924,0.019480770611992382,0.389242650047419,0.32055277062728627,0.2902045793252947,H
2018-19,2019-04-20,West Ham,Leicester,D,3.29,3.64,2.25,0.303951367781155,0.2747252747252747,0.4444444444444444,1.0231210869508742,0.023121086950874226,0.2970824975243125,0.26851687276235936,0.43440062971332805,A
2018-19,2019-04-20,Wolves,Brighton,D,1.96,3.17,5.02,0.5102040816326531,0.31545741324921134,0.19920318725099603,1.0248646821328604,0.024864682132860416,0.4978258013251663,0.3078039654881154,0.19437023318671834,H
2018-19,2019-04-21,Arsenal,Crystal Palace,A,1.52,4.7,6.55,0.6578947368421053,0.2127659574468085,0.15267175572519084,1.0233324500141046,0.023332450014104555,0.6428944345828549,0.20791479586509345,0.1491907695520518,H
2018-19,2019-04-21,Cardiff,Liverpool,A,14.55,8.03,1.19,0.06872852233676975,0.12453300124533002,0.8403361344537815,1.0335976580358812,0.03359765803588122,0.06649446407161252,0.12048498782589818,0.8130205481024894,A
2018-19,2019-04-21,Everton,Man United,H,3.17,3.55,2.37,0.31545741324921134,0.28169014084507044,0.42194092827004215,1.019088482364324,0.019088482364324033,0.30954860025239234,0.27641382050706587,0.41403757924054163,A
2018-19,2019-04-22,Chelsea,Burnley,D,1.24,6.46,14.91,0.8064516129032259,0.15479876160990713,0.0670690811535882,1.0283194556667212,0.028319455666721227,0.784242297915442,0.15053567328407863,0.0652220288004794,H
2018-19,2019-04-23,Tottenham,Brighton,H,1.26,6.34,13.48,0.7936507936507936,0.15772870662460567,0.07418397626112759,1.025563476536527,0.025563476536526908,0.7738680362634058,0.15379711761701756,0.07233484611957651,H
2018-19,2019-04-23,Watford,Southampton,D,2.23,3.5,3.52,0.4484304932735426,0.2857142857142857,0.2840909090909091,1.0182356880787375,0.018235688078737544,0.4403995052654908,0.28059739906915554,0.2790030956653536,H
2018-19,2019-04-24,Man United,Man City,A,6.85,4.78,1.5,0.14598540145985403,0.20920502092050208,0.6666666666666666,1.0218570890470229,0.021857089047022882,0.14286283573762654,0.20473021439387898,0.6524069498684943,A
2018-19,2019-04-24,Wolves,Arsenal,H,2.77,3.45,2.72,0.36101083032490977,0.2898550724637681,0.3676470588235294,1.0185129616122073,0.01851296161220728,0.35444893087414875,0.2845865329047513,0.3609645362211,A
2018-19,2019-04-26,Liverpool,Huddersfield,H,1.08,14.1,34.97,0.9259259259259258,0.07092198581560284,0.028595939376608523,1.0254438511181372,0.025443851118137184,0.9029513658074036,0.06916223227460966,0.027886401917986733,H
2018-19,2019-04-27,Brighton,Newcastle,D,2.25,3.29,3.68,0.4444444444444444,0.303951367781155,0.2717391304347826,1.0201349426603818,0.02013494266038185,0.435672209487688,0.29795211895054646,0.2663756715617657,H
2018-19,2019-04-27,Crystal Palace,Everton,D,3.05,3.49,2.46,0.3278688524590164,0.28653295128939826,0.4065040650406504,1.020905868789065,0.020905868789065085,0.3211548316867979,0.2806653973194079,0.39817977099379415,A
2018-19,2019-04-27,Fulham,Cardiff,H,2.21,3.69,3.35,0.45248868778280543,0.2710027100271003,0.29850746268656714,1.021998860496473,0.021998860496472927,0.44274872044670643,0.26516928785561555,0.29208199169767796,H
2018-19,2019-04-27,Southampton,Bournemouth,D,1.81,3.97,4.58,0.5524861878453039,0.2518891687657431,0.2183406113537118,1.0227159679647588,0.022715967964758832,0.5402146882919713,0.24629435410792644,0.2134909576001022,H
2018-19,2019-04-27,Tottenham,West Ham,A,1.36,5.55,8.95,0.7352941176470588,0.1801801801801802,0.111731843575419,1.027206141402658,0.02720614140265809,0.7158194329358358,0.17540800518788055,0.10877256187628345,H
2018-19,2019-04-27,Watford,Wolves,A,2.73,3.26,2.87,0.3663003663003663,0.3067484662576687,0.3484320557491289,1.021480888307164,0.021480888307163992,0.35859737611676007,0.30029780269900463,0.3411048211842352,H
2018-19,2019-04-28,Burnley,Man City,A,18.2,9.44,1.16,0.054945054945054944,0.10593220338983052,0.8620689655172414,1.022946223852127,0.022946223852126968,0.053712554642557225,0.10355598458628619,0.8427314607711566,A
2018-19,2019-04-28,Leicester,Arsenal,H,2.6,3.65,2.77,0.3846153846153846,0.273972602739726,0.36101083032490977,1.0195988176800204,0.019598817680020364,0.3772222740416006,0.2687062773994963,0.3540714485589031,H
2018-19,2019-04-28,Man United,Chelsea,D,2.77,3.38,2.76,0.36101083032490977,0.2958579881656805,0.3623188405797102,1.0191876590703004,0.0191876590703004,0.3542142873415703,0.29028804021779575,0.35549767244063396,A
2018-19,2019-05-03,Everton,Burnley,H,1.71,3.85,5.56,0.5847953216374269,0.2597402597402597,0.1798561151079137,1.0243916964856004,0.024391696485600356,0.5708708140096167,0.2535556083003752,0.17557357769000803,H
2018-19,2019-05-04,Bournemouth,Tottenham,H,5.99,4.75,1.54,0.1669449081803005,0.21052631578947367,0.6493506493506493,1.0268218733204235,0.026821873320423517,0.16258409809722152,0.20502710475839092,0.6323887971443876,A
2018-19,2019-05-04,Cardiff,Crystal Palace,A,2.53,3.79,2.75,0.3952569169960475,0.2638522427440633,0.36363636363636365,1.0227455233764746,0.02274552337647462,0.38646653342578613,0.25798425582249046,0.35554921075172324,H
2018-19,2019-05-04,Newcastle,Liverpool,A,9.8,5.56,1.34,0.1020408163265306,0.1798561151079137,0.7462686567164178,1.0281655881508622,0.02816558815086223,0.09924550821628762,0.17492913318698183,0.7258253585967305,A
2018-19,2019-05-04,West Ham,Southampton,H,2.4,3.69,3.0,0.4166666666666667,0.2710027100271003,0.3333333333333333,1.0210027100271002,0.02100271002710019,0.4080955540809556,0.26542800265428007,0.32647644326476444,H
2018-19,2019-05-04,Wolves,Fulham,H,1.52,4.39,7.01,0.6578947368421053,0.22779043280182235,0.14265335235378032,1.028338521997708,0.02833852199770792,0.6397647494173827,0.22151307952492522,0.1387221710576921,H
2018-19,2019-05-05,Arsenal,Brighton,D,1.27,6.31,12.29,0.7874015748031495,0.1584786053882726,0.08136696501220506,1.0272471452036271,0.027247145203627143,0.7665161966909785,0.1542750506810686,0.07920875262795303,H
2018-19,2019-05-05,Chelsea,Watford,H,1.31,5.98,10.83,0.7633587786259541,0.16722408026755853,0.09233610341643582,1.0229189623099484,0.022918962309948387,0.7462553797049013,0.16347734906578942,0.09026727122930939,H
2018-19,2019-05-05,Huddersfield,Man United,D,9.96,5.76,1.33,0.1004016064257028,0.1736111111111111,0.7518796992481203,1.0258924167849341,0.025892416784934147,0.09786757829866168,0.16922935414143583,0.7329030675599025,A
2018-19,2019-05-06,Man City,Leicester,H,1.17,9.36,15.0,0.8547008547008548,0.10683760683760685,0.06666666666666667,1.0282051282051283,0.028205128205128327,0.8312551953449708,0.10390689941812135,0.06483790523690772,H
2018-19,2019-05-12,Brighton,Man City,A,13.17,7.24,1.22,0.07593014426727411,0.13812154696132597,0.819672131147541,1.0337238223761411,0.03372382237614113,0.0734530274176514,0.1336155208688493,0.7929314517134992,A
2018-19,2019-05-12,Burnley,Arsenal,A,2.52,3.69,2.8,0.3968253968253968,0.2710027100271003,0.35714285714285715,1.0249709639953544,0.024970963995354367,0.38715769593956556,0.26440037771482533,0.34844192634560905,H
2018-19,2019-05-12,Crystal Palace,Bournemouth,H,1.79,4.4,4.16,0.5586592178770949,0.22727272727272727,0.24038461538461536,1.0263165605344375,0.02631656053443754,0.5443342135940809,0.2214450550757738,0.23422073133014537,H
2018-19,2019-05-12,Fulham,Newcastle,A,2.49,3.55,2.93,0.4016064257028112,0.28169014084507044,0.341296928327645,1.0245934948755266,0.024593494875526645,0.39196659720311866,0.27492868367204665,0.33310471912483464,H
2018-19,2019-05-12,Leicester,Chelsea,D,2.42,3.63,2.98,0.4132231404958678,0.27548209366391185,0.33557046979865773,1.0242757039584374,0.024275703958437367,0.40342960288808666,0.26895306859205775,0.3276173285198556,H
2018-19,2019-05-12,Liverpool,Wolves,H,1.32,5.89,9.48,0.7575757575757576,0.16977928692699493,0.10548523206751054,1.0328402765702631,0.032840276570263116,0.7334878148743654,0.16438097039629246,0.10213121472934202,H
2018-19,2019-05-12,Man United,Cardiff,A,1.3,6.06,9.71,0.7692307692307692,0.16501650165016502,0.10298661174047373,1.0372338826214078,0.03723388262140781,0.7416174713524469,0.15909285689078895,0.09928967175676426,H
2018-19,2019-05-12,Southampton,Huddersfield,D,1.37,5.36,8.49,0.7299270072992701,0.18656716417910446,0.11778563015312131,1.0342798016314958,0.0342798016314958,0.7057345663599609,0.18038364849125865,0.11388178514878049,H
2018-19,2019-05-12,Tottenham,Everton,D,1.91,3.81,4.15,0.5235602094240838,0.26246719160104987,0.24096385542168672,1.0269912564468202,0.02699125644682021,0.509800065129566,0.25556906152164593,0.23463087334878818,H
2018-19,2019-05-12,Watford,West Ham,A,2.11,3.86,3.41,0.47393364928909953,0.2590673575129534,0.29325513196480935,1.0262561387668623,0.02625613876686228,0.4618083452914326,0.25243927683029094,0.28575237787827645,H
2019-20,2019-08-09,Liverpool,Norwich,H,1.14,10.43,19.63,0.8771929824561404,0.09587727708533078,0.05094243504839532,1.0240126945898664,0.024012694589866435,0.8566231523208512,0.09362899267936436,0.049747854999784534,H
2019-20,2019-08-10,West Ham,Man City,A,11.11,6.68,1.27,0.09000900090009001,0.14970059880239522,0.7874015748031495,1.0271111745056347,0.027111174505634716,0.08763316292748231,0.14574916768328272,0.766617669389235,A
2019-20,2019-08-10,Bournemouth,Sheffield United,D,1.98,3.67,4.06,0.5050505050505051,0.2724795640326976,0.24630541871921185,1.0238354878024145,0.023835487802414512,0.49329263447837485,0.26613608072675266,0.2405712847948725,H
2019-20,2019-08-10,Burnley,Southampton,H,2.71,3.19,2.9,0.36900369003690037,0.31347962382445144,0.3448275862068966,1.0273109000682483,0.027310900068248323,0.3591937844837293,0.30514581691250986,0.33566039860376085,H
2019-20,2019-08-10,Crystal Palace,Everton,D,3.37,3.45,2.27,0.29673590504451036,0.2898550724637681,0.44052863436123346,1.0271196118695118,0.02711961186951184,0.28890102147344504,0.2822018673523217,0.4288971111742334,A
2019-20,2019-08-10,Watford,Brighton,A,2.05,3.38,4.12,0.48780487804878053,0.2958579881656805,0.24271844660194175,1.0263813128164028,0.02638131281640277,0.4752667180876842,0.2882534828638321,0.23647979904848362,H
2019-20,2019-08-10,Tottenham,Aston Villa,H,1.39,5.35,8.42,0.7194244604316548,0.1869158878504673,0.11876484560570072,1.0251051938878228,0.02510519388782284,0.7018054973491641,0.1823382507131473,0.1158562519376886,H
2019-20,2019-08-11,Leicester,Wolves,D,2.5,3.12,3.3,0.4,0.3205128205128205,0.30303030303030304,1.0235431235431236,0.0235431235431236,0.3907993623320428,0.31314051468913684,0.2960601229788203,H
2019-20,2019-08-11,Newcastle,Arsenal,A,3.36,3.56,2.25,0.2976190476190476,0.2808988764044944,0.4444444444444444,1.0229623684679865,0.022962368467986494,0.29093841258771735,0.274593557947958,0.4344680294643246,A
2019-20,2019-08-11,Man United,Chelsea,H,2.04,3.44,4.14,0.49019607843137253,0.29069767441860467,0.24154589371980678,1.022439646569784,0.022439646569784033,0.4794376666397349,0.28431768603054053,0.2362446473297245,H
2019-20,2019-08-17,Arsenal,Burnley,H,1.38,5.35,8.78,0.7246376811594204,0.1869158878504673,0.11389521640091117,1.025448785410799,0.02544878541079898,0.706654190310565,0.1822771556315102,0.11106865405792478,H
2019-20,2019-08-17,Aston Villa,Bournemouth,A,2.3,3.69,3.11,0.4347826086956522,0.2710027100271003,0.3215434083601286,1.0273287270828813,0.027328727082881255,0.4232166367334294,0.2637935676116227,0.3129897956549478,H
2019-20,2019-08-17,Brighton,West Ham,D,2.22,3.6,3.34,0.4504504504504504,0.2777777777777778,0.29940119760479045,1.0276294258330188,0.02762942583301875,0.43833938492497476,0.27030928737040116,0.291351327704624,H
2019-20,2019-08-17,Everton,Watford,H,1.85,3.66,4.64,0.5405405405405405,0.27322404371584696,0.21551724137931036,1.0292818256356977,0.0292818256356977,0.5251628145738371,0.26545114944305975,0.2093860359831032,H
2019-20,2019-08-17,Norwich,Newcastle,H,2.14,3.57,3.58,0.4672897196261682,0.2801120448179272,0.27932960893854747,1.0267313733826429,0.026731373382642865,0.45512363967865077,0.27281921258047975,0.2720571477408695,H
2019-20,2019-08-17,Southampton,Liverpool,A,6.43,4.57,1.53,0.15552099533437014,0.2188183807439825,0.6535947712418301,1.0279341473201828,0.027934147320182845,0.15129470670841347,0.2128719833993651,0.6358333098922213,A
2019-20,2019-08-17,Man City,Tottenham,D,1.37,5.63,8.39,0.7299270072992701,0.17761989342806395,0.11918951132300357,1.0267364120503375,0.0267364120503375,0.7109195687738833,0.172994637516913,0.11608579370920381,H
2019-20,2019-08-18,Sheffield United,Crystal Palace,H,2.51,3.33,3.08,0.39840637450199207,0.3003003003003003,0.3246753246753247,1.023381999477617,0.023381999477616988,0.38930367614962713,0.2934391072479171,0.3172572166024558,H
2019-20,2019-08-18,Chelsea,Leicester,D,1.73,3.9,5.23,0.5780346820809249,0.25641025641025644,0.19120458891013384,1.0256495274013153,0.02564952740131532,0.5635791433994899,0.24999792771310705,0.18642292888740294,H
2019-20,2019-08-19,Wolves,Man United,D,2.98,3.32,2.56,0.33557046979865773,0.30120481927710846,0.390625,1.027400289075766,0.027400289075766082,0.32662096104774496,0.2931718264826145,0.3802072124696406,A
2019-20,2019-08-23,Aston Villa,Everton,H,3.1,3.41,2.43,0.3225806451612903,0.29325513196480935,0.4115226337448559,1.0273584108709555,0.027358410870955474,0.3139903676729708,0.28544578879360977,0.4005638435334195,A
2019-20,2019-08-24,Norwich,Chelsea,A,4.17,3.91,1.89,0.23980815347721823,0.2557544757033248,0.5291005291005292,1.0246631582810721,0.02466315828107213,0.23403608448215255,0.24959858626357445,0.5163653292542731,A
2019-20,2019-08-24,Brighton,Southampton,A,2.33,3.26,3.44,0.4291845493562232,0.3067484662576687,0.29069767441860467,1.0266306900324966,0.02663069003249663,0.41805154815958007,0.2987914439300066,0.28315700791041326,H
2019-20,2019-08-24,Man United,Crystal Palace,A,1.37,5.33,9.23,0.7299270072992701,0.18761726078799248,0.10834236186348863,1.0258866299507512,0.025886629950751194,0.7115084513132909,0.18288303532818168,0.10560851335852746,H
2019-20,2019-08-24,Sheffield United,Leicester,A,3.19,3.28,2.44,0.31347962382445144,0.3048780487804878,0.4098360655737705,1.0281937381787096,0.028193738178709626,0.30488380952380956,0.29651809523809525,0.3985980952380953,A
2019-20,2019-08-24,Watford,West Ham,A,2.16,3.61,3.48,0.4629629629629629,0.2770083102493075,0.28735632183908044,1.027327595051351,0.02732759505135096,0.45064784124661006,0.26963970556583877,0.27971245318755106,H
2019-20,2019-08-24,Liverpool,Arsenal,H,1.46,5.12,6.74,0.684931506849315,0.1953125,0.14836795252225518,1.0286119593715701,0.028611959371570128,0.6658793927184878,0.1898796705798813,0.1442409367016309,H
2019-20,2019-08-25,Bournemouth,Man City,A,17.0,9.5,1.16,0.058823529411764705,0.10526315789473684,0.8620689655172414,1.026155652823743,0.026155652823742992,0.057324178110694964,0.10258010819808572,0.8400957136912193,A
2019-20,2019-08-25,Tottenham,Newcastle,A,1.28,6.21,11.48,0.78125,0.1610305958132045,0.08710801393728222,1.0293886097504867,0.02938860975048674,0.7589456426852896,0.15643324036025294,0.08462111695445737,H
2019-20,2019-08-25,Wolves,Burnley,D,1.78,3.51,5.6,0.5617977528089888,0.2849002849002849,0.17857142857142858,1.0252694662807023,0.025269466280702257,0.5479513155180392,0.277878444906584,0.17417023957537675,H
2019-20,2019-08-31,Southampton,Man United,D,4.12,3.59,1.99,0.24271844660194175,0.2785515320334262,0.5025125628140703,1.0237825414494384,0.023782541449438366,0.2370800797777903,0.2720807600792468,0.4908391601429628,A
2019-20,2019-08-31,Chelsea,Sheffield United,D,1.44,4.65,8.21,0.6944444444444444,0.2150537634408602,0.12180267965895249,1.031300887544257,0.03130088754425708,0.6733674457490886,0.2085266928771371,0.11810586137377437,H
2019-20,2019-08-31,Crystal Palace,Aston Villa,H,2.29,3.39,3.4,0.4366812227074236,0.2949852507374631,0.29411764705882354,1.0257841205037104,0.025784120503710373,0.42570479887424234,0.28757049835457665,0.2867247027711809,H
2019-20,2019-08-31,Leicester,Bournemouth,H,1.68,4.03,5.4,0.5952380952380952,0.24813895781637715,0.18518518518518517,1.0285622382396575,0.028562238239657534,0.5787088744934104,0.2412483645530842,0.18004276095350544,H
2019-20,2019-08-31,Man City,Brighton,H,1.09,13.06,35.17,0.9174311926605504,0.07656967840735068,0.028433323855558714,1.0224341949234599,0.022434194923459883,0.8973009678429524,0.07488959073114992,0.02780944142589759,H
2019-20,2019-08-31,Newcastle,Watford,D,2.53,3.21,3.13,0.3952569169960475,0.3115264797507788,0.3194888178913738,1.0262722146382,0.026272214638199953,0.3851384762817442,0.30355150934355535,0.3113100143747005,H
2019-20,2019-08-31,West Ham,Norwich,H,1.93,4.12,3.8,0.5181347150259068,0.24271844660194175,0.2631578947368421,1.0240110563646907,0.024011056364690697,0.5059854694004189,0.23702717377252627,0.2569873568270548,H
2019-20,2019-08-31,Burnley,Liverpool,A,9.22,5.77,1.34,0.10845986984815617,0.1733102253032929,0.7462686567164178,1.0280387518678669,0.028038751867866862,0.1055017329367137,0.16858335834948016,0.7259149087138063,A
2019-20,2019-09-01,Everton,Wolves,H,2.08,3.29,4.19,0.4807692307692307,0.303951367781155,0.2386634844868735,1.0233840830372594,0.023384083037259362,0.46978376812581996,0.29700615127711416,0.23321008059706577,H
2019-20,2019-09-01,Arsenal,Tottenham,D,2.59,3.7,2.72,0.3861003861003861,0.27027027027027023,0.3676470588235294,1.0240177151941858,0.02401771519418583,0.37704463543110617,0.26393124480177427,0.35902411976711945,H
2019-20,2019-09-14,Liverpool,Newcastle,H,1.21,7.29,14.23,0.8264462809917356,0.13717421124828533,0.07027406886858749,1.0338945611086083,0.033894561108608334,0.7993525762487489,0.13267717657901043,0.06797024717224076,H
2019-20,2019-09-14,Brighton,Burnley,D,2.15,3.44,3.68,0.46511627906976744,0.29069767441860467,0.2717391304347826,1.0275530839231548,0.02755308392315481,0.4526445264452644,0.2829028290282903,0.26445264452644524,H
2019-20,2019-09-14,Man United,Leicester,H,2.19,3.37,3.66,0.4566210045662101,0.29673590504451036,0.27322404371584696,1.0265809533265675,0.026580953326567514,0.4447978535804312,0.2890526110804582,0.26614953533911045,H
2019-20,2019-09-14,Sheffield United,Southampton,A,2.44,3.3,3.18,0.4098360655737705,0.30303030303030304,0.31446540880503143,1.0273317774091049,0.027331777409104863,0.39893253045025323,0.2949682952420054,0.3060991743077415,H
2019-20,2019-09-14,Tottenham,Crystal Palace,H,1.44,4.91,7.61,0.6944444444444444,0.20366598778004072,0.1314060446780552,1.0295164769025404,0.029516476902540445,0.6745345606646218,0.19782683652893185,0.1276386028064462,H
2019-20,2019-09-14,Wolves,Chelsea,A,3.1,3.43,2.42,0.3225806451612903,0.29154518950437314,0.4132231404958678,1.0273489751615312,0.02734897516153123,0.31399325152445945,0.2837839882582578,0.40222276021728276,A
2019-20,2019-09-14,Norwich,Man City,H,25.83,13.49,1.09,0.03871467286101433,0.07412898443291327,0.9174311926605504,1.030274849954478,0.030274849954478045,0.03757703380095603,0.07195068814519602,0.8904722780538479,A
2019-20,2019-09-15,Bournemouth,Everton,H,3.37,3.57,2.23,0.29673590504451036,0.2801120448179272,0.4484304932735426,1.02527844313598,0.025278443135980044,0.28941982251854975,0.27320582685924727,0.43737435062220303,A
2019-20,2019-09-15,Watford,Arsenal,D,4.22,3.92,1.88,0.23696682464454977,0.25510204081632654,0.5319148936170213,1.0239837590778975,0.023983759077897515,0.2314165850227347,0.24912703795814808,0.5194563770191173,A
2019-20,2019-09-16,Aston Villa,West Ham,D,2.72,3.71,2.57,0.3676470588235294,0.2695417789757412,0.38910505836575876,1.0262938961650294,0.026293896165029418,0.3582278528570838,0.2626360538467029,0.37913609329621323,A
2019-20,2019-09-20,Southampton,Bournemouth,A,2.17,3.6,3.46,0.4608294930875576,0.2777777777777778,0.28901734104046245,1.027624611905798,0.027624611905797902,0.4484414714755798,0.2703105536394467,0.28124797488497344,H
2019-20,2019-09-21,Leicester,Tottenham,H,2.72,3.51,2.69,0.3676470588235294,0.2849002849002849,0.3717472118959108,1.0242945556197252,0.024294555619725156,0.3589270847984672,0.2781429261116327,0.3629299890899,A
2019-20,2019-09-21,Burnley,Norwich,H,2.02,3.88,3.67,0.49504950495049505,0.2577319587628866,0.2724795640326976,1.0252610277460792,0.02526102774607919,0.48285216306212825,0.2513817962333761,0.2657660407044957,H
2019-20,2019-09-21,Everton,Sheffield United,A,1.79,3.57,5.31,0.5586592178770949,0.2801120448179272,0.18832391713747648,1.0270951798324985,0.02709517983249854,0.5439215652518227,0.27272257753522766,0.1833558572129497,H
2019-20,2019-09-21,Man City,Watford,H,1.11,11.33,25.74,0.9009009009009008,0.088261253309797,0.038850038850038855,1.0280121930607367,0.028012193060736656,0.8763523496920956,0.08585623196453895,0.03779141834336544,H
2019-20,2019-09-21,Newcastle,Brighton,D,2.42,3.24,3.3,0.4132231404958678,0.30864197530864196,0.30303030303030304,1.0248954188348127,0.02489541883481272,0.40318566450970633,0.3011448481831757,0.295669487307118,H
2019-20,2019-09-22,Crystal Palace,Wolves,D,2.9,3.1,2.81,0.3448275862068966,0.3225806451612903,0.35587188612099646,1.0232801174891832,0.02328011748918324,0.33698259187620894,0.31524177949709864,0.3477756286266925,A
2019-20,2019-09-22,West Ham,Man United,H,3.07,3.45,2.45,0.32573289902280134,0.2898550724637681,0.4081632653061224,1.023751236792692,0.023751236792691977,0.3181758295533681,0.28313037586343187,0.3986937945831999,A
2019-20,2019-09-22,Arsenal,Aston Villa,H,1.42,5.23,7.59,0.7042253521126761,0.19120458891013384,0.13175230566534915,1.027182246688159,0.02718224668815905,0.6855894894827471,0.18614475622667317,0.12826575429057982,H
2019-20,2019-09-22,Chelsea,Liverpool,A,3.24,3.64,2.27,0.30864197530864196,0.2747252747252747,0.44052863436123346,1.02389588439515,0.023895884395150002,0.3014388279243521,0.2683136819985991,0.4302474900770489,A
2019-20,2019-09-28,Sheffield United,Liverpool,A,9.44,5.53,1.34,0.10593220338983052,0.18083182640144665,0.7462686567164178,1.033032686507695,0.033032686507695086,0.10254487081909139,0.1750494720673097,0.7224056571135988,A
2019-20,2019-09-28,Aston Villa,Burnley,D,2.36,3.44,3.19,0.42372881355932207,0.29069767441860467,0.31347962382445144,1.0279061118023782,0.02790611180237823,0.412225210740635,0.28280566783369143,0.3049691214256735,H
2019-20,2019-09-28,Bournemouth,West Ham,D,2.41,3.65,2.96,0.41493775933609955,0.273972602739726,0.33783783783783783,1.0267481999136634,0.026748199913663395,0.4041280611653282,0.2668352403858742,0.3290366984487976,H
2019-20,2019-09-28,Chelsea,Brighton,H,1.45,4.64,8.06,0.6896551724137931,0.21551724137931036,0.12406947890818858,1.029241892701292,0.02924189270129207,0.6700613114413385,0.20939415982541829,0.12054452873324326,H
2019-20,2019-09-28,Crystal Palace,Norwich,H,1.91,3.89,4.09,0.5235602094240838,0.2570694087403599,0.24449877750611249,1.0251283956705561,0.025128395670556136,0.5107264725426057,0.25076801093994266,0.2385055165174516,H
2019-20,2019-09-28,Tottenham,Southampton,H,1.38,5.23,8.73,0.7246376811594204,0.19120458891013384,0.1145475372279496,1.0303898072975037,0.030389807297503735,0.7032655758309498,0.1855652953435393,0.11116912882551094,H
2019-20,2019-09-28,Wolves,Watford,H,1.96,3.52,4.34,0.5102040816326531,0.2840909090909091,0.2304147465437788,1.024709737267341,0.024709737267341048,0.49790107683883916,0.2772403723307173,0.22485855083044348,H
2019-20,2019-09-28,Everton,Man City,A,8.9,5.51,1.36,0.11235955056179775,0.18148820326678766,0.7352941176470588,1.0291418714756442,0.029141871475644177,0.10917790216881372,0.1763490615793906,0.7144730362517957,A
2019-20,2019-09-29,Leicester,Newcastle,H,1.52,4.33,7.04,0.6578947368421053,0.23094688221709006,0.14204545454545456,1.0308870736046498,0.030887073604649817,0.6381831276064784,0.2240273334784866,0.13778953891503512,H
2019-20,2019-09-30,Man United,Arsenal,D,2.26,3.57,3.29,0.4424778761061947,0.2801120448179272,0.303951367781155,1.026541288705277,0.026541288705276944,0.4310375831684949,0.27286973052123203,0.296092686310273,H
2019-20,2019-10-05,Brighton,Tottenham,H,5.15,3.89,1.74,0.1941747572815534,0.2570694087403599,0.5747126436781609,1.0259568097000742,0.02595680970007419,0.18926211653911434,0.25056552703764495,0.5601723564232407,A
2019-20,2019-10-05,Burnley,Everton,H,3.22,3.35,2.39,0.3105590062111801,0.29850746268656714,0.41841004184100417,1.0274765107387513,0.027476510738751347,0.3022541177003545,0.2905248534313855,0.40722102886826006,A
2019-20,2019-10-05,Liverpool,Leicester,H,1.59,4.42,5.76,0.6289308176100629,0.22624434389140272,0.1736111111111111,1.0287862726125767,0.028786272612576713,0.6113328242735092,0.21991384402599087,0.16875333170049994,H
2019-20,2019-10-05,Norwich,Aston Villa,A,2.46,3.62,2.9,0.4065040650406504,0.27624309392265195,0.3448275862068966,1.0275747451701989,0.027574745170198867,0.3955956167191716,0.2688301704776691,0.33557421280315936,H
2019-20,2019-10-05,Watford,Sheffield United,D,2.38,3.27,3.32,0.42016806722689076,0.3058103975535168,0.30120481927710846,1.027183284057516,0.02718328405751591,0.4090487780984605,0.29771745928878773,0.29323376261275186,H
2019-20,2019-10-05,West Ham,Crystal Palace,A,2.02,3.75,3.85,0.49504950495049505,0.26666666666666666,0.2597402597402597,1.0214564313574215,0.02145643135742148,0.4846506319340707,0.26106514040181944,0.2542842276641098,H
2019-20,2019-10-06,Arsenal,Bournemouth,H,1.37,5.83,7.87,0.7299270072992701,0.17152658662092624,0.12706480304955528,1.0285183969697516,0.028518396969751558,0.709687847538557,0.16677055765485815,0.1235415948065849,H
2019-20,2019-10-06,Man City,Wolves,A,1.14,8.98,21.94,0.8771929824561404,0.11135857461024498,0.04557885141294439,1.03413040847933,0.03413040847932991,0.8482421320015499,0.10768329960821456,0.04407456839023549,H
2019-20,2019-10-06,Southampton,Chelsea,A,4.75,4.29,1.71,0.21052631578947367,0.2331002331002331,0.5847953216374269,1.0284218705271337,0.02842187052713374,0.20470812788293302,0.22665818355336406,0.5686336885637028,A
2019-20,2019-10-06,Newcastle,Man United,H,3.92,3.37,2.12,0.25510204081632654,0.29673590504451036,0.4716981132075471,1.023536059068384,0.023536059068383963,0.24923600742363566,0.2899125071515287,0.46085148542483567,A
2019-20,2019-10-19,Everton,West Ham,H,1.79,4.15,4.41,0.5586592178770949,0.24096385542168672,0.22675736961451246,1.026380442913294,0.02638044291329411,0.5443003339886212,0.23477050550352577,0.22092916050785305,H
2019-20,2019-10-19,Aston Villa,Brighton,H,2.43,3.49,3.04,0.4115226337448559,0.28653295128939826,0.32894736842105265,1.027002953455307,0.0270029534553069,0.4007024832404872,0.2789991502218865,0.3202983665376263,H
2019-20,2019-10-19,Bournemouth,Norwich,D,1.78,4.18,4.42,0.5617977528089888,0.23923444976076558,0.22624434389140272,1.027276546461157,0.02727654646115707,0.5468807350311986,0.23288222687931423,0.2202370380894872,H
2019-20,2019-10-19,Chelsea,Newcastle,H,1.27,6.4,11.56,0.7874015748031495,0.15625,0.08650519031141868,1.0301567651145682,0.030156765114568218,0.7643512147547555,0.15167594417789682,0.0839728410673477,H
2019-20,2019-10-19,Leicester,Burnley,H,1.5,4.48,7.15,0.6666666666666666,0.2232142857142857,0.13986013986013984,1.0297410922410921,0.029741092241092115,0.6474119287749864,0.21676738686662492,0.13582068435838873,H
2019-20,2019-10-19,Tottenham,Watford,D,1.53,4.35,6.74,0.6535947712418301,0.2298850574712644,0.14836795252225518,1.0318477812353497,0.031847781235349704,0.6334216956490741,0.2227896998489847,0.14378860450194114,H
2019-20,2019-10-19,Wolves,Southampton,D,2.11,3.24,4.1,0.47393364928909953,0.30864197530864196,0.24390243902439027,1.0264780636221318,0.026478063622131787,0.4617085021931501,0.3006805369220823,0.23761096088476752,H
2019-20,2019-10-19,Crystal Palace,Man City,A,12.5,7.64,1.21,0.08,0.13089005235602094,0.8264462809917356,1.0373363333477565,0.037336333347756545,0.07712059958588263,0.12617899146904882,0.7967004089450686,A
2019-20,2019-10-20,Man United,Liverpool,D,4.19,3.49,2.01,0.2386634844868735,0.28653295128939826,0.49751243781094534,1.022708873587217,0.02270887358721696,0.23336404978060474,0.28017059271654265,0.48646535750285275,A
2019-20,2019-10-21,Sheffield United,Arsenal,H,3.72,3.63,2.08,0.26881720430107525,0.27548209366391185,0.4807692307692307,1.0250685287342178,0.025068528734217832,0.2622431542533239,0.26874505063976994,0.46901179510690616,A
2019-20,2019-10-25,Southampton,Leicester,A,3.13,3.32,2.46,0.3194888178913738,0.30120481927710846,0.4065040650406504,1.0271977022091328,0.027197702209132757,0.31102952937323386,0.29322964666813917,0.3957408239586268,A
2019-20,2019-10-26,Man City,Aston Villa,H,1.06,16.5,33.5,0.9433962264150942,0.06060606060606061,0.029850746268656716,1.0338530332898117,0.03385303328981171,0.912505158893933,0.058621543541064795,0.02887329756500206,H
2019-20,2019-10-26,Brighton,Everton,H,2.76,3.3,2.77,0.3623188405797102,0.30303030303030304,0.36101083032490977,1.026359973934923,0.026359973934922953,0.3530134161317979,0.29524758440114,0.3517389994670621,H
2019-20,2019-10-26,Watford,Bournemouth,D,2.33,3.59,3.12,0.4291845493562232,0.2785515320334262,0.3205128205128205,1.0282489019024699,0.02824890190246987,0.41739363743753516,0.2708989346043056,0.31170742795815926,H
2019-20,2019-10-26,West Ham,Sheffield United,D,2.29,3.4,3.39,0.4366812227074236,0.29411764705882354,0.2949852507374631,1.0257841205037102,0.02578412050371015,0.42570479887424245,0.28672470277118095,0.2875704983545767,H
2019-20,2019-10-26,Burnley,Chelsea,A,5.06,4.07,1.71,0.19762845849802374,0.24570024570024568,0.5847953216374269,1.0281240258356963,0.028124025835696287,0.19222239100713964,0.23897918881968705,0.5687984201731733,A
2019-20,2019-10-27,Newcastle,Wolves,D,3.48,3.09,2.42,0.28735632183908044,0.3236245954692557,0.4132231404958678,1.024204057804204,0.024204057804203982,0.2805654983003534,0.31597667769748544,0.4034578240021611,A
2019-20,2019-10-27,Arsenal,Crystal Palace,D,1.48,4.79,6.92,0.6756756756756757,0.20876826722338204,0.14450867052023122,1.028952613419289,0.02895261341928901,0.6566635497725724,0.202893956923467,0.14044249330396058,H
2019-20,2019-10-27,Liverpool,Tottenham,H,1.47,5.04,6.57,0.6802721088435374,0.1984126984126984,0.15220700152207,1.0308918087783057,0.030891808778305663,0.6598870056497176,0.19246704331450096,0.14764595103578157,H
2019-20,2019-10-27,Norwich,Man United,A,4.72,3.73,1.83,0.21186440677966104,0.2680965147453083,0.5464480874316939,1.0264090089566633,0.026409008956663316,0.20641323773552955,0.2611985206733779,0.5323882415910925,A
2019-20,2019-11-02,Bournemouth,Man United,H,3.67,3.6,2.11,0.2724795640326976,0.2777777777777778,0.47393364928909953,1.0241909910995748,0.024190991099574788,0.2660437031770438,0.2712167751832641,0.46273952163969223,A
2019-20,2019-11-02,Arsenal,Wolves,D,1.76,3.95,4.87,0.5681818181818182,0.2531645569620253,0.2053388090349076,1.026685184178751,0.026685184178750987,0.5534138672082902,0.24658440665483303,0.20000172613687692,H
2019-20,2019-11-02,Aston Villa,Liverpool,A,10.13,6.57,1.28,0.09871668311944717,0.15220700152207,0.78125,1.032173684641517,0.03217368464151704,0.09563960464050422,0.1474625867592554,0.7568978086002406,A
2019-20,2019-11-02,Brighton,Norwich,H,1.57,4.56,5.8,0.6369426751592356,0.2192982456140351,0.1724137931034483,1.028654713876719,0.02865471387671903,0.6191996853431726,0.2131893653484169,0.16761094930841053,H
2019-20,2019-11-02,Man City,Southampton,H,1.07,14.49,36.78,0.9345794392523364,0.06901311249137336,0.02718868950516585,1.0307812412488757,0.030781241248875713,0.9066709810512433,0.06695223945651003,0.026376779492246608,H
2019-20,2019-11-02,Sheffield United,Burnley,H,2.29,3.22,3.58,0.4366812227074236,0.3105590062111801,0.27932960893854747,1.0265698378571513,0.02656983785715128,0.4253789723833562,0.30252107042170356,0.2720999571949401,H
2019-20,2019-11-02,West Ham,Newcastle,A,1.89,3.64,4.48,0.5291005291005292,0.2747252747252747,0.2232142857142857,1.0270400895400895,0.027040089540089518,0.515170278637771,0.26749226006191945,0.2173374613003096,H
2019-20,2019-11-02,Watford,Chelsea,A,5.34,4.43,1.63,0.18726591760299627,0.22573363431151244,0.6134969325153374,1.026496484429846,0.02649648442984609,0.18243210809144725,0.21990687521632693,0.5976610166922259,A
2019-20,2019-11-03,Crystal Palace,Leicester,A,3.86,3.62,2.05,0.2590673575129534,0.27624309392265195,0.48780487804878053,1.0231153294843858,0.02311532948438577,0.25321422722061476,0.2700019107932522,0.47678386198613315,A
2019-20,2019-11-03,Everton,Tottenham,D,2.54,3.62,2.82,0.39370078740157477,0.27624309392265195,0.3546099290780142,1.024553810402241,0.024553810402240916,0.38426560265000376,0.2696228261687872,0.34611157118120905,H
2019-20,2019-11-08,Norwich,Watford,A,2.97,3.63,2.41,0.33670033670033667,0.27548209366391185,0.41493775933609955,1.027120189700348,0.027120189700347908,0.3278100655372821,0.2682082354395945,0.4039816990231236,A
2019-20,2019-11-09,Chelsea,Crystal Palace,H,1.44,4.69,7.98,0.6944444444444444,0.21321961620469082,0.12531328320802004,1.0329773438571555,0.03297734385715545,0.6722746133534514,0.20641267446246697,0.12131271218408146,H
2019-20,2019-11-09,Burnley,West Ham,H,2.18,3.63,3.41,0.4587155963302752,0.27548209366391185,0.29325513196480935,1.0274528219589965,0.027452821958996454,0.4464590359055743,0.26812140448323746,0.2854195596111882,H
2019-20,2019-11-09,Newcastle,Bournemouth,H,2.69,3.31,2.83,0.3717472118959108,0.3021148036253776,0.35335689045936397,1.0272189059806525,0.027218905980652464,0.3618967775335247,0.294109465729662,0.3439937567368132,H
2019-20,2019-11-09,Southampton,Everton,A,3.17,3.35,2.42,0.31545741324921134,0.29850746268656714,0.4132231404958678,1.0271880164316463,0.027188016431646256,0.3071077623598847,0.29060644975547295,0.40228578788464237,A
2019-20,2019-11-09,Tottenham,Sheffield United,D,1.56,4.41,6.26,0.641025641025641,0.22675736961451246,0.1597444089456869,1.0275274195858404,0.027527419585840374,0.6238525890472252,0.22068254850650143,0.15546486244627336,H
2019-20,2019-11-09,Leicester,Arsenal,H,1.93,4.05,3.88,0.5181347150259068,0.2469135802469136,0.2577319587628866,1.022780254035707,0.022780254035706937,0.5065943666603265,0.24141410559368645,0.25199152774598715,H
2019-20,2019-11-10,Man United,Brighton,H,1.66,3.69,6.41,0.6024096385542169,0.2710027100271003,0.15600624024961,1.0294185888309273,0.029418588830927295,0.5851940552563281,0.2632580302779145,0.15154791446575733,H
2019-20,2019-11-10,Wolves,Aston Villa,H,1.68,3.97,5.53,0.5952380952380952,0.2518891687657431,0.18083182640144665,1.0279590904052849,0.02795909040528488,0.5790484278935806,0.24503812565773686,0.1759134464486827,H
2019-20,2019-11-10,Liverpool,Man City,H,2.72,3.64,2.62,0.3676470588235294,0.2747252747252747,0.38167938931297707,1.0240517228617811,0.024051722861781144,0.3590121969582894,0.26827285047432614,0.37271495256738446,A
2019-20,2019-11-23,West Ham,Tottenham,A,4.71,4.53,1.69,0.21231422505307856,0.22075055187637968,0.591715976331361,1.0247807532608193,0.0247807532608193,0.2071801449993099,0.21541246864166658,0.5774073863590234,A
2019-20,2019-11-23,Arsenal,Southampton,D,1.5,4.54,7.05,0.6666666666666666,0.22026431718061673,0.14184397163120568,1.028774955478489,0.028774955478489073,0.6480199222546161,0.21410349854227403,0.13787657920310983,H
2019-20,2019-11-23,Bournemouth,Wolves,A,3.1,3.25,2.52,0.3225806451612903,0.3076923076923077,0.3968253968253968,1.0270983496789947,0.027098349678994715,0.3140698700003835,0.2995743375388274,0.3863557924607892,A
2019-20,2019-11-23,Brighton,Leicester,A,3.9,3.56,2.05,0.25641025641025644,0.2808988764044944,0.48780487804878053,1.0251140108635313,0.025114010863531266,0.2501285258936834,0.27401720533296775,0.4758542687733489,A
2019-20,2019-11-23,Crystal Palace,Liverpool,A,6.95,4.65,1.49,0.14388489208633093,0.2150537634408602,0.6711409395973155,1.0300795951245065,0.03007959512450653,0.1396832757073879,0.2087739282078163,0.6515427960847959,A
2019-20,2019-11-23,Everton,Norwich,A,1.34,5.64,9.17,0.7462686567164178,0.1773049645390071,0.10905125408942203,1.032624875344847,0.03262487534484704,0.7226909544157553,0.17170317002076457,0.10560587556348006,H
2019-20,2019-11-23,Watford,Burnley,A,2.27,3.4,3.42,0.44052863436123346,0.29411764705882354,0.29239766081871343,1.0270439422387705,0.02704394223877049,0.42892871107438746,0.2863729923937822,0.28469829653183026,H
2019-20,2019-11-23,Man City,Chelsea,H,1.38,5.84,7.62,0.7246376811594204,0.17123287671232876,0.13123359580052493,1.027104153672274,0.027104153672274034,0.705515286418203,0.1667142286399178,0.12777048494187926,H
2019-20,2019-11-24,Sheffield United,Man United,D,3.95,3.45,2.08,0.2531645569620253,0.2898550724637681,0.4807692307692307,1.0237888601950242,0.023788860195024242,0.24728200003445955,0.2831199710539465,0.46959802891159386,A
2019-20,2019-11-25,Aston Villa,Newcastle,H,2.22,3.58,3.37,0.4504504504504504,0.27932960893854747,0.29673590504451036,1.0265159644335082,0.026515964433508232,0.4388148514563389,0.27211423749527164,0.28907091104838945,H
2019-20,2019-11-30,Newcastle,Man City,D,11.0,7.75,1.23,0.09090909090909091,0.12903225806451613,0.8130081300813008,1.0329494790549079,0.03294947905490786,0.08800923254472014,0.12491633006347375,0.787074437391806,A
2019-20,2019-11-30,Burnley,Crystal Palace,A,2.05,3.56,3.89,0.48780487804878053,0.2808988764044944,0.2570694087403599,1.0257731631936347,0.02577316319363465,0.4755484892293852,0.27384112441579767,0.25061038635481736,H
2019-20,2019-11-30,Chelsea,West Ham,A,1.3,6.14,10.01,0.7692307692307692,0.16286644951140067,0.0999000999000999,1.0319973186422697,0.031997318642269734,0.7453805890143154,0.15781673708772154,0.09680267389796306,H
2019-20,2019-11-30,Liverpool,Brighton,H,1.2,7.42,14.78,0.8333333333333334,0.1347708894878706,0.06765899864682003,1.0357632214680241,0.03576322146802413,0.8045596870607361,0.13011746960550985,0.06532284333375395,H
2019-20,2019-11-30,Tottenham,Bournemouth,H,1.34,5.67,9.23,0.7462686567164178,0.1763668430335097,0.10834236186348863,1.0309778616134162,0.030977861613416202,0.7238454718596516,0.17106753655942383,0.10508699158092451,H
2019-20,2019-11-30,Southampton,Watford,H,2.1,3.6,3.67,0.47619047619047616,0.2777777777777778,0.2724795640326976,1.0264478180009515,0.02644781800095153,0.4639207837353839,0.270620457178974,0.2654587590856421,H
2019-20,2019-12-01,Norwich,Arsenal,D,4.56,4.49,1.71,0.2192982456140351,0.22271714922048996,0.5847953216374269,1.026810716471952,0.02681071647195199,0.21357222134136675,0.21690185508165527,0.569525923576978,A
2019-20,2019-12-01,Wolves,Sheffield United,D,2.23,3.2,3.82,0.4484304932735426,0.3125,0.2617801047120419,1.0227105979855844,0.02271059798558439,0.43847252014089666,0.30556053747318734,0.2559669423859161,H
2019-20,2019-12-01,Leicester,Everton,H,1.65,4.08,5.57,0.6060606060606061,0.24509803921568626,0.17953321364452424,1.0306918589208167,0.030691858920816717,0.5880133822878744,0.23779952960171388,0.17418708811041161,H
2019-20,2019-12-01,Man United,Aston Villa,D,1.47,4.75,7.32,0.6802721088435374,0.21052631578947367,0.13661202185792348,1.0274104464909346,0.027410446490934604,0.662123021200505,0.2049096507715247,0.13296732802797026,H
2019-20,2019-12-03,Crystal Palace,Bournemouth,H,2.27,3.41,3.41,0.44052863436123346,0.29325513196480935,0.29325513196480935,1.027038898290852,0.027038898290852043,0.42893081761006296,0.28553459119496855,0.28553459119496855,H
2019-20,2019-12-03,Burnley,Man City,A,10.93,7.61,1.23,0.09149130832570906,0.1314060446780552,0.8130081300813008,1.0359054830850651,0.03590548308506514,0.0883201313436779,0.12685138443973712,0.7848284842165849,A
2019-20,2019-12-04,Chelsea,Aston Villa,H,1.36,5.66,8.46,0.7352941176470588,0.17667844522968199,0.11820330969267138,1.0301758725694121,0.03017587256941212,0.7137559102535819,0.17150318691605504,0.11474090283036305,H
2019-20,2019-12-04,Leicester,Watford,H,1.39,5.26,8.29,0.7194244604316548,0.19011406844106465,0.12062726176115804,1.0301657906338775,0.030165790633877476,0.6983579409960617,0.1845470604533319,0.11709499855060626,H
2019-20,2019-12-04,Man United,Tottenham,H,2.6,3.5,2.82,0.3846153846153846,0.2857142857142857,0.3546099290780142,1.0249395994076844,0.02493959940768442,0.3752566344764657,0.2787620713253745,0.34598129419815987,H
2019-20,2019-12-04,Southampton,Norwich,H,1.76,4.04,4.68,0.5681818181818182,0.24752475247524752,0.2136752136752137,1.0293817843322794,0.029381784332279448,0.5519641272362091,0.24045961978607125,0.20757625297771964,H
2019-20,2019-12-04,Wolves,West Ham,H,1.67,4.13,5.31,0.5988023952095809,0.24213075060532688,0.18832391713747648,1.0292570629523843,0.029257062952384283,0.5817811864141493,0.23524808264204097,0.18297073094380967,H
2019-20,2019-12-04,Liverpool,Everton,H,1.66,4.11,5.59,0.6024096385542169,0.24330900243309,0.17889087656529518,1.0246095175526022,0.02460951755260221,0.5879407015397844,0.237465100865217,0.17459419759499856,H
2019-20,2019-12-05,Sheffield United,Newcastle,A,1.79,3.63,5.24,0.5586592178770949,0.27548209366391185,0.19083969465648853,1.0249810061974953,0.024981006197495326,0.5450434832442655,0.2687679986245827,0.18618851813115175,H
2019-20,2019-12-05,Arsenal,Brighton,A,1.66,4.32,5.17,0.6024096385542169,0.23148148148148145,0.19342359767891684,1.0273147177146154,0.027314717714615355,0.5863924931342844,0.22532674504697037,0.1882807618187451,H
2019-20,2019-12-07,Everton,Chelsea,H,3.37,3.81,2.15,0.29673590504451036,0.26246719160104987,0.46511627906976744,1.0243193757153277,0.024319375715327718,0.2896908055041783,0.2562356993567142,0.45407349513910744,A
2019-20,2019-12-07,Bournemouth,Liverpool,A,6.58,4.63,1.51,0.1519756838905775,0.2159827213822894,0.6622516556291391,1.030210060902006,0.030210060902005953,0.1475191222239806,0.2096492060980113,0.6428316716780083,A
2019-20,2019-12-07,Tottenham,Burnley,H,1.45,4.95,7.29,0.6896551724137931,0.20202020202020202,0.13717421124828533,1.0288495856822806,0.028849585682280576,0.6703168101646744,0.19635542924015711,0.13332776059516843,H
2019-20,2019-12-07,Watford,Crystal Palace,D,2.48,3.37,3.05,0.40322580645161293,0.29673590504451036,0.3278688524590164,1.0278305639551397,0.02783056395513972,0.39230766294785135,0.2887011881634039,0.3189911488887447,H
2019-20,2019-12-07,Man City,Man United,A,1.32,6.2,9.5,0.7575757575757576,0.16129032258064516,0.10526315789473684,1.0241292380511395,0.024129238051139534,0.7397267155631468,0.15749020395860544,0.10278308047824776,H
2019-20,2019-12-08,Aston Villa,Leicester,A,4.98,4.16,1.7,0.2008032128514056,0.24038461538461536,0.5882352941176471,1.029423122353668,0.029423122353668063,0.1950638260313117,0.23351390712402217,0.5714222668446661,A
2019-20,2019-12-08,Newcastle,Southampton,H,2.59,3.42,2.87,0.3861003861003861,0.29239766081871343,0.3484320557491289,1.0269301026682285,0.026930102668228484,0.37597533181391607,0.28472985654913524,0.33929481163694863,H
2019-20,2019-12-08,Norwich,Sheffield United,A,3.18,3.57,2.31,0.31446540880503143,0.2801120448179272,0.4329004329004329,1.0274778865233916,0.02747788652339156,0.3060556464811784,0.27262099602525136,0.42132335749357025,A
2019-20,2019-12-08,Brighton,Wolves,D,2.65,3.22,2.98,0.37735849056603776,0.3105590062111801,0.33557046979865773,1.0234879665758756,0.023487966575875596,0.368698512234108,0.30343200541005777,0.32786948235583424,H
2019-20,2019-12-09,West Ham,Arsenal,A,3.61,4.3,1.95,0.2770083102493075,0.23255813953488372,0.5128205128205129,1.022386962604704,0.022386962604703964,0.2709427255836498,0.2274658696179013,0.5015914047984491,A
2019-20,2019-12-14,Liverpool,Watford,H,1.2,7.46,15.82,0.8333333333333334,0.13404825737265416,0.0632111251580278,1.0305927158640154,0.030592715864015352,0.8085961801454165,0.13006909064001337,0.06133472921457014,H
2019-20,2019-12-14,Burnley,Newcastle,H,2.01,3.52,4.12,0.49751243781094534,0.2840909090909091,0.24271844660194175,1.024321793503796,0.02432179350379604,0.4856993583131272,0.27734537221857547,0.23695526946829748,H
2019-20,2019-12-14,Chelsea,Bournemouth,A,1.24,7.01,12.05,0.8064516129032259,0.14265335235378032,0.08298755186721991,1.0320925171242261,0.032092517124226116,0.7813753123123929,0.13821760160732768,0.08040708608027942,H
2019-20,2019-12-14,Leicester,Norwich,D,1.25,6.89,11.49,0.8,0.14513788098693758,0.08703220191470844,1.032170082901646,0.032170082901646024,0.7750660605769862,0.14061430707129646,0.08431963235171737,H
2019-20,2019-12-14,Sheffield United,Aston Villa,H,1.79,3.89,4.68,0.5586592178770949,0.2570694087403599,0.2136752136752137,1.0294038402926686,0.029403840292668626,0.542701703656228,0.24972649088551369,0.20757180545825818,H
2019-20,2019-12-14,Southampton,West Ham,A,1.83,4.01,4.29,0.5464480874316939,0.24937655860349128,0.2331002331002331,1.0289248791354182,0.02892487913541819,0.5310864753225344,0.24236614709232868,0.22654737758513704,H
2019-20,2019-12-15,Man United,Everton,D,1.69,4.01,5.32,0.591715976331361,0.24937655860349128,0.18796992481203006,1.0290624597468823,0.029062459746882263,0.5750049190181371,0.24233374392534954,0.18266133705651344,H
2019-20,2019-12-15,Wolves,Tottenham,A,2.88,3.65,2.47,0.3472222222222222,0.273972602739726,0.4048582995951417,1.0260531245570899,0.026053124557089857,0.33840569646148244,0.2670160015915259,0.3945783019469917,A
2019-20,2019-12-15,Arsenal,Man City,A,7.29,5.83,1.38,0.13717421124828533,0.17152658662092624,0.7246376811594204,1.033338479028632,0.03333847902863196,0.1327485756431262,0.1659926443290549,0.7012587800278189,A
2019-20,2019-12-16,Crystal Palace,Brighton,D,2.86,3.27,2.7,0.3496503496503497,0.3058103975535168,0.37037037037037035,1.0258311175742367,0.02583111757423673,0.3408459186509776,0.29810988603724636,0.3610441953117762,A
2019-20,2019-12-21,Everton,Arsenal,D,2.14,3.84,3.34,0.4672897196261682,0.2604166666666667,0.29940119760479045,1.0271075838976254,0.027107583897625354,0.45495693630546136,0.25354370929523107,0.2914993543993076,H
2019-20,2019-12-21,Aston Villa,Southampton,A,2.53,3.75,2.71,0.3952569169960475,0.26666666666666666,0.36900369003690037,1.0309272736996147,0.030927273699614677,0.38339941825150997,0.25866680751368537,0.3579337742348045,H
2019-20,2019-12-21,Bournemouth,Burnley,A,2.37,3.35,3.22,0.42194092827004215,0.29850746268656714,0.3105590062111801,1.0310073971677893,0.03100739716778933,0.409251116363595,0.2895298942632,0.301218989373205,H
2019-20,2019-12-21,Brighton,Sheffield United,A,2.22,3.3,3.61,0.4504504504504504,0.30303030303030304,0.2770083102493075,1.030489063730061,0.030489063730060995,0.4371229800537184,0.2940645502179561,0.2688124697283255,H
2019-20,2019-12-21,Newcastle,Crystal Palace,H,2.45,3.14,3.29,0.4081632653061224,0.3184713375796178,0.303951367781155,1.0305859706668952,0.030585970666895168,0.3960497007755683,0.3090196709873065,0.29493062823712535,H
2019-20,2019-12-21,Norwich,Wolves,A,4.07,3.86,1.91,0.24570024570024568,0.2590673575129534,0.5235602094240838,1.0283278126372828,0.02832781263728279,0.2389318295983018,0.251930711519453,0.5091374588822453,A
2019-20,2019-12-21,Man City,Leicester,H,1.37,5.85,7.73,0.7299270072992701,0.17094017094017094,0.129366106080207,1.030233284319648,0.030233284319648,0.7085065279960392,0.16592375100078183,0.125569721003179,H
2019-20,2019-12-22,Watford,Man United,H,4.7,3.83,1.81,0.2127659574468085,0.2610966057441253,0.5524861878453039,1.0263487510362377,0.026348751036237683,0.20730376222701352,0.2543936507746641,0.5383025869983225,A
2019-20,2019-12-22,Tottenham,Chelsea,A,2.38,3.58,3.05,0.42016806722689076,0.27932960893854747,0.3278688524590164,1.0273665286244547,0.027366528624454656,0.408975818775657,0.27188895214694514,0.31913522907739794,H
2019-20,2019-12-26,Tottenham,Brighton,H,1.53,4.48,6.6,0.6535947712418301,0.2232142857142857,0.15151515151515152,1.0283242084712674,0.028324208471267376,0.6355921273247865,0.2170660613408311,0.14734181133438232,H
2019-20,2019-12-26,Aston Villa,Norwich,H,2.19,3.73,3.27,0.4566210045662101,0.2680965147453083,0.3058103975535168,1.0305279168650352,0.0305279168650352,0.44309425983848644,0.26015453861830706,0.2967512015432065,H
2019-20,2019-12-26,Bournemouth,Arsenal,D,3.81,4.14,1.91,0.26246719160104987,0.24154589371980678,0.5235602094240838,1.0275732947449403,0.027573294744940302,0.2554243020359908,0.23506439390268724,0.5095113040613221,A
2019-20,2019-12-26,Chelsea,Southampton,A,1.4,5.08,8.43,0.7142857142857143,0.19685039370078738,0.11862396204033215,1.029760070026834,0.029760070026833896,0.6936428543661644,0.19116141655760432,0.11519572907623132,H
2019-20,2019-12-26,Crystal Palace,West Ham,H,2.31,3.47,3.24,0.4329004329004329,0.2881844380403458,0.30864197530864196,1.0297268462494207,0.02972684624942068,0.42040317243081343,0.27986493611388447,0.29973189145530216,H
2019-20,2019-12-26,Everton,Burnley,H,1.75,3.65,5.36,0.5714285714285714,0.273972602739726,0.18656716417910446,1.0319683383474019,0.03196833834740187,0.5537268443173938,0.26548547330286004,0.1807876823797461,H
2019-20,2019-12-26,Sheffield United,Watford,D,1.81,3.67,4.86,0.5524861878453039,0.2724795640326976,0.20576131687242796,1.0307270687504295,0.03072706875042952,0.5360159877387266,0.2643566588030232,0.19962735345825003,H
2019-20,2019-12-26,Man United,Newcastle,H,1.36,5.42,9.37,0.7352941176470588,0.18450184501845018,0.10672358591248667,1.0265195485779957,0.026519548577995655,0.716298212406805,0.17973534481056364,0.10396644278263127,H
2019-20,2019-12-26,Leicester,Liverpool,A,3.61,4.17,1.97,0.2770083102493075,0.23980815347721823,0.5076142131979695,1.0244306769244953,0.024430676924495298,0.2704022014265824,0.23408919595922356,0.495508602614194,A
2019-20,2019-12-27,Wolves,Man City,H,6.67,5.38,1.44,0.14992503748125938,0.1858736059479554,0.6944444444444444,1.0302430878736593,0.030243087873659258,0.1455239440535271,0.180417231754094,0.6740588241923788,A
2019-20,2019-12-28,Brighton,Bournemouth,H,1.81,3.86,4.66,0.5524861878453039,0.2590673575129534,0.2145922746781116,1.026145820036369,0.026145820036368894,0.5384090419290726,0.2524664160340988,0.20912454203682862,H
2019-20,2019-12-28,Newcastle,Everton,A,3.28,3.36,2.34,0.3048780487804878,0.2976190476190476,0.4273504273504274,1.0298475237499627,0.02984752374996269,0.2960419302367613,0.2889933128501717,0.4149647569130671,A
2019-20,2019-12-28,Southampton,Crystal Palace,D,2.0,3.52,4.1,0.5,0.2840909090909091,0.24390243902439027,1.0279933481152994,0.02799334811529941,0.4863844702076031,0.2763548126179563,0.23726071717444056,H
2019-20,2019-12-28,Watford,Aston Villa,H,1.79,4.04,4.44,0.5586592178770949,0.24752475247524752,0.2252252252252252,1.0314091955775677,0.03140919557756772,0.5416465358971881,0.23998695526137792,0.21836650884143394,H
2019-20,2019-12-28,Norwich,Tottenham,D,4.7,4.52,1.68,0.2127659574468085,0.22123893805309736,0.5952380952380952,1.029242990738001,0.029242990738000962,0.20672082235337677,0.2149530674913431,0.5783261101552802,A
2019-20,2019-12-28,West Ham,Leicester,A,2.57,3.68,2.7,0.38910505836575876,0.2717391304347826,0.37037037037037035,1.0312145591709116,0.03121455917091165,0.37732696353569345,0.26351366746922067,0.35915936899508594,H
2019-20,2019-12-28,Burnley,Man United,A,4.28,3.69,1.91,0.2336448598130841,0.2710027100271003,0.5235602094240838,1.0282077792642683,0.028207779264268318,0.22723506330623966,0.26356804090805036,0.5091968957857098,A
2019-20,2019-12-29,Arsenal,Chelsea,A,3.06,3.6,2.37,0.32679738562091504,0.2777777777777778,0.42194092827004215,1.026516091668735,0.02651609166873503,0.31835583316542415,0.2706024581906105,0.4110417086439653,A
2019-20,2019-12-29,Liverpool,Wolves,H,1.26,6.28,12.29,0.7936507936507936,0.1592356687898089,0.08136696501220506,1.0342534274528075,0.03425342745280746,0.767365882079233,0.15396194449360406,0.07867217342716304,H
2019-20,2019-12-29,Man City,Sheffield United,H,1.24,6.85,13.14,0.8064516129032259,0.14598540145985403,0.076103500761035,1.028540515124115,0.02854051512411493,0.7840737443443446,0.14193451722437772,0.07399173843127757,H
2019-20,2020-01-01,Brighton,Chelsea,D,3.94,4.03,1.89,0.25380710659898476,0.24813895781637715,0.5291005291005292,1.031046593515891,0.031046593515891008,0.24616453630237706,0.24066706526832893,0.5131683984292941,A
2019-20,2020-01-01,Burnley,Aston Villa,A,2.03,3.34,4.22,0.4926108374384237,0.29940119760479045,0.23696682464454977,1.028978859687764,0.028978859687764036,0.47873756861040156,0.29096924080213027,0.23029319058746803,H
2019-20,2020-01-01,Newcastle,Leicester,A,4.13,3.88,1.89,0.24213075060532688,0.2577319587628866,0.5291005291005292,1.0289632384687426,0.028963238468742603,0.23531525865360856,0.25047732428850605,0.5142074170578854,A
2019-20,2020-01-01,Southampton,Tottenham,H,3.51,3.91,2.05,0.2849002849002849,0.2557544757033248,0.48780487804878053,1.0284596386523903,0.028459638652390318,0.2770164955365628,0.24867721210571242,0.4743062923577247,A
2019-20,2020-01-01,Watford,Wolves,H,3.17,3.27,2.45,0.31545741324921134,0.3058103975535168,0.4081632653061224,1.0294310761088505,0.02943107610885054,0.3064385956188633,0.2970673847436687,0.396494019637468,A
2019-20,2020-01-01,Man City,Everton,H,1.33,5.78,9.31,0.7518796992481203,0.17301038062283736,0.10741138560687433,1.032301465477832,0.03230146547783197,0.7283528352835283,0.1675967596759676,0.10405040504050406,H
2019-20,2020-01-01,Norwich,Crystal Palace,D,2.37,3.45,3.14,0.42194092827004215,0.2898550724637681,0.3184713375796178,1.030267338313428,0.030267338313427983,0.4095450885211691,0.28133966950584666,0.30911524197298434,H
2019-20,2020-01-01,West Ham,Bournemouth,H,1.97,3.61,4.12,0.5076142131979695,0.2770083102493075,0.24271844660194175,1.0273409700492189,0.02734097004921887,0.49410490576818933,0.2696361951144967,0.23625889911731385,H
2019-20,2020-01-01,Arsenal,Man United,H,2.65,3.59,2.67,0.37735849056603776,0.2785515320334262,0.37453183520599254,1.0304418578054566,0.030441857805456607,0.36621036665737,0.2703224154991728,0.3634672178434571,H
2019-20,2020-01-02,Liverpool,Sheffield United,H,1.3,5.54,12.41,0.7692307692307692,0.18050541516245489,0.08058017727639001,1.030316361669614,0.030316361669614045,0.7465966744274941,0.1751941654793759,0.07820916009312993,H
2019-20,2020-01-10,Sheffield United,West Ham,H,1.88,3.57,4.57,0.5319148936170213,0.2801120448179272,0.2188183807439825,1.0308453191789309,0.030845319178930852,0.5159987475528258,0.2717304328849615,0.2122708195622128,H
2019-20,2020-01-11,Crystal Palace,Arsenal,D,4.78,3.84,1.78,0.20920502092050208,0.2604166666666667,0.5617977528089888,1.0314194403961576,0.03141944039615763,0.20283214832575638,0.2524837679679989,0.5446840837062448,A
2019-20,2020-01-11,Chelsea,Burnley,H,1.36,5.12,9.69,0.7352941176470588,0.1953125,0.10319917440660475,1.0338057920536636,0.03380579205366363,0.7112497562877753,0.18892571651394033,0.09982452719828427,H
2019-20,2020-01-11,Everton,Brighton,H,1.93,3.8,4.02,0.5181347150259068,0.2631578947368421,0.24875621890547267,1.0300488286682215,0.03004882866822145,0.5030195662625212,0.2554809902333331,0.24149944350414576,H
2019-20,2020-01-11,Leicester,Southampton,A,1.73,3.9,5.12,0.5780346820809249,0.25641025641025644,0.1953125,1.0297574384911814,0.0297574384911814,0.5613309119940628,0.24900063532044325,0.18966845268549387,H
2019-20,2020-01-11,Man United,Norwich,H,1.32,5.66,10.11,0.7575757575757576,0.17667844522968199,0.09891196834817013,1.0331661711536098,0.03316617115360976,0.7332564486987275,0.1710068042901626,0.09573674701110983,H
2019-20,2020-01-11,Wolves,Newcastle,D,1.45,4.6,7.92,0.6896551724137931,0.2173913043478261,0.12626262626262627,1.0333091030242456,0.03330910302424561,0.6674238815813578,0.21038361484629758,0.12219250357234454,H
2019-20,2020-01-11,Tottenham,Liverpool,A,4.9,4.05,1.72,0.2040816326530612,0.2469135802469136,0.5813953488372093,1.0323905617371842,0.03239056173718424,0.19767870824938275,0.23916683220295692,0.5631544595476602,A
2019-20,2020-01-12,Bournemouth,Watford,A,2.58,3.45,2.83,0.38759689922480617,0.2898550724637681,0.35335689045936397,1.0308088621479383,0.03080886214793832,0.37601238547479576,0.2811918708768038,0.3427957436484004,H
2019-20,2020-01-12,Aston Villa,Man City,A,15.31,9.4,1.16,0.06531678641410843,0.10638297872340426,0.8620689655172414,1.033768730654754,0.03376873065475405,0.06318317093296001,0.10290790925357636,0.8339089198134637,A
2019-20,2020-01-18,Watford,Tottenham,D,3.11,3.55,2.34,0.3215434083601286,0.28169014084507044,0.4273504273504274,1.0305839765556264,0.03058397655562639,0.31200117183538717,0.2733306040586068,0.41466822410600607,A
2019-20,2020-01-18,Arsenal,Sheffield United,D,2.09,3.34,3.96,0.47846889952153115,0.29940119760479045,0.25252525252525254,1.030395349651574,0.03039534965157409,0.4643546767590948,0.2905692438402719,0.24507607940063336,H
2019-20,2020-01-18,Brighton,Aston Villa,D,1.68,4.26,4.96,0.5952380952380952,0.2347417840375587,0.20161290322580647,1.0315927825014604,0.03159278250146036,0.5770087822781492,0.2275527592082842,0.19543845851356667,H
2019-20,2020-01-18,Man City,Crystal Palace,D,1.09,12.35,29.32,0.9174311926605504,0.08097165991902834,0.034106412005457026,1.0325092645850358,0.03250926458503578,0.8885452403463565,0.07842221149615616,0.03303254815748734,H
2019-20,2020-01-18,Norwich,Bournemouth,H,2.28,3.52,3.26,0.4385964912280702,0.2840909090909091,0.3067484662576687,1.029435866576648,0.029435866576648095,0.42605518757240024,0.27596756467757744,0.29797724775002227,H
2019-20,2020-01-18,Southampton,Wolves,A,2.63,3.11,3.04,0.3802281368821293,0.3215434083601286,0.32894736842105265,1.0307189136633106,0.030718913663310587,0.3688960509424907,0.31196032603818347,0.31914362301932586,H
2019-20,2020-01-18,West Ham,Everton,D,2.97,3.45,2.48,0.33670033670033667,0.2898550724637681,0.40322580645161293,1.0297812156157178,0.029781215615717782,0.32696298164559134,0.28147247985142215,0.39156453850298645,A
2019-20,2020-01-18,Newcastle,Chelsea,H,5.51,4.42,1.61,0.18148820326678766,0.22624434389140272,0.6211180124223602,1.0288505595805506,0.028850559580550605,0.17639899359220654,0.2199001028717326,0.6037009035360609,A
2019-20,2020-01-19,Burnley,Leicester,H,4.22,3.75,1.91,0.23696682464454977,0.26666666666666666,0.5235602094240838,1.0271937007353,0.02719370073530003,0.23069341690366763,0.2596069918222606,0.5096995912740719,A
2019-20,2020-01-19,Liverpool,Man United,H,1.46,4.64,7.58,0.684931506849315,0.21551724137931036,0.13192612137203166,1.0323748696006572,0.03237486960065716,0.6634523243618473,0.20875870551040887,0.12778897012774368,H
2019-20,2020-01-21,Aston Villa,Watford,H,3.12,3.43,2.39,0.3205128205128205,0.29154518950437314,0.41841004184100417,1.0304680518581977,0.030468051858197676,0.31103615481804975,0.2829250154613164,0.406038829720634,A
2019-20,2020-01-21,Bournemouth,Brighton,H,2.87,3.28,2.66,0.3484320557491289,0.3048780487804878,0.37593984962406013,1.0292499541536768,0.029249954153676816,0.33853006681514475,0.2962138084632517,0.36525612472160357,A
2019-20,2020-01-21,Crystal Palace,Southampton,A,2.82,3.24,2.72,0.3546099290780142,0.30864197530864196,0.3676470588235294,1.0308989632101855,0.03089896321018548,0.3439812646370024,0.29939110070257613,0.3566276346604215,A
2019-20,2020-01-21,Everton,Newcastle,D,1.49,4.45,7.4,0.6711409395973155,0.2247191011235955,0.13513513513513511,1.030995175856046,0.030995175856046053,0.6509641900507053,0.21796329060124736,0.1310725193480474,H
2019-20,2020-01-21,Sheffield United,Man City,A,8.26,4.69,1.43,0.12106537530266344,0.21321961620469082,0.6993006993006994,1.0335856908080536,0.033585690808053625,0.11713143513820799,0.20629118427326185,0.6765773805885302,A
2019-20,2020-01-21,Chelsea,Arsenal,D,1.74,3.93,4.96,0.5747126436781609,0.2544529262086514,0.20161290322580647,1.0307784731126188,0.03077847311261883,0.5575520431104017,0.24685510305651373,0.1955928538330845,H
2019-20,2020-01-22,Leicester,West Ham,H,1.49,4.72,6.75,0.6711409395973155,0.21186440677966104,0.14814814814814814,1.0311534945251246,0.031153494525124614,0.650864243937218,0.2054635007344184,0.14367225532836367,H
2019-20,2020-01-22,Tottenham,Norwich,H,1.39,5.05,8.8,0.7194244604316548,0.19801980198019803,0.11363636363636363,1.0310806260482164,0.031080626048216375,0.697738316729862,0.19205074460485308,0.110210938665285,H
2019-20,2020-01-22,Man United,Burnley,A,1.47,4.42,8.14,0.6802721088435374,0.22624434389140272,0.12285012285012284,1.029366575585063,0.02936657558506295,0.6608647735204438,0.21978986811652768,0.11934535836302854,H
2019-20,2020-01-23,Wolves,Liverpool,A,5.02,4.09,1.7,0.19920318725099603,0.24449877750611249,0.5882352941176471,1.0319372588747555,0.031937258874755514,0.19303808011371842,0.23693182449165437,0.5700300953946272,A
2019-20,2020-01-29,West Ham,Liverpool,A,8.76,5.25,1.38,0.11415525114155252,0.19047619047619047,0.7246376811594204,1.0292691227771633,0.029269122777163314,0.11090904080901601,0.1850596566641867,0.7040313025267974,A
2019-20,2020-02-01,Leicester,Chelsea,D,2.63,3.49,2.74,0.3802281368821293,0.28653295128939826,0.36496350364963503,1.0317245918211626,0.03172459182116261,0.36853646786781,0.27772232392330665,0.35374120820888333,H
2019-20,2020-02-01,Bournemouth,Aston Villa,H,2.15,3.4,3.7,0.46511627906976744,0.29411764705882354,0.27027027027027023,1.0295041963988611,0.02950419639886115,0.4517866762434908,0.2856886335069133,0.26252469024959596,H
2019-20,2020-02-01,Crystal Palace,Sheffield United,A,3.25,3.03,2.55,0.3076923076923077,0.33003300330033003,0.3921568627450981,1.029882173737736,0.02988217373773594,0.29876457282060204,0.32045705005510117,0.38077837712429674,A
2019-20,2020-02-01,Liverpool,Southampton,H,1.31,5.65,10.51,0.7633587786259541,0.17699115044247787,0.09514747859181732,1.0354974076602494,0.03549740766024945,0.737190429429269,0.17092379868183052,0.09188577188890035,H
2019-20,2020-02-01,Newcastle,Norwich,D,2.25,3.38,3.44,0.4444444444444444,0.2958579881656805,0.29069767441860467,1.0310001070287296,0.031000107028729573,0.43108089069486355,0.2869621313797169,0.2819569779254195,H
2019-20,2020-02-01,Watford,Everton,A,3.1,3.39,2.42,0.3225806451612903,0.2949852507374631,0.4132231404958678,1.0307890363946213,0.030789036394621272,0.312945359110121,0.28617422219509586,0.4008804186947831,A
2019-20,2020-02-01,West Ham,Brighton,D,2.52,3.42,2.93,0.3968253968253968,0.29239766081871343,0.341296928327645,1.0305199859717553,0.030519985971755315,0.3850729750293975,0.2837379816006087,0.3311890433699938,H
2019-20,2020-02-01,Man United,Wolves,D,2.12,3.5,3.68,0.4716981132075471,0.2857142857142857,0.2717391304347826,1.0291515293566156,0.02915152935661558,0.4583368918495743,0.27762120306317073,0.2640419050872548,H
2019-20,2020-02-02,Burnley,Arsenal,D,4.03,3.71,1.96,0.24813895781637715,0.2695417789757412,0.5102040816326531,1.0278848184247713,0.027884818424771307,0.24140735748646328,0.2622295554367782,0.4963630870767587,A
2019-20,2020-02-02,Tottenham,Man City,H,6.08,4.77,1.52,0.16447368421052633,0.20964360587002098,0.6578947368421053,1.0320120269226525,0.03201202692265248,0.15937186769127967,0.20314066154360177,0.6374874707651187,A
2019-20,2020-02-08,Everton,Crystal Palace,H,1.67,3.77,6.05,0.5988023952095809,0.26525198938992045,0.1652892561983471,1.0293436407978485,0.029343640797848458,0.581732252938821,0.2576904144317854,0.16057733262939355,H
2019-20,2020-02-08,Brighton,Watford,D,2.36,3.3,3.28,0.42372881355932207,0.30303030303030304,0.3048780487804878,1.0316371653701129,0.03163716537011285,0.4107343432196959,0.2937372878783279,0.29552836890197626,H
2019-20,2020-02-09,Sheffield United,Bournemouth,H,1.81,3.42,5.46,0.5524861878453039,0.29239766081871343,0.18315018315018314,1.0280340318142005,0.0280340318142005,0.5374201346917631,0.2844241063719565,0.1781557589362804,H
2019-20,2020-02-14,Wolves,Leicester,D,2.69,3.17,2.91,0.3717472118959108,0.31545741324921134,0.3436426116838488,1.030847236828971,0.030847236828970948,0.36062298914381996,0.30601761539333616,0.3333593954628439,H
2019-20,2020-02-15,Southampton,Burnley,A,1.65,4.12,5.49,0.6060606060606061,0.24271844660194175,0.18214936247723132,1.030928415139779,0.030928415139779064,0.587878457088054,0.2354367607270119,0.17668478218493422,H
2019-20,2020-02-15,Norwich,Liverpool,A,9.19,5.38,1.36,0.1088139281828074,0.1858736059479554,0.7352941176470588,1.0299816517778215,0.029981651777821527,0.10564647243471456,0.18046302633364814,0.7138905012316373,A
2019-20,2020-02-16,Aston Villa,Tottenham,A,3.95,3.74,1.97,0.2531645569620253,0.267379679144385,0.5076142131979695,1.0281584493043798,0.02815844930437983,0.24623107180931944,0.2600568806542278,0.49371204753645276,A
2019-20,2020-02-16,Arsenal,Newcastle,H,1.46,4.55,7.93,0.684931506849315,0.21978021978021978,0.12610340479192939,1.0308151314214642,0.030815131421464192,0.6644562016710157,0.2132101218548754,0.12233367647410884,H
2019-20,2020-02-17,Chelsea,Man United,A,2.02,3.47,4.08,0.49504950495049505,0.2881844380403458,0.24509803921568626,1.028331982206527,0.028331982206527107,0.4814101997374918,0.2802445543140442,0.23834524594846404,H
2019-20,2020-02-19,Man City,West Ham,H,1.13,10.24,21.36,0.8849557522123894,0.09765625,0.04681647940074907,1.0294284816131385,0.02942848161313849,0.8596573419317514,0.09486453089676553,0.045478127171483106,H
2019-20,2020-02-22,Chelsea,Tottenham,H,1.88,3.55,4.6,0.5319148936170213,0.28169014084507044,0.2173913043478261,1.030996338809918,0.030996338809917923,0.5159231644129912,0.27322128143561225,0.21085555415139642,H
2019-20,2020-02-22,Burnley,Bournemouth,H,2.22,3.38,3.53,0.4504504504504504,0.2958579881656805,0.28328611898017,1.029594557596301,0.02959455759630103,0.43750275011367123,0.2873538772935948,0.2751433725927338,H
2019-20,2020-02-22,Crystal Palace,Newcastle,H,2.25,3.23,3.62,0.4444444444444444,0.30959752321981426,0.27624309392265195,1.0302850615869106,0.030285061586910578,0.4313800723849017,0.300496954447687,0.26812297316741135,H
2019-20,2020-02-22,Sheffield United,Brighton,D,1.97,3.44,4.38,0.5076142131979695,0.29069767441860467,0.22831050228310504,1.0266223898996794,0.026622389899679355,0.4944507524792764,0.2831592972047019,0.2223899503160216,H
2019-20,2020-02-22,Southampton,Aston Villa,H,1.77,3.98,4.67,0.5649717514124294,0.25125628140703515,0.21413276231263384,1.0303607951320983,0.030360795132098328,0.5483241929250585,0.24385271896415917,0.20782308811078234,H
2019-20,2020-02-22,Leicester,Man City,A,5.52,4.55,1.58,0.1811594202898551,0.21978021978021978,0.6329113924050632,1.033851032475138,0.03385103247513799,0.17522777905066475,0.21258403084827895,0.6121881901010564,A
2019-20,2020-02-23,Man United,Watford,H,1.61,3.98,6.31,0.6211180124223602,0.25125628140703515,0.1584786053882726,1.030852899217668,0.030852899217667984,0.6025282684791762,0.24373630961092302,0.15373542190990078,H
2019-20,2020-02-23,Wolves,Norwich,H,1.51,4.37,7.27,0.6622516556291391,0.22883295194508008,0.13755158184319122,1.0286361894174103,0.028636189417410307,0.6438152404536917,0.22246247439017716,0.1337222851561313,H
2019-20,2020-02-23,Arsenal,Everton,H,2.0,3.67,3.91,0.5,0.2724795640326976,0.2557544757033248,1.0282340397360223,0.028234039736022343,0.4862706161025019,0.26499761095504193,0.24873177294245621,H
2019-20,2020-02-24,Liverpool,West Ham,H,1.15,9.09,19.01,0.8695652173913044,0.11001100110011001,0.052603892688058915,1.0321801111794733,0.03218011117947328,0.8424549242647694,0.10658120604009734,0.050963869695133335,H
2019-20,2020-02-28,Norwich,Leicester,H,4.18,3.89,1.88,0.23923444976076558,0.2570694087403599,0.5319148936170213,1.0282187521181467,0.028218752118146728,0.23266882583880022,0.25001431671110147,0.5173168574500983,A
2019-20,2020-02-29,Brighton,Crystal Palace,A,2.26,3.16,3.68,0.4424778761061947,0.3164556962025316,0.2717391304347826,1.0306727027435088,0.03067270274350875,0.42930978469535436,0.30703801057325975,0.26365220473138606,H
2019-20,2020-02-29,Bournemouth,Chelsea,D,4.09,3.79,1.93,0.24449877750611249,0.2638522427440633,0.5181347150259068,1.0264857352760826,0.026485735276082556,0.23819013660267996,0.25704423712531954,0.5047656262720006,A
2019-20,2020-02-29,Newcastle,Burnley,D,2.75,3.26,2.78,0.36363636363636365,0.3067484662576687,0.3597122302158274,1.0300970601098598,0.030097060109859797,0.35301174784207406,0.29778598360911157,0.3492022685488143,H
2019-20,2020-02-29,West Ham,Southampton,H,2.58,3.52,2.79,0.38759689922480617,0.2840909090909091,0.35842293906810035,1.0301107473838156,0.030110747383815584,0.3762672122479943,0.27578676352267767,0.3479460242293281,H
2019-20,2020-02-29,Watford,Liverpool,H,6.75,4.76,1.49,0.14814814814814814,0.21008403361344538,0.6711409395973155,1.029373121358909,0.029373121358909016,0.14392074659242407,0.20408929401236608,0.6519899593952098,A
2019-20,2020-03-01,Everton,Man United,D,2.89,3.3,2.62,0.3460207612456747,0.30303030303030304,0.38167938931297707,1.0307304535889548,0.030730453588954765,0.3357044123813813,0.29399568235824003,0.37029990526037865,A
2019-20,2020-03-01,Tottenham,Wolves,A,2.88,3.1,2.77,0.3472222222222222,0.3225806451612903,0.36101083032490977,1.0308136977084223,0.03081369770842235,0.33684284851290175,0.31293787216682484,0.35021927932027336,A
2019-20,2020-03-07,Liverpool,Bournemouth,H,1.22,7.06,13.2,0.819672131147541,0.141643059490085,0.07575757575757576,1.0370727663952017,0.03707276639520174,0.7903708955704899,0.13657967317223763,0.07304943125727255,H
2019-20,2020-03-07,Arsenal,West Ham,H,1.68,4.15,5.1,0.5952380952380952,0.24096385542168672,0.19607843137254904,1.032280382032331,0.03228038203233097,0.576624438087454,0.23342868818961993,0.18994687372292607,H
2019-20,2020-03-07,Crystal Palace,Watford,H,2.8,3.05,2.89,0.35714285714285715,0.3278688524590164,0.3460207612456747,1.0310324708475482,0.031032470847548232,0.3463934136325232,0.318000510875759,0.3356060754917179,H
2019-20,2020-03-07,Sheffield United,Norwich,H,1.66,4.07,5.48,0.6024096385542169,0.24570024570024568,0.18248175182481752,1.0305916360792802,0.03059163607928017,0.584527971569794,0.2384069859473852,0.1770650424828208,H
2019-20,2020-03-07,Southampton,Newcastle,A,1.75,3.95,4.89,0.5714285714285714,0.2531645569620253,0.20449897750511248,1.0290921058957092,0.029092105895709208,0.5552744678098632,0.2460076756119647,0.19871785657817195,H
2019-20,2020-03-07,Wolves,Brighton,D,1.75,3.67,5.31,0.5714285714285714,0.2724795640326976,0.18832391713747648,1.0322320525987454,0.0322320525987454,0.5535853783942709,0.263971229479557,0.18244339212617217,H
2019-20,2020-03-07,Burnley,Tottenham,D,2.73,3.35,2.74,0.3663003663003663,0.29850746268656714,0.36496350364963503,1.0297713326365685,0.029771332636568504,0.3557103938429821,0.2898774254302511,0.35441218072676683,H
2019-20,2020-03-08,Chelsea,Everton,H,1.88,3.86,4.19,0.5319148936170213,0.2590673575129534,0.2386634844868735,1.0296457356168482,0.029645735616848246,0.5165999092866222,0.25160824597379533,0.2317918447395823,H
2019-20,2020-03-08,Man United,Man City,H,4.36,3.93,1.83,0.2293577981651376,0.2544529262086514,0.5464480874316939,1.030258811805483,0.030258811805482955,0.22262153503273435,0.24697961647397504,0.5303988484932906,A
2019-20,2020-03-09,Leicester,Aston Villa,H,1.52,4.6,6.34,0.6578947368421053,0.2173913043478261,0.15772870662460567,1.033014747814537,0.03301474781453706,0.636868678045457,0.21044356318023796,0.15268775877430513,H
2019-20,2020-06-17,Aston Villa,Sheffield United,D,3.33,3.38,2.35,0.3003003003003003,0.2958579881656805,0.425531914893617,1.0216902033595978,0.021690203359597815,0.29392500712332414,0.2895770040593697,0.41649798881730615,A
2019-20,2020-06-17,Man City,Arsenal,H,1.29,6.6,9.96,0.7751937984496123,0.15151515151515152,0.1004016064257028,1.0271105563904666,0.027110556390466556,0.7547325783252047,0.14751591303629003,0.09775150863850542,H
2019-20,2020-06-19,Norwich,Southampton,A,2.96,3.5,2.51,0.33783783783783783,0.2857142857142857,0.39840637450199207,1.0219584980541156,0.02195849805411565,0.3305788233877462,0.2795752334936367,0.38984594311861703,A
2019-20,2020-06-19,Tottenham,Man United,D,3.39,3.52,2.26,0.2949852507374631,0.2840909090909091,0.4424778761061947,1.021554035934567,0.02155403593456695,0.2887612797374897,0.2780968006562756,0.4331419196062346,A
2019-20,2020-06-20,Watford,Leicester,D,3.78,3.44,2.14,0.2645502645502646,0.29069767441860467,0.4672897196261682,1.0225376585950374,0.022537658595037424,0.2587193364729037,0.28429043368243484,0.45699022984466153,A
2019-20,2020-06-20,Brighton,Arsenal,H,3.29,3.45,2.33,0.303951367781155,0.2898550724637681,0.4291845493562232,1.0229909896011464,0.022990989601146428,0.2971202785467959,0.2833407873678141,0.41953893408538995,A
2019-20,2020-06-20,West Ham,Wolves,A,4.2,3.58,1.98,0.23809523809523808,0.27932960893854747,0.5050505050505051,1.0224753520842906,0.022475352084290634,0.23286159183190758,0.27318957700950053,0.4939488311585919,A
2019-20,2020-06-20,Bournemouth,Crystal Palace,A,2.85,3.13,2.85,0.3508771929824561,0.3194888178913738,0.3508771929824561,1.021243203856286,0.021243203856285975,0.34357848518111966,0.31284302963776073,0.34357848518111966,H
2019-20,2020-06-21,Newcastle,Sheffield United,H,3.31,3.13,2.5,0.3021148036253776,0.3194888178913738,0.4,1.0216036215167514,0.021603621516751437,0.2957260499691991,0.31273265987158116,0.3915412901592197,A
2019-20,2020-06-21,Aston Villa,Chelsea,A,7.25,4.61,1.49,0.13793103448275862,0.21691973969631234,0.6711409395973155,1.0259917137763863,0.025991713776386316,0.13443679186752236,0.21142445575694946,0.6541387523755283,A
2019-20,2020-06-21,Everton,Liverpool,D,6.04,4.05,1.63,0.16556291390728478,0.2469135802469136,0.6134969325153374,1.0259734266695357,0.025973426669535726,0.16137154199473464,0.24066274411066596,0.5979657138945995,A
2019-20,2020-06-22,Man City,Burnley,H,1.13,9.76,28.4,0.8849557522123894,0.10245901639344263,0.035211267605633804,1.0226260362114659,0.02262603621146586,0.8653757296175393,0.10019206705612903,0.03443220332633167,H
2019-20,2020-06-23,Leicester,Brighton,D,1.65,3.99,6.02,0.6060606060606061,0.2506265664160401,0.16611295681063123,1.0228001292872775,0.022800129287277482,0.5925503807698285,0.24503963114541777,0.16240998808475365,H
2019-20,2020-06-23,Tottenham,West Ham,H,1.56,4.19,6.86,0.641025641025641,0.2386634844868735,0.14577259475218657,1.025461720264701,0.02546172026470095,0.6251092833189072,0.23273758519749294,0.1421531314835999,H
2019-20,2020-06-24,Man United,Sheffield United,H,1.37,5.0,10.32,0.7299270072992701,0.2,0.09689922480620154,1.0268262321054715,0.026826232105471526,0.710857382171256,0.19477492271492416,0.09436769511381984,H
2019-20,2020-06-24,Newcastle,Aston Villa,D,2.4,3.45,3.17,0.4166666666666667,0.2898550724637681,0.31545741324921134,1.0219791523796462,0.021979152379646205,0.4077056422300509,0.28362131633394844,0.3086730414360006,H
2019-20,2020-06-24,Norwich,Everton,A,4.48,3.62,1.91,0.2232142857142857,0.27624309392265195,0.5235602094240838,1.0230175890610214,0.02301758906102136,0.21819203120365052,0.27002770712495977,0.5117802616713898,A
2019-20,2020-06-24,Wolves,Bournemouth,H,1.59,3.83,7.43,0.6289308176100629,0.2610966057441253,0.13458950201884254,1.0246169253730306,0.024616925373030618,0.6138204455104908,0.25482363142602615,0.13135592306348323,H
2019-20,2020-06-24,Liverpool,Crystal Palace,H,1.3,5.85,11.67,0.7692307692307692,0.17094017094017094,0.0856898029134533,1.0258607430843933,0.025860743084393345,0.7498393660312701,0.16663097022917114,0.0835296637395588,H
2019-20,2020-06-25,Burnley,Watford,H,3.72,3.33,2.2,0.26881720430107525,0.3003003003003003,0.45454545454545453,1.02366295914683,0.02366295914683003,0.2626032346868548,0.293358568479009,0.4440381968341363,A
2019-20,2020-06-25,Southampton,Arsenal,A,2.7,3.65,2.65,0.37037037037037035,0.273972602739726,0.37735849056603776,1.0217014636761341,0.021701463676134125,0.3625035135388363,0.26815328398763233,0.36934320247353136,A
2019-20,2020-06-25,Chelsea,Man City,H,4.29,3.96,1.85,0.2331002331002331,0.25252525252525254,0.5405405405405405,1.0261660261660261,0.026166026166026146,0.22715645144786656,0.2460861557351888,0.5267573928169446,A
2019-20,2020-06-27,Aston Villa,Wolves,A,4.61,3.48,1.93,0.21691973969631234,0.28735632183908044,0.5181347150259068,1.0224107765612995,0.022410776561299528,0.21216495822342962,0.281057602704026,0.5067774390725445,A
2019-20,2020-06-28,Watford,Southampton,A,2.41,3.28,3.31,0.41493775933609955,0.3048780487804878,0.3021148036253776,1.0219306117419649,0.021930611741964867,0.40603320281090705,0.29833537157752626,0.2956314256115668,H
2019-20,2020-06-29,Crystal Palace,Burnley,A,2.06,3.18,4.5,0.4854368932038835,0.31446540880503143,0.2222222222222222,1.022124524231137,0.022124524231136977,0.47492930821617757,0.30765860846708354,0.21741208331673906,H
2019-20,2020-06-30,Brighton,Man United,A,7.42,4.14,1.54,0.1347708894878706,0.24154589371980678,0.6493506493506493,1.0256674325583268,0.02566743255832682,0.13139823417392807,0.2355011829880547,0.6331005828380172,A
2019-20,2020-07-01,Arsenal,Norwich,H,1.47,4.89,7.05,0.6802721088435374,0.20449897750511248,0.14184397163120568,1.0266150579798556,0.02661505797985564,0.6626360129396093,0.19919732904319545,0.13816665801719516,H
2019-20,2020-07-01,Bournemouth,Newcastle,A,2.2,3.22,3.88,0.45454545454545453,0.3105590062111801,0.2577319587628866,1.0228364195195212,0.0228364195195212,0.4443970178134426,0.30362529167378066,0.2519776905127768,H
2019-20,2020-07-01,Everton,Leicester,H,2.64,3.25,2.99,0.3787878787878788,0.3076923076923077,0.33444816053511706,1.0209283470153037,0.02092834701530366,0.37102298108899584,0.3013848215615228,0.32759219734948125,H
2019-20,2020-07-01,West Ham,Chelsea,H,7.15,4.78,1.48,0.13986013986013984,0.20920502092050208,0.6756756756756757,1.0247408364563175,0.024740836456317528,0.13648342574479003,0.20415407825842025,0.6593624959967898,A
2019-20,2020-07-02,Sheffield United,Tottenham,H,4.66,3.7,1.83,0.2145922746781116,0.27027027027027023,0.5464480874316939,1.0313106323800758,0.03131063238007581,0.20807724456682075,0.26206485396794177,0.5298579014652375,A
2019-20,2020-07-02,Man City,Liverpool,H,2.05,3.79,3.59,0.48780487804878053,0.2638522427440633,0.2785515320334262,1.03020865282627,0.030208652826269944,0.473501049239432,0.2561153432561571,0.270383607504411,H
2019-20,2020-07-04,Norwich,Brighton,A,3.41,3.25,2.33,0.29325513196480935,0.3076923076923077,0.4291845493562232,1.0301319890133402,0.030131989013340243,0.2846772404822502,0.29869212001368406,0.41663063950406576,A
2019-20,2020-07-04,Leicester,Crystal Palace,H,1.66,3.86,5.85,0.6024096385542169,0.2590673575129534,0.17094017094017094,1.0324171670073412,0.03241716700734121,0.5834944030429255,0.25093282617908197,0.16557277077799254,H
2019-20,2020-07-04,Man United,Bournemouth,H,1.19,7.81,16.0,0.8403361344537815,0.12804097311139565,0.0625,1.030877107565177,0.03087710756517703,0.8151661612105897,0.12420585554937282,0.06062798324003761,H
2019-20,2020-07-04,Wolves,Arsenal,A,2.4,3.21,3.32,0.4166666666666667,0.3115264797507788,0.30120481927710846,1.029397965694554,0.029397965694553996,0.40476733056834235,0.30262977986418116,0.29260288956747643,H
2019-20,2020-07-04,Chelsea,Watford,H,1.37,5.16,9.16,0.7299270072992701,0.19379844961240308,0.1091703056768559,1.032895762588529,0.03289576258852911,0.7066802224747324,0.18762633813767116,0.10569343938759644,H
2019-20,2020-07-05,Burnley,Sheffield United,D,3.21,2.95,2.64,0.3115264797507788,0.3389830508474576,0.3787878787878788,1.0292974093861154,0.02929740938611536,0.3026593450153311,0.3293344059319366,0.36800624905273216,A
2019-20,2020-07-05,Newcastle,West Ham,D,2.75,3.43,2.66,0.36363636363636365,0.29154518950437314,0.37593984962406013,1.0311214027647968,0.0311214027647968,0.35266105684677623,0.28274574528531615,0.3645931978679077,A
2019-20,2020-07-05,Liverpool,Aston Villa,H,1.18,8.0,15.87,0.8474576271186441,0.125,0.06301197227473221,1.0354695993933762,0.03546959939337624,0.8184283030763262,0.12071817470375809,0.06085352221991587,H
2019-20,2020-07-05,Southampton,Man City,H,8.93,5.99,1.32,0.11198208286674133,0.1669449081803005,0.7575757575757576,1.0365027486227993,0.03650274862279934,0.10803838486249251,0.16106557209049382,0.7308960430470137,A
2019-20,2020-07-06,Tottenham,Everton,H,2.01,3.64,3.92,0.49751243781094534,0.2747252747252747,0.25510204081632654,1.0273397533525466,0.02733975335254657,0.4842725458519434,0.2674142354841775,0.24831321866387912,H
2019-20,2020-07-07,Crystal Palace,Chelsea,A,7.51,4.4,1.49,0.13315579227696406,0.22727272727272727,0.6711409395973155,1.0315694591470068,0.03156945914700682,0.12908078180898172,0.22031742531487558,0.6506017928761427,A
2019-20,2020-07-07,Watford,Norwich,H,1.8,3.74,4.8,0.5555555555555556,0.267379679144385,0.20833333333333334,1.0312685680332738,0.031268568033273825,0.5387108390349299,0.2592725963269715,0.2020165646380987,H
2019-20,2020-07-07,Arsenal,Leicester,D,2.24,3.46,3.39,0.4464285714285714,0.28901734104046245,0.2949852507374631,1.0304311632064969,0.03043116320649686,0.4332444391912357,0.2804819490717827,0.28627361173698174,H
2019-20,2020-07-08,Man City,Newcastle,H,1.09,12.02,25.19,0.9174311926605504,0.0831946755407654,0.03969829297340214,1.040324161174718,0.04032416117471804,0.8818705043095425,0.07996995421775387,0.038159541472703506,H
2019-20,2020-07-08,Sheffield United,Wolves,H,4.27,3.11,2.11,0.234192037470726,0.3215434083601286,0.47393364928909953,1.0296690951199543,0.029669095119954303,0.22744398038230246,0.3122783910715214,0.46027762854617604,A
2019-20,2020-07-08,West Ham,Burnley,A,1.87,3.67,4.5,0.53475935828877,0.2724795640326976,0.2222222222222222,1.0294611445436899,0.029461144543689866,0.519455601722397,0.2646817371174067,0.21586266116019612,H
2019-20,2020-07-08,Brighton,Liverpool,A,5.95,4.07,1.62,0.1680672268907563,0.24570024570024568,0.6172839506172839,1.031051423208286,0.03105142320828591,0.16300566888098317,0.23830067072281322,0.5986936603962036,A
2019-20,2020-07-09,Bournemouth,Tottenham,D,4.8,3.81,1.79,0.20833333333333334,0.26246719160104987,0.5586592178770949,1.0294597428114782,0.02945974281147823,0.2023715203902682,0.2549562461609678,0.5426722334487639,A
2019-20,2020-07-09,Everton,Southampton,D,2.1,3.44,3.81,0.47619047619047616,0.29069767441860467,0.26246719160104987,1.0293553422101307,0.029355342210130697,0.46261038988542746,0.2824075054533133,0.25498210466125926,H
2019-20,2020-07-09,Aston Villa,Man United,A,9.29,5.84,1.33,0.10764262648008613,0.17123287671232876,0.7518796992481203,1.030755202440535,0.03075520244053509,0.1044308350083696,0.16612370842940982,0.7294454565622206,A
2019-20,2020-07-11,Norwich,West Ham,A,3.64,3.55,2.11,0.2747252747252747,0.28169014084507044,0.47393364928909953,1.0303490648594447,0.030349064859444663,0.2666332062549612,0.27339292134311516,0.4599738724019236,A
2019-20,2020-07-11,Watford,Newcastle,H,1.92,3.57,4.41,0.5208333333333334,0.2801120448179272,0.22675736961451246,1.027702747765773,0.027702747765772973,0.5067937538024742,0.27256134658284326,0.22064489961468262,H
2019-20,2020-07-11,Liverpool,Burnley,D,1.23,6.82,13.07,0.8130081300813008,0.14662756598240467,0.07651109410864575,1.0361467901723511,0.03614679017235112,0.7846457063733858,0.1415123488034112,0.0738419448232031,H
2019-20,2020-07-11,Sheffield United,Chelsea,H,5.0,3.83,1.76,0.2,0.2610966057441253,0.5681818181818182,1.0292784239259436,0.029278423925943597,0.19431088357720203,0.2536695608057467,0.5520195556170512,A
2019-20,2020-07-11,Brighton,Man City,A,12.68,6.77,1.24,0.07886435331230283,0.14771048744460857,0.8064516129032259,1.0330264536601372,0.033026453660137234,0.07634301428862439,0.14298809766318424,0.7806688880481915,A
2019-20,2020-07-12,Wolves,Everton,H,2.12,3.21,4.07,0.4716981132075471,0.3115264797507788,0.24570024570024568,1.0289248386585716,0.02892483865857165,0.4584378717326998,0.3027689370944934,0.23879319117280678,H
2019-20,2020-07-12,Aston Villa,Crystal Palace,H,2.35,3.45,3.17,0.425531914893617,0.2898550724637681,0.31545741324921134,1.0308444006065964,0.030844400606596434,0.41279936588219757,0.28118217676033747,0.306018457357465,H
2019-20,2020-07-12,Tottenham,Arsenal,H,2.78,3.45,2.63,0.3597122302158274,0.2898550724637681,0.3802281368821293,1.0297954395617248,0.029795439561724812,0.3493045476768851,0.2814685920410842,0.36922686028203067,A
2019-20,2020-07-12,Bournemouth,Leicester,H,4.52,3.9,1.81,0.22123893805309736,0.25641025641025644,0.5524861878453039,1.0301353823086576,0.030135382308657643,0.2147668567186521,0.2489092800944378,0.5363238631869102,A
2019-20,2020-07-13,Man United,Southampton,D,1.28,6.34,10.55,0.78125,0.15772870662460567,0.0947867298578199,1.0337654364824256,0.03376543648242558,0.7557323667720454,0.15257688161959274,0.09169075160836189,H
2019-20,2020-07-14,Chelsea,Norwich,H,1.12,9.66,24.8,0.8928571428571428,0.10351966873706003,0.04032258064516129,1.0366993922393641,0.03669939223936414,0.8612497986793364,0.0998550491222419,0.03889515219842165,H
2019-20,2020-07-15,Burnley,Wolves,D,4.6,3.42,1.93,0.2173913043478261,0.29239766081871343,0.5181347150259068,1.0279236801924463,0.027923680192446287,0.21148584134877255,0.2844546404106297,0.5040595182405978,A
2019-20,2020-07-15,Man City,Bournemouth,H,1.17,8.49,14.53,0.8547008547008548,0.11778563015312131,0.06882312456985547,1.0413096094238314,0.04130960942383144,0.8207941681953465,0.11311297724246822,0.06609285456218549,H
2019-20,2020-07-15,Newcastle,Tottenham,A,5.39,4.28,1.64,0.1855287569573284,0.2336448598130841,0.6097560975609756,1.028929714331388,0.028929714331388023,0.18031237155774765,0.22707562679819154,0.5926120016440609,A
2019-20,2020-07-15,Arsenal,Liverpool,H,4.74,4.33,1.7,0.21097046413502107,0.23094688221709006,0.5882352941176471,1.0301526404697583,0.030152640469758296,0.20479534376460634,0.2241870506799617,0.5710176055554319,A
2019-20,2020-07-16,Everton,Aston Villa,D,2.1,3.62,3.62,0.47619047619047616,0.27624309392265195,0.27624309392265195,1.02867666403578,0.028676664035780064,0.4629156010230179,0.26854219948849106,0.26854219948849106,H
2019-20,2020-07-16,Leicester,Sheffield United,H,2.19,3.22,3.8,0.4566210045662101,0.3105590062111801,0.2631578947368421,1.0303379055142323,0.030337905514232322,0.44317597374845163,0.30141471506494066,0.25540931118660765,H
2019-20,2020-07-16,Crystal Palace,Man United,A,8.65,5.38,1.36,0.11560693641618497,0.1858736059479554,0.7352941176470588,1.0367746600111991,0.03677466001119911,0.11150632907534237,0.17928062202634043,0.7092130488983173,A
2019-20,2020-07-16,Southampton,Brighton,D,2.3,3.45,3.28,0.4347826086956522,0.2898550724637681,0.3048780487804878,1.0295157299399083,0.029515729939908253,0.42231759656652357,0.2815450643776824,0.2961373390557939,H
2019-20,2020-07-17,West Ham,Watford,H,2.54,2.92,3.39,0.39370078740157477,0.3424657534246575,0.2949852507374631,1.0311517915636954,0.031151791563695408,0.3818068208993219,0.3321196318781773,0.2860735472225008,H
2019-20,2020-07-18,Norwich,Burnley,A,3.19,3.45,2.34,0.31347962382445144,0.2898550724637681,0.4273504273504274,1.030685123638647,0.03068512363864695,0.30414684042180457,0.28122562925958156,0.4146275303186139,A
2019-20,2020-07-19,Bournemouth,Southampton,A,2.46,3.82,2.76,0.4065040650406504,0.2617801047120419,0.3623188405797102,1.0306030103324024,0.030603010332402425,0.39443322109988777,0.254006734006734,0.3515600448933783,H
2019-20,2020-07-19,Tottenham,Leicester,H,2.36,3.39,3.22,0.42372881355932207,0.2949852507374631,0.3105590062111801,1.0292730705079653,0.02927307050796535,0.41167774199144647,0.2865957141887356,0.3017265438198179,H
2019-20,2020-07-20,Brighton,Newcastle,D,2.01,3.55,4.0,0.49751243781094534,0.28169014084507044,0.25,1.0292025786560157,0.02920257865601572,0.483396027301663,0.2736974689792514,0.24290650371908562,H
2019-20,2020-07-20,Sheffield United,Everton,A,2.0,3.41,4.25,0.5,0.29325513196480935,0.23529411764705882,1.0285492496118682,0.02854924961186822,0.4861215932914046,0.2851153039832285,0.22876310272536687,H
2019-20,2020-07-20,Wolves,Crystal Palace,H,1.46,4.31,8.7,0.684931506849315,0.2320185614849188,0.1149425287356322,1.031892597069866,0.031892597069866024,0.6637624000736393,0.22484758795997992,0.11139001196638086,H
2019-20,2020-07-21,Watford,Man City,A,9.2,6.37,1.3,0.10869565217391305,0.15698587127158556,0.7692307692307692,1.0349122926762677,0.03491229267626772,0.10502885408079145,0.15169002473206927,0.7432811211871393,A
2019-20,2020-07-21,Aston Villa,Arsenal,H,3.14,3.86,2.21,0.3184713375796178,0.2590673575129534,0.45248868778280543,1.0300273828753765,0.03002738287537654,0.3091872535374623,0.2515150197170031,0.43929772674553474,A
2019-20,2020-07-22,Man United,West Ham,D,1.27,6.55,10.55,0.7874015748031495,0.15267175572519084,0.0947867298578199,1.0348600603861604,0.03486006038616041,0.760877344623126,0.14752888972081987,0.09159376565605402,H
2019-20,2020-07-22,Liverpool,Chelsea,H,1.93,3.8,4.09,0.5181347150259068,0.2631578947368421,0.24449877750611249,1.0257913872688613,0.02579138726886132,0.505107297113719,0.25654133774459936,0.2383513651416816,H
2019-20,2020-07-26,Arsenal,Watford,H,2.05,3.84,3.56,0.48780487804878053,0.2604166666666667,0.2808988764044944,1.0291204211199416,0.02912042111994162,0.4740017475485777,0.25304780793608966,0.2729504445153327,H
2019-20,2020-07-26,Burnley,Brighton,A,2.64,3.39,2.8,0.3787878787878788,0.2949852507374631,0.35714285714285715,1.0309159866681992,0.03091598666819917,0.3674284652545522,0.28613898179115566,0.34643255295429204,H
2019-20,2020-07-26,Chelsea,Wolves,H,1.96,3.38,4.52,0.5102040816326531,0.2958579881656805,0.22123893805309736,1.027301007851431,0.02730100785143108,0.4966451680016643,0.28799542286487045,0.21535940913346507,H
2019-20,2020-07-26,Crystal Palace,Tottenham,D,6.94,4.62,1.49,0.1440922190201729,0.21645021645021645,0.6711409395973155,1.0316833750677048,0.0316833750677048,0.13966709409339545,0.20980295086756806,0.6505299550390365,A
2019-20,2020-07-26,Everton,Bournemouth,A,2.34,3.7,3.01,0.4273504273504274,0.27027027027027023,0.33222591362126247,1.02984661124196,0.029846611241959975,0.4149651245975916,0.2624374031238822,0.3225974722785263,H
2019-20,2020-07-26,Leicester,Man United,A,3.76,3.65,2.05,0.26595744680851063,0.273972602739726,0.48780487804878053,1.0277349275970171,0.027734927597017123,0.25878019678707914,0.26657905203271715,0.47464075118020377,A
2019-20,2020-07-26,Man City,Norwich,H,1.04,18.5,41.0,0.9615384615384615,0.05405405405405406,0.024390243902439025,1.0399827594949547,0.03998275949495467,0.9245715400180403,0.05197591360101417,0.023452546380945415,H
2019-20,2020-07-26,Newcastle,Liverpool,A,5.42,4.62,1.58,0.18450184501845018,0.21645021645021645,0.6329113924050632,1.03386345387373,0.03386345387372991,0.17845861977918814,0.20936054528207787,0.612180834938734,A
2019-20,2020-07-26,Southampton,Sheffield United,H,2.0,3.68,3.93,0.5,0.2717391304347826,0.2544529262086514,1.026192056643434,0.026192056643433936,0.4872382287146592,0.26480338517101043,0.24795838611433038,H
2019-20,2020-07-26,West Ham,Aston Villa,D,2.66,3.53,2.69,0.37593984962406013,0.28328611898017,0.3717472118959108,1.030973180500141,0.030973180500140973,0.36464561516691046,0.27477544938923,0.3605789354438595,H
2020-21,2020-09-12,Fulham,Arsenal,A,5.48,3.98,1.69,0.18248175182481752,0.25125628140703515,0.591715976331361,1.0254540095632136,0.025454009563213642,0.17795215594558414,0.24501955140246257,0.5770282926519533,A
2020-21,2020-09-12,Crystal Palace,Southampton,H,3.09,3.27,2.54,0.3236245954692557,0.3058103975535168,0.39370078740157477,1.0231357804243473,0.023135780424347274,0.31630659552833923,0.2988952232974214,0.38479818117423936,A
2020-21,2020-09-12,Liverpool,Leeds,H,1.28,6.34,11.38,0.78125,0.15772870662460567,0.08787346221441124,1.0268521688390169,0.026852168839016866,0.7608203241984672,0.1536041033082079,0.08557557249332495,H
2020-21,2020-09-12,West Ham,Newcastle,A,2.04,3.59,3.92,0.49019607843137253,0.2785515320334262,0.25510204081632654,1.0238496512811253,0.02384965128112526,0.47877740429759263,0.2720629261189663,0.24915966958344107,H
2020-21,2020-09-13,West Brom,Leicester,A,3.38,3.38,2.32,0.2958579881656805,0.2958579881656805,0.4310344827586207,1.0227504590899816,0.022750459089981634,0.2892768079800499,0.2892768079800499,0.42144638403990026,A
2020-21,2020-09-13,Tottenham,Everton,A,2.09,3.5,3.88,0.47846889952153115,0.2857142857142857,0.2577319587628866,1.0219151439987035,0.021915143998703535,0.46820805262686094,0.2795870942828969,0.2522048530902421,H
2020-21,2020-09-14,Brighton,Chelsea,A,6.07,4.46,1.57,0.16474464579901152,0.2242152466367713,0.6369426751592356,1.0259025675950184,0.02590256759501841,0.16058507991184356,0.2185541334226212,0.6208607866655353,A
2020-21,2020-09-14,Sheffield United,Wolves,A,3.28,2.9,2.68,0.3048780487804878,0.3448275862068966,0.3731343283582089,1.0228399633455934,0.02283996334559335,0.29807013775964164,0.3371276040867671,0.36480225815359124,A
2020-21,2020-09-19,Everton,West Brom,H,1.61,4.12,6.41,0.6211180124223602,0.24271844660194175,0.15600624024961,1.019842699273912,0.019842699273912023,0.6090331507639088,0.23799596425482847,0.1529708849812626,H
2020-21,2020-09-19,Leeds,Fulham,H,1.75,3.91,5.12,0.5714285714285714,0.2557544757033248,0.1953125,1.0224955471318962,0.022495547131896165,0.5588567823414299,0.2501277158817142,0.19101550177685594,H
2020-21,2020-09-19,Man United,Crystal Palace,A,1.38,5.18,9.33,0.7246376811594204,0.19305019305019305,0.10718113612004287,1.0248690103296565,0.024869010329656493,0.7070539491933077,0.18836572391636378,0.10458032689032844,H
2020-21,2020-09-19,Arsenal,West Ham,H,1.53,4.53,6.81,0.6535947712418301,0.22075055187637968,0.14684287812041116,1.0211882012386209,0.021188201238620863,0.6400336103071609,0.21617029222294837,0.14379609746989078,H
2020-21,2020-09-20,Southampton,Tottenham,A,3.45,3.46,2.27,0.2898550724637681,0.28901734104046245,0.44052863436123346,1.019401047865464,0.01940104786546404,0.28433860556716034,0.28351681768979864,0.432144576743041,A
2020-21,2020-09-20,Newcastle,Brighton,A,2.7,3.21,2.96,0.37037037037037035,0.3115264797507788,0.33783783783783783,1.0197346879589868,0.019734687958986807,0.3632026788376414,0.3054975803307264,0.3312997408316324,H
2020-21,2020-09-20,Chelsea,Liverpool,A,3.32,3.89,2.17,0.30120481927710846,0.2570694087403599,0.4608294930875576,1.019103721105026,0.019103721105026006,0.29555855114581325,0.2522504858108226,0.45219096304336404,A
2020-21,2020-09-20,Leicester,Burnley,H,1.55,4.36,6.74,0.6451612903225806,0.2293577981651376,0.14836795252225518,1.0228870410099733,0.022887041009973297,0.6307258421082003,0.22422593010727304,0.14504822778452678,H
2020-21,2020-09-21,Aston Villa,Sheffield United,H,2.46,3.19,3.35,0.4065040650406504,0.31347962382445144,0.29850746268656714,1.018491151551669,0.018491151551669027,0.3991238062513772,0.3077882643819398,0.29308792936668293,H
2020-21,2020-09-21,Wolves,Man City,A,6.7,4.55,1.53,0.14925373134328357,0.21978021978021978,0.6535947712418301,1.0226287223653334,0.02262872236533342,0.14595104565228784,0.2149169243671052,0.6391320299806069,A
2020-21,2020-09-26,Brighton,Man United,A,5.58,4.36,1.63,0.17921146953405018,0.2293577981651376,0.6134969325153374,1.022066200214525,0.0220662002145251,0.17534233056179221,0.2244060102144038,0.6002516592238041,A
2020-21,2020-09-26,Crystal Palace,Everton,A,3.58,3.34,2.27,0.27932960893854747,0.29940119760479045,0.44052863436123346,1.0192594409045714,0.019259440904571434,0.2740515296975305,0.29374385518477825,0.43220461511769126,A
2020-21,2020-09-26,West Brom,Chelsea,D,6.96,5.03,1.47,0.14367816091954022,0.19880715705765406,0.6802721088435374,1.0227574268207316,0.022757426820731563,0.14048117095191143,0.19438348903087543,0.6651353400172133,A
2020-21,2020-09-26,Burnley,Southampton,A,3.37,3.47,2.3,0.29673590504451036,0.2881844380403458,0.4347826086956522,1.0197029517805083,0.019702951780508293,0.2910023007449163,0.2826160672940542,0.42638163196102963,A
2020-21,2020-09-27,Sheffield United,Leeds,A,3.09,3.44,2.47,0.3236245954692557,0.29069767441860467,0.4048582995951417,1.019180569483002,0.019180569483002063,0.31753411040147694,0.2852268607966755,0.3972390288018476,A
2020-21,2020-09-27,Tottenham,Newcastle,D,1.42,5.05,8.16,0.7042253521126761,0.19801980198019803,0.12254901960784313,1.0247941737007173,0.024794173700717348,0.6871871154083466,0.19322885225343608,0.11958403233821717,H
2020-21,2020-09-27,Man City,Leicester,A,1.32,5.9,9.96,0.7575757575757576,0.1694915254237288,0.1004016064257028,1.027468889425189,0.027468889425189102,0.7373223319682005,0.16496025054203808,0.0977174174897615,H
2020-21,2020-09-27,West Ham,Wolves,H,3.43,3.35,2.33,0.29154518950437314,0.29850746268656714,0.4291845493562232,1.0192372015471634,0.01923720154716335,0.28604253167154675,0.292873398099524,0.4210840702289294,A
2020-21,2020-09-28,Fulham,Aston Villa,A,3.04,3.49,2.48,0.32894736842105265,0.28653295128939826,0.40322580645161293,1.0187061261620638,0.018706126162063796,0.32290702880167144,0.28127145202208625,0.39582151917624236,A
2020-21,2020-09-28,Liverpool,Arsenal,H,1.5,5.25,5.95,0.6666666666666666,0.19047619047619047,0.1680672268907563,1.0252100840336134,0.025210084033613356,0.6502732240437159,0.18579234972677597,0.16393442622950818,H
2020-21,2020-10-03,Chelsea,Crystal Palace,H,1.56,4.31,6.67,0.641025641025641,0.2320185614849188,0.14992503748125938,1.022969239991819,0.0229692399918191,0.6266323716935686,0.22680893267795063,0.14655869562848084,H
2020-21,2020-10-03,Everton,Brighton,H,1.81,3.86,4.78,0.5524861878453039,0.2590673575129534,0.20920502092050208,1.0207585662787593,0.020758566278759272,0.5412506013634818,0.2537988571160368,0.20495054152048156,H
2020-21,2020-10-03,Leeds,Man City,D,8.85,7.49,1.28,0.11299435028248588,0.13351134846461948,0.78125,1.0277556987471055,0.027755698747105484,0.10994281074795559,0.1299057243150076,0.7601514649370367,A
2020-21,2020-10-03,Newcastle,Burnley,H,2.45,3.38,3.17,0.4081632653061224,0.2958579881656805,0.31545741324921134,1.0194786667210143,0.01947866672101428,0.40036469484831155,0.2902051782184507,0.3094301269332377,H
2020-21,2020-10-04,Leicester,West Ham,A,1.87,3.88,4.38,0.53475935828877,0.2577319587628866,0.22831050228310504,1.0208018193347617,0.020801819334761662,0.5238620740676806,0.2524799171408667,0.2236580087914527,H
2020-21,2020-10-04,Southampton,West Brom,H,1.88,3.88,4.34,0.5319148936170213,0.2577319587628866,0.2304147465437788,1.0200615989236868,0.020061598923686752,0.5214536986572857,0.25266313233909726,0.22588316900361688,H
2020-21,2020-10-04,Arsenal,Sheffield United,H,1.5,4.46,7.41,0.6666666666666666,0.2242152466367713,0.1349527665317139,1.0258346798351519,0.025834679835151864,0.6498772948227853,0.21856859691349287,0.13155410826372174,H
2020-21,2020-10-04,Wolves,Fulham,H,1.82,3.64,5.08,0.5494505494505494,0.2747252747252747,0.19685039370078738,1.0210262178766114,0.02102621787661141,0.538135593220339,0.2690677966101695,0.19279661016949154,H
2020-21,2020-10-04,Man United,Tottenham,A,2.12,3.7,3.6,0.4716981132075471,0.27027027027027023,0.2777777777777778,1.0197461612555951,0.01974616125559514,0.4625642450340325,0.2650368106681483,0.2723989442978192,H
2020-21,2020-10-04,Aston Villa,Liverpool,H,6.76,5.1,1.47,0.14792899408284024,0.19607843137254904,0.6802721088435374,1.0242795342989268,0.02427953429892682,0.1444224834425604,0.19143058589641343,0.664146930661026,A
2020-21,2020-10-17,Everton,Liverpool,D,4.22,4.24,1.83,0.23696682464454977,0.23584905660377356,0.5464480874316939,1.0192639686800171,0.01926396868001712,0.23248817963361365,0.23139153727685127,0.5361202830895352,A
2020-21,2020-10-17,Chelsea,Southampton,D,1.62,4.53,5.39,0.6172839506172839,0.22075055187637968,0.1855287569573284,1.023563259450992,0.023563259450992025,0.6030735715820594,0.21566869447305437,0.18125773394488617,H
2020-21,2020-10-17,Man City,Arsenal,H,1.55,4.81,5.76,0.6451612903225806,0.2079002079002079,0.1736111111111111,1.0266726093338996,0.02667260933389959,0.6284002168336392,0.20249903037258646,0.16910075279377443,H
2020-21,2020-10-17,Newcastle,Man United,A,4.77,4.21,1.74,0.20964360587002098,0.23752969121140144,0.5747126436781609,1.0218859407595833,0.021885940759583278,0.20515362576980922,0.23244246910261043,0.5624039051275803,A
2020-21,2020-10-18,Sheffield United,Fulham,D,2.4,3.16,3.48,0.4166666666666667,0.3164556962025316,0.28735632183908044,1.0204786847082787,0.020478684708278738,0.4083051149527714,0.3101051505970415,0.28158973445018715,H
2020-21,2020-10-18,Crystal Palace,Brighton,D,3.27,3.25,2.47,0.3058103975535168,0.3076923076923077,0.4048582995951417,1.0183610048409661,0.018361004840966144,0.30029664932159705,0.3021446287020377,0.3975587219763653,A
2020-21,2020-10-18,Tottenham,West Ham,D,1.65,4.17,5.61,0.6060606060606061,0.23980815347721823,0.17825311942959002,1.0241218789674142,0.024121878967414245,0.5917856248434762,0.2341597796143251,0.17405459554219885,H
2020-21,2020-10-18,Leicester,Aston Villa,A,2.48,3.62,2.95,0.40322580645161293,0.27624309392265195,0.3389830508474576,1.0184519512217225,0.018451951221722496,0.39592030430881714,0.2712382195264824,0.33284147616470044,H
2020-21,2020-10-19,West Brom,Burnley,D,2.73,3.25,2.9,0.3663003663003663,0.3076923076923077,0.3448275862068966,1.0188202601995706,0.018820260199570615,0.35953384577237785,0.30200843044879744,0.3384577237788247,H
2020-21,2020-10-19,Leeds,Wolves,A,2.61,3.35,2.96,0.3831417624521073,0.29850746268656714,0.33783783783783783,1.0194870629765123,0.01948706297651226,0.3758181701035812,0.2928016190956259,0.3313802108007929,H
2020-21,2020-10-23,Aston Villa,Leeds,A,1.93,4.12,3.88,0.5181347150259068,0.24271844660194175,0.2577319587628866,1.0185851203907352,0.018585120390735232,0.5086808207321419,0.23828980194491112,0.2530293773229469,H
2020-21,2020-10-24,West Ham,Man City,D,6.97,5.13,1.45,0.14347202295552366,0.19493177387914232,0.6896551724137931,1.0280589692484592,0.028058969248459187,0.1395562192900334,0.18961147143304735,0.6708323092769192,A
2020-21,2020-10-24,Fulham,Crystal Palace,A,2.66,3.14,3.08,0.37593984962406013,0.3184713375796178,0.3246753246753247,1.0190865118790027,0.019086511879002677,0.3688988572038876,0.31250667521093667,0.3185944675851757,H
2020-21,2020-10-24,Man United,Chelsea,D,2.69,3.46,2.79,0.3717472118959108,0.28901734104046245,0.35842293906810035,1.0191874920044737,0.019187492004473672,0.3647486010300046,0.2835762245002059,0.3516751744697894,H
2020-21,2020-10-24,Liverpool,Sheffield United,H,1.22,7.45,13.55,0.819672131147541,0.1342281879194631,0.07380073800738007,1.0277010570743843,0.027701057074384305,0.7975783672743791,0.1306101487348648,0.0718114839907559,H
2020-21,2020-10-25,Southampton,Everton,H,3.08,3.56,2.41,0.3246753246753247,0.2808988764044944,0.41493775933609955,1.0205119604159187,0.02051196041591874,0.3181494556349936,0.27525289981903944,0.40659764454596686,A
2020-21,2020-10-25,Wolves,Newcastle,D,1.86,3.52,5.01,0.5376344086021505,0.2840909090909091,0.1996007984031936,1.0213261160962532,0.021326116096253234,0.5264081669203904,0.2781588609295245,0.19543297215008507,H
2020-21,2020-10-25,Arsenal,Leicester,A,2.0,3.57,4.17,0.5,0.2801120448179272,0.23980815347721823,1.0199201982951454,0.019920198295145353,0.4902344328858066,0.27464113887160035,0.2351244282425931,H
2020-21,2020-10-26,Brighton,West Brom,D,1.67,4.3,5.26,0.5988023952095809,0.23255813953488372,0.19011406844106465,1.0214746031855293,0.021474603185529295,0.5862136888594,0.2276690373012088,0.18611727383939122,H
2020-21,2020-10-26,Burnley,Tottenham,A,5.59,4.41,1.61,0.17889087656529518,0.22675736961451246,0.6211180124223602,1.026766258602168,0.02676625860216797,0.17422745933318445,0.220846144596939,0.6049263960698764,A
2020-21,2020-10-30,Wolves,Crystal Palace,H,2.12,3.14,4.34,0.4716981132075471,0.3184713375796178,0.2304147465437788,1.0205841973309437,0.020584197330943743,0.4621844179452742,0.31204807835795584,0.22576750369676993,H
2020-21,2020-10-31,Sheffield United,Man City,A,10.63,6.25,1.3,0.09407337723424271,0.16,0.7692307692307692,1.0233041464650119,0.023304146465011888,0.09193100366026827,0.15635625102538428,0.7517127453143474,A
2020-21,2020-10-31,Burnley,Chelsea,A,5.59,4.29,1.63,0.17889087656529518,0.2331002331002331,0.6134969325153374,1.0254880421808656,0.025488042180865644,0.1744446246148857,0.22730663207394194,0.5982487433111724,A
2020-21,2020-10-31,Liverpool,West Ham,H,1.44,5.3,7.1,0.6944444444444444,0.18867924528301888,0.14084507042253522,1.0239687601499985,0.02396876014999849,0.6781890927441157,0.18426269689651445,0.13754821035936995,H
2020-21,2020-11-01,Aston Villa,Southampton,A,2.69,3.56,2.73,0.3717472118959108,0.2808988764044944,0.3663003663003663,1.0189464546007716,0.0189464546007716,0.36483488432330163,0.2756757974240678,0.3594893182526305,H
2020-21,2020-11-01,Newcastle,Everton,H,3.34,3.43,2.33,0.29940119760479045,0.29154518950437314,0.4291845493562232,1.0201309364653868,0.020130936465386773,0.2934929104710562,0.28579193031292344,0.42071515921602043,A
2020-21,2020-11-01,Man United,Arsenal,A,2.02,3.65,3.97,0.49504950495049505,0.273972602739726,0.2518891687657431,1.0209112764559642,0.020911276455964245,0.4849094298076826,0.2683608351264435,0.24672973506587378,H
2020-21,2020-11-01,Tottenham,Brighton,H,1.61,4.36,5.77,0.6211180124223602,0.2293577981651376,0.1733102253032929,1.0237860358907906,0.023786035890790647,0.6066873259136893,0.22402903548647704,0.16928363859983364,H
2020-21,2020-11-02,Fulham,West Brom,H,2.48,3.32,3.19,0.40322580645161293,0.30120481927710846,0.31347962382445144,1.0179102495531729,0.017910249553172886,0.39613100136148055,0.29590508535435894,0.30796391328416045,H
2020-21,2020-11-02,Leeds,Leicester,A,2.42,3.71,2.97,0.4132231404958678,0.2695417789757412,0.33670033670033667,1.0194652561719457,0.019465256171945722,0.40533322542791245,0.2643952575567515,0.330271517015336,H
2020-21,2020-11-06,Brighton,Burnley,D,1.99,3.42,4.45,0.5025125628140703,0.29239766081871343,0.2247191011235955,1.0196293247563792,0.01962932475637924,0.49283847631013944,0.286768587092742,0.22039293659711856,H
2020-21,2020-11-06,Southampton,Newcastle,H,2.2,3.47,3.59,0.45454545454545453,0.2881844380403458,0.2785515320334262,1.0212814246192266,0.021281424619226552,0.44507365314602365,0.28217926136059135,0.272747085493385,H
2020-21,2020-11-07,Everton,Man United,A,3.33,3.68,2.23,0.3003003003003003,0.2717391304347826,0.4484304932735426,1.0204699240086255,0.020469924008625462,0.29427648305464615,0.2662882305902097,0.43943528635514423,A
2020-21,2020-11-07,Crystal Palace,Leeds,H,2.89,3.57,2.54,0.3460207612456747,0.2801120448179272,0.39370078740157477,1.0198335934651768,0.01983359346517677,0.3392913936772469,0.27466446154824753,0.3860441447745054,A
2020-21,2020-11-07,Chelsea,Sheffield United,H,1.39,5.16,8.7,0.7194244604316548,0.19379844961240308,0.1149425287356322,1.0281654387796901,0.028165438779690133,0.6997166344022668,0.1884895584920835,0.11179380710564954,H
2020-21,2020-11-07,West Ham,Fulham,H,1.9,3.96,4.12,0.5263157894736842,0.25252525252525254,0.24271844660194175,1.0215594886008783,0.021559488600878307,0.5152081649151172,0.2471958367016977,0.23759599838318518,H
2020-21,2020-11-08,West Brom,Tottenham,A,6.88,4.71,1.5,0.14534883720930233,0.21231422505307856,0.6666666666666666,1.0243297289290476,0.02432972892904761,0.1418965330248364,0.20727136883458058,0.650832098140583,A
2020-21,2020-11-08,Leicester,Wolves,H,2.47,3.17,3.35,0.4048582995951417,0.31545741324921134,0.29850746268656714,1.0188231755309203,0.018823175530920278,0.39737837665909537,0.3096292083116611,0.29299241502924345,H
2020-21,2020-11-08,Man City,Liverpool,D,1.95,4.17,3.78,0.5128205128205129,0.23980815347721823,0.2645502645502646,1.0171789308479957,0.01717893084799571,0.5041595900860704,0.235758081694925,0.26008232821900457,H
2020-21,2020-11-08,Arsenal,Aston Villa,A,1.66,4.58,4.95,0.6024096385542169,0.2183406113537118,0.20202020202020202,1.0227704519281307,0.022770451928130653,0.58899789040498,0.21347958473193596,0.19752252486308416,H
2020-21,2020-11-21,Newcastle,Chelsea,A,7.33,4.94,1.46,0.1364256480218281,0.20242914979757085,0.684931506849315,1.0237863046687141,0.02378630466871412,0.13325598066676025,0.1977259794103953,0.6690180399228443,A
2020-21,2020-11-21,Aston Villa,Brighton,A,2.4,3.51,3.12,0.4166666666666667,0.2849002849002849,0.3205128205128205,1.022079772079772,0.022079772079772075,0.4076655052264809,0.2787456445993031,0.313588850174216,H
2020-21,2020-11-21,Tottenham,Man City,H,4.3,4.21,1.81,0.23255813953488372,0.23752969121140144,0.5524861878453039,1.022574018591589,0.02257401859158903,0.22742426006010846,0.23228606134405377,0.5402896785958378,A
2020-21,2020-11-21,Man United,West Brom,H,1.33,5.76,9.79,0.7518796992481203,0.1736111111111111,0.10214504596527069,1.027635856324502,0.02763585632450205,0.7316596580595521,0.16894224743388966,0.09939809450655816,H
2020-21,2020-11-22,Fulham,Everton,A,4.24,3.89,1.88,0.23584905660377356,0.2570694087403599,0.5319148936170213,1.0248333589611547,0.024833358961154683,0.23013405500660833,0.25084020391465794,0.5190257410787338,A
2020-21,2020-11-22,Sheffield United,West Ham,A,3.09,3.25,2.56,0.3236245954692557,0.3076923076923077,0.390625,1.0219419031615633,0.021941903161563303,0.31667611873831975,0.30108590981581784,0.38223797144586247,A
2020-21,2020-11-22,Leeds,Arsenal,D,3.58,3.89,2.06,0.27932960893854747,0.2570694087403599,0.4854368932038835,1.0218359108827908,0.0218359108827908,0.27336053270747485,0.2515760172474961,0.4750634500450291,A
2020-21,2020-11-22,Liverpool,Leicester,H,1.82,4.12,4.32,0.5494505494505494,0.24271844660194175,0.23148148148148145,1.0236504775339725,0.023650477533972536,0.5367560134140752,0.2371106661198099,0.22613332046611498,H
2020-21,2020-11-23,Burnley,Crystal Palace,H,2.68,3.16,3.01,0.3731343283582089,0.3164556962025316,0.33222591362126247,1.021815938182003,0.021815938182002892,0.3651678491354157,0.3096993150895298,0.3251328357750546,H
2020-21,2020-11-23,Wolves,Southampton,D,2.4,3.32,3.28,0.4166666666666667,0.30120481927710846,0.3048780487804878,1.022749534724263,0.022749534724263,0.4073985394469053,0.2945049682748713,0.2980964922782234,H
2020-21,2020-11-27,Crystal Palace,Newcastle,A,2.18,3.22,3.96,0.4587155963302752,0.3105590062111801,0.25252525252525254,1.0217998550667078,0.021799855066707785,0.4489290089988593,0.3039333042290414,0.24713768677209935,H
2020-21,2020-11-28,Brighton,Liverpool,D,4.96,4.29,1.69,0.20161290322580647,0.2331002331002331,0.591715976331361,1.0264291126574006,0.026429112657400555,0.1964216532243863,0.22709822843658645,0.5764801183390272,A
2020-21,2020-11-28,Man City,Burnley,H,1.13,11.08,19.55,0.8849557522123894,0.09025270758122744,0.05115089514066496,1.0263593549342818,0.026359354934281765,0.8622279788827506,0.08793480290049713,0.049837218216752334,H
2020-21,2020-11-28,Everton,Leeds,A,2.35,3.66,3.09,0.425531914893617,0.27322404371584696,0.3236245954692557,1.0223805540787199,0.02238055407871986,0.41621675333708713,0.26724299736124446,0.31654024930166824,H
2020-21,2020-11-28,West Brom,Sheffield United,H,2.67,3.17,3.02,0.37453183520599254,0.31545741324921134,0.33112582781456956,1.0211150762697736,0.021115076269773603,0.36678709766404727,0.30893424314290413,0.32427865919304844,H
2020-21,2020-11-29,Southampton,Man United,A,3.92,3.86,1.96,0.25510204081632654,0.2590673575129534,0.5102040816326531,1.024373479961933,0.024373479961933064,0.24903225806451612,0.25290322580645164,0.49806451612903224,A
2020-21,2020-11-29,Chelsea,Tottenham,D,2.0,3.75,3.89,0.5,0.26666666666666666,0.2570694087403599,1.0237360754070264,0.02373607540702638,0.48840713149744713,0.26048380346530514,0.2511090650372479,H
2020-21,2020-11-29,Arsenal,Wolves,A,2.14,3.33,3.91,0.4672897196261682,0.3003003003003003,0.2557544757033248,1.0233444956297932,0.023344495629793238,0.4566299243526842,0.293449861295719,0.24992021435159698,H
2020-21,2020-11-30,Leicester,Fulham,A,1.68,4.1,5.34,0.5952380952380952,0.24390243902439027,0.18726591760299627,1.0264064518654816,0.026406451865481628,0.5799243507835098,0.2376275388576333,0.18244811035885702,H
2020-21,2020-11-30,West Ham,Aston Villa,H,2.37,3.56,3.12,0.42194092827004215,0.2808988764044944,0.3205128205128205,1.023352625187357,0.023352625187357035,0.41231235244331593,0.2744888413737806,0.31319880618290347,H
2020-21,2020-12-05,Burnley,Everton,D,3.68,3.63,2.1,0.2717391304347826,0.27548209366391185,0.47619047619047616,1.0234117002891705,0.0234117002891705,0.2655227904449414,0.26918012915630424,0.46529708039875445,A
2020-21,2020-12-05,Man City,Fulham,H,1.13,9.9,22.91,0.8849557522123894,0.10101010101010101,0.04364906154517678,1.0296149147676672,0.0296149147676672,0.8595016831240055,0.09810473756869961,0.042393579307294905,H
2020-21,2020-12-05,West Ham,Man United,A,3.52,3.53,2.2,0.2840909090909091,0.28328611898017,0.45454545454545453,1.0219224826165336,0.021922482616533623,0.27799653488738385,0.277209009292802,0.44479445581981414,A
2020-21,2020-12-05,Chelsea,Leeds,H,1.48,5.15,6.34,0.6756756756756757,0.1941747572815534,0.15772870662460567,1.0275791395818348,0.027579139581834777,0.6575412536601672,0.18896331173146555,0.15349543460836712,H
2020-21,2020-12-06,West Brom,Crystal Palace,A,3.14,3.4,2.44,0.3184713375796178,0.29411764705882354,0.4098360655737705,1.0224250502122119,0.02242505021221186,0.3114862429412471,0.28766670671632827,0.4008470503424246,A
2020-21,2020-12-06,Sheffield United,Leicester,A,4.14,3.67,1.96,0.24154589371980678,0.2724795640326976,0.5102040816326531,1.0242295393851575,0.024229539385157484,0.23583179788468725,0.26603369025684065,0.498134511858472,A
2020-21,2020-12-06,Tottenham,Arsenal,H,2.3,3.54,3.29,0.4347826086956522,0.2824858757062147,0.303951367781155,1.0212198521830218,0.021219852183021803,0.42574829285411403,0.2766161224758368,0.2976355846700493,H
2020-21,2020-12-06,Liverpool,Wolves,H,1.61,4.44,5.64,0.6211180124223602,0.2252252252252252,0.1773049645390071,1.0236482021865925,0.02364820218659247,0.6067690160502442,0.22002209816236334,0.17320888578739244,H
2020-21,2020-12-07,Brighton,Southampton,A,2.51,3.42,3.02,0.39840637450199207,0.29239766081871343,0.33112582781456956,1.021929863135275,0.021929863135274896,0.3898568667713493,0.2861230221041189,0.324020111124532,H
2020-21,2020-12-11,Leeds,West Ham,A,2.19,3.78,3.32,0.4566210045662101,0.2645502645502646,0.30120481927710846,1.022376088393583,0.02237608839358307,0.44662723409707245,0.25876022292925627,0.2946125429736713,H
2020-21,2020-12-12,Wolves,Aston Villa,A,2.59,3.31,2.99,0.3861003861003861,0.3021148036253776,0.33444816053511706,1.0226633502608808,0.022663350260880843,0.3775439747614815,0.2954196056290746,0.32703641960944385,H
2020-21,2020-12-12,Newcastle,West Brom,H,2.47,3.24,3.24,0.4048582995951417,0.30864197530864196,0.30864197530864196,1.0221422502124256,0.02214225021242555,0.39608801955990225,0.30195599022004893,0.30195599022004893,H
2020-21,2020-12-12,Man United,Man City,D,4.68,4.29,1.73,0.2136752136752137,0.2331002331002331,0.5780346820809249,1.0248101288563718,0.024810128856371794,0.20850224608305026,0.2274569957269639,0.5640407581899857,A
2020-21,2020-12-12,Everton,Chelsea,H,4.99,4.19,1.71,0.2004008016032064,0.2386634844868735,0.5847953216374269,1.0238596077275068,0.023859607727506837,0.19573074285839165,0.23310176774782207,0.5711674893937863,A
2020-21,2020-12-13,Southampton,Sheffield United,H,1.65,4.11,5.75,0.6060606060606061,0.24330900243309,0.17391304347826086,1.023282651971957,0.02328265197195689,0.5922709672568701,0.2377730160520281,0.16995601669110186,H
2020-21,2020-12-13,Crystal Palace,Tottenham,D,4.33,3.93,1.85,0.23094688221709006,0.2544529262086514,0.5405405405405405,1.025940348966282,0.025940348966281945,0.22510751473005985,0.2480192210639082,0.526873264206032,A
2020-21,2020-12-13,Fulham,Liverpool,D,8.51,5.36,1.38,0.11750881316098707,0.18656716417910446,0.7246376811594204,1.028713658499512,0.028713658499512018,0.11422888399516941,0.18135966470128573,0.7044114513035448,A
2020-21,2020-12-13,Arsenal,Burnley,A,1.49,4.82,6.88,0.6711409395973155,0.20746887966804978,0.14534883720930233,1.0239586564746677,0.02395865647466766,0.6554375368122289,0.2026145082676807,0.14194795492009027,H
2020-21,2020-12-13,Leicester,Brighton,H,2.12,3.55,3.72,0.4716981132075471,0.28169014084507044,0.26881720430107525,1.0222054583536928,0.02220545835369281,0.4614513739412406,0.2755709613395578,0.26297766471920164,H
2020-21,2020-12-15,Wolves,Chelsea,H,5.79,3.86,1.68,0.17271157167530224,0.2590673575129534,0.5952380952380952,1.027017024426351,0.02701702442635101,0.16816816816816813,0.25225225225225223,0.5795795795795795,A
2020-21,2020-12-15,Man City,West Brom,D,1.09,12.6,29.4,0.9174311926605504,0.07936507936507936,0.034013605442176874,1.0308098774678067,0.030809877467806723,0.8900100908173562,0.07699293642785066,0.03299697275479314,H
2020-21,2020-12-16,Arsenal,Southampton,D,2.17,3.58,3.55,0.4608294930875576,0.27932960893854747,0.28169014084507044,1.0218492428711756,0.021849242871175623,0.45097600874344856,0.27335696619365457,0.27566702506289675,H
2020-21,2020-12-16,Leeds,Newcastle,H,1.6,4.54,5.6,0.625,0.22026431718061673,0.17857142857142858,1.0238357457520453,0.02383574575204528,0.6104494813676528,0.21513638109873223,0.17441413753361507,H
2020-21,2020-12-16,Leicester,Everton,A,2.16,3.55,3.58,0.4629629629629629,0.28169014084507044,0.27932960893854747,1.0239827127465808,0.023982712746580814,0.4521199012444058,0.27509267230645545,0.2727874264491387,H
2020-21,2020-12-16,Fulham,Brighton,D,3.04,3.31,2.56,0.32894736842105265,0.3021148036253776,0.390625,1.0216871720464302,0.021687172046430225,0.3219648610857803,0.2957018663748556,0.3823332725393641,A
2020-21,2020-12-16,Liverpool,Tottenham,H,1.81,4.07,4.39,0.5524861878453039,0.24570024570024568,0.22779043280182235,1.0259768663473718,0.02597686634737184,0.5384977049358196,0.2394793233252662,0.22202297173891425,H
2020-21,2020-12-16,West Ham,Crystal Palace,D,2.17,3.45,3.68,0.4608294930875576,0.2898550724637681,0.2717391304347826,1.0224236959861082,0.02242369598610816,0.45072262594921214,0.28349799951008414,0.2657793745407039,H
2020-21,2020-12-17,Aston Villa,Burnley,D,1.85,3.86,4.47,0.5405405405405405,0.2590673575129534,0.2237136465324385,1.0233215445859323,0.023321544585932275,0.5282215970145141,0.25316320064167136,0.21861520234381462,H
2020-21,2020-12-17,Sheffield United,Man United,A,7.88,4.75,1.45,0.12690355329949238,0.21052631578947367,0.6896551724137931,1.0270850415027593,0.027085041502759255,0.12355700664651482,0.20497457102621827,0.6714684223272669,A
2020-21,2020-12-19,Crystal Palace,Liverpool,A,5.54,4.2,1.65,0.18050541516245489,0.23809523809523808,0.6060606060606061,1.024661259318299,0.0246612593182991,0.17616106154198125,0.2323648287958514,0.5914741096621673,A
2020-21,2020-12-19,Southampton,Man City,A,5.97,4.81,1.54,0.16750418760469013,0.2079002079002079,0.6493506493506493,1.0247550448555474,0.02475504485554736,0.16345778285805077,0.2028779550234019,0.6336642621185474,A
2020-21,2020-12-19,Everton,Arsenal,H,2.75,3.45,2.72,0.36363636363636365,0.2898550724637681,0.3676470588235294,1.0211384949236613,0.021138494923661266,0.35610876041212075,0.2838548090241542,0.360036430563725,A
2020-21,2020-12-19,Newcastle,Fulham,D,2.89,3.38,2.63,0.3460207612456747,0.2958579881656805,0.3802281368821293,1.0221068862934843,0.02210688629348434,0.33853676742211036,0.2894589520265974,0.3720042805512924,A
2020-21,2020-12-20,Brighton,Sheffield United,D,1.94,3.41,4.64,0.5154639175257733,0.29325513196480935,0.21551724137931036,1.024236290869893,0.024236290869892985,0.5032666017799322,0.286315896613803,0.21041750160626474,H
2020-21,2020-12-20,Tottenham,Leicester,A,2.15,3.54,3.63,0.46511627906976744,0.2824858757062147,0.27548209366391185,1.0230842484398939,0.023084248439893873,0.45462167927912633,0.2761120368503168,0.26926628387055696,H
2020-21,2020-12-20,Man United,Leeds,H,1.74,4.44,4.45,0.5747126436781609,0.2252252252252252,0.2247191011235955,1.0246569700269816,0.02465697002698164,0.5608829691199264,0.21980548789834953,0.21931154298172403,H
2020-21,2020-12-20,West Brom,Aston Villa,A,5.08,4.17,1.7,0.19685039370078738,0.23980815347721823,0.5882352941176471,1.0248938412956528,0.024893841295652752,0.19206905707612856,0.2339834076610871,0.5739475352627843,A
2020-21,2020-12-21,Burnley,Wolves,H,3.49,3.08,2.44,0.28653295128939826,0.3246753246753247,0.4098360655737705,1.0210443415384933,0.021044341538493327,0.28062733383121735,0.31798356982823006,0.4013890963405527,A
2020-21,2020-12-21,Chelsea,West Ham,H,1.61,4.43,5.64,0.6211180124223602,0.22573363431151244,0.1773049645390071,1.0241566112728797,0.024156611272879713,0.606467805397848,0.22040929270666712,0.173122901895485,H
2020-21,2020-12-26,Leicester,Man United,D,3.03,3.62,2.4,0.33003300330033003,0.27624309392265195,0.4166666666666667,1.0229427638896487,0.022942763889648665,0.32263095742073483,0.27004745883558745,0.4073215837436777,A
2020-21,2020-12-26,Aston Villa,Crystal Palace,H,1.83,3.93,4.47,0.5464480874316939,0.2544529262086514,0.2237136465324385,1.024614660172784,0.02461466017278391,0.5333205825295773,0.24834011858247493,0.21833929888794776,H
2020-21,2020-12-26,Fulham,Southampton,D,2.8,3.43,2.68,0.35714285714285715,0.29154518950437314,0.3731343283582089,1.0218223750054392,0.021822375005439154,0.3495155967209625,0.2853188544660918,0.36516554881294583,A
2020-21,2020-12-26,Arsenal,Chelsea,H,4.84,3.96,1.77,0.2066115702479339,0.25252525252525254,0.5649717514124294,1.024108574185616,0.02410857418561596,0.20174772036474162,0.24658054711246197,0.5516717325227962,A
2020-21,2020-12-26,Man City,Newcastle,H,1.13,9.55,22.04,0.8849557522123894,0.10471204188481674,0.045372050816696916,1.035039844913903,0.035039844913903107,0.8549967970421486,0.10116716027828564,0.043836042679565694,H
2020-21,2020-12-26,Sheffield United,Everton,A,3.38,3.29,2.37,0.2958579881656805,0.303951367781155,0.42194092827004215,1.0217502842168775,0.021750284216877525,0.28955997638154946,0.297481069960376,0.41295895365807467,A
2020-21,2020-12-27,Leeds,Burnley,H,1.72,4.18,4.91,0.5813953488372093,0.23923444976076558,0.20366598778004072,1.0242957863780155,0.02429578637801555,0.5676049404567656,0.2335599276520662,0.19883513189116836,H
2020-21,2020-12-27,West Ham,Brighton,D,2.42,3.34,3.24,0.4132231404958678,0.29940119760479045,0.30864197530864196,1.0212663134093003,0.021266313409300297,0.40461839881548833,0.2931666242914616,0.30221497689304994,H
2020-21,2020-12-27,Liverpool,West Brom,D,1.13,9.46,22.33,0.8849557522123894,0.10570824524312895,0.04478280340349306,1.0354468008590114,0.03544680085901142,0.8546607623667639,0.10208949909877833,0.04324973853445782,H
2020-21,2020-12-27,Wolves,Tottenham,D,3.61,3.4,2.21,0.2770083102493075,0.29411764705882354,0.45248868778280543,1.0236146450909365,0.02361464509093647,0.2706177677095451,0.28733239453866405,0.44204983775179085,A
2020-21,2020-12-28,Crystal Palace,Leicester,D,3.4,3.49,2.27,0.29411764705882354,0.28653295128939826,0.44052863436123346,1.0211792327094553,0.02117923270945532,0.2880176541374158,0.2805902647757059,0.43139208108687827,A
2020-21,2020-12-28,Chelsea,Aston Villa,D,1.86,4.07,4.15,0.5376344086021505,0.24570024570024568,0.24096385542168672,1.0242985097240829,0.024298509724082873,0.5248805924231736,0.23987172037029555,0.23524768720653083,H
2020-21,2020-12-29,Brighton,Arsenal,A,3.85,3.56,2.08,0.2597402597402597,0.2808988764044944,0.4807692307692307,1.0214083669139848,0.021408366913984844,0.2542961935244584,0.27501133288459695,0.4706924735909447,A
2020-21,2020-12-29,Burnley,Sheffield United,H,2.43,3.22,3.34,0.4115226337448559,0.3105590062111801,0.29940119760479045,1.0214828375608265,0.021482837560826473,0.40286788834114984,0.30402763002142674,0.2931044816374234,H
2020-21,2020-12-29,Southampton,West Ham,D,2.05,3.65,3.84,0.48780487804878053,0.273972602739726,0.2604166666666667,1.0221941474551732,0.02219414745517323,0.47721353058340854,0.26802403772492805,0.2547624316916634,H
2020-21,2020-12-29,West Brom,Leeds,A,4.35,4.04,1.83,0.2298850574712644,0.24752475247524752,0.5464480874316939,1.023857897378206,0.023857897378205983,0.22452828469647138,0.24175694020535898,0.5337147750981696,A
2020-21,2020-12-29,Man United,Wolves,H,1.57,4.31,6.35,0.6369426751592356,0.2320185614849188,0.15748031496062992,1.0264415516047845,0.026441551604784452,0.6205347729380315,0.2260416690284709,0.15342355803349755,H
2020-21,2020-12-30,Newcastle,Liverpool,D,10.49,6.04,1.3,0.09532888465204957,0.16556291390728478,0.7692307692307692,1.0301225677901036,0.030122567790103583,0.09254130297966023,0.16072156759215828,0.7467371294281814,A
2020-21,2021-01-01,Everton,West Ham,A,2.3,3.52,3.3,0.4347826086956522,0.2840909090909091,0.30303030303030304,1.0219038208168643,0.02190382081686426,0.4254633360193393,0.2780016116035456,0.29653505237711525,H
2020-21,2021-01-01,Man United,Aston Villa,H,1.75,4.13,4.74,0.5714285714285714,0.24213075060532688,0.21097046413502107,1.0245297861689193,0.02452978616891932,0.5577471530284598,0.2363335394188389,0.20591930755270138,H
2020-21,2021-01-02,Tottenham,Leeds,H,1.89,4.08,3.98,0.5291005291005292,0.24509803921568626,0.25125628140703515,1.0254548497232507,0.02545484972325074,0.5159666749280308,0.23901397441519068,0.24501935065677838,H
2020-21,2021-01-02,Crystal Palace,Sheffield United,H,2.14,3.28,4.0,0.4672897196261682,0.3048780487804878,0.25,1.0221677684066561,0.02216776840665613,0.45715560015610185,0.2982661537603835,0.2445782460835145,H
2020-21,2021-01-02,Brighton,Wolves,D,2.87,3.09,2.86,0.3484320557491289,0.3236245954692557,0.3496503496503497,1.0217070008687341,0.021707000868734116,0.34102933174859823,0.31674892625193435,0.34222174199946753,A
2020-21,2021-01-02,West Brom,Arsenal,A,6.21,4.14,1.61,0.1610305958132045,0.24154589371980678,0.6211180124223602,1.0236945019553714,0.023694501955371372,0.15730337078651688,0.23595505617977533,0.6067415730337079,A
2020-21,2021-01-03,Newcastle,Leicester,A,6.57,4.14,1.58,0.15220700152207,0.24154589371980678,0.6329113924050632,1.02666428764694,0.026664287646940066,0.14825391644908614,0.23527251958224546,0.6164735639686684,A
2020-21,2021-01-03,Chelsea,Man City,A,3.5,3.59,2.18,0.2857142857142857,0.2785515320334262,0.4587155963302752,1.0229814140779872,0.02298141407798715,0.2792956761309294,0.2722938346680371,0.4484104892010335,A
2020-21,2021-01-04,Southampton,Liverpool,H,6.16,4.92,1.52,0.16233766233766234,0.2032520325203252,0.6578947368421053,1.0234844317000928,0.023484431700092845,0.158612732455545,0.19858829917198315,0.6427989683724719,A
2020-21,2021-01-12,Sheffield United,Newcastle,H,2.34,3.23,3.5,0.4273504273504274,0.30959752321981426,0.2857142857142857,1.0226622362845275,0.02266223628452746,0.41788032469356673,0.3027368296541629,0.2793828456522703,H
2020-21,2021-01-12,Burnley,Man United,A,7.92,5.05,1.43,0.12626262626262627,0.19801980198019803,0.6993006993006994,1.0235831275435237,0.023583127543523652,0.12335356344300183,0.19345746979575731,0.6831889667612409,A
2020-21,2021-01-12,Wolves,Everton,A,2.73,2.93,3.18,0.3663003663003663,0.341296928327645,0.31446540880503143,1.0220627034330427,0.02206270343304273,0.3583932424791424,0.3339295399208391,0.3076772176000185,H
2020-21,2021-01-13,Man City,Brighton,H,1.18,7.99,17.46,0.8474576271186441,0.1251564455569462,0.0572737686139748,1.0298878412895651,0.02988784128956512,0.8228639985277498,0.12152434521436105,0.05561165625788916,H
2020-21,2021-01-13,Tottenham,Fulham,D,1.66,3.85,6.19,0.6024096385542169,0.2597402597402597,0.16155088852988692,1.0237007868243635,0.023700786824363496,0.5884626116415913,0.2537267364480627,0.15781065191034596,H
2020-21,2021-01-14,Arsenal,Crystal Palace,D,1.74,3.94,5.14,0.5747126436781609,0.25380710659898476,0.19455252918287938,1.023072279460025,0.023072279460025102,0.5617517503078988,0.2480832602882599,0.19016498940384124,H
2020-21,2021-01-16,Wolves,West Brom,A,1.64,3.85,6.52,0.6097560975609756,0.2597402597402597,0.15337423312883436,1.0228705904300697,0.02287059043006967,0.5961224257162399,0.2539326696557489,0.14994490462801124,H
2020-21,2021-01-16,Leeds,Brighton,A,2.3,3.58,3.24,0.4347826086956522,0.27932960893854747,0.30864197530864196,1.0227541929428416,0.022754192942841645,0.4251095832172753,0.27311509536305395,0.30177532141967073,H
2020-21,2021-01-16,West Ham,Burnley,H,1.79,3.73,5.11,0.5586592178770949,0.2680965147453083,0.19569471624266144,1.0224504488650648,0.022450448865064754,0.5463924618520292,0.26220978732309175,0.1913977508248791,H
2020-21,2021-01-16,Fulham,Chelsea,A,6.29,4.09,1.61,0.1589825119236884,0.24449877750611249,0.6211180124223602,1.024599301852161,0.024599301852161082,0.15516554777686928,0.23862867861039308,0.6062057736127376,A
2020-21,2021-01-16,Leicester,Southampton,H,1.73,3.86,5.32,0.5780346820809249,0.2590673575129534,0.18796992481203006,1.0250719644059083,0.02507196440590831,0.5638966844790563,0.2527308974478672,0.18337241807307655,H
2020-21,2021-01-17,Sheffield United,Tottenham,A,4.81,3.71,1.83,0.2079002079002079,0.2695417789757412,0.5464480874316939,1.0238900743076431,0.023890074307643117,0.2030493439843047,0.26325265352143,0.5336980024942652,A
2020-21,2021-01-17,Liverpool,Man United,D,1.94,3.98,3.89,0.5154639175257733,0.25125628140703515,0.2570694087403599,1.0237896076731683,0.02378960767316829,0.5034861788617887,0.24541788617886176,0.25109593495934956,H
2020-21,2021-01-17,Man City,Crystal Palace,H,1.19,7.48,17.24,0.8403361344537815,0.1336898395721925,0.0580046403712297,1.0320306143972038,0.03203061439720378,0.8142550450837269,0.12954057535422925,0.0562043795620438,H
2020-21,2021-01-18,Arsenal,Newcastle,H,1.44,4.84,7.87,0.6944444444444444,0.2066115702479339,0.12706480304955528,1.0281208177419336,0.028120817741933646,0.6754502315882056,0.20096039948078845,0.12358936893100587,H
2020-21,2021-01-19,West Ham,West Brom,H,1.54,4.27,7.01,0.6493506493506493,0.234192037470726,0.14265335235378032,1.0261960391751557,0.026196039175155672,0.63277446468473,0.2282137413617059,0.13901179395356408,H
2020-21,2021-01-19,Leicester,Chelsea,H,2.88,3.48,2.58,0.3472222222222222,0.28735632183908044,0.38759689922480617,1.0221754432861088,0.022175443286108765,0.3396894579133751,0.28112230999727594,0.379188232089349,A
2020-21,2021-01-20,Man City,Aston Villa,H,1.33,5.95,9.55,0.7518796992481203,0.1680672268907563,0.10471204188481674,1.0246589680236933,0.024658968023693273,0.7337853107344633,0.1640225988700565,0.10219209039548022,H
2020-21,2021-01-20,Fulham,Man United,A,5.49,4.18,1.66,0.18214936247723132,0.23923444976076558,0.6024096385542169,1.0237934507922137,0.023793450792213733,0.1779161239371904,0.23367452641511371,0.588409349647696,A
2020-21,2021-01-21,Liverpool,Burnley,A,1.35,5.34,9.48,0.7407407407407407,0.18726591760299627,0.10548523206751054,1.0334918904112476,0.03349189041124756,0.7167359005071484,0.18119727821809936,0.10206682127475215,H
2020-21,2021-01-23,Aston Villa,Newcastle,H,1.52,4.66,6.51,0.6578947368421053,0.2145922746781116,0.15360983102918588,1.0260968425494028,0.02609684254940281,0.6411624220648843,0.20913452393532705,0.14970305399978864,H
2020-21,2021-01-26,Crystal Palace,West Ham,A,3.64,3.38,2.21,0.2747252747252747,0.2958579881656805,0.45248868778280543,1.0230719506737607,0.023071950673760666,0.26852976913730253,0.2891859052247874,0.4422843256379101,A
2020-21,2021-01-26,Newcastle,Leeds,A,4.2,4.01,1.86,0.23809523809523808,0.24937655860349128,0.5376344086021505,1.02510620530088,0.025106205300879925,0.2322639711515106,0.24326899721604606,0.5244670316324433,A
2020-21,2021-01-26,Southampton,Arsenal,A,3.55,3.74,2.11,0.28169014084507044,0.267379679144385,0.47393364928909953,1.023003469278555,0.02300346927855501,0.27535599761330687,0.26136732393776446,0.4632766784489286,A
2020-21,2021-01-26,West Brom,Man City,A,20.07,8.8,1.16,0.04982561036372696,0.11363636363636363,0.8620689655172414,1.025530939517332,0.025530939517331985,0.04858518494544638,0.11080734793808053,0.8406074671164732,A
2020-21,2021-01-27,Burnley,Aston Villa,H,4.66,3.84,1.82,0.2145922746781116,0.2604166666666667,0.5494505494505494,1.0244594907953277,0.02445949079532772,0.2094687751016053,0.2541990864514273,0.5363321384469674,A
2020-21,2021-01-27,Chelsea,Wolves,D,1.64,3.97,6.1,0.6097560975609756,0.2518891687657431,0.1639344262295082,1.0255796925562268,0.02557969255622683,0.5945477489332659,0.24560662676336426,0.15984562430336988,H
2020-21,2021-01-27,Brighton,Fulham,D,2.14,3.35,3.9,0.4672897196261682,0.29850746268656714,0.25641025641025644,1.0222074387229918,0.0222074387229918,0.45713785864240725,0.29202239328201535,0.25083974807557735,H
2020-21,2021-01-27,Everton,Leicester,D,3.38,3.34,2.34,0.2958579881656805,0.29940119760479045,0.4273504273504274,1.0226096131208984,0.022609613120898375,0.2893166506256015,0.29278152069297403,0.41790182868142445,A
2020-21,2021-01-27,Man United,Sheffield United,A,1.28,6.26,11.23,0.78125,0.1597444089456869,0.08904719501335707,1.0300416039590439,0.030041603959043872,0.7584645095860262,0.15508539493132803,0.0864500954826459,H
2020-21,2021-01-28,Tottenham,Liverpool,A,3.69,3.9,2.02,0.2710027100271003,0.25641025641025644,0.49504950495049505,1.0224624713878518,0.022462471387851846,0.2650490532520489,0.25077718115386166,0.4841737655940893,A
2020-21,2021-01-30,Everton,Newcastle,A,1.56,4.17,6.83,0.641025641025641,0.23980815347721823,0.14641288433382138,1.0272466788366805,0.027246678836680527,0.6240230844567726,0.23344748483274946,0.14252943071047808,H
2020-21,2021-01-30,Crystal Palace,Wolves,H,2.99,3.18,2.68,0.33444816053511706,0.31446540880503143,0.3731343283582089,1.0220478976983574,0.022047897698357355,0.3272333530437187,0.3076816747172072,0.36508497223907416,A
2020-21,2021-01-30,Man City,Sheffield United,H,1.19,7.29,18.12,0.8403361344537815,0.13717421124828533,0.05518763796909492,1.0326979836711618,0.032697983671161834,0.8137288420632441,0.1328309083752072,0.05344024956154859,H
2020-21,2021-01-30,West Brom,Fulham,D,3.6,3.41,2.22,0.2777777777777778,0.29325513196480935,0.4504504504504504,1.0214833601930375,0.021483360193037537,0.27193568549690716,0.28708752721081104,0.4409767872922818,A
2020-21,2021-01-30,Arsenal,Man United,D,3.6,3.7,2.11,0.2777777777777778,0.27027027027027023,0.47393364928909953,1.0219816973371476,0.02198169733714761,0.271803084636006,0.2644570553215193,0.46373986004247464,A
2020-21,2021-01-30,Southampton,Aston Villa,A,3.37,3.74,2.18,0.29673590504451036,0.267379679144385,0.4587155963302752,1.0228311805191705,0.022831180519170546,0.29011229878022743,0.26141134943565947,0.4484763517841131,A
2020-21,2021-01-31,Chelsea,Burnley,H,1.36,5.2,9.96,0.7352941176470588,0.1923076923076923,0.1004016064257028,1.028003416380454,0.028003416380453894,0.7152642743503623,0.18706911790701786,0.09766660774261976,H
2020-21,2021-01-31,Leicester,Leeds,A,1.87,3.93,4.28,0.53475935828877,0.2544529262086514,0.2336448598130841,1.0228571443105055,0.02285714431050545,0.5228094277517553,0.24876682694549176,0.22842374530275295,H
2020-21,2021-01-31,West Ham,Liverpool,A,3.66,3.53,2.14,0.27322404371584696,0.28328611898017,0.4672897196261682,1.0237998823221852,0.023799882322185217,0.2668725093971681,0.2767006754656191,0.4564268151372128,A
2020-21,2021-01-31,Brighton,Tottenham,H,3.12,3.43,2.44,0.3205128205128205,0.29154518950437314,0.4098360655737705,1.0218940755909642,0.021894075590964235,0.3136458348948417,0.2852988352396228,0.4010553298655354,A
2020-21,2021-02-02,Sheffield United,West Brom,H,2.2,3.36,3.68,0.45454545454545453,0.2976190476190476,0.2717391304347826,1.0239036325992847,0.02390363259928474,0.44393382352941174,0.2906709558823529,0.2653952205882353,H
2020-21,2021-02-02,Wolves,Arsenal,H,3.72,3.34,2.2,0.26881720430107525,0.29940119760479045,0.45454545454545453,1.0227638564513202,0.022763856451320175,0.2628340868768958,0.2927373662221714,0.44442854690093286,A
2020-21,2021-02-02,Man United,Southampton,H,1.45,4.95,7.33,0.6896551724137931,0.20202020202020202,0.1364256480218281,1.0281010224558234,0.028101022455823355,0.6708048697066898,0.19649839617670709,0.13269673411660302,H
2020-21,2021-02-02,Newcastle,Crystal Palace,A,3.01,3.45,2.49,0.33222591362126247,0.2898550724637681,0.4016064257028112,1.0236874117878418,0.02368741178784184,0.324538437999388,0.28314802851540805,0.39231353348520387,A
2020-21,2021-02-03,Burnley,Man City,A,17.18,6.69,1.22,0.05820721769499418,0.14947683109118085,0.819672131147541,1.027356179933716,0.027356179933716085,0.05665729065721846,0.14549659992391822,0.7978461094188632,A
2020-21,2021-02-03,Fulham,Leicester,A,3.9,3.34,2.14,0.25641025641025644,0.29940119760479045,0.4672897196261682,1.0231011736412152,0.023101173641215222,0.2506206258152288,0.2926408505028121,0.456738523681959,A
2020-21,2021-02-03,Leeds,Everton,A,2.65,3.51,2.78,0.37735849056603776,0.2849002849002849,0.3597122302158274,1.02197100568215,0.021971005682150047,0.36924578923269624,0.2787753109591581,0.3519788998081457,H
2020-21,2021-02-03,Aston Villa,West Ham,A,2.46,3.57,2.98,0.4065040650406504,0.2801120448179272,0.33557046979865773,1.0221865796572354,0.02218657965723536,0.3976808863768896,0.2740322074193693,0.32828690620374107,H
2020-21,2021-02-03,Liverpool,Brighton,A,1.52,4.68,6.57,0.6578947368421053,0.2136752136752137,0.15220700152207,1.023776952039389,0.0237769520393889,0.6426153035888948,0.2087126627040855,0.14867203370701979,H
2020-21,2021-02-04,Tottenham,Chelsea,A,4.11,3.59,1.99,0.24330900243309,0.2785515320334262,0.5025125628140703,1.0243730972805865,0.024373097280586453,0.23751990664241854,0.27192390426193325,0.4905561890956483,A
2020-21,2021-02-06,Aston Villa,Arsenal,H,3.05,3.5,2.45,0.3278688524590164,0.2857142857142857,0.4081632653061224,1.0217464034794246,0.02174640347942458,0.320890635232482,0.27963326784544856,0.39947609692206937,A
2020-21,2021-02-06,Burnley,Brighton,D,3.66,3.24,2.27,0.27322404371584696,0.30864197530864196,0.44052863436123346,1.0223946533857222,0.02239465338572222,0.26723931195360706,0.3018814449846302,0.43087924306176295,A
2020-21,2021-02-06,Newcastle,Southampton,H,3.39,3.64,2.21,0.2949852507374631,0.2747252747252747,0.45248868778280543,1.0221992132455433,0.022199213245543303,0.2885790234575386,0.2687590355827076,0.44266194095975375,A
2020-21,2021-02-06,Fulham,West Ham,D,4.07,3.67,1.98,0.24570024570024568,0.2724795640326976,0.5050505050505051,1.0232303147834485,0.023230314783448502,0.24012213296499574,0.2662934826069572,0.4935843844280469,A
2020-21,2021-02-06,Man United,Everton,D,1.64,4.25,5.61,0.6097560975609756,0.23529411764705882,0.17825311942959002,1.0233033346376244,0.02330333463762435,0.5958703318179888,0.22993584568976508,0.17419382249224627,H
2020-21,2021-02-07,Tottenham,West Brom,H,1.4,5.04,8.69,0.7142857142857143,0.1984126984126984,0.11507479861910243,1.027773211317515,0.02777321131751509,0.6949837828231217,0.19305105078420046,0.11196516639267785,H
2020-21,2021-02-07,Wolves,Leicester,D,3.51,3.32,2.3,0.2849002849002849,0.30120481927710846,0.4347826086956522,1.0208877128730456,0.020887712873045583,0.27907112732163347,0.2950420653310041,0.42588680734736245,A
2020-21,2021-02-07,Liverpool,Man City,A,3.15,3.69,2.3,0.31746031746031744,0.2710027100271003,0.4347826086956522,1.02324563618307,0.023245636183069962,0.3102483961177825,0.2648461918078632,0.42490541207435434,A
2020-21,2021-02-07,Sheffield United,Chelsea,A,6.96,4.36,1.53,0.14367816091954022,0.2293577981651376,0.6535947712418301,1.0266307303265079,0.026630730326507868,0.13995115933637117,0.22340827270209712,0.6366405679615317,A
2020-21,2021-02-08,Leeds,Crystal Palace,H,1.79,3.67,5.13,0.5586592178770949,0.2724795640326976,0.19493177387914232,1.026070555788935,0.026070555788934913,0.5444647200187396,0.26555636207998473,0.18997891790127563,H
2020-21,2021-02-13,Leicester,Liverpool,H,3.96,4.02,1.92,0.25252525252525254,0.24875621890547267,0.5208333333333334,1.0221148047640587,0.022114804764058693,0.2470615349158792,0.24337404932011983,0.5095644157640009,A
2020-21,2021-02-13,Crystal Palace,Burnley,A,2.91,3.25,2.7,0.3436426116838488,0.3076923076923077,0.37037037037037035,1.0217052897465269,0.021705289746526857,0.3363422066348531,0.30115563732536077,0.3625021560397861,A
2020-21,2021-02-13,Man City,Tottenham,H,1.34,5.94,9.05,0.7462686567164178,0.16835016835016833,0.11049723756906077,1.025116062635647,0.02511606263564703,0.7279845511323932,0.1642254711308766,0.10778997773673006,H
2020-21,2021-02-13,Brighton,Aston Villa,D,2.87,3.45,2.61,0.3484320557491289,0.2898550724637681,0.3831417624521073,1.0214288906650042,0.021428890665004197,0.34112218572776143,0.2837741081271523,0.37510370614508637,A
2020-21,2021-02-14,Southampton,Wolves,A,2.27,3.29,3.6,0.44052863436123346,0.303951367781155,0.2777777777777778,1.0222577799201664,0.02225777992016642,0.43093693490465457,0.2973333866971325,0.27172967839821277,H
2020-21,2021-02-14,West Brom,Man United,D,9.8,6.02,1.32,0.1020408163265306,0.16611295681063123,0.7575757575757576,1.0257295307129195,0.0257295307129195,0.0994812114413909,0.1619461581604038,0.7385726303982052,A
2020-21,2021-02-14,Arsenal,Leeds,H,1.85,3.9,4.42,0.5405405405405405,0.25641025641025644,0.22624434389140272,1.0231951408421998,0.023195140842199757,0.5282868525896413,0.250597609561753,0.22111553784860555,H
2020-21,2021-02-14,Everton,Fulham,A,2.03,3.47,4.13,0.4926108374384237,0.2881844380403458,0.24213075060532688,1.0229260260840964,0.02292602608409644,0.48157034318914216,0.28172558981958457,0.23670406699127325,H
2020-21,2021-02-15,West Ham,Sheffield United,H,2.07,3.37,4.11,0.48309178743961356,0.29673590504451036,0.24330900243309,1.0231366949172138,0.023136694917213818,0.47216739448359096,0.2900256696086152,0.23780693590779395,H
2020-21,2021-02-15,Chelsea,Newcastle,H,1.28,6.11,12.8,0.78125,0.1636661211129296,0.078125,1.0230411211129296,0.023041121112929552,0.7636545431821022,0.15998000249968752,0.07636545431821024,H
2020-21,2021-02-17,Burnley,Fulham,D,3.05,3.15,2.66,0.3278688524590164,0.31746031746031744,0.37593984962406013,1.021269019543394,0.021269019543393997,0.32104063296231733,0.3108488668365294,0.36811050020115327,A
2020-21,2021-02-17,Everton,Man City,A,12.07,6.04,1.28,0.08285004142502071,0.16556291390728478,0.78125,1.0296629553323056,0.029662955332305563,0.08046326324159377,0.1607933091599399,0.7587434275984662,A
2020-21,2021-02-19,Wolves,Leeds,H,2.34,3.44,3.28,0.4273504273504274,0.29069767441860467,0.3048780487804878,1.02292615054952,0.022926150549519964,0.4177725118483412,0.2841824644549763,0.2980450236966824,H
2020-21,2021-02-20,Southampton,Chelsea,D,4.55,3.78,1.85,0.21978021978021978,0.2645502645502646,0.5405405405405405,1.0248710248710249,0.024871024871024883,0.2144467103144789,0.25813029945261357,0.5274229902329075,A
2020-21,2021-02-20,Burnley,West Brom,D,2.18,3.36,3.77,0.4587155963302752,0.2976190476190476,0.26525198938992045,1.0215866333392434,0.021586633339243377,0.4490227077765095,0.2913302092121401,0.25964708301135037,H
2020-21,2021-02-20,Liverpool,Everton,A,1.38,5.42,8.5,0.7246376811594204,0.18450184501845018,0.11764705882352941,1.0267865850014,0.026786585001399965,0.7057334910140382,0.17968860103309456,0.11457790795286735,H
2020-21,2021-02-20,Fulham,Sheffield United,H,1.97,3.43,4.45,0.5076142131979695,0.29154518950437314,0.2247191011235955,1.0238785038259381,0.023878503825938147,0.49577582818777993,0.2847458838279669,0.21947828798425315,H
2020-21,2021-02-21,West Ham,Tottenham,H,3.18,3.54,2.35,0.31446540880503143,0.2824858757062147,0.425531914893617,1.022483199404863,0.022483199404863097,0.3075506854176833,0.27627434452774946,0.4161749700545673,A
2020-21,2021-02-21,Aston Villa,Leicester,A,3.68,3.76,2.06,0.2717391304347826,0.26595744680851063,0.4854368932038835,1.0231334704471768,0.02313347044717684,0.2655949964338618,0.25994403906292857,0.47446096450320946,A
2020-21,2021-02-21,Arsenal,Man City,A,7.22,4.64,1.49,0.13850415512465375,0.21551724137931036,0.6711409395973155,1.0251623361012796,0.025162336101279603,0.1351046075798969,0.21022742817389128,0.6546679642462118,A
2020-21,2021-02-21,Man United,Newcastle,H,1.35,5.36,10.03,0.7407407407407407,0.18656716417910446,0.09970089730807578,1.027008802227921,0.027008802227920903,0.7212603622615791,0.18166072556961413,0.09707891216880678,H
2020-21,2021-02-22,Brighton,Crystal Palace,A,1.79,3.53,5.47,0.5586592178770949,0.28328611898017,0.18281535648994515,1.02476069334721,0.024760693347209983,0.5451606619027587,0.2764412421546567,0.17839809594258466,H
2020-21,2021-02-23,Leeds,Southampton,H,2.22,3.62,3.39,0.4504504504504504,0.27624309392265195,0.2949852507374631,1.0216787951105655,0.021678795110565474,0.4408924337141625,0.2703815477473594,0.2887260185384781,H
2020-21,2021-02-27,Man City,West Ham,H,1.29,6.33,11.01,0.7751937984496123,0.1579778830963665,0.09082652134423251,1.0239982028902113,0.023998202890211262,0.7570265223724473,0.15427554721334236,0.08869793041421045,H
2020-21,2021-02-27,West Brom,Brighton,H,4.61,3.7,1.86,0.21691973969631234,0.27027027027027023,0.5376344086021505,1.0248244185687332,0.024824418568733186,0.2116652723783278,0.2637234880173219,0.5246112396043502,A
2020-21,2021-02-27,Leeds,Aston Villa,A,2.05,3.91,3.59,0.48780487804878053,0.2557544757033248,0.2785515320334262,1.0221108857855317,0.022110885785531664,0.47725240463893864,0.2502218489794947,0.2725257463815666,H
2020-21,2021-02-27,Newcastle,Wolves,D,3.78,3.25,2.22,0.2645502645502646,0.3076923076923077,0.4504504504504504,1.0226930226930229,0.02269302269302287,0.2586800326980166,0.30086477649184695,0.4404551908101363,A
2020-21,2021-02-28,Crystal Palace,Fulham,D,3.54,3.25,2.32,0.2824858757062147,0.3076923076923077,0.4310344827586207,1.0212126661571432,0.021212666157143234,0.2766180689564088,0.3013009120325191,0.42208101901107203,A
2020-21,2021-02-28,Leicester,Arsenal,A,2.33,3.4,3.36,0.4291845493562232,0.29411764705882354,0.2976190476190476,1.0209212440340945,0.020921244034094455,0.42038947848742214,0.28809043672814516,0.2915200847844326,H
2020-21,2021-02-28,Tottenham,Burnley,H,1.52,4.41,6.99,0.6578947368421053,0.22675736961451246,0.14306151645207438,1.027713622908692,0.02771362290869206,0.6401537570165657,0.22064256477668476,0.13920367820674961,H
2020-21,2021-02-28,Chelsea,Man United,D,2.42,3.32,3.24,0.4132231404958678,0.30120481927710846,0.30864197530864196,1.0230699350816181,0.023069935081618143,0.40390507659957947,0.2944127365575248,0.30168218684289577,H
2020-21,2021-02-28,Sheffield United,Liverpool,A,8.48,5.5,1.38,0.11792452830188678,0.18181818181818182,0.7246376811594204,1.024380391279489,0.0243803912794891,0.11511790864582508,0.1774908846030176,0.7073912067511572,A
2020-21,2021-03-01,Everton,Southampton,H,2.2,3.55,3.49,0.45454545454545453,0.28169014084507044,0.28653295128939826,1.0227685466799232,0.02276854667992323,0.4444265088332885,0.27541924491077036,0.28015424625594115,H
2020-21,2021-03-02,Man City,Wolves,H,1.21,6.96,15.9,0.8264462809917356,0.14367816091954022,0.06289308176100629,1.033017523672282,0.033017523672282056,0.8000312308873476,0.1390858892778291,0.06088287983482331,H
2020-21,2021-03-03,Burnley,Leicester,D,3.89,3.13,2.24,0.2570694087403599,0.3194888178913738,0.4464285714285714,1.0229867980603051,0.022986798060305125,0.2512929875808677,0.3123098152362861,0.43639719718284614,A
2020-21,2021-03-03,Sheffield United,Aston Villa,H,3.59,3.39,2.23,0.2785515320334262,0.2949852507374631,0.4484304932735426,1.0219672760444318,0.021967276044431827,0.2725640424726434,0.28864451695480525,0.4387914405725515,A
2020-21,2021-03-03,Crystal Palace,Man United,D,7.73,4.61,1.47,0.129366106080207,0.21691973969631234,0.6802721088435374,1.0265579546200567,0.026557954620056723,0.12601929145645477,0.21130783578273216,0.6626728727608131,A
2020-21,2021-03-04,Fulham,Tottenham,A,3.95,3.39,2.11,0.2531645569620253,0.2949852507374631,0.47393364928909953,1.022083456988588,0.022083456988587935,0.24769460383199607,0.288611706529907,0.463693689638097,A
2020-21,2021-03-04,West Brom,Everton,A,3.99,3.54,2.04,0.2506265664160401,0.2824858757062147,0.49019607843137253,1.0233085205536274,0.02330852055362742,0.2449178926805445,0.2760515231060375,0.47903058421341793,A
2020-21,2021-03-04,Liverpool,Chelsea,A,2.26,3.52,3.37,0.4424778761061947,0.2840909090909091,0.29673590504451036,1.0233046902416143,0.0233046902416143,0.4324009069104535,0.2776210368231889,0.2899780562663575,H
2020-21,2021-03-06,Burnley,Arsenal,D,5.18,3.7,1.78,0.19305019305019305,0.27027027027027023,0.5617977528089888,1.025118216129452,0.025118216129452087,0.18831993228946256,0.2636479052052475,0.54803216250529,A
2020-21,2021-03-06,Sheffield United,Southampton,A,3.74,3.34,2.19,0.267379679144385,0.29940119760479045,0.4566210045662101,1.0234018813153856,0.023401881315385564,0.26126557320836663,0.2925548634129615,0.4461795633786719,A
2020-21,2021-03-06,Aston Villa,Wolves,D,2.7,3.13,3.02,0.37037037037037035,0.3194888178913738,0.33112582781456956,1.0209850160763136,0.020985016076313645,0.3627578902124524,0.312922141716812,0.32431996807073565,H
2020-21,2021-03-06,Brighton,Leicester,A,2.52,3.25,3.14,0.3968253968253968,0.3076923076923077,0.3184713375796178,1.0229890420973222,0.02298904209732222,0.3879077687986073,0.30077771611461246,0.3113145150867804,H
2020-21,2021-03-07,West Brom,Newcastle,D,2.32,3.29,3.48,0.4310344827586207,0.303951367781155,0.28735632183908044,1.0223421723788562,0.022342172378856162,0.421614694574968,0.2973088423750534,0.28107646304997863,H
2020-21,2021-03-07,Liverpool,Fulham,A,1.67,4.03,5.68,0.5988023952095809,0.24813895781637715,0.17605633802816903,1.0229976910541272,0.02299769105412719,0.5853409058944767,0.24256062353443575,0.17209847057108738,H
2020-21,2021-03-07,Man City,Man United,A,1.51,4.48,7.2,0.6622516556291391,0.2232142857142857,0.1388888888888889,1.0243548302323138,0.024354830232313773,0.6465061090979058,0.21790719302183878,0.13558669788025526,H
2020-21,2021-03-07,Tottenham,Crystal Palace,H,1.56,4.17,6.87,0.641025641025641,0.23980815347721823,0.14556040756914118,1.0263942020720005,0.026394202072000494,0.6245413699060175,0.23364137579217925,0.14181725430180311,H
2020-21,2021-03-08,Chelsea,Everton,H,1.68,3.95,5.74,0.5952380952380952,0.2531645569620253,0.17421602787456444,1.0226186800746848,0.022618680074684816,0.5820723861553392,0.2475649642382202,0.17036264960644074,H
2020-21,2021-03-08,West Ham,Leeds,H,2.25,3.61,3.33,0.4444444444444444,0.2770083102493075,0.3003003003003003,1.0217530549940523,0.021753054994052334,0.4349822516038688,0.2711108216367603,0.2939069267593708,H
2020-21,2021-03-10,Man City,Southampton,H,1.18,7.78,18.52,0.8474576271186441,0.12853470437017994,0.05399568034557235,1.0299880118343965,0.029988011834396477,0.8227839716399534,0.12479242757521143,0.052423600784835045,H
2020-21,2021-03-12,Newcastle,Aston Villa,D,3.8,3.42,2.14,0.2631578947368421,0.29239766081871343,0.4672897196261682,1.0228452751817239,0.022845275181723856,0.2572802564787603,0.285866951643067,0.45685279187817257,A
2020-21,2021-03-13,Leeds,Chelsea,D,5.3,3.99,1.71,0.18867924528301888,0.2506265664160401,0.5847953216374269,1.0241011333364858,0.02410113333648578,0.18423887948283826,0.24472833615514855,0.5710327843620132,A
2020-21,2021-03-13,Crystal Palace,West Brom,H,2.39,3.16,3.48,0.41841004184100417,0.3164556962025316,0.28735632183908044,1.0222220598826162,0.022222059882616163,0.4093142363695918,0.30957627370991275,0.2811094899204955,H
2020-21,2021-03-13,Everton,Burnley,A,2.05,3.35,4.23,0.48780487804878053,0.29850746268656714,0.23640661938534277,1.0227189601206903,0.0227189601206903,0.47696864639256814,0.2918763358521685,0.23115501775526348,H
2020-21,2021-03-13,Fulham,Man City,A,8.36,4.76,1.44,0.11961722488038279,0.21008403361344538,0.6944444444444444,1.0241457029382726,0.024145702938272562,0.11679707734671067,0.2051310013904414,0.678071921262848,A
2020-21,2021-03-14,Southampton,Brighton,A,3.34,3.25,2.41,0.29940119760479045,0.3076923076923077,0.41493775933609955,1.0220312646331977,0.02203126463319771,0.29294720031118043,0.30105958431979774,0.4059932153690218,A
2020-21,2021-03-14,Leicester,Sheffield United,H,1.56,3.96,7.64,0.641025641025641,0.25252525252525254,0.13089005235602094,1.0244409459069146,0.02444094590691459,0.625732155266554,0.24650054601409707,0.12776729871934875,H
2020-21,2021-03-14,Arsenal,Tottenham,H,2.73,3.34,2.81,0.3663003663003663,0.29940119760479045,0.35587188612099646,1.021573450026153,0.021573450026153074,0.35856488467959763,0.29307848358541966,0.3483566317349828,H
2020-21,2021-03-14,Man United,West Ham,H,1.81,3.68,5.05,0.5524861878453039,0.2717391304347826,0.19801980198019803,1.0222451202602845,0.022245120260284468,0.5404635120240335,0.26582580346834256,0.1937106845076239,H
2020-21,2021-03-15,Wolves,Liverpool,A,5.93,3.95,1.66,0.16863406408094436,0.2531645569620253,0.6024096385542169,1.0242082595971866,0.024208259597186643,0.16464821729446594,0.24718074140662855,0.5881710412989054,A
2020-21,2021-03-19,Fulham,Leeds,A,2.56,3.45,2.94,0.390625,0.2898550724637681,0.3401360544217687,1.0206161268855367,0.020616126885536712,0.38273449704543916,0.2840000905612534,0.33326541239330754,H
2020-21,2021-03-20,Brighton,Newcastle,H,1.76,3.64,5.55,0.5681818181818182,0.2747252747252747,0.1801801801801802,1.023087273087273,0.023087273087273097,0.5553600686159158,0.2685257474626406,0.1761141839214436,H
2020-21,2021-03-21,West Ham,Arsenal,D,3.54,3.56,2.18,0.2824858757062147,0.2808988764044944,0.4587155963302752,1.0221003484409843,0.022100348440984297,0.2763778293756499,0.2748251449409553,0.4487970256833948,A
2020-21,2021-03-21,Aston Villa,Tottenham,A,3.12,3.54,2.39,0.3205128205128205,0.2824858757062147,0.41841004184100417,1.0214087380600394,0.0214087380600394,0.3137948683712753,0.2765649687340054,0.4096401628947193,A
2020-21,2021-04-03,Chelsea,West Brom,A,1.3,5.73,12.2,0.7692307692307692,0.17452006980802792,0.0819672131147541,1.0257180521535512,0.025718052153551163,0.7499436785925012,0.17014429008206836,0.07991203132543047,H
2020-21,2021-04-03,Leeds,Sheffield United,H,1.6,4.17,6.25,0.625,0.23980815347721823,0.16,1.0248081534772182,0.02480815347721821,0.609870245352116,0.23400297183774235,0.1561267828101417,H
2020-21,2021-04-03,Leicester,Man City,A,5.2,3.86,1.75,0.1923076923076923,0.2590673575129534,0.5714285714285714,1.022803621249217,0.022803621249217088,0.18802015197483785,0.2532913964427868,0.5586884515823753,A
2020-21,2021-04-03,Arsenal,Liverpool,A,2.94,3.69,2.43,0.3401360544217687,0.2710027100271003,0.4115226337448559,1.022661398193725,0.022661398193724924,0.33259889834752127,0.2649974962443666,0.40240360540811215,A
2020-21,2021-04-04,Southampton,Burnley,H,2.03,3.45,4.16,0.4926108374384237,0.2898550724637681,0.24038461538461536,1.0228505252868072,0.0228505252868072,0.48160588987359193,0.2833796975198236,0.23501441260658446,H
2020-21,2021-04-04,Newcastle,Tottenham,D,5.62,3.95,1.68,0.17793594306049823,0.2531645569620253,0.5952380952380952,1.0263385952606188,0.02633859526061877,0.1733696305314474,0.2466676768574011,0.5799626926111514,A
2020-21,2021-04-04,Aston Villa,Fulham,H,2.6,3.28,3.02,0.3846153846153846,0.3048780487804878,0.33112582781456956,1.020619261210442,0.020619261210442108,0.37684511671789866,0.2987186900812612,0.32443619320084,H
2020-21,2021-04-04,Man United,Brighton,H,1.67,4.06,5.6,0.5988023952095809,0.24630541871921185,0.17857142857142858,1.0236792425002212,0.023679242500221243,0.5849511940352268,0.2406080034578396,0.1744408025069337,H
2020-21,2021-04-05,Everton,Crystal Palace,D,1.89,3.47,4.8,0.5291005291005292,0.2881844380403458,0.20833333333333334,1.0256183004742083,0.025618300474208322,0.515884446344115,0.2809860529078897,0.20312950074799527,H
2020-21,2021-04-05,Wolves,West Ham,A,2.91,3.2,2.74,0.3436426116838488,0.3125,0.36496350364963503,1.0211061153334837,0.02110611533348372,0.3365395687319122,0.30604067031558263,0.35741976095250527,A
2020-21,2021-04-09,Fulham,Wolves,A,2.75,3.13,2.96,0.36363636363636365,0.3194888178913738,0.33783783783783783,1.0209630193655754,0.02096301936557543,0.3561699657469735,0.31292888364350707,0.3309011506095193,H
2020-21,2021-04-10,Man City,Leeds,A,1.39,5.32,8.5,0.7194244604316548,0.18796992481203006,0.11764705882352941,1.0250414440672142,0.025041444067214202,0.7018491443400414,0.18337787793846944,0.11477297772148912,H
2020-21,2021-04-10,Liverpool,Aston Villa,H,1.46,4.79,7.53,0.684931506849315,0.20876826722338204,0.13280212483399734,1.0265018989066945,0.02650189890669452,0.6672481634752172,0.2033783546291894,0.12937348189559325,H
2020-21,2021-04-10,Crystal Palace,Chelsea,A,7.75,4.23,1.52,0.12903225806451613,0.23640661938534277,0.6578947368421053,1.0233336142919642,0.023333614291964233,0.12609011984209317,0.23101617701565533,0.6428937031422515,A
2020-21,2021-04-11,Burnley,Newcastle,A,2.27,3.44,3.43,0.44052863436123346,0.29069767441860467,0.29154518950437314,1.0227714982842113,0.022771498284211322,0.43072048360778414,0.2842254354039739,0.285054080988242,H
2020-21,2021-04-11,West Ham,Leicester,H,3.25,3.31,2.42,0.3076923076923077,0.3021148036253776,0.4132231404958678,1.023030251813553,0.023030251813553004,0.30076560018323345,0.29531365576903584,0.4039207440477309,A
2020-21,2021-04-11,Tottenham,Man United,A,3.02,3.6,2.42,0.33112582781456956,0.2777777777777778,0.4132231404958678,1.022126746088215,0.022126746088215077,0.3239576980857045,0.2717645133941188,0.4042777885201767,A
2020-21,2021-04-11,Sheffield United,Arsenal,A,5.58,4.05,1.67,0.17921146953405018,0.2469135802469136,0.5988023952095809,1.0249274449905448,0.024927444990544778,0.1748528351055166,0.2409083505898229,0.5842388143046604,A
2020-21,2021-04-12,West Brom,Southampton,H,3.69,3.65,2.09,0.2710027100271003,0.273972602739726,0.47846889952153115,1.0234442122883576,0.02344421228835758,0.2647948044194369,0.26769666528978686,0.46750853029077616,A
2020-21,2021-04-12,Brighton,Everton,D,2.15,3.51,3.67,0.46511627906976744,0.2849002849002849,0.2724795640326976,1.02249612800275,0.022496128002750027,0.4548831690720265,0.2786321405996744,0.26648469032829897,H
2020-21,2021-04-16,Everton,Tottenham,D,3.59,3.46,2.2,0.2785515320334262,0.28901734104046245,0.45454545454545453,1.0221143276193432,0.022114327619343177,0.27252482868742706,0.28276420086354426,0.4447109704490287,A
2020-21,2021-04-17,Newcastle,West Ham,H,3.48,3.5,2.22,0.28735632183908044,0.2857142857142857,0.4504504504504504,1.0235210580038165,0.023521058003816542,0.28075272080822095,0.2791484195464597,0.4400988596453193,A
2020-21,2021-04-17,Wolves,Sheffield United,H,1.81,3.52,5.31,0.5524861878453039,0.2840909090909091,0.18832391713747648,1.0249010140736894,0.024901014073689387,0.5390629731639437,0.27718863108714153,0.1837483957489149,H
2020-21,2021-04-18,Arsenal,Fulham,D,1.9,3.7,4.38,0.5263157894736842,0.27027027027027023,0.22831050228310504,1.0248965620270596,0.024896562027059588,0.5135306419925216,0.26370492426643,0.22276443374104823,H
2020-21,2021-04-18,Man United,Burnley,H,1.39,5.23,8.59,0.7194244604316548,0.19120458891013384,0.11641443538998836,1.0270434847317769,0.027043484731776868,0.7004810128555948,0.18616990590234736,0.11334908124205784,H
2020-21,2021-04-19,Leeds,Liverpool,D,5.44,4.47,1.62,0.1838235294117647,0.2237136465324385,0.6172839506172839,1.024821126561487,0.02482112656148705,0.17937133090584825,0.21829531099056257,0.6023333581035892,A
2020-21,2021-04-20,Chelsea,Brighton,D,1.69,3.74,6.02,0.591715976331361,0.267379679144385,0.16611295681063123,1.0252086122863773,0.025208612286377274,0.577166412025881,0.2608051434020692,0.16202844457204965,H
2020-21,2021-04-21,Tottenham,Southampton,H,1.86,3.9,4.33,0.5376344086021505,0.25641025641025644,0.23094688221709006,1.024991547229497,0.024991547229497035,0.5245256998024526,0.2501584106750159,0.22531588952253156,H
2020-21,2021-04-21,Aston Villa,Man City,A,9.64,5.47,1.34,0.10373443983402489,0.18281535648994515,0.7462686567164178,1.0328184530403879,0.032818453040387885,0.10043821305540558,0.17700628406839303,0.7225555028762014,A
2020-21,2021-04-22,Leicester,West Brom,H,1.64,4.04,5.96,0.6097560975609756,0.24752475247524752,0.16778523489932887,1.025066084935552,0.025066084935551958,0.5948456460729673,0.2414719949405115,0.16368235898652123,H
2020-21,2021-04-23,Arsenal,Everton,A,2.06,3.62,3.81,0.4854368932038835,0.27624309392265195,0.26246719160104987,1.0241471787275853,0.024147178727585317,0.47399133961096984,0.2697298783421541,0.25627878204687604,H
2020-21,2021-04-24,Liverpool,Newcastle,D,1.22,7.14,12.64,0.819672131147541,0.1400560224089636,0.0791139240506329,1.0388420776071374,0.038842077607137426,0.7890247698048282,0.13481935842603507,0.07615587176913688,H
2020-21,2021-04-24,West Ham,Chelsea,A,5.09,3.97,1.72,0.19646365422396858,0.2518891687657431,0.5813953488372093,1.029748171826921,0.02974817182692102,0.19078805828362275,0.24461239714449365,0.5645995445718835,A
2020-21,2021-04-24,Sheffield United,Brighton,H,6.43,3.94,1.61,0.15552099533437014,0.25380710659898476,0.6211180124223602,1.030446114355715,0.030446114355715093,0.15092588847463353,0.24630798550555677,0.6027661260198097,A
2020-21,2021-04-25,Wolves,Burnley,A,2.44,3.06,3.5,0.4098360655737705,0.32679738562091504,0.2857142857142857,1.022347736908971,0.022347736908971072,0.4008773637166685,0.3196538455779971,0.2794687907053346,H
2020-21,2021-04-25,Leeds,Man United,D,4.42,3.98,1.83,0.22624434389140272,0.25125628140703515,0.5464480874316939,1.0239487127301317,0.02394871273013166,0.220952808552464,0.24537975221153033,0.5336674392360058,A
2020-21,2021-04-25,Aston Villa,West Brom,D,2.1,3.57,3.76,0.47619047619047616,0.2801120448179272,0.26595744680851063,1.022259967816914,0.022259967816913973,0.4658213088471068,0.2740125346159452,0.26016615653694797,H
2020-21,2021-04-26,Leicester,Crystal Palace,H,1.44,4.75,8.25,0.6944444444444444,0.21052631578947367,0.12121212121212122,1.0261828814460392,0.026182881446039197,0.6767258127185598,0.20515477269783708,0.11811941458360319,H
2020-21,2021-04-30,Southampton,Leicester,D,4.21,3.81,1.91,0.23752969121140144,0.26246719160104987,0.5235602094240838,1.0235570922365351,0.023557092236535127,0.23206296259682443,0.25642652822378764,0.5115105091793879,A
2020-21,2021-05-01,Crystal Palace,Man City,A,9.44,5.58,1.34,0.10593220338983052,0.17921146953405018,0.7462686567164178,1.0314123296402986,0.03141232964029861,0.10270596961621935,0.17375346831131014,0.7235405620724704,A
2020-21,2021-05-01,Brighton,Leeds,H,2.09,3.54,3.82,0.47846889952153115,0.2824858757062147,0.2617801047120419,1.0227348799397877,0.022734879939787733,0.467832777493323,0.2762063573336285,0.25596086517304845,H
2020-21,2021-05-01,Chelsea,Fulham,H,1.49,4.26,8.34,0.6711409395973155,0.2347417840375587,0.11990407673860912,1.0257868003734831,0.025786800373483132,0.6542694245558208,0.22884071422257582,0.11688986122160348,H
2020-21,2021-05-01,Everton,Aston Villa,A,1.99,3.84,3.84,0.5025125628140703,0.2604166666666667,0.2604166666666667,1.0233458961474038,0.02334589614740379,0.49104859335038353,0.2544757033248082,0.2544757033248082,H
2020-21,2021-05-02,Newcastle,Arsenal,A,3.75,3.64,2.08,0.26666666666666666,0.2747252747252747,0.4807692307692307,1.022161172161172,0.022161172161172082,0.26088514603117724,0.26876903780684464,0.4703458161619781,A
2020-21,2021-05-02,Tottenham,Sheffield United,H,1.31,5.78,10.51,0.7633587786259541,0.17301038062283736,0.09514747859181732,1.0315166378406089,0.031516637840608874,0.7400353524340431,0.1677242753786499,0.092240372187307,H
2020-21,2021-05-03,West Brom,Wolves,D,2.62,3.13,3.11,0.38167938931297707,0.3194888178913738,0.3215434083601286,1.0227116155644795,0.022711615564479537,0.3732033385602171,0.31239384889066096,0.31440281254912184,H
2020-21,2021-05-03,Burnley,West Ham,A,3.09,3.61,2.38,0.3236245954692557,0.2770083102493075,0.42016806722689076,1.020800972945454,0.02080097294545391,0.3170300617322672,0.2713636816489489,0.41160625661878386,A
2020-21,2021-05-07,Leicester,Newcastle,A,1.41,4.99,8.68,0.7092198581560284,0.2004008016032064,0.1152073732718894,1.0248280330311241,0.02482803303112413,0.6920379178723044,0.19554578440880743,0.11241629771888816,H
2020-21,2021-05-08,Leeds,Tottenham,H,4.13,4.06,1.87,0.24213075060532688,0.24630541871921185,0.53475935828877,1.0231955276133087,0.023195527613308675,0.23664172103069842,0.24072175070364152,0.5226365282656601,A
2020-21,2021-05-08,Sheffield United,Crystal Palace,A,3.05,3.25,2.55,0.3278688524590164,0.3076923076923077,0.3921568627450981,1.0277180228964222,0.027718022896422223,0.319026080261765,0.2993937060918102,0.3815802136464248,A
2020-21,2021-05-08,Man City,Chelsea,A,2.08,3.36,4.09,0.4807692307692307,0.2976190476190476,0.24449877750611249,1.0228870558943908,0.022887055894390773,0.4700120389624603,0.29095983364342787,0.2390281273941119,H
2020-21,2021-05-08,Liverpool,Southampton,H,1.33,6.09,9.28,0.7518796992481203,0.16420361247947454,0.10775862068965518,1.02384193241725,0.023841932417250078,0.7343708783962014,0.16037984700606697,0.10524927459773147,H
2020-21,2021-05-09,Wolves,Brighton,H,4.23,3.35,2.05,0.23640661938534277,0.29850746268656714,0.48780487804878053,1.0227189601206905,0.022718960120690523,0.23115501775526343,0.29187633585216843,0.47696864639256803,A
2020-21,2021-05-09,Aston Villa,Man United,A,4.38,4.07,1.82,0.22831050228310504,0.24570024570024568,0.5494505494505494,1.0234612974339001,0.02346129743390013,0.22307683041414703,0.24006794034741127,0.5368552292384416,A
2020-21,2021-05-09,West Ham,Everton,A,2.15,3.62,3.54,0.46511627906976744,0.27624309392265195,0.2824858757062147,1.023845248698634,0.023845248698634025,0.45428376960381156,0.2698094211735345,0.2759068092226539,H
2020-21,2021-05-09,Arsenal,West Brom,H,1.52,4.41,7.07,0.6578947368421053,0.22675736961451246,0.14144271570014144,1.0260948221567592,0.02609482215675918,0.6411636845211534,0.22099065770343604,0.1378456577754106,H
2020-21,2021-05-10,Fulham,Burnley,A,2.26,3.48,3.43,0.4424778761061947,0.28735632183908044,0.29154518950437314,1.0213793874496484,0.0213793874496484,0.4332159837404275,0.28134141472797874,0.2854426015315936,H
2020-21,2021-05-11,Man United,Leicester,A,3.94,3.61,2.03,0.25380710659898476,0.2770083102493075,0.4926108374384237,1.0234262542867159,0.023426254286715853,0.24799745515213248,0.27066758263141333,0.4813349622164543,A
2020-21,2021-05-11,Southampton,Crystal Palace,H,1.88,3.87,4.28,0.5319148936170213,0.25839793281653745,0.2336448598130841,1.0239576862466429,0.02395768624664285,0.5194696038337054,0.2523521589683117,0.22817823719798278,H
2020-21,2021-05-12,Chelsea,Arsenal,A,1.99,3.39,4.42,0.5025125628140703,0.2949852507374631,0.22624434389140272,1.0237421574429362,0.023742157442936174,0.4908585224908847,0.2881440884238527,0.2209973890852626,H
2020-21,2021-05-13,Aston Villa,Everton,D,3.12,3.39,2.47,0.3205128205128205,0.2949852507374631,0.4048582995951417,1.0203563708454253,0.020356370845425298,0.31411850768105337,0.28910021945866865,0.396781272860278,A
2020-21,2021-05-13,Man United,Liverpool,A,2.85,3.77,2.47,0.3508771929824561,0.26525198938992045,0.4048582995951417,1.0209874819675182,0.020987481967518207,0.3436645396536007,0.2597994530537831,0.39653600729261623,A
2020-21,2021-05-14,Newcastle,Man City,A,8.12,5.89,1.35,0.12315270935960593,0.16977928692699493,0.7407407407407407,1.0336727370273415,0.033672737027341526,0.11914090886615734,0.16424858743517787,0.7166105036986649,A
2020-21,2021-05-15,Burnley,Leeds,A,3.58,3.87,2.06,0.27932960893854747,0.25839793281653745,0.4854368932038835,1.0231644349589684,0.02316443495896836,0.27300558873486386,0.25254780559969314,0.47444660566544306,A
2020-21,2021-05-15,Southampton,Fulham,H,1.87,3.84,4.38,0.53475935828877,0.2604166666666667,0.22831050228310504,1.0234865272385418,0.023486527238541832,0.5224879312594358,0.25444073735811074,0.22307133138245325,H
2020-21,2021-05-15,Brighton,West Ham,D,3.51,3.61,2.17,0.2849002849002849,0.2770083102493075,0.4608294930875576,1.02273808823715,0.022738088237149956,0.2785662215742404,0.2708497057411589,0.45058407268460077,A
2020-21,2021-05-16,Crystal Palace,Aston Villa,H,3.2,3.62,2.31,0.3125,0.27624309392265195,0.4329004329004329,1.0216435268230848,0.02164352682308479,0.3058796848366023,0.2703908816235158,0.42372943353988196,A
2020-21,2021-05-16,Tottenham,Wolves,H,1.56,4.63,5.95,0.641025641025641,0.2159827213822894,0.1680672268907563,1.0250755892986867,0.025075589298686696,0.6253447528334994,0.2106993119698184,0.1639559351966822,H
2020-21,2021-05-16,West Brom,Liverpool,A,11.9,7.23,1.23,0.08403361344537814,0.1383125864453665,0.8130081300813008,1.0353543299720456,0.03535432997204557,0.08116411069401433,0.13358961511186312,0.7852462741941224,A
2020-21,2021-05-16,Everton,Sheffield United,A,1.35,5.33,9.25,0.7407407407407407,0.18761726078799248,0.10810810810810811,1.0364661096368413,0.03646610963684127,0.7146791717099971,0.18101630052692233,0.10430452776308066,H
2020-21,2021-05-18,Man United,Fulham,D,1.3,5.93,10.85,0.7692307692307692,0.16863406408094436,0.09216589861751152,1.030030731929225,0.030030731929225007,0.7468037072932928,0.16371750750105918,0.089478785205648,H
2020-21,2021-05-18,Southampton,Leeds,A,2.71,3.9,2.52,0.36900369003690037,0.25641025641025644,0.3968253968253968,1.0222393432725536,0.022239343272553613,0.3609758247570355,0.2508319192542478,0.3881922559887167,A
2020-21,2021-05-18,Brighton,Man City,H,7.37,4.75,1.46,0.13568521031207598,0.21052631578947367,0.684931506849315,1.0311430329508646,0.031143032950864624,0.13158718623524032,0.20416790790604658,0.6642449058587132,A
2020-21,2021-05-18,Chelsea,Leicester,H,1.71,3.88,5.45,0.5847953216374269,0.2577319587628866,0.18348623853211007,1.0260135189324235,0.02601351893242354,0.5699684369129091,0.25119742967038006,0.1788341334167109,H
2020-21,2021-05-19,Everton,Wolves,H,1.85,3.57,4.89,0.5405405405405405,0.2801120448179272,0.20449897750511248,1.0251515628635801,0.025151562863580113,0.5272786582216543,0.27323964081514307,0.19948170096320259,H
2020-21,2021-05-19,Newcastle,Sheffield United,H,1.82,3.82,4.59,0.5494505494505494,0.2617801047120419,0.2178649237472767,1.029095577909868,0.029095577909868053,0.5339159561510353,0.2543788063337393,0.21170523751522535,H
2020-21,2021-05-19,Tottenham,Aston Villa,A,1.64,4.47,5.27,0.6097560975609756,0.2237136465324385,0.18975332068311196,1.0232230647765261,0.023223064776526137,0.5959170766876208,0.21863624290105108,0.18544668041132795,H
2020-21,2021-05-19,Crystal Palace,Arsenal,A,5.96,4.09,1.63,0.16778523489932887,0.24449877750611249,0.6134969325153374,1.0257809449207786,0.025780944920778648,0.163568289828475,0.23835379153489267,0.5980779186366325,A
2020-21,2021-05-19,Burnley,Liverpool,A,9.95,6.52,1.29,0.10050251256281408,0.15337423312883436,0.7751937984496123,1.0290705441412609,0.029070544141260868,0.09766338482332272,0.14904151518283146,0.7532950999938457,A
2020-21,2021-05-19,West Brom,West Ham,A,4.91,4.31,1.68,0.20366598778004072,0.2320185614849188,0.5952380952380952,1.0309226445030548,0.03092264450305482,0.19755700281296637,0.2250591377753283,0.5773838594117053,A
2020-21,2021-05-23,Arsenal,Brighton,H,1.7,4.21,5.05,0.5882352941176471,0.23752969121140144,0.19801980198019803,1.0237847873092465,0.02378478730924649,0.5745692858590636,0.23201135058442,0.19341936355651645,H
2020-21,2021-05-23,Aston Villa,Chelsea,H,6.95,5.06,1.46,0.14388489208633093,0.19762845849802374,0.684931506849315,1.0264448574336698,0.026444857433669755,0.14017790731211197,0.1925368489761222,0.6672852437117658,A
2020-21,2021-05-23,Fulham,Newcastle,A,2.53,3.47,2.91,0.3952569169960475,0.2881844380403458,0.3436426116838488,1.0270839667202423,0.02708396672024227,0.38483408348609516,0.280585081043176,0.3345808354707287,H
2020-21,2021-05-23,Leeds,West Brom,H,1.54,4.81,5.69,0.6493506493506493,0.2079002079002079,0.17574692442882248,1.0329977816796798,0.032997781679679816,0.6286079804496668,0.20125910392775195,0.17013291562258115,H
2020-21,2021-05-23,Leicester,Tottenham,A,1.78,4.36,4.33,0.5617977528089888,0.2293577981651376,0.23094688221709006,1.0221024331912165,0.02210243319121652,0.5496491687774769,0.22439805514309835,0.22595277607942468,H
2020-21,2021-05-23,Liverpool,Crystal Palace,H,1.19,8.34,15.0,0.8403361344537815,0.11990407673860912,0.06666666666666667,1.0269068778590573,0.02690687785905732,0.8183177584765553,0.11676236601763798,0.06491987550580672,H
2020-21,2021-05-23,Man City,Everton,H,1.28,6.28,10.34,0.78125,0.1592356687898089,0.09671179883945842,1.0371974676292672,0.037197467629267233,0.7532316886443148,0.15352493016954186,0.09324338118614342,H
2020-21,2021-05-23,Sheffield United,Burnley,H,2.85,3.45,2.58,0.3508771929824561,0.2898550724637681,0.38759689922480617,1.0283291646710304,0.028329164671030416,0.34121097119199584,0.2818699327238227,0.37691909608418145,A
2020-21,2021-05-23,West Ham,Southampton,H,1.79,3.94,4.75,0.5586592178770949,0.25380710659898476,0.21052631578947367,1.0229926402655534,0.022992640265553366,0.5461028710158418,0.2481025733802936,0.2057945556038646,H
2020-21,2021-05-23,Wolves,Man United,A,2.48,3.19,3.28,0.40322580645161293,0.31347962382445144,0.3048780487804878,1.0215834790565521,0.021583479056552113,0.3947066634476099,0.3068565910188315,0.29843674553355864,H
2021-22,2021-08-13,Brentford,Arsenal,H,3.94,3.33,2.13,0.25380710659898476,0.3003003003003003,0.4694835680751174,1.0235909749744025,0.023590974974402545,0.24795754632882713,0.2933791989596333,0.4586632547115394,A
2021-22,2021-08-14,Man United,Leeds,H,1.67,4.2,5.4,0.5988023952095809,0.23809523809523808,0.18518518518518517,1.0220828184900042,0.022082818490004152,0.5858648481091135,0.23295102293862366,0.18118412895226285,H
2021-22,2021-08-14,Burnley,Brighton,A,3.27,3.14,2.51,0.3058103975535168,0.3184713375796178,0.39840637450199207,1.0226881096351268,0.022688109635126796,0.2990260614867454,0.3114061213572157,0.38956781715603883,A
2021-22,2021-08-14,Chelsea,Crystal Palace,H,1.34,5.4,11.0,0.7462686567164178,0.18518518518518517,0.09090909090909091,1.0223629328106938,0.022362932810693792,0.7299449469130949,0.1811344868265828,0.08892056626032248,H
2021-22,2021-08-14,Everton,Southampton,H,2.05,3.45,4.07,0.48780487804878053,0.2898550724637681,0.24570024570024568,1.0233601962127943,0.023360196212794282,0.4766697784944412,0.2832385640329288,0.24009165747263003,H
2021-22,2021-08-14,Leicester,Wolves,H,1.76,3.77,5.22,0.5681818181818182,0.26525198938992045,0.19157088122605365,1.0250046887977924,0.025004688797792385,0.5543211893481457,0.25878124489462506,0.18689756575722918,H
2021-22,2021-08-14,Watford,Aston Villa,H,3.68,3.35,2.21,0.2717391304347826,0.29850746268656714,0.45248868778280543,1.0227352809041552,0.02273528090415522,0.2656984026155331,0.2918716780970632,0.4424299192874036,A
2021-22,2021-08-14,Norwich,Liverpool,A,7.0,4.9,1.48,0.14285714285714285,0.2040816326530612,0.6756756756756757,1.0226144511858797,0.02261445118587968,0.13969795037756202,0.1995685005393743,0.6607335490830637,A
2021-22,2021-08-15,Newcastle,West Ham,A,3.46,3.55,2.21,0.28901734104046245,0.28169014084507044,0.45248868778280543,1.0231961696683383,0.023196169668338262,0.2824652296481381,0.27530413931903036,0.44223063103283156,A
2021-22,2021-08-15,Tottenham,Man City,H,5.97,4.25,1.61,0.16750418760469013,0.23529411764705882,0.6211180124223602,1.023916317674109,0.023916317674109067,0.16359167708664565,0.22979819110759397,0.6066101318057605,A
2021-22,2021-08-21,Liverpool,Burnley,H,1.25,6.75,13.5,0.8,0.14814814814814814,0.07407407407407407,1.0222222222222221,0.022222222222222143,0.7826086956521741,0.14492753623188406,0.07246376811594203,H
2021-22,2021-08-21,Aston Villa,Newcastle,H,1.87,3.83,4.39,0.53475935828877,0.2610966057441253,0.22779043280182235,1.0236463968347176,0.023646396834717587,0.522406330879817,0.2550652320483702,0.22252843707181277,H
2021-22,2021-08-21,Crystal Palace,Brentford,D,2.68,3.2,2.97,0.3731343283582089,0.3125,0.33670033670033667,1.0223346650585456,0.022334665058545644,0.3649825650163597,0.30567289820120125,0.329344536782439,H
2021-22,2021-08-21,Leeds,Everton,D,2.15,3.52,3.65,0.46511627906976744,0.2840909090909091,0.273972602739726,1.0231797909004026,0.023179790900402564,0.4545792276257364,0.2776549259645833,0.2677658464096803,H
2021-22,2021-08-21,Man City,Norwich,H,1.13,10.0,26.0,0.8849557522123894,0.1,0.038461538461538464,1.0234172906739278,0.023417290673927837,0.8647066648929095,0.09771185313289876,0.03758148197419183,H
2021-22,2021-08-21,Brighton,Watford,H,1.78,3.55,5.6,0.5617977528089888,0.28169014084507044,0.17857142857142858,1.022059322225488,0.0220593222254879,0.5496723532502005,0.27561036303812864,0.17471728371167083,H
2021-22,2021-08-22,Southampton,Man United,D,5.7,4.45,1.61,0.17543859649122806,0.2247191011235955,0.6211180124223602,1.0212757100371839,0.02127571003718387,0.1717837747113759,0.2200376440123242,0.6081785812762998,A
2021-22,2021-08-22,Wolves,Tottenham,A,2.95,3.09,2.79,0.3389830508474576,0.3236245954692557,0.35842293906810035,1.0210305853848136,0.021030585384813616,0.3320008780341278,0.31695876705523535,0.35104035491063695,A
2021-22,2021-08-22,Arsenal,Chelsea,A,4.5,3.56,1.93,0.2222222222222222,0.2808988764044944,0.5181347150259068,1.0212558136526235,0.021255813652623523,0.21759702050304341,0.2750524135572178,0.5073505659397386,A
2021-22,2021-08-23,West Ham,Leicester,H,2.52,3.5,2.95,0.3968253968253968,0.2857142857142857,0.3389830508474576,1.0215227333871402,0.02152273338714017,0.3884645772978667,0.279694495654464,0.3318409270476692,H
2021-22,2021-08-28,Man City,Arsenal,H,1.36,5.2,10.5,0.7352941176470588,0.1923076923076923,0.09523809523809523,1.0228399051928463,0.022839905192846288,0.7188750789972614,0.18801348219928377,0.09311143880345482,H
2021-22,2021-08-28,Aston Villa,Brentford,D,2.1,3.33,4.07,0.47619047619047616,0.3003003003003003,0.24570024570024568,1.0221910221910222,0.022191022191022203,0.465852727966425,0.2937809996184662,0.24036627241510872,H
2021-22,2021-08-28,Brighton,Everton,A,2.35,3.26,3.46,0.425531914893617,0.3067484662576687,0.28901734104046245,1.021297722191748,0.02129772219174808,0.4166580475479839,0.30035166004225833,0.28299029240975787,H
2021-22,2021-08-28,Newcastle,Southampton,D,2.51,3.59,2.89,0.39840637450199207,0.2785515320334262,0.3460207612456747,1.022978667781093,0.022978667781093032,0.38945716763201066,0.27229456567029153,0.33824826669769775,H
2021-22,2021-08-28,Norwich,Leicester,A,4.4,3.67,1.91,0.22727272727272727,0.2724795640326976,0.5235602094240838,1.0233125007295087,0.023312500729508745,0.2220951342925127,0.26627209560955206,0.5116327700979351,A
2021-22,2021-08-28,West Ham,Crystal Palace,D,1.59,4.0,6.8,0.6289308176100629,0.25,0.14705882352941177,1.0259896411394747,0.025989641139474662,0.6129991886775443,0.2436671774993239,0.14333363382313172,H
2021-22,2021-08-28,Liverpool,Chelsea,D,2.47,3.36,3.13,0.4048582995951417,0.2976190476190476,0.3194888178913738,1.0219661651055632,0.02196616510556315,0.39615626565613565,0.2912220167174569,0.3126217176264074,H
2021-22,2021-08-29,Burnley,Leeds,D,3.35,3.6,2.24,0.29850746268656714,0.2777777777777778,0.4464285714285714,1.0227138118929164,0.022713811892916436,0.2918778051252352,0.2716085131026495,0.4365136817721152,A
2021-22,2021-08-29,Tottenham,Watford,H,1.44,4.65,8.5,0.6944444444444444,0.2150537634408602,0.11764705882352941,1.027145266708834,0.027145266708834104,0.6760917534766767,0.20937034946374503,0.11453789705957818,H
2021-22,2021-08-29,Wolves,Man United,A,4.93,3.8,1.79,0.20283975659229211,0.2631578947368421,0.5586592178770949,1.024656869206229,0.024656869206229004,0.1979587144615797,0.25682538481462835,0.5452159007237921,A
2021-22,2021-09-11,Crystal Palace,Tottenham,H,3.95,3.33,2.13,0.2531645569620253,0.3003003003003003,0.4694835680751174,1.022948425337443,0.022948425337443012,0.24748516219526231,0.293563480682068,0.45895135712266966,A
2021-22,2021-09-11,Arsenal,Norwich,H,1.44,4.91,7.9,0.6944444444444444,0.20366598778004072,0.12658227848101264,1.0246927107054977,0.024692710705497722,0.6777099487380188,0.1987581112388487,0.12353194002313253,H
2021-22,2021-09-11,Brentford,Brighton,A,3.14,3.0,2.7,0.3184713375796178,0.3333333333333333,0.37037037037037035,1.0221750412833215,0.022175041283321484,0.3115624278790676,0.32610200784675747,0.36233556427417496,A
2021-22,2021-09-11,Leicester,Man City,A,5.62,4.15,1.65,0.17793594306049823,0.24096385542168672,0.6060606060606061,1.024960404542791,0.024960404542790915,0.17360274823481692,0.2350957698987159,0.5913014818664674,A
2021-22,2021-09-11,Man United,Newcastle,H,1.2,7.45,15.76,0.8333333333333334,0.1342281879194631,0.06345177664974619,1.0310132979025426,0.03101329790254259,0.808266328890847,0.1301905496200022,0.06154312148915078,H
2021-22,2021-09-11,Southampton,West Ham,D,3.16,3.55,2.36,0.3164556962025316,0.28169014084507044,0.42372881355932207,1.021874650606924,0.021874650606924062,0.3096815211284265,0.27566017091995154,0.414658307951622,A
2021-22,2021-09-11,Watford,Wolves,A,3.67,3.21,2.28,0.2724795640326976,0.3115264797507788,0.4385964912280702,1.0226025350115466,0.02260253501154663,0.26645696123726204,0.30464082484135563,0.4289022139213823,A
2021-22,2021-09-11,Chelsea,Aston Villa,H,1.35,5.38,10.33,0.7407407407407407,0.1858736059479554,0.0968054211035818,1.0234197677922778,0.023419767792277835,0.7237897527997406,0.1816201052564405,0.09459014194381896,H
2021-22,2021-09-12,Leeds,Liverpool,A,5.04,4.48,1.66,0.1984126984126984,0.2232142857142857,0.6024096385542169,1.024036622681201,0.024036622681200992,0.19375547125765974,0.21797490516486723,0.588269623577473,A
2021-22,2021-09-13,Everton,Burnley,H,1.78,3.53,5.58,0.5617977528089888,0.28328611898017,0.17921146953405018,1.024295341323209,0.024295341323208985,0.548472427965205,0.2765668333648909,0.17496073866990408,H
2021-22,2021-09-17,Newcastle,Leeds,D,3.25,3.74,2.23,0.3076923076923077,0.267379679144385,0.4484304932735426,1.0235024801102353,0.023502480110235258,0.30062683156289766,0.2612398937378121,0.4381332746992903,A
2021-22,2021-09-18,Wolves,Brentford,A,1.83,3.42,5.38,0.5464480874316939,0.29239766081871343,0.1858736059479554,1.0247193541983628,0.024719354198362797,0.5332660939728028,0.28534413800299097,0.1813897680242062,H
2021-22,2021-09-18,Burnley,Arsenal,A,3.94,3.79,1.98,0.25380710659898476,0.2638522427440633,0.5050505050505051,1.022709854393553,0.02270985439355311,0.24817117534228453,0.2579932535220584,0.4938355711356572,A
2021-22,2021-09-18,Liverpool,Crystal Palace,H,1.29,6.13,11.57,0.7751937984496123,0.1631321370309951,0.08643042350907519,1.0247563589896826,0.024756358989682647,0.7564664436080041,0.1591911439240335,0.08434241246796242,H
2021-22,2021-09-18,Man City,Southampton,D,1.18,8.18,16.74,0.8474576271186441,0.12224938875305624,0.059737156511350066,1.0294441723830505,0.029444172383050526,0.8232186357001493,0.11875281052887239,0.058028553770978264,H
2021-22,2021-09-18,Norwich,Watford,A,2.41,3.29,3.31,0.41493775933609955,0.303951367781155,0.3021148036253776,1.0210039307426322,0.021003930742632182,0.40640172563713106,0.2976985285062267,0.29589974585664225,H
2021-22,2021-09-18,Aston Villa,Everton,H,2.18,3.46,3.65,0.4587155963302752,0.28901734104046245,0.273972602739726,1.0217055401104638,0.021705540110463772,0.4489704502147265,0.2828773356844231,0.26815221410085033,H
2021-22,2021-09-19,Brighton,Leicester,H,2.55,3.23,3.12,0.3921568627450981,0.30959752321981426,0.3205128205128205,1.022267206477733,0.022267206477732948,0.3836148320714424,0.302853814793244,0.31353135313531344,H
2021-22,2021-09-19,West Ham,Man United,A,4.31,3.79,1.89,0.2320185614849188,0.2638522427440633,0.5291005291005292,1.0249713333295114,0.024971333329511403,0.2263659030650457,0.2574240216913844,0.5162100752435699,A
2021-22,2021-09-19,Tottenham,Chelsea,A,4.2,3.4,2.04,0.23809523809523808,0.29411764705882354,0.49019607843137253,1.022408963585434,0.022408963585434094,0.23287671232876714,0.28767123287671237,0.4794520547945206,A
2021-22,2021-09-25,Chelsea,Man City,A,2.92,3.21,2.72,0.3424657534246575,0.3115264797507788,0.3676470588235294,1.0216392919989656,0.021639291998965637,0.3352120030099667,0.304928052582275,0.35985994440775837,A
2021-22,2021-09-25,Man United,Aston Villa,A,1.42,5.1,7.95,0.7042253521126761,0.19607843137254904,0.12578616352201258,1.0260899470072378,0.026089947007237768,0.6863193174893357,0.19109282957546211,0.1225878529352021,H
2021-22,2021-09-25,Everton,Norwich,H,1.7,3.82,5.72,0.5882352941176471,0.2617801047120419,0.17482517482517484,1.0248405736548638,0.024840573654863807,0.5739773670550903,0.2554349539250402,0.17058767901986951,H
2021-22,2021-09-25,Leeds,West Ham,A,3.08,3.62,2.38,0.3246753246753247,0.27624309392265195,0.42016806722689076,1.0210864858248674,0.021086485824867385,0.3179704453859667,0.2705383899968999,0.4114911646171334,A
2021-22,2021-09-25,Leicester,Burnley,D,1.71,3.9,5.39,0.5847953216374269,0.25641025641025644,0.1855287569573284,1.0267343350050115,0.026734335005011545,0.5695682921079799,0.24973378961657583,0.18069791827544446,H
2021-22,2021-09-25,Watford,Newcastle,D,2.16,3.57,3.59,0.4629629629629629,0.2801120448179272,0.2785515320334262,1.0216265398143163,0.02162653981431628,0.4531626234446766,0.2741824276303926,0.2726549489249308,H
2021-22,2021-09-25,Brentford,Liverpool,D,7.88,4.98,1.43,0.12690355329949238,0.2008032128514056,0.6993006993006994,1.0270074654515975,0.02700746545159749,0.12356633965040374,0.19552264185646212,0.680911018493134,A
2021-22,2021-09-26,Southampton,Wolves,A,2.15,3.42,3.78,0.46511627906976744,0.29239766081871343,0.2645502645502646,1.0220642044387456,0.02206420443874557,0.45507540235711563,0.28608541376251423,0.25883918388037,H
2021-22,2021-09-26,Arsenal,Tottenham,H,2.25,3.4,3.53,0.4444444444444444,0.29411764705882354,0.28328611898017,1.021848210483438,0.021848210483438102,0.4349417456377176,0.2878290963779014,0.2772291579843809,H
2021-22,2021-09-27,Crystal Palace,Brighton,D,2.96,3.14,2.74,0.33783783783783783,0.3184713375796178,0.36496350364963503,1.0212726790670907,0.02127267906709074,0.3308008181971978,0.31183771396933296,0.35736146783346917,A
2021-22,2021-10-02,Man United,Everton,D,1.56,4.33,6.57,0.641025641025641,0.23094688221709006,0.15220700152207,1.0241795247648011,0.02417952476480112,0.6258918729827664,0.22549453160580038,0.14861359541143312,H
2021-22,2021-10-02,Burnley,Norwich,D,1.99,3.6,4.12,0.5025125628140703,0.2777777777777778,0.24271844660194175,1.0230087871937898,0.023008787193789848,0.4912104070899625,0.2715301972525071,0.23725939565753046,H
2021-22,2021-10-02,Chelsea,Southampton,H,1.46,4.71,7.79,0.684931506849315,0.21231422505307856,0.12836970474967907,1.0256154366520727,0.025615436652072665,0.6678248809174949,0.20701153421221713,0.1251635848702879,H
2021-22,2021-10-02,Leeds,Watford,H,1.78,3.98,4.74,0.5617977528089888,0.25125628140703515,0.21097046413502107,1.0240244983510451,0.024024498351045143,0.5486174927588493,0.24536159223888232,0.20602091500226827,H
2021-22,2021-10-02,Wolves,Newcastle,H,1.83,3.72,4.77,0.5464480874316939,0.26881720430107525,0.20964360587002098,1.0249088976027902,0.024908897602790248,0.5331674734308661,0.2622839990264745,0.20454852754265937,H
2021-22,2021-10-02,Brighton,Arsenal,D,3.31,3.4,2.35,0.3021148036253776,0.29411764705882354,0.425531914893617,1.0217643655778181,0.021764365577818134,0.2956795263206587,0.28785271532981777,0.4164677583495236,A
2021-22,2021-10-03,Crystal Palace,Leicester,D,2.87,3.3,2.7,0.3484320557491289,0.30303030303030304,0.37037037037037035,1.0218327291498022,0.021832729149802166,0.34098737083811714,0.29655568312284736,0.3624569460390356,A
2021-22,2021-10-03,Tottenham,Aston Villa,H,2.14,3.47,3.74,0.4672897196261682,0.2881844380403458,0.267379679144385,1.022853836810899,0.02285383681089903,0.4568489678673013,0.28174547297868147,0.26140555915401725,H
2021-22,2021-10-03,West Ham,Brentford,A,1.76,3.85,5.13,0.5681818181818182,0.2597402597402597,0.19493177387914232,1.0228538518012202,0.022853851801220237,0.5554868050614115,0.2539368251709309,0.1905763697676577,H
2021-22,2021-10-03,Liverpool,Man City,D,3.12,3.54,2.38,0.3205128205128205,0.2824858757062147,0.42016806722689076,1.023166763445926,0.023166763445926053,0.3132556998170704,0.2760897693302994,0.41065453085263015,A
2021-22,2021-10-16,Watford,Liverpool,A,8.6,5.68,1.36,0.11627906976744186,0.17605633802816903,0.7352941176470588,1.0276295254426697,0.027629525442669722,0.1131527139776882,0.17132277116340117,0.7155245148589106,A
2021-22,2021-10-16,Aston Villa,Wolves,A,2.16,3.31,3.89,0.4629629629629629,0.3021148036253776,0.2570694087403599,1.0221471753287004,0.022147175328700364,0.4529318029119281,0.2955687898156389,0.2514994072724331,H
2021-22,2021-10-16,Leicester,Man United,H,3.7,3.97,1.99,0.27027027027027023,0.2518891687657431,0.5025125628140703,1.0246720018500837,0.02467200185008367,0.26376271605185575,0.2458241938014777,0.4904130901466665,A
2021-22,2021-10-16,Man City,Burnley,H,1.15,9.13,21.3,0.8695652173913044,0.10952902519167579,0.046948356807511735,1.026042599390492,0.026042599390492027,0.847494263793588,0.10674900365417592,0.04575673255223597,H
2021-22,2021-10-16,Norwich,Brighton,D,4.12,3.69,1.96,0.24271844660194175,0.2710027100271003,0.5102040816326531,1.023925238261695,0.023925238261695014,0.23704703969793908,0.26467040746761766,0.4982825528344434,A
2021-22,2021-10-16,Southampton,Leeds,H,2.12,3.72,3.55,0.4716981132075471,0.26881720430107525,0.28169014084507044,1.0222054583536928,0.02220545835369281,0.4614513739412406,0.26297766471920164,0.2755709613395578,H
2021-22,2021-10-16,Brentford,Chelsea,A,5.64,3.87,1.7,0.1773049645390071,0.25839793281653745,0.5882352941176471,1.0239381914731918,0.02393819147319176,0.17315983134090296,0.25235696350457176,0.5744832051545251,A
2021-22,2021-10-17,Everton,West Ham,A,2.91,3.36,2.63,0.3436426116838488,0.2976190476190476,0.3802281368821293,1.0214897961850258,0.021489796185025778,0.33641316141116273,0.29135782729359627,0.37222901129524094,A
2021-22,2021-10-17,Newcastle,Tottenham,A,3.58,3.71,2.11,0.27932960893854747,0.2695417789757412,0.47393364928909953,1.0228050372033883,0.022805037203388334,0.2731015186455342,0.263531923652564,0.46336655770190166,A
2021-22,2021-10-18,Arsenal,Crystal Palace,D,1.62,4.17,5.96,0.6172839506172839,0.23980815347721823,0.16778523489932887,1.024877338993831,0.024877338993831044,0.6023003213470403,0.2339871751995696,0.16371250345339014,H
2021-22,2021-10-22,Arsenal,Aston Villa,H,2.04,3.65,3.87,0.49019607843137253,0.273972602739726,0.25839793281653745,1.0225666139876362,0.022566613987636153,0.4793781370582665,0.26792641084900376,0.2526954520927296,H
2021-22,2021-10-23,Chelsea,Norwich,H,1.22,6.75,15.5,0.819672131147541,0.14814814814814814,0.06451612903225806,1.0323364083279472,0.03233640832794715,0.7939971161872961,0.14350762692570387,0.06249525688700008,H
2021-22,2021-10-23,Crystal Palace,Newcastle,D,2.0,3.51,4.2,0.5,0.2849002849002849,0.23809523809523808,1.022995522995523,0.022995522995522988,0.48876069226178637,0.2784961209468868,0.23274318679132683,H
2021-22,2021-10-23,Everton,Watford,A,1.84,3.57,4.98,0.5434782608695652,0.2801120448179272,0.2008032128514056,1.024393518538898,0.02439351853889793,0.5305366063275501,0.2734418363144796,0.1960215573579703,H
2021-22,2021-10-23,Leeds,Wolves,D,2.64,3.44,2.84,0.3787878787878788,0.29069767441860467,0.35211267605633806,1.0215982292628214,0.0215982292628214,0.37077969395190674,0.28455185814913775,0.3446684478989556,H
2021-22,2021-10-23,Southampton,Burnley,D,2.09,3.46,3.92,0.47846889952153115,0.28901734104046245,0.25510204081632654,1.02258828137832,0.02258828137832003,0.46789984614004715,0.2826331440556932,0.2494670098042598,H
2021-22,2021-10-23,Brighton,Man City,A,8.18,4.95,1.43,0.12224938875305624,0.20202020202020202,0.6993006993006994,1.0235702900739576,0.02357029007395761,0.11943428794149855,0.1973681768406986,0.6831975352178029,A
2021-22,2021-10-24,Brentford,Leicester,A,2.86,3.56,2.55,0.3496503496503497,0.2808988764044944,0.3921568627450981,1.0227060887999422,0.02270608879994218,0.3418874234538237,0.27466236828031904,0.38345020826585724,A
2021-22,2021-10-24,West Ham,Tottenham,H,2.25,3.65,3.29,0.4444444444444444,0.273972602739726,0.303951367781155,1.0223684149653254,0.02236841496532538,0.43472043730881316,0.2679783517657067,0.2973012109254801,H
2021-22,2021-10-24,Man United,Liverpool,A,3.09,3.66,2.35,0.3236245954692557,0.27322404371584696,0.425531914893617,1.0223805540787196,0.02238055407871964,0.3165402493016683,0.2672429973612445,0.41621675333708724,A
2021-22,2021-10-30,Leicester,Arsenal,A,2.55,3.53,2.88,0.3921568627450981,0.28328611898017,0.3472222222222222,1.0226652039474904,0.022665203947490387,0.38346553811684564,0.2770076833421972,0.33952677854095703,H
2021-22,2021-10-30,Burnley,Brentford,H,2.74,3.21,2.9,0.36496350364963503,0.3115264797507788,0.3448275862068966,1.0213175696073105,0.02131756960731046,0.35734576052575007,0.3050241071154377,0.3376301323588122,H
2021-22,2021-10-30,Liverpool,Brighton,D,1.3,5.75,11.6,0.7692307692307692,0.17391304347826086,0.08620689655172414,1.0293507092607541,0.029350709260754115,0.7472970701921461,0.1689541202173548,0.08374880959049914,H
2021-22,2021-10-30,Man City,Crystal Palace,A,1.14,9.25,21.0,0.8771929824561404,0.10810810810810811,0.047619047619047616,1.0329201381832962,0.0329201381832962,0.8492360154764247,0.10466260082628369,0.046101383697291616,H
2021-22,2021-10-30,Newcastle,Chelsea,A,8.43,4.52,1.46,0.11862396204033215,0.22123893805309736,0.684931506849315,1.0247944069427446,0.024794406942744596,0.11575391243031997,0.21588616853707907,0.668359919032601,A
2021-22,2021-10-30,Watford,Southampton,A,3.22,3.54,2.33,0.3105590062111801,0.2824858757062147,0.4291845493562232,1.022229431273618,0.022229431273617983,0.3038055809293691,0.2763429295459233,0.4198514895247076,A
2021-22,2021-10-30,Tottenham,Man United,A,3.18,3.74,2.27,0.31446540880503143,0.267379679144385,0.44052863436123346,1.02237372231065,0.022373722310649935,0.30758361834096576,0.26152831719900294,0.4308880644600313,A
2021-22,2021-10-31,Norwich,Leeds,A,3.66,3.72,2.08,0.27322404371584696,0.26881720430107525,0.4807692307692307,1.022810478786153,0.022810478786152943,0.26713066534095614,0.26282210622255364,0.47004722843649016,A
2021-22,2021-10-31,Aston Villa,West Ham,A,2.94,3.5,2.52,0.3401360544217687,0.2857142857142857,0.3968253968253968,1.0226757369614512,0.0226757369614512,0.3325942350332594,0.2793791574279379,0.38802660753880264,A
2021-22,2021-11-01,Wolves,Everton,H,2.3,3.19,3.66,0.4347826086956522,0.31347962382445144,0.27322404371584696,1.0214862762359505,0.021486276235950452,0.42563724918338786,0.30688579094727025,0.26747695986934206,H
2021-22,2021-11-05,Southampton,Aston Villa,H,2.17,3.59,3.54,0.4608294930875576,0.2785515320334262,0.2824858757062147,1.0218669008271986,0.021866900827198554,0.45096821583566055,0.2725908157001068,0.2764409684642326,H
2021-22,2021-11-06,Man United,Man City,A,4.79,4.21,1.73,0.20876826722338204,0.23752969121140144,0.5780346820809249,1.0243326405157083,0.02433264051570827,0.20380905476005923,0.23188726182914102,0.5643036834107998,A
2021-22,2021-11-06,Brentford,Norwich,A,1.68,4.07,5.46,0.5952380952380952,0.24570024570024568,0.18315018315018314,1.024088524088524,0.02408852408852402,0.5812369548500494,0.2399209051960892,0.17884213995386136,H
2021-22,2021-11-06,Chelsea,Burnley,D,1.29,5.77,13.05,0.7751937984496123,0.1733102253032929,0.07662835249042145,1.0251323762433266,0.02513237624332665,0.7561889726772335,0.16906131278225844,0.07474971454050813,H
2021-22,2021-11-06,Crystal Palace,Wolves,H,2.37,3.16,3.52,0.42194092827004215,0.3164556962025316,0.2840909090909091,1.0224875335634829,0.022487533563482875,0.41266119577960136,0.309495896834701,0.27784290738569756,H
2021-22,2021-11-06,Brighton,Newcastle,D,1.61,4.2,6.11,0.6211180124223602,0.23809523809523808,0.1636661211129296,1.0228793716305278,0.02287937163052778,0.6072250840607557,0.232769615556623,0.1600053003826214,H
2021-22,2021-11-07,Arsenal,Watford,H,1.46,4.86,7.41,0.684931506849315,0.20576131687242796,0.1349527665317139,1.025645590253457,0.025645590253456918,0.6678052471127528,0.20061639110794632,0.13157836177930082,H
2021-22,2021-11-07,Everton,Tottenham,D,3.48,3.35,2.31,0.28735632183908044,0.29850746268656714,0.4329004329004329,1.0187642174260805,0.018764217426080476,0.2820636187685208,0.29300937113864256,0.4249270100928366,A
2021-22,2021-11-07,Leeds,Leicester,D,2.69,3.49,2.76,0.3717472118959108,0.28653295128939826,0.3623188405797102,1.0205990037650192,0.02059900376501922,0.36424414537396627,0.2807497854028565,0.3550060692231773,H
2021-22,2021-11-07,West Ham,Liverpool,H,4.47,4.4,1.75,0.2237136465324385,0.22727272727272727,0.5714285714285714,1.0224149452337372,0.022414945233737216,0.21880905357980138,0.22229010670493454,0.558900839715264,A
2021-22,2021-11-20,Leicester,Chelsea,A,5.06,3.81,1.78,0.19762845849802374,0.26246719160104987,0.5617977528089888,1.0218934029080624,0.02189340290806241,0.19339439704339098,0.2568440023725875,0.5497616005840216,A
2021-22,2021-11-20,Aston Villa,Brighton,H,2.5,3.37,3.08,0.4,0.29673590504451036,0.3246753246753247,1.021411229719835,0.021411229719835,0.39161504040808015,0.2905156086113354,0.3178693509805845,H
2021-22,2021-11-20,Burnley,Crystal Palace,D,2.86,3.25,2.74,0.3496503496503497,0.3076923076923077,0.36496350364963503,1.0223061609922923,0.022306160992292323,0.342021170361494,0.3009786299181147,0.3570001997203915,A
2021-22,2021-11-20,Newcastle,Brentford,D,2.51,3.45,3.0,0.39840637450199207,0.2898550724637681,0.3333333333333333,1.0215947802990935,0.021594780299093452,0.3899847397275759,0.28372802803368563,0.32628723223873846,H
2021-22,2021-11-20,Norwich,Southampton,H,3.53,3.53,2.19,0.28328611898017,0.28328611898017,0.4566210045662101,1.02319324252655,0.023193242526549973,0.27686472819216185,0.27686472819216185,0.4462705436156764,A
2021-22,2021-11-20,Watford,Man United,H,6.58,4.8,1.5,0.1519756838905775,0.20833333333333334,0.6666666666666666,1.0269756838905775,0.026975683890577473,0.14798372179060304,0.202861018621285,0.6491552595881119,A
2021-22,2021-11-20,Wolves,West Ham,H,3.19,3.32,2.46,0.31347962382445144,0.30120481927710846,0.4065040650406504,1.0211885081422103,0.021188508142210294,0.3069752756959114,0.2949551594789028,0.39806956482518585,A
2021-22,2021-11-20,Liverpool,Arsenal,H,1.55,4.68,6.09,0.6451612903225806,0.2136752136752137,0.16420361247947454,1.023040116477269,0.02304011647726889,0.6306314678491062,0.2088629861466057,0.1605055460042881,H
2021-22,2021-11-21,Man City,Everton,H,1.2,7.5,16.0,0.8333333333333334,0.13333333333333333,0.0625,1.0291666666666668,0.029166666666666785,0.8097165991902834,0.12955465587044532,0.060728744939271245,H
2021-22,2021-11-21,Tottenham,Leeds,H,1.61,4.18,6.01,0.6211180124223602,0.23923444976076558,0.1663893510815308,1.0267418132646566,0.026741813264656633,0.6049407985513283,0.23300351331761693,0.1620556881310547,H
2021-22,2021-11-27,Arsenal,Newcastle,H,1.53,4.52,6.63,0.6535947712418301,0.22123893805309736,0.15082956259426847,1.0256632718891958,0.025663271889195816,0.6372410801431515,0.21570328597765973,0.1470556338791888,H
2021-22,2021-11-27,Crystal Palace,Aston Villa,A,2.36,3.26,3.43,0.42372881355932207,0.3067484662576687,0.29154518950437314,1.0220224693213638,0.022022469321363758,0.41459833445803157,0.3001386715708449,0.2852629939711237,H
2021-22,2021-11-27,Liverpool,Southampton,H,1.25,6.75,12.0,0.8,0.14814814814814814,0.08333333333333333,1.0314814814814814,0.031481481481481444,0.7755834829443448,0.1436265709156194,0.0807899461400359,H
2021-22,2021-11-27,Norwich,Wolves,D,3.6,3.35,2.24,0.2777777777777778,0.29850746268656714,0.4464285714285714,1.0227138118929164,0.022713811892916436,0.2716085131026495,0.2918778051252352,0.4365136817721152,A
2021-22,2021-11-27,Brighton,Leeds,D,2.23,3.34,3.64,0.4484304932735426,0.29940119760479045,0.2747252747252747,1.0225569656036078,0.02255696560360776,0.43853839772030445,0.29279659488511345,0.2686650073945821,H
2021-22,2021-11-28,Brentford,Everton,H,2.29,3.26,3.62,0.4366812227074236,0.3067484662576687,0.27624309392265195,1.0196727828877443,0.019672782887744322,0.42825623085744147,0.30083029713605547,0.270913472006503,H
2021-22,2021-11-28,Leicester,Watford,H,1.69,4.05,5.33,0.591715976331361,0.2469135802469136,0.18761726078799248,1.026246817366267,0.026246817366267106,0.5765825202263968,0.24059863189694086,0.18281884787666236,H
2021-22,2021-11-28,Man City,West Ham,H,1.27,6.5,11.0,0.7874015748031495,0.15384615384615385,0.09090909090909091,1.0321568195583943,0.032156819558394334,0.7628700986929847,0.14905308082155241,0.0880768204854628,H
2021-22,2021-11-28,Chelsea,Man United,D,1.58,4.21,6.44,0.6329113924050632,0.23752969121140144,0.15527950310559005,1.0257205867220547,0.025720586722054684,0.6170407424771389,0.23157348530020896,0.15138577222265212,H
2021-22,2021-11-30,Newcastle,Norwich,D,2.09,3.6,3.75,0.47846889952153115,0.2777777777777778,0.26666666666666666,1.0229133439659757,0.022913343965975663,0.4677511563848033,0.271555532456733,0.26069331115846367,H
2021-22,2021-11-30,Leeds,Crystal Palace,H,2.36,3.39,3.31,0.42372881355932207,0.2949852507374631,0.3021148036253776,1.0208288679221629,0.020828867922162875,0.4150831024418394,0.28896640759962855,0.29595048995853196,H
2021-22,2021-12-01,Southampton,Leicester,D,2.42,3.57,3.02,0.4132231404958678,0.2801120448179272,0.33112582781456956,1.0244610131283647,0.024461013128364684,0.4033566287056851,0.273423821139428,0.32321955015488674,H
2021-22,2021-12-01,Watford,Chelsea,A,11.04,5.51,1.32,0.09057971014492755,0.18148820326678766,0.7575757575757576,1.0296436709874728,0.02964367098747278,0.0879719000827322,0.176263117407144,0.7357649825101238,A
2021-22,2021-12-01,West Ham,Brighton,D,2.04,3.45,4.49,0.49019607843137253,0.2898550724637681,0.22271714922048996,1.0027683001156307,0.002768300115630673,0.4888428148106071,0.28905488180105465,0.2221023033883382,H
2021-22,2021-12-01,Wolves,Burnley,D,1.88,3.43,4.94,0.5319148936170213,0.29154518950437314,0.20242914979757085,1.0258892329189653,0.025889232918965277,0.5184915452358949,0.2841877857269628,0.1973206690371422,H
2021-22,2021-12-01,Aston Villa,Man City,A,7.4,4.69,1.48,0.13513513513513511,0.21321961620469082,0.6756756756756757,1.0240304270155016,0.02403042701550162,0.13196398424310635,0.20821609454136183,0.6598199212155318,A
2021-22,2021-12-01,Everton,Liverpool,A,9.13,5.18,1.38,0.10952902519167579,0.19305019305019305,0.7246376811594204,1.0272168994012891,0.02721689940128913,0.10662696968431352,0.18793518015787308,0.7054378501578135,A
2021-22,2021-12-02,Tottenham,Brentford,H,1.69,3.98,5.44,0.591715976331361,0.25125628140703515,0.1838235294117647,1.0267957871501607,0.026795787150160733,0.576274254078944,0.24469936919432542,0.17902637672673072,H
2021-22,2021-12-02,Man United,Arsenal,H,2.08,3.76,3.58,0.4807692307692307,0.26595744680851063,0.27932960893854747,1.0260562865162888,0.026056286516288774,0.46856028961292123,0.2592035644667224,0.27223614592035644,H
2021-22,2021-12-04,West Ham,Chelsea,H,4.92,3.65,1.83,0.2032520325203252,0.273972602739726,0.5464480874316939,1.023672722691745,0.02367272269174503,0.1985517714937978,0.2676369084245165,0.5338113200816859,A
2021-22,2021-12-04,Newcastle,Burnley,H,2.41,3.49,3.09,0.41493775933609955,0.28653295128939826,0.3236245954692557,1.0250953060947534,0.02509530609475341,0.4047796891362853,0.2795183526700423,0.31570195819367247,H
2021-22,2021-12-04,Southampton,Brighton,D,2.65,3.23,2.96,0.37735849056603776,0.30959752321981426,0.33783783783783783,1.0247938516236899,0.024793851623689855,0.36822868323043567,0.30210712401258655,0.32966419275697784,H
2021-22,2021-12-04,Wolves,Liverpool,A,9.24,5.16,1.38,0.10822510822510822,0.19379844961240308,0.7246376811594204,1.0266612389969318,0.026661238996931846,0.10541462374760177,0.1887657215945427,0.7058196546578555,A
2021-22,2021-12-04,Watford,Man City,A,15.0,7.0,1.22,0.06666666666666667,0.14285714285714285,0.819672131147541,1.0291959406713505,0.02919594067135045,0.06477548543689321,0.13880461165048544,0.7964199029126214,A
2021-22,2021-12-05,Leeds,Brentford,D,1.83,3.63,4.94,0.5464480874316939,0.27548209366391185,0.20242914979757085,1.0243593308931767,0.024359330893176656,0.5334535167022159,0.26893111172591055,0.19761537157187353,H
2021-22,2021-12-05,Man United,Crystal Palace,H,1.54,4.49,6.56,0.6493506493506493,0.22271714922048996,0.1524390243902439,1.0245068229613832,0.02450682296138318,0.6338177890057111,0.2173896202825824,0.14879259071170656,H
2021-22,2021-12-05,Tottenham,Norwich,H,1.48,4.51,7.94,0.6756756756756757,0.22172949002217296,0.12594458438287154,1.02334975008072,0.023349750080720044,0.6602587977593971,0.21667029283456934,0.12307090940603371,H
2021-22,2021-12-05,Aston Villa,Leicester,H,2.4,3.42,3.17,0.4166666666666667,0.29239766081871343,0.31545741324921134,1.0245217407345915,0.024521740734591457,0.4066938261045714,0.2853991762137343,0.3079069976816944,H
2021-22,2021-12-06,Everton,Arsenal,H,3.33,3.42,2.31,0.3003003003003003,0.29239766081871343,0.4329004329004329,1.0255983940194466,0.025598394019446635,0.29280496347443213,0.28509956969878913,0.42209546682677873,A
2021-22,2021-12-10,Brentford,Watford,H,2.63,3.45,2.82,0.3802281368821293,0.2898550724637681,0.3546099290780142,1.0246931384239117,0.024693138423911742,0.37106536837648885,0.282870121400048,0.346064510223463,H
2021-22,2021-12-11,Man City,Wolves,H,1.16,8.25,21.0,0.8620689655172414,0.12121212121212122,0.047619047619047616,1.0309001343484103,0.030900134348410324,0.8362293657688966,0.1175789168838691,0.04619171734723428,H
2021-22,2021-12-11,Arsenal,Southampton,H,1.75,4.1,4.76,0.5714285714285714,0.24390243902439027,0.21008403361344538,1.025415044066407,0.025415044066406933,0.5572656406156307,0.23785728562862288,0.20487707375574657,H
2021-22,2021-12-11,Chelsea,Leeds,H,1.25,6.75,13.0,0.8,0.14814814814814814,0.07692307692307693,1.025071225071225,0.025071225071225056,0.7804335742078933,0.14452473596442467,0.07504168982768206,H
2021-22,2021-12-11,Liverpool,Aston Villa,H,1.24,6.75,13.0,0.8064516129032259,0.14814814814814814,0.07692307692307693,1.031522837974451,0.03152283797445099,0.7818068424803991,0.14362081254454737,0.07457234497505345,H
2021-22,2021-12-11,Norwich,Man United,A,7.48,5.11,1.44,0.1336898395721925,0.19569471624266144,0.6944444444444444,1.0238290002592985,0.02382900025929846,0.13057828947835404,0.19114004017575115,0.6782816703458947,A
2021-22,2021-12-12,Burnley,West Ham,D,3.58,3.53,2.16,0.27932960893854747,0.28328611898017,0.4629629629629629,1.0255786908816802,0.02557869088168019,0.27236292195034834,0.276220753706019,0.4514163243436328,A
2021-22,2021-12-12,Leicester,Newcastle,H,1.7,4.12,5.06,0.5882352941176471,0.24271844660194175,0.19762845849802374,1.0285821992176125,0.028582199217612514,0.571889436318348,0.23597379653912415,0.19213676714252798,H
2021-22,2021-12-12,Crystal Palace,Everton,H,2.27,3.25,3.66,0.44052863436123346,0.3076923076923077,0.27322404371584696,1.0214449857693881,0.021444985769388136,0.4312798442389062,0.3012323835145591,0.2674877722465347,H
2021-22,2021-12-14,Norwich,Aston Villa,A,3.78,3.43,2.14,0.2645502645502646,0.29154518950437314,0.4672897196261682,1.023385173680806,0.02338517368080595,0.25850507839463566,0.284883147618578,0.4566117739867863,A
2021-22,2021-12-14,Man City,Leeds,H,1.14,9.5,20.0,0.8771929824561404,0.10526315789473684,0.05,1.0324561403508772,0.03245614035087718,0.8496176720475787,0.10195412064570943,0.04842820730671198,H
2021-22,2021-12-15,Brighton,Wolves,A,2.0,3.25,4.6,0.5,0.3076923076923077,0.2173913043478261,1.0250836120401339,0.025083612040133874,0.48776508972267535,0.300163132137031,0.21207177814029363,H
2021-22,2021-12-15,Crystal Palace,Southampton,D,2.03,3.49,4.08,0.4926108374384237,0.28653295128939826,0.24509803921568626,1.0242418279435082,0.024241827943508154,0.4809516893363913,0.2797512691555514,0.23929704150805742,H
2021-22,2021-12-15,Arsenal,West Ham,H,2.3,3.62,3.19,0.4347826086956522,0.27624309392265195,0.31347962382445144,1.0245053264427557,0.024505326442755715,0.4243829655871933,0.26963558587031616,0.30598144854249043,H
2021-22,2021-12-16,Chelsea,Everton,D,1.23,7.83,16.72,0.8130081300813008,0.1277139208173691,0.059808612440191394,1.0005306633388613,0.0005306633388613147,0.812576925297041,0.12764618366735128,0.05977689103560769,H
2021-22,2021-12-16,Liverpool,Newcastle,H,1.1,12.0,27.0,0.9090909090909091,0.08333333333333333,0.037037037037037035,1.0294612794612794,0.02946127946127941,0.8830744071954211,0.08094848732624693,0.035977105478331974,H
2021-22,2021-12-18,Leeds,Arsenal,A,5.58,4.41,1.62,0.17921146953405018,0.22675736961451246,0.6172839506172839,1.0232527897658465,0.02325278976584655,0.17513899920571882,0.221604447974583,0.6032565528196981,A
2021-22,2021-12-19,Newcastle,Man City,A,23.5,10.0,1.13,0.0425531914893617,0.1,0.8849557522123894,1.027508943701751,0.027508943701751054,0.04141393780579428,0.09732275384361658,0.8612633083505892,A
2021-22,2021-12-19,Wolves,Chelsea,D,5.74,3.54,1.76,0.17421602787456444,0.2824858757062147,0.5681818181818182,1.0248837217625972,0.024883721762597233,0.1699861400617695,0.2756272440549596,0.5543866158832711,A
2021-22,2021-12-19,Tottenham,Liverpool,D,5.13,4.4,1.65,0.19493177387914232,0.22727272727272727,0.6060606060606061,1.0282651072124755,0.02826510721247555,0.18957345971563985,0.2210254200775528,0.5894011202068075,A
2021-22,2021-12-26,Man City,Leicester,H,1.13,10.5,21.0,0.8849557522123894,0.09523809523809523,0.047619047619047616,1.0278128950695322,0.027812895069532217,0.861008610086101,0.09266092660926609,0.04633046330463304,H
2021-22,2021-12-26,Norwich,Arsenal,A,6.58,4.54,1.53,0.1519756838905775,0.22026431718061673,0.6535947712418301,1.0258347723130243,0.025834772313024335,0.14814830613306942,0.21471714853647508,0.6371345453304554,A
2021-22,2021-12-26,Tottenham,Crystal Palace,H,1.75,3.87,5.14,0.5714285714285714,0.25839793281653745,0.19455252918287938,1.0243790334279883,0.024379033427988306,0.5578292338884947,0.25224836157748465,0.18992240453402057,H
2021-22,2021-12-26,West Ham,Southampton,A,1.98,3.66,4.07,0.5050505050505051,0.27322404371584696,0.24570024570024568,1.0239747944665978,0.023974794466597782,0.4932255244755245,0.266826923076923,0.23994755244755242,H
2021-22,2021-12-26,Aston Villa,Chelsea,A,5.37,3.91,1.71,0.186219739292365,0.2557544757033248,0.5847953216374269,1.0267695366331167,0.026769536633116653,0.18136469056434878,0.24908654433006472,0.5695487651055865,A
2021-22,2021-12-26,Brighton,Brentford,H,1.99,3.41,4.42,0.5025125628140703,0.29325513196480935,0.22624434389140272,1.0220120386702825,0.022012038670282452,0.49168947507494964,0.2869390191786363,0.221371505746414,H
2021-22,2021-12-27,Newcastle,Man United,D,6.28,4.74,1.53,0.1592356687898089,0.21097046413502107,0.6535947712418301,1.02380090416666,0.02380090416666003,0.1555338231698686,0.20606590917864448,0.6384002676514869,A
2021-22,2021-12-28,Crystal Palace,Norwich,H,1.78,3.6,5.48,0.5617977528089888,0.2777777777777778,0.18248175182481752,1.0220572824115841,0.02205728241158411,0.5496734502819696,0.2717829837505294,0.17854356596750104,H
2021-22,2021-12-28,Southampton,Tottenham,D,3.77,3.37,2.17,0.26525198938992045,0.29673590504451036,0.4608294930875576,1.0228173875219884,0.022817387521988364,0.259334650178909,0.290116211031005,0.45054913879008607,A
2021-22,2021-12-28,Watford,West Ham,A,3.59,3.84,2.07,0.2785515320334262,0.2604166666666667,0.48309178743961356,1.0220599861397064,0.02205998613970639,0.2725393184459828,0.2547958732346558,0.4726648083193615,A
2021-22,2021-12-28,Leicester,Liverpool,H,8.27,6.23,1.33,0.12091898428053205,0.16051364365971107,0.7518796992481203,1.0333123271883635,0.03331232718836352,0.11702075074392257,0.15533894199875434,0.727640307257323,A
2021-22,2021-12-29,Chelsea,Brighton,D,1.35,5.04,11.23,0.7407407407407407,0.1984126984126984,0.08904719501335707,1.0282006341667962,0.02820063416679619,0.7204243181011077,0.19297079949136814,0.08660488240752408,H
2021-22,2021-12-29,Brentford,Man City,A,14.33,8.47,1.19,0.06978367062107467,0.11806375442739078,0.8403361344537815,1.028183559502247,0.028183559502247046,0.067870829071472,0.11482750656365923,0.8173016643648687,A
2021-22,2021-12-30,Man United,Burnley,H,1.39,4.97,9.7,0.7194244604316548,0.2012072434607646,0.10309278350515465,1.023724487397574,0.023724487397573935,0.7027520287812153,0.19654432998106422,0.10070364123772053,H
2021-22,2022-01-01,Arsenal,Man City,A,5.24,4.21,1.68,0.19083969465648853,0.23752969121140144,0.5952380952380952,1.0236074811059852,0.023607481105985206,0.18643835472000506,0.23205153889140773,0.5815101063885872,A
2021-22,2022-01-01,Watford,Tottenham,A,6.01,4.12,1.63,0.1663893510815308,0.24271844660194175,0.6134969325153374,1.02260473019881,0.02260473019880993,0.16271130591111405,0.23735314284606682,0.5999355512428192,A
2021-22,2022-01-01,Crystal Palace,West Ham,A,3.56,3.37,2.25,0.2808988764044944,0.29673590504451036,0.4444444444444444,1.0220792258934492,0.02207922589344924,0.27483082454684177,0.2903257375034886,0.43484343794966956,A
2021-22,2022-01-02,Brentford,Aston Villa,H,2.95,3.21,2.69,0.3389830508474576,0.3115264797507788,0.3717472118959108,1.0222567424941473,0.02225674249414733,0.33160265592417787,0.3047438738244002,0.36365347025142186,A
2021-22,2022-01-02,Everton,Brighton,A,2.91,3.12,2.67,0.3436426116838488,0.3205128205128205,0.37453183520599254,1.0386872674026617,0.03868726740266171,0.3308431926225114,0.3085749008113808,0.36058190656610795,A
2021-22,2022-01-02,Leeds,Burnley,H,2.12,3.52,3.73,0.4716981132075471,0.2840909090909091,0.2680965147453083,1.0238855370437645,0.023885537043764504,0.46069418518154637,0.27746354334797685,0.2618422714704768,H
2021-22,2022-01-02,Chelsea,Liverpool,D,2.67,3.58,2.72,0.37453183520599254,0.27932960893854747,0.3676470588235294,1.0215085029680695,0.0215085029680695,0.36664583223513286,0.2734481486222918,0.35990601914257525,H
2021-22,2022-01-03,Man United,Wolves,A,1.74,3.74,5.53,0.5747126436781609,0.267379679144385,0.18083182640144665,1.0229241492239924,0.02292414922399244,0.5618330979028578,0.26138759100293385,0.17677931109420844,H
2021-22,2022-01-11,Southampton,Brentford,H,2.23,3.33,3.67,0.4484304932735426,0.3003003003003003,0.2724795640326976,1.0212103576065406,0.021210357606540553,0.43911667163712537,0.29406311644167854,0.2668202119211961,H
2021-22,2022-01-12,West Ham,Norwich,H,1.4,5.15,8.47,0.7142857142857143,0.1941747572815534,0.11806375442739078,1.0265242259946585,0.026524225994658535,0.6958293785941599,0.1891575009770532,0.11501312042878677,H
2021-22,2022-01-14,Brighton,Crystal Palace,D,2.05,3.4,4.14,0.48780487804878053,0.29411764705882354,0.24154589371980678,1.0234684188274108,0.023468418827410797,0.47661937493651174,0.28737344665289677,0.23600717841059154,H
2021-22,2022-01-15,Man City,Chelsea,H,1.67,4.21,5.35,0.5988023952095809,0.23752969121140144,0.1869158878504673,1.0232479742714498,0.023247974271449756,0.5851977333607006,0.23213306762764133,0.18266919901165796,H
2021-22,2022-01-15,Newcastle,Watford,D,1.84,3.71,4.61,0.5434782608695652,0.2695417789757412,0.21691973969631234,1.0299397795416187,0.02993977954161875,0.5276796485241532,0.2617063485941892,0.21061400288165766,H
2021-22,2022-01-15,Norwich,Everton,H,3.56,3.37,2.25,0.2808988764044944,0.29673590504451036,0.4444444444444444,1.0220792258934492,0.02207922589344924,0.27483082454684177,0.2903257375034886,0.43484343794966956,A
2021-22,2022-01-15,Wolves,Southampton,H,2.49,3.04,3.44,0.4016064257028112,0.32894736842105265,0.29069767441860467,1.0212514685424685,0.02125146854246851,0.39324930056255825,0.32210222315814807,0.2846484762792937,H
2021-22,2022-01-15,Aston Villa,Man United,D,2.49,3.61,2.91,0.4016064257028112,0.2770083102493075,0.3436426116838488,1.0222573476359673,0.022257347635967317,0.3928623517664614,0.27097707919625735,0.3361605690372814,H
2021-22,2022-01-16,Liverpool,Brentford,H,1.29,6.25,11.37,0.7751937984496123,0.16,0.08795074758135445,1.0231445460309667,0.023144546030966717,0.7576581446451361,0.1563806410547561,0.08596121430010781,H
2021-22,2022-01-16,West Ham,Leeds,A,1.69,4.24,5.03,0.591715976331361,0.23584905660377356,0.19880715705765406,1.0263721899927885,0.026372189992788453,0.5765120899617502,0.22978901698947113,0.19369889304877885,H
2021-22,2022-01-18,Brighton,Chelsea,D,5.48,3.81,1.72,0.18248175182481752,0.26246719160104987,0.5813953488372093,1.0263442922630768,0.026344292263076774,0.17779779475603402,0.2557301614863691,0.5664720437575967,A
2021-22,2022-01-19,Leicester,Tottenham,A,3.34,3.5,2.27,0.29940119760479045,0.2857142857142857,0.44052863436123346,1.0256441176803097,0.02564411768030972,0.2919152876164722,0.2785705887540048,0.4295141236295229,A
2021-22,2022-01-19,Brentford,Man United,A,4.91,3.91,1.76,0.20366598778004072,0.2557544757033248,0.5681818181818182,1.0276022816651837,0.027602281665183748,0.19819534406833844,0.24888469037737643,0.5529199655542851,A
2021-22,2022-01-21,Watford,Norwich,A,2.07,3.54,3.88,0.48309178743961356,0.2824858757062147,0.2577319587628866,1.0233096219087148,0.023309621908714773,0.4720876038852571,0.2760512260007012,0.2518611701140418,H
2021-22,2022-01-22,Everton,Aston Villa,A,2.65,3.63,2.69,0.37735849056603776,0.27548209366391185,0.3717472118959108,1.0245877961258605,0.024587796125860484,0.36830273793314144,0.26887114477212803,0.3628261172947304,H
2021-22,2022-01-22,Brentford,Wolves,A,2.53,3.07,3.33,0.3952569169960475,0.32573289902280134,0.3003003003003003,1.021290116319149,0.02129011631914901,0.38701727421058413,0.3189425745123055,0.2940401512771105,H
2021-22,2022-01-22,Leeds,Newcastle,A,1.86,4.06,4.17,0.5376344086021505,0.24630541871921185,0.23980815347721823,1.0237479807985805,0.023747980798580537,0.5251628512935046,0.24059184812953663,0.2342453005769589,H
2021-22,2022-01-22,Man United,West Ham,H,2.17,3.6,3.52,0.4608294930875576,0.2777777777777778,0.2840909090909091,1.0226981799562445,0.022698179956244458,0.45060165561971954,0.27161266463744205,0.27778567974283846,H
2021-22,2022-01-22,Southampton,Man City,D,12.25,6.06,1.3,0.08163265306122448,0.16501650165016502,0.7692307692307692,1.0158799239421588,0.015879923942158758,0.08035659642179563,0.1624370142189763,0.757206389359228,A
2021-22,2022-01-23,Arsenal,Burnley,D,1.32,5.57,11.9,0.7575757575757576,0.17953321364452424,0.08403361344537814,1.0211425846656599,0.02114258466565988,0.7418902795282025,0.17581600879303902,0.08229371167875858,H
2021-22,2022-01-23,Crystal Palace,Liverpool,A,6.26,4.27,1.58,0.1597444089456869,0.234192037470726,0.6329113924050632,1.0268478388214761,0.026847838821476122,0.15556775103994688,0.22806888091570668,0.6163633680443464,A
2021-22,2022-01-23,Leicester,Brighton,D,2.71,3.39,2.79,0.36900369003690037,0.2949852507374631,0.35842293906810035,1.022411879842464,0.022411879842463955,0.36091490847480906,0.2885189976303046,0.35056609389488624,H
2021-22,2022-01-23,Chelsea,Tottenham,H,1.74,3.89,5.2,0.5747126436781609,0.2570694087403599,0.1923076923076923,1.0240897447262132,0.02408974472621317,0.5611936323332759,0.2510223445398201,0.18778402312690387,H
2021-22,2022-02-05,Burnley,Watford,D,2.22,3.32,3.69,0.4504504504504504,0.30120481927710846,0.2710027100271003,1.0226579797546593,0.02265797975465933,0.4404702836802933,0.294531334268148,0.2649983820515586,H
2021-22,2022-02-08,Newcastle,Everton,H,2.59,3.44,2.87,0.3861003861003861,0.29069767441860467,0.3484320557491289,1.0252301162681197,0.025230116268119662,0.37659875570745777,0.2835438306053243,0.33985741368721795,H
2021-22,2022-02-08,West Ham,Watford,H,1.55,4.32,7.03,0.6451612903225806,0.23148148148148145,0.14224751066856328,1.0188902824726254,0.018890282472625364,0.6331999641383509,0.22718980194778793,0.13961023391386115,H
2021-22,2022-02-08,Burnley,Man United,D,6.65,4.25,1.56,0.15037593984962405,0.23529411764705882,0.641025641025641,1.026695698522324,0.026695698522323896,0.14646592955055063,0.22917610153203805,0.6243579689174112,A
2021-22,2022-02-09,Man City,Brentford,H,1.1,11.25,31.0,0.9090909090909091,0.08888888888888889,0.03225806451612903,1.030237862495927,0.03023786249592697,0.8824087545069265,0.08627996710734392,0.03131127838572965,H
2021-22,2022-02-09,Norwich,Crystal Palace,D,3.53,3.27,2.31,0.28328611898017,0.3058103975535168,0.4329004329004329,1.0219969494341197,0.021996949434119673,0.27718881072690643,0.2992282880324097,0.4235829012406839,A
2021-22,2022-02-09,Tottenham,Southampton,A,1.57,4.27,6.41,0.6369426751592356,0.234192037470726,0.15600624024961,1.0271409528795716,0.027140952879571634,0.6201122381242594,0.22800379715575816,0.15188396471998242,H
2021-22,2022-02-09,Aston Villa,Leeds,D,1.98,3.71,3.96,0.5050505050505051,0.2695417789757412,0.25252525252525254,1.0271175365514988,0.027117536551498844,0.4917163684559311,0.26242544731610334,0.24585818422796554,H
2021-22,2022-02-10,Liverpool,Leicester,H,1.2,8.0,14.0,0.8333333333333334,0.125,0.07142857142857142,1.0297619047619049,0.029761904761904878,0.8092485549132947,0.1213872832369942,0.06936416184971098,H
2021-22,2022-02-10,Wolves,Arsenal,A,4.16,3.35,2.05,0.24038461538461536,0.29850746268656714,0.48780487804878053,1.026696956119963,0.026696956119963033,0.23413395155379027,0.29074544431754257,0.4751206041286672,A
2021-22,2022-02-12,Man United,Southampton,D,1.54,4.61,6.26,0.6493506493506493,0.21691973969631234,0.1597444089456869,1.0260147979926486,0.02601479799264861,0.6328862416225131,0.2114196989368048,0.15569405944068213,H
2021-22,2022-02-12,Brentford,Crystal Palace,D,3.14,3.28,2.49,0.3184713375796178,0.3048780487804878,0.4016064257028112,1.0249558120629167,0.02495581206291675,0.31071713905269166,0.29745482214190605,0.3918280388054023,A
2021-22,2022-02-12,Everton,Leeds,H,2.66,3.65,2.67,0.37593984962406013,0.273972602739726,0.37453183520599254,1.0244442875697786,0.024444287569778567,0.3669695406432275,0.26743533646876305,0.3655951228880095,H
2021-22,2022-02-12,Watford,Brighton,A,4.25,3.45,2.0,0.23529411764705882,0.2898550724637681,0.5,1.025149190110827,0.025149190110826947,0.2295218295218295,0.28274428274428276,0.4877338877338877,A
2021-22,2022-02-12,Norwich,Man City,A,18.5,7.75,1.18,0.05405405405405406,0.12903225806451613,0.8474576271186441,1.0305439392372144,0.030543939237214435,0.05245196443934614,0.12520791511327786,0.8223401204473759,A
2021-22,2022-02-13,Burnley,Liverpool,A,13.5,7.2,1.22,0.07407407407407407,0.1388888888888889,0.819672131147541,1.032635094110504,0.032635094110504026,0.07173305894458326,0.13449948552109364,0.793767455534323,A
2021-22,2022-02-13,Newcastle,Aston Villa,H,2.83,3.4,2.67,0.35335689045936397,0.29411764705882354,0.37453183520599254,1.0220063727241802,0.022006372724180157,0.3457482261265001,0.28778455292293975,0.36646722095056,A
2021-22,2022-02-13,Tottenham,Wolves,A,1.69,3.78,5.9,0.591715976331361,0.2645502645502646,0.1694915254237288,1.0257577663053543,0.025757766305354313,0.5768574177728576,0.25790715239051043,0.16523542983663206,H
2021-22,2022-02-13,Leicester,West Ham,D,3.02,3.62,2.39,0.33112582781456956,0.27624309392265195,0.41841004184100417,1.0257789635782257,0.025778963578225733,0.3228042683381837,0.269300798447877,0.4078949332139392,A
2021-22,2022-02-15,Man United,Brighton,H,1.83,3.59,5.0,0.5464480874316939,0.2785515320334262,0.2,1.02499961946512,0.024999619465120082,0.5331202832220068,0.2717576931187388,0.1951220236592545,H
2021-22,2022-02-19,West Ham,Newcastle,D,1.62,4.21,5.8,0.6172839506172839,0.23752969121140144,0.1724137931034483,1.0272274349321338,0.027227434932133754,0.6009223757327571,0.23123378828671415,0.1678438359805287,H
2021-22,2022-02-19,Arsenal,Brentford,H,1.52,4.12,7.83,0.6578947368421053,0.24271844660194175,0.1277139208173691,1.0283271042614162,0.02832710426141616,0.6397718528625485,0.23603233406579457,0.12419581307165692,H
2021-22,2022-02-19,Aston Villa,Watford,A,1.61,4.04,6.2,0.6211180124223602,0.24752475247524752,0.16129032258064516,1.0299330874782529,0.02993308747825285,0.6030663738972996,0.2403309064293694,0.15660271967333103,H
2021-22,2022-02-19,Brighton,Burnley,A,1.68,3.53,6.76,0.5952380952380952,0.28328611898017,0.14792899408284024,1.0264532083011055,0.026453208301105535,0.5798979343863911,0.27598541919805586,0.14411664641555286,H
2021-22,2022-02-19,Crystal Palace,Chelsea,A,6.49,3.91,1.62,0.15408320493066255,0.2557544757033248,0.6172839506172839,1.0271216312512714,0.027121631251271427,0.15001456521069817,0.249001158111875,0.6009842766774267,A
2021-22,2022-02-19,Liverpool,Norwich,H,1.13,9.55,25.79,0.8849557522123894,0.10471204188481674,0.038774718883288095,1.0284425129804942,0.02844251298049416,0.8604814960903642,0.1018161351394881,0.037702368770147786,H
2021-22,2022-02-19,Southampton,Everton,H,1.99,3.67,3.97,0.5025125628140703,0.2724795640326976,0.2518891687657431,1.0268812956125108,0.026881295612510847,0.4893579861286043,0.26534670092531953,0.24529531294607623,H
2021-22,2022-02-19,Man City,Tottenham,A,1.28,6.26,11.17,0.78125,0.1597444089456869,0.08952551477170993,1.0305199237173968,0.030519923717396757,0.7581124653871758,0.15501341145296885,0.08687412315985542,H
2021-22,2022-02-20,Leeds,Man United,A,5.02,4.27,1.68,0.19920318725099603,0.234192037470726,0.5952380952380952,1.0286333199598172,0.028633319959817216,0.1936581125514948,0.22767300351487207,0.5786688839336331,A
2021-22,2022-02-20,Wolves,Leicester,H,2.19,3.27,3.81,0.4566210045662101,0.3058103975535168,0.26246719160104987,1.0248985937207769,0.02489859372077685,0.44552798429403623,0.2983811270960059,0.2560908886099578,H
2021-22,2022-02-23,Burnley,Tottenham,H,4.71,3.56,1.88,0.21231422505307856,0.2808988764044944,0.5319148936170213,1.0251279950745942,0.025127995074594178,0.20710996682675648,0.2740134673466357,0.5188765658266079,A
2021-22,2022-02-23,Watford,Crystal Palace,A,3.03,3.17,2.66,0.33003300330033003,0.31545741324921134,0.37593984962406013,1.0214302661736014,0.021430266173601442,0.3231086979012994,0.3088389131359423,0.3680523889627583,A
2021-22,2022-02-23,Liverpool,Leeds,H,1.18,8.5,16.0,0.8474576271186441,0.11764705882352941,0.0625,1.0276046859421735,0.027604685942173468,0.8246922563822692,0.11448668970953854,0.06082105390819235,H
2021-22,2022-02-24,Arsenal,Wolves,H,1.68,3.76,6.16,0.5952380952380952,0.26595744680851063,0.16233766233766234,1.0235332043842682,0.023533204384268203,0.5815523059617548,0.25984251968503935,0.15860517435320584,H
2021-22,2022-02-25,Southampton,Norwich,H,1.51,4.45,6.93,0.6622516556291391,0.2247191011235955,0.14430014430014432,1.0312709010528789,0.031270901052878886,0.6421704083311296,0.21790501496179898,0.13992457670707154,H
2021-22,2022-02-26,Leeds,Tottenham,A,3.79,3.87,2.0,0.2638522427440633,0.25839793281653745,0.5,1.0222501755606008,0.022250175560600827,0.2581092662560484,0.25277367418873986,0.4891170595552117,A
2021-22,2022-02-26,Brentford,Newcastle,A,2.32,3.17,3.6,0.4310344827586207,0.31545741324921134,0.2777777777777778,1.0242696737856098,0.024269673785609847,0.42082128739158653,0.3079827718449466,0.27119594076346687,H
2021-22,2022-02-26,Crystal Palace,Burnley,D,1.92,3.34,4.9,0.5208333333333334,0.29940119760479045,0.2040816326530612,1.024316163591185,0.024316163591185047,0.5084693104005369,0.2922937353200691,0.199236954279394,H
2021-22,2022-02-26,Man United,Watford,D,1.39,4.98,9.14,0.7194244604316548,0.2008032128514056,0.10940919037199125,1.0296368636550515,0.02963686365505147,0.6987166891808917,0.19502333292398377,0.10625997789512466,H
2021-22,2022-02-26,Brighton,Aston Villa,A,2.26,3.29,3.64,0.4424778761061947,0.303951367781155,0.2747252747252747,1.0211545186126243,0.021154518612624296,0.43331138240210737,0.2976546274251558,0.26903399017273694,H
2021-22,2022-02-26,Everton,Man City,A,12.5,6.75,1.25,0.08,0.14814814814814814,0.8,1.0281481481481483,0.028148148148148255,0.07780979827089336,0.14409221902017288,0.7780979827089337,A
2021-22,2022-02-27,West Ham,Wolves,H,1.94,3.41,4.64,0.5154639175257733,0.29325513196480935,0.21551724137931036,1.024236290869893,0.024236290869892985,0.5032666017799322,0.286315896613803,0.21041750160626474,H
2021-22,2022-03-01,Burnley,Leicester,A,2.95,3.31,2.63,0.3389830508474576,0.3021148036253776,0.3802281368821293,1.0213259913549644,0.02132599135496438,0.3319048508671931,0.29580643808405427,0.3722887110487528,A
2021-22,2022-03-05,Leicester,Leeds,H,2.14,3.69,3.51,0.4672897196261682,0.2710027100271003,0.2849002849002849,1.0231927145535533,0.023192714553553317,0.4566976611342071,0.26485989019707407,0.27844244866871887,H
2021-22,2022-03-05,Aston Villa,Southampton,H,2.27,3.62,3.32,0.44052863436123346,0.27624309392265195,0.30120481927710846,1.0179765475609939,0.017976547560993872,0.43274929605864854,0.27136489006992603,0.2958858138714254,H
2021-22,2022-03-05,Burnley,Chelsea,A,7.4,4.06,1.55,0.13513513513513511,0.24630541871921185,0.6451612903225806,1.0266018441769276,0.02660184417692757,0.1316334428012634,0.23992302382496292,0.6284435333737737,A
2021-22,2022-03-05,Newcastle,Brighton,H,2.8,3.17,2.86,0.35714285714285715,0.31545741324921134,0.3496503496503497,1.0222506200424182,0.02225062004241818,0.34936917634546166,0.30859107058905133,0.342039753065487,H
2021-22,2022-03-05,Norwich,Brentford,A,3.22,3.25,2.48,0.3105590062111801,0.3076923076923077,0.40322580645161293,1.0214771203551007,0.021477120355100743,0.30402933166356094,0.3012229070635897,0.3947477612728494,A
2021-22,2022-03-05,Wolves,Crystal Palace,A,2.4,3.09,3.55,0.4166666666666667,0.3236245954692557,0.28169014084507044,1.0219814029809928,0.021981402980992826,0.40770474438311866,0.31666387913251937,0.2756313764843619,H
2021-22,2022-03-05,Liverpool,West Ham,H,1.27,6.5,11.5,0.7874015748031495,0.15384615384615385,0.08695652173913043,1.0282042503884339,0.028204250388433882,0.765802684151214,0.14962606290339106,0.08457125294539494,H
2021-22,2022-03-06,Watford,Arsenal,A,6.84,4.31,1.55,0.14619883040935672,0.2320185614849188,0.6451612903225806,1.023378682216856,0.023378682216856017,0.14285897581202195,0.22671818899170074,0.6304228351962775,A
2021-22,2022-03-06,Man City,Man United,H,1.43,5.06,7.66,0.6993006993006994,0.19762845849802374,0.13054830287206265,1.0274774606707857,0.027477460670785714,0.6805995518813258,0.19234335161863558,0.1270570965000386,H
2021-22,2022-03-07,Tottenham,Everton,H,1.77,3.83,5.05,0.5649717514124294,0.2610966057441253,0.19801980198019803,1.0240881591367528,0.024088159136752774,0.5516827300187398,0.2549552042123157,0.19336206576894444,H
2021-22,2022-03-10,Norwich,Chelsea,A,10.58,4.98,1.36,0.0945179584120983,0.2008032128514056,0.7352941176470588,1.0306152889105626,0.030615288910562644,0.09171022342586324,0.1948381855111713,0.7134515910629655,A
2021-22,2022-03-10,Southampton,Newcastle,A,1.92,3.64,4.41,0.5208333333333334,0.2747252747252747,0.22675736961451246,1.0223159776731205,0.022315977673120546,0.509464142895228,0.2687283391095707,0.22180751799520126,H
2021-22,2022-03-10,Wolves,Watford,H,1.97,3.44,4.44,0.5076142131979695,0.29069767441860467,0.2252252252252252,1.0235371128417994,0.02353711284179938,0.49594118945878196,0.28401283233540714,0.2200459782058109,H
2021-22,2022-03-10,Leeds,Aston Villa,A,2.86,3.63,2.51,0.3496503496503497,0.27548209366391185,0.39840637450199207,1.0235388178162537,0.023538817816253665,0.3416092712500515,0.26914669856064666,0.38924403018930176,A
2021-22,2022-03-12,Brighton,Liverpool,A,6.88,4.63,1.51,0.14534883720930233,0.2159827213822894,0.6622516556291391,1.0235832142207308,0.02358321422073084,0.14200002031096082,0.2110065096629396,0.6469934700260996,A
2021-22,2022-03-12,Brentford,Burnley,H,2.14,3.37,3.88,0.4672897196261682,0.29673590504451036,0.2577319587628866,1.0217575834335653,0.021757583433565264,0.45733912544682515,0.29041713010569903,0.25224374444747577,H
2021-22,2022-03-12,Man United,Tottenham,H,2.39,3.54,3.12,0.41841004184100417,0.2824858757062147,0.3205128205128205,1.0214087380600394,0.0214087380600394,0.4096401628947193,0.2765649687340054,0.3137948683712753,H
2021-22,2022-03-13,Chelsea,Newcastle,H,1.41,4.94,8.76,0.7092198581560284,0.20242914979757085,0.11415525114155252,1.0258042590951517,0.025804259095151716,0.6913793268723819,0.19733701435021425,0.11128365877740393,H
2021-22,2022-03-13,Everton,Wolves,A,2.33,3.1,3.69,0.4291845493562232,0.3225806451612903,0.2710027100271003,1.0227679045446139,0.02276790454461386,0.4196304434751666,0.3153996559023026,0.26496990062253073,H
2021-22,2022-03-13,Leeds,Norwich,H,1.62,4.38,5.62,0.6172839506172839,0.22831050228310504,0.17793594306049823,1.0235303959608872,0.02353039596088724,0.6030929350542439,0.2230617704995149,0.17384529444624114,H
2021-22,2022-03-13,Southampton,Watford,A,1.68,4.05,5.48,0.5952380952380952,0.2469135802469136,0.18248175182481752,1.0246334273098263,0.024633427309826317,0.5809278512422653,0.24097747903382857,0.17809466972390614,H
2021-22,2022-03-13,West Ham,Aston Villa,H,2.58,3.31,3.01,0.38759689922480617,0.3021148036253776,0.33222591362126247,1.0219376164714462,0.02193761647144621,0.3792764773285317,0.2956293992470126,0.32509412342445576,H
2021-22,2022-03-13,Arsenal,Leicester,H,1.45,4.78,7.92,0.6896551724137931,0.20920502092050208,0.12626262626262627,1.0251228195969215,0.02512281959692153,0.6727537025124127,0.2040780059922591,0.1231682914953281,H
2021-22,2022-03-14,Crystal Palace,Man City,D,9.88,5.58,1.34,0.10121457489878542,0.17921146953405018,0.7462686567164178,1.0266947011492533,0.02669470114925332,0.0985829329648713,0.1745518598016001,0.7268652072335288,A
2021-22,2022-03-16,Brighton,Tottenham,A,3.79,3.49,2.12,0.2638522427440633,0.28653295128939826,0.4716981132075471,1.0220833072410087,0.02208330724100871,0.25815140593216496,0.28034207119854015,0.4615065228692949,A
2021-22,2022-03-16,Arsenal,Liverpool,A,3.75,3.6,2.09,0.26666666666666666,0.2777777777777778,0.47846889952153115,1.0229133439659757,0.022913343965975663,0.26069331115846367,0.271555532456733,0.4677511563848033,A
2021-22,2022-03-17,Everton,Newcastle,H,2.41,3.31,3.28,0.41493775933609955,0.3021148036253776,0.3048780487804878,1.021930611741965,0.02193061174196509,0.406033202810907,0.29563142561156674,0.2983353715775262,H
2021-22,2022-03-18,Wolves,Leeds,A,2.29,3.38,3.47,0.4366812227074236,0.2958579881656805,0.2881844380403458,1.02072364891345,0.02072364891344991,0.4278153280491408,0.28985121338240605,0.28233345856845316,H
2021-22,2022-03-19,Aston Villa,Arsenal,A,2.96,3.42,2.55,0.33783783783783783,0.29239766081871343,0.3921568627450981,1.0223923614016495,0.022392361401649463,0.33043853865914924,0.28599358901493616,0.3835678723259145,A
2021-22,2022-03-20,Leicester,Brentford,H,2.13,3.55,3.68,0.4694835680751174,0.28169014084507044,0.2717391304347826,1.0229128393549702,0.022912839354970238,0.4589673235220754,0.2753803941132453,0.2656522823646795,H
2021-22,2022-03-20,Tottenham,West Ham,H,1.73,3.86,5.32,0.5780346820809249,0.2590673575129534,0.18796992481203006,1.0250719644059083,0.02507196440590831,0.5638966844790563,0.2527308974478672,0.18337241807307655,H
2021-22,2022-04-02,Liverpool,Watford,H,1.17,8.5,18.0,0.8547008547008548,0.11764705882352941,0.05555555555555555,1.0279034690799398,0.02790346907993979,0.8314991440449987,0.11445341159207628,0.05404744436292491,H
2021-22,2022-04-02,Brighton,Norwich,D,1.52,4.33,7.16,0.6578947368421053,0.23094688221709006,0.13966480446927373,1.028506423528469,0.028506423528469105,0.639660309154982,0.22454588219759178,0.13579380864742632,H
2021-22,2022-04-02,Burnley,Man City,A,16.5,7.3,1.2,0.06060606060606061,0.136986301369863,0.8333333333333334,1.030925695309257,0.03092569530925693,0.058788000805315085,0.13287698812160256,0.8083350110730824,A
2021-22,2022-04-02,Chelsea,Brentford,A,1.4,4.77,9.59,0.7142857142857143,0.20964360587002098,0.10427528675703858,1.028204606912774,0.028204606912773933,0.694692194027788,0.20389288713603843,0.10141491883617343,H
2021-22,2022-04-02,Leeds,Southampton,D,2.5,3.63,2.86,0.4,0.27548209366391185,0.3496503496503497,1.0251324433142615,0.025132443314261455,0.39019348437241613,0.26872829502232515,0.3410782206052589,H
2021-22,2022-04-02,Wolves,Aston Villa,H,3.16,3.09,2.62,0.3164556962025316,0.3236245954692557,0.38167938931297707,1.0217596809847644,0.02175968098476444,0.3097163668638147,0.3167325952393705,0.3735510378968147,A
2021-22,2022-04-02,Man United,Leicester,D,1.56,4.76,5.69,0.641025641025641,0.21008403361344538,0.17574692442882248,1.0268565990679088,0.026856599067908826,0.624260136817067,0.20458945660391276,0.17115040657902014,H
2021-22,2022-04-03,West Ham,Everton,H,1.79,3.84,4.87,0.5586592178770949,0.2604166666666667,0.2053388090349076,1.024414693578669,0.0244146935786691,0.5453447918884162,0.25421020246881904,0.20044500564276488,H
2021-22,2022-04-03,Tottenham,Newcastle,H,1.56,4.33,6.45,0.641025641025641,0.23094688221709006,0.15503875968992248,1.0270112829326534,0.027011282932653424,0.6241661135359469,0.2248727799344289,0.15096110652962436,H
2021-22,2022-04-04,Crystal Palace,Arsenal,H,4.15,3.35,2.07,0.24096385542168672,0.29850746268656714,0.48309178743961356,1.0225631055478674,0.022563105547867446,0.2356469288930422,0.29192082236003736,0.4724322487469204,A
2021-22,2022-04-06,Burnley,Everton,H,2.59,3.09,3.2,0.3861003861003861,0.3236245954692557,0.3125,1.0222249815696418,0.02222498156964181,0.37770587988127935,0.3165884235898102,0.30570569652891044,H
2021-22,2022-04-08,Newcastle,Wolves,H,2.0,3.41,4.47,0.5,0.29325513196480935,0.2237136465324385,1.0169687784972479,0.01696877849724787,0.4916571782457657,0.2883619813758156,0.21998084037841867,H
2021-22,2022-04-09,Everton,Man United,H,4.09,3.88,1.92,0.24449877750611249,0.2577319587628866,0.5208333333333334,1.0230640696023325,0.023064069602332538,0.23898677000859755,0.2519216209626711,0.5090916090287313,A
2021-22,2022-04-09,Arsenal,Brighton,A,1.64,3.88,6.43,0.6097560975609756,0.2577319587628866,0.15552099533437014,1.0230090516582324,0.023009051658232416,0.5960417423214388,0.25193516943483496,0.1520230882437262,H
2021-22,2022-04-09,Southampton,Chelsea,A,3.93,3.56,2.05,0.2544529262086514,0.2808988764044944,0.48780487804878053,1.0231566806619263,0.023156680661926332,0.2486939986982583,0.2745414086753245,0.4767645926264172,A
2021-22,2022-04-09,Watford,Leeds,A,2.91,3.45,2.57,0.3436426116838488,0.2898550724637681,0.38910505836575876,1.0226027425133757,0.022602742513375684,0.33604702725443153,0.2834483621189553,0.38050461062661317,A
2021-22,2022-04-09,Aston Villa,Tottenham,A,3.47,3.59,2.2,0.2881844380403458,0.2785515320334262,0.45454545454545453,1.0212814246192266,0.021281424619226552,0.28217926136059135,0.272747085493385,0.44507365314602365,A
2021-22,2022-04-10,Brentford,West Ham,H,2.77,3.35,2.76,0.36101083032490977,0.29850746268656714,0.3623188405797102,1.021837133591187,0.021837133591187108,0.3532958614022552,0.2921282197266408,0.35457591887110396,A
2021-22,2022-04-10,Leicester,Crystal Palace,H,2.53,3.29,3.1,0.3952569169960475,0.303951367781155,0.3225806451612903,1.0217889299384928,0.021788929938492796,0.38682834136776195,0.2974698187417743,0.31570183989046374,H
2021-22,2022-04-10,Norwich,Burnley,H,3.23,3.42,2.38,0.30959752321981426,0.29239766081871343,0.42016806722689076,1.0221632512654184,0.022163251265418404,0.3028846153846154,0.2860576923076923,0.41105769230769235,A
2021-22,2022-04-10,Man City,Liverpool,D,1.98,3.82,3.9,0.5050505050505051,0.2617801047120419,0.25641025641025644,1.0232408661728034,0.02324086617280341,0.49357929471633605,0.25583429411998565,0.2505864111636783,H
2021-22,2022-04-16,Tottenham,Brighton,A,1.51,4.56,6.92,0.6622516556291391,0.2192982456140351,0.14450867052023122,1.0260585717634054,0.026058571763405425,0.645432603804459,0.21372877889138883,0.14083861730415217,H
2021-22,2022-04-16,Man United,Norwich,H,1.29,6.35,9.95,0.7751937984496123,0.15748031496062992,0.10050251256281408,1.0331766259730564,0.03317662597305637,0.7503013317974813,0.1524234201604332,0.09727524804208552,H
2021-22,2022-04-16,Southampton,Arsenal,H,4.08,3.79,1.94,0.24509803921568626,0.2638522427440633,0.5154639175257733,1.024414199485523,0.024414199485522925,0.23925677654485694,0.2575640232989489,0.5031792001561941,A
2021-22,2022-04-16,Watford,Brentford,A,2.94,3.39,2.58,0.3401360544217687,0.2949852507374631,0.38759689922480617,1.022718204384038,0.022718204384037932,0.332580424366872,0.2884325804243669,0.3789869952087611,A
2021-22,2022-04-17,Newcastle,Leicester,H,2.06,3.56,3.9,0.4854368932038835,0.2808988764044944,0.25641025641025644,1.0227460260186343,0.02274602601863429,0.4746407034145141,0.2746516429870503,0.25070765359843566,H
2021-22,2022-04-17,West Ham,Burnley,D,1.81,3.8,4.84,0.5524861878453039,0.2631578947368421,0.2066115702479339,1.02225565283008,0.02225565283007991,0.5404579434858244,0.25742865202877424,0.20211340448540127,H
2021-22,2022-04-19,Liverpool,Man United,H,1.34,5.78,9.17,0.7462686567164178,0.17301038062283736,0.10905125408942203,1.0283302914286772,0.028330291428677157,0.7257091062440783,0.1682439796482811,0.10604691410764067,H
2021-22,2022-04-20,Chelsea,Arsenal,A,1.96,3.52,4.36,0.5102040816326531,0.2840909090909091,0.2293577981651376,1.0236527888886997,0.023652788888699705,0.49841517277214864,0.27752663029358277,0.22405819693426865,H
2021-22,2022-04-20,Everton,Leicester,D,2.67,3.31,2.9,0.37453183520599254,0.3021148036253776,0.3448275862068966,1.0214742250382667,0.02147422503826668,0.3666581358839101,0.29576351142297275,0.3375783526931172,H
2021-22,2022-04-20,Newcastle,Crystal Palace,H,2.32,3.24,3.54,0.4310344827586207,0.30864197530864196,0.2824858757062147,1.0221623337734773,0.022162333773477316,0.42168887320215304,0.3019500573546281,0.2763610694432189,H
2021-22,2022-04-20,Man City,Brighton,H,1.23,6.5,16.0,0.8130081300813008,0.15384615384615385,0.0625,1.0293542839274545,0.02935428392745454,0.7898234288969054,0.14945889500664516,0.060717676096449597,H
2021-22,2022-04-21,Burnley,Southampton,H,2.7,3.35,2.8,0.37037037037037035,0.29850746268656714,0.35714285714285715,1.0260206901997946,0.026020690199794583,0.36097748701173754,0.29093707908408695,0.3480854339041755,H
2021-22,2022-04-23,Arsenal,Man United,H,2.06,3.68,3.75,0.4854368932038835,0.2717391304347826,0.26666666666666666,1.0238426903053328,0.023842690305332814,0.47413230352713204,0.26541101773529674,0.26045667873757117,H
2021-22,2022-04-23,Leicester,Aston Villa,D,3.05,3.39,2.5,0.3278688524590164,0.2949852507374631,0.4,1.0228541031964795,0.022854103196479514,0.32054312676109614,0.28839425859036666,0.39106261464853725,A
2021-22,2022-04-23,Man City,Watford,H,1.13,9.5,26.0,0.8849557522123894,0.10526315789473684,0.038461538461538464,1.0286804485686647,0.028680448568664696,0.860282465214287,0.10232833533601518,0.03738919944969786,H
2021-22,2022-04-23,Norwich,Newcastle,A,3.54,3.38,2.25,0.2824858757062147,0.2958579881656805,0.4444444444444444,1.0227883083163396,0.0227883083163396,0.27619192887649263,0.2892661030244923,0.4345419680990151,A
2021-22,2022-04-23,Brentford,Tottenham,D,4.93,3.99,1.75,0.20283975659229211,0.2506265664160401,0.5714285714285714,1.0248948944369036,0.024894894436903625,0.19791273982659077,0.24453879883335647,0.5575484613400528,A
2021-22,2022-04-24,Brighton,Southampton,D,2.15,3.33,3.91,0.46511627906976744,0.3003003003003003,0.2557544757033248,1.0211710550733926,0.021171055073392564,0.4554734260817245,0.2940744342569693,0.2504521396613063,H
2021-22,2022-04-24,Burnley,Wolves,H,2.57,3.14,3.17,0.38910505836575876,0.3184713375796178,0.31545741324921134,1.0230338091945879,0.023033809194587862,0.38034428077415416,0.3113008922259796,0.30835482699986627,H
2021-22,2022-04-24,Chelsea,West Ham,H,1.43,4.72,8.16,0.6993006993006994,0.21186440677966104,0.12254901960784313,1.0337141256882034,0.03371412568820342,0.676493318532466,0.20495454353843778,0.11855213792909634,H
2021-22,2022-04-24,Liverpool,Everton,H,1.21,7.06,16.67,0.8264462809917356,0.141643059490085,0.05998800239952009,1.0280773428813406,0.02807734288134056,0.8038755904059671,0.13777471167014452,0.05834969792388843,H
2021-22,2022-04-25,Crystal Palace,Leeds,D,2.44,3.49,2.99,0.4098360655737705,0.28653295128939826,0.33444816053511706,1.0308171773982857,0.03081717739828571,0.39758365941104085,0.2779667991297821,0.32444954145917715,H
2021-22,2022-04-28,Man United,Chelsea,D,3.6,3.62,2.13,0.2777777777777778,0.27624309392265195,0.4694835680751174,1.023504439775547,0.02350443977554706,0.2713987033008807,0.2698992629511521,0.4587020337479673,A
2021-22,2022-04-30,Newcastle,Liverpool,A,6.72,4.32,1.55,0.1488095238095238,0.23148148148148145,0.6451612903225806,1.0254522956135859,0.025452295613585862,0.14511598876521378,0.22573598252366586,0.6291480287111204,A
2021-22,2022-04-30,Aston Villa,Norwich,H,1.41,5.19,8.08,0.7092198581560284,0.19267822736030826,0.12376237623762376,1.0256604617539604,0.025660461753960417,0.69147625808175,0.18785771173319216,0.12066603018505785,H
2021-22,2022-04-30,Southampton,Crystal Palace,A,2.53,3.16,3.22,0.3952569169960475,0.3164556962025316,0.3105590062111801,1.0222716194097592,0.02227161940975919,0.3866456913127076,0.30956126551302215,0.3037930431742702,H
2021-22,2022-04-30,Watford,Burnley,A,2.71,3.22,2.92,0.36900369003690037,0.3105590062111801,0.3424657534246575,1.022028449672738,0.022028449672738093,0.3610503114224055,0.30386532420954,0.3350843643680544,H
2021-22,2022-04-30,Wolves,Brighton,A,2.81,3.02,2.99,0.35587188612099646,0.33112582781456956,0.33444816053511706,1.0214458744706831,0.021445874470683135,0.3484001404434773,0.32417364061131493,0.32742621894520774,H
2021-22,2022-04-30,Leeds,Man City,A,9.2,5.8,1.34,0.10869565217391305,0.1724137931034483,0.7462686567164178,1.0273781019937793,0.027378101993779325,0.1057990743261639,0.16781922134494962,0.7263817043288864,A
2021-22,2022-05-01,Everton,Chelsea,H,5.21,3.94,1.73,0.19193857965451055,0.25380710659898476,0.5780346820809249,1.0237803683344202,0.02378036833442021,0.18748023071273953,0.2479116756379119,0.5646080936493486,A
2021-22,2022-05-01,Tottenham,Leicester,H,1.38,5.32,9.05,0.7246376811594204,0.18796992481203006,0.11049723756906077,1.0231048435405112,0.023104843540511233,0.7082731410514795,0.1837249877163612,0.10800187123215929,H
2021-22,2022-05-01,West Ham,Arsenal,A,4.57,3.92,1.83,0.2188183807439825,0.25510204081632654,0.5464480874316939,1.020368508992003,0.02036850899200293,0.21445034692431642,0.25000971567452196,0.5355399374011617,A
2021-22,2022-05-02,Man United,Brentford,H,1.8,3.96,4.62,0.5555555555555556,0.25252525252525254,0.21645021645021645,1.0245310245310246,0.024531024531024626,0.5422535211267605,0.24647887323943662,0.21126760563380279,H
2021-22,2022-05-07,Brentford,Southampton,H,2.11,3.64,3.65,0.47393364928909953,0.2747252747252747,0.273972602739726,1.0226315267541002,0.022631526754100184,0.4634451773586486,0.2686454187436122,0.2679094038977393,H
2021-22,2022-05-07,Burnley,Aston Villa,A,3.19,3.21,2.52,0.31347962382445144,0.3115264797507788,0.3968253968253968,1.021831500400627,0.02183150040062709,0.30678211006564804,0.30487069504966263,0.38834719488468933,A
2021-22,2022-05-07,Chelsea,Wolves,D,1.38,4.94,9.9,0.7246376811594204,0.20242914979757085,0.10101010101010101,1.0280769319670924,0.028076931967092378,0.704847719686619,0.19690077999342795,0.09825150031995293,H
2021-22,2022-05-07,Crystal Palace,Watford,H,1.7,3.89,5.59,0.5882352941176471,0.2570694087403599,0.17889087656529518,1.0241955794233022,0.024195579423302194,0.5743388332615799,0.25099640528141015,0.17466476145700996,H
2021-22,2022-05-07,Brighton,Man United,H,2.99,3.3,2.6,0.33444816053511706,0.30303030303030304,0.3846153846153846,1.0220938481808046,0.02209384818080462,0.32721864154685176,0.29647992067426876,0.37630143777887953,A
2021-22,2022-05-07,Liverpool,Tottenham,D,1.43,5.3,7.3,0.6993006993006994,0.18867924528301888,0.136986301369863,1.024966245953581,0.0249662459535811,0.6822670522677577,0.18408337447979123,0.13364957325245116,H
2021-22,2022-05-08,Arsenal,Leeds,H,1.54,4.56,6.38,0.6493506493506493,0.2192982456140351,0.15673981191222572,1.02538870687691,0.025388706876910083,0.6332726750311273,0.21386840340963512,0.15285892155923764,H
2021-22,2022-05-08,Leicester,Everton,A,2.74,3.3,2.83,0.36496350364963503,0.30303030303030304,0.35335689045936397,1.021350697139302,0.021350697139302044,0.35733417000826473,0.2966956441886804,0.3459701858030549,H
2021-22,2022-05-08,Norwich,West Ham,A,4.94,4.15,1.72,0.20242914979757085,0.24096385542168672,0.5813953488372093,1.0247883540564668,0.024788354056466844,0.19753264076068608,0.2351352398452504,0.5673321193940636,A
2021-22,2022-05-08,Man City,Newcastle,H,1.17,8.25,18.0,0.8547008547008548,0.12121212121212122,0.05555555555555555,1.0314685314685315,0.03146853146853146,0.8286252354048965,0.11751412429378531,0.05386064030131826,H
2021-22,2022-05-10,Aston Villa,Liverpool,A,6.6,4.5,1.54,0.15151515151515152,0.2222222222222222,0.6493506493506493,1.023088023088023,0.023088023088023046,0.14809590973201694,0.21720733427362482,0.6346967559943583,A
2021-22,2022-05-11,Leeds,Chelsea,A,4.95,4.19,1.71,0.20202020202020202,0.2386634844868735,0.5847953216374269,1.0254790081445024,0.025479008144502435,0.19700081660933905,0.23273366162678477,0.5702655217638761,A
2021-22,2022-05-11,Leicester,Norwich,H,1.36,5.51,9.35,0.7352941176470588,0.18148820326678766,0.10695187165775401,1.0237341925716004,0.023734192571600365,0.7182471025999574,0.17728059156732162,0.10447230583272107,H
2021-22,2022-05-11,Watford,Everton,D,6.01,3.79,1.68,0.1663893510815308,0.2638522427440633,0.5952380952380952,1.0254796890636895,0.02547968906368947,0.16225514055129847,0.25729641021459204,0.5804484492341094,A
2021-22,2022-05-11,Wolves,Man City,A,12.79,6.75,1.25,0.07818608287724786,0.14814814814814814,0.8,1.026334231025396,0.026334231025396004,0.07617994266753945,0.14434688395819695,0.7794731733742636,A
2021-22,2022-05-12,Tottenham,Arsenal,H,2.32,3.49,3.27,0.4310344827586207,0.28653295128939826,0.3058103975535168,1.0233778316015356,0.023377831601535615,0.4211880201509477,0.2799874517908878,0.2988245280581647,H
2021-22,2022-05-15,Tottenham,Burnley,H,1.32,5.75,10.72,0.7575757575757576,0.17391304347826086,0.09328358208955223,1.0247723831435707,0.024772383143570664,0.7392624645600165,0.1697089483859516,0.09102858705403187,H
2021-22,2022-05-15,Aston Villa,Crystal Palace,D,1.87,3.63,4.57,0.53475935828877,0.27548209366391185,0.2188183807439825,1.0290598326966642,0.029059832696664234,0.5196581785603529,0.2677026980462424,0.2126391233934048,H
2021-22,2022-05-15,Leeds,Brighton,D,2.73,3.45,2.73,0.3663003663003663,0.2898550724637681,0.3663003663003663,1.0224558050645007,0.022455805064500733,0.3582554517133956,0.28348909657320875,0.3582554517133956,H
2021-22,2022-05-15,Watford,Leicester,A,5.54,4.01,1.67,0.18050541516245489,0.24937655860349128,0.5988023952095809,1.0286843689755272,0.028684368975527175,0.17547210845851705,0.24242281318209088,0.582105078359392,A
2021-22,2022-05-15,West Ham,Man City,D,8.32,5.43,1.39,0.12019230769230768,0.1841620626151013,0.7194244604316548,1.0237788307390638,0.02377883073906384,0.11740065733293303,0.17988461676058987,0.702714725906477,A
2021-22,2022-05-15,Wolves,Norwich,D,1.57,4.44,5.9,0.6369426751592356,0.2252252252252252,0.1694915254237288,1.0316594258081897,0.0316594258081897,0.6173962639465659,0.21831354378290727,0.16429019227052685,H
2021-22,2022-05-15,Everton,Brentford,A,1.93,3.64,4.32,0.5181347150259068,0.2747252747252747,0.23148148148148145,1.0243414712326628,0.024341471232662837,0.5058222571057271,0.26819696599287174,0.2259807769014012,H
2021-22,2022-05-16,Newcastle,Arsenal,H,4.31,3.85,1.81,0.2320185614849188,0.2597402597402597,0.5524861878453039,1.0442450090704825,0.044245009070482455,0.22218785770539265,0.24873497836629666,0.5290771639283106,A
2021-22,2022-05-17,Southampton,Liverpool,A,6.93,5.24,1.45,0.14430014430014432,0.19083969465648853,0.6896551724137931,1.024795011370426,0.024795011370426057,0.14080878878125713,0.1862223103538381,0.6729689008649047,A
2021-22,2022-05-19,Everton,Crystal Palace,H,1.9,3.54,4.64,0.5263157894736842,0.2824858757062147,0.21551724137931036,1.024318906559209,0.024318906559209097,0.5138202429960336,0.2757792264667977,0.21040053053716892,H
2021-22,2022-05-19,Aston Villa,Burnley,D,2.04,3.46,4.1,0.49019607843137253,0.28901734104046245,0.24390243902439027,1.0231158584962252,0.023115858496225217,0.479120790046068,0.2824874022236933,0.23839180773023874,H
2021-22,2022-05-19,Chelsea,Leicester,D,1.44,4.87,7.49,0.6944444444444444,0.2053388090349076,0.13351134846461948,1.0332946019439715,0.03329460194397149,0.6720682012060868,0.19872242499728235,0.12920937379663083,H
2021-22,2022-05-22,Arsenal,Everton,H,1.36,5.61,8.84,0.7352941176470588,0.17825311942959002,0.11312217194570136,1.02666940902235,0.026669409022350044,0.7161936560934892,0.17362270450751255,0.11018363939899835,H
2021-22,2022-05-22,Brentford,Leeds,A,2.38,3.9,2.89,0.42016806722689076,0.25641025641025644,0.3460207612456747,1.022599084882822,0.022599084882821918,0.41088249876053545,0.25074367873078834,0.3383738225086762,H
2021-22,2022-05-22,Brighton,West Ham,H,2.75,3.4,2.74,0.36363636363636365,0.29411764705882354,0.36496350364963503,1.0227175143448222,0.022717514344822165,0.3555589481317507,0.2875844433418572,0.3568566085263921,A
2021-22,2022-05-22,Burnley,Newcastle,A,2.55,3.31,3.05,0.3921568627450981,0.3021148036253776,0.3278688524590164,1.022140518829492,0.022140518829492084,0.3836623786269406,0.2955707146521747,0.32076690672088476,H
2021-22,2022-05-22,Chelsea,Watford,H,1.18,7.58,17.72,0.8474576271186441,0.13192612137203166,0.05643340857787811,1.035817157068554,0.03581715706855393,0.8181536879703919,0.12736429443338554,0.05448201759622249,H
2021-22,2022-05-22,Crystal Palace,Man United,H,2.82,3.57,2.59,0.3546099290780142,0.2801120448179272,0.3861003861003861,1.0208223599963273,0.02082235999632731,0.34737672583826434,0.27439842209072984,0.378224852071006,A
2021-22,2022-05-22,Leicester,Southampton,H,1.7,4.39,4.67,0.5882352941176471,0.22779043280182235,0.21413276231263384,1.0301584892321032,0.03015848923210318,0.5710143635821777,0.22112173532795038,0.207863901089872,H
2021-22,2022-05-22,Liverpool,Wolves,H,1.14,9.75,19.0,0.8771929824561404,0.10256410256410256,0.05263157894736842,1.0323886639676114,0.03238866396761142,0.8496732026143791,0.09934640522875816,0.05098039215686274,H
2021-22,2022-05-22,Man City,Aston Villa,H,1.17,8.4,17.0,0.8547008547008548,0.11904761904761904,0.058823529411764705,1.0325720031602386,0.03257200316023856,0.8277397141167878,0.11529231732340971,0.05696796855980245,H
2021-22,2022-05-22,Norwich,Tottenham,A,9.82,5.51,1.34,0.10183299389002036,0.18148820326678766,0.7462686567164178,1.029589853873226,0.02958985387322599,0.09890636888750762,0.1762723307577722,0.72482130035472,A
2022-23,2022-08-05,Crystal Palace,Arsenal,A,4.58,3.63,1.88,0.2183406113537118,0.27548209366391185,0.5319148936170213,1.0257375986346449,0.025737598634644865,0.21286205326230032,0.26856975315188303,0.5185681935858167,A
2022-23,2022-08-06,Fulham,Liverpool,D,10.5,6.5,1.29,0.09523809523809523,0.15384615384615385,0.7751937984496123,1.0242780475338615,0.024278047533861535,0.09298070525615434,0.1501996007984032,0.7568196939454424,A
2022-23,2022-08-06,Bournemouth,Aston Villa,H,4.09,3.59,2.0,0.24449877750611249,0.2785515320334262,0.5,1.0230503095395387,0.023050309539538683,0.23898998438909436,0.27227549753520774,0.4887345180756979,A
2022-23,2022-08-06,Leeds,Wolves,H,2.45,3.44,3.09,0.4081632653061224,0.29069767441860467,0.3236245954692557,1.0224855351939828,0.022485535193982775,0.3991873246683015,0.2843049259992264,0.3165077493324721,H
2022-23,2022-08-06,Newcastle,Nott'm Forest,H,1.57,4.22,6.6,0.6369426751592356,0.23696682464454977,0.15151515151515152,1.025424651318937,0.025424651318936897,0.6211501491991418,0.23109140621863808,0.14775844458222012,H
2022-23,2022-08-06,Tottenham,Southampton,H,1.39,5.34,8.55,0.7194244604316548,0.18726591760299627,0.11695906432748537,1.0236494423621365,0.023649442362136508,0.7028035484213588,0.18293950043177692,0.11425695114686417,H
2022-23,2022-08-06,Everton,Chelsea,A,6.89,4.16,1.56,0.14513788098693758,0.24038461538461536,0.641025641025641,1.0265481373971939,0.02654813739719386,0.14138438880706924,0.2341678939617084,0.6244477172312224,A
2022-23,2022-08-07,Leicester,Brentford,D,1.96,3.69,4.29,0.5102040816326531,0.2710027100271003,0.2331002331002331,1.0143070247599866,0.014307024759986575,0.5030075402991334,0.2671801569068568,0.22981230279400966,H
2022-23,2022-08-07,Man United,Brighton,A,1.81,3.86,4.72,0.5524861878453039,0.2590673575129534,0.21186440677966104,1.0234179521379183,0.023417952137918308,0.5398441435301786,0.25313935227710455,0.20701650419271683,H
2022-23,2022-08-07,West Ham,Man City,A,8.0,5.35,1.41,0.125,0.1869158878504673,0.7092198581560284,1.0211357460064958,0.021135746006495815,0.12241271592817674,0.18304705185521755,0.6945402322166055,A
2022-23,2022-08-13,Aston Villa,Everton,H,1.81,3.64,5.11,0.5524861878453039,0.2747252747252747,0.19569471624266144,1.02290617881324,0.022906178813240086,0.5401142346078013,0.268573286989044,0.19131247840315466,H
2022-23,2022-08-13,Arsenal,Leicester,H,1.58,4.42,5.97,0.6329113924050632,0.22624434389140272,0.16750418760469013,1.026659923901156,0.026659923901156013,0.6164761842461849,0.2203693147305367,0.16315450102327844,H
2022-23,2022-08-13,Brighton,Newcastle,D,2.5,3.3,3.14,0.4,0.30303030303030304,0.3184713375796178,1.0215016406099209,0.02150164060992088,0.39158037941198703,0.29665180258483864,0.3117678180031743,H
2022-23,2022-08-13,Man City,Bournemouth,H,1.08,13.5,36.0,0.9259259259259258,0.07407407407407407,0.027777777777777776,1.0277777777777777,0.02777777777777768,0.9009009009009009,0.07207207207207207,0.02702702702702703,H
2022-23,2022-08-13,Southampton,Leeds,D,2.44,3.64,2.96,0.4098360655737705,0.2747252747252747,0.33783783783783783,1.022399178136883,0.02239917813688308,0.40085719388058816,0.26870647062325137,0.33043633549616047,H
2022-23,2022-08-13,Wolves,Fulham,D,2.23,3.48,3.5,0.4484304932735426,0.28735632183908044,0.2857142857142857,1.0215011008269088,0.021501100826908814,0.4389916887123631,0.281307892479474,0.27970041880816277,H
2022-23,2022-08-13,Brentford,Man United,H,4.65,4.09,1.78,0.2150537634408602,0.24449877750611249,0.5617977528089888,1.0213502937559615,0.021350293755961536,0.21055828226181966,0.23938777812162876,0.5500539396165515,A
2022-23,2022-08-14,Nott'm Forest,West Ham,H,4.03,3.68,1.99,0.24813895781637715,0.2717391304347826,0.5025125628140703,1.02239065106523,0.022390651065230083,0.2427046428464901,0.2657879648563465,0.4915073922971634,A
2022-23,2022-08-14,Chelsea,Tottenham,D,2.17,3.53,3.61,0.4608294930875576,0.28328611898017,0.2770083102493075,1.021123922317035,0.02112392231703497,0.45129634417132075,0.27742579797500455,0.2712778578536748,H
2022-23,2022-08-15,Liverpool,Crystal Palace,D,1.29,6.25,12.0,0.7751937984496123,0.16,0.08333333333333333,1.0185271317829456,0.018527131782945627,0.7610929294466855,0.1570895806377959,0.0818174899155187,H
2022-23,2022-08-20,Tottenham,Wolves,H,1.48,4.88,6.99,0.6756756756756757,0.20491803278688525,0.14306151645207438,1.0236552249146353,0.023655224914635342,0.6600617661400806,0.2001826667801884,0.13975556707973094,H
2022-23,2022-08-20,Crystal Palace,Aston Villa,H,2.56,3.26,3.08,0.390625,0.3067484662576687,0.3246753246753247,1.0220487909329934,0.02204879093299339,0.38219799628490514,0.30013094186790096,0.3176710618471939,H
2022-23,2022-08-20,Everton,Nott'm Forest,D,1.89,3.58,4.62,0.5291005291005292,0.27932960893854747,0.21645021645021645,1.024880354489293,0.024880354489293044,0.5162558993183011,0.2725485055060304,0.21119559517566858,H
2022-23,2022-08-20,Fulham,Brentford,H,2.7,3.44,2.8,0.37037037037037035,0.29069767441860467,0.35714285714285715,1.0182109019318322,0.01821090193183217,0.3637462235649547,0.2854984894259819,0.35075528700906344,H
2022-23,2022-08-20,Leicester,Southampton,A,1.78,4.18,4.51,0.5617977528089888,0.23923444976076558,0.22172949002217296,1.0227616925919274,0.022761692591927396,0.5492948717948718,0.2339102564102564,0.21679487179487178,H
2022-23,2022-08-20,Bournemouth,Arsenal,A,7.26,4.82,1.47,0.13774104683195593,0.20746887966804978,0.6802721088435374,1.025482035343543,0.025482035343542986,0.13431834209149437,0.2023135194158193,0.6633681384926864,A
2022-23,2022-08-21,Leeds,Chelsea,H,6.14,4.63,1.55,0.16286644951140067,0.2159827213822894,0.6451612903225806,1.0240104612162706,0.024010461216270595,0.15904764226525156,0.21091847160013918,0.6300338861346093,A
2022-23,2022-08-21,West Ham,Brighton,A,2.6,3.42,2.9,0.3846153846153846,0.29239766081871343,0.3448275862068966,1.0218406316409947,0.0218406316409947,0.3763946869070208,0.2861480075901328,0.3374573055028463,H
2022-23,2022-08-21,Newcastle,Man City,D,7.0,5.0,1.47,0.14285714285714285,0.2,0.6802721088435374,1.0231292517006803,0.023129251700680253,0.13962765957446807,0.19547872340425534,0.6648936170212766,A
2022-23,2022-08-22,Man United,Liverpool,H,4.65,4.5,1.7,0.2150537634408602,0.2222222222222222,0.5882352941176471,1.0255112797807295,0.025511279780729534,0.20970394736842102,0.2166940789473684,0.5736019736842105,A
2022-23,2022-08-27,Southampton,Man United,A,3.65,3.95,2.02,0.273972602739726,0.2531645569620253,0.49504950495049505,1.0221866646522464,0.02218666465224639,0.26802599976485997,0.24766959471942757,0.4843044055157124,A
2022-23,2022-08-27,Brentford,Everton,D,2.08,3.51,3.91,0.4807692307692307,0.2849002849002849,0.2557544757033248,1.0214239913728405,0.021423991372840456,0.4706852735298051,0.27892460653618084,0.250390119934014,H
2022-23,2022-08-27,Brighton,Leeds,H,1.74,3.98,5.09,0.5747126436781609,0.25125628140703515,0.19646365422396858,1.0224325793091646,0.022432579309164646,0.5621032186459489,0.24574361820199775,0.1921531631520533,H
2022-23,2022-08-27,Chelsea,Leicester,H,1.41,5.2,7.99,0.7092198581560284,0.1923076923076923,0.1251564455569462,1.0266839960206668,0.026683996020666845,0.6907869031804329,0.1873095256700789,0.12190357114948817,H
2022-23,2022-08-27,Liverpool,Bournemouth,H,1.15,9.25,19.5,0.8695652173913044,0.10810810810810811,0.05128205128205128,1.0289553767814639,0.02895537678146387,0.8450951683748169,0.10506588579795022,0.04983894582723279,H
2022-23,2022-08-27,Man City,Crystal Palace,H,1.2,7.75,16.0,0.8333333333333334,0.12903225806451613,0.0625,1.0248655913978495,0.024865591397849496,0.8131147540983606,0.1259016393442623,0.06098360655737705,H
2022-23,2022-08-27,Arsenal,Fulham,H,1.42,5.35,7.5,0.7042253521126761,0.1869158878504673,0.13333333333333333,1.0244745732964768,0.024474573296476843,0.6874014938669224,0.18245048996094015,0.1301480161721373,H
2022-23,2022-08-28,Aston Villa,West Ham,A,2.12,3.53,3.74,0.4716981132075471,0.28328611898017,0.267379679144385,1.0223639113321021,0.022363911332102138,0.461379855039036,0.2770893180404409,0.26153082692052304,H
2022-23,2022-08-28,Wolves,Newcastle,D,2.59,3.3,3.0,0.3861003861003861,0.30303030303030304,0.3333333333333333,1.0224640224640225,0.02246402246402246,0.37761757638173704,0.2963725826753633,0.32600984094289964,H
2022-23,2022-08-28,Nott'm Forest,Tottenham,A,7.1,5.05,1.45,0.14084507042253522,0.19801980198019803,0.6896551724137931,1.0285200448165264,0.02852004481652637,0.13693954836598252,0.1925288699798962,0.6705315816541213,A
2022-23,2022-08-30,Crystal Palace,Brentford,D,2.12,3.49,3.78,0.4716981132075471,0.28653295128939826,0.2645502645502646,1.02278132904721,0.022781329047210086,0.4611915566027841,0.2801507449850723,0.25865769841214353,H
2022-23,2022-08-30,Fulham,Brighton,H,3.36,3.29,2.38,0.2976190476190476,0.303951367781155,0.42016806722689076,1.0217384826270934,0.021738482627093436,0.2912869121399927,0.2974845060153117,0.4112285818446956,A
2022-23,2022-08-30,Southampton,Chelsea,H,5.22,4.11,1.69,0.19157088122605365,0.24330900243309,0.591715976331361,1.0265958599905045,0.02659585999050451,0.18660788406825016,0.23700563378011333,0.5763864821516366,A
2022-23,2022-08-30,Leeds,Everton,D,2.17,3.65,3.49,0.4608294930875576,0.273972602739726,0.28653295128939826,1.0213350471166818,0.02133504711668177,0.45120305465725435,0.26824948728938136,0.28054745805336445,H
2022-23,2022-08-31,Arsenal,Aston Villa,H,1.55,4.57,6.27,0.6451612903225806,0.2188183807439825,0.1594896331738437,1.0234693042404068,0.02346930424040683,0.6303670150629511,0.21380062874126352,0.15583235619578537,H
2022-23,2022-08-31,Bournemouth,Wolves,D,3.4,3.32,2.34,0.29411764705882354,0.30120481927710846,0.4273504273504274,1.0226728936863594,0.022672893686359386,0.28759699105609193,0.29452703903334715,0.4178759699105609,A
2022-23,2022-08-31,Man City,Nott'm Forest,H,1.1,12.5,26.0,0.9090909090909091,0.08,0.038461538461538464,1.0275524475524476,0.027552447552447568,0.8847148495984756,0.07785490676466585,0.03743024363685858,H
2022-23,2022-08-31,West Ham,Tottenham,D,3.29,3.51,2.3,0.303951367781155,0.2849002849002849,0.4347826086956522,1.0236342613770921,0.023634261377092125,0.2969335623567837,0.2783223419241648,0.42474409571905153,A
2022-23,2022-08-31,Liverpool,Newcastle,H,1.29,6.26,10.61,0.7751937984496123,0.1597444089456869,0.09425070688030161,1.0291889142756008,0.029188914275600775,0.7532084612427408,0.15521388418580442,0.09157765457145484,H
2022-23,2022-09-01,Leicester,Man United,A,3.2,3.76,2.25,0.3125,0.26595744680851063,0.4444444444444444,1.022901891252955,0.022901891252955053,0.3055033944821609,0.260002888920988,0.43449371659685104,A
2022-23,2022-09-03,Everton,Liverpool,D,7.8,5.4,1.4,0.12820512820512822,0.18518518518518517,0.7142857142857143,1.0276760276760277,0.027676027676027726,0.12475247524752477,0.1801980198019802,0.695049504950495,A
2022-23,2022-09-03,Brentford,Leeds,H,2.17,3.57,3.55,0.4608294930875576,0.2801120448179272,0.28169014084507044,1.0226316787505552,0.022631678750555162,0.4506309580108022,0.27391293526146804,0.2754561067277298,H
2022-23,2022-09-03,Chelsea,West Ham,H,1.69,4.03,5.44,0.591715976331361,0.24813895781637715,0.1838235294117647,1.0236784635595029,0.02367846355950287,0.5780291345329905,0.24239931448157667,0.1795715509854327,H
2022-23,2022-09-03,Newcastle,Crystal Palace,D,2.12,3.47,3.82,0.4716981132075471,0.2881844380403458,0.2617801047120419,1.0216626559599349,0.021662655959934884,0.46169653990567805,0.2820739667435267,0.2562294933507952,H
2022-23,2022-09-03,Nott'm Forest,Bournemouth,A,2.21,3.38,3.65,0.45248868778280543,0.2958579881656805,0.273972602739726,1.022319278688212,0.02231927868821204,0.44260995289398813,0.28939881535376144,0.2679912317522503,H
2022-23,2022-09-03,Tottenham,Fulham,H,1.54,4.62,6.24,0.6493506493506493,0.21645021645021645,0.16025641025641024,1.026057276057276,0.026057276057275924,0.6328600405679514,0.2109533468559838,0.15618661257606492,H
2022-23,2022-09-03,Wolves,Southampton,H,2.14,3.53,3.68,0.4672897196261682,0.28328611898017,0.2717391304347826,1.0223149690411208,0.022314969041120847,0.4570897754382508,0.2771025834101577,0.26580764115159145,H
2022-23,2022-09-03,Aston Villa,Man City,D,9.35,5.85,1.33,0.10695187165775401,0.17094017094017094,0.7518796992481203,1.0297717418460453,0.029771741846045252,0.10385978495197795,0.1659981178292297,0.7301420972187923,A
2022-23,2022-09-04,Brighton,Leicester,H,1.94,3.63,4.29,0.5154639175257733,0.27548209366391185,0.2331002331002331,1.0240462442899183,0.024046244289918306,0.5033599999999999,0.26901333333333327,0.22762666666666662,H
2022-23,2022-09-04,Man United,Arsenal,H,2.71,3.56,2.69,0.36900369003690037,0.2808988764044944,0.3717472118959108,1.0216497783373055,0.021649778337305525,0.36118413360539187,0.27494634889623937,0.3638695174983688,A
2022-23,2022-09-16,Aston Villa,Southampton,H,2.14,3.58,3.64,0.4672897196261682,0.27932960893854747,0.2747252747252747,1.0213446032899904,0.021344603289990438,0.45752405027736814,0.27349203005406925,0.26898391966856255,H
2022-23,2022-09-16,Nott'm Forest,Fulham,A,2.8,3.49,2.64,0.35714285714285715,0.28653295128939826,0.3787878787878788,1.0224636872201343,0.022463687220134254,0.3492963726798496,0.28023777750818873,0.3704658498119616,A
2022-23,2022-09-17,Wolves,Man City,A,9.25,5.65,1.35,0.10810810810810811,0.17699115044247787,0.7407407407407407,1.0258399992913267,0.025839999291326743,0.10538496079582743,0.17253290041794755,0.722082138786225,A
2022-23,2022-09-17,Newcastle,Bournemouth,D,1.43,5.01,7.85,0.6993006993006994,0.1996007984031936,0.12738853503184713,1.02629003273574,0.026290032735740043,0.6813870124379964,0.19448771013699295,0.12412527742501078,H
2022-23,2022-09-17,Tottenham,Leicester,H,1.56,4.45,6.38,0.641025641025641,0.2247191011235955,0.15673981191222572,1.0224845540614622,0.022484554061462214,0.6269294127519001,0.21977750199841892,0.15329308524968094,H
2022-23,2022-09-18,Brentford,Arsenal,A,4.5,3.85,1.85,0.2222222222222222,0.2597402597402597,0.5405405405405405,1.0225030225030225,0.022503022503022496,0.2173316042413609,0.25402395300938285,0.5286444427492561,A
2022-23,2022-09-18,Everton,West Ham,H,2.95,3.35,2.6,0.3389830508474576,0.29850746268656714,0.3846153846153846,1.0221058981494093,0.02210589814940933,0.33165159447881964,0.2920514040932889,0.37629700142789146,A
2022-23,2022-10-01,Arsenal,Tottenham,H,1.99,3.75,3.84,0.5025125628140703,0.26666666666666666,0.2604166666666667,1.0295958961474037,0.029595896147403655,0.4880677600740236,0.2590012913459485,0.2529309485800279,H
2022-23,2022-10-01,Bournemouth,Brentford,D,3.3,3.53,2.27,0.30303030303030304,0.28328611898017,0.44052863436123346,1.0268450563717066,0.026845056371706644,0.29510810920300073,0.27588010208779107,0.4290117887092081,A
2022-23,2022-10-01,Crystal Palace,Chelsea,A,4.83,3.78,1.79,0.20703933747412007,0.2645502645502646,0.5586592178770949,1.0302488199014797,0.03024881990147965,0.20096051892970745,0.2567828852990707,0.5422565957712218,A
2022-23,2022-10-01,Fulham,Newcastle,A,2.95,3.42,2.51,0.3389830508474576,0.29239766081871343,0.39840637450199207,1.029787086168163,0.029787086168163057,0.3291778032571891,0.28393991801424207,0.3868822787285689,A
2022-23,2022-10-01,Liverpool,Brighton,D,1.49,4.76,6.85,0.6711409395973155,0.21008403361344538,0.14598540145985403,1.027210374670615,0.027210374670614934,0.653362695847502,0.20451899512873484,0.1421183090237632,H
2022-23,2022-10-01,Southampton,Everton,A,2.38,3.32,3.23,0.42016806722689076,0.30120481927710846,0.30959752321981426,1.0309704097238135,0.030970409723813486,0.4075461945987854,0.292156609381057,0.30029719602015764,H
2022-23,2022-10-01,West Ham,Wolves,H,2.07,3.36,4.01,0.48309178743961356,0.2976190476190476,0.24937655860349128,1.0300873936621524,0.030087393662152406,0.46898136062235685,0.28892601681198765,0.24209262256565553,H
2022-23,2022-10-02,Man City,Man United,H,1.43,5.6,6.7,0.6993006993006994,0.17857142857142858,0.14925373134328357,1.0271258592154116,0.027125859215411552,0.6808325318913426,0.17385545010796782,0.14531201800068952,H
2022-23,2022-10-02,Leeds,Aston Villa,D,2.45,3.49,3.06,0.4081632653061224,0.28653295128939826,0.32679738562091504,1.0214936022164356,0.021493602216435592,0.3995749600589668,0.28050391178924605,0.3199211281517872,H
2022-23,2022-10-03,Leicester,Nott'm Forest,H,1.74,4.15,4.75,0.5747126436781609,0.24096385542168672,0.21052631578947367,1.0262028148893214,0.026202814889321413,0.5600380698041109,0.23481114252027782,0.20515078767561115,H
2022-23,2022-10-08,Bournemouth,Leicester,H,3.45,3.54,2.22,0.2898550724637681,0.2824858757062147,0.4504504504504504,1.0227913986204333,0.022791398620433334,0.2833960794495651,0.27619109437881345,0.44041282617162136,A
2022-23,2022-10-08,Chelsea,Wolves,H,1.53,4.36,7.03,0.6535947712418301,0.2293577981651376,0.14224751066856328,1.025200080075531,0.025200080075530984,0.6375289896521242,0.22372003535957566,0.13875097498830014,H
2022-23,2022-10-08,Man City,Southampton,H,1.13,11.0,21.0,0.8849557522123894,0.09090909090909091,0.047619047619047616,1.023483890740528,0.023483890740527924,0.864650396765983,0.0888231771223237,0.046526426111693366,H
2022-23,2022-10-08,Newcastle,Brentford,H,1.69,4.05,5.35,0.591715976331361,0.2469135802469136,0.1869158878504673,1.025545444428742,0.02554544442874196,0.5769768463658513,0.24076317786624413,0.18225997576790445,H
2022-23,2022-10-08,Brighton,Tottenham,A,2.58,3.4,2.94,0.38759689922480617,0.29411764705882354,0.3401360544217687,1.0218506007053985,0.02185060070539846,0.37930877464596324,0.28782842311370155,0.3328628022403351,H
2022-23,2022-10-09,Crystal Palace,Leeds,H,2.09,3.62,3.73,0.47846889952153115,0.27624309392265195,0.2680965147453083,1.0228085081894913,0.022808508189491317,0.4677990999199699,0.2700829057548997,0.26211799432513055,H
2022-23,2022-10-09,West Ham,Fulham,H,1.63,4.11,5.89,0.6134969325153374,0.24330900243309,0.16977928692699493,1.0265852218754223,0.026585221875422338,0.5976093552121932,0.2370080897800182,0.16538255500778862,H
2022-23,2022-10-09,Arsenal,Liverpool,H,2.58,3.84,2.67,0.38759689922480617,0.2604166666666667,0.37453183520599254,1.0225454010974655,0.0225454010974655,0.3790510414587076,0.2546749184800692,0.3662740400612231,H
2022-23,2022-10-09,Everton,Man United,A,3.65,3.68,2.09,0.273972602739726,0.2717391304347826,0.47846889952153115,1.0241806326960399,0.024180632696039872,0.26750418236139073,0.2653234417443142,0.46717237589429494,A
2022-23,2022-10-10,Nott'm Forest,Aston Villa,D,3.79,3.64,2.03,0.2638522427440633,0.2747252747252747,0.4926108374384237,1.0311883549077616,0.031188354907761617,0.25587201551327116,0.26641619197673005,0.4777117925099989,A
2022-23,2022-10-14,Brentford,Brighton,H,3.35,3.53,2.27,0.29850746268656714,0.28328611898017,0.44052863436123346,1.0223222160279706,0.022322216027970576,0.291989607588064,0.2771006190991543,0.43090977331278174,A
2022-23,2022-10-15,Leicester,Crystal Palace,D,2.49,3.54,2.96,0.4016064257028112,0.2824858757062147,0.33783783783783783,1.0219301392468636,0.0219301392468636,0.3929881410472783,0.27642386192308566,0.3305879970296362,H
2022-23,2022-10-15,Fulham,Bournemouth,D,1.98,3.69,4.03,0.5050505050505051,0.2710027100271003,0.24813895781637715,1.0241921728939825,0.024192172893982455,0.4931208404214045,0.26460142656758295,0.2422777330110126,H
2022-23,2022-10-15,Wolves,Nott'm Forest,H,1.76,3.91,5.02,0.5681818181818182,0.2557544757033248,0.19920318725099603,1.0231394811361392,0.023139481136139173,0.5553317300891215,0.24997029282783984,0.1946979770830386,H
2022-23,2022-10-15,Tottenham,Everton,H,1.5,4.7,6.9,0.6666666666666666,0.2127659574468085,0.14492753623188406,1.0243601603453591,0.02436016034535915,0.6508127633955448,0.20770620108368454,0.14148103552077063,H
2022-23,2022-10-16,Aston Villa,Chelsea,A,3.97,3.49,2.07,0.2518891687657431,0.28653295128939826,0.48309178743961356,1.021513907494755,0.021513907494755014,0.24658417953750317,0.28049833603549784,0.4729174844269989,A
2022-23,2022-10-16,Leeds,Arsenal,A,4.97,4.22,1.7,0.2012072434607646,0.23696682464454977,0.5882352941176471,1.0264093622229615,0.02640936222296153,0.19603021062180978,0.23086970303089918,0.5731000863472909,A
2022-23,2022-10-16,Man United,Newcastle,D,2.08,3.68,3.71,0.4807692307692307,0.2717391304347826,0.2695417789757412,1.0220501401797546,0.022050140179754596,0.47039691289966923,0.26587651598676953,0.2637265711135612,H
2022-23,2022-10-16,Southampton,West Ham,D,3.01,3.37,2.54,0.33222591362126247,0.29673590504451036,0.39370078740157477,1.0226626060673476,0.0226626060673476,0.3248636565473322,0.29016012053634116,0.38497622291632666,A
2022-23,2022-10-16,Liverpool,Man City,H,3.81,4.25,1.9,0.26246719160104987,0.23529411764705882,0.5263157894736842,1.0240770987217929,0.024077098721792867,0.25629631980702394,0.22976211257994383,0.5139415676130322,A
2022-23,2022-10-18,Brighton,Nott'm Forest,D,1.41,5.08,8.53,0.7092198581560284,0.19685039370078738,0.1172332942555686,1.0233035461123843,0.023303546112384277,0.6930688951977289,0.19236754768283418,0.11456355711943703,H
2022-23,2022-10-18,Crystal Palace,Wolves,H,2.13,3.39,3.89,0.4694835680751174,0.2949852507374631,0.2570694087403599,1.0215382275529405,0.021538227552940548,0.4595849234147106,0.2887657483402164,0.25164932824507286,H
2022-23,2022-10-19,Bournemouth,Southampton,A,2.71,3.3,2.86,0.36900369003690037,0.30303030303030304,0.3496503496503497,1.021684342717553,0.02168434271755304,0.36117191446371444,0.2965987539989897,0.3422293315372959,H
2022-23,2022-10-19,Brentford,Chelsea,D,4.49,3.72,1.88,0.22271714922048996,0.26881720430107525,0.5319148936170213,1.0234492471385865,0.023449247138586538,0.21761425868764311,0.26265807029771976,0.519727671014637,A
2022-23,2022-10-19,Liverpool,West Ham,H,1.44,5.05,7.4,0.6944444444444444,0.19801980198019803,0.13513513513513511,1.0275993815597775,0.02759938155977748,0.6757929762378386,0.1927013635212847,0.1315056602408767,H
2022-23,2022-10-19,Newcastle,Everton,H,1.66,4.06,5.74,0.6024096385542169,0.24630541871921185,0.17421602787456444,1.0229310851479931,0.022931085147993135,0.5889053987122338,0.2407839807542631,0.17031062053350313,H
2022-23,2022-10-19,Man United,Tottenham,H,2.43,3.55,3.05,0.4115226337448559,0.28169014084507044,0.3278688524590164,1.0210816270489427,0.021081627048942675,0.4030261860006328,0.2758742625300106,0.32109955146935665,H
2022-23,2022-10-20,Fulham,Aston Villa,H,3.03,3.47,2.47,0.33003300330033003,0.2881844380403458,0.4048582995951417,1.0230757409358175,0.023075740935817546,0.32258902258638794,0.2816843626618892,0.3957266147517229,A
2022-23,2022-10-20,Leicester,Leeds,H,2.37,3.64,3.05,0.42194092827004215,0.2747252747252747,0.3278688524590164,1.0245350554543333,0.02453505545433332,0.4118364969785549,0.268146290615158,0.320017212406287,H
2022-23,2022-10-22,Nott'm Forest,Liverpool,H,9.5,5.5,1.36,0.10526315789473684,0.18181818181818182,0.7352941176470588,1.0223754573599775,0.02237545735997748,0.10295939435650378,0.17783895388850654,0.7192016517549896,A
2022-23,2022-10-22,Everton,Crystal Palace,H,2.54,3.18,3.18,0.39370078740157477,0.31446540880503143,0.31446540880503143,1.0226316050116375,0.022631605011637523,0.38498789346246975,0.3075060532687652,0.3075060532687652,H
2022-23,2022-10-22,Man City,Brighton,H,1.23,7.25,14.0,0.8130081300813008,0.13793103448275862,0.07142857142857142,1.0223677359926309,0.022367735992630866,0.7952208402702967,0.1349133287630986,0.06986583096660463,H
2022-23,2022-10-22,Chelsea,Man United,D,2.17,3.65,3.62,0.4608294930875576,0.273972602739726,0.27624309392265195,1.0110451897499355,0.011045189749935513,0.45579514917778874,0.27097958183994564,0.2732252689822657,H
2022-23,2022-10-23,Aston Villa,Brentford,H,2.08,3.57,3.81,0.4807692307692307,0.2801120448179272,0.26246719160104987,1.0233484671882078,0.023348467188207822,0.46980011812614625,0.2737210772275586,0.2564788046462951,H
2022-23,2022-10-23,Leeds,Fulham,A,2.1,3.81,3.51,0.47619047619047616,0.26246719160104987,0.2849002849002849,1.0235579526918108,0.023557952691810824,0.4652305958232882,0.2564263126585053,0.27834309151820663,H
2022-23,2022-10-23,Southampton,Arsenal,D,7.07,4.79,1.48,0.14144271570014144,0.20876826722338204,0.6756756756756757,1.025886658599199,0.02588665859919903,0.13787362815817777,0.20350032381593255,0.6586260480258898,A
2022-23,2022-10-23,Wolves,Leicester,A,2.41,3.43,3.18,0.41493775933609955,0.29154518950437314,0.31446540880503143,1.020948357645504,0.020948357645504068,0.40642384722869124,0.2855631113181183,0.30801304145319053,H
2022-23,2022-10-23,Tottenham,Newcastle,A,2.25,3.52,3.41,0.4444444444444444,0.2840909090909091,0.29325513196480935,1.021790485500163,0.021790485500162937,0.43496631721608797,0.2780324470841472,0.28700123569976477,H
2022-23,2022-10-24,West Ham,Bournemouth,H,1.62,4.08,6.12,0.6172839506172839,0.24509803921568626,0.16339869281045752,1.0257806826434277,0.0257806826434277,0.6017699115044247,0.23893805309734514,0.1592920353982301,H
2022-23,2022-10-29,Leicester,Man City,A,7.75,5.2,1.42,0.12903225806451613,0.1923076923076923,0.7042253521126761,1.0255653024848845,0.025565302484884533,0.12581574059874934,0.18751384416159755,0.6866704152396531,A
2022-23,2022-10-29,Bournemouth,Tottenham,A,5.18,3.79,1.75,0.19305019305019305,0.2638522427440633,0.5714285714285714,1.0283310072228278,0.028331007222827775,0.18773156862356602,0.2565829882506786,0.5556854431257554,A
2022-23,2022-10-29,Brentford,Wolves,D,2.2,3.55,3.49,0.45454545454545453,0.28169014084507044,0.28653295128939826,1.0227685466799232,0.02276854667992323,0.4444265088332885,0.27541924491077036,0.28015424625594115,H
2022-23,2022-10-29,Brighton,Chelsea,H,3.17,3.37,2.44,0.31545741324921134,0.29673590504451036,0.4098360655737705,1.0220293838674923,0.022029383867492314,0.3086578705354629,0.2903398960229725,0.4010022334415645,A
2022-23,2022-10-29,Crystal Palace,Southampton,H,2.08,3.47,3.94,0.4807692307692307,0.2881844380403458,0.25380710659898476,1.0227607754085613,0.02276077540856125,0.470070071446745,0.2817711091092881,0.24815881944396692,H
2022-23,2022-10-29,Newcastle,Aston Villa,H,1.78,3.89,4.92,0.5617977528089888,0.2570694087403599,0.2032520325203252,1.0221191940696739,0.022119194069673886,0.5496401555401114,0.25150629225228743,0.19885355220760123,H
2022-23,2022-10-29,Fulham,Everton,D,2.33,3.49,3.27,0.4291845493562232,0.28653295128939826,0.3058103975535168,1.0215278981991383,0.02152789819913825,0.4201398220379854,0.2804944943691994,0.29936568359281523,H
2022-23,2022-10-29,Liverpool,Leeds,A,1.23,7.5,12.0,0.8130081300813008,0.13333333333333333,0.08333333333333333,1.0296747967479674,0.029674796747967358,0.7895775759968418,0.12949072246348206,0.08093170153967628,H
2022-23,2022-10-30,Arsenal,Nott'm Forest,H,1.22,7.25,13.5,0.819672131147541,0.13793103448275862,0.07407407407407407,1.0316772397043739,0.03167723970437386,0.7945044240603943,0.1336959168763698,0.07179965906323564,H
2022-23,2022-10-30,Man United,West Ham,H,1.73,3.97,5.12,0.5780346820809249,0.2518891687657431,0.1953125,1.025236350846668,0.025236350846667976,0.5638062692603205,0.24568887804039152,0.19050485269928796,H
2022-23,2022-11-05,Leeds,Bournemouth,H,1.65,4.22,5.52,0.6060606060606061,0.23696682464454977,0.1811594202898551,1.024186850995011,0.024186850995010944,0.5917480833422244,0.23137069609352376,0.17688122056425187,H
2022-23,2022-11-05,Man City,Fulham,H,1.18,8.5,16.0,0.8474576271186441,0.11764705882352941,0.0625,1.0276046859421735,0.027604685942173468,0.8246922563822692,0.11448668970953854,0.06082105390819235,H
2022-23,2022-11-05,Nott'm Forest,Brentford,D,2.7,3.24,2.92,0.37037037037037035,0.30864197530864196,0.3424657534246575,1.0214780991036698,0.021478099103669823,0.36258278145695366,0.3021523178807947,0.3352649006622517,H
2022-23,2022-11-05,Wolves,Brighton,A,3.64,3.33,2.24,0.2747252747252747,0.3003003003003003,0.4464285714285714,1.0214541464541464,0.02145414645414645,0.26895507319535583,0.2939929328621908,0.43705199394245325,A
2022-23,2022-11-05,Everton,Leicester,A,2.56,3.4,2.96,0.390625,0.29411764705882354,0.33783783783783783,1.0225804848966615,0.022580484896661535,0.3819992712255556,0.2876229806874772,0.330377748086967,H
2022-23,2022-11-06,Chelsea,Arsenal,A,2.71,3.48,2.69,0.36900369003690037,0.28735632183908044,0.3717472118959108,1.0281072237718916,0.028107223771891565,0.3589155698012798,0.27950034314984723,0.361584087048873,A
2022-23,2022-11-06,Aston Villa,Man United,H,3.18,3.57,2.34,0.31446540880503143,0.2801120448179272,0.4273504273504274,1.021927880973386,0.02192788097338605,0.30771780930911014,0.2741015780400477,0.41818061265084205,A
2022-23,2022-11-06,Southampton,Newcastle,A,4.49,3.8,1.85,0.22271714922048996,0.2631578947368421,0.5405405405405405,1.0264155844978724,0.026415584497872402,0.21698535426022814,0.2563853264811643,0.5266293192586077,A
2022-23,2022-11-06,West Ham,Crystal Palace,A,1.89,3.59,4.6,0.5291005291005292,0.2785515320334262,0.2173913043478261,1.0250433654817814,0.025043365481781432,0.5161737999756197,0.27174609525178867,0.2120801047725916,H
2022-23,2022-11-06,Tottenham,Liverpool,A,3.59,3.89,2.05,0.2785515320334262,0.2570694087403599,0.48780487804878053,1.0234258188225667,0.02342581882256667,0.2721755958374148,0.25118518998877093,0.4766392141738142,A
2022-23,2022-11-12,Man City,Brentford,A,1.15,9.0,19.5,0.8695652173913044,0.1111111111111111,0.05128205128205128,1.031958379784467,0.03195837978446692,0.8426359380626575,0.10767014764133954,0.049693914296002874,H
2022-23,2022-11-12,Bournemouth,Everton,H,2.88,3.26,2.73,0.3472222222222222,0.3067484662576687,0.3663003663003663,1.0202710547802571,0.020271054780257147,0.3403235057932775,0.30065389468853965,0.3590225995181829,A
2022-23,2022-11-12,Liverpool,Southampton,H,1.28,6.66,9.77,0.78125,0.15015015015015015,0.1023541453428864,1.0337542954930365,0.033754295493036546,0.7557405114601167,0.14524742562596837,0.09901206291391498,H
2022-23,2022-11-12,Nott'm Forest,Crystal Palace,H,3.34,3.2,2.44,0.29940119760479045,0.3125,0.4098360655737705,1.021737263178561,0.02173726317856106,0.2930314948809559,0.30585162278199773,0.40111688233704623,A
2022-23,2022-11-12,Tottenham,Leeds,H,1.65,4.42,5.24,0.6060606060606061,0.22624434389140272,0.19083969465648853,1.0231446446084973,0.0231446446084973,0.5923508560146088,0.22112645077468426,0.18652269321070694,H
2022-23,2022-11-12,West Ham,Leicester,A,1.99,3.68,4.03,0.5025125628140703,0.2717391304347826,0.24813895781637715,1.02239065106523,0.022390651065230083,0.4915073922971634,0.2657879648563465,0.2427046428464901,H
2022-23,2022-11-12,Newcastle,Chelsea,H,2.17,3.46,3.67,0.4608294930875576,0.28901734104046245,0.2724795640326976,1.0223263981607176,0.022326398160717575,0.4507655225538954,0.28270554449189395,0.26652893295421065,H
2022-23,2022-11-12,Wolves,Arsenal,A,6.54,4.22,1.57,0.1529051987767584,0.23696682464454977,0.6369426751592356,1.0268146985805437,0.02681469858054375,0.14891216398453655,0.2307785669333813,0.6203092690820822,A
2022-23,2022-11-13,Brighton,Aston Villa,A,1.76,3.85,5.05,0.5681818181818182,0.2597402597402597,0.19801980198019803,1.025941879902276,0.02594187990227592,0.5538148206172646,0.25317248942503523,0.19301268995770016,H
2022-23,2022-11-13,Fulham,Man United,A,4.29,3.9,1.87,0.2331002331002331,0.25641025641025644,0.53475935828877,1.0242698477992596,0.02426984779925956,0.22757697456492637,0.25033467202141907,0.5220883534136546,A
2022-23,2022-12-26,Brentford,Tottenham,D,3.36,3.68,2.2,0.2976190476190476,0.2717391304347826,0.45454545454545453,1.0239036325992847,0.02390363259928474,0.2906709558823529,0.2653952205882353,0.44393382352941174,A
2022-23,2022-12-26,Crystal Palace,Fulham,A,2.29,3.55,3.3,0.4366812227074236,0.28169014084507044,0.30303030303030304,1.021401666582797,0.021401666582796963,0.4275313395252085,0.2757878218345711,0.29668083864022043,H
2022-23,2022-12-26,Everton,Wolves,A,2.57,3.25,3.07,0.38910505836575876,0.3076923076923077,0.32573289902280134,1.0225302650808676,0.02253026508086764,0.38053158097475587,0.300912665570807,0.3185557534544373,H
2022-23,2022-12-26,Leicester,Newcastle,A,3.47,3.51,2.23,0.2881844380403458,0.2849002849002849,0.4484304932735426,1.0215152162141734,0.021515216214173405,0.2821146797092099,0.27889969760426164,0.4389856226865284,A
2022-23,2022-12-26,Southampton,Brighton,A,3.83,3.52,2.08,0.2610966057441253,0.2840909090909091,0.4807692307692307,1.0259567456042653,0.025956745604265308,0.2544908514543128,0.2769033980312552,0.4686057505144318,A
2022-23,2022-12-26,Aston Villa,Liverpool,A,4.89,4.13,1.73,0.20449897750511248,0.24213075060532688,0.5780346820809249,1.0246644101913642,0.024664410191364228,0.1995765398613978,0.236302489085287,0.5641209710533153,A
2022-23,2022-12-26,Arsenal,West Ham,H,1.57,4.3,6.43,0.6369426751592356,0.23255813953488372,0.15552099533437014,1.0250218100284894,0.025021810028489355,0.6213942658854571,0.22688116219538784,0.15172457191915517,H
2022-23,2022-12-27,Chelsea,Bournemouth,H,1.37,5.35,9.25,0.7299270072992701,0.1869158878504673,0.10810810810810811,1.0249510032578455,0.024951003257845494,0.7121579519207938,0.18236568114607243,0.10547636693313378,H
2022-23,2022-12-27,Man United,Nott'm Forest,H,1.36,5.5,9.2,0.7352941176470588,0.18181818181818182,0.10869565217391305,1.0258079516391536,0.025807951639153615,0.716795104261106,0.1772438803263826,0.10596101541251135,H
2022-23,2022-12-28,Leeds,Man City,A,10.34,6.03,1.3,0.09671179883945842,0.16583747927031509,0.7692307692307692,1.0317800473405427,0.03178004734054274,0.0937329609045428,0.16072948851624752,0.7455375505792096,A
2022-23,2022-12-30,West Ham,Brentford,A,2.15,3.65,3.53,0.46511627906976744,0.273972602739726,0.28328611898017,1.0223750007896633,0.022375000789663257,0.4549370619494025,0.2679766255318398,0.27708631251875787,H
2022-23,2022-12-30,Liverpool,Leicester,H,1.26,6.43,12.34,0.7936507936507936,0.15552099533437014,0.08103727714748785,1.0302090661326515,0.030209066132651508,0.7703783821570463,0.15096061609920347,0.07866100174375028,H
2022-23,2022-12-31,Wolves,Man United,A,4.12,3.69,1.96,0.24271844660194175,0.2710027100271003,0.5102040816326531,1.023925238261695,0.023925238261695014,0.23704703969793908,0.26467040746761766,0.4982825528344434,A
2022-23,2022-12-31,Bournemouth,Crystal Palace,A,3.01,3.22,2.65,0.33222591362126247,0.3105590062111801,0.37735849056603776,1.0201434103984803,0.020143410398480333,0.325665891907777,0.304426812000748,0.369907296091475,A
2022-23,2022-12-31,Fulham,Southampton,H,1.84,3.9,4.47,0.5434782608695652,0.25641025641025644,0.2237136465324385,1.02360216381226,0.023602163812260102,0.5309467682692834,0.25049796246550815,0.21855526926520844,H
2022-23,2022-12-31,Man City,Everton,D,1.15,9.75,20.0,0.8695652173913044,0.10256410256410256,0.05,1.022129319955407,0.0221293199554069,0.8507389431204669,0.10034356765010634,0.04891748922942685,H
2022-23,2022-12-31,Newcastle,Leeds,D,1.46,4.87,6.94,0.684931506849315,0.2053388090349076,0.1440922190201729,1.0343625349043957,0.03436253490439567,0.662177412402724,0.19851725299958461,0.13930533459769123,H
2022-23,2022-12-31,Brighton,Arsenal,A,4.47,3.77,1.87,0.2237136465324385,0.26525198938992045,0.53475935828877,1.023724994211129,0.023724994211129058,0.21852904617692734,0.2591047311434656,0.522366222679607,A
2022-23,2023-01-01,Tottenham,Aston Villa,A,1.68,4.26,5.1,0.5952380952380952,0.2347417840375587,0.19607843137254904,1.0260583106482029,0.026058310648202854,0.5801211189080073,0.22878015956935502,0.19109872152263774,H
2022-23,2023-01-01,Nott'm Forest,Chelsea,D,5.8,4.2,1.63,0.1724137931034483,0.23809523809523808,0.6134969325153374,1.0240059637140237,0.024005963714023748,0.16837186424003936,0.2325135268076734,0.5991146089522873,A
2022-23,2023-01-02,Brentford,Liverpool,H,6.24,4.65,1.54,0.16025641025641024,0.2150537634408602,0.6493506493506493,1.0246608230479197,0.024660823047919722,0.15639947058746445,0.2098779992399523,0.6337225301725833,A
2022-23,2023-01-03,Arsenal,Newcastle,D,1.78,3.91,4.88,0.5617977528089888,0.2557544757033248,0.20491803278688525,1.022470261299199,0.022470261299198935,0.5494514354824775,0.25013390157514326,0.2004146629423791,H
2022-23,2023-01-03,Everton,Brighton,A,3.23,3.39,2.43,0.30959752321981426,0.2949852507374631,0.4115226337448559,1.0161054077021332,0.0161054077021332,0.3046903607372311,0.29030969474373347,0.40499994451903554,A
2022-23,2023-01-03,Leicester,Fulham,A,2.36,3.67,3.06,0.42372881355932207,0.2724795640326976,0.32679738562091504,1.0230057632129346,0.02300576321293457,0.4141998303396895,0.26635193449636707,0.3194482351639435,H
2022-23,2023-01-03,Man United,Bournemouth,H,1.29,6.05,11.5,0.7751937984496123,0.1652892561983471,0.08695652173913043,1.0274395763870898,0.027439576387089826,0.7544908880924367,0.1608749166345857,0.08463419527297769,H
2022-23,2023-01-04,Southampton,Nott'm Forest,A,2.43,3.37,3.19,0.4115226337448559,0.29673590504451036,0.31347962382445144,1.0217381626138178,0.02173816261381778,0.40276721453967795,0.29042265024671143,0.30681013521361056,H
2022-23,2023-01-04,Leeds,West Ham,D,2.93,3.45,2.56,0.341296928327645,0.2898550724637681,0.390625,1.021777000791413,0.021777000791413093,0.3340229111276677,0.28367742887074393,0.38229966000158844,A
2022-23,2023-01-04,Aston Villa,Wolves,D,1.95,3.58,4.32,0.5128205128205129,0.27932960893854747,0.23148148148148145,1.0236316032405417,0.0236316032405417,0.5009815163942393,0.27288099356669454,0.2261374900390663,H
2022-23,2023-01-04,Crystal Palace,Tottenham,A,3.32,3.47,2.31,0.30120481927710846,0.2881844380403458,0.4329004329004329,1.022289690217887,0.02228969021788707,0.29463744196902814,0.2819009531231047,0.4234616049078673,A
2022-23,2023-01-05,Chelsea,Man City,A,5.44,4.19,1.67,0.1838235294117647,0.2386634844868735,0.5988023952095809,1.0212894091082192,0.021289409108219193,0.17999161429890648,0.23368839660764945,0.586319989093444,A
2022-23,2023-01-12,Fulham,Chelsea,H,4.07,3.48,2.04,0.24570024570024568,0.28735632183908044,0.49019607843137253,1.0232526459706988,0.02325264597069876,0.2401168926049192,0.2808263657764429,0.4790567416186378,A
2022-23,2023-01-13,Aston Villa,Leeds,H,2.05,3.66,3.89,0.48780487804878053,0.27322404371584696,0.2570694087403599,1.0180983305049875,0.018098330504987548,0.4791333640698774,0.26836704818121543,0.2524995877489071,H
2022-23,2023-01-14,Man United,Man City,H,4.18,4.02,1.91,0.23923444976076558,0.24875621890547267,0.5235602094240838,1.011550878090322,0.011550878090321959,0.23650263663693266,0.24591567690108918,0.5175816864619782,A
2022-23,2023-01-14,Brighton,Liverpool,H,2.9,3.81,2.41,0.3448275862068966,0.26246719160104987,0.41493775933609955,1.022232537144046,0.02223253714404594,0.33732793046315046,0.25675879221604625,0.4059132773208034,A
2022-23,2023-01-14,Everton,Southampton,A,2.42,3.26,3.31,0.4132231404958678,0.3067484662576687,0.3021148036253776,1.022086410378914,0.022086410378914012,0.404293742974897,0.3001198950917947,0.2955863619333084,H
2022-23,2023-01-14,Nott'm Forest,Leicester,H,2.8,3.2,2.84,0.35714285714285715,0.3125,0.35211267605633806,1.0217555331991952,0.02175553319919521,0.3495384615384615,0.3058461538461538,0.34461538461538466,H
2022-23,2023-01-14,Wolves,West Ham,H,2.54,3.17,3.19,0.39370078740157477,0.31545741324921134,0.31347962382445144,1.0226378244752377,0.022637824475237656,0.38498555204879176,0.30847422782458395,0.3065402201266242,H
2022-23,2023-01-14,Brentford,Bournemouth,H,1.61,4.15,6.25,0.6211180124223602,0.24096385542168672,0.16,1.0220818678440469,0.022081867844046865,0.607698885934187,0.2357578810491665,0.15654323301664658,H
2022-23,2023-01-15,Chelsea,Crystal Palace,H,1.88,3.5,4.8,0.5319148936170213,0.2857142857142857,0.20833333333333334,1.0259625126646403,0.025962512664640336,0.5184545117886681,0.27848413776077025,0.20306135045056167,H
2022-23,2023-01-15,Newcastle,Fulham,H,1.47,4.74,7.33,0.6802721088435374,0.21097046413502107,0.1364256480218281,1.0276682210003867,0.027668221000386684,0.6619569379904776,0.2052904427945152,0.1327526192150071,H
2022-23,2023-01-15,Tottenham,Arsenal,A,3.4,3.59,2.22,0.29411764705882354,0.2785515320334262,0.4504504504504504,1.0231196295427,0.023119629542700082,0.28747141445256424,0.2722570498993645,0.4402715356480713,A
2022-23,2023-01-18,Crystal Palace,Man United,D,5.4,3.98,1.7,0.18518518518518517,0.25125628140703515,0.5882352941176471,1.0246767607098675,0.024676760709867462,0.18072546610395854,0.2452054062717025,0.5740691276243389,A
2022-23,2023-01-19,Man City,Tottenham,H,1.51,4.75,6.55,0.6622516556291391,0.21052631578947367,0.15267175572519084,1.0254497271438037,0.02544972714380367,0.6458158192442216,0.20530144990711044,0.14888273084866788,H
2022-23,2023-01-21,Liverpool,Chelsea,D,2.07,3.57,3.84,0.48309178743961356,0.2801120448179272,0.2604166666666667,1.0236204989242075,0.023620498924207478,0.4719442292796282,0.2736483346243222,0.25440743609604954,H
2022-23,2023-01-21,Bournemouth,Nott'm Forest,D,2.93,3.22,2.71,0.341296928327645,0.3105590062111801,0.36900369003690037,1.0208596245757255,0.020859624575725544,0.3343230745064384,0.30421323239250453,0.361463693101057,A
2022-23,2023-01-21,Leicester,Brighton,D,4.35,4.06,1.83,0.2298850574712644,0.24630541871921185,0.5464480874316939,1.0226385636221702,0.022638563622170205,0.22479599894709135,0.24085285601474074,0.5343511450381678,A
2022-23,2023-01-21,Southampton,Aston Villa,A,2.66,3.26,2.95,0.37593984962406013,0.3067484662576687,0.3389830508474576,1.0216713667291866,0.02167136672918657,0.36796553360167733,0.3002418157608779,0.3317926506374447,H
2022-23,2023-01-21,West Ham,Everton,H,1.88,3.55,4.75,0.5319148936170213,0.28169014084507044,0.21052631578947367,1.0241313502515654,0.02413135025156543,0.5193815163322193,0.27505274667734436,0.2055657369904363,H
2022-23,2023-01-21,Crystal Palace,Newcastle,D,4.66,3.64,1.87,0.2145922746781116,0.2747252747252747,0.53475935828877,1.0240769076921563,0.024076907692156313,0.20954703017541268,0.26826625291687445,0.5221867169077128,A
2022-23,2023-01-22,Leeds,Brentford,D,2.37,3.61,3.09,0.42194092827004215,0.2770083102493075,0.3236245954692557,1.0225738339886052,0.02257383398860524,0.4126263691143342,0.270893211856225,0.3164804190294409,H
2022-23,2023-01-22,Man City,Wolves,H,1.27,6.25,12.25,0.7874015748031495,0.16,0.08163265306122448,1.029034227864374,0.02903422786437404,0.7651850186142968,0.15548559578242513,0.07932938560327811,H
2022-23,2023-01-22,Arsenal,Man United,H,1.86,3.9,4.34,0.5376344086021505,0.25641025641025644,0.2304147465437788,1.0244594115561858,0.024459411556185806,0.5247981545559399,0.25028835063437144,0.22491349480968856,H
2022-23,2023-01-23,Fulham,Tottenham,A,3.33,3.86,2.16,0.3003003003003003,0.2590673575129534,0.4629629629629629,1.0223306207762166,0.022330620776216614,0.2937408840129368,0.25340858646711906,0.45285052951994414,A
2022-23,2023-02-03,Chelsea,Fulham,D,1.61,4.18,6.09,0.6211180124223602,0.23923444976076558,0.16420361247947454,1.0245560746626003,0.024556074662600347,0.6062313501258606,0.2335005917948889,0.16026805807925049,H
2022-23,2023-02-04,Everton,Arsenal,H,8.0,4.28,1.5,0.125,0.2336448598130841,0.6666666666666666,1.0253115264797508,0.025311526479750768,0.12191416635017091,0.2278769464489176,0.6502088872009115,A
2022-23,2023-02-04,Aston Villa,Leicester,A,2.13,3.5,3.73,0.4694835680751174,0.2857142857142857,0.2680965147453083,1.0232943685347113,0.02329436853471134,0.45879620030293555,0.27921025904150076,0.26199354065556374,H
2022-23,2023-02-04,Brentford,Southampton,H,1.82,3.7,4.89,0.5494505494505494,0.27027027027027023,0.20449897750511248,1.0242197972259321,0.02421979722593215,0.5364576538539084,0.2638791702740847,0.19966317587200685,H
2022-23,2023-02-04,Brighton,Bournemouth,H,1.39,5.25,8.25,0.7194244604316548,0.19047619047619047,0.12121212121212122,1.0311127721199664,0.031112772119966436,0.6977165639724539,0.18472876646127823,0.11755466956626796,H
2022-23,2023-02-04,Man United,Crystal Palace,H,1.39,5.11,9.13,0.7194244604316548,0.19569471624266144,0.10952902519167579,1.024648201865992,0.024648201865991926,0.7021185018638664,0.1909872245774509,0.1068942735586828,H
2022-23,2023-02-04,Wolves,Liverpool,H,3.98,3.79,1.97,0.25125628140703515,0.2638522427440633,0.5076142131979695,1.022722737349068,0.022722737349067934,0.2456738979503868,0.2579900036523851,0.49633609839722814,A
2022-23,2023-02-04,Newcastle,West Ham,D,1.67,3.93,5.81,0.5988023952095809,0.2544529262086514,0.17211703958691912,1.0253723610051515,0.0253723610051515,0.5839853091247624,0.24815660718533158,0.1678580836899059,H
2022-23,2023-02-05,Nott'm Forest,Leeds,H,2.85,3.46,2.62,0.3508771929824561,0.28901734104046245,0.38167938931297707,1.0215739233358956,0.021573923335895584,0.3434672567176394,0.2829137808223331,0.37361896246002757,A
2022-23,2023-02-05,Tottenham,Man City,H,4.03,3.91,1.93,0.24813895781637715,0.2557544757033248,0.5181347150259068,1.0220281485456089,0.02202814854560886,0.2427907276032366,0.250242105432492,0.5069671669642714,A
2022-23,2023-02-08,Man United,Leeds,D,1.56,4.49,6.11,0.641025641025641,0.22271714922048996,0.1636661211129296,1.0274089113590605,0.02740891135906054,0.6239245483842356,0.21677556692191705,0.15929988469384737,H
2022-23,2023-02-11,West Ham,Chelsea,D,3.51,3.38,2.27,0.2849002849002849,0.2958579881656805,0.44052863436123346,1.0212869074271989,0.021286907427198853,0.27896204565864724,0.2896913551070568,0.43134659923429597,A
2022-23,2023-02-11,Arsenal,Brentford,D,1.58,4.25,6.35,0.6329113924050632,0.23529411764705882,0.15748031496062992,1.0256858250127519,0.02568582501275185,0.6170616547198501,0.2294017445782031,0.15353660070194697,H
2022-23,2023-02-11,Crystal Palace,Brighton,D,5.15,3.79,1.76,0.1941747572815534,0.2638522427440633,0.5681818181818182,1.026208818207435,0.026208818207434925,0.1892156389970754,0.2571135991648914,0.5536707618380332,A
2022-23,2023-02-11,Fulham,Nott'm Forest,H,1.97,3.52,4.33,0.5076142131979695,0.2840909090909091,0.23094688221709006,1.0226520045059688,0.022652004505968826,0.49637042802570164,0.27779822250302055,0.22583134947127767,H
2022-23,2023-02-11,Leicester,Tottenham,H,3.57,3.76,2.1,0.2801120448179272,0.26595744680851063,0.47619047619047616,1.022259967816914,0.022259967816913973,0.2740125346159452,0.26016615653694797,0.4658213088471068,A
2022-23,2023-02-11,Southampton,Wolves,A,3.26,3.18,2.5,0.3067484662576687,0.31446540880503143,0.4,1.0212138750627,0.021213875062700005,0.3003763205223148,0.30793295751658684,0.3916907219610985,A
2022-23,2023-02-11,Bournemouth,Newcastle,D,6.1,4.05,1.63,0.1639344262295082,0.2469135802469136,0.6134969325153374,1.0243449389917592,0.024344938991759157,0.16003830349458784,0.24104534600419403,0.5989163505012183,A
2022-23,2023-02-12,Leeds,Man United,A,3.81,3.9,1.98,0.26246719160104987,0.25641025641025644,0.5050505050505051,1.0239279530618113,0.02392795306181128,0.2563336520076482,0.25041826003824097,0.49324808795411096,A
2022-23,2023-02-12,Man City,Aston Villa,H,1.37,5.25,9.0,0.7299270072992701,0.19047619047619047,0.1111111111111111,1.0315143088865717,0.031514308886571696,0.7076266427047062,0.18465685723913286,0.10771650005616083,H
2022-23,2023-02-13,Liverpool,Everton,H,1.62,4.3,5.75,0.6172839506172839,0.23255813953488372,0.17391304347826086,1.0237551336304285,0.02375513363042847,0.6029605423596547,0.22716187874945132,0.16987757889089403,H
2022-23,2023-02-15,Arsenal,Man City,A,3.36,3.52,2.27,0.2976190476190476,0.2840909090909091,0.44052863436123346,1.0222385910711902,0.022238591071190195,0.2911444062263161,0.27791056957966537,0.43094502419401853,A
2022-23,2023-02-18,Aston Villa,Arsenal,A,4.24,3.63,1.95,0.23584905660377356,0.27548209366391185,0.5128205128205129,1.0241516630881984,0.024151663088198383,0.23028723684595784,0.26898564303770284,0.5007271201163392,A
2022-23,2023-02-18,Brentford,Crystal Palace,D,1.83,3.62,4.96,0.5464480874316939,0.27624309392265195,0.20161290322580647,1.0243040845801523,0.02430408458015232,0.5334822887635708,0.2696885603418052,0.19682915089462397,H
2022-23,2023-02-18,Brighton,Fulham,A,1.56,4.42,6.39,0.641025641025641,0.22624434389140272,0.1564945226917058,1.0237645076087494,0.023764507608749375,0.626145599169981,0.2209925644129345,0.1528618364170846,H
2022-23,2023-02-18,Chelsea,Southampton,A,1.43,4.68,8.24,0.6993006993006994,0.2136752136752137,0.12135922330097088,1.034335136276884,0.034335136276884004,0.6760871547087246,0.20658218616099916,0.11733065913027621,H
2022-23,2023-02-18,Everton,Leeds,H,2.82,3.28,2.78,0.3546099290780142,0.3048780487804878,0.3597122302158274,1.0192002080743294,0.019200208074329428,0.3479296082052534,0.29913460217646787,0.35293578961827865,A
2022-23,2023-02-18,Nott'm Forest,Man City,D,10.5,5.4,1.33,0.09523809523809523,0.18518518518518517,0.7518796992481203,1.0323029796714007,0.03230297967140072,0.09225789047747504,0.17939034259509035,0.7283517669274345,A
2022-23,2023-02-18,Wolves,Bournemouth,A,1.83,3.62,4.98,0.5464480874316939,0.27624309392265195,0.2008032128514056,1.0234943942057515,0.0234943942057515,0.5339043286658611,0.26990191200511765,0.19619375932902122,H
2022-23,2023-02-18,Newcastle,Liverpool,A,2.56,3.52,2.88,0.390625,0.2840909090909091,0.3472222222222222,1.0219381313131315,0.021938131313131493,0.3822393822393822,0.277992277992278,0.3397683397683397,H
2022-23,2023-02-19,Man United,Leicester,H,1.58,4.53,5.87,0.6329113924050632,0.22075055187637968,0.17035775127768313,1.024019695559126,0.024019695559126086,0.6180656438053046,0.21557256450604442,0.16636179168865098,H
2022-23,2023-02-19,Tottenham,West Ham,H,1.88,3.53,4.72,0.5319148936170213,0.28328611898017,0.21186440677966104,1.0270654193768523,0.02706541937685225,0.5178977731912618,0.2758209103681508,0.20628131644058736,H
2022-23,2023-02-24,Fulham,Wolves,D,2.68,3.15,3.02,0.3731343283582089,0.31746031746031744,0.33112582781456956,1.021720473633096,0.021720473633096038,0.36520196862787246,0.31071151616593595,0.3240865152061915,H
2022-23,2023-02-25,Everton,Aston Villa,A,2.61,3.15,3.12,0.3831417624521073,0.31746031746031744,0.3205128205128205,1.0211149004252453,0.02111490042524533,0.37521904958251723,0.3108957839398,0.31388516647768266,H
2022-23,2023-02-25,Leeds,Southampton,H,1.96,3.78,4.03,0.5102040816326531,0.2645502645502646,0.24813895781637715,1.0228933039992947,0.02289330399929468,0.49878523951409587,0.25862938345175346,0.2425853770341508,H
2022-23,2023-02-25,Leicester,Arsenal,A,6.02,4.31,1.6,0.16611295681063123,0.2320185614849188,0.625,1.02313151829555,0.023131518295550046,0.16235738401194136,0.22677295864312924,0.6108696573449294,A
2022-23,2023-02-25,West Ham,Nott'm Forest,H,1.71,3.84,5.6,0.5847953216374269,0.2604166666666667,0.17857142857142858,1.0237834168755222,0.023783416875522212,0.571209996174933,0.2543669514216499,0.17442305240341704,H
2022-23,2023-02-25,Bournemouth,Man City,A,10.1,5.11,1.36,0.09900990099009901,0.19569471624266144,0.7352941176470588,1.0299987348798192,0.02999873487981919,0.09612623553528106,0.18999510350417587,0.7138786609605431,A
2022-23,2023-02-25,Crystal Palace,Liverpool,D,5.08,4.12,1.71,0.19685039370078738,0.24271844660194175,0.5847953216374269,1.024364161940156,0.024364161940156004,0.19216837235690748,0.23694546882841994,0.5708861588146725,A
2022-23,2023-02-26,Tottenham,Chelsea,H,3.04,3.33,2.54,0.32894736842105265,0.3003003003003003,0.39370078740157477,1.0229484561229278,0.02294845612292784,0.32156788199064745,0.2935634718473178,0.3848686461620347,A
2022-23,2023-03-01,Arsenal,Everton,H,1.34,5.21,10.65,0.7462686567164178,0.19193857965451055,0.09389671361502347,1.032103949985952,0.032103949985951896,0.7230557122919405,0.18596826381405,0.09097602389400943,H
2022-23,2023-03-01,Liverpool,Wolves,H,1.53,4.44,6.43,0.6535947712418301,0.2252252252252252,0.15552099533437014,1.0343409918014255,0.03434099180142547,0.6318948745360257,0.21774755811714394,0.15035756734683037,H
2022-23,2023-03-04,Man City,Newcastle,H,1.51,4.55,6.65,0.6622516556291391,0.21978021978021978,0.15037593984962405,1.032407815258983,0.032407815258983064,0.6414632336573421,0.21288120501595306,0.14565556132670474,H
2022-23,2023-03-04,Arsenal,Bournemouth,H,1.23,6.75,14.0,0.8130081300813008,0.14814814814814814,0.07142857142857142,1.0325848496580203,0.03258484965802033,0.7873523714303569,0.14347309879397613,0.06917452977566706,H
2022-23,2023-03-04,Aston Villa,Crystal Palace,H,2.15,3.38,3.82,0.46511627906976744,0.2958579881656805,0.2617801047120419,1.0227543719474899,0.02275437194748986,0.45476831175418075,0.28927570126375407,0.2559559869820651,H
2022-23,2023-03-04,Brighton,West Ham,H,1.68,4.0,5.54,0.5952380952380952,0.25,0.18050541516245489,1.0257435104005501,0.025743510400550118,0.5802991578329911,0.2437256462898563,0.17597519587715257,H
2022-23,2023-03-04,Chelsea,Leeds,H,1.6,4.2,6.11,0.625,0.23809523809523808,0.1636661211129296,1.0267613592081677,0.02676135920816769,0.608710090611509,0.23188955832819394,0.15940035106029696,H
2022-23,2023-03-04,Wolves,Tottenham,H,3.35,3.34,2.37,0.29850746268656714,0.29940119760479045,0.42194092827004215,1.0198495885613998,0.019849588561399845,0.2926975370041006,0.29357387693525067,0.41372858606064855,A
2022-23,2023-03-04,Southampton,Leicester,H,2.98,3.36,2.57,0.33557046979865773,0.2976190476190476,0.38910505836575876,1.022294575783464,0.022294575783464055,0.3282522256772065,0.291128462058951,0.38061931226384255,A
2022-23,2023-03-05,Nott'm Forest,Everton,D,3.1,3.1,2.66,0.3225806451612903,0.3225806451612903,0.37593984962406013,1.0211011399466408,0.021101139946640757,0.3159144893111639,0.3159144893111639,0.3681710213776722,A
2022-23,2023-03-05,Liverpool,Man United,H,2.43,3.66,2.97,0.4115226337448559,0.27322404371584696,0.33670033670033667,1.0214470141610397,0.021447014161039668,0.4028820174121885,0.2674872410687481,0.3296307415190633,H
2022-23,2023-03-06,Brentford,Fulham,H,2.08,3.6,3.8,0.4807692307692307,0.2777777777777778,0.2631578947368421,1.0217049032838506,0.021704903283850552,0.4705558613098514,0.2718767198679142,0.25756741882223444,H
2022-23,2023-03-11,Bournemouth,Liverpool,H,6.98,5.15,1.45,0.14326647564469913,0.1941747572815534,0.6896551724137931,1.0270964053400458,0.02709640534004576,0.13948688253588737,0.18905212429135804,0.6714609931727545,A
2022-23,2023-03-11,Everton,Brentford,H,2.7,3.15,2.99,0.37037037037037035,0.31746031746031744,0.33444816053511706,1.0222788483658047,0.022278848365804738,0.3622987709884023,0.31054180370434487,0.32715942530725295,H
2022-23,2023-03-11,Leeds,Brighton,D,4.47,3.8,1.85,0.2237136465324385,0.2631578947368421,0.5405405405405405,1.0274120818098211,0.02741208180982113,0.21774480804076135,0.256136655774264,0.5261185361849746,A
2022-23,2023-03-11,Leicester,Chelsea,A,4.1,3.75,1.95,0.24390243902439027,0.26666666666666666,0.5128205128205129,1.0233896185115698,0.023389618511569843,0.2383280371547299,0.2605719872891713,0.5010999755560988,A
2022-23,2023-03-11,Tottenham,Nott'm Forest,H,1.47,4.63,7.65,0.6802721088435374,0.2159827213822894,0.13071895424836602,1.0269737844741929,0.026973784474192852,0.6624045512435689,0.21030986832139228,0.12728558043503874,H
2022-23,2023-03-11,Crystal Palace,Man City,A,10.05,5.17,1.35,0.09950248756218905,0.19342359767891684,0.7407407407407407,1.0336668259818467,0.03366682598184667,0.09626166290833107,0.18712373544075966,0.7166146016509092,A
2022-23,2023-03-12,Fulham,Arsenal,A,7.83,4.9,1.43,0.1277139208173691,0.2040816326530612,0.6993006993006994,1.0310962527711296,0.031096252771129596,0.12386226841008363,0.19792684931652138,0.6782108822733951,A
2022-23,2023-03-12,Man United,Southampton,D,1.28,6.28,10.69,0.78125,0.1592356687898089,0.09354536950420955,1.0340310382940183,0.03403103829401832,0.7555382489184603,0.15399505710439956,0.09046669397714026,H
2022-23,2023-03-12,West Ham,Aston Villa,D,2.42,3.28,3.29,0.4132231404958678,0.3048780487804878,0.303951367781155,1.0220525570575105,0.022052557057510525,0.40430713434692367,0.2982997759510839,0.29739308970199246,H
2022-23,2023-03-12,Newcastle,Wolves,H,1.66,3.96,5.91,0.6024096385542169,0.25252525252525254,0.1692047377326565,1.0241396288121258,0.024139628812125835,0.5882104564715819,0.24657307013707722,0.16521647339134107,H
2022-23,2023-03-15,Brighton,Crystal Palace,H,1.39,5.23,9.54,0.7194244604316548,0.19120458891013384,0.10482180293501049,1.015450852276799,0.015450852276799099,0.7084778734673303,0.18829526656206289,0.10322685997060682,H
2022-23,2023-03-15,Southampton,Brentford,A,3.31,3.27,2.42,0.3021148036253776,0.3058103975535168,0.4132231404958678,1.0211483416747622,0.021148341674762205,0.29585789967585513,0.299476956552624,0.4046651437715209,A
2022-23,2023-03-17,Nott'm Forest,Newcastle,A,5.48,3.7,1.75,0.18248175182481752,0.27027027027027023,0.5714285714285714,1.0241805935236592,0.0241805935236592,0.1781734129495611,0.2638892710712418,0.557937315979197,A
2022-23,2023-03-18,Aston Villa,Bournemouth,H,1.74,3.95,5.13,0.5747126436781609,0.2531645569620253,0.19493177387914232,1.0228089745193285,0.022808974519328507,0.5618963638329909,0.24751890457453266,0.19058473159247646,H
2022-23,2023-03-18,Brentford,Leicester,D,1.9,3.84,4.21,0.5263157894736842,0.2604166666666667,0.23752969121140144,1.0242621473517524,0.02426214735175236,0.5138487162046189,0.25424806270541045,0.23190322108997058,H
2022-23,2023-03-18,Southampton,Tottenham,D,4.62,3.73,1.85,0.21645021645021645,0.2680965147453083,0.5405405405405405,1.0250872717360653,0.025087271736065286,0.21115296464821098,0.26153530741949993,0.527311727932289,A
2022-23,2023-03-18,Wolves,Leeds,A,2.32,3.34,3.43,0.4310344827586207,0.29940119760479045,0.29154518950437314,1.0219808698677841,0.021980869867784136,0.42176374868385214,0.2929616457923764,0.28527460552377165,H
2022-23,2023-03-18,Chelsea,Everton,D,1.52,4.14,7.71,0.6578947368421053,0.24154589371980678,0.1297016861219196,1.0291423166838316,0.029142316683831604,0.6392650716783428,0.23470601665485047,0.12602891166680688,H
2022-23,2023-03-19,Arsenal,Crystal Palace,H,1.27,6.12,12.21,0.7874015748031495,0.16339869281045752,0.0819000819000819,1.0327003495136888,0.03270034951368883,0.7624685855620621,0.1582246901411469,0.07930672429679107,H
2022-23,2023-04-01,Man City,Liverpool,H,1.67,4.25,5.3,0.5988023952095809,0.23529411764705882,0.18867924528301888,1.0227757581396586,0.022775758139658597,0.5854679194770427,0.23005445306509673,0.18447762745786062,H
2022-23,2023-04-01,Arsenal,Leeds,H,1.27,6.75,10.5,0.7874015748031495,0.14814814814814814,0.09523809523809523,1.0307878181893928,0.0307878181893928,0.7638832754021503,0.14372322366825643,0.09239350092959342,H
2022-23,2023-04-01,Bournemouth,Fulham,H,2.61,3.32,2.97,0.3831417624521073,0.30120481927710846,0.33670033670033667,1.0210469184295525,0.02104691842955253,0.37524403192108774,0.2949960612391684,0.32975990683974377,H
2022-23,2023-04-01,Brighton,Brentford,D,1.64,4.34,5.57,0.6097560975609756,0.2304147465437788,0.17953321364452424,1.0197040577492786,0.019704057749278636,0.5979735913838056,0.22596237093765925,0.1760640376785352,H
2022-23,2023-04-01,Crystal Palace,Leicester,H,2.37,3.39,3.27,0.42194092827004215,0.2949852507374631,0.3058103975535168,1.0227365765610221,0.022736576561022126,0.4125607100988109,0.28842739909562887,0.2990118908055602,H
2022-23,2023-04-01,Nott'm Forest,Wolves,D,3.44,3.16,2.41,0.29069767441860467,0.3164556962025316,0.41493775933609955,1.0220911299572357,0.022091129957235722,0.28441463378198717,0.3096159304462138,0.40596943577179906,A
2022-23,2023-04-01,Chelsea,Aston Villa,A,1.63,4.09,6.06,0.6134969325153374,0.24449877750611249,0.16501650165016502,1.023012211671615,0.023012211671614935,0.59969658770043,0.23899888458476795,0.1613045277148021,H
2022-23,2023-04-02,West Ham,Southampton,H,1.77,3.8,4.94,0.5649717514124294,0.2631578947368421,0.20242914979757085,1.0305587959468423,0.0305587959468423,0.5482188436355566,0.2553545666407724,0.19642658972367108,H
2022-23,2023-04-02,Newcastle,Man United,H,2.32,3.63,3.17,0.4310344827586207,0.27548209366391185,0.31545741324921134,1.021973989671744,0.02197398967174391,0.4217665881076564,0.26955881113216607,0.3086746007601775,H
2022-23,2023-04-03,Everton,Tottenham,D,3.97,3.51,2.06,0.2518891687657431,0.2849002849002849,0.4854368932038835,1.0222263468699115,0.02222634686991154,0.2464123230016869,0.2787056758737029,0.4748820011246102,A
2022-23,2023-04-04,Bournemouth,Brighton,A,5.99,4.37,1.59,0.1669449081803005,0.22883295194508008,0.6289308176100629,1.0247086777354435,0.024708677735443496,0.1629193855850237,0.22331513035567319,0.6137654840593031,A
2022-23,2023-04-04,Leeds,Nott'm Forest,H,1.72,3.94,5.22,0.5813953488372093,0.25380710659898476,0.19157088122605365,1.0267733366622478,0.026773336662247793,0.5662353394636859,0.2471890314409999,0.18657562909531414,H
2022-23,2023-04-04,Leicester,Aston Villa,A,2.74,3.5,2.7,0.36496350364963503,0.2857142857142857,0.37037037037037035,1.021048159734291,0.021048159734291083,0.35744004841516,0.27982449504501095,0.362735456539829,A
2022-23,2023-04-04,Chelsea,Liverpool,D,2.23,3.47,3.5,0.4484304932735426,0.2881844380403458,0.2857142857142857,1.0223292170281741,0.022329217028174142,0.43863609276187243,0.28189005384984883,0.2794738533882787,H
2022-23,2023-04-05,Man United,Brentford,H,1.65,4.31,5.48,0.6060606060606061,0.2320185614849188,0.18248175182481752,1.0205609193703424,0.020560919370342434,0.5938504939367348,0.22734415661151103,0.1788053494517541,H
2022-23,2023-04-05,West Ham,Newcastle,A,3.49,3.33,2.3,0.28653295128939826,0.3003003003003003,0.4347826086956522,1.0216158602853507,0.021615860285350674,0.2804703435294807,0.29394639607143774,0.4255832603990817,A
2022-23,2023-04-08,Man United,Everton,H,1.61,4.2,6.0,0.6211180124223602,0.23809523809523808,0.16666666666666666,1.025879917184265,0.025879917184264967,0.6054490413723511,0.23208879919273462,0.16246215943491424,H
2022-23,2023-04-08,Aston Villa,Nott'm Forest,H,1.6,4.25,6.12,0.625,0.23529411764705882,0.16339869281045752,1.0236928104575165,0.023692810457516478,0.610534716679968,0.22984836392657618,0.15961691939345568,H
2022-23,2023-04-08,Brentford,Newcastle,A,4.28,3.58,1.96,0.2336448598130841,0.27932960893854747,0.5102040816326531,1.0231785503842845,0.023178550384284513,0.22835199166883627,0.2730018224420724,0.4986461858890915,A
2022-23,2023-04-08,Fulham,West Ham,A,2.89,3.29,2.69,0.3460207612456747,0.303951367781155,0.3717472118959108,1.0217193409227405,0.021719340922740527,0.3386651768118382,0.29749007932711624,0.36384474386104554,A
2022-23,2023-04-08,Leicester,Bournemouth,A,2.12,3.51,3.75,0.4716981132075471,0.2849002849002849,0.26666666666666666,1.0232650647744987,0.023265064774498745,0.46097353407789526,0.27842276132340116,0.26060370459870347,H
2022-23,2023-04-08,Tottenham,Brighton,H,2.83,3.51,2.61,0.35335689045936397,0.2849002849002849,0.3831417624521073,1.0213989378117563,0.02139893781175628,0.3459538456309689,0.2789314481867926,0.37511470618223836,A
2022-23,2023-04-08,Wolves,Chelsea,H,5.08,3.7,1.79,0.19685039370078738,0.27027027027027023,0.5586592178770949,1.0257798818481525,0.025779881848152497,0.19190315308789357,0.26347784261797275,0.5446190042941337,A
2022-23,2023-04-08,Southampton,Man City,A,12.0,6.4,1.26,0.08333333333333333,0.15625,0.7936507936507936,1.033234126984127,0.03323412698412698,0.08065290446471435,0.15122419587133942,0.7681228996639462,A
2022-23,2023-04-09,Leeds,Crystal Palace,A,2.09,3.53,3.82,0.47846889952153115,0.28328611898017,0.2617801047120419,1.023535123213743,0.02353512321374307,0.46746700593841106,0.2767722499748666,0.2557607440867223,H
2022-23,2023-04-09,Liverpool,Arsenal,D,2.8,3.71,2.51,0.35714285714285715,0.2695417789757412,0.39840637450199207,1.0250910106205904,0.02509101062059038,0.3484011209176859,0.26294424220202706,0.38865463688028706,A
2022-23,2023-04-15,Aston Villa,Newcastle,H,3.71,3.48,2.15,0.2695417789757412,0.28735632183908044,0.46511627906976744,1.022014379884589,0.022014379884589097,0.2637357989093844,0.2811666132051196,0.455097587885496,A
2022-23,2023-04-15,Chelsea,Brighton,A,3.12,3.42,2.45,0.3205128205128205,0.29239766081871343,0.4081632653061224,1.0210737466376563,0.021073746637656265,0.3138978174380184,0.28636292117152556,0.39973926139045607,A
2022-23,2023-04-15,Everton,Fulham,A,2.26,3.36,3.55,0.4424778761061947,0.2976190476190476,0.28169014084507044,1.0217870645703129,0.021787064570312875,0.43304313731185057,0.29127306259666136,0.27568380009148796,H
2022-23,2023-04-15,Southampton,Crystal Palace,A,2.93,3.17,2.75,0.341296928327645,0.31545741324921134,0.36363636363636365,1.0203907052132202,0.020390705213220173,0.3344767122867195,0.30915355425870283,0.3563697334545775,A
2022-23,2023-04-15,Tottenham,Bournemouth,A,1.52,4.52,6.6,0.6578947368421053,0.22123893805309736,0.15151515151515152,1.0306488264103542,0.030648826410354157,0.6383306515115205,0.21465986511006882,0.14700948337841077,H
2022-23,2023-04-15,Wolves,Brentford,H,2.9,3.19,2.75,0.3448275862068966,0.31347962382445144,0.36363636363636365,1.0219435736677118,0.021943573667711824,0.3374233128834355,0.30674846625766866,0.35582822085889565,A
2022-23,2023-04-15,Man City,Leicester,H,1.13,10.25,19.5,0.8849557522123894,0.0975609756097561,0.05128205128205128,1.0337987791041967,0.03379877910419671,0.8560232127370259,0.0943713395505209,0.049605447712453295,H
2022-23,2023-04-16,West Ham,Arsenal,D,5.72,4.3,1.61,0.17482517482517484,0.23255813953488372,0.6211180124223602,1.0285013267824188,0.02850132678241879,0.1699805049081472,0.22611360187781437,0.6039058932140384,A
2022-23,2023-04-16,Nott'm Forest,Man United,A,5.14,4.06,1.7,0.19455252918287938,0.24630541871921185,0.5882352941176471,1.0290932420197383,0.029093242019738286,0.18905238246540523,0.23934217878625197,0.5716054387483428,A
2022-23,2023-04-17,Leeds,Liverpool,A,4.48,4.44,1.73,0.2232142857142857,0.2252252252252252,0.5780346820809249,1.0264741930204357,0.026474193020435743,0.21745727971734968,0.21941635430939788,0.5631263659732525,A
2022-23,2023-04-21,Arsenal,Southampton,D,1.22,7.26,14.16,0.819672131147541,0.13774104683195593,0.07062146892655367,1.0280346469060506,0.02803464690605062,0.7973195588440597,0.13398482944762435,0.06869561170831588,H
2022-23,2023-04-22,Fulham,Leeds,H,2.39,3.48,3.11,0.41841004184100417,0.28735632183908044,0.3215434083601286,1.0273097720402133,0.027309772040213343,0.40728712334747047,0.27971730597714206,0.3129955706753873,H
2022-23,2023-04-22,Brentford,Aston Villa,D,2.72,3.33,2.83,0.3676470588235294,0.3003003003003003,0.35335689045936397,1.0213042495831937,0.021304249583193657,0.359977997715735,0.2940360822182581,0.34598592006600687,H
2022-23,2023-04-22,Crystal Palace,Everton,D,1.98,3.4,4.48,0.5050505050505051,0.29411764705882354,0.2232142857142857,1.0223824378236142,0.022382437823614154,0.49399372129829033,0.28767869652076905,0.21832758218094078,H
2022-23,2023-04-22,Leicester,Wolves,H,2.45,3.4,3.13,0.4081632653061224,0.29411764705882354,0.3194888178913738,1.0217697302563198,0.021769730256319786,0.3994669769711529,0.28785120399391906,0.31268181903492803,H
2022-23,2023-04-22,Liverpool,Nott'm Forest,H,1.17,8.5,16.5,0.8547008547008548,0.11764705882352941,0.06060606060606061,1.0329539741304448,0.03295397413044476,0.8274336283185841,0.1138938053097345,0.05867256637168142,H
2022-23,2023-04-23,Bournemouth,West Ham,A,3.03,3.34,2.55,0.33003300330033003,0.29940119760479045,0.3921568627450981,1.0215910636502186,0.021591063650218567,0.3230578408948668,0.29307343051240914,0.3838687285927241,A
2022-23,2023-04-23,Newcastle,Tottenham,H,1.93,3.82,4.11,0.5181347150259068,0.2617801047120419,0.24330900243309,1.0232238221710386,0.023223822171038577,0.5063747577011525,0.25583855559246704,0.23778668670638056,H
2022-23,2023-04-25,Wolves,Crystal Palace,H,2.34,3.05,3.82,0.4273504273504274,0.3278688524590164,0.2617801047120419,1.0169993845214857,0.01699938452148575,0.4202071641877173,0.3223884472784454,0.2574043885338373,H
2022-23,2023-04-25,Aston Villa,Fulham,H,1.77,3.84,4.99,0.5649717514124294,0.2604166666666667,0.2004008016032064,1.0257892196823024,0.02578921968230241,0.5507678776224681,0.2538695685916064,0.19536255378592554,H
2022-23,2023-04-25,Leeds,Leicester,D,2.42,3.6,3.02,0.4132231404958678,0.2777777777777778,0.33112582781456956,1.0221267460882153,0.0221267460882153,0.40427778852017665,0.2717645133941187,0.32395769808570446,H
2022-23,2023-04-26,Nott'm Forest,Brighton,H,5.83,4.37,1.59,0.17152658662092624,0.22883295194508008,0.6289308176100629,1.0292903561760691,0.02929035617606912,0.16664548112368122,0.22232108808948775,0.6110334307868311,A
2022-23,2023-04-26,Chelsea,Brentford,A,1.88,3.69,4.55,0.5319148936170213,0.2710027100271003,0.21978021978021978,1.0226978234243413,0.022697823424341346,0.520109539136388,0.2649880578797858,0.21490240298382624,H
2022-23,2023-04-26,West Ham,Liverpool,A,3.64,3.89,2.04,0.2747252747252747,0.2570694087403599,0.49019607843137253,1.0219907618970072,0.021990761897007216,0.2688138532831088,0.25153789870193216,0.4796482480149589,A
2022-23,2023-04-26,Man City,Arsenal,H,1.68,4.17,5.2,0.5952380952380952,0.23980815347721823,0.1923076923076923,1.0273539410230057,0.0273539410230057,0.5793895087854303,0.23342311145312303,0.1871873797614467,H
2022-23,2023-04-27,Everton,Newcastle,A,4.71,3.73,1.84,0.21231422505307856,0.2680965147453083,0.5434782608695652,1.023889000667952,0.023889000667951965,0.20736058783185643,0.26184138570725035,0.5307980264608934,A
2022-23,2023-04-27,Southampton,Bournemouth,A,2.62,3.26,3.0,0.38167938931297707,0.3067484662576687,0.3333333333333333,1.021761188903979,0.021761188903979045,0.3735504866087116,0.30021542175301363,0.3262340916382748,H
2022-23,2023-04-27,Tottenham,Man United,D,2.95,3.91,2.34,0.3389830508474576,0.2557544757033248,0.4273504273504274,1.0220879539012098,0.022087953901209767,0.33165741710739516,0.25022746303499127,0.4181151198576136,A
2022-23,2023-04-29,Crystal Palace,West Ham,H,2.56,3.26,3.08,0.390625,0.3067484662576687,0.3246753246753247,1.0220487909329934,0.02204879093299339,0.38219799628490514,0.30013094186790096,0.3176710618471939,H
2022-23,2023-04-29,Brentford,Nott'm Forest,H,1.77,3.8,5.02,0.5649717514124294,0.2631578947368421,0.19920318725099603,1.0273328334002676,0.027332833400267598,0.5499403241522858,0.2561564141446173,0.1939032617030968,H
2022-23,2023-04-29,Brighton,Wolves,H,1.64,4.17,5.66,0.6097560975609756,0.23980815347721823,0.17667844522968199,1.0262426962678757,0.026242696267875676,0.5941636415815363,0.23367586863158746,0.1721604897868763,H
2022-23,2023-04-30,Bournemouth,Leeds,H,2.51,3.43,3.01,0.39840637450199207,0.29154518950437314,0.33222591362126247,1.0221774776276276,0.022177477627627562,0.38976242699717245,0.28521973520784333,0.32501783779498433,H
2022-23,2023-04-30,Fulham,Man City,A,11.62,6.36,1.26,0.08605851979345956,0.15723270440251572,0.7936507936507936,1.0369420178467688,0.03694201784676876,0.08299260548064379,0.1516311439756416,0.7653762505437147,A
2022-23,2023-04-30,Man United,Aston Villa,H,1.76,4.05,4.72,0.5681818181818182,0.2469135802469136,0.21186440677966104,1.0269598052083928,0.026959805208392806,0.5532658778855728,0.24043159137743408,0.20630253073699323,H
2022-23,2023-04-30,Newcastle,Southampton,H,1.25,6.41,12.44,0.8,0.15600624024961,0.08038585209003216,1.0363920923396421,0.036392092339642135,0.7719086298642149,0.15052820395167996,0.07756316618410519,H
2022-23,2023-04-30,Liverpool,Tottenham,H,1.54,4.98,5.65,0.6493506493506493,0.2008032128514056,0.17699115044247787,1.0271450126445327,0.02714501264453273,0.6321898479347162,0.19549645899989215,0.17231369306539168,H
2022-23,2023-05-01,Leicester,Everton,D,2.06,3.48,4.01,0.4854368932038835,0.28735632183908044,0.24937655860349128,1.0221697736464552,0.022169773646455226,0.47490828404380586,0.28112386929029887,0.2439678466658953,H
2022-23,2023-05-02,Arsenal,Chelsea,H,1.63,4.17,5.71,0.6134969325153374,0.23980815347721823,0.17513134851138354,1.0284364345039392,0.02843643450393918,0.5965336426565385,0.23317741907198028,0.17028893827148123,H
2022-23,2023-05-03,Liverpool,Fulham,H,1.32,6.15,8.79,0.7575757575757576,0.16260162601626016,0.11376564277588169,1.0339430263678995,0.033943026367899476,0.7327055149615136,0.15726362272344682,0.11003086231503958,H
2022-23,2023-05-03,Man City,West Ham,H,1.17,8.33,17.25,0.8547008547008548,0.12004801920768307,0.057971014492753624,1.0327198884012914,0.032719888401291364,0.8276211819876732,0.11624451175577162,0.05613430625655522,H
2022-23,2023-05-04,Brighton,Man United,H,2.18,3.86,3.27,0.4587155963302752,0.2590673575129534,0.3058103975535168,1.0235933513967455,0.023593351396745454,0.44814241486068107,0.2530959752321982,0.2987616099071207,H
2022-23,2023-05-06,Bournemouth,Chelsea,A,3.62,3.67,2.11,0.27624309392265195,0.2724795640326976,0.47393364928909953,1.022656307244449,0.022656307244449003,0.270123101931469,0.26644295067899665,0.4634339473895344,A
2022-23,2023-05-06,Man City,Leeds,H,1.17,8.75,17.0,0.8547008547008548,0.11428571428571428,0.058823529411764705,1.0278100983983338,0.027810098398333816,0.8315746809967715,0.1111934144875683,0.057231904515660154,H
2022-23,2023-05-06,Tottenham,Crystal Palace,H,1.82,3.94,4.53,0.5494505494505494,0.25380710659898476,0.22075055187637968,1.0240082079259138,0.02400820792591385,0.5365685013047294,0.2478565158311187,0.2155749828641518,H
2022-23,2023-05-06,Wolves,Aston Villa,H,3.19,3.4,2.41,0.31347962382445144,0.29411764705882354,0.41493775933609955,1.0225350302193745,0.02253503021937453,0.3065710362579926,0.28763576637146954,0.4057931973705379,A
2022-23,2023-05-06,Liverpool,Brentford,H,1.43,5.39,6.91,0.6993006993006994,0.1855287569573284,0.1447178002894356,1.0295472565474633,0.029547256547463263,0.6792312784609522,0.18020421673453832,0.1405645048045096,H
2022-23,2023-05-07,Newcastle,Arsenal,A,2.32,3.77,3.07,0.4310344827586207,0.26525198938992045,0.32573289902280134,1.0220193711713423,0.02201937117134234,0.4217478600866533,0.25953714466870975,0.3187149952446371,H
2022-23,2023-05-07,West Ham,Man United,H,3.64,3.76,2.05,0.2747252747252747,0.26595744680851063,0.48780487804878053,1.0284875995825657,0.028487599582565748,0.26711578713907486,0.25859081520910443,0.4742933976518208,A
2022-23,2023-05-08,Fulham,Leicester,H,2.72,3.49,2.72,0.3676470588235294,0.28653295128939826,0.3676470588235294,1.021827068936457,0.021827068936457028,0.3597938144329897,0.2804123711340206,0.3597938144329897,H
2022-23,2023-05-08,Brighton,Everton,A,1.37,5.55,8.52,0.7299270072992701,0.1801801801801802,0.11737089201877934,1.0274780794982297,0.02747807949822967,0.710406403663357,0.17536158072410793,0.1142320156125351,H
2022-23,2023-05-08,Nott'm Forest,Southampton,H,2.03,3.61,3.93,0.4926108374384237,0.2770083102493075,0.2544529262086514,1.0240720738963827,0.024072073896382662,0.481031413701324,0.27049688914506587,0.2484716971536101,H
2022-23,2023-05-13,Leeds,Newcastle,D,5.16,4.5,1.63,0.19379844961240308,0.2222222222222222,0.6134969325153374,1.0295176043499628,0.029517604349962756,0.1882419968279876,0.2158508230294258,0.5959071801425866,A
2022-23,2023-05-13,Aston Villa,Tottenham,H,2.24,3.79,3.2,0.4464285714285714,0.2638522427440633,0.3125,1.0227808141726347,0.022780814172634667,0.43648508579983875,0.2579753541402741,0.30553956005988714,H
2022-23,2023-05-13,Chelsea,Nott'm Forest,D,1.57,4.38,5.75,0.6369426751592356,0.22831050228310504,0.17391304347826086,1.0391662209206016,0.039166220920601624,0.6129362775042528,0.21970546933371624,0.1673582531620308,H
2022-23,2023-05-13,Crystal Palace,Bournemouth,H,1.81,3.78,4.9,0.5524861878453039,0.2645502645502646,0.2040816326530612,1.0211180850486297,0.021118085048629665,0.5410600359888762,0.25907901194176347,0.19986095206936036,H
2022-23,2023-05-13,Man United,Wolves,H,1.39,5.39,8.1,0.7194244604316548,0.1855287569573284,0.1234567901234568,1.02841000751244,0.02841000751244005,0.6995502330552266,0.18040349238344433,0.120046274561329,H
2022-23,2023-05-13,Southampton,Fulham,A,2.74,3.57,2.65,0.36496350364963503,0.2801120448179272,0.37735849056603776,1.0224340390336,0.022434039033599973,0.35695554893164244,0.2739658834937536,0.36907856757460394,A
2022-23,2023-05-14,Brentford,West Ham,H,1.83,3.7,4.79,0.5464480874316939,0.27027027027027023,0.20876826722338204,1.025486624925346,0.025486624925346035,0.5328671034314802,0.2635531889944889,0.20357970757403107,H
2022-23,2023-05-14,Everton,Man City,A,8.35,5.27,1.39,0.11976047904191617,0.18975332068311196,0.7194244604316548,1.028938260156683,0.028938260156682993,0.11639228871096646,0.18441662442819165,0.6991910868608417,A
2022-23,2023-05-14,Arsenal,Brighton,A,1.74,4.39,4.48,0.5747126436781609,0.22779043280182235,0.2232142857142857,1.025717362194269,0.02571736219426901,0.5603031252670864,0.22207914304435772,0.21761773168855586,H
2022-23,2023-05-15,Leicester,Liverpool,A,4.63,4.27,1.74,0.2159827213822894,0.234192037470726,0.5747126436781609,1.0248874025311763,0.024887402531176273,0.21073799994894502,0.22850513811794274,0.5607568619331122,A
2022-23,2023-05-18,Newcastle,Brighton,H,1.8,4.2,4.33,0.5555555555555556,0.23809523809523808,0.23094688221709006,1.0245976758678839,0.02459767586788386,0.5422182468694096,0.23237924865831838,0.22540250447227186,H
2022-23,2023-05-20,Tottenham,Brentford,A,2.03,3.86,3.69,0.4926108374384237,0.2590673575129534,0.2710027100271003,1.0226809049784773,0.0226809049784773,0.4816857682981681,0.2533217900635444,0.2649924416382876,H
2022-23,2023-05-20,Bournemouth,Man United,A,7.42,5.39,1.41,0.1347708894878706,0.1855287569573284,0.7092198581560284,1.0295195046012275,0.029519504601227542,0.1309065917503647,0.18020907435764494,0.6888843338919902,A
2022-23,2023-05-20,Fulham,Crystal Palace,D,2.44,3.3,3.24,0.4098360655737705,0.30303030303030304,0.30864197530864196,1.0215083439127155,0.0215083439127155,0.40120677233429397,0.296649855907781,0.30214337175792505,H
2022-23,2023-05-20,Liverpool,Aston Villa,D,1.48,5.0,6.46,0.6756756756756757,0.2,0.15479876160990713,1.0304744372855827,0.030474437285582745,0.6556937767961544,0.1940853579316617,0.15022086527218398,H
2022-23,2023-05-20,Wolves,Everton,D,3.24,3.58,2.37,0.30864197530864196,0.27932960893854747,0.42194092827004215,1.0099125125172317,0.009912512517231686,0.30561258671738234,0.27658792764366447,0.4177994856389531,A
2022-23,2023-05-20,Nott'm Forest,Arsenal,H,5.28,4.23,1.66,0.1893939393939394,0.23640661938534277,0.6024096385542169,1.028210197333499,0.028210197333498943,0.18419768631462974,0.22992051625088533,0.5858817974344851,A
2022-23,2023-05-21,West Ham,Leeds,H,2.74,3.56,2.65,0.36496350364963503,0.2808988764044944,0.37735849056603776,1.0232208706201673,0.02322087062016731,0.35668105892761265,0.27452418580383675,0.3687947552685505,A
2022-23,2023-05-21,Brighton,Southampton,H,1.21,7.65,13.5,0.8264462809917356,0.13071895424836602,0.07407407407407407,1.0312393093141756,0.031239309314175623,0.8014107623005203,0.1267590878932849,0.07183014980619477,H
2022-23,2023-05-21,Man City,Chelsea,H,1.6,4.2,5.96,0.625,0.23809523809523808,0.16778523489932887,1.030880472994567,0.030880472994567087,0.6062778531292384,0.2309629916682813,0.16275915520248013,H
2022-23,2023-05-22,Newcastle,Leicester,D,1.33,5.92,9.37,0.7518796992481203,0.16891891891891891,0.10672358591248667,1.0275222040795258,0.02752220407952577,0.7317405855201626,0.1643944220847663,0.10386499239507113,H
2022-23,2023-05-24,Brighton,Man City,D,3.8,4.24,1.91,0.2631578947368421,0.23584905660377356,0.5235602094240838,1.0225671607646993,0.022567160764699334,0.2573502307076305,0.23064407469080092,0.5120056946015686,A
2022-23,2023-05-25,Man United,Chelsea,H,1.55,4.39,6.53,0.6451612903225806,0.22779043280182235,0.15313935681470137,1.0260910799391043,0.02609107993910431,0.6287563579257206,0.22199825849313598,0.14924538358114348,H
2022-23,2023-05-28,Arsenal,Wolves,H,1.28,6.28,9.77,0.78125,0.1592356687898089,0.1023541453428864,1.0428398141326953,0.04283981413269533,0.7491562840355752,0.15269427445311087,0.09814944151131386,H
2022-23,2023-05-28,Aston Villa,Brighton,H,1.88,4.07,3.95,0.5319148936170213,0.24570024570024568,0.2531645569620253,1.0307796962792923,0.030779696279292335,0.5160315977672281,0.23836348987773676,0.2456049123550351,H
2022-23,2023-05-28,Brentford,Man City,H,3.46,3.66,2.25,0.28901734104046245,0.27322404371584696,0.4444444444444444,1.006685829200754,0.00668582920075389,0.2870978538258796,0.27140944651299,0.44149269966113036,A
2022-23,2023-05-28,Chelsea,Newcastle,D,2.76,3.82,2.48,0.3623188405797102,0.2617801047120419,0.40322580645161293,1.027324751743365,0.027324751743365017,0.35268189534502786,0.25481728564195727,0.39250081901301487,A
2022-23,2023-05-28,Crystal Palace,Nott'm Forest,D,1.62,4.19,5.75,0.6172839506172839,0.2386634844868735,0.17391304347826086,1.0298604785824184,0.02986047858241836,0.599385997865422,0.23174351230118942,0.16887048983338848,H
2022-23,2023-05-28,Everton,Bournemouth,H,1.65,4.26,5.31,0.6060606060606061,0.2347417840375587,0.18832391713747648,1.0291263072356411,0.029126307235641136,0.5889078938119451,0.2280981278849083,0.1829939783031468,H
2022-23,2023-05-28,Leeds,Tottenham,A,2.8,3.95,2.39,0.35714285714285715,0.2531645569620253,0.41841004184100417,1.0287174559458867,0.028717455945886705,0.34717293371334007,0.24609726946768407,0.40672979681897575,A
2022-23,2023-05-28,Leicester,West Ham,H,2.11,4.01,3.29,0.47393364928909953,0.24937655860349128,0.303951367781155,1.0272615756737458,0.027261575673745764,0.4613563482876916,0.24275857727856093,0.2958850744337475,H
2022-23,2023-05-28,Man United,Fulham,H,1.49,5.09,6.14,0.6711409395973155,0.19646365422396858,0.16286644951140067,1.0304710433326847,0.03047104333268469,0.6512952925166666,0.19065422118857234,0.15805048629476112,H
2022-23,2023-05-28,Southampton,Liverpool,D,5.77,4.87,1.53,0.1733102253032929,0.2053388090349076,0.6535947712418301,1.0322438055800305,0.03224380558003048,0.1678965999761149,0.19892471906821005,0.6331786809556751,A
2023-24,2023-08-11,Burnley,Man City,A,9.62,5.81,1.33,0.10395010395010396,0.17211703958691912,0.7518796992481203,1.0279468427851435,0.027946842785143478,0.10112400721856306,0.1674376849298755,0.7314383078515613,A
2023-24,2023-08-12,Arsenal,Nott'm Forest,H,1.19,8.0,16.0,0.8403361344537815,0.125,0.0625,1.0278361344537816,0.027836134453781636,0.8175779253960143,0.12161471640265711,0.06080735820132856,H
2023-24,2023-08-12,Bournemouth,West Ham,D,2.75,3.6,2.63,0.36363636363636365,0.2777777777777778,0.3802281368821293,1.0216422782962709,0.021642278296270856,0.3559331591511437,0.2718933854626792,0.3721734553861769,A
2023-24,2023-08-12,Brighton,Luton,H,1.27,6.36,11.36,0.7874015748031495,0.15723270440251572,0.08802816901408451,1.0326624482197497,0.03266244821974973,0.7624965700656436,0.15225953521751062,0.08524389471684574,H
2023-24,2023-08-12,Everton,Fulham,A,2.39,3.32,3.3,0.41841004184100417,0.30120481927710846,0.30303030303030304,1.0226451641484156,0.022645164148415553,0.40914488867644094,0.29453502528213676,0.2963200860414224,H
2023-24,2023-08-12,Sheffield United,Crystal Palace,A,3.98,3.22,2.17,0.25125628140703515,0.3105590062111801,0.4608294930875576,1.0226447807057728,0.022644780705772805,0.24569262577532736,0.30368218962292015,0.45062518460175255,A
2023-24,2023-08-12,Newcastle,Aston Villa,H,1.68,4.2,5.29,0.5952380952380952,0.23809523809523808,0.1890359168241966,1.0223692501575299,0.022369250157529885,0.5822143957737178,0.23288575830948713,0.1848998459167951,H
2023-24,2023-08-13,Brentford,Tottenham,D,2.62,3.54,2.8,0.38167938931297707,0.2824858757062147,0.35714285714285715,1.021308122162049,0.021308122162049026,0.3737161988930278,0.2765922149999246,0.3496915861070475,H
2023-24,2023-08-13,Chelsea,Liverpool,D,3.21,3.89,2.2,0.3115264797507788,0.2570694087403599,0.45454545454545453,1.0231413430365932,0.02314134303659321,0.3044803944938787,0.25125502990368914,0.44426457560243215,A
2023-24,2023-08-14,Man United,Wolves,H,1.27,6.3,12.25,0.7874015748031495,0.15873015873015872,0.08163265306122448,1.0277643865945327,0.02776438659453273,0.7661304332719503,0.15444216670720268,0.07942740002084708,H
2023-24,2023-08-18,Nott'm Forest,Sheffield United,H,1.94,3.51,4.48,0.5154639175257733,0.2849002849002849,0.2232142857142857,1.0235784881403438,0.0235784881403438,0.5035900260685212,0.27833750728573536,0.2180724666457435,H
2023-24,2023-08-19,Fulham,Brentford,A,2.87,3.22,2.75,0.3484320557491289,0.3105590062111801,0.36363636363636365,1.0226274255966725,0.022627425596672524,0.34072238532604304,0.30368734344277754,0.35559027123117953,A
2023-24,2023-08-19,Liverpool,Bournemouth,H,1.2,8.25,13.0,0.8333333333333334,0.12121212121212122,0.07692307692307693,1.0314685314685315,0.03146853146853146,0.807909604519774,0.11751412429378531,0.07457627118644068,H
2023-24,2023-08-19,Wolves,Brighton,A,4.11,4.21,1.83,0.24330900243309,0.23752969121140144,0.5464480874316939,1.0272867810761854,0.02728678107618543,0.23684623117431683,0.23122042995877487,0.5319333388669083,A
2023-24,2023-08-19,Tottenham,Man United,H,3.07,3.87,2.28,0.32573289902280134,0.25839793281653745,0.4385964912280702,1.022727323067409,0.02272732306740899,0.31849437447886775,0.25265574409563923,0.42884988142549296,A
2023-24,2023-08-19,Man City,Newcastle,H,1.87,3.84,4.37,0.53475935828877,0.2604166666666667,0.22883295194508008,1.0240089769005167,0.024008976900516732,0.5222213577730406,0.25431092162385055,0.2234677206031089,H
2023-24,2023-08-20,Aston Villa,Everton,H,1.85,3.92,4.38,0.5405405405405405,0.25510204081632654,0.22831050228310504,1.0239530836399722,0.023953083639972172,0.5278958080960257,0.24913450126980807,0.22296969063416613,H
2023-24,2023-08-20,West Ham,Chelsea,H,3.25,3.65,2.27,0.3076923076923077,0.273972602739726,0.44052863436123346,1.022193544793267,0.022193544793267073,0.30101178906831855,0.268024195745763,0.43096401518591854,A
2023-24,2023-08-21,Crystal Palace,Arsenal,A,4.51,3.53,1.93,0.22172949002217296,0.28328611898017,0.5181347150259068,1.0231503240282498,0.02315032402824979,0.21671252485089462,0.2768763419483101,0.5064111332007952,A
2023-24,2023-08-25,Chelsea,Luton,H,1.27,6.25,12.5,0.7874015748031495,0.16,0.08,1.0274015748031495,0.02740157480314953,0.7664009809932557,0.15573267933782955,0.07786633966891478,H
2023-24,2023-08-26,Bournemouth,Tottenham,A,3.47,3.89,2.09,0.2881844380403458,0.2570694087403599,0.47846889952153115,1.023722746302237,0.02372274630223692,0.28150633468025354,0.25111233453482773,0.46738133078491867,A
2023-24,2023-08-26,Arsenal,Fulham,D,1.29,6.29,10.32,0.7751937984496123,0.1589825119236884,0.09689922480620154,1.0310755351795022,0.031075535179502234,0.7518302704317944,0.1541909457642313,0.0939787838039743,H
2023-24,2023-08-26,Brentford,Crystal Palace,D,2.16,3.37,3.81,0.4629629629629629,0.29673590504451036,0.26246719160104987,1.0221660596085231,0.022166059608523137,0.45292343510238636,0.2903010741309064,0.25677549076670725,H
2023-24,2023-08-26,Everton,Wolves,A,2.45,3.38,3.14,0.4081632653061224,0.2958579881656805,0.3184713375796178,1.0224925910514207,0.022492591051420652,0.3991845700186556,0.2893497622916291,0.31146566768971534,H
2023-24,2023-08-26,Man United,Nott'm Forest,H,1.38,5.3,8.51,0.7246376811594204,0.18867924528301888,0.11750881316098707,1.0308257396034264,0.030825739603426383,0.7029681674792085,0.18303699455119013,0.11399483796960136,H
2023-24,2023-08-26,Brighton,West Ham,A,1.5,4.95,6.25,0.6666666666666666,0.20202020202020202,0.16,1.0286868686868686,0.02868686868686865,0.648075412411626,0.19638648860958366,0.15553809897879026,H
2023-24,2023-08-27,Burnley,Aston Villa,A,3.24,3.6,2.29,0.30864197530864196,0.2777777777777778,0.4366812227074236,1.0231009757938434,0.023100975793843403,0.30167303385588196,0.27150573047029375,0.42682123567382424,A
2023-24,2023-08-27,Sheffield United,Man City,A,16.0,7.4,1.2,0.0625,0.13513513513513511,0.8333333333333334,1.0309684684684686,0.03096846846846857,0.060622610595303106,0.13107591480065534,0.8083014746040414,A
2023-24,2023-08-27,Newcastle,Liverpool,A,2.24,3.93,3.11,0.4464285714285714,0.2544529262086514,0.3215434083601286,1.0224249059973514,0.022424905997351363,0.4366370271399941,0.24887199511287195,0.314490977747134,H
2023-24,2023-09-01,Luton,West Ham,A,4.67,4.09,1.76,0.21413276231263384,0.24449877750611249,0.5681818181818182,1.0268133580005645,0.026813358000564502,0.20854107578966274,0.23811413788208438,0.5533447863282529,A
2023-24,2023-09-02,Sheffield United,Everton,D,3.21,3.42,2.39,0.3115264797507788,0.29239766081871343,0.41841004184100417,1.0223341824104963,0.02233418241049634,0.30472079004171654,0.2860098643374006,0.4092693456208829,A
2023-24,2023-09-02,Brentford,Bournemouth,D,1.75,4.01,4.86,0.5714285714285714,0.24937655860349128,0.20576131687242796,1.0265664469044906,0.026566446904490615,0.5566406082642362,0.24292295871880634,0.20043643301695746,H
2023-24,2023-09-02,Burnley,Tottenham,A,3.71,3.79,2.04,0.2695417789757412,0.2638522427440633,0.49019607843137253,1.0235901001511771,0.02359010015117713,0.26332980256054817,0.25777138984159204,0.4788988075978597,A
2023-24,2023-09-02,Chelsea,Nott'm Forest,A,1.41,5.01,8.45,0.7092198581560284,0.1996007984031936,0.1183431952662722,1.0271638518254942,0.02716385182549419,0.6904641911761108,0.1943222573968695,0.11521355142701968,H
2023-24,2023-09-02,Man City,Fulham,H,1.19,7.65,16.0,0.8403361344537815,0.13071895424836602,0.0625,1.0335550887021476,0.03355508870214763,0.8130540342160238,0.12647507198915928,0.06047089379481677,H
2023-24,2023-09-02,Brighton,Newcastle,H,2.64,3.87,2.59,0.3787878787878788,0.25839793281653745,0.3861003861003861,1.0232861977048024,0.023286197704802447,0.3701680718820283,0.25251775446215885,0.3773141736558127,A
2023-24,2023-09-03,Crystal Palace,Wolves,H,1.9,3.61,4.54,0.5263157894736842,0.2770083102493075,0.22026431718061673,1.0235884169036085,0.023588416903608467,0.5141869337148307,0.2706247019551741,0.21518836432999522,H
2023-24,2023-09-03,Liverpool,Aston Villa,H,1.65,4.67,5.02,0.6060606060606061,0.21413276231263384,0.19920318725099603,1.019396555624236,0.019396555624235923,0.5945287952140272,0.21005835376941004,0.19541285101656275,H
2023-24,2023-09-03,Arsenal,Man United,H,1.76,4.2,4.49,0.5681818181818182,0.23809523809523808,0.22271714922048996,1.0289942054975463,0.028994205497546277,0.5521720289057285,0.23138637401763856,0.21644159707663296,H
2023-24,2023-09-16,Wolves,Liverpool,A,4.58,4.46,1.71,0.2183406113537118,0.2242152466367713,0.5847953216374269,1.02735117962791,0.027351179627910005,0.21252772730819391,0.218245962123661,0.5692263105681451,A
2023-24,2023-09-16,Aston Villa,Crystal Palace,H,1.98,3.66,4.08,0.5050505050505051,0.27322404371584696,0.24509803921568626,1.0233725879820383,0.02337258798203834,0.493515764425937,0.2669839381320642,0.2395002974419988,H
2023-24,2023-09-16,Fulham,Luton,H,1.69,3.82,5.68,0.591715976331361,0.2617801047120419,0.17605633802816903,1.029552419071572,0.02955241907157191,0.5747312767862346,0.25426593135307235,0.17100279186069303,H
2023-24,2023-09-16,Man United,Brighton,A,2.07,3.9,3.53,0.48309178743961356,0.25641025641025644,0.28328611898017,1.02278816283004,0.022788162830039926,0.47232829338081667,0.2506973249482796,0.27697438167090377,H
2023-24,2023-09-16,Tottenham,Sheffield United,H,1.3,6.31,9.4,0.7692307692307692,0.1584786053882726,0.10638297872340426,1.034092353342446,0.03409235334244598,0.7438704741838795,0.15325382193962656,0.10287570387649399,H
2023-24,2023-09-16,West Ham,Man City,A,5.49,4.3,1.63,0.18214936247723132,0.23255813953488372,0.6134969325153374,1.0282044345274524,0.02820443452745236,0.17715286606495184,0.22617889178990364,0.5966682421451446,A
2023-24,2023-09-16,Newcastle,Brentford,H,1.66,4.17,5.43,0.6024096385542169,0.23980815347721823,0.1841620626151013,1.0263798546465364,0.02637985464653636,0.5869266001539695,0.23364464178791108,0.17942875805811956,H
2023-24,2023-09-17,Bournemouth,Chelsea,D,4.34,3.97,1.83,0.2304147465437788,0.2518891687657431,0.5464480874316939,1.0287520027412158,0.02875200274121581,0.22397501626224295,0.2448492621103613,0.5311757216273958,A
2023-24,2023-09-17,Everton,Arsenal,A,6.0,4.3,1.59,0.16666666666666666,0.23255813953488372,0.6289308176100629,1.0281556238116132,0.028155623811613184,0.1621025677501956,0.2261896294188776,0.6117078028309269,A
2023-24,2023-09-18,Nott'm Forest,Burnley,D,2.14,3.51,3.69,0.4672897196261682,0.2849002849002849,0.2710027100271003,1.0231927145535535,0.02319271455355354,0.456697661134207,0.2784424486687188,0.264859890197074,H
2023-24,2023-09-23,Crystal Palace,Fulham,D,2.1,3.39,3.97,0.47619047619047616,0.2949852507374631,0.2518891687657431,1.0230648956936825,0.02306489569368253,0.4654548095579003,0.2883348377792303,0.2462103526628692,H
2023-24,2023-09-23,Luton,Wolves,D,3.28,3.31,2.41,0.3048780487804878,0.3021148036253776,0.41493775933609955,1.0219306117419649,0.021930611741964867,0.29833537157752626,0.2956314256115668,0.40603320281090705,A
2023-24,2023-09-23,Man City,Nott'm Forest,H,1.17,8.5,18.0,0.8547008547008548,0.11764705882352941,0.05555555555555555,1.0279034690799398,0.02790346907993979,0.8314991440449987,0.11445341159207628,0.05404744436292491,H
2023-24,2023-09-23,Brentford,Everton,A,1.95,3.53,4.4,0.5128205128205129,0.28328611898017,0.22727272727272727,1.0233793590734102,0.023379359073410155,0.5011049991127745,0.27681437628042777,0.22208062460679773,H
2023-24,2023-09-23,Burnley,Man United,A,4.32,4.0,1.83,0.23148148148148145,0.25,0.5464480874316939,1.0279295689131753,0.02792956891317533,0.22519196692262256,0.2432073242764324,0.5316007088009451,A
2023-24,2023-09-24,Arsenal,Tottenham,D,1.65,4.39,5.11,0.6060606060606061,0.22779043280182235,0.19569471624266144,1.0295457551050897,0.02954575510508972,0.5886679664846397,0.22125333592247282,0.19007869759288756,H
2023-24,2023-09-24,Brighton,Bournemouth,H,1.52,4.97,5.9,0.6578947368421053,0.2012072434607646,0.1694915254237288,1.0285935057265987,0.02859350572659869,0.6396061545978441,0.1956139547261012,0.16477989067605472,H
2023-24,2023-09-24,Chelsea,Aston Villa,A,1.91,3.93,4.1,0.5235602094240838,0.2544529262086514,0.24390243902439027,1.0219155746571253,0.021915574657125347,0.512332155814094,0.24899603501397444,0.23867180917193162,H
2023-24,2023-09-24,Liverpool,West Ham,H,1.39,5.64,7.61,0.7194244604316548,0.1773049645390071,0.1314060446780552,1.028135469648717,0.02813546964871705,0.6997370304493633,0.17245292062493173,0.127810048925705,H
2023-24,2023-09-24,Sheffield United,Newcastle,A,6.05,4.39,1.57,0.1652892561983471,0.22779043280182235,0.6369426751592356,1.030022364159405,0.03002236415940507,0.16047152173558743,0.22115095820052483,0.6183775200638878,A
2023-24,2023-09-30,Aston Villa,Brighton,H,2.49,3.77,2.82,0.4016064257028112,0.26525198938992045,0.3546099290780142,1.021468344170746,0.021468344170745945,0.3931658068452875,0.2596771509402563,0.3471570422144561,H
2023-24,2023-09-30,Bournemouth,Arsenal,A,6.06,4.62,1.55,0.16501650165016502,0.21645021645021645,0.6451612903225806,1.026628008422962,0.02662800842296198,0.16073641114044068,0.21083607175564298,0.6284275171039164,A
2023-24,2023-09-30,Everton,Luton,A,1.67,3.93,5.7,0.5988023952095809,0.2544529262086514,0.17543859649122806,1.0286939179094605,0.02869391790946052,0.5820996749222386,0.24735533260054407,0.17054499247721722,H
2023-24,2023-09-30,Man United,Crystal Palace,A,1.58,4.37,5.96,0.6329113924050632,0.22883295194508008,0.16778523489932887,1.0295295792494723,0.029529579249472304,0.6147578517039365,0.22226942922018758,0.1629727190758758,H
2023-24,2023-09-30,Newcastle,Burnley,H,1.38,5.24,8.53,0.7246376811594204,0.19083969465648853,0.1172332942555686,1.0327106700714774,0.03271067007147743,0.7016850916329409,0.184794928712492,0.11351997965456721,H
2023-24,2023-09-30,West Ham,Sheffield United,H,1.48,4.79,7.0,0.6756756756756757,0.20876826722338204,0.14285714285714285,1.0273010857562006,0.027301085756200605,0.6577192266649927,0.20322013684012302,0.13906063649488418,H
2023-24,2023-09-30,Wolves,Man City,H,8.61,5.19,1.39,0.11614401858304298,0.19267822736030826,0.7194244604316548,1.028246706375006,0.028246706375006037,0.11295345549172588,0.18738521228974175,0.6996613322185323,A
2023-24,2023-09-30,Tottenham,Liverpool,H,2.96,4.01,2.3,0.33783783783783783,0.24937655860349128,0.4347826086956522,1.0219970051369813,0.02199700513698133,0.3305663677483638,0.24400908941026359,0.4254245428413726,A
2023-24,2023-10-01,Nott'm Forest,Brentford,D,2.62,3.27,2.99,0.38167938931297707,0.3058103975535168,0.33444816053511706,1.0219379474016108,0.021937947401610813,0.3734858758141223,0.2992455641079512,0.3272685600779266,H
2023-24,2023-10-02,Fulham,Chelsea,A,3.52,3.49,2.22,0.2840909090909091,0.28653295128939826,0.4504504504504504,1.0210743108307576,0.021074310830757614,0.2782274571767157,0.2806190972097533,0.44115344561353115,A
2023-24,2023-10-03,Luton,Burnley,A,2.95,3.22,2.69,0.3389830508474576,0.3105590062111801,0.3717472118959108,1.0212892689545485,0.021289268954548524,0.331916785138123,0.30408525346505055,0.3639979613968264,A
2023-24,2023-10-07,Luton,Tottenham,A,6.8,5.15,1.45,0.14705882352941177,0.1941747572815534,0.6896551724137931,1.0308887532247584,0.03088875322475837,0.14265246668895362,0.18835665504560864,0.6689908782654377,A
2023-24,2023-10-07,Burnley,Chelsea,A,5.2,4.07,1.69,0.1923076923076923,0.24570024570024568,0.591715976331361,1.0297239143392989,0.029723914339298885,0.1867565564222936,0.23860788535526456,0.5746355582224419,A
2023-24,2023-10-07,Everton,Bournemouth,H,1.93,3.78,4.18,0.5181347150259068,0.2645502645502646,0.23923444976076558,1.0219194293369371,0.021919429336937135,0.507021101812394,0.25887585357087844,0.23410304461672737,H
2023-24,2023-10-07,Fulham,Sheffield United,H,1.52,4.56,6.57,0.6578947368421053,0.2192982456140351,0.15220700152207,1.0293999839782104,0.02939998397821042,0.6391050583657588,0.2130350194552529,0.1478599221789883,H
2023-24,2023-10-07,Man United,Brentford,H,1.63,4.33,5.41,0.6134969325153374,0.23094688221709006,0.18484288354898337,1.0292866982814108,0.02928669828141084,0.5960408635802705,0.22437565996208797,0.17958347645764158,H
2023-24,2023-10-07,Crystal Palace,Nott'm Forest,D,2.34,3.12,3.64,0.4273504273504274,0.3205128205128205,0.2747252747252747,1.0225885225885225,0.02258852258852251,0.41791044776119407,0.31343283582089554,0.26865671641791045,H
2023-24,2023-10-08,Brighton,Liverpool,D,3.26,4.19,2.1,0.3067484662576687,0.2386634844868735,0.47619047619047616,1.0216024269350183,0.02160242693501835,0.30026207668473,0.23361679474754646,0.46612112856772364,A
2023-24,2023-10-08,West Ham,Newcastle,D,3.58,3.73,2.11,0.27932960893854747,0.2680965147453083,0.47393364928909953,1.0213597729729553,0.021359772972955327,0.27348796803057945,0.26248979237251324,0.4640222395969073,A
2023-24,2023-10-08,Wolves,Aston Villa,D,3.7,3.68,2.08,0.27027027027027023,0.2717391304347826,0.4807692307692307,1.0227786314742837,0.022778631474283717,0.2642509942554131,0.26568714096332297,0.4700618647812637,A
2023-24,2023-10-08,Arsenal,Man City,H,3.0,3.39,2.56,0.3333333333333333,0.2949852507374631,0.390625,1.0189435840707963,0.018943584070796327,0.32713620120323883,0.2895010630117158,0.38336273578504554,A
2023-24,2023-10-21,Liverpool,Everton,H,1.4,5.5,7.4,0.7142857142857143,0.18181818181818182,0.13513513513513511,1.0312390312390312,0.031239031239031156,0.6926480599046971,0.17631041524846836,0.13104152484683457,H
2023-24,2023-10-21,Bournemouth,Wolves,A,2.31,3.46,3.32,0.4329004329004329,0.28901734104046245,0.30120481927710846,1.0231225932180037,0.023122593218003695,0.42311687354967037,0.2824855427455892,0.29439758370474056,H
2023-24,2023-10-21,Brentford,Burnley,H,1.74,3.9,5.09,0.5747126436781609,0.25641025641025644,0.19646365422396858,1.0275865543123859,0.02758655431238588,0.5592839272432213,0.24952667523159108,0.19118939752518765,H
2023-24,2023-10-21,Man City,Brighton,H,1.36,5.69,7.74,0.7352941176470588,0.17574692442882248,0.12919896640826872,1.0402400084841499,0.04024000848414988,0.7068504495597493,0.1689484378561088,0.124201112584142,H
2023-24,2023-10-21,Newcastle,Crystal Palace,H,1.48,4.49,7.68,0.6756756756756757,0.22271714922048996,0.13020833333333334,1.028601158229499,0.028601158229498935,0.6568879203273468,0.21652430335957085,0.12658777631308246,H
2023-24,2023-10-21,Nott'm Forest,Luton,D,1.76,3.65,5.39,0.5681818181818182,0.273972602739726,0.1855287569573284,1.0276831778788726,0.027683177878872645,0.5528764413119417,0.2665924758106896,0.18053108287736871,H
2023-24,2023-10-21,Chelsea,Arsenal,D,3.35,3.44,2.31,0.29850746268656714,0.29069767441860467,0.4329004329004329,1.0221055700056048,0.022105570005604758,0.29205149785548107,0.2844106156441459,0.423537886500373,A
2023-24,2023-10-21,Sheffield United,Man United,A,7.8,5.6,1.38,0.12820512820512822,0.17857142857142858,0.7246376811594204,1.0314142379359772,0.031414237935977196,0.12430032812198417,0.17313259988419222,0.7025670719938236,A
2023-24,2023-10-22,Aston Villa,West Ham,H,1.79,4.02,4.54,0.5586592178770949,0.24875621890547267,0.22026431718061673,1.0276797539631843,0.02767975396318434,0.5436121668473664,0.2420561638449716,0.21433166930766206,H
2023-24,2023-10-23,Tottenham,Fulham,H,1.52,4.72,6.13,0.6578947368421053,0.21186440677966104,0.1631321370309951,1.0328912806527615,0.03289128065276148,0.6369448064527491,0.2051178190271565,0.15793737452009438,H
2023-24,2023-10-27,Crystal Palace,Tottenham,A,4.58,3.85,1.81,0.2183406113537118,0.2597402597402597,0.5524861878453039,1.0305670589392755,0.03056705893927547,0.21186453560668017,0.25203625274768704,0.5360992116456327,A
2023-24,2023-10-28,Chelsea,Brentford,A,1.65,4.05,5.6,0.6060606060606061,0.2469135802469136,0.17857142857142858,1.0315456148789481,0.031545614878948136,0.5875267145910239,0.23936273557412088,0.17311054983485527,H
2023-24,2023-10-28,Arsenal,Sheffield United,H,1.13,9.5,21.0,0.8849557522123894,0.10526315789473684,0.047619047619047616,1.0378379577261738,0.03783795772617382,0.8526916419122519,0.1014254268800889,0.04588293120765927,H
2023-24,2023-10-28,Bournemouth,Burnley,H,2.13,3.65,3.51,0.4694835680751174,0.273972602739726,0.2849002849002849,1.0283564557151283,0.028356455715128348,0.4565377748794646,0.26641793438171496,0.2770442907388204,H
2023-24,2023-10-28,Wolves,Newcastle,D,4.11,3.75,1.93,0.24330900243309,0.26666666666666666,0.5181347150259068,1.0281103841256636,0.02811038412566358,0.23665649738574268,0.25937552113477397,0.5039679814794832,A
2023-24,2023-10-29,West Ham,Everton,A,2.08,3.7,3.62,0.4807692307692307,0.27027027027027023,0.27624309392265195,1.027282594962153,0.027282594962152906,0.46800095039762957,0.26309242616947826,0.2689066234328922,H
2023-24,2023-10-29,Aston Villa,Luton,H,1.34,5.85,8.55,0.7462686567164178,0.17094017094017094,0.11695906432748537,1.0341678919840742,0.03416789198407422,0.7216126728559371,0.16529247549178733,0.11309485165227552,H
2023-24,2023-10-29,Brighton,Fulham,D,1.64,4.32,5.29,0.6097560975609756,0.23148148148148145,0.1890359168241966,1.0302734958666537,0.030273495866653732,0.5918390602177493,0.22467964323081221,0.18348129655143836,H
2023-24,2023-10-29,Liverpool,Nott'm Forest,H,1.22,7.31,12.08,0.819672131147541,0.13679890560875513,0.08278145695364239,1.0392524937099386,0.03925249370993855,0.7887131723124028,0.13163202055008635,0.07965480713751087,H
2023-24,2023-10-29,Man United,Man City,A,5.6,4.3,1.61,0.17857142857142858,0.23255813953488372,0.6211180124223602,1.0322475805286726,0.032247580528672604,0.1729928284065069,0.2252929858317299,0.601714185761763,A
2023-24,2023-11-04,Fulham,Man United,A,3.03,3.59,2.38,0.33003300330033003,0.2785515320334262,0.42016806722689076,1.028752602560647,0.028752602560647045,0.32080891215132934,0.27076629632828075,0.40842479152038985,A
2023-24,2023-11-04,Brentford,West Ham,H,2.16,3.71,3.39,0.4629629629629629,0.2695417789757412,0.2949852507374631,1.0274899926761671,0.02748999267616714,0.4505766151134422,0.2623303203894974,0.28709306449706057,H
2023-24,2023-11-04,Burnley,Crystal Palace,A,3.53,3.21,2.31,0.28328611898017,0.3115264797507788,0.4329004329004329,1.0277130316313816,0.027713031631381613,0.2756471021200192,0.30312594096064416,0.4212269569193367,A
2023-24,2023-11-04,Everton,Brighton,D,2.86,3.52,2.54,0.3496503496503497,0.2840909090909091,0.39370078740157477,1.0274420461428335,0.02744204614283352,0.34031150561045054,0.27650309830849107,0.38318539608105845,A
2023-24,2023-11-04,Man City,Bournemouth,H,1.09,11.5,28.5,0.9174311926605504,0.08695652173913043,0.03508771929824561,1.0394754336979264,0.03947543369792639,0.8825905480005386,0.08365423454961628,0.03375521744984516,H
2023-24,2023-11-04,Sheffield United,Wolves,H,4.35,3.76,1.87,0.2298850574712644,0.26595744680851063,0.53475935828877,1.030601862568545,0.030601862568544913,0.2230590355215614,0.25806032035074256,0.5188806441276962,A
2023-24,2023-11-04,Newcastle,Arsenal,H,2.84,3.23,2.73,0.35211267605633806,0.30959752321981426,0.3663003663003663,1.0280105655765186,0.028010565576518598,0.34251853808415844,0.30116181057554486,0.35631965134029664,A
2023-24,2023-11-05,Nott'm Forest,Aston Villa,H,3.93,3.81,1.95,0.2544529262086514,0.26246719160104987,0.5128205128205129,1.0297406306302141,0.02974063063021415,0.24710390038015984,0.25488670039213335,0.4980093992277068,A
2023-24,2023-11-05,Luton,Liverpool,D,15.0,8.5,1.18,0.06666666666666667,0.11764705882352941,0.8474576271186441,1.0317713526088403,0.03177135260884034,0.06461379887908264,0.11402435096308701,0.8213618501578303,A
2023-24,2023-11-06,Tottenham,Chelsea,A,2.37,3.65,3.0,0.42194092827004215,0.273972602739726,0.3333333333333333,1.0292468643431014,0.02924686434310142,0.4099511428090077,0.26618745437187624,0.32386140281911613,H
2023-24,2023-11-11,Wolves,Tottenham,H,3.13,3.62,2.31,0.3194888178913738,0.27624309392265195,0.4329004329004329,1.0286323447144587,0.028632344714458746,0.3105957337750853,0.26855376981105444,0.4208504964138602,A
2023-24,2023-11-11,Arsenal,Burnley,H,1.19,7.49,16.59,0.8403361344537815,0.13351134846461948,0.06027727546714889,1.0341247583855497,0.034124758385549736,0.8126061460569746,0.129105649373538,0.05828820456948763,H
2023-24,2023-11-11,Crystal Palace,Everton,A,2.71,3.12,2.96,0.36900369003690037,0.3205128205128205,0.33783783783783783,1.0273543483875587,0.02735434838755868,0.35917859365276916,0.31197884256378344,0.3288425637834474,H
2023-24,2023-11-11,Man United,Luton,H,1.29,6.14,10.06,0.7751937984496123,0.16286644951140067,0.09940357852882703,1.03746382648984,0.037463826489839924,0.7472007974219272,0.15698518382317367,0.09581401875489921,H
2023-24,2023-11-11,Bournemouth,Newcastle,H,3.9,3.76,1.97,0.25641025641025644,0.26595744680851063,0.5076142131979695,1.0299819164167365,0.02998191641673653,0.24894636723555,0.2582156468666609,0.4928379858977892,A
2023-24,2023-11-12,Aston Villa,Fulham,H,1.64,4.22,5.4,0.6097560975609756,0.23696682464454977,0.18518518518518517,1.0319081073907106,0.031908107390710594,0.5909015475252043,0.22963946396714102,0.17945898850765463,H
2023-24,2023-11-12,Brighton,Sheffield United,D,1.27,6.23,11.19,0.7874015748031495,0.16051364365971107,0.08936550491510277,1.0372807233779635,0.03728072337796351,0.759101713795405,0.15474465112683217,0.08615363507776269,H
2023-24,2023-11-12,Liverpool,Brentford,H,1.4,5.51,7.48,0.7142857142857143,0.18148820326678766,0.1336898395721925,1.0294637571246943,0.02946375712469429,0.6938425071716207,0.17629392196738095,0.1298635708609985,H
2023-24,2023-11-12,West Ham,Nott'm Forest,H,1.81,3.84,4.59,0.5524861878453039,0.2604166666666667,0.2178649237472767,1.0307677782592473,0.030767778259247258,0.5359948181328857,0.25264339083867793,0.2113617910284364,H
2023-24,2023-11-12,Chelsea,Man City,D,4.8,4.0,1.76,0.20833333333333334,0.25,0.5681818181818182,1.0265151515151516,0.026515151515151603,0.2029520295202952,0.24354243542435422,0.5535055350553506,A
2023-24,2023-11-25,Man City,Liverpool,D,1.7,4.42,4.61,0.5882352941176471,0.22624434389140272,0.21691973969631234,1.031399377705362,0.03139937770536205,0.5703273696231443,0.2193566806242863,0.21031594975256945,H
2023-24,2023-11-25,Burnley,West Ham,A,3.48,3.43,2.23,0.28735632183908044,0.29154518950437314,0.4484304932735426,1.0273320046169963,0.027332004616996253,0.2797112525918151,0.28378867609898445,0.4365000713092004,A
2023-24,2023-11-25,Luton,Crystal Palace,H,4.12,3.42,2.03,0.24271844660194175,0.29239766081871343,0.4926108374384237,1.027726944859079,0.027726944859078895,0.23617016933931134,0.2845090928882932,0.4793207377723955,A
2023-24,2023-11-25,Newcastle,Chelsea,H,2.6,3.55,2.76,0.3846153846153846,0.28169014084507044,0.3623188405797102,1.0286243660401653,0.028624366040165272,0.37391237978934505,0.2738513204090978,0.352236299801557,H
2023-24,2023-11-25,Nott'm Forest,Brighton,A,3.69,3.63,2.07,0.2710027100271003,0.27548209366391185,0.48309178743961356,1.0295765911306258,0.02957659113062583,0.2632176298117847,0.26756833443677286,0.4692140357514423,A
2023-24,2023-11-25,Sheffield United,Bournemouth,A,3.57,3.5,2.16,0.2801120448179272,0.2857142857142857,0.4629629629629629,1.028789293495176,0.028789293495175894,0.27227348358795944,0.2777189532597186,0.4500075631523218,A
2023-24,2023-11-25,Brentford,Arsenal,A,5.8,4.05,1.65,0.1724137931034483,0.2469135802469136,0.6060606060606061,1.025387979410968,0.02538797941096793,0.1681449330062276,0.2408001509718815,0.591054916021891,A
2023-24,2023-11-26,Tottenham,Aston Villa,A,2.7,3.7,2.58,0.37037037037037035,0.27027027027027023,0.38759689922480617,1.0282375398654469,0.02823753986544686,0.3601992302467738,0.2628480869368349,0.37695268281639116,A
2023-24,2023-11-26,Everton,Man United,A,2.68,3.45,2.75,0.3731343283582089,0.2898550724637681,0.36363636363636365,1.0266257644583408,0.02662576445834075,0.3634570076809623,0.2823376175608635,0.3542053747581742,H
2023-24,2023-11-27,Fulham,Wolves,H,2.43,3.3,3.19,0.4115226337448559,0.30303030303030304,0.31347962382445144,1.0280325605996103,0.028032560599610346,0.4003011670222111,0.2947672229890827,0.3049316099887063,H
2023-24,2023-12-02,Arsenal,Wolves,H,1.24,6.5,13.0,0.8064516129032259,0.15384615384615385,0.07692307692307693,1.0372208436724566,0.037220843672456594,0.777511961722488,0.14832535885167464,0.07416267942583732,H
2023-24,2023-12-02,Brentford,Luton,H,1.54,4.43,6.38,0.6493506493506493,0.22573363431151244,0.15673981191222572,1.0318240955743874,0.03182409557438737,0.6293230136181053,0.21877143137062804,0.15190555501126682,H
2023-24,2023-12-02,Burnley,Sheffield United,H,1.74,3.81,5.19,0.5747126436781609,0.26246719160104987,0.19267822736030826,1.029858062639519,0.029858062639519067,0.5580503416220061,0.25485763633130987,0.1870920220466841,H
2023-24,2023-12-02,Nott'm Forest,Everton,A,2.88,3.16,2.76,0.3472222222222222,0.3164556962025316,0.3623188405797102,1.025996759004464,0.025996759004464076,0.3384242875768299,0.3084373253864779,0.35313838703669215,A
2023-24,2023-12-02,Newcastle,Man United,H,2.0,3.78,3.79,0.5,0.2645502645502646,0.2638522427440633,1.028402507294328,0.028402507294327917,0.4861909577753494,0.2572438930028304,0.2565651492218202,H
2023-24,2023-12-03,Bournemouth,Aston Villa,D,3.12,3.98,2.19,0.3205128205128205,0.25125628140703515,0.4566210045662101,1.0283901064860657,0.028390106486065658,0.31166462852116456,0.24432001029799832,0.44401536118083723,A
2023-24,2023-12-03,Chelsea,Brighton,H,1.6,4.45,5.5,0.625,0.2247191011235955,0.18181818181818182,1.0315372829417773,0.03153728294177727,0.6058918182943434,0.21784874365639312,0.17625943804926353,H
2023-24,2023-12-03,Liverpool,Fulham,H,1.23,7.04,11.81,0.8130081300813008,0.14204545454545456,0.0846740050804403,1.0397275897071956,0.03972758970719559,0.7819434033776648,0.13661795257876816,0.08143864404356713,H
2023-24,2023-12-03,West Ham,Crystal Palace,D,1.94,3.58,4.26,0.5154639175257733,0.27932960893854747,0.2347417840375587,1.0295353105018794,0.029535310501879408,0.5006762879016691,0.27131620070649104,0.2280075113918399,H
2023-24,2023-12-03,Man City,Tottenham,D,1.23,7.6,10.75,0.8130081300813008,0.13157894736842105,0.09302325581395349,1.0376103332636752,0.037610333263675244,0.7835389683563425,0.12680959619451332,0.0896514354491443,H
2023-24,2023-12-05,Wolves,Burnley,H,1.95,3.65,4.13,0.5128205128205129,0.273972602739726,0.24213075060532688,1.0289238661655657,0.028923866165565748,0.49840472136350866,0.26627101552297033,0.235324263113521,H
2023-24,2023-12-05,Luton,Arsenal,A,15.5,7.25,1.2,0.06451612903225806,0.13793103448275862,0.8333333333333334,1.03578049684835,0.03578049684834994,0.06228745301592984,0.13316627886164312,0.8045462681224271,A
2023-24,2023-12-06,Brighton,Brentford,H,1.76,4.1,4.57,0.5681818181818182,0.24390243902439027,0.2188183807439825,1.0309026379501909,0.03090263795019088,0.5511498343932558,0.23659114842247078,0.21225901718427354,H
2023-24,2023-12-06,Crystal Palace,Bournemouth,A,2.36,3.43,3.2,0.42372881355932207,0.29154518950437314,0.3125,1.0277740030636953,0.027774003063695263,0.41227819763510976,0.28366663160899674,0.30405517075589344,H
2023-24,2023-12-06,Fulham,Nott'm Forest,H,2.06,3.46,3.94,0.4854368932038835,0.28901734104046245,0.25380710659898476,1.0282613408433305,0.02826134084333054,0.4720948594700171,0.281073818065964,0.2468313224640191,H
2023-24,2023-12-06,Sheffield United,Liverpool,A,14.0,8.5,1.18,0.07142857142857142,0.11764705882352941,0.8474576271186441,1.036533257370745,0.03653325737074509,0.06891102713844038,0.11350051528684299,0.8175884575747165,A
2023-24,2023-12-06,Aston Villa,Man City,H,5.12,4.33,1.64,0.1953125,0.23094688221709006,0.6097560975609756,1.0360154797780656,0.03601547977806563,0.18852276226783762,0.22291837016427912,0.5885588675678833,A
2023-24,2023-12-06,Man United,Chelsea,H,2.86,3.61,2.49,0.3496503496503497,0.2770083102493075,0.4016064257028112,1.0282650856024684,0.02826508560246843,0.3400391149578777,0.26939386946801386,0.3905670155741084,A
2023-24,2023-12-07,Everton,Newcastle,H,3.28,3.45,2.31,0.3048780487804878,0.2898550724637681,0.4329004329004329,1.0276335541446888,0.02763355414468882,0.29667973330652997,0.2820607319551937,0.4212595347382763,A
2023-24,2023-12-07,Tottenham,West Ham,A,1.67,4.4,4.9,0.5988023952095809,0.22727272727272727,0.2040816326530612,1.0301567551353694,0.030156755135369417,0.5812730851149874,0.22061955730500657,0.1981073575800059,H
2023-24,2023-12-09,Crystal Palace,Liverpool,A,6.65,4.7,1.5,0.15037593984962405,0.2127659574468085,0.6666666666666666,1.0298085639630992,0.029808563963099166,0.14602319801159902,0.20660729080364543,0.6473695111847556,A
2023-24,2023-12-09,Brighton,Burnley,D,1.54,4.53,6.19,0.6493506493506493,0.22075055187637968,0.16155088852988692,1.031652089756916,0.03165208975691591,0.6294279397075164,0.2139777101875442,0.15659435010493947,H
2023-24,2023-12-09,Man United,Bournemouth,A,1.67,4.48,4.78,0.5988023952095809,0.2232142857142857,0.20920502092050208,1.0312217018443688,0.031221701844368788,0.5806728021128784,0.216456156144756,0.20287104174236545,H
2023-24,2023-12-09,Sheffield United,Brentford,H,4.71,3.91,1.78,0.21231422505307856,0.2557544757033248,0.5617977528089888,1.029866453565392,0.02986645356539208,0.20615704523440673,0.24833751484758457,0.5455054399180088,A
2023-24,2023-12-09,Wolves,Nott'm Forest,D,1.99,3.34,4.42,0.5025125628140703,0.29940119760479045,0.22624434389140272,1.0281581043102634,0.028158104310263443,0.4887502814084992,0.2912015149709322,0.22004820362056865,H
2023-24,2023-12-09,Aston Villa,Arsenal,H,3.65,3.87,2.02,0.273972602739726,0.25839793281653745,0.49504950495049505,1.0274200405067586,0.027420040506758614,0.26666075406178896,0.2515017447869586,0.48183750115125235,A
2023-24,2023-12-10,Everton,Chelsea,H,2.55,3.45,2.88,0.3921568627450981,0.2898550724637681,0.3472222222222222,1.0292341574310884,0.02923415743108837,0.38101811906816224,0.2816220880069025,0.3373597929249353,H
2023-24,2023-12-10,Fulham,West Ham,H,2.19,3.6,3.41,0.4566210045662101,0.2777777777777778,0.29325513196480935,1.0276539143087973,0.027653914308797267,0.4443334455387489,0.27030284603607224,0.28536370842517883,H
2023-24,2023-12-10,Luton,Man City,A,16.0,7.8,1.18,0.0625,0.12820512820512822,0.8474576271186441,1.0381627553237724,0.038162755323772446,0.060202506475497755,0.12349232097538002,0.8163051725491222,A
2023-24,2023-12-10,Tottenham,Newcastle,H,2.06,4.0,3.41,0.4854368932038835,0.25,0.29325513196480935,1.0286920251686928,0.028692025168692847,0.47189720667298635,0.24302706143658795,0.28507573189042573,H
2023-24,2023-12-15,Nott'm Forest,Tottenham,A,5.14,4.19,1.68,0.19455252918287938,0.2386634844868735,0.5952380952380952,1.028454108907848,0.028454108907848052,0.1891698691247212,0.2320604122436914,0.5787697186315874,A
2023-24,2023-12-16,Chelsea,Sheffield United,H,1.18,8.04,15.9,0.8474576271186441,0.12437810945273634,0.06289308176100629,1.0347288183323868,0.034728818332386835,0.8190142306893926,0.12020358112108002,0.06078218818952725,H
2023-24,2023-12-16,Man City,Crystal Palace,D,1.18,7.6,20.24,0.8474576271186441,0.13157894736842105,0.049407114624505935,1.0284436891115711,0.028443689111571135,0.824019473395502,0.1279398656061437,0.04804066099835436,H
2023-24,2023-12-16,Newcastle,Fulham,H,1.92,3.83,4.07,0.5208333333333334,0.2610966057441253,0.24570024570024568,1.0276301847777043,0.027630184777704292,0.5068295395059842,0.25407642711527145,0.23909403337874438,H
2023-24,2023-12-16,Burnley,Everton,A,3.28,3.57,2.26,0.3048780487804878,0.2801120448179272,0.4424778761061947,1.0274679697046096,0.02746796970460963,0.29672754554882935,0.2726236272829581,0.43064882716821257,A
2023-24,2023-12-17,Arsenal,Brighton,H,1.47,4.88,6.82,0.6802721088435374,0.20491803278688525,0.14662756598240467,1.0318177076128272,0.031817707612827206,0.659294857826571,0.1985990657797253,0.14210607639370373,H
2023-24,2023-12-17,Brentford,Aston Villa,A,3.18,3.46,2.36,0.31446540880503143,0.28901734104046245,0.42372881355932207,1.027211563404816,0.027211563404816008,0.30613499692575313,0.281361066538698,0.4125039365355488,A
2023-24,2023-12-17,West Ham,Wolves,H,1.9,3.65,4.34,0.5263157894736842,0.273972602739726,0.2304147465437788,1.030703138757189,0.030703138757188997,0.5106376120172781,0.26581135968022696,0.22355102830249501,H
2023-24,2023-12-17,Liverpool,Man United,D,1.33,6.1,8.5,0.7518796992481203,0.1639344262295082,0.11764705882352941,1.0334611843011579,0.033461184301157854,0.7275354998035584,0.15862659258012013,0.1138379076163215,H
2023-24,2023-12-21,Crystal Palace,Brighton,D,3.23,3.37,2.38,0.30959752321981426,0.29673590504451036,0.42016806722689076,1.0265014954912155,0.0265014954912155,0.30160455155660676,0.28907498561656964,0.40932046282682344,A
2023-24,2023-12-22,Aston Villa,Sheffield United,D,1.22,7.3,12.5,0.819672131147541,0.136986301369863,0.08,1.036658432517404,0.03665843251740397,0.790686792714417,0.13214217631665598,0.07717103096892709,H
2023-24,2023-12-23,West Ham,Man United,H,2.1,3.89,3.39,0.47619047619047616,0.2570694087403599,0.2949852507374631,1.0282451356682991,0.028245135668299115,0.4631098749433716,0.25000790164038056,0.2868822234162479,H
2023-24,2023-12-23,Fulham,Burnley,A,1.71,3.93,5.24,0.5847953216374269,0.2544529262086514,0.19083969465648853,1.0300879425025669,0.030087942502566856,0.5677139761646803,0.24702058504875407,0.18526543878656554,H
2023-24,2023-12-23,Luton,Newcastle,H,5.32,4.12,1.67,0.18796992481203006,0.24271844660194175,0.5988023952095809,1.0294907666235527,0.029490766623552656,0.18258534307065216,0.23576554008152176,0.5816491168478262,A
2023-24,2023-12-23,Nott'm Forest,Bournemouth,A,2.94,3.45,2.52,0.3401360544217687,0.2898550724637681,0.3968253968253968,1.0268165237109337,0.026816523710933682,0.3312530004800768,0.28228516562650025,0.3864618338934229,A
2023-24,2023-12-23,Tottenham,Everton,H,1.7,4.29,4.76,0.5882352941176471,0.2331002331002331,0.21008403361344538,1.0314195608313255,0.031419560831325466,0.5703162092868674,0.2259994302535372,0.2036843604595955,H
2023-24,2023-12-23,Liverpool,Arsenal,D,2.52,3.66,2.8,0.3968253968253968,0.27322404371584696,0.35714285714285715,1.027192297684101,0.02719229768410103,0.38632045598480047,0.265991133628879,0.3476884103863204,H
2023-24,2023-12-24,Wolves,Chelsea,H,3.34,3.65,2.2,0.29940119760479045,0.273972602739726,0.45454545454545453,1.027919254889971,0.027919254889970935,0.29126917915049516,0.26653124886648044,0.4421995719830244,A
2023-24,2023-12-26,Newcastle,Nott'm Forest,A,1.4,5.15,8.1,0.7142857142857143,0.1941747572815534,0.1234567901234568,1.0319172616907246,0.03191726169072462,0.6921928150667883,0.1881689206006803,0.11963826433253132,H
2023-24,2023-12-26,Bournemouth,Fulham,H,1.92,3.9,3.97,0.5208333333333334,0.25641025641025644,0.2518891687657431,1.0291327585093328,0.029132758509332835,0.5060895487261958,0.2491517778344349,0.24475867343936927,H
2023-24,2023-12-26,Sheffield United,Luton,A,2.46,3.29,3.15,0.4065040650406504,0.303951367781155,0.31746031746031744,1.0279157502821228,0.027915750282122787,0.3954643801586666,0.2956967705745653,0.3088388492667682,H
2023-24,2023-12-26,Burnley,Liverpool,A,7.85,5.65,1.38,0.12738853503184713,0.17699115044247787,0.7246376811594204,1.0290173666337454,0.029017366633745434,0.12379629262096613,0.17200015877426267,0.7042035486047712,A
2023-24,2023-12-26,Man United,Aston Villa,H,2.35,3.77,2.98,0.425531914893617,0.26525198938992045,0.33557046979865773,1.0263543740821952,0.02635437408219521,0.41460525296064893,0.25844094017440983,0.32695380686494124,H
2023-24,2023-12-27,Brentford,Wolves,A,2.25,3.39,3.46,0.4444444444444444,0.2949852507374631,0.28901734104046245,1.0284470362223699,0.02844703622236988,0.432151028483636,0.2868259038608204,0.2810230676555437,H
2023-24,2023-12-27,Chelsea,Crystal Palace,H,1.81,3.76,4.72,0.5524861878453039,0.26595744680851063,0.21186440677966104,1.0303080414334755,0.03030804143347554,0.5362339859801789,0.2581339134638627,0.20563210055595843,H
2023-24,2023-12-27,Everton,Man City,A,5.5,3.97,1.68,0.18181818181818182,0.2518891687657431,0.5952380952380952,1.0289454458220202,0.028945445822020188,0.17670342247632773,0.24480323013093264,0.5784933473927396,A
2023-24,2023-12-28,Brighton,Tottenham,H,2.48,3.92,2.71,0.40322580645161293,0.25510204081632654,0.36900369003690037,1.02733153730484,0.027331537304839948,0.3924982265310948,0.24831520454008038,0.3591865689288247,H
2023-24,2023-12-28,Arsenal,West Ham,A,1.29,6.09,10.81,0.7751937984496123,0.16420361247947454,0.09250693802035152,1.0319043489494384,0.03190434894943839,0.7512264089581772,0.15912677628178137,0.0896468147600415,H
2023-24,2023-12-30,Luton,Chelsea,A,5.55,4.6,1.58,0.1801801801801802,0.2173913043478261,0.6329113924050632,1.0304828769330694,0.03048287693306939,0.17485024177833383,0.21096061779777234,0.6141891404238939,A
2023-24,2023-12-30,Aston Villa,Burnley,H,1.41,5.3,7.94,0.7092198581560284,0.18867924528301888,0.12594458438287154,1.0238436878219188,0.023843687821918813,0.6927032579209355,0.18428520635255077,0.12301153572651373,H
2023-24,2023-12-30,Crystal Palace,Brentford,H,2.15,3.27,3.89,0.46511627906976744,0.3058103975535168,0.2570694087403599,1.027996085363644,0.027996085363644063,0.4524494652187677,0.29748206428756896,0.2500684704936634,H
2023-24,2023-12-30,Man City,Sheffield United,H,1.07,14.0,36.0,0.9345794392523364,0.07142857142857142,0.027777777777777776,1.0337857884586856,0.03378578845868563,0.9040358744394619,0.06909417040358744,0.026869955156950672,H
2023-24,2023-12-30,Wolves,Everton,H,2.97,3.24,2.61,0.33670033670033667,0.30864197530864196,0.3831417624521073,1.028484074461086,0.028484074461085918,0.3273753527751646,0.30009407337723426,0.37253057384760113,A
2023-24,2023-12-30,Nott'm Forest,Man United,H,3.31,3.66,2.21,0.3021148036253776,0.27322404371584696,0.45248868778280543,1.02782753512403,0.027827535124030023,0.2939353085037957,0.26582674075070045,0.4402379507455039,A
2023-24,2023-12-31,Fulham,Arsenal,H,5.78,4.22,1.61,0.17301038062283736,0.23696682464454977,0.6211180124223602,1.0310952176897472,0.031095217689747212,0.16779282616641478,0.22982050598148757,0.6023866678520978,A
2023-24,2023-12-31,Tottenham,Bournemouth,H,1.79,4.59,3.92,0.5586592178770949,0.2178649237472767,0.25510204081632654,1.0316261824406983,0.03162618244069826,0.5415326087937951,0.21118591933352795,0.24728147187267685,H
2023-24,2024-01-01,Liverpool,Newcastle,H,1.38,5.7,7.75,0.7246376811594204,0.17543859649122806,0.12903225806451613,1.0291085357151646,0.029108535715164585,0.7041411629686305,0.17047628156082628,0.12538255547054322,H
2023-24,2024-01-02,West Ham,Brighton,D,3.19,3.65,2.27,0.31347962382445144,0.273972602739726,0.44052863436123346,1.0279808609254109,0.027980860925410855,0.3049469457459064,0.2665152758710798,0.4285377783830138,A
2023-24,2024-01-12,Burnley,Luton,D,2.18,3.47,3.6,0.4587155963302752,0.2881844380403458,0.2777777777777778,1.0246778121483988,0.024677812148398814,0.4476681264020986,0.28124395260996393,0.2710879209879375,H
2023-24,2024-01-13,Chelsea,Fulham,H,1.67,4.15,5.3,0.5988023952095809,0.24096385542168672,0.18867924528301888,1.0284454959142866,0.028445495914286578,0.5822402816565855,0.23429910129313192,0.18346061705028258,H
2023-24,2024-01-13,Newcastle,Man City,A,5.1,4.25,1.67,0.19607843137254904,0.23529411764705882,0.5988023952095809,1.0301749442291888,0.03017494422918876,0.19033508092090268,0.2284020971050832,0.5812628219740141,A
2023-24,2024-01-14,Everton,Aston Villa,D,2.55,3.61,2.79,0.3921568627450981,0.2770083102493075,0.35842293906810035,1.0275881120625059,0.027588112062505887,0.38162845418480673,0.26957134575381086,0.34880020006138246,H
2023-24,2024-01-14,Man United,Tottenham,D,1.99,4.02,3.59,0.5025125628140703,0.24875621890547267,0.2785515320334262,1.0298203137529691,0.02982031375296912,0.4879614007445301,0.24155303171184456,0.27048556754362535,H
2023-24,2024-01-20,Arsenal,Crystal Palace,H,1.27,6.15,12.65,0.7874015748031495,0.16260162601626016,0.07905138339920949,1.0290545842186192,0.029054584218619173,0.7651698820243229,0.1580106910846976,0.07681942689097947,H
2023-24,2024-01-20,Brentford,Nott'm Forest,H,1.78,3.86,4.81,0.5617977528089888,0.2590673575129534,0.2079002079002079,1.0287653182221501,0.028765318222150116,0.5460893197487,0.2518235723193487,0.20208710793195134,H
2023-24,2024-01-21,Sheffield United,West Ham,D,2.82,3.35,2.67,0.3546099290780142,0.29850746268656714,0.37453183520599254,1.027649226970574,0.027649226970573926,0.34506903695473534,0.290476025138016,0.3644549379072486,A
2023-24,2024-01-21,Bournemouth,Liverpool,A,4.49,4.46,1.71,0.22271714922048996,0.2242152466367713,0.5847953216374269,1.0317277174946882,0.03172771749468817,0.21586814567830648,0.21732017356403502,0.5668116807576585,A
2023-24,2024-01-22,Brighton,Wolves,D,1.67,4.25,5.15,0.5988023952095809,0.23529411764705882,0.1941747572815534,1.028271270138193,0.028271270138193083,0.5823389338973807,0.22882494579026486,0.1888361203123545,H
2023-24,2024-01-30,Nott'm Forest,Arsenal,A,9.02,5.14,1.38,0.11086474501108648,0.19455252918287938,0.7246376811594204,1.0300549553533862,0.030054955353386203,0.10762993220400706,0.18887587324516414,0.7034941945508288,A
2023-24,2024-01-30,Fulham,Everton,D,2.23,3.27,3.64,0.4484304932735426,0.3058103975535168,0.2747252747252747,1.0289661655523341,0.02896616555233411,0.43580684019170995,0.29720160661391837,0.2669915531943717,H
2023-24,2024-01-30,Luton,Brighton,H,4.29,3.99,1.83,0.2331002331002331,0.2506265664160401,0.5464480874316939,1.0301748869479672,0.030174886947967217,0.22627248640356992,0.24328545530609397,0.530442058290336,A
2023-24,2024-01-30,Crystal Palace,Sheffield United,H,1.61,4.01,6.2,0.6211180124223602,0.24937655860349128,0.16129032258064516,1.0317848936064966,0.03178489360649661,0.6019840145665507,0.24169433003794183,0.15632165539550752,H
2023-24,2024-01-30,Aston Villa,Newcastle,A,1.86,4.08,4.06,0.5376344086021505,0.24509803921568626,0.24630541871921185,1.0290378665370485,0.02903786653704854,0.5224631921577533,0.23818174936603462,0.23935505847621216,H
2023-24,2024-01-31,Man City,Burnley,H,1.11,11.5,23.0,0.9009009009009008,0.08695652173913043,0.043478260869565216,1.0313356835095964,0.03133568350959637,0.8735282947208508,0.08431447018609951,0.04215723509304976,H
2023-24,2024-01-31,Tottenham,Brentford,H,1.62,4.56,5.18,0.6172839506172839,0.2192982456140351,0.19305019305019305,1.029632389281512,0.029632389281512017,0.599518776840374,0.2129869338775013,0.18749428928212472,H
2023-24,2024-01-31,Liverpool,Chelsea,H,1.66,4.46,4.89,0.6024096385542169,0.2242152466367713,0.20449897750511248,1.0311238626961008,0.03112386269610079,0.5842262606347641,0.21744744229903776,0.19832629706619803,H
2023-24,2024-02-01,West Ham,Bournemouth,D,2.51,3.54,2.89,0.39840637450199207,0.2824858757062147,0.3460207612456747,1.0269130114538814,0.026913011453881364,0.3879650662308163,0.2750825752088556,0.33695235856032824,H
2023-24,2024-02-01,Wolves,Man United,A,3.01,3.46,2.46,0.33222591362126247,0.28901734104046245,0.4065040650406504,1.0277473197023754,0.027747319702375428,0.3232564145411457,0.2812143953089158,0.3955291901499384,A
2023-24,2024-02-03,Everton,Tottenham,D,3.1,3.74,2.28,0.3225806451612903,0.267379679144385,0.4385964912280702,1.0285568155337454,0.02855681553374545,0.3136245273858738,0.2599561590631574,0.42641931355096885,A
2023-24,2024-02-03,Brighton,Crystal Palace,H,1.74,3.82,5.23,0.5747126436781609,0.2617801047120419,0.19120458891013384,1.0276973373003366,0.027697337300336633,0.559223637951497,0.25472490315068186,0.18605145889782118,H
2023-24,2024-02-03,Burnley,Fulham,D,2.97,3.28,2.59,0.33670033670033667,0.3048780487804878,0.3861003861003861,1.0276787715812106,0.02767877158121057,0.327631888495937,0.29666667952223563,0.37570143198182737,A
2023-24,2024-02-03,Newcastle,Luton,D,1.54,4.69,5.92,0.6493506493506493,0.21321961620469082,0.16891891891891891,1.031489184474259,0.03148918447425908,0.6295273466019109,0.2067104720185379,0.16376218137955115,H
2023-24,2024-02-03,Sheffield United,Aston Villa,A,5.35,4.3,1.64,0.1869158878504673,0.23255813953488372,0.6097560975609756,1.0292301249463267,0.029230124946326708,0.18160747856094359,0.2259534907676856,0.5924390306713707,A
2023-24,2024-02-04,Bournemouth,Nott'm Forest,D,1.66,4.37,5.01,0.6024096385542169,0.22883295194508008,0.1996007984031936,1.0308433889024906,0.03084338890249061,0.5843852180063794,0.22198614688571847,0.19362863510790215,H
2023-24,2024-02-04,Chelsea,Wolves,A,1.54,4.63,6.02,0.6493506493506493,0.2159827213822894,0.16611295681063123,1.03144632754357,0.03144632754356991,0.6295535036681003,0.20939792562610676,0.1610485707057931,H
2023-24,2024-02-04,Man United,West Ham,H,1.56,4.59,5.9,0.641025641025641,0.2178649237472767,0.1694915254237288,1.0283820901966465,0.028382090196646503,0.6233341159248159,0.21185211783065644,0.16481376624452762,H
2023-24,2024-02-04,Arsenal,Liverpool,H,2.2,3.75,3.26,0.45454545454545453,0.26666666666666666,0.3067484662576687,1.02796058746979,0.02796058746978991,0.4421817918761529,0.2594133179006764,0.2984048902231707,H
2023-24,2024-02-05,Brentford,Man City,A,7.8,5.4,1.39,0.12820512820512822,0.18518518518518517,0.7194244604316548,1.0328147738219682,0.03281477382196818,0.12413177217701925,0.1793014487001389,0.6965667791228418,A
2023-24,2024-02-10,Man City,Everton,H,1.24,6.85,12.25,0.8064516129032259,0.14598540145985403,0.08163265306122448,1.0340696674243044,0.034069667424304395,0.7798813158420581,0.14117559586046016,0.07894308829748178,H
2023-24,2024-02-10,Fulham,Bournemouth,H,2.64,3.5,2.76,0.3787878787878788,0.2857142857142857,0.3623188405797102,1.0268210050818747,0.026821005081874683,0.3688937769223719,0.2782513060214462,0.3528549170561819,H
2023-24,2024-02-10,Liverpool,Burnley,H,1.16,9.27,15.41,0.8620689655172414,0.10787486515641856,0.06489292667099286,1.0348367573446529,0.03483675734465286,0.8330482652445336,0.10424336436716926,0.06270837038829714,H
2023-24,2024-02-10,Luton,Sheffield United,A,1.72,4.05,4.96,0.5813953488372093,0.2469135802469136,0.20161290322580647,1.0299218323099293,0.029921832309929286,0.5645043445027709,0.23974011667771997,0.19575553881950924,H
2023-24,2024-02-10,Tottenham,Brighton,H,1.72,4.64,4.27,0.5813953488372093,0.21551724137931036,0.234192037470726,1.0311046276872458,0.031104627687245756,0.5638567932153224,0.2090158802436109,0.22712732654106663,H
2023-24,2024-02-10,Wolves,Brentford,A,2.27,3.54,3.28,0.44052863436123346,0.2824858757062147,0.3048780487804878,1.027892558847936,0.027892558847935955,0.4285745923241033,0.2748204306711058,0.296604977004791,H
2023-24,2024-02-10,Nott'm Forest,Newcastle,A,3.32,3.79,2.16,0.30120481927710846,0.2638522427440633,0.4629629629629629,1.0280200249841347,0.028020024984134695,0.29299508954775166,0.25666060614737085,0.4503443043048775,A
2023-24,2024-02-11,West Ham,Arsenal,A,6.25,4.4,1.56,0.16,0.22727272727272727,0.641025641025641,1.0282983682983682,0.02829836829836818,0.15559686267398107,0.2210182708437231,0.6233848664822959,A
2023-24,2024-02-11,Aston Villa,Man United,A,2.18,3.93,3.18,0.4587155963302752,0.2544529262086514,0.31446540880503143,1.027633931343958,0.027633931343957974,0.4463803523209464,0.24761047533324762,0.30600917234580605,H
2023-24,2024-02-12,Crystal Palace,Chelsea,A,5.04,3.99,1.72,0.1984126984126984,0.2506265664160401,0.5813953488372093,1.030434613665948,0.030434613665947907,0.19255243931180765,0.24322413386754652,0.5642234268206457,A
2023-24,2024-02-17,Brentford,Liverpool,A,4.85,4.45,1.66,0.2061855670103093,0.2247191011235955,0.6024096385542169,1.0333143066881219,0.03331430668812185,0.1995380937588633,0.21747410218662627,0.5829878040545102,A
2023-24,2024-02-17,Burnley,Arsenal,A,10.32,6.08,1.29,0.09689922480620154,0.16447368421052633,0.7751937984496123,1.0365667074663403,0.036566707466340276,0.09348093480934809,0.15867158671586717,0.7478474784747847,A
2023-24,2024-02-17,Fulham,Aston Villa,A,3.1,3.74,2.28,0.3225806451612903,0.267379679144385,0.4385964912280702,1.0285568155337454,0.02855681553374545,0.3136245273858738,0.2599561590631574,0.42641931355096885,A
2023-24,2024-02-17,Newcastle,Bournemouth,D,2.0,3.94,3.64,0.5,0.25380710659898476,0.2747252747252747,1.0285323813242595,0.028532381324259504,0.48612956585405537,0.2467662770832768,0.26710415706266777,H
2023-24,2024-02-17,Nott'm Forest,West Ham,H,2.29,3.54,3.24,0.4366812227074236,0.2824858757062147,0.30864197530864196,1.0278090737222803,0.027809073722280253,0.4248660902807104,0.27484275331718266,0.30029115640210696,H
2023-24,2024-02-17,Tottenham,Wolves,A,1.51,5.01,5.84,0.6622516556291391,0.1996007984031936,0.17123287671232876,1.0330853307446615,0.03308533074466147,0.6410425508140547,0.19320843347888672,0.16574901570705863,H
2023-24,2024-02-17,Man City,Chelsea,D,1.31,6.6,8.75,0.7633587786259541,0.15151515151515152,0.11428571428571428,1.0291596444268198,0.029159644426819842,0.7417301900242106,0.14722220438359335,0.11104760559219612,H
2023-24,2024-02-18,Sheffield United,Brighton,A,4.91,4.32,1.68,0.20366598778004072,0.23148148148148145,0.5952380952380952,1.0303855644996174,0.03038556449961738,0.19765997777632524,0.2246552062226289,0.5776848160010458,A
2023-24,2024-02-18,Luton,Man United,A,4.32,4.14,1.79,0.23148148148148145,0.24154589371980678,0.5586592178770949,1.0316865930783832,0.031686593078383174,0.22437190037604227,0.234127200392392,0.5415008992315657,A
2023-24,2024-02-19,Everton,Crystal Palace,D,1.83,3.49,5.06,0.5464480874316939,0.28653295128939826,0.19762845849802374,1.030609497219116,0.03060949721911599,0.5302183697182781,0.27802281277491375,0.19175881750680812,H
2023-24,2024-02-20,Man City,Brentford,H,1.18,8.5,15.0,0.8474576271186441,0.11764705882352941,0.06666666666666667,1.0317713526088403,0.03177135260884034,0.8213618501578303,0.11402435096308701,0.06461379887908264,H
2023-24,2024-02-21,Liverpool,Luton,H,1.25,6.93,10.47,0.8,0.14430014430014432,0.09551098376313276,1.0398111280632771,0.039811128063277135,0.7693704927836822,0.1387753414111981,0.09185416580511965,H
2023-24,2024-02-24,Aston Villa,Nott'm Forest,H,1.61,4.51,5.37,0.6211180124223602,0.22172949002217296,0.186219739292365,1.0290672417368982,0.02906724173689823,0.6035737872425265,0.21546647393801946,0.18095973881945396,H
2023-24,2024-02-24,Brighton,Everton,D,1.87,3.98,4.1,0.53475935828877,0.25125628140703515,0.24390243902439027,1.0299180787201954,0.029918078720195362,0.5192251396861357,0.24395754050579746,0.23681731980806683,H
2023-24,2024-02-24,Crystal Palace,Burnley,H,1.98,3.54,4.13,0.5050505050505051,0.2824858757062147,0.24213075060532688,1.0296671313620467,0.029667131362046684,0.49049881235154397,0.2743467933491686,0.2351543942992874,H
2023-24,2024-02-24,Man United,Fulham,A,1.65,4.26,5.24,0.6060606060606061,0.2347417840375587,0.19083969465648853,1.0316420847546532,0.031642084754653244,0.5874717743845632,0.22754188444472517,0.18498634117071167,H
2023-24,2024-02-24,Bournemouth,Man City,A,6.75,5.2,1.45,0.14814814814814814,0.1923076923076923,0.6896551724137931,1.0301110128696336,0.03011101286963358,0.14381765294931095,0.18668637642458633,0.6694959706261028,A
2023-24,2024-02-24,Arsenal,Newcastle,H,1.36,5.75,8.2,0.7352941176470588,0.17391304347826086,0.12195121951219513,1.0311583806375149,0.03115838063751486,0.7130758295272375,0.16865793533165965,0.11826623514110282,H
2023-24,2024-02-25,Wolves,Sheffield United,H,1.49,4.65,6.92,0.6711409395973155,0.2150537634408602,0.14450867052023122,1.0307033735584068,0.0307033735584068,0.6511484844376363,0.20864757888431784,0.14020393667804595,H
2023-24,2024-02-26,West Ham,Brentford,H,2.33,3.6,3.12,0.4291845493562232,0.2777777777777778,0.3205128205128205,1.0274751476468214,0.027475147646821352,0.41770796144234207,0.270349875044627,0.31194216351303106,H
2023-24,2024-03-02,Brentford,Chelsea,D,3.28,3.74,2.2,0.3048780487804878,0.267379679144385,0.45454545454545453,1.0268031824703274,0.026803182470327425,0.29691965703397905,0.26040012702445214,0.4426802159415687,A
2023-24,2024-03-02,Everton,West Ham,A,2.17,3.56,3.49,0.4608294930875576,0.2808988764044944,0.28653295128939826,1.0282613207814504,0.028261320781450383,0.44816379238824217,0.2731784914276645,0.27865771618409324,H
2023-24,2024-03-02,Fulham,Brighton,H,2.62,3.44,2.81,0.38167938931297707,0.29069767441860467,0.35587188612099646,1.0282489498525782,0.028248949852578198,0.37119356102206486,0.2827113749644797,0.3460950640134555,H
2023-24,2024-03-02,Newcastle,Wolves,H,1.73,4.28,4.58,0.5780346820809249,0.2336448598130841,0.2183406113537118,1.030020153247721,0.030020153247720893,0.5611877401217285,0.2268352314043435,0.211977028473928,H
2023-24,2024-03-02,Nott'm Forest,Liverpool,A,5.41,4.51,1.6,0.18484288354898337,0.22172949002217296,0.625,1.0315723735711564,0.03157237357115639,0.1791855698006759,0.21494322231078863,0.6058712078885354,A
2023-24,2024-03-02,Tottenham,Crystal Palace,H,1.54,4.6,6.11,0.6493506493506493,0.2173913043478261,0.1636661211129296,1.030408074811405,0.03040807481140506,0.6301878500607632,0.2109759324116468,0.15883621752759003,H
2023-24,2024-03-02,Luton,Aston Villa,A,4.55,4.5,1.7,0.21978021978021978,0.2222222222222222,0.5882352941176471,1.030237736120089,0.030237736120088954,0.21332961517010599,0.2156999442275516,0.5709704406023425,A
2023-24,2024-03-03,Burnley,Bournemouth,A,3.8,3.8,1.99,0.2631578947368421,0.2631578947368421,0.5025125628140703,1.0288283522877544,0.028828352287754377,0.2557840616966581,0.2557840616966581,0.48843187660668386,A
2023-24,2024-03-03,Man City,Man United,H,1.24,7.2,10.75,0.8064516129032259,0.1388888888888889,0.09302325581395349,1.0383637576060682,0.03836375760606825,0.7766561640811576,0.1337574504806438,0.08958638543819863,H
2023-24,2024-03-04,Sheffield United,Arsenal,A,17.5,7.75,1.18,0.05714285714285714,0.12903225806451613,0.8474576271186441,1.0336327423260174,0.03363274232601743,0.05528352073509853,0.12483375649860959,0.8198827227662918,A
2023-24,2024-03-09,Man United,Everton,H,1.95,3.74,4.01,0.5128205128205129,0.267379679144385,0.24937655860349128,1.0295767505683893,0.029576750568389265,0.4980886685110213,0.25969863732526505,0.24221269416371358,H
2023-24,2024-03-09,Bournemouth,Sheffield United,D,1.34,5.79,8.51,0.7462686567164178,0.17271157167530224,0.11750881316098707,1.0364890415527073,0.03648904155270727,0.7199966683665789,0.16663135330072812,0.11337197833269282,H
2023-24,2024-03-09,Crystal Palace,Luton,D,1.92,3.76,4.12,0.5208333333333334,0.26595744680851063,0.24271844660194175,1.0295092267437858,0.029509226743785755,0.5059044832270875,0.25833420420106595,0.23576131257184657,H
2023-24,2024-03-09,Wolves,Fulham,H,2.56,3.44,2.89,0.390625,0.29069767441860467,0.3460207612456747,1.0273434356642794,0.027343435664279436,0.3802282532203286,0.2829605605360585,0.33681118624361284,H
2023-24,2024-03-09,Arsenal,Brentford,H,1.22,7.5,13.0,0.819672131147541,0.13333333333333333,0.07692307692307693,1.0299285414039512,0.02992854140395118,0.7958533997224717,0.12945881968818873,0.07468778058933966,H
2023-24,2024-03-10,Aston Villa,Tottenham,A,2.55,3.86,2.66,0.3921568627450981,0.2590673575129534,0.37593984962406013,1.0271640698821116,0.02716406988211162,0.38178600113038047,0.25221614064312703,0.3659978582264925,H
2023-24,2024-03-10,Brighton,Nott'm Forest,H,1.63,4.39,5.3,0.6134969325153374,0.22779043280182235,0.18867924528301888,1.0299666106001786,0.029966610600178578,0.5956473988587286,0.2211629294167945,0.18318967172447695,H
2023-24,2024-03-10,West Ham,Burnley,D,1.66,4.08,5.43,0.6024096385542169,0.24509803921568626,0.1841620626151013,1.0316697403850046,0.031669740385004586,0.5839171344983,0.23757412825175928,0.17850873724994068,H
2023-24,2024-03-10,Liverpool,Man City,D,3.48,3.9,2.06,0.28735632183908044,0.25641025641025644,0.4854368932038835,1.0292034714532203,0.02920347145322033,0.2792026356395179,0.2491346594937237,0.47166270486675843,A
2023-24,2024-03-11,Chelsea,Newcastle,H,1.85,4.31,3.91,0.5405405405405405,0.2320185614849188,0.2557544757033248,1.0283135777287842,0.02831357772878418,0.5256573016709764,0.2256301642903263,0.24871253403869728,H
2023-24,2024-03-13,Bournemouth,Luton,H,1.53,4.89,5.69,0.6535947712418301,0.20449897750511248,0.17574692442882248,1.033840673175765,0.033840673175765,0.6322006748236256,0.19780511911659454,0.16999420605977983,H
2023-24,2024-03-16,Burnley,Brentford,H,3.18,3.65,2.28,0.31446540880503143,0.273972602739726,0.4385964912280702,1.0270345027728276,0.027034502772827596,0.3061877745645599,0.26676085564802754,0.4270513697874126,A
2023-24,2024-03-16,Luton,Nott'm Forest,D,2.67,3.59,2.67,0.37453183520599254,0.2785515320334262,0.37453183520599254,1.0276152024454113,0.02761520244541127,0.36446700507614216,0.27106598984771574,0.36446700507614216,H
2023-24,2024-03-16,Fulham,Tottenham,H,3.45,4.0,2.05,0.2898550724637681,0.25,0.48780487804878053,1.0276599505125485,0.027659950512548548,0.28205348697222465,0.24327113251354374,0.47467538051423175,A
2023-24,2024-03-17,West Ham,Aston Villa,D,2.48,3.69,2.83,0.40322580645161293,0.2710027100271003,0.35335689045936397,1.0275854069380772,0.027585406938077206,0.3924012580648798,0.2637276747969924,0.3438710671381279,H
2023-24,2024-03-30,Newcastle,West Ham,H,1.85,4.19,3.96,0.5405405405405405,0.2386634844868735,0.25252525252525254,1.0317292775526665,0.031729277552666524,0.523917031629402,0.23132374904878134,0.24475921932181663,H
2023-24,2024-03-30,Bournemouth,Everton,H,2.18,3.74,3.24,0.4587155963302752,0.267379679144385,0.30864197530864196,1.0347372507833021,0.03473725078330214,0.44331601668251996,0.25840345357430305,0.298280529743177,H
2023-24,2024-03-30,Chelsea,Burnley,D,1.25,6.66,11.18,0.8,0.15015015015015015,0.08944543828264759,1.0395955884327976,0.039595588432797646,0.7695300065730457,0.14443130753998604,0.08603868588696843,H
2023-24,2024-03-30,Nott'm Forest,Crystal Palace,D,2.25,3.4,3.43,0.4444444444444444,0.29411764705882354,0.29154518950437314,1.0301072810076413,0.030107281007641262,0.43145452191124506,0.2855213747942063,0.28302410329454847,H
2023-24,2024-03-30,Sheffield United,Fulham,D,4.89,4.13,1.71,0.20449897750511248,0.24213075060532688,0.5847953216374269,1.0314250497478663,0.03142504974786631,0.19826838368440114,0.23475360683213595,0.5669780094834629,A
2023-24,2024-03-30,Tottenham,Luton,H,1.19,8.37,12.64,0.8403361344537815,0.11947431302270013,0.0791139240506329,1.0389243715271146,0.03892437152711459,0.8088520757469302,0.1149980848433509,0.0761498394097189,H
2023-24,2024-03-30,Aston Villa,Wolves,H,1.53,4.41,6.66,0.6535947712418301,0.22675736961451246,0.15015015015015015,1.0305022910064927,0.03050229100649271,0.6342487318523701,0.22004547839776104,0.1457057897498688,H
2023-24,2024-03-30,Brentford,Man United,D,3.39,4.06,2.06,0.2949852507374631,0.24630541871921185,0.4854368932038835,1.0267275626605585,0.026727562660558535,0.28730625480927774,0.23989364625700782,0.4728000989337144,A
2023-24,2024-03-31,Liverpool,Brighton,H,1.29,6.6,9.25,0.7751937984496123,0.15151515151515152,0.10810810810810811,1.034817058072872,0.03481705807287194,0.7491119250519961,0.14641733080561745,0.1044707441423865,H
2023-24,2024-03-31,Man City,Arsenal,D,2.09,3.6,3.72,0.47846889952153115,0.2777777777777778,0.26881720430107525,1.025063881600384,0.025063881600384086,0.4667698356267515,0.27098582123886406,0.26224434313438455,H
2023-24,2024-04-02,Newcastle,Everton,D,2.03,3.78,3.72,0.4926108374384237,0.2645502645502646,0.26881720430107525,1.0259783062897636,0.02597830628976361,0.48013767388498496,0.2578517137530475,0.26201061236196754,H
2023-24,2024-04-02,Nott'm Forest,Fulham,H,2.74,3.48,2.66,0.36496350364963503,0.28735632183908044,0.37593984962406013,1.0282596751127757,0.028259675112775717,0.3549332065459119,0.27945890400453977,0.36560788944954825,A
2023-24,2024-04-02,Bournemouth,Crystal Palace,H,1.89,3.89,4.14,0.5291005291005292,0.2570694087403599,0.24154589371980678,1.0277158315606958,0.02771583156069579,0.5148315447248037,0.25013666311822075,0.2350317921569756,H
2023-24,2024-04-02,Burnley,Wolves,D,2.36,3.54,3.08,0.42372881355932207,0.2824858757062147,0.3246753246753247,1.0308900139408614,0.030890013940861438,0.4110320284697509,0.27402135231316727,0.31494661921708184,H
2023-24,2024-04-02,West Ham,Tottenham,D,3.47,4.26,1.99,0.2881844380403458,0.2347417840375587,0.5025125628140703,1.0254387848919748,0.02543878489197482,0.2810352429479296,0.22891837864537926,0.4900463784066912,A
2023-24,2024-04-03,Arsenal,Luton,H,1.13,10.5,19.5,0.8849557522123894,0.09523809523809523,0.05128205128205128,1.0314758987325359,0.03147589873253587,0.8579509742300441,0.0923318667504714,0.0497171590194846,H
2023-24,2024-04-03,Brentford,Brighton,D,2.57,3.63,2.75,0.38910505836575876,0.27548209366391185,0.36363636363636365,1.0282235156660344,0.028223515666034427,0.37842458613068675,0.26792043701263496,0.3536549768566781,H
2023-24,2024-04-03,Man City,Aston Villa,H,1.21,7.5,13.5,0.8264462809917356,0.13333333333333333,0.07407407407407407,1.033853688399143,0.033853688399142934,0.7993841781146377,0.12896731406916154,0.07164850781620084,H
2023-24,2024-04-04,Liverpool,Sheffield United,H,1.06,18.5,31.0,0.9433962264150942,0.05405405405405406,0.03225806451612903,1.0297083449852773,0.029708344985277302,0.9161780916018339,0.05249452849178077,0.031327379906385296,H
2023-24,2024-04-04,Chelsea,Man United,H,1.82,4.41,3.98,0.5494505494505494,0.22675736961451246,0.25125628140703515,1.0274642004720969,0.027464200472096856,0.5347636922026958,0.22069612694079513,0.24454018085650917,H
2023-24,2024-04-06,Crystal Palace,Man City,A,8.8,5.35,1.37,0.11363636363636363,0.1869158878504673,0.7299270072992701,1.0304792587861011,0.030479258786101138,0.11027525558372386,0.18138733628724676,0.7083374081290292,A
2023-24,2024-04-06,Aston Villa,Brentford,D,1.65,4.22,5.31,0.6060606060606061,0.23696682464454977,0.18832391713747648,1.0313513478426324,0.03135134784263238,0.5876373820893878,0.2297634313856611,0.18259918652495102,H
2023-24,2024-04-06,Everton,Burnley,H,1.76,3.92,4.79,0.5681818181818182,0.25510204081632654,0.20876826722338204,1.0320521262215268,0.032052126221526756,0.5505359697886614,0.2471794150071541,0.20228461520418456,H
2023-24,2024-04-06,Fulham,Newcastle,A,2.47,3.7,2.83,0.4048582995951417,0.27027027027027023,0.35335689045936397,1.028485460324776,0.028485460324775946,0.3936451366724185,0.2627847263732091,0.3435701369543724,H
2023-24,2024-04-06,Luton,Bournemouth,H,3.82,4.07,1.92,0.2617801047120419,0.24570024570024568,0.5208333333333334,1.0283136837456208,0.02831368374562082,0.25457222718121464,0.2389351124894938,0.5064926603292916,A
2023-24,2024-04-06,Wolves,West Ham,A,2.91,3.42,2.55,0.3436426116838488,0.29239766081871343,0.3921568627450981,1.0281971352476602,0.02819713524766021,0.33421860449073915,0.28437898803159384,0.3814024074776671,A
2023-24,2024-04-06,Brighton,Arsenal,A,6.55,4.6,1.51,0.15267175572519084,0.2173913043478261,0.6622516556291391,1.0323147157021562,0.03231471570215616,0.14789264688661066,0.21058626893636953,0.6415210841770197,A
2023-24,2024-04-07,Man United,Liverpool,D,5.0,4.85,1.6,0.2,0.2061855670103093,0.625,1.0311855670103092,0.031185567010309168,0.19395151212196954,0.19995001249687583,0.6060984753811548,A
2023-24,2024-04-07,Sheffield United,Chelsea,D,6.69,5.28,1.44,0.14947683109118085,0.1893939393939394,0.6944444444444444,1.0333152149295648,0.033315214929564796,0.14465753424657532,0.1832876712328767,0.6720547945205478,A
2023-24,2024-04-07,Tottenham,Nott'm Forest,H,1.42,5.5,6.9,0.7042253521126761,0.18181818181818182,0.14492753623188406,1.030971070162742,0.03097107016274192,0.6830699449224235,0.17635624032542568,0.14057381475215092,H
2023-24,2024-04-13,Newcastle,Tottenham,H,2.65,4.1,2.48,0.37735849056603776,0.24390243902439027,0.40322580645161293,1.0244867360420409,0.02448673604204088,0.36833906900923746,0.2380728128962145,0.39358811809454813,A
2023-24,2024-04-13,Brentford,Sheffield United,H,1.49,5.03,6.25,0.6711409395973155,0.19880715705765406,0.16,1.0299480966549694,0.029948096654969447,0.6516259817140536,0.19302638424531607,0.15534763404063037,H
2023-24,2024-04-13,Burnley,Brighton,D,3.97,4.06,1.88,0.2518891687657431,0.24630541871921185,0.5319148936170213,1.0301094811019762,0.0301094811019762,0.2445265997321766,0.23910605934402493,0.5163673409237984,A
2023-24,2024-04-13,Man City,Luton,H,1.08,13.5,26.0,0.9259259259259258,0.07407407407407407,0.038461538461538464,1.0384615384615383,0.038461538461538325,0.8916323731138546,0.07133058984910837,0.03703703703703704,H
2023-24,2024-04-13,Nott'm Forest,Wolves,D,2.07,3.52,3.81,0.48309178743961356,0.2840909090909091,0.26246719160104987,1.0296498881315725,0.029649888131572544,0.469180634124327,0.27591020245379455,0.2549091634218784,H
2023-24,2024-04-13,Bournemouth,Man United,D,2.38,4.1,2.74,0.42016806722689076,0.24390243902439027,0.36496350364963503,1.029034009900916,0.02903400990091609,0.4083131006207929,0.23702077548231396,0.3546661238968931,H
2023-24,2024-04-14,Liverpool,Crystal Palace,A,1.18,8.5,14.5,0.8474576271186441,0.11764705882352941,0.06896551724137931,1.034070203183553,0.034070203183552916,0.8195358733958374,0.11377086242436331,0.06669326417979918,H
2023-24,2024-04-14,West Ham,Fulham,A,2.44,3.68,2.89,0.4098360655737705,0.2717391304347826,0.3460207612456747,1.0275959572542277,0.0275959572542277,0.3988299707492688,0.264441611040276,0.3367284182104553,H
2023-24,2024-04-14,Arsenal,Aston Villa,A,1.24,7.0,11.5,0.8064516129032259,0.14285714285714285,0.08695652173913043,1.0362652774994991,0.03626527749949915,0.7782289249806651,0.13785769528228922,0.08391337973704563,H
2023-24,2024-04-15,Chelsea,Everton,H,1.67,4.25,5.1,0.5988023952095809,0.23529411764705882,0.19607843137254904,1.0301749442291888,0.03017494422918876,0.5812628219740141,0.2284020971050832,0.19033508092090268,H
2023-24,2024-04-20,Luton,Brentford,A,2.92,3.54,2.48,0.3424657534246575,0.2824858757062147,0.40322580645161293,1.028177435582485,0.02817743558248509,0.33308040185752874,0.2747442862779616,0.3921753118645097,A
2023-24,2024-04-20,Sheffield United,Burnley,A,2.66,3.55,2.7,0.37593984962406013,0.28169014084507044,0.37037037037037035,1.028000360839501,0.02800036083950097,0.3657001144601297,0.27401755055322397,0.3602823349866463,H
2023-24,2024-04-20,Wolves,Arsenal,A,11.75,6.6,1.26,0.0851063829787234,0.15151515151515152,0.7936507936507936,1.0302723281446684,0.030272328144668403,0.08260571564800191,0.14706320588848829,0.7703310784635099,A
2023-24,2024-04-21,Everton,Nott'm Forest,H,2.34,3.3,3.36,0.4273504273504274,0.30303030303030304,0.2976190476190476,1.027999777999778,0.02799977799977804,0.4157106222162235,0.2947766230260494,0.2895127547577271,H
2023-24,2024-04-21,Aston Villa,Bournemouth,H,1.87,4.11,4.03,0.53475935828877,0.24330900243309,0.24813895781637715,1.026207318538237,0.02620731853823699,0.5211026550176027,0.23709536858465133,0.24180197639774617,H
2023-24,2024-04-21,Crystal Palace,West Ham,H,2.23,3.55,3.36,0.4484304932735426,0.28169014084507044,0.2976190476190476,1.0277396817376607,0.027739681737660726,0.43632692328796185,0.27408705322032534,0.28958602349171275,H
2023-24,2024-04-21,Fulham,Liverpool,A,4.65,4.5,1.68,0.2150537634408602,0.2222222222222222,0.5952380952380952,1.0325140809011777,0.03251408090117769,0.2082816761715844,0.21522439871063723,0.5764939251177783,A
2023-24,2024-04-23,Arsenal,Chelsea,H,1.41,5.3,7.65,0.7092198581560284,0.18867924528301888,0.13071895424836602,1.0286180576874133,0.028618057687413323,0.6894880493839757,0.18342983955309541,0.12708211106292885,H
2023-24,2024-04-24,Wolves,Bournemouth,A,2.81,3.67,2.5,0.35587188612099646,0.2724795640326976,0.4,1.0283514501536941,0.028351450153694113,0.3460605671998702,0.26496735526747556,0.3889720775326541,A
2023-24,2024-04-24,Crystal Palace,Newcastle,H,3.09,3.69,2.31,0.3236245954692557,0.2710027100271003,0.4329004329004329,1.027527738396789,0.027527738396788903,0.31495460742908454,0.2637424761398025,0.421302916431113,A
2023-24,2024-04-24,Everton,Liverpool,H,7.65,5.35,1.4,0.13071895424836602,0.1869158878504673,0.7142857142857143,1.0319205563845477,0.031920556384547716,0.12667540484546108,0.1811339901061266,0.6921906050484122,A
2023-24,2024-04-24,Man United,Sheffield United,H,1.32,6.3,8.59,0.7575757575757576,0.15873015873015872,0.11641443538998836,1.0327203516959047,0.032720351695904704,0.7335729913056208,0.15370100770213008,0.11272600099224907,H
2023-24,2024-04-25,Brighton,Man City,A,7.9,5.85,1.36,0.12658227848101264,0.17094017094017094,0.7352941176470588,1.0328165670682423,0.03281656706824232,0.12256027112377724,0.16550874220134024,0.7119309866748825,A
2023-24,2024-04-27,West Ham,Liverpool,D,5.35,4.95,1.56,0.1869158878504673,0.20202020202020202,0.641025641025641,1.0299617308963103,0.029961730896310268,0.18147847851376603,0.19614340607043396,0.6223781154158,A
2023-24,2024-04-27,Fulham,Crystal Palace,D,2.11,3.45,3.78,0.47393364928909953,0.2898550724637681,0.2645502645502646,1.0283389863031323,0.028338986303132252,0.46087297632552665,0.2818672405932931,0.25725978308118025,H
2023-24,2024-04-27,Man United,Burnley,D,1.5,5.29,5.72,0.6666666666666666,0.1890359168241966,0.17482517482517484,1.0305277583160382,0.030527758316038156,0.6469177188939106,0.18343602615139243,0.16964625495469687,H
2023-24,2024-04-27,Newcastle,Sheffield United,H,1.2,7.87,12.52,0.8333333333333334,0.12706480304955528,0.07987220447284345,1.0402703408557321,0.04027034085573211,0.8010738176461215,0.12214594424083174,0.07678023811304678,H
2023-24,2024-04-27,Wolves,Luton,H,1.93,3.85,3.96,0.5181347150259068,0.2597402597402597,0.25252525252525254,1.030400227291419,0.030400227291419002,0.5028480208975802,0.2520770598265791,0.24507491927584082,H
2023-24,2024-04-27,Everton,Brentford,H,3.0,3.44,2.48,0.3333333333333333,0.29069767441860467,0.40322580645161293,1.027256814203551,0.027256814203550972,0.3244888023369036,0.2829844206426485,0.3925267770204479,A
2023-24,2024-04-27,Aston Villa,Chelsea,D,2.05,4.08,3.43,0.48780487804878053,0.24509803921568626,0.29154518950437314,1.02444810676884,0.024448106768840017,0.476163580005376,0.23924885760074036,0.28458756239388355,H
2023-24,2024-04-28,Bournemouth,Brighton,H,1.96,4.17,3.57,0.5102040816326531,0.23980815347721823,0.2801120448179272,1.0301242799277985,0.030124279927798536,0.4952840075455879,0.23279536086075595,0.2719206315936561,H
2023-24,2024-04-28,Tottenham,Arsenal,A,4.35,4.21,1.78,0.2298850574712644,0.23752969121140144,0.5617977528089888,1.0292125014916547,0.029212501491654663,0.22336014879151603,0.23078780219550943,0.5458520490129746,A
2023-24,2024-04-28,Nott'm Forest,Man City,A,11.0,6.2,1.29,0.09090909090909091,0.16129032258064516,0.7751937984496123,1.0273932119393483,0.027393211939348294,0.08848519715006418,0.15698986591140418,0.7545249369385317,A
2023-24,2024-05-02,Chelsea,Tottenham,H,2.46,4.04,2.68,0.4065040650406504,0.24752475247524752,0.3731343283582089,1.0271631458741068,0.027163145874106842,0.3957541376688695,0.24097900462015323,0.3632668577109772,H
2023-24,2024-05-03,Luton,Everton,D,2.78,3.7,2.52,0.3597122302158274,0.27027027027027023,0.3968253968253968,1.0268078973114945,0.026807897311494466,0.3503208644554322,0.2632140549151625,0.38646508062940527,A
2023-24,2024-05-04,Arsenal,Bournemouth,H,1.21,7.25,14.0,0.8264462809917356,0.13793103448275862,0.07142857142857142,1.0358058869030655,0.03580588690306552,0.7978775670629852,0.13316301464085684,0.06895941829615801,H
2023-24,2024-05-04,Brentford,Fulham,D,2.09,3.8,3.49,0.47846889952153115,0.2631578947368421,0.28653295128939826,1.0281597455477716,0.028159745547771564,0.4653643576238416,0.2559503966931128,0.2786852456830455,H
2023-24,2024-05-04,Burnley,Newcastle,A,3.37,4.21,2.02,0.29673590504451036,0.23752969121140144,0.49504950495049505,1.0293151012064068,0.02931510120640679,0.28828480675812646,0.23076479780876158,0.480950395433112,A
2023-24,2024-05-04,Sheffield United,Nott'm Forest,A,5.08,4.27,1.67,0.19685039370078738,0.234192037470726,0.5988023952095809,1.0298448263810944,0.029844826381094425,0.19114568394980977,0.22740516966394234,0.5814491463862478,A
2023-24,2024-05-04,Man City,Wolves,H,1.1,13.5,24.0,0.9090909090909091,0.07407407407407407,0.041666666666666664,1.0248316498316499,0.02483164983164987,0.8870636550308008,0.07227926078028747,0.0406570841889117,H
2023-24,2024-05-05,Brighton,Aston Villa,H,2.41,3.85,2.84,0.41493775933609955,0.2597402597402597,0.35211267605633806,1.0267906951326973,0.026790695132697273,0.4041113357406059,0.25296319977528836,0.34292546448410577,H
2023-24,2024-05-05,Chelsea,West Ham,H,1.5,5.15,5.91,0.6666666666666666,0.1941747572815534,0.1692047377326565,1.0300461616808765,0.030046161680876482,0.6472201843641351,0.18851073330994228,0.16426908232592263,H
2023-24,2024-05-05,Liverpool,Tottenham,H,1.42,5.9,6.4,0.7042253521126761,0.1694915254237288,0.15625,1.0299668775364048,0.029966877536404812,0.6837359214862566,0.16456017093398037,0.15170390757976315,H
2023-24,2024-05-06,Crystal Palace,Man United,H,1.99,4.05,3.57,0.5025125628140703,0.2469135802469136,0.2801120448179272,1.0295381878789112,0.02953818787891116,0.48809511752969886,0.2398294528108891,0.272075429659412,H
2023-24,2024-05-11,Fulham,Man City,A,10.9,7.4,1.24,0.09174311926605504,0.13513513513513511,0.8064516129032259,1.033329867304416,0.033329867304416005,0.08878396160693551,0.13077637588048607,0.7804396625125785,A
2023-24,2024-05-11,Bournemouth,Brentford,A,2.16,3.88,3.25,0.4629629629629629,0.2577319587628866,0.3076923076923077,1.0283872294181573,0.0283872294181573,0.4501835006497493,0.2506176189184172,0.29919888043183346,H
2023-24,2024-05-11,Everton,Sheffield United,H,1.44,5.07,7.03,0.6944444444444444,0.1972386587771203,0.14224751066856328,1.033930613890128,0.03393061389012808,0.6716547852583853,0.19076585616806208,0.13757935857355258,H
2023-24,2024-05-11,Newcastle,Brighton,D,1.6,4.84,5.01,0.625,0.2066115702479339,0.1996007984031936,1.0312123686511274,0.03121236865112742,0.6060827226282481,0.20035792483578452,0.19355935253596745,H
2023-24,2024-05-11,Tottenham,Burnley,H,1.31,6.53,8.32,0.7633587786259541,0.15313935681470137,0.12019230769230768,1.036690443132963,0.0366904431329631,0.7363420620711247,0.1477194642133497,0.11593847371552565,H
2023-24,2024-05-11,West Ham,Luton,H,1.88,4.27,3.77,0.5319148936170213,0.234192037470726,0.26525198938992045,1.0313589204776679,0.03135892047766786,0.515741787903156,0.22707132582153003,0.2571868862753139,H
2023-24,2024-05-11,Wolves,Crystal Palace,A,3.31,3.63,2.22,0.3021148036253776,0.27548209366391185,0.4504504504504504,1.02804734773974,0.028047347739740047,0.2938724605336571,0.2679663483103044,0.4381611911560383,A
2023-24,2024-05-11,Nott'm Forest,Chelsea,A,4.04,3.98,1.88,0.24752475247524752,0.25125628140703515,0.5319148936170213,1.030695927499304,0.030695927499303943,0.24015303240384123,0.24377342987726594,0.5160735377188929,A
2023-24,2024-05-12,Man United,Arsenal,A,9.75,7.05,1.26,0.10256410256410256,0.14184397163120568,0.7936507936507936,1.0380588678461018,0.038058867846101796,0.09880374393112769,0.13664347564943194,0.7645527804194404,A
2023-24,2024-05-13,Aston Villa,Liverpool,D,3.9,4.58,1.8,0.25641025641025644,0.2183406113537118,0.5555555555555556,1.0303064233195238,0.030306423319523823,0.2488679587031335,0.2119181307734106,0.5392139105234559,A
2023-24,2024-05-14,Tottenham,Man City,A,6.6,6.35,1.38,0.15151515151515152,0.15748031496062992,0.7246376811594204,1.0336331476352019,0.033633147635201865,0.1465850353791338,0.15235609976413908,0.7010588648567271,A
2023-24,2024-05-15,Brighton,Chelsea,A,3.2,4.22,2.09,0.3125,0.23696682464454977,0.47846889952153115,1.027935724166081,0.027935724166080922,0.30400733494647003,0.23052688905893462,0.4654657759945953,A
2023-24,2024-05-15,Man United,Newcastle,H,2.73,3.9,2.47,0.3663003663003663,0.25641025641025644,0.4048582995951417,1.0275689223057645,0.027568922305764465,0.3564727954971857,0.24953095684803003,0.3939962476547842,A
2023-24,2024-05-19,Arsenal,Everton,H,1.22,7.16,13.07,0.819672131147541,0.13966480446927373,0.07651109410864575,1.0358480297254604,0.03584802972546042,0.7913053919355194,0.13483136566499074,0.07386324239948994,H
2023-24,2024-05-19,Brentford,Newcastle,A,2.99,4.05,2.24,0.33444816053511706,0.2469135802469136,0.4464285714285714,1.027790312210602,0.02779031221060202,0.32540505253039015,0.24023731038663373,0.43435763708297614,A
2023-24,2024-05-19,Brighton,Man United,A,2.66,4.03,2.48,0.37593984962406013,0.24813895781637715,0.40322580645161293,1.0273046138920503,0.0273046138920503,0.36594778660612937,0.2415437003405221,0.3925085130533485,A
2023-24,2024-05-19,Burnley,Nott'm Forest,A,2.85,3.9,2.35,0.3508771929824561,0.25641025641025644,0.425531914893617,1.0328193642863295,0.03281936428632948,0.33972755073672506,0.24826244092299143,0.4120100083402836,A
2023-24,2024-05-19,Chelsea,Bournemouth,H,1.4,5.59,7.23,0.7142857142857143,0.17889087656529518,0.1383125864453665,1.031489177296376,0.0314891772963759,0.6924800860809031,0.17342971744423333,0.13409019647486364,H
2023-24,2024-05-19,Crystal Palace,Aston Villa,H,1.63,4.64,4.99,0.6134969325153374,0.21551724137931036,0.2004008016032064,1.029414975497854,0.0294149754978541,0.5959665898765782,0.20935895290922898,0.19467445721419285,H
2023-24,2024-05-19,Liverpool,Wolves,H,1.13,10.69,16.27,0.8849557522123894,0.09354536950420955,0.06146281499692686,1.0399639367135258,0.03996393671352583,0.850948500203776,0.08995058982509513,0.05910090997112888,H
2023-24,2024-05-19,Luton,Fulham,A,3.11,3.99,2.19,0.3215434083601286,0.2506265664160401,0.4566210045662101,1.0287909793423788,0.028790979342378842,0.31254493363235436,0.24361271769338896,0.44384234867425665,A
2023-24,2024-05-19,Man City,West Ham,H,1.07,15.01,27.84,0.9345794392523364,0.06662225183211193,0.035919540229885055,1.0371212313143334,0.037121231314333425,0.901128441916046,0.06423767040973813,0.034633887674215845,H
2023-24,2024-05-19,Sheffield United,Tottenham,A,7.99,6.11,1.35,0.1251564455569462,0.1636661211129296,0.7407407407407407,1.0295633074106165,0.029563307410616524,0.12156265152039898,0.15896654429590634,0.7194708041836947,A
2024-25,2024-08-16,Man United,Fulham,H,1.65,4.23,5.28,0.6060606060606061,0.23640661938534277,0.1893939393939394,1.0318611648398883,0.03186116483988832,0.5873470450403541,0.22910700338453524,0.18354595157511064,H
2024-25,2024-08-17,Ipswich,Liverpool,A,8.14,6.09,1.34,0.12285012285012284,0.16420361247947454,0.7462686567164178,1.0333223920460153,0.03332239204601528,0.11888847449330427,0.15890840433095185,0.7222031211757438,A
2024-25,2024-08-17,Arsenal,Wolves,H,1.15,9.05,18.76,0.8695652173913044,0.11049723756906077,0.053304904051172705,1.0333673590115378,0.033367359011537756,0.8414870179595014,0.10692928957496425,0.05158369246553446,H
2024-25,2024-08-17,Everton,Brighton,A,3.15,3.41,2.4,0.31746031746031744,0.29325513196480935,0.4166666666666667,1.0273821160917935,0.02738211609179353,0.30899926374808856,0.2854392025825451,0.40556153366936626,A
2024-25,2024-08-17,Newcastle,Southampton,H,1.42,5.3,7.26,0.7042253521126761,0.18867924528301888,0.13774104683195593,1.030645644227651,0.030645644227651037,0.6832856239744854,0.18306897849882442,0.13364539752669,H
2024-25,2024-08-17,Nott'm Forest,Bournemouth,D,2.24,3.5,3.37,0.4464285714285714,0.2857142857142857,0.29673590504451036,1.0288787621873674,0.0288787621873674,0.4338981305041974,0.27769480352268633,0.2884070659731163,H
2024-25,2024-08-17,West Ham,Aston Villa,A,2.54,3.51,2.86,0.39370078740157477,0.2849002849002849,0.3496503496503497,1.0282514219522092,0.0282514219522092,0.3828837762792543,0.2770725902419675,0.34004363347877836,H
2024-25,2024-08-18,Brentford,Crystal Palace,H,2.92,3.24,2.66,0.3424657534246575,0.30864197530864196,0.37593984962406013,1.0270475783573596,0.027047578357359603,0.3334468243159589,0.3005138046304321,0.366039371053609,A
2024-25,2024-08-18,Chelsea,Man City,A,3.86,3.91,1.97,0.2590673575129534,0.2557544757033248,0.5076142131979695,1.0224360464142477,0.02243604641424768,0.25338245694830513,0.2501422720768434,0.49647527097485156,A
2024-25,2024-08-19,Leicester,Tottenham,D,4.64,4.33,1.71,0.21551724137931036,0.23094688221709006,0.5847953216374269,1.0312594452338273,0.03125944523382729,0.20898450179086028,0.22394644071815048,0.5670690574909892,A
2024-25,2024-08-24,Brighton,Man United,H,2.42,3.76,2.86,0.4132231404958678,0.26595744680851063,0.3496503496503497,1.0288309369547282,0.02883093695472816,0.4016433853738701,0.25850451930977814,0.3398520953163517,H
2024-25,2024-08-24,Crystal Palace,West Ham,A,1.97,3.84,3.84,0.5076142131979695,0.2604166666666667,0.2604166666666667,1.028447546531303,0.028447546531302992,0.49357326478149094,0.2532133676092545,0.2532133676092545,H
2024-25,2024-08-24,Fulham,Leicester,H,1.88,3.81,4.26,0.5319148936170213,0.26246719160104987,0.2347417840375587,1.02912386925563,0.02912386925562993,0.5168618759195215,0.2550394558343046,0.2280986682461738,H
2024-25,2024-08-24,Man City,Ipswich,H,1.1,11.0,31.0,0.9090909090909091,0.09090909090909091,0.03225806451612903,1.032258064516129,0.032258064516129004,0.8806818181818182,0.08806818181818182,0.03125,H
2024-25,2024-08-24,Southampton,Nott'm Forest,A,2.33,3.54,3.11,0.4291845493562232,0.2824858757062147,0.3215434083601286,1.0332138334225665,0.03321383342256645,0.41538792404136754,0.2734050460498266,0.3112070299088059,H
2024-25,2024-08-24,Tottenham,Everton,H,1.37,5.66,8.0,0.7299270072992701,0.17667844522968199,0.125,1.031605452528952,0.03160545252895197,0.7075641229986468,0.171265520937835,0.12117035606351827,H
2024-25,2024-08-24,Aston Villa,Arsenal,A,4.85,4.04,1.74,0.2061855670103093,0.24752475247524752,0.5747126436781609,1.0284229631637176,0.02842296316371762,0.20048712873546176,0.24068380553638352,0.5588290657281548,A
2024-25,2024-08-25,Bournemouth,Newcastle,D,2.63,3.66,2.68,0.3802281368821293,0.27322404371584696,0.3731343283582089,1.0265865089561852,0.026586508956185195,0.3703809991315184,0.2661480950043424,0.3634709058641392,H
2024-25,2024-08-25,Wolves,Chelsea,A,3.91,3.94,1.93,0.2557544757033248,0.25380710659898476,0.5181347150259068,1.0276962973282164,0.027696297328216435,0.24886192192015288,0.24696703418979638,0.5041710438900507,A
2024-25,2024-08-25,Liverpool,Brentford,H,1.22,7.75,12.5,0.819672131147541,0.12903225806451613,0.08,1.028704389212057,0.02870438921205709,0.7968004606020728,0.125431814443165,0.0777677249547623,H
2024-25,2024-08-31,Arsenal,Brighton,D,1.37,5.48,8.43,0.7299270072992701,0.18248175182481752,0.11862396204033215,1.0310327211644197,0.031032721164419685,0.7079571698509343,0.17698929246273357,0.11505353768633216,H
2024-25,2024-08-31,Brentford,Southampton,H,1.82,3.91,4.46,0.5494505494505494,0.2557544757033248,0.2242152466367713,1.0294202717906455,0.029420271790645547,0.5337475514201763,0.2484451518119491,0.21780729676787464,H
2024-25,2024-08-31,Everton,Bournemouth,A,3.14,3.45,2.39,0.3184713375796178,0.2898550724637681,0.41841004184100417,1.02673645188439,0.02673645188439,0.310178271157239,0.28230718012571904,0.40751454871704207,A
2024-25,2024-08-31,Ipswich,Fulham,D,3.07,3.43,2.43,0.32573289902280134,0.29154518950437314,0.4115226337448559,1.0288007222720303,0.028800722272030344,0.316614181902443,0.28338353890393575,0.4000022791936213,A
2024-25,2024-08-31,Leicester,Aston Villa,A,4.01,3.87,1.92,0.24937655860349128,0.25839793281653745,0.5208333333333334,1.028607824753362,0.0286078247533621,0.24244085316314445,0.2512113233034132,0.5063478235334423,A
2024-25,2024-08-31,Nott'm Forest,Wolves,D,2.0,3.7,3.88,0.5,0.27027027027027023,0.2577319587628866,1.0280022290331567,0.028002229033156745,0.4863802683290419,0.26290825315083344,0.2507114785201247,H
2024-25,2024-08-31,West Ham,Man City,A,7.7,5.25,1.41,0.12987012987012986,0.19047619047619047,0.7092198581560284,1.0295661785023487,0.02956617850234866,0.1261406333870102,0.1850062623009483,0.6888531043120416,A
2024-25,2024-09-01,Chelsea,Crystal Palace,D,1.68,4.24,5.05,0.5952380952380952,0.23584905660377356,0.19801980198019803,1.0291069538220667,0.02910695382206674,0.5784025586722567,0.22917837230410165,0.1924190690236418,H
2024-25,2024-09-01,Newcastle,Tottenham,H,2.53,3.89,2.66,0.3952569169960475,0.2570694087403599,0.37593984962406013,1.0282661753604674,0.028266175360467383,0.38439163561661144,0.2500027861465365,0.3656055782368522,H
2024-25,2024-09-01,Man United,Liverpool,A,3.51,4.11,2.0,0.2849002849002849,0.24330900243309,0.5,1.0282092873333748,0.0282092873333748,0.2770839443000597,0.23663373345333563,0.4862823222466048,A
2024-25,2024-09-14,Southampton,Man United,A,4.2,4.12,1.82,0.23809523809523808,0.24271844660194175,0.5494505494505494,1.0302642341477293,0.030264234147729274,0.23110113910942354,0.23558853986882983,0.5333103210217466,A
2024-25,2024-09-14,Brighton,Ipswich,D,1.53,4.61,6.22,0.6535947712418301,0.21691973969631234,0.1607717041800643,1.0312862151182067,0.03128621511820673,0.6337666126633086,0.2103390276301219,0.15589435970656948,H
2024-25,2024-09-14,Crystal Palace,Leicester,D,1.67,4.02,5.43,0.5988023952095809,0.24875621890547267,0.1841620626151013,1.0317206767301548,0.03172067673015477,0.580391969178492,0.2411081065990253,0.1784999242224828,H
2024-25,2024-09-14,Fulham,West Ham,D,2.36,3.41,3.21,0.42372881355932207,0.29325513196480935,0.3115264797507788,1.0285104252749102,0.02851042527491021,0.4119830029394828,0.28512606655049244,0.3028909305100247,H
2024-25,2024-09-14,Liverpool,Nott'm Forest,A,1.22,7.11,12.95,0.819672131147541,0.14064697609001406,0.07722007722007722,1.0375391844576323,0.03753918445763227,0.7900155901832469,0.1355582306643546,0.07442617915239855,H
2024-25,2024-09-14,Man City,Brentford,H,1.21,7.2,13.92,0.8264462809917356,0.1388888888888889,0.07183908045977011,1.0371742503403947,0.03717425034039468,0.7968249122271408,0.13391085330483896,0.06926423446802013,H
2024-25,2024-09-14,Aston Villa,Everton,H,1.68,4.0,5.44,0.5952380952380952,0.25,0.1838235294117647,1.0290616246498598,0.02906162464985984,0.578428036747193,0.24293977543382106,0.17863218781898604,H
2024-25,2024-09-14,Bournemouth,Chelsea,A,3.17,3.79,2.23,0.31545741324921134,0.2638522427440633,0.4484304932735426,1.0277401492668172,0.027740149266817227,0.3069427748582718,0.25673050034319833,0.4363267247985299,A
2024-25,2024-09-15,Tottenham,Arsenal,A,2.77,3.49,2.63,0.36101083032490977,0.28653295128939826,0.3802281368821293,1.0277719184964373,0.027771918496437342,0.35125578333862717,0.27879040683323697,0.36995380982813586,A
2024-25,2024-09-15,Wolves,Newcastle,A,3.6,3.73,2.07,0.2777777777777778,0.2680965147453083,0.48309178743961356,1.0289660799626996,0.02896607996269962,0.26995814846282135,0.2605494194279241,0.46949243210925456,A
2024-25,2024-09-21,West Ham,Chelsea,A,3.59,3.94,2.01,0.2785515320334262,0.25380710659898476,0.49751243781094534,1.0298710764433563,0.029871076443356293,0.2704722352193826,0.2464455138166455,0.4830822509639719,A
2024-25,2024-09-21,Aston Villa,Wolves,H,1.67,4.21,5.16,0.5988023952095809,0.23752969121140144,0.19379844961240308,1.0301305360333854,0.030130536033385447,0.581287879801453,0.2305821280922628,0.18812999210628417,H
2024-25,2024-09-21,Fulham,Newcastle,H,3.02,3.57,2.41,0.33112582781456956,0.2801120448179272,0.41493775933609955,1.0261756319685964,0.026175631968596402,0.322679488285396,0.2729669620789624,0.4043535496356414,A
2024-25,2024-09-21,Leicester,Everton,D,2.1,3.52,3.69,0.47619047619047616,0.2840909090909091,0.2710027100271003,1.0312840953084854,0.031284095308485416,0.461745195486637,0.2754729859437323,0.26278181856963084,H
2024-25,2024-09-21,Liverpool,Bournemouth,H,1.25,6.85,10.91,0.8,0.14598540145985403,0.09165902841429881,1.037644429874153,0.03764442987415295,0.7709770100120185,0.14068923540365302,0.08833375458432842,H
2024-25,2024-09-21,Southampton,Ipswich,D,2.42,3.48,3.06,0.4132231404958678,0.28735632183908044,0.32679738562091504,1.0273768479558631,0.02737684795586315,0.40221184789013287,0.27969904364773607,0.31808910846213123,H
2024-25,2024-09-21,Tottenham,Brentford,H,1.48,5.1,6.23,0.6756756756756757,0.19607843137254904,0.16051364365971107,1.0322677507079356,0.03226775070793564,0.6545546687981806,0.18994919800417792,0.15549613319764163,H
2024-25,2024-09-21,Crystal Palace,Man United,D,2.8,3.55,2.57,0.35714285714285715,0.28169014084507044,0.38910505836575876,1.0279380563536864,0.027938056353686402,0.34743616595898624,0.2740341590662427,0.378529674974771,A
2024-25,2024-09-22,Brighton,Nott'm Forest,D,1.84,3.82,4.45,0.5434782608695652,0.2617801047120419,0.2247191011235955,1.0299774667052026,0.029977466705202627,0.5276603405782255,0.25416100174448564,0.21817865767728878,H
2024-25,2024-09-22,Man City,Arsenal,D,1.81,3.66,4.91,0.5524861878453039,0.27322404371584696,0.20366598778004072,1.0293762193411915,0.0293762193411915,0.5367194009969447,0.26542680759684967,0.19785379140620568,H
2024-25,2024-09-28,Newcastle,Man City,D,4.9,4.23,1.69,0.2040816326530612,0.23640661938534277,0.591715976331361,1.032204228369765,0.032204228369765,0.19771439318300615,0.22903085735147286,0.5732547494655209,A
2024-25,2024-09-28,Arsenal,Leicester,H,1.2,6.8,17.5,0.8333333333333334,0.14705882352941177,0.05714285714285714,1.0375350140056023,0.03753501400560233,0.8031857451403888,0.14173866090712742,0.05507559395248379,H
2024-25,2024-09-28,Brentford,West Ham,D,2.26,3.56,3.27,0.4424778761061947,0.2808988764044944,0.3058103975535168,1.0291871500642058,0.029187150064205802,0.4299294604276693,0.2729327473501496,0.2971377922221812,H
2024-25,2024-09-28,Chelsea,Brighton,H,1.81,4.2,4.15,0.5524861878453039,0.23809523809523808,0.24096385542168672,1.0315452813622286,0.03154528136222856,0.5355908245886276,0.23081414107271808,0.23359503433865442,H
2024-25,2024-09-28,Everton,Crystal Palace,H,2.79,3.35,2.7,0.35842293906810035,0.29850746268656714,0.37037037037037035,1.027300772125038,0.02730077212503801,0.3488977608054157,0.290574553028988,0.3605276861655962,A
2024-25,2024-09-28,Nott'm Forest,Fulham,A,2.65,3.16,3.0,0.37735849056603776,0.3164556962025316,0.3333333333333333,1.0271475201019027,0.02714752010190269,0.3673849015656488,0.3080917687180282,0.32452332971632303,H
2024-25,2024-09-28,Wolves,Liverpool,A,8.72,5.95,1.33,0.1146788990825688,0.1680672268907563,0.7518796992481203,1.0346258252214453,0.034625825221445306,0.11084094006451424,0.16244252056513683,0.726716539370349,A
2024-25,2024-09-29,Ipswich,Aston Villa,D,3.64,3.59,2.1,0.2747252747252747,0.2785515320334262,0.47619047619047616,1.0294672829491769,0.029467282949176887,0.2668615887804153,0.27057832400019827,0.4625600872193866,A
2024-25,2024-09-29,Man United,Tottenham,A,2.12,3.89,3.27,0.4716981132075471,0.2570694087403599,0.3058103975535168,1.034577919501424,0.03457791950142397,0.45593290202333364,0.24847757128263945,0.2955895266940267,H
2024-25,2024-09-30,Bournemouth,Southampton,H,1.49,4.69,6.79,0.6711409395973155,0.21321961620469082,0.14727540500736377,1.03163596080937,0.03163596080936992,0.6505598535657596,0.20668106222025198,0.1427590842139885,H
2024-25,2024-10-05,Crystal Palace,Liverpool,A,5.14,4.1,1.69,0.19455252918287938,0.24390243902439027,0.591715976331361,1.0301709445386307,0.030170944538630673,0.18885460730016135,0.23675919061532424,0.5743862020845144,A
2024-25,2024-10-05,Arsenal,Southampton,H,1.16,8.18,18.71,0.8620689655172414,0.12224938875305624,0.053447354355959376,1.037765708626257,0.037765708626257055,0.8306971008498688,0.11780056686868555,0.05150233228144563,H
2024-25,2024-10-05,Brentford,Wolves,H,2.11,3.61,3.6,0.47393364928909953,0.2770083102493075,0.2777777777777778,1.0287197373161847,0.028719737316184712,0.4607023974533041,0.2692748084837872,0.2700227940629088,H
2024-25,2024-10-05,Leicester,Bournemouth,H,3.7,3.81,2.02,0.27027027027027023,0.26246719160104987,0.49504950495049505,1.0277869668218151,0.02778696682181514,0.2629633172971791,0.2553712005248196,0.4816654821780013,A
2024-25,2024-10-05,Man City,Fulham,H,1.26,6.52,11.37,0.7936507936507936,0.15337423312883436,0.08795074758135445,1.0349757743609824,0.034975774360982426,0.7668303097633484,0.1481911334818741,0.08497855675477742,H
2024-25,2024-10-05,West Ham,Ipswich,H,1.92,3.84,4.05,0.5208333333333334,0.2604166666666667,0.2469135802469136,1.0281635802469136,0.028163580246913567,0.5065666041275798,0.2532833020637899,0.24015009380863042,H
2024-25,2024-10-05,Everton,Newcastle,D,3.71,3.77,2.0,0.2695417789757412,0.26525198938992045,0.5,1.0347937683656616,0.034793768365661615,0.26047874196367804,0.25633319169369917,0.48318806634262285,A
2024-25,2024-10-06,Aston Villa,Man United,D,2.23,3.84,3.13,0.4484304932735426,0.2604166666666667,0.3194888178913738,1.028335977831583,0.028335977831583037,0.43607391255446754,0.2532408398428288,0.31068524760270366,H
2024-25,2024-10-06,Chelsea,Nott'm Forest,D,1.52,4.7,6.34,0.6578947368421053,0.2127659574468085,0.15772870662460567,1.0283894009135195,0.02838940091351949,0.6397330974606473,0.20689240598727318,0.15337449655207946,H
2024-25,2024-10-06,Brighton,Tottenham,H,2.94,3.95,2.3,0.3401360544217687,0.2531645569620253,0.4347826086956522,1.0280832200794463,0.028083220079446303,0.3308448652585579,0.24624908958485062,0.4229060451565914,A
2024-25,2024-10-19,Tottenham,West Ham,H,1.45,5.45,6.25,0.6896551724137931,0.18348623853211007,0.16,1.0331414109459032,0.03314141094590317,0.66753221302239,0.17760031355641565,0.15486747342119447,H
2024-25,2024-10-19,Fulham,Aston Villa,A,2.48,3.46,2.98,0.40322580645161293,0.28901734104046245,0.33557046979865773,1.027813617290733,0.02781361729073306,0.39231413134464654,0.28119625599269465,0.32648961266265886,H
2024-25,2024-10-19,Ipswich,Everton,A,2.44,3.43,3.06,0.4098360655737705,0.29154518950437314,0.32679738562091504,1.0281786406990587,0.028178640699058732,0.39860394813796457,0.28355499517686106,0.3178410566851744,H
2024-25,2024-10-19,Man United,Brentford,H,1.67,4.41,4.92,0.5988023952095809,0.22675736961451246,0.2032520325203252,1.0288117973444186,0.028811797344418633,0.5820329789716806,0.22040704645866357,0.19755997456965577,H
2024-25,2024-10-19,Newcastle,Brighton,A,1.75,4.08,4.67,0.5714285714285714,0.24509803921568626,0.21413276231263384,1.0306593729568916,0.030659372956891584,0.5544300924457531,0.23780702494609512,0.20776288260815162,H
2024-25,2024-10-19,Southampton,Leicester,A,2.23,3.5,3.41,0.4484304932735426,0.2857142857142857,0.29325513196480935,1.0273999109526377,0.027399910952637718,0.4364712206931609,0.27809452061307105,0.28543425869376793,H
2024-25,2024-10-19,Bournemouth,Arsenal,H,5.17,3.71,1.76,0.19342359767891684,0.2695417789757412,0.5681818181818182,1.0311471948364763,0.031147194836476322,0.18758097645757624,0.26139990519829354,0.5510191183441302,A
2024-25,2024-10-20,Wolves,Man City,A,8.08,5.46,1.38,0.12376237623762376,0.18315018315018314,0.7246376811594204,1.0315502405472272,0.031550240547227215,0.11997707079392375,0.17754848571701537,0.702474443489061,A
2024-25,2024-10-20,Liverpool,Chelsea,H,1.72,4.4,4.55,0.5813953488372093,0.22727272727272727,0.21978021978021978,1.0284482958901564,0.028448295890156405,0.5653131529903428,0.22098605071440672,0.21370079629525046,H
2024-25,2024-10-21,Nott'm Forest,Crystal Palace,H,2.38,3.3,3.29,0.42016806722689076,0.30303030303030304,0.303951367781155,1.0271497380383487,0.027149738038348747,0.40906213735626124,0.29502057179027324,0.2959172908534656,H
2024-25,2024-10-25,Leicester,Nott'm Forest,A,3.07,3.4,2.46,0.32573289902280134,0.29411764705882354,0.4065040650406504,1.0263546111222752,0.026354611122275218,0.3173687685454311,0.2865653292454334,0.39606590220913557,A
2024-25,2024-10-26,Aston Villa,Bournemouth,D,1.79,3.97,4.54,0.5586592178770949,0.2518891687657431,0.22026431718061673,1.0308127038234547,0.03081270382345469,0.5419599659617461,0.2443597831414422,0.21368025089681178,H
2024-25,2024-10-26,Brentford,Ipswich,H,1.68,4.16,5.19,0.5952380952380952,0.24038461538461536,0.19267822736030826,1.0283009379830188,0.028300937983018803,0.5788559294768677,0.23376874075027348,0.1873753297728589,H
2024-25,2024-10-26,Brighton,Wolves,D,1.58,4.41,5.79,0.6329113924050632,0.22675736961451246,0.17271157167530224,1.0323803336948778,0.032380333694877805,0.6130602954628943,0.21964518522253357,0.1672945193145722,H
2024-25,2024-10-26,Man City,Southampton,H,1.12,10.5,23.0,0.8928571428571428,0.09523809523809523,0.043478260869565216,1.0315734989648033,0.031573498964803326,0.8655293527345709,0.09232313095835423,0.04214751630707476,H
2024-25,2024-10-26,Everton,Fulham,D,2.71,3.36,2.73,0.36900369003690037,0.2976190476190476,0.3663003663003663,1.0329231039563143,0.03292310395631426,0.35724216897031164,0.28813282080641206,0.35462501022327636,H
2024-25,2024-10-27,Chelsea,Newcastle,H,1.82,4.03,4.29,0.5494505494505494,0.24813895781637715,0.2331002331002331,1.0306897403671598,0.030689740367159768,0.533090151120375,0.2407503908285565,0.22615945805106824,H
2024-25,2024-10-27,Crystal Palace,Tottenham,H,3.78,3.97,1.95,0.2645502645502646,0.2518891687657431,0.5128205128205129,1.0292599461365204,0.029259946136520387,0.25702959251770474,0.2447284281402831,0.4982419793420123,A
2024-25,2024-10-27,West Ham,Man United,H,3.39,3.72,2.15,0.2949852507374631,0.26881720430107525,0.46511627906976744,1.0289187341083057,0.0289187341083057,0.2866944112871138,0.2612618425439021,0.45204374616898413,A
2024-25,2024-10-27,Arsenal,Liverpool,D,2.27,3.46,3.35,0.44052863436123346,0.28901734104046245,0.29850746268656714,1.028053438088263,0.028053438088263105,0.4285075250372462,0.2811306594897541,0.29036181547299966,H
2024-25,2024-11-02,Newcastle,Arsenal,H,4.03,3.69,1.96,0.24813895781637715,0.2710027100271003,0.5102040816326531,1.0293457494761307,0.029345749476130667,0.24106473256693736,0.2632766591449208,0.4956586082881417,A
2024-25,2024-11-02,Bournemouth,Man City,H,6.11,4.42,1.56,0.1636661211129296,0.22624434389140272,0.641025641025641,1.0309361060299733,0.03093610602997332,0.15875486381322956,0.21945525291828794,0.6217898832684825,A
2024-25,2024-11-02,Ipswich,Leicester,D,2.36,3.54,3.09,0.42372881355932207,0.2824858757062147,0.3236245954692557,1.0298392847347926,0.02983928473479258,0.4114513981358189,0.2743009320905459,0.3142476697736351,H
2024-25,2024-11-02,Liverpool,Brighton,H,1.36,5.79,7.93,0.7352941176470588,0.17271157167530224,0.12610340479192939,1.0341090941142905,0.03410909411429053,0.7110411482038408,0.1670148465556517,0.12194400524050739,H
2024-25,2024-11-02,Nott'm Forest,West Ham,H,2.05,3.46,3.95,0.48780487804878053,0.28901734104046245,0.2531645569620253,1.0299867760512682,0.029986776051268205,0.4736030494672096,0.2806029628346184,0.245793987698172,H
2024-25,2024-11-02,Southampton,Everton,H,2.72,3.31,2.8,0.3676470588235294,0.3021148036253776,0.35714285714285715,1.0269047195917642,0.026904719591764215,0.3580147717791031,0.29419944992119657,0.34778577829970025,H
2024-25,2024-11-02,Wolves,Crystal Palace,D,2.44,3.34,3.13,0.4098360655737705,0.29940119760479045,0.3194888178913738,1.0287260810699348,0.028726081069934795,0.3983918295796654,0.29104073777676154,0.310567432643573,H
2024-25,2024-11-03,Tottenham,Aston Villa,H,1.99,4.04,3.59,0.5025125628140703,0.24752475247524752,0.2785515320334262,1.028588847322744,0.028588847322744027,0.48854560704408956,0.24064498960835104,0.27080940334755943,H
2024-25,2024-11-03,Man United,Chelsea,D,2.72,3.65,2.59,0.3676470588235294,0.273972602739726,0.3861003861003861,1.0277200476636414,0.027720047663641445,0.3577307455073166,0.26658291172052084,0.3756863427721626,A
2024-25,2024-11-04,Fulham,Brentford,H,2.02,3.76,3.73,0.49504950495049505,0.26595744680851063,0.2680965147453083,1.029103466504314,0.029103466504313946,0.48104930268293855,0.2584360615477489,0.2605146357693126,H
2024-25,2024-11-09,Brentford,Bournemouth,H,2.64,3.53,2.74,0.3787878787878788,0.28328611898017,0.36496350364963503,1.0270375014176838,0.027037501417683796,0.36881601525262153,0.2758284080076263,0.35535557673975215,H
2024-25,2024-11-09,Crystal Palace,Fulham,A,3.37,3.3,2.34,0.29673590504451036,0.30303030303030304,0.4273504273504274,1.0271166354252408,0.027116635425240787,0.2889018586693005,0.29503007991380087,0.41606806141689867,A
2024-25,2024-11-09,West Ham,Everton,D,2.17,3.53,3.52,0.4608294930875576,0.28328611898017,0.2840909090909091,1.0282065211586366,0.028206521158636644,0.4481876778687135,0.2755148048088126,0.276297517322474,H
2024-25,2024-11-09,Wolves,Southampton,H,1.95,3.75,4.01,0.5128205128205129,0.26666666666666666,0.24937655860349128,1.0288637380906709,0.028863738090670887,0.4984338487545369,0.25918560135235913,0.24238054989310395,H
2024-25,2024-11-09,Brighton,Man City,H,4.1,4.15,1.83,0.24390243902439027,0.24096385542168672,0.5464480874316939,1.0313143818777708,0.0313143818777708,0.23649669131957968,0.23364733359283768,0.5298559750875828,A
2024-25,2024-11-09,Liverpool,Aston Villa,H,1.47,4.9,7.0,0.6802721088435374,0.2040816326530612,0.14285714285714285,1.0272108843537415,0.027210884353741527,0.662251655629139,0.19867549668874168,0.1390728476821192,H
2024-25,2024-11-10,Man United,Leicester,H,1.35,5.62,8.93,0.7407407407407407,0.17793594306049823,0.11198208286674133,1.0306587666679803,0.030658766667980286,0.7187060981739704,0.1726429239385872,0.10865097788744235,H
2024-25,2024-11-10,Nott'm Forest,Newcastle,A,2.81,3.3,2.72,0.35587188612099646,0.30303030303030304,0.3676470588235294,1.0265492479748288,0.026549247974828827,0.346668108542341,0.29519314697090243,0.35813874448675664,A
2024-25,2024-11-10,Tottenham,Ipswich,A,1.26,6.72,10.66,0.7936507936507936,0.1488095238095238,0.09380863039399624,1.0362689478543137,0.03626894785431367,0.7658733722496632,0.14360125729681186,0.09052537045352492,H
2024-25,2024-11-10,Chelsea,Arsenal,D,3.0,3.35,2.52,0.3333333333333333,0.29850746268656714,0.3968253968253968,1.0286661928452971,0.028666192845297145,0.3240442192538001,0.2901888530631046,0.3857669276830954,A
2024-25,2024-11-23,Leicester,Chelsea,A,7.0,5.05,1.45,0.14285714285714285,0.19801980198019803,0.6896551724137931,1.0305321172511341,0.03053211725113414,0.13862463912158643,0.19215296511903068,0.6692223957593828,A
2024-25,2024-11-23,Arsenal,Nott'm Forest,H,1.41,4.8,8.86,0.7092198581560284,0.20833333333333334,0.11286681715575622,1.030420008645118,0.03042000864511807,0.6882823045027723,0.20218292694768936,0.10953476854953827,H
2024-25,2024-11-23,Aston Villa,Crystal Palace,D,1.75,3.84,5.01,0.5714285714285714,0.2604166666666667,0.1996007984031936,1.0314460364984317,0.031446036498431695,0.5540072395531865,0.2524772576088741,0.19351550283793942,H
2024-25,2024-11-23,Bournemouth,Brighton,A,2.49,3.6,2.88,0.4016064257028112,0.2777777777777778,0.3472222222222222,1.0266064257028114,0.026606425702811354,0.39119804400977987,0.27057864710676444,0.33822330888345553,H
2024-25,2024-11-23,Everton,Brentford,D,2.38,3.42,3.18,0.42016806722689076,0.29239766081871343,0.31446540880503143,1.0270311368506355,0.027031136850635518,0.40910937570532213,0.2847018462510721,0.30618877804360584,H
2024-25,2024-11-23,Fulham,Wolves,A,1.57,4.43,5.91,0.6369426751592356,0.22573363431151244,0.1692047377326565,1.0318810472034046,0.03188104720340457,0.6172636631765573,0.2187593569271321,0.16397697989631052,H
2024-25,2024-11-23,Man City,Tottenham,A,1.44,5.28,6.71,0.6944444444444444,0.1893939393939394,0.14903129657228018,1.032869680410664,0.03286968041066407,0.6723446893787575,0.18336673346693386,0.1442885771543086,H
2024-25,2024-11-24,Southampton,Liverpool,A,10.0,5.95,1.31,0.1,0.1680672268907563,0.7633587786259541,1.0314260055167104,0.031426005516710376,0.09695314978014667,0.16294647021873387,0.7401003800011196,A
2024-25,2024-11-24,Ipswich,Man United,D,5.15,4.16,1.68,0.1941747572815534,0.24038461538461536,0.5952380952380952,1.029797467904264,0.029797467904264074,0.18855625822883165,0.23342902160540455,0.5780147201657637,A
2024-25,2024-11-25,Newcastle,West Ham,A,1.5,4.71,6.64,0.6666666666666666,0.21231422505307856,0.15060240963855423,1.0295833013582996,0.029583301358299563,0.6475111492068223,0.20621374178561222,0.1462751090075653,H
2024-25,2024-11-29,Brighton,Southampton,D,1.38,5.68,7.25,0.7246376811594204,0.17605633802816903,0.13793103448275862,1.038625053670348,0.038625053670348075,0.6976893909873033,0.1695090421764927,0.13280156683620392,H
2024-25,2024-11-30,Brentford,Leicester,H,1.63,4.36,5.38,0.6134969325153374,0.2293577981651376,0.1858736059479554,1.0287283366284303,0.02872833662843033,0.5963643759692879,0.22295273688760076,0.18068288714311143,H
2024-25,2024-11-30,Crystal Palace,Newcastle,D,3.3,3.53,2.27,0.30303030303030304,0.28328611898017,0.44052863436123346,1.0268450563717066,0.026845056371706644,0.29510810920300073,0.27588010208779107,0.4290117887092081,A
2024-25,2024-11-30,Nott'm Forest,Ipswich,H,1.74,3.98,4.94,0.5747126436781609,0.25125628140703515,0.20242914979757085,1.0283980748827668,0.0283980748827668,0.5588425899607754,0.24431811721903246,0.19683929282019216,H
2024-25,2024-11-30,Wolves,Bournemouth,A,2.75,3.48,2.66,0.36363636363636365,0.28735632183908044,0.37593984962406013,1.0269325350995042,0.026932535099504218,0.35409956468185055,0.27982005829743933,0.3660803770207101,A
2024-25,2024-11-30,West Ham,Arsenal,A,7.34,4.89,1.45,0.1362397820163488,0.20449897750511248,0.6896551724137931,1.0303939319352544,0.030393931935254415,0.13222106399682246,0.19846679135719358,0.669312144645984,A
2024-25,2024-12-01,Chelsea,Aston Villa,H,1.75,4.07,4.69,0.5714285714285714,0.24570024570024568,0.21321961620469082,1.030348433333508,0.030348433333508007,0.554597408936525,0.2384632593707417,0.2069393316927332,H
2024-25,2024-12-01,Man United,Everton,H,1.62,4.07,5.98,0.6172839506172839,0.24570024570024568,0.16722408026755853,1.0302082765850882,0.03020827658508818,0.5991836453337798,0.23849570158248726,0.16232065308373297,H
2024-25,2024-12-01,Tottenham,Fulham,D,1.98,4.06,3.61,0.5050505050505051,0.24630541871921185,0.2770083102493075,1.0283642340190244,0.028364234019024437,0.49112025520051467,0.2395118485953249,0.2693678962041604,H
2024-25,2024-12-01,Liverpool,Man City,H,2.06,3.76,3.6,0.4854368932038835,0.26595744680851063,0.2777777777777778,1.0291721177901718,0.029172117790171814,0.4716770740410348,0.25841882247992864,0.2699041034790366,H
2024-25,2024-12-03,Ipswich,Crystal Palace,A,3.35,3.39,2.3,0.29850746268656714,0.2949852507374631,0.4347826086956522,1.0282753221196823,0.02827532211968231,0.2902991604147663,0.2868738015898133,0.42282703799542054,A
2024-25,2024-12-03,Leicester,West Ham,H,3.04,3.5,2.43,0.32894736842105265,0.2857142857142857,0.4115226337448559,1.0261842878801943,0.026184287880194335,0.32055389300548015,0.27842395278190274,0.40102215421261705,A
2024-25,2024-12-04,Everton,Wolves,H,2.14,3.36,3.8,0.4672897196261682,0.2976190476190476,0.2631578947368421,1.028066661982058,0.028066661982057983,0.4545325093270299,0.2894939196309059,0.2559735710420642,H
2024-25,2024-12-04,Man City,Nott'm Forest,H,1.31,5.88,10.02,0.7633587786259541,0.17006802721088435,0.0998003992015968,1.0332272050384352,0.03322720503843524,0.7388101812491066,0.16459886691094042,0.09659095183995306,H
2024-25,2024-12-04,Newcastle,Liverpool,D,3.68,3.74,2.04,0.2717391304347826,0.267379679144385,0.49019607843137253,1.02931488801054,0.029314888010540052,0.264,0.25976470588235295,0.4762352941176471,A
2024-25,2024-12-04,Southampton,Chelsea,A,9.07,5.95,1.33,0.11025358324145534,0.1680672268907563,0.7518796992481203,1.030200509380332,0.03020050938033192,0.10702148002991489,0.1631403065329963,0.7298382134370888,A
2024-25,2024-12-04,Arsenal,Man United,H,1.48,4.89,6.64,0.6756756756756757,0.20449897750511248,0.15060240963855423,1.0307770628193424,0.03077706281934245,0.6555012718536762,0.1983930229741188,0.14610570517220495,H
2024-25,2024-12-04,Aston Villa,Brentford,H,1.68,4.23,5.06,0.5952380952380952,0.23640661938534277,0.19762845849802374,1.0292731731214617,0.029273173121461715,0.5783091513333873,0.22968306719623893,0.1920077814703737,H
2024-25,2024-12-05,Fulham,Brighton,H,2.64,3.65,2.7,0.3787878787878788,0.273972602739726,0.37037037037037035,1.0231308518979751,0.023130851897975147,0.37022427589315904,0.26777865434464104,0.3619970697621999,H
2024-25,2024-12-05,Bournemouth,Tottenham,H,2.21,3.97,3.06,0.45248868778280543,0.2518891687657431,0.32679738562091504,1.0311752421694635,0.031175242169463546,0.43880871968068774,0.24427387166103776,0.3169174086582745,H
2024-25,2024-12-07,Aston Villa,Southampton,H,1.33,5.79,9.42,0.7518796992481203,0.17271157167530224,0.10615711252653928,1.0307483834499618,0.03074838344996178,0.729450282261462,0.16755939126213204,0.102990326476406,H
2024-25,2024-12-07,Brentford,Newcastle,H,3.02,3.74,2.33,0.33112582781456956,0.267379679144385,0.4291845493562232,1.0276900563151776,0.027690056315177625,0.3222039814239655,0.26017540745999346,0.4176206111160411,A
2024-25,2024-12-07,Crystal Palace,Man City,D,4.69,4.04,1.76,0.21321961620469082,0.24752475247524752,0.5681818181818182,1.0289261868617565,0.02892618686175652,0.20722537624881965,0.2405660927244961,0.5522085310266843,A
2024-25,2024-12-07,Man United,Nott'm Forest,A,1.69,3.98,5.33,0.591715976331361,0.25125628140703515,0.18761726078799248,1.0305895185263887,0.030589518526388693,0.5741529150979909,0.24379859962703632,0.18204848527497272,H
2024-25,2024-12-08,Fulham,Arsenal,D,5.5,4.2,1.64,0.18181818181818182,0.23809523809523808,0.6097560975609756,1.0296695174743955,0.0296695174743955,0.1765791632485644,0.2312346185397867,0.5921862182116489,A
2024-25,2024-12-08,Ipswich,Bournemouth,A,3.92,3.82,1.95,0.25510204081632654,0.2617801047120419,0.5128205128205129,1.0297026583488813,0.029702658348881306,0.24774340315424678,0.2542288325561904,0.4980277642895628,A
2024-25,2024-12-08,Leicester,Brighton,D,4.98,4.27,1.68,0.2008032128514056,0.234192037470726,0.5952380952380952,1.0302333455602268,0.030233345560226832,0.19491041880634483,0.22731941116056148,0.5777701700330937,A
2024-25,2024-12-08,Tottenham,Chelsea,A,2.93,4.1,2.25,0.341296928327645,0.24390243902439027,0.4444444444444444,1.0296438117964797,0.02964381179647968,0.3314708682919818,0.23688040099890412,0.4316487307091141,A
2024-25,2024-12-09,West Ham,Wolves,H,1.82,3.99,4.37,0.5494505494505494,0.2506265664160401,0.22883295194508008,1.0289100678116696,0.028910067811669604,0.5340122199592667,0.24358452138492873,0.2224032586558045,H
2024-25,2024-12-14,Arsenal,Everton,D,1.25,6.5,13.0,0.8,0.15384615384615385,0.07692307692307693,1.0307692307692309,0.030769230769230882,0.7761194029850745,0.14925373134328357,0.07462686567164178,H
2024-25,2024-12-14,Liverpool,Fulham,D,1.29,6.13,9.62,0.7751937984496123,0.1631321370309951,0.10395010395010396,1.0422760394307113,0.04227603943071134,0.7437509538001289,0.15651529044081017,0.09973375575906096,H
2024-25,2024-12-14,Newcastle,Leicester,H,1.29,6.29,9.49,0.7751937984496123,0.1589825119236884,0.1053740779768177,1.0395503883501185,0.03955038835011848,0.7457010330013254,0.15293391614812557,0.10136505085054899,H
2024-25,2024-12-14,Wolves,Ipswich,A,2.0,3.65,3.93,0.5,0.273972602739726,0.2544529262086514,1.0284255289483775,0.028425528948377465,0.4861800742259655,0.26640004067176193,0.24741988510227253,H
2024-25,2024-12-14,Nott'm Forest,Aston Villa,H,2.73,3.28,2.81,0.3663003663003663,0.3048780487804878,0.35587188612099646,1.0270503012018506,0.02705030120185059,0.3566528006191351,0.2968482151494631,0.34649898423140174,H
2024-25,2024-12-15,Brighton,Crystal Palace,A,1.92,3.73,4.14,0.5208333333333334,0.2680965147453083,0.24154589371980678,1.0304757417984485,0.030475741798448475,0.505429979772589,0.2601677107676597,0.23440230945975138,H
2024-25,2024-12-15,Man City,Man United,A,1.53,4.9,5.85,0.6535947712418301,0.2040816326530612,0.17094017094017094,1.0286165748350622,0.028616574835062192,0.6354114713216958,0.19840399002493764,0.1661845386533666,H
2024-25,2024-12-15,Chelsea,Brentford,H,1.32,6.3,8.25,0.7575757575757576,0.15873015873015872,0.12121212121212122,1.0375180375180375,0.037518037518037506,0.7301808066759388,0.15299026425591097,0.11682892906815022,H
2024-25,2024-12-15,Southampton,Tottenham,A,4.04,4.49,1.79,0.24752475247524752,0.22271714922048996,0.5586592178770949,1.0289011195728324,0.028901119572832368,0.24057195367618228,0.21646117880885887,0.5429668675149589,A
2024-25,2024-12-16,Bournemouth,West Ham,D,1.78,4.13,4.42,0.5617977528089888,0.24213075060532688,0.22624434389140272,1.0301728473057183,0.030172847305718342,0.5453431958319392,0.23503895607284547,0.21961784809521534,H
2024-25,2024-12-21,Aston Villa,Man City,H,3.21,3.7,2.24,0.3115264797507788,0.27027027027027023,0.4464285714285714,1.0282253214496204,0.028225321449620422,0.3029749153731987,0.26285121036431564,0.43417387426248566,A
2024-25,2024-12-21,Brentford,Nott'm Forest,A,2.53,3.66,2.78,0.3952569169960475,0.27322404371584696,0.3597122302158274,1.0281931909277218,0.028193190927721767,0.3844189209611607,0.2657322049267039,0.34984887411213544,H
2024-25,2024-12-21,Ipswich,Newcastle,A,4.6,4.24,1.73,0.2173913043478261,0.23584905660377356,0.5780346820809249,1.0312750430325246,0.031275043032524596,0.21079856999988505,0.22869656179232808,0.5605048682077869,A
2024-25,2024-12-21,West Ham,Brighton,D,2.83,3.68,2.48,0.35335689045936397,0.2717391304347826,0.40322580645161293,1.0283218273457595,0.028321827345759498,0.34362480797614386,0.26425494743817585,0.3921202445856803,A
2024-25,2024-12-21,Crystal Palace,Arsenal,A,7.6,4.6,1.47,0.13157894736842105,0.2173913043478261,0.6802721088435374,1.0292423605597847,0.029242360559784686,0.12784058683404542,0.21121488259537943,0.660944530570575,A
2024-25,2024-12-22,Everton,Chelsea,D,5.01,4.11,1.69,0.1996007984031936,0.24330900243309,0.591715976331361,1.0346257771676446,0.03462577716764459,0.19292076691691734,0.23516619032938096,0.5719130427537017,A
2024-25,2024-12-22,Fulham,Southampton,D,1.68,4.15,5.88,0.5952380952380952,0.24096385542168672,0.17006802721088435,1.0062699778706663,0.006269977870666299,0.5915292201181023,0.2394624312767257,0.16900834860517205,H
2024-25,2024-12-22,Leicester,Wolves,A,3.05,3.51,2.41,0.3278688524590164,0.2849002849002849,0.41493775933609955,1.0277068966954008,0.02770689669540083,0.31902953411452345,0.27721939574054033,0.4037510701449363,A
2024-25,2024-12-22,Man United,Bournemouth,A,1.88,3.8,4.25,0.5319148936170213,0.2631578947368421,0.23529411764705882,1.0303669060009222,0.030366906000922178,0.5162383326940289,0.2554021224907301,0.228359544815241,H
2024-25,2024-12-22,Tottenham,Liverpool,A,4.9,4.55,1.65,0.2040816326530612,0.21978021978021978,0.6060606060606061,1.029922458493887,0.029922458493887083,0.19815242494226326,0.2133949191685912,0.5884526558891455,A
2024-25,2024-12-26,Man City,Everton,D,1.36,5.5,9.0,0.7352941176470588,0.18181818181818182,0.1111111111111111,1.0282234105763517,0.028223410576351693,0.7151112395261485,0.17682750650101128,0.10806125397284022,H
2024-25,2024-12-26,Bournemouth,Crystal Palace,D,2.13,3.66,3.5,0.4694835680751174,0.27322404371584696,0.2857142857142857,1.02842189750525,0.028421897505249927,0.4565087239137873,0.2656731098186795,0.27781816626753336,H
2024-25,2024-12-26,Chelsea,Fulham,A,1.46,4.94,6.86,0.684931506849315,0.20242914979757085,0.14577259475218657,1.0331332513990725,0.03313325139907253,0.6629653105461261,0.19593711607233685,0.14109757338153703,H
2024-25,2024-12-26,Newcastle,Aston Villa,H,1.94,3.87,3.89,0.5154639175257733,0.25839793281653745,0.2570694087403599,1.0309312590826707,0.030931259082670692,0.4999983393504203,0.25064516236170936,0.24935649828787024,H
2024-25,2024-12-26,Nott'm Forest,Tottenham,H,2.16,3.92,3.22,0.4629629629629629,0.25510204081632654,0.3105590062111801,1.0286240099904695,0.028624009990469546,0.4500798722044728,0.24800319488817893,0.3019169329073482,H
2024-25,2024-12-26,Southampton,West Ham,A,3.12,3.63,2.31,0.3205128205128205,0.27548209366391185,0.4329004329004329,1.0288953470771651,0.028895347077165123,0.3115115851415962,0.2677454946671571,0.4207429201912468,A
2024-25,2024-12-26,Wolves,Man United,H,4.44,4.01,1.8,0.2252252252252252,0.24937655860349128,0.5555555555555556,1.030157339384272,0.03015733938427201,0.21863186972957255,0.24207618493748184,0.5392919453329457,A
2024-25,2024-12-26,Liverpool,Leicester,H,1.09,12.25,27.0,0.9174311926605504,0.08163265306122448,0.037037037037037035,1.0361008827588118,0.03610088275881185,0.8854651201702664,0.07878832497841554,0.03574655485131816,H
2024-25,2024-12-27,Brighton,Brentford,D,1.63,4.6,5.05,0.6134969325153374,0.2173913043478261,0.19801980198019803,1.0289080388433616,0.028908038843361572,0.596260218945315,0.2112835123654051,0.1924562686892799,H
2024-25,2024-12-27,Arsenal,Ipswich,H,1.13,9.25,23.5,0.8849557522123894,0.10810810810810811,0.0425531914893617,1.0356170518098593,0.0356170518098593,0.8545202598449185,0.10439004255402788,0.04108969760105353,H
2024-25,2024-12-29,Leicester,Man City,A,10.25,6.42,1.27,0.0975609756097561,0.1557632398753894,0.7874015748031495,1.040725790288295,0.04072579028829493,0.09374320932580177,0.14966789650926293,0.7565888941649355,A
2024-25,2024-12-29,Crystal Palace,Southampton,H,1.53,4.45,6.43,0.6535947712418301,0.2247191011235955,0.15552099533437014,1.0338348676997957,0.03383486769979571,0.6322042249320038,0.2173645986844867,0.15043117638350947,H
2024-25,2024-12-29,Everton,Nott'm Forest,A,2.71,3.07,3.0,0.36900369003690037,0.32573289902280134,0.3333333333333333,1.028069922393035,0.028069922393034963,0.35892859230622337,0.3168392459771549,0.3242321617166218,H
2024-25,2024-12-29,Fulham,Bournemouth,D,2.27,3.5,3.31,0.44052863436123346,0.2857142857142857,0.3021148036253776,1.0283577237008967,0.02835772370089673,0.4283807319264746,0.2778355032780278,0.29378376479549767,H
2024-25,2024-12-29,Tottenham,Wolves,D,1.68,4.64,4.6,0.5952380952380952,0.21551724137931036,0.2173913043478261,1.0281466409652318,0.028146640965231784,0.5789428001041576,0.2096172207273674,0.21143997916847496,H
2024-25,2024-12-29,West Ham,Liverpool,A,7.75,5.5,1.39,0.12903225806451613,0.18181818181818182,0.7194244604316548,1.0302749003143528,0.03027490031435276,0.12524061104967849,0.1764754064790924,0.698283982471229,A
2024-25,2024-12-30,Aston Villa,Brighton,D,1.86,3.89,4.25,0.5376344086021505,0.2570694087403599,0.23529411764705882,1.0299979349895692,0.029997934989569153,0.5219762004742224,0.24958245061235315,0.22844134891342444,H
2024-25,2024-12-30,Ipswich,Chelsea,H,7.55,5.28,1.4,0.13245033112582782,0.1893939393939394,0.7142857142857143,1.0361299848054815,0.03612998480548146,0.12783177117559577,0.18278974855601288,0.6893784802683914,A
2024-25,2024-12-30,Man United,Newcastle,A,2.71,3.6,2.58,0.36900369003690037,0.2777777777777778,0.38759689922480617,1.0343783670394844,0.03437836703948438,0.35673956628949366,0.2685456179568133,0.374714815753693,A
2024-25,2025-01-01,Brentford,Arsenal,A,6.0,4.5,1.56,0.16666666666666666,0.2222222222222222,0.641025641025641,1.0299145299145298,0.029914529914529808,0.16182572614107885,0.2157676348547718,0.6224066390041494,A
2024-25,2025-01-04,Tottenham,Newcastle,A,3.9,4.69,1.79,0.25641025641025644,0.21321961620469082,0.5586592178770949,1.0282890904920423,0.028289090492042313,0.2493561964053928,0.2073537667336955,0.5432900368609116,A
2024-25,2025-01-04,Aston Villa,Leicester,H,1.34,5.69,8.32,0.7462686567164178,0.17574692442882248,0.12019230769230768,1.042207888837548,0.04220788883754789,0.7160458721424445,0.16862943210384457,0.11532469575371102,H
2024-25,2025-01-04,Bournemouth,Everton,H,1.7,3.97,5.23,0.5882352941176471,0.2518891687657431,0.19120458891013384,1.031329051793524,0.031329051793524076,0.5703662600163173,0.2442374413168109,0.18539629866687177,H
2024-25,2025-01-04,Crystal Palace,Chelsea,D,3.64,3.94,2.0,0.2747252747252747,0.25380710659898476,0.5,1.0285323813242595,0.028532381324259504,0.26710415706266777,0.2467662770832768,0.48612956585405537,A
2024-25,2025-01-04,Man City,West Ham,H,1.26,7.24,10.79,0.7936507936507936,0.13812154696132597,0.09267840593141799,1.0244507465435375,0.024450746543537516,0.77470859026512,0.13482497565387447,0.09046643408100567,H
2024-25,2025-01-04,Southampton,Brentford,A,3.44,3.65,2.16,0.29069767441860467,0.273972602739726,0.4629629629629629,1.0276332401212938,0.027633240121293756,0.28288076238590043,0.2666054308513692,0.45051380676273023,A
2024-25,2025-01-04,Brighton,Arsenal,D,4.93,3.68,1.8,0.20283975659229211,0.2717391304347826,0.5555555555555556,1.0301344425826304,0.030134442582630427,0.19690610099761,0.2637899668256025,0.5393039321767874,A
2024-25,2025-01-05,Fulham,Ipswich,D,1.59,4.2,6.15,0.6289308176100629,0.23809523809523808,0.16260162601626016,1.029627681721561,0.02962768172156105,0.6108332446525487,0.2312440140470363,0.15792274130041503,H
2024-25,2025-01-05,Liverpool,Man United,D,1.36,5.55,8.55,0.7352941176470588,0.1801801801801802,0.11695906432748537,1.0324333621547244,0.032433362154724366,0.7121952317701884,0.17451991264999214,0.11328485557981945,H
2024-25,2025-01-06,Wolves,Nott'm Forest,A,4.01,3.54,2.01,0.24937655860349128,0.2824858757062147,0.49751243781094534,1.0293748721206515,0.029374872120651485,0.24226019631676246,0.2744246856582535,0.48331511802498384,A
2024-25,2025-01-14,Brentford,Man City,D,5.18,4.51,1.61,0.19305019305019305,0.22172949002217296,0.6211180124223602,1.035897695494726,0.0358976954947261,0.1863602881730476,0.21404574118323427,0.5995939706437182,A
2024-25,2025-01-14,Chelsea,Bournemouth,D,1.54,4.8,5.71,0.6493506493506493,0.20833333333333334,0.17513134851138354,1.0328153311953663,0.03281533119536628,0.6287190262746195,0.20171402092977378,0.16956695279560666,H
2024-25,2025-01-14,West Ham,Fulham,H,3.22,3.3,2.42,0.3105590062111801,0.30303030303030304,0.4132231404958678,1.026812449737351,0.026812449737350974,0.30244959173471087,0.29511748041993,0.4024329278453591,A
2024-25,2025-01-14,Nott'm Forest,Liverpool,D,5.7,4.3,1.62,0.17543859649122806,0.23255813953488372,0.6172839506172839,1.0252806866433957,0.025280686643395667,0.17111274871039056,0.22682387619749447,0.6020633750921149,A
2024-25,2025-01-15,Everton,Aston Villa,A,3.55,3.13,2.35,0.28169014084507044,0.3194888178913738,0.425531914893617,1.0267108736300612,0.026710873630061194,0.27436170014360584,0.311177008150096,0.41446129170629814,A
2024-25,2025-01-15,Leicester,Crystal Palace,A,4.07,3.63,1.97,0.24570024570024568,0.27548209366391185,0.5076142131979695,1.028796552562127,0.028796552562126987,0.2388229675618089,0.2677712060541494,0.49340582638404173,A
2024-25,2025-01-15,Newcastle,Wolves,H,1.37,5.4,8.5,0.7299270072992701,0.18518518518518517,0.11764705882352941,1.0327592513079846,0.03275925130798463,0.7067736322621376,0.17931108818502378,0.11391527955283864,H
2024-25,2025-01-15,Arsenal,Tottenham,H,1.38,5.35,8.2,0.7246376811594204,0.1869158878504673,0.12195121951219513,1.033504788522083,0.03350478852208294,0.7011459348878837,0.1808563346065943,0.11799773050552188,H
2024-25,2025-01-16,Ipswich,Brighton,A,3.94,3.75,1.97,0.25380710659898476,0.26666666666666666,0.5076142131979695,1.028087986463621,0.028087986463620984,0.24687294272547727,0.2593811718235681,0.49374588545095455,A
2024-25,2025-01-16,Man United,Southampton,H,1.29,6.1,11.0,0.7751937984496123,0.1639344262295082,0.09090909090909091,1.0300373155882114,0.030037315588211433,0.752588072993192,0.15915387117397012,0.08825805583283797,H
2024-25,2025-01-18,Newcastle,Bournemouth,A,1.66,4.25,5.2,0.6024096385542169,0.23529411764705882,0.1923076923076923,1.030011448508968,0.030011448508967975,0.5848572260301163,0.22843835181411598,0.18670442215576785,H
2024-25,2025-01-18,Brentford,Liverpool,A,6.33,5.0,1.49,0.1579778830963665,0.2,0.6711409395973155,1.029118822693682,0.029118822693682045,0.1535079133844477,0.19434101834471076,0.6521510682708415,A
2024-25,2025-01-18,Leicester,Fulham,A,4.65,3.79,1.81,0.2150537634408602,0.2638522427440633,0.5524861878453039,1.0313921940302273,0.031392194030227305,0.20850823254781928,0.2558214462657942,0.5356703211863867,A
2024-25,2025-01-18,West Ham,Crystal Palace,A,2.86,3.32,2.66,0.3496503496503497,0.30120481927710846,0.37593984962406013,1.0267950185515184,0.026795018551518446,0.3405259504897046,0.29334464409655275,0.3661294054137425,A
2024-25,2025-01-18,Arsenal,Aston Villa,D,1.57,4.35,6.1,0.6369426751592356,0.2298850574712644,0.1639344262295082,1.0307621588600082,0.030762158860008215,0.6179337004995168,0.22302434707683713,0.15904195242364613,H
2024-25,2025-01-19,Everton,Tottenham,H,2.56,3.51,2.85,0.390625,0.2849002849002849,0.3508771929824561,1.026402477882741,0.02640247788274097,0.3805768286976272,0.27757170412134635,0.3418514671810265,H
2024-25,2025-01-19,Man United,Brighton,A,2.34,3.45,3.25,0.4273504273504274,0.2898550724637681,0.3076923076923077,1.0248978075065032,0.024897807506503167,0.41696881798404645,0.2828136330674402,0.30021754894851344,H
2024-25,2025-01-19,Nott'm Forest,Southampton,H,1.37,5.15,9.23,0.7299270072992701,0.1941747572815534,0.10834236186348863,1.032444126444312,0.03244412644431205,0.7069893552623555,0.18807289644843245,0.10493774828921204,H
2024-25,2025-01-19,Ipswich,Man City,A,8.5,5.5,1.37,0.11764705882352941,0.18181818181818182,0.7299270072992701,1.0293922479409812,0.029392247940981164,0.11428788108600031,0.17662672531472778,0.709085393599272,A
2024-25,2025-01-20,Chelsea,Wolves,H,1.44,5.25,6.8,0.6944444444444444,0.19047619047619047,0.14705882352941177,1.0319794584500466,0.03197945845004657,0.6729246776747343,0.18457362587649853,0.14250169644876726,H
2024-25,2025-01-25,Bournemouth,Nott'm Forest,H,1.97,3.73,3.94,0.5076142131979695,0.2680965147453083,0.25380710659898476,1.0295178345422626,0.029517834542262644,0.49306014540647713,0.2604097818902842,0.24653007270323857,H
2024-25,2025-01-25,Brighton,Everton,A,1.74,3.69,5.42,0.5747126436781609,0.2710027100271003,0.18450184501845018,1.0302171987237114,0.030217198723711425,0.5578558039898246,0.26305395635292544,0.17909023965724996,H
2024-25,2025-01-25,Liverpool,Ipswich,H,1.1,12.25,24.5,0.9090909090909091,0.08163265306122448,0.04081632653061224,1.0315398886827458,0.03153988868274582,0.8812949640287769,0.07913669064748201,0.039568345323741004,H
2024-25,2025-01-25,Southampton,Newcastle,A,6.62,5.04,1.47,0.1510574018126888,0.1984126984126984,0.6802721088435374,1.0297422090689246,0.029742209068924552,0.1466943866943867,0.19268191268191268,0.6606237006237007,A
2024-25,2025-01-25,Wolves,Arsenal,A,5.93,4.15,1.61,0.16863406408094436,0.24096385542168672,0.6211180124223602,1.0307159319249912,0.030715931924991224,0.16360867127182085,0.2337829929257584,0.6026083358024208,A
2024-25,2025-01-25,Man City,Chelsea,H,2.39,3.89,2.85,0.41841004184100417,0.2570694087403599,0.3508771929824561,1.0263566435638203,0.02635664356382028,0.407665351478759,0.2504679151758956,0.3418667333453453,H
2024-25,2025-01-26,Crystal Palace,Brentford,A,1.97,3.8,3.84,0.5076142131979695,0.2631578947368421,0.2604166666666667,1.0311887746014783,0.031188774601478286,0.49226118990108897,0.2551985642381961,0.25254024586071494,H
2024-25,2025-01-26,Tottenham,Leicester,A,1.51,5.05,5.85,0.6622516556291391,0.19801980198019803,0.17094017094017094,1.031211628549508,0.031211628549508097,0.6422073193265437,0.19202634696694673,0.16576633370650956,H
2024-25,2025-01-26,Aston Villa,West Ham,D,1.47,4.9,6.9,0.6802721088435374,0.2040816326530612,0.14492753623188406,1.0292812777284828,0.02928127772848277,0.660919540229885,0.19827586206896547,0.14080459770114942,H
2024-25,2025-01-26,Fulham,Man United,A,2.4,3.55,3.03,0.4166666666666667,0.28169014084507044,0.33003300330033003,1.028389810812067,0.02838981081206704,0.40516413356686826,0.2739137804395729,0.320922085993559,H
2024-25,2025-02-01,Nott'm Forest,Brighton,H,2.68,3.45,2.74,0.3731343283582089,0.2898550724637681,0.36496350364963503,1.027952904471612,0.027952904471612028,0.3629877660105521,0.2819731051908057,0.35503912879864225,H
2024-25,2025-02-01,Bournemouth,Liverpool,A,4.66,4.26,1.72,0.2145922746781116,0.2347417840375587,0.5813953488372093,1.0307294075528797,0.030729407552879673,0.2081945786213559,0.22774336534636583,0.5640620560322782,A
2024-25,2025-02-01,Everton,Leicester,H,1.96,3.34,4.53,0.5102040816326531,0.29940119760479045,0.22075055187637968,1.0303558311138232,0.03035583111382323,0.49517270269739555,0.2905803884092501,0.21424690889335435,H
2024-25,2025-02-01,Ipswich,Southampton,A,1.91,3.75,4.18,0.5235602094240838,0.26666666666666666,0.23923444976076558,1.029461325851516,0.02946132585151595,0.5085768608072989,0.2590351477711842,0.23238799142151698,H
2024-25,2025-02-01,Newcastle,Fulham,A,1.77,3.82,4.91,0.5649717514124294,0.2617801047120419,0.20366598778004072,1.030417843904512,0.030417843904511965,0.5482938351218857,0.25405237910097844,0.19765378577713594,H
2024-25,2025-02-01,Wolves,Aston Villa,H,3.32,3.48,2.28,0.30120481927710846,0.28735632183908044,0.4385964912280702,1.027157632344259,0.027157632344259053,0.2932410856838744,0.2797587369167997,0.42700017739932594,A
2024-25,2025-02-02,Brentford,Tottenham,A,1.97,4.21,3.51,0.5076142131979695,0.23752969121140144,0.2849002849002849,1.030044189309656,0.03004418930965591,0.49280819062546893,0.2306014573710627,0.2765903520034683,H
2024-25,2025-02-02,Man United,Crystal Palace,A,1.78,3.73,4.97,0.5617977528089888,0.2680965147453083,0.2012072434607646,1.0311015110150616,0.031101511015061645,0.544852031354246,0.26000981657119515,0.19513815207455892,H
2024-25,2025-02-02,Arsenal,Man City,H,1.91,4.17,3.77,0.5235602094240838,0.23980815347721823,0.26525198938992045,1.0286203522912225,0.028620352291222506,0.5089926601761946,0.23313572684329298,0.2578716129805124,H
2024-25,2025-02-03,Chelsea,West Ham,H,1.29,6.55,9.45,0.7751937984496123,0.15267175572519084,0.10582010582010583,1.0336856599949091,0.033685659994909134,0.7499318491594729,0.14769650159018627,0.10237164925034076,H
2024-25,2025-02-12,Everton,Liverpool,D,7.9,4.65,1.45,0.12658227848101264,0.2150537634408602,0.6896551724137931,1.031291214335666,0.03129121433566606,0.12274154644336228,0.2085286487962499,0.6687298047603878,A
2024-25,2025-02-14,Brighton,Chelsea,H,2.95,3.78,2.36,0.3389830508474576,0.2645502645502646,0.42372881355932207,1.0272621289570443,0.027262128957044274,0.3299869052815364,0.257529463116543,0.4124836316019206,A
2024-25,2025-02-15,Leicester,Arsenal,A,10.15,5.52,1.33,0.09852216748768472,0.1811594202898551,0.7518796992481203,1.03156128702566,0.03156128702566008,0.09550781783577536,0.1756167302596232,0.7288754519046015,A
2024-25,2025-02-15,Aston Villa,Ipswich,D,1.44,4.99,7.41,0.6944444444444444,0.2004008016032064,0.1349527665317139,1.0297980125793647,0.029798012579364652,0.6743501501862967,0.19460204734835013,0.13104780246535322,H
2024-25,2025-02-15,Fulham,Nott'm Forest,H,2.12,3.55,3.63,0.4716981132075471,0.28169014084507044,0.27548209366391185,1.0288703477165293,0.0288703477165293,0.4584621514794668,0.2737858482074563,0.26775200031307705,H
2024-25,2025-02-15,Man City,Newcastle,H,2.09,4.07,3.29,0.47846889952153115,0.24570024570024568,0.303951367781155,1.0281205130029318,0.028120513002931835,0.46538211568604965,0.23898000535229572,0.2956378789616546,H
2024-25,2025-02-15,Southampton,Bournemouth,A,6.32,4.79,1.51,0.1582278481012658,0.20876826722338204,0.6622516556291391,1.0292477709537868,0.029247770953786834,0.15373154313915946,0.20283577299363004,0.6434326838672106,A
2024-25,2025-02-15,West Ham,Brentford,A,2.4,3.71,2.93,0.4166666666666667,0.2695417789757412,0.341296928327645,1.0275053739700528,0.027505373970052815,0.4055128831655246,0.26232639342244174,0.33216072341203373,H
2024-25,2025-02-15,Crystal Palace,Everton,A,2.0,3.25,4.53,0.5,0.3076923076923077,0.22075055187637968,1.0284428595686874,0.028442859568687417,0.48617188144968215,0.2991826962767275,0.21464542227359035,H
2024-25,2025-02-16,Liverpool,Wolves,H,1.23,7.1,12.75,0.8130081300813008,0.14084507042253522,0.0784313725490196,1.0322845730528556,0.03228457305285559,0.7875814008117243,0.13644015816879168,0.07597844101948399,H
2024-25,2025-02-16,Tottenham,Man United,H,2.21,3.9,3.13,0.45248868778280543,0.25641025641025644,0.3194888178913738,1.0283877620844357,0.02838776208443572,0.43999812567358604,0.2493322712150321,0.3106696031113818,H
2024-25,2025-02-19,Aston Villa,Liverpool,D,3.97,4.04,1.88,0.2518891687657431,0.24752475247524752,0.5319148936170213,1.031328814858012,0.03132881485801198,0.24423749742745418,0.24000565960074086,0.5157568429718048,A
2024-25,2025-02-21,Leicester,Brentford,A,3.74,3.86,1.99,0.267379679144385,0.2590673575129534,0.5025125628140703,1.0289595994714087,0.028959599471408692,0.2598543998051447,0.25177602468166876,0.48836957551318655,A
2024-25,2025-02-22,Everton,Man United,D,2.67,3.15,2.97,0.37453183520599254,0.31746031746031744,0.33670033670033667,1.0286924893666467,0.0286924893666467,0.36408532100451824,0.30860565304192494,0.32730902595355676,H
2024-25,2025-02-22,Arsenal,West Ham,A,1.29,5.82,12.73,0.7751937984496123,0.1718213058419244,0.07855459544383346,1.02556969973537,0.025569699735370044,0.7558665185307613,0.16753742421042647,0.07659605725881241,H
2024-25,2025-02-22,Bournemouth,Wolves,A,1.66,4.21,5.27,0.6024096385542169,0.23752969121140144,0.18975332068311196,1.0296926504487303,0.029692650448730262,0.5850383007897478,0.23068018510949675,0.18428151410075547,H
2024-25,2025-02-22,Fulham,Crystal Palace,A,2.1,3.49,3.77,0.47619047619047616,0.28653295128939826,0.26525198938992045,1.0279754168697948,0.027975416869794767,0.46323138508553585,0.27873521738671214,0.2580333975277521,H
2024-25,2025-02-22,Ipswich,Tottenham,A,3.42,3.85,2.1,0.29239766081871343,0.2597402597402597,0.47619047619047616,1.0283283967494494,0.028328396749449425,0.28434268833087145,0.2525849335302806,0.46307237813884783,A
2024-25,2025-02-22,Southampton,Brighton,A,5.83,4.51,1.57,0.17152658662092624,0.22172949002217296,0.6369426751592356,1.0301987518023348,0.030198751802334778,0.16649853857892968,0.21522981816300668,0.6182716432580637,A
2024-25,2025-02-22,Aston Villa,Chelsea,H,2.68,3.61,2.65,0.3731343283582089,0.2770083102493075,0.37735849056603776,1.027501129173554,0.027501129173554073,0.36314736574385137,0.26959416625859334,0.3672584679975554,A
2024-25,2025-02-23,Newcastle,Nott'm Forest,H,1.92,3.88,4.01,0.5208333333333334,0.2577319587628866,0.24937655860349128,1.0279418506997113,0.027941850699711335,0.5066758717711576,0.2507262045877893,0.242597923641053,H
2024-25,2025-02-23,Man City,Liverpool,A,3.24,3.87,2.21,0.30864197530864196,0.25839793281653745,0.45248868778280543,1.0195285959079847,0.019528595907984725,0.30273008187059985,0.25344844063585104,0.44382147749354917,A
2024-25,2025-02-25,Brighton,Bournemouth,H,2.01,3.92,3.63,0.49751243781094534,0.25510204081632654,0.27548209366391185,1.028096572291184,0.028096572291183897,0.48391605537814864,0.2481304263546119,0.2679535182672393,H
2024-25,2025-02-25,Crystal Palace,Aston Villa,H,2.27,3.55,3.26,0.44052863436123346,0.28169014084507044,0.3067484662576687,1.0289672414639726,0.02896724146397256,0.4281269768457034,0.2737600668844357,0.29811295626986095,H
2024-25,2025-02-25,Wolves,Fulham,A,2.42,3.31,3.2,0.4132231404958678,0.3021148036253776,0.3125,1.0278379441212455,0.027837944121245517,0.4020314124997153,0.2939323317973749,0.3040362557029097,H
2024-25,2025-02-25,Chelsea,Southampton,H,1.18,8.25,16.0,0.8474576271186441,0.12121212121212122,0.0625,1.0311697483307654,0.031169748330765357,0.8218410484699437,0.117548174205398,0.06061077732465834,H
2024-25,2025-02-26,Brentford,Everton,D,2.03,3.68,3.8,0.4926108374384237,0.2717391304347826,0.2631578947368421,1.0275078626100485,0.02750786261004845,0.47942293715116363,0.2644642832654516,0.25611277958338474,H
2024-25,2025-02-26,Man United,Ipswich,H,1.52,4.52,6.65,0.6578947368421053,0.22123893805309736,0.15037593984962405,1.0295096147448266,0.029509614744826607,0.639037001131039,0.21489739861043788,0.1460656002585232,H
2024-25,2025-02-26,Nott'm Forest,Arsenal,D,4.37,3.45,1.96,0.22883295194508008,0.2898550724637681,0.5102040816326531,1.0288921060415013,0.028892106041501275,0.22240714123609953,0.2817157122323928,0.49587714653150766,A
2024-25,2025-02-26,Tottenham,Man City,A,3.96,4.19,1.85,0.25252525252525254,0.2386634844868735,0.5405405405405405,1.0317292775526665,0.031729277552666524,0.24475921932181663,0.23132374904878134,0.523917031629402,A
2024-25,2025-02-26,Liverpool,Newcastle,H,1.37,5.65,8.0,0.7299270072992701,0.17699115044247787,0.125,1.031918157741748,0.031918157741748,0.7073497077487656,0.1715166547992582,0.12113363745197611,H
2024-25,2025-02-27,West Ham,Leicester,H,1.79,3.79,4.83,0.5586592178770949,0.2638522427440633,0.20703933747412007,1.0295507980952783,0.029550798095278275,0.5426242385617525,0.2562789939381364,0.20109676750011116,H
2024-25,2025-03-08,Nott'm Forest,Man City,H,3.91,3.87,1.94,0.2557544757033248,0.25839793281653745,0.5154639175257733,1.0296163260456357,0.029616326045635688,0.24839784416160182,0.25096526373949946,0.5006368920988985,A
2024-25,2025-03-08,Brighton,Fulham,H,2.01,3.55,4.0,0.49751243781094534,0.28169014084507044,0.25,1.0292025786560157,0.02920257865601572,0.483396027301663,0.2736974689792514,0.24290650371908562,H
2024-25,2025-03-08,Crystal Palace,Ipswich,H,1.57,4.21,6.39,0.6369426751592356,0.23752969121140144,0.1564945226917058,1.030966889062343,0.030966889062342906,0.6178109907472688,0.23039507255895775,0.15179393669377342,H
2024-25,2025-03-08,Liverpool,Southampton,H,1.11,11.5,26.0,0.9009009009009008,0.08695652173913043,0.038461538461538464,1.0263189611015697,0.026318961101569727,0.8777981651376147,0.08472660550458716,0.03747522935779817,H
2024-25,2025-03-08,Brentford,Aston Villa,A,2.15,3.96,3.21,0.46511627906976744,0.25252525252525254,0.3115264797507788,1.0291680113457988,0.029168011345798828,0.45193425557558364,0.24536834583017803,0.3026973985942383,H
2024-25,2025-03-08,Wolves,Everton,D,2.88,3.0,2.88,0.3472222222222222,0.3333333333333333,0.3472222222222222,1.0277777777777777,0.02777777777777768,0.3378378378378379,0.32432432432432434,0.3378378378378379,H
2024-25,2025-03-09,Chelsea,Leicester,H,1.24,6.85,13.0,0.8064516129032259,0.14598540145985403,0.07692307692307693,1.029360091286157,0.02936009128615691,0.7834494650900901,0.141821509009009,0.0747290259009009,H
2024-25,2025-03-09,Tottenham,Bournemouth,D,2.86,3.83,2.4,0.3496503496503497,0.2610966057441253,0.4166666666666667,1.0274136220611416,0.027413622061141618,0.34032092055476165,0.25412998245081414,0.40554909699442426,A
2024-25,2025-03-09,Man United,Arsenal,D,5.05,3.72,1.78,0.19801980198019803,0.26881720430107525,0.5617977528089888,1.028634759090262,0.02863475909026203,0.1925073989871092,0.261333969055081,0.5461586319578098,A
2024-25,2025-03-10,West Ham,Newcastle,A,3.39,3.55,2.22,0.2949852507374631,0.28169014084507044,0.4504504504504504,1.027125842032984,0.02712584203298407,0.2871948486405527,0.274250855462387,0.4385542958970602,A
2024-25,2025-03-15,Everton,West Ham,D,2.12,3.31,3.92,0.4716981132075471,0.3021148036253776,0.25510204081632654,1.0289149576492513,0.02891495764925134,0.4584422742626171,0.2936246590443348,0.24793306669304804,H
2024-25,2025-03-15,Ipswich,Nott'm Forest,A,3.99,3.58,2.0,0.2506265664160401,0.27932960893854747,0.5,1.0299561753545876,0.02995617535458761,0.24333711706690409,0.27120533438462213,0.48545754854847367,A
2024-25,2025-03-15,Man City,Brighton,D,1.83,3.99,4.3,0.5464480874316939,0.2506265664160401,0.23255813953488372,1.0296327933826177,0.029632793382617706,0.5307213318609119,0.243413543184328,0.2258651249547602,H
2024-25,2025-03-15,Southampton,Wolves,A,3.97,3.43,2.07,0.2518891687657431,0.29154518950437314,0.48309178743961356,1.0265261457097297,0.026526145709729665,0.24538017839924522,0.2840114601297386,0.47060836147101626,A
2024-25,2025-03-15,Bournemouth,Brentford,A,1.76,4.35,4.32,0.5681818181818182,0.2298850574712644,0.23148148148148145,1.029548357134564,0.02954835713456405,0.5518748237947562,0.2232872850296025,0.22483789117564135,H
2024-25,2025-03-16,Arsenal,Chelsea,H,1.73,3.74,5.39,0.5780346820809249,0.267379679144385,0.1855287569573284,1.0309431181826383,0.030943118182638285,0.5606853296619244,0.2593544439345265,0.17996022640354903,H
2024-25,2025-03-16,Fulham,Tottenham,H,1.85,4.1,4.08,0.5405405405405405,0.24390243902439027,0.24509803921568626,1.0295410187806169,0.02954101878061688,0.5250306016760302,0.2369040519757698,0.23806534634820004,H
2024-25,2025-03-16,Leicester,Man United,A,4.56,3.82,1.83,0.2192982456140351,0.2617801047120419,0.5464480874316939,1.0275264377577709,0.02752643775777086,0.2134234580791706,0.2547672693301094,0.5318092725907201,A
2024-25,2025-04-01,Arsenal,Fulham,H,1.51,4.3,7.6,0.6622516556291391,0.23255813953488372,0.13157894736842105,1.0263887425324438,0.026388742532443832,0.6452249797626805,0.22657900452131335,0.12819601571600622,H
2024-25,2025-04-01,Wolves,West Ham,H,2.39,3.29,3.27,0.41841004184100417,0.303951367781155,0.3058103975535168,1.028171807175676,0.028171807175676022,0.40694564752786844,0.29562312996705337,0.29743122250507814,H
2024-25,2025-04-01,Nott'm Forest,Man United,H,2.35,3.46,3.19,0.425531914893617,0.28901734104046245,0.31347962382445144,1.0280288797585309,0.028028879758530856,0.41392992285738933,0.28113737535111705,0.30493270179149373,H
2024-25,2025-04-02,Bournemouth,Ipswich,A,1.4,5.4,7.52,0.7142857142857143,0.18518518518518517,0.13297872340425532,1.0324496228751547,0.03244962287515474,0.6918359002317024,0.17936486302303395,0.12879923674526372,H
2024-25,2025-04-02,Brighton,Aston Villa,A,2.38,3.5,3.11,0.42016806722689076,0.2857142857142857,0.3215434083601286,1.0274257613013051,0.02742576130130514,0.40895224069009045,0.2780875236692615,0.312960235640648,H
2024-25,2025-04-02,Man City,Leicester,H,1.2,8.0,13.5,0.8333333333333334,0.125,0.07407407407407407,1.0324074074074074,0.03240740740740744,0.8071748878923767,0.1210762331838565,0.07174887892376682,H
2024-25,2025-04-02,Newcastle,Brentford,H,1.7,4.29,4.69,0.5882352941176471,0.2331002331002331,0.21321961620469082,1.034555143422571,0.034555143422571044,0.5685876657783706,0.22531445963245453,0.20609787458917483,H
2024-25,2025-04-02,Southampton,Crystal Palace,D,5.72,4.13,1.63,0.17482517482517484,0.24213075060532688,0.6134969325153374,1.0304528579458392,0.030452857945839185,0.16965858600623504,0.23497508764059669,0.5953663263531682,A
2024-25,2025-04-02,Liverpool,Everton,H,1.5,4.41,7.31,0.6666666666666666,0.22675736961451246,0.13679890560875513,1.0302229418899342,0.03022294188993424,0.647109125179908,0.22010514461901634,0.13278573020107554,H
2024-25,2025-04-03,Chelsea,Tottenham,H,1.67,4.46,4.83,0.5988023952095809,0.2242152466367713,0.20703933747412007,1.0300569793204724,0.030056979320472355,0.5813293897630889,0.217672663879901,0.20099794635701002,H
2024-25,2025-04-05,Everton,Arsenal,D,4.19,3.19,2.1,0.2386634844868735,0.31347962382445144,0.47619047619047616,1.0283335845018011,0.028333584501801123,0.23208761056121616,0.304842347414262,0.4630700420245218,A
2024-25,2025-04-05,Crystal Palace,Brighton,H,2.58,3.4,2.89,0.38759689922480617,0.29411764705882354,0.3460207612456747,1.0277353075293045,0.02773530752930453,0.3771368915568315,0.28618034712253687,0.3366827613206316,H
2024-25,2025-04-05,Ipswich,Wolves,A,2.85,3.27,2.7,0.3508771929824561,0.3058103975535168,0.37037037037037035,1.0270579609063433,0.02705796090634327,0.3416332927041616,0.2977537872192234,0.360612920076615,A
2024-25,2025-04-05,West Ham,Bournemouth,D,3.04,3.55,2.4,0.32894736842105265,0.28169014084507044,0.4166666666666667,1.0273041759327899,0.027304175932789887,0.32020444978953694,0.27420324714371613,0.4055923030667468,A
2024-25,2025-04-05,Aston Villa,Nott'm Forest,H,2.15,3.45,3.66,0.46511627906976744,0.2898550724637681,0.27322404371584696,1.0281953952493825,0.028195395249382527,0.4523617604384975,0.2819066043312376,0.2657316352302649,H
2024-25,2025-04-06,Brentford,Chelsea,D,2.94,3.65,2.42,0.3401360544217687,0.273972602739726,0.4132231404958678,1.0273317976573624,0.027331797657362378,0.3310868554807563,0.26668365893518453,0.4022294855840593,A
2024-25,2025-04-06,Fulham,Liverpool,H,4.29,3.55,1.94,0.2331002331002331,0.28169014084507044,0.5154639175257733,1.0302542914710768,0.030254291471076833,0.2262550469626237,0.27341807083652275,0.5003268822008535,A
2024-25,2025-04-06,Tottenham,Southampton,H,1.37,5.64,7.87,0.7299270072992701,0.1773049645390071,0.12706480304955528,1.0342967748878324,0.03429677488783245,0.7057229849512286,0.17142561868496156,0.12285139636380982,H
2024-25,2025-04-06,Man United,Man City,D,3.48,3.75,2.11,0.28735632183908044,0.26666666666666666,0.47393364928909953,1.0279566377948466,0.027956637794846584,0.2795412873207491,0.2594143146336552,0.4610443980455957,A
2024-25,2025-04-07,Leicester,Newcastle,A,7.45,4.85,1.45,0.1342281879194631,0.2061855670103093,0.6896551724137931,1.0300689273435655,0.030068927343565477,0.13030990874137213,0.20016676703571595,0.6695233242229119,A
2024-25,2025-04-12,Man City,Crystal Palace,H,1.64,4.35,5.3,0.6097560975609756,0.2298850574712644,0.18867924528301888,1.0283204003152588,0.028320400315258842,0.5929631439520588,0.2235539209382475,0.18348293510969368,H
2024-25,2025-04-12,Brighton,Leicester,D,1.29,5.95,10.93,0.7751937984496123,0.1680672268907563,0.09149130832570906,1.0347523336660776,0.03475233366607755,0.7491587824722639,0.16242266040154962,0.08841855712618668,H
2024-25,2025-04-12,Nott'm Forest,Everton,A,1.99,3.38,4.35,0.5025125628140703,0.2958579881656805,0.2298850574712644,1.028255608451015,0.028255608451015046,0.4887039357568546,0.2877280568509292,0.2235680073922163,H
2024-25,2025-04-12,Southampton,Aston Villa,A,6.23,4.64,1.53,0.16051364365971107,0.21551724137931036,0.6535947712418301,1.0296256562808515,0.029625656280851453,0.15589514760103035,0.20931611412810758,0.6347887382708621,A
2024-25,2025-04-12,Arsenal,Brentford,D,1.62,4.24,5.66,0.6172839506172839,0.23584905660377356,0.17667844522968199,1.0298114524507394,0.02981145245073935,0.5994145327751746,0.22902159035277897,0.17156387687204647,H
2024-25,2025-04-13,Chelsea,Ipswich,D,1.21,7.43,13.76,0.8264462809917356,0.13458950201884254,0.07267441860465117,1.0337102016152293,0.03371020161522931,0.7994951386765532,0.13020041962296494,0.07030444170048179,H
2024-25,2025-04-13,Liverpool,West Ham,H,1.28,6.12,10.75,0.78125,0.16339869281045752,0.09302325581395349,1.037671948624411,0.037671948624411034,0.7528872694647508,0.15746661845014395,0.08964611208510521,H
2024-25,2025-04-13,Wolves,Tottenham,H,2.29,3.63,3.16,0.4366812227074236,0.27548209366391185,0.3164556962025316,1.028619012573867,0.02861901257386701,0.42453154896946327,0.267817423454565,0.3076510275759718,H
2024-25,2025-04-13,Newcastle,Man United,H,1.62,4.35,5.45,0.6172839506172839,0.2298850574712644,0.18348623853211007,1.0306552466206584,0.03065524662065844,0.5989237940050778,0.22304748190533935,0.17802872408958276,H
2024-25,2025-04-14,Bournemouth,Fulham,H,2.24,3.45,3.43,0.4464285714285714,0.2898550724637681,0.29154518950437314,1.0278288333967125,0.027828833396712493,0.43434135813571084,0.282007142673621,0.2836514991906683,H
2024-25,2025-04-16,Newcastle,Crystal Palace,H,1.68,3.99,5.24,0.5952380952380952,0.2506265664160401,0.19083969465648853,1.036704356310624,0.036704356310623965,0.5741637831603229,0.24175317185697806,0.18408304498269892,H
2024-25,2025-04-19,Brentford,Brighton,H,2.7,3.66,2.6,0.37037037037037035,0.27322404371584696,0.3846153846153846,1.028209798701602,0.028209798701601896,0.36020894844424256,0.2657279127867363,0.37406313876902114,A
2024-25,2025-04-19,Crystal Palace,Bournemouth,D,2.59,3.54,2.79,0.3861003861003861,0.2824858757062147,0.35842293906810035,1.0270092008747012,0.027009200874701156,0.37594637494147604,0.27505681104475227,0.3489968140137717,H
2024-25,2025-04-19,Everton,Man City,A,4.13,3.73,1.93,0.24213075060532688,0.2680965147453083,0.5181347150259068,1.028361980376542,0.02836198037654203,0.23545284172861874,0.2607024762303473,0.5038446820410339,A
2024-25,2025-04-19,West Ham,Southampton,D,1.64,4.3,5.25,0.6097560975609756,0.23255813953488372,0.19047619047619047,1.0327904275720496,0.03279042757204964,0.5903967361456182,0.22517456913460787,0.18442869471977405,H
2024-25,2025-04-19,Aston Villa,Newcastle,H,2.55,3.65,2.71,0.3921568627450981,0.273972602739726,0.36900369003690037,1.0351331555217245,0.03513315552172447,0.3788467799076965,0.2646737777437331,0.35647944234857043,H
2024-25,2025-04-20,Fulham,Chelsea,A,3.15,3.61,2.31,0.31746031746031744,0.2770083102493075,0.4329004329004329,1.0273690606100578,0.027369060610057838,0.3090031904131974,0.2696288226597152,0.4213679869270874,A
2024-25,2025-04-20,Ipswich,Arsenal,A,8.93,5.22,1.37,0.11198208286674133,0.19157088122605365,0.7299270072992701,1.033479971392065,0.033479971392065044,0.10835438128124049,0.1853648706592869,0.7062807480594726,A
2024-25,2025-04-20,Man United,Wolves,A,2.6,3.5,2.8,0.3846153846153846,0.2857142857142857,0.35714285714285715,1.0274725274725274,0.027472527472527375,0.37433155080213903,0.27807486631016043,0.3475935828877006,H
2024-25,2025-04-20,Leicester,Liverpool,A,13.5,7.25,1.22,0.07407407407407407,0.13793103448275862,0.819672131147541,1.0316772397043736,0.03167723970437364,0.07179965906323565,0.13369591687636984,0.7945044240603946,A
2024-25,2025-04-21,Tottenham,Nott'm Forest,A,2.4,3.55,3.06,0.4166666666666667,0.28169014084507044,0.32679738562091504,1.0251541931326522,0.025154193132652214,0.4064429228869682,0.2747783140644292,0.31877876304860253,H
2024-25,2025-04-22,Man City,Aston Villa,H,1.91,4.06,3.96,0.5235602094240838,0.24630541871921185,0.25252525252525254,1.0223908806685482,0.02239088066854822,0.5120939743532574,0.240911204683429,0.24699482096331354,H
2024-25,2025-04-23,Arsenal,Crystal Palace,D,1.4,4.85,9.1,0.7142857142857143,0.2061855670103093,0.10989010989010989,1.0303613911861336,0.03036139118613357,0.6932380428807037,0.20010995052226496,0.10665200659703132,H
2024-25,2025-04-26,Chelsea,Everton,H,1.44,4.95,7.5,0.6944444444444444,0.20202020202020202,0.13333333333333333,1.0297979797979797,0.029797979797979712,0.674350171652771,0.196174595389897,0.12947523295733204,H
2024-25,2025-04-26,Brighton,West Ham,H,1.79,4.0,4.46,0.5586592178770949,0.25,0.2242152466367713,1.0328744645138663,0.03287446451386633,0.5408781387000733,0.24204296706828282,0.21707889423164378,H
2024-25,2025-04-26,Newcastle,Ipswich,H,1.17,8.5,17.5,0.8547008547008548,0.11764705882352941,0.05714285714285714,1.0294907706672414,0.029490770667241373,0.8302171122397722,0.11427694368476864,0.05550594407545905,H
2024-25,2025-04-26,Southampton,Fulham,A,5.08,4.11,1.68,0.19685039370078738,0.24330900243309,0.5952380952380952,1.0353974913719726,0.03539749137197257,0.19012060135470016,0.23499091359656368,0.5748884850487362,A
2024-25,2025-04-26,Wolves,Leicester,H,1.55,4.46,6.03,0.6451612903225806,0.2242152466367713,0.16583747927031509,1.035214016229667,0.03521401622966702,0.6232153740270153,0.21658830263270712,0.16019632334027756,H
2024-25,2025-04-27,Bournemouth,Man United,D,1.98,3.93,3.72,0.5050505050505051,0.2544529262086514,0.26881720430107525,1.0283206355602317,0.028320635560231677,0.4911410775836005,0.24744512305738647,0.2614137993590131,H
2024-25,2025-04-27,Liverpool,Tottenham,H,1.2,7.95,13.75,0.8333333333333334,0.12578616352201258,0.07272727272727272,1.0318467695826186,0.03184676958261856,0.8076134537596278,0.12190391754862305,0.07048262869174933,H
2024-25,2025-05-01,Nott'm Forest,Brentford,A,2.35,3.61,3.22,0.425531914893617,0.2770083102493075,0.3105590062111801,1.0130992313541045,0.013099231354104512,0.4200298467553398,0.2734266315443348,0.30654352170032556,H
2024-25,2025-05-02,Man City,Wolves,H,1.33,5.6,9.75,0.7518796992481203,0.17857142857142858,0.10256410256410256,1.0330152303836515,0.033015230383651506,0.7278495777539308,0.17286427471655857,0.09928614752951055,H
2024-25,2025-05-03,Aston Villa,Fulham,H,1.88,3.78,4.28,0.5319148936170213,0.2645502645502646,0.2336448598130841,1.03011001798037,0.03011001798036994,0.5163670718006332,0.2568174854458176,0.22681544275354917,H
2024-25,2025-05-03,Everton,Ipswich,D,1.57,4.3,6.09,0.6369426751592356,0.23255813953488372,0.16420361247947454,1.0337044271735938,0.03370442717359379,0.6161748546446648,0.22497547018421482,0.15884967517112047,H
2024-25,2025-05-03,Leicester,Southampton,H,2.45,3.61,2.91,0.4081632653061224,0.2770083102493075,0.3436426116838488,1.0288141872392789,0.028814187239278866,0.39673176203118676,0.2692500878050991,0.334018150163714,H
2024-25,2025-05-03,Arsenal,Bournemouth,A,1.68,4.05,5.25,0.5952380952380952,0.2469135802469136,0.19047619047619047,1.0326278659611994,0.032627865961199376,0.5764304013663535,0.2391118701964133,0.1844577284372331,H
2024-25,2025-05-04,Brentford,Man United,H,1.65,4.34,4.96,0.6060606060606061,0.2304147465437788,0.20161290322580647,1.0380882558301914,0.038088255830191375,0.5838237766941314,0.2219606524297965,0.19421557087607197,H
2024-25,2025-05-04,Brighton,Newcastle,D,3.13,3.75,2.26,0.3194888178913738,0.26666666666666666,0.4424778761061947,1.028633360664235,0.028633360664235052,0.3105954270091585,0.2592436497436443,0.4301609232471974,A
2024-25,2025-05-04,West Ham,Tottenham,D,1.85,3.95,4.22,0.5405405405405405,0.2531645569620253,0.23696682464454977,1.0306719221471154,0.03067192214711545,0.5244545125615493,0.24563059449085217,0.22991489294759865,H
2024-25,2025-05-04,Chelsea,Liverpool,H,2.34,3.84,2.95,0.4273504273504274,0.2604166666666667,0.3389830508474576,1.0267501448645517,0.02675014486455174,0.41621657370869247,0.2536319746037345,0.330151451687573,H
2024-25,2025-05-05,Crystal Palace,Nott'm Forest,D,2.19,3.5,3.5,0.4566210045662101,0.2857142857142857,0.2857142857142857,1.0280495759947814,0.028049575994781417,0.4441624365482234,0.2779187817258883,0.2779187817258883,H
2024-25,2025-05-10,Fulham,Everton,A,1.77,3.75,4.94,0.5649717514124294,0.26666666666666666,0.20242914979757085,1.0340675678766669,0.03406756787666687,0.546358641314446,0.2578812787004185,0.1957600799851355,H
2024-25,2025-05-10,Ipswich,Brentford,A,5.83,4.84,1.52,0.17152658662092624,0.2066115702479339,0.6578947368421053,1.0360328937109653,0.0360328937109653,0.16556094662837906,0.1994256857114566,0.6350133676601645,A
2024-25,2025-05-10,Southampton,Man City,D,15.0,8.0,1.19,0.06666666666666667,0.125,0.8403361344537815,1.032002801120448,0.032002801120448066,0.0645993078645586,0.12112370224604738,0.8142769898893941,A
2024-25,2025-05-10,Wolves,Brighton,A,3.08,3.39,2.45,0.3246753246753247,0.2949852507374631,0.4081632653061224,1.0278238407189102,0.027823840718910198,0.3158861585154815,0.28699981363648464,0.39711402784803385,A
2024-25,2025-05-10,Bournemouth,Aston Villa,A,2.62,3.58,2.73,0.38167938931297707,0.27932960893854747,0.3663003663003663,1.027309364551891,0.027309364551890924,0.3715330575999026,0.27190408126026394,0.3565628611398333,H
2024-25,2025-05-11,Newcastle,Chelsea,H,2.29,3.73,3.1,0.4366812227074236,0.2680965147453083,0.3225806451612903,1.0273583826140222,0.027358382614022236,0.4250524744795745,0.2609571492113205,0.313990376309105,H
2024-25,2025-05-11,Man United,West Ham,A,2.02,3.68,3.74,0.49504950495049505,0.2717391304347826,0.267379679144385,1.0341683145296625,0.034168314529662513,0.4786933596738965,0.2627610289514323,0.2585456113746713,H
2024-25,2025-05-11,Nott'm Forest,Leicester,D,1.39,5.19,7.91,0.7194244604316548,0.19267822736030826,0.1264222503160556,1.0385249381080186,0.0385249381080186,0.692736817415574,0.18553066978952748,0.12173251279489856,H
2024-25,2025-05-11,Tottenham,Crystal Palace,A,3.13,3.74,2.26,0.3194888178913738,0.267379679144385,0.4424778761061947,1.0293463731419534,0.02934637314195343,0.31038028231077686,0.2597567603296074,0.4298629573596158,A
2024-25,2025-05-11,Liverpool,Arsenal,D,2.24,3.68,3.22,0.4464285714285714,0.2717391304347826,0.3105590062111801,1.0287267080745341,0.028726708074534146,0.43396226415094336,0.2641509433962264,0.3018867924528302,H
2024-25,2025-05-16,Aston Villa,Tottenham,H,1.26,7.0,11.0,0.7936507936507936,0.14285714285714285,0.09090909090909091,1.0274170274170273,0.02741702741702734,0.7724719101123596,0.13904494382022473,0.08848314606741574,H
2024-25,2025-05-16,Chelsea,Man United,H,1.56,4.7,5.75,0.641025641025641,0.2127659574468085,0.17391304347826086,1.0277046419507103,0.027704641950710318,0.6237450088859141,0.20703025826851618,0.16922473284556974,H
2024-25,2025-05-18,Everton,Southampton,H,1.43,4.95,7.6,0.6993006993006994,0.20202020202020202,0.13157894736842105,1.0328998486893224,0.032899848689322386,0.6770266257547264,0.19558546966247647,0.12738790458279717,H
2024-25,2025-05-18,West Ham,Nott'm Forest,A,3.05,3.44,2.44,0.3278688524590164,0.29069767441860467,0.4098360655737705,1.0284025924513915,0.02840259245139154,0.31881371640407785,0.28266913809082483,0.3985171455050973,A
2024-25,2025-05-18,Brentford,Fulham,A,2.07,3.79,3.56,0.48309178743961356,0.2638522427440633,0.2808988764044944,1.0278429065881713,0.027842906588171346,0.4700054690684121,0.2567048340294493,0.2732896969021385,H
2024-25,2025-05-18,Leicester,Ipswich,H,2.27,3.77,3.11,0.44052863436123346,0.26525198938992045,0.3215434083601286,1.0273240321112826,0.027324032111282648,0.4288117678468892,0.25819700610409513,0.3129912260490156,H
2024-25,2025-05-18,Arsenal,Newcastle,H,1.94,3.79,3.98,0.5154639175257733,0.2638522427440633,0.25125628140703515,1.0305724416768718,0.030572441676871787,0.5001724252271371,0.2560249353405398,0.24380263943232305,H
2024-25,2025-05-19,Brighton,Liverpool,H,2.2,3.99,3.09,0.45454545454545453,0.2506265664160401,0.3236245954692557,1.0287966164307503,0.028796616430750266,0.4418224625606072,0.2436113828654977,0.31456615457389514,H
2024-25,2025-05-20,Crystal Palace,Wolves,H,2.41,3.26,3.23,0.41493775933609955,0.3067484662576687,0.30959752321981426,1.0312837488135824,0.031283748813582424,0.4023507204621963,0.2974433240226666,0.30020595551513723,H
2024-25,2025-05-20,Man City,Bournemouth,H,1.34,5.8,8.9,0.7462686567164178,0.1724137931034483,0.11235955056179775,1.0310420003816638,0.031042000381663826,0.723800443085897,0.1672228609888107,0.10897669592529236,H
2024-25,2025-05-25,Bournemouth,Leicester,H,1.34,5.67,9.01,0.7462686567164178,0.1763668430335097,0.11098779134295228,1.0336232910928798,0.03362329109287976,0.7219928799469741,0.17062971060475227,0.10737740944827363,H
2024-25,2025-05-25,Fulham,Man City,A,6.32,4.57,1.52,0.1582278481012658,0.2188183807439825,0.6578947368421053,1.0349409656873536,0.03494096568735361,0.15288586822551675,0.21143078494207135,0.6356833468324119,A
2024-25,2025-05-25,Ipswich,West Ham,A,3.28,3.63,2.23,0.3048780487804878,0.27548209366391185,0.4484304932735426,1.0287906357179422,0.02879063571794216,0.29634605739556374,0.26777274607643226,0.4358811965280041,A
2024-25,2025-05-25,Liverpool,Crystal Palace,D,1.38,6.04,7.14,0.7246376811594204,0.16556291390728478,0.1400560224089636,1.0302566174756687,0.030256617475668657,0.7033564928075156,0.1607006556414522,0.1359428515510324,H
2024-25,2025-05-25,Man United,Aston Villa,H,4.82,4.37,1.68,0.20746887966804978,0.22883295194508008,0.5952380952380952,1.031539926851225,0.031539926851225086,0.20112539928662615,0.22183625276007735,0.5770383479532964,A
2024-25,2025-05-25,Newcastle,Everton,A,1.28,6.19,10.36,0.78125,0.16155088852988692,0.09652509652509653,1.0393259850549834,0.039325985054983414,0.7516890862289656,0.15543813091649045,0.092872782854544,H
2024-25,2025-05-25,Nott'm Forest,Chelsea,A,3.5,3.87,2.07,0.2857142857142857,0.25839793281653745,0.48309178743961356,1.0272040059704368,0.027204005970436818,0.27814755788881595,0.25155463891753377,0.47029780319365017,A
2024-25,2025-05-25,Southampton,Arsenal,A,11.73,6.54,1.25,0.08525149190110827,0.1529051987767584,0.8,1.0381566906778668,0.038156690677866756,0.08211813560190333,0.14728527990983578,0.7705965844882608,A
2024-25,2025-05-25,Tottenham,Brighton,A,3.83,4.06,1.92,0.2610966057441253,0.24630541871921185,0.5208333333333334,1.0282353577966705,0.028235357796670524,0.2539268891740991,0.2395418683588177,0.5065312424670833,A
2024-25,2025-05-25,Wolves,Brentford,D,3.0,3.82,2.31,0.3333333333333333,0.2617801047120419,0.4329004329004329,1.028013870945808,0.028013870945807984,0.3242498401569769,0.25464647132746876,0.4211036885155544,A
