Season,Date,HomeTeam,AwayTeam,ActualOutcome,ModelProbability,MarketProbability,DecimalOdds,Outcome,OutcomeOccurred,ProbabilityEdge,AbsoluteProbabilityEdge,BreakEvenProbability,ModelMinusBreakEvenProbability,ModelExpectedReturn,PositiveModelExpectedReturn,RealisedUnitReturn,EarlierOdds,ClosingOdds,EarlierNoVigProbability,ClosingNoVigProbability,EarlierModelExpectedReturn,ClosingModelExpectedReturn,OutcomeOrder
2020-21,2020-09-12,Crystal Palace,Southampton,H,0.3537809833695609,0.31630659552833923,3.09,H,1,0.037474387841221646,0.037474387841221646,0.3236245954692557,0.03015638790030517,0.09318323861194311,True,2.09,3.32,3.09,0.2947720519061628,0.31630659552833923,0.1745528647869421,0.09318323861194311,0
2020-21,2020-09-12,Fulham,Arsenal,A,0.2030143687767847,0.17795215594558414,5.48,H,0,0.025062212831200553,0.025062212831200553,0.18248175182481752,0.020532616951967175,0.11251874089678027,True,-1.0,6.16,5.48,0.15836387045657124,0.17795215594558414,0.25056851166499383,0.11251874089678027,0
2020-21,2020-09-12,Liverpool,Leeds,H,0.830040387255834,0.7608203241984672,1.28,H,1,0.06922006305736672,0.06922006305736672,0.78125,0.048790387255833956,0.062451695687467446,True,0.28,1.31,1.28,0.745347289760972,0.7608203241984672,0.08735290730514245,0.062451695687467446,0
2020-21,2020-09-12,West Ham,Newcastle,A,0.3671459865350515,0.24915966958344107,3.92,A,1,0.11798631695161041,0.11798631695161041,0.25510204081632654,0.11204394571872495,0.4392122672174017,True,2.92,3.5,3.92,0.2797176450516798,0.24915966958344107,0.2850109528726801,0.4392122672174017,2
2020-21,2020-09-13,Tottenham,Everton,A,0.5306869706563574,0.46820805262686094,2.09,H,0,0.062478918029496455,0.062478918029496455,0.47846889952153115,0.05221807113482624,0.10913576867178687,True,-1.0,1.94,2.09,0.5013586424027069,0.46820805262686094,0.029532723073333322,0.10913576867178687,0
2020-21,2020-09-13,West Brom,Leicester,A,0.2652824672511168,0.2892768079800499,3.38,H,0,-0.023994340728933083,0.023994340728933083,0.2958579881656805,-0.03057552091456367,-0.10334526069122518,False,-1.0,4.0,3.38,0.24306025727826674,0.2892768079800499,0.06112986900446726,-0.10334526069122518,0
2020-21,2020-09-14,Brighton,Chelsea,A,0.2831729628918444,0.16058507991184356,6.07,H,0,0.12258788298000084,0.12258788298000084,0.16474464579901152,0.11842831709283289,0.7188598847534957,True,-1.0,5.36,6.07,0.18236501525438403,0.16058507991184356,0.5178070811002862,0.7188598847534957,0
2020-21,2020-09-14,Sheffield United,Wolves,A,0.3716943825373646,0.29807013775964164,3.28,H,0,0.07362424477772295,0.07362424477772295,0.3048780487804878,0.06681633375687679,0.21915757472255581,True,-1.0,3.41,3.28,0.28477117216243164,0.29807013775964164,0.2674778444524133,0.21915757472255581,0
2020-21,2020-09-19,Arsenal,West Ham,H,0.683111149938293,0.6400336103071609,1.53,H,1,0.043077539631132145,0.043077539631132145,0.6535947712418301,0.029516378696462953,0.045160059405588315,True,0.53,1.54,1.53,0.6292798483891345,0.6400336103071609,0.051991170904971185,0.045160059405588315,0
2020-21,2020-09-19,Everton,West Brom,H,0.1795910379520096,0.1529708849812626,6.41,A,0,0.02662015297074699,0.02662015297074699,0.15600624024961,0.0235847977023996,0.1511785532723815,True,-1.0,6.46,6.41,0.15015784304293645,0.1529708849812626,0.16015810516998186,0.1511785532723815,2
2020-21,2020-09-19,Leeds,Fulham,H,0.2251482675709737,0.19101550177685594,5.12,A,0,0.03413276579411775,0.03413276579411775,0.1953125,0.029835767570973698,0.15275912996338525,True,-1.0,5.61,5.12,0.17285531370038412,0.19101550177685594,0.2630817810731625,0.15275912996338525,2
2020-21,2020-09-19,Man United,Crystal Palace,A,0.163636409489315,0.10458032689032844,9.33,A,1,0.05905608259898655,0.05905608259898655,0.10718113612004287,0.05645527336927211,0.5267277005353088,True,8.33,9.8,9.33,0.09798994974874373,0.10458032689032844,0.6036368129952869,0.5267277005353088,2
2020-21,2020-09-20,Chelsea,Liverpool,A,0.3488830661828082,0.29555855114581325,3.32,H,0,0.053324515036994924,0.053324515036994924,0.30120481927710846,0.04767824690569972,0.158291779726923,True,-1.0,3.2,3.32,0.3037338568778256,0.29555855114581325,0.11642581178498612,0.158291779726923,0
2020-21,2020-09-20,Leicester,Burnley,H,0.265406028375737,0.14504822778452678,6.74,A,0,0.12035780059121023,0.12035780059121023,0.14836795252225518,0.11703807585348183,0.7888366312524675,True,-1.0,5.79,6.74,0.16795193888574259,0.14504822778452678,0.5367009042955173,0.7888366312524675,2
2020-21,2020-09-20,Newcastle,Brighton,A,0.475362565624765,0.3632026788376414,2.7,H,0,0.11215988678712357,0.11215988678712357,0.37037037037037035,0.10499219525439463,0.2834789271868656,True,-1.0,2.66,2.7,0.36494002181025076,0.3632026788376414,0.2644644245618748,0.2834789271868656,0
2020-21,2020-09-20,Southampton,Tottenham,A,0.4280509133410328,0.432144576743041,2.27,A,1,-0.00409366340200823,0.00409366340200823,0.44052863436123346,-0.012477721020200672,-0.028324426715855555,False,1.27,2.41,2.27,0.4026818041643348,0.432144576743041,0.03160270115188912,-0.028324426715855555,2
2020-21,2020-09-21,Aston Villa,Sheffield United,H,0.4561596982992749,0.29308792936668293,3.35,A,0,0.16307176893259195,0.16307176893259195,0.29850746268656714,0.15765223561270775,0.5281349893025709,True,-1.0,2.78,3.35,0.34880101362448973,0.29308792936668293,0.2681239612719841,0.5281349893025709,2
2020-21,2020-09-21,Wolves,Man City,A,0.2800577178217418,0.14595104565228784,6.7,H,0,0.134106672169454,0.134106672169454,0.14925373134328357,0.13080398647845826,0.8763867094056703,True,-1.0,6.27,6.7,0.15478414386303452,0.14595104565228784,0.7559618907423211,0.8763867094056703,0
2020-21,2020-09-26,Brighton,Man United,A,0.2434001073498566,0.17534233056179221,5.58,H,0,0.06805777678806438,0.06805777678806438,0.17921146953405018,0.06418863781580642,0.3581725990121998,True,-1.0,5.1,5.58,0.1922985554135228,0.17534233056179221,0.24134054748426848,0.3581725990121998,0
2020-21,2020-09-26,Burnley,Southampton,A,0.4380859892551758,0.2910023007449163,3.37,H,0,0.1470836885102595,0.1470836885102595,0.29673590504451036,0.14135008421066542,0.4763497837899424,True,-1.0,3.41,3.37,0.2877592894795976,0.2910023007449163,0.4938732233601495,0.4763497837899424,0
2020-21,2020-09-26,Crystal Palace,Everton,A,0.3148826759477547,0.2740515296975305,3.58,H,0,0.040831146250224215,0.040831146250224215,0.27932960893854747,0.03555306700920724,0.1272799798929618,True,-1.0,3.72,3.58,0.26345733041575486,0.2740515296975305,0.17136355452564755,0.1272799798929618,0
2020-21,2020-09-26,West Brom,Chelsea,D,0.1473783209454419,0.14048117095191143,6.96,H,0,0.006897149993530471,0.006897149993530471,0.14367816091954022,0.0037001600259016776,0.02575311378027556,True,-1.0,8.55,6.96,0.11421774863677776,0.14048117095191143,0.26008464408352827,0.02575311378027556,0
2020-21,2020-09-27,Man City,Leicester,A,0.1652419992348295,0.0977174174897615,9.96,A,1,0.067524581745068,0.067524581745068,0.1004016064257028,0.06484039280912669,0.6458103123789019,True,8.96,10.09,9.96,0.09678351091319454,0.0977174174897615,0.6672917722794296,0.6458103123789019,2
2020-21,2020-09-27,Sheffield United,Leeds,A,0.4004268048685236,0.31753411040147694,3.09,H,0,0.08289269446704667,0.08289269446704667,0.3236245954692557,0.0768022093992679,0.23731882704373786,True,-1.0,2.83,3.09,0.34666646580976096,0.31753411040147694,0.13320785777792188,0.23731882704373786,0
2020-21,2020-09-27,Tottenham,Newcastle,D,0.2179830109516633,0.11958403233821717,8.16,A,0,0.09839897861344614,0.09839897861344614,0.12254901960784313,0.09543399134382018,0.7787413693655727,True,-1.0,7.38,8.16,0.13274359918426681,0.11958403233821717,0.6087146208232752,0.7787413693655727,2
2020-21,2020-09-27,West Ham,Wolves,H,0.2927060331850981,0.28604253167154675,3.43,H,1,0.006663501513551329,0.006663501513551329,0.29154518950437314,0.0011608436807249434,0.003981693824886445,True,2.43,3.87,3.43,0.25325615050651235,0.28604253167154675,0.13277234842632968,0.003981693824886445,0
2020-21,2020-09-28,Fulham,Aston Villa,A,0.411744001660504,0.39582151917624236,2.48,A,1,0.015922482484261646,0.015922482484261646,0.40322580645161293,0.008518195208891077,0.0211251241180499,True,1.48,2.54,2.48,0.38205718345973827,0.39582151917624236,0.04582976421768015,0.0211251241180499,2
2020-21,2020-09-28,Liverpool,Arsenal,H,0.7516958517034134,0.6502732240437159,1.5,H,1,0.10142262765969745,0.10142262765969745,0.6666666666666666,0.08502918503674672,0.12754377755512003,True,0.5,1.5,1.5,0.6473182861355581,0.6502732240437159,0.12754377755512003,0.12754377755512003,0
2020-21,2020-10-03,Chelsea,Crystal Palace,H,0.2214500721884172,0.14655869562848084,6.67,A,0,0.07489137655993636,0.07489137655993636,0.14992503748125938,0.07152503470715782,0.4770719814967428,True,-1.0,7.79,6.67,0.12421691936749427,0.14655869562848084,0.72509606234777,0.4770719814967428,2
2020-21,2020-10-03,Everton,Brighton,H,0.555479867830447,0.5412506013634818,1.81,H,1,0.014229266466965207,0.014229266466965207,0.5524861878453039,0.002993679985143105,0.0054185607731092045,True,0.81,1.78,1.81,0.5448809763373147,0.5412506013634818,-0.011245835261804338,0.0054185607731092045,0
2020-21,2020-10-03,Leeds,Man City,D,0.2033936931448928,0.10994281074795559,8.85,H,0,0.09345088239693722,0.09345088239693722,0.11299435028248588,0.09039934286240693,0.8000341843323013,True,-1.0,7.98,8.85,0.12008200577407804,0.10994281074795559,0.6230816712962446,0.8000341843323013,0
2020-21,2020-10-03,Newcastle,Burnley,H,0.3296919962388726,0.3094301269332377,3.17,A,0,0.020261869305634894,0.020261869305634894,0.31545741324921134,0.014234582989661237,0.04512362807722603,True,-1.0,3.12,3.17,0.3107493268129623,0.3094301269332377,0.028639028265282418,0.04512362807722603,2
2020-21,2020-10-04,Arsenal,Sheffield United,H,0.180282400098424,0.13155410826372174,7.41,A,0,0.04872829183470226,0.04872829183470226,0.1349527665317139,0.045329633566710104,0.33589258472932193,True,-1.0,6.73,7.41,0.14434156310117358,0.13155410826372174,0.21330055266239367,0.33589258472932193,2
2020-21,2020-10-04,Aston Villa,Liverpool,H,0.815773326666203,0.664146930661026,1.47,A,0,0.1516263960051769,0.1516263960051769,0.6802721088435374,0.13550121782266555,0.1991867901993183,True,-1.0,1.33,1.47,0.7253553599711302,0.664146930661026,0.08497852446604992,0.1991867901993183,2
2020-21,2020-10-04,Leicester,West Ham,A,0.5836100556874735,0.5238620740676806,1.87,H,0,0.05974798161979289,0.05974798161979289,0.53475935828877,0.04885069739870351,0.0913508041355755,True,-1.0,1.7,1.87,0.5705211491266061,0.5238620740676806,-0.007862905331295078,0.0913508041355755,0
2020-21,2020-10-04,Man United,Tottenham,A,0.2464858708562757,0.2723989442978192,3.6,A,1,-0.025913073441543477,0.025913073441543477,0.2777777777777778,-0.03129190692150208,-0.11265086491740739,False,2.6,4.09,3.6,0.23770263586306745,0.2723989442978192,0.008127211802167578,-0.11265086491740739,2
2020-21,2020-10-04,Southampton,West Brom,H,0.2827031040283003,0.22588316900361688,4.34,A,0,0.05681993502468341,0.05681993502468341,0.2304147465437788,0.052288357484521486,0.22693147148282322,True,-1.0,4.71,4.34,0.20615704523440673,0.22588316900361688,0.3315316199732943,0.22693147148282322,2
2020-21,2020-10-04,Wolves,Fulham,H,0.1891298965423852,0.19279661016949154,5.08,A,0,-0.003666713627106327,0.003666713627106327,0.19685039370078738,-0.007720497158402173,-0.03922012556468313,False,-1.0,7.63,5.08,0.12707050589769842,0.19279661016949154,0.44306111061839926,-0.03922012556468313,2
2020-21,2020-10-17,Chelsea,Southampton,D,0.2039008999198685,0.18125773394488617,5.39,A,0,0.022643165974982338,0.022643165974982338,0.1855287569573284,0.01837214296254011,0.09902585056809121,True,-1.0,6.14,5.39,0.15894951348871106,0.18125773394488617,0.2519515255079925,0.09902585056809121,2
2020-21,2020-10-17,Everton,Liverpool,D,0.3056709387925464,0.23248817963361365,4.22,H,0,0.07318275915893277,0.07318275915893277,0.23696682464454977,0.06870411414799665,0.2899313617045458,True,-1.0,4.04,4.22,0.2425811074596625,0.23248817963361365,0.23491059272188752,0.2899313617045458,0
2020-21,2020-10-17,Man City,Arsenal,H,0.2269481428776518,0.16910075279377443,5.76,A,0,0.057847390083877376,0.057847390083877376,0.1736111111111111,0.0533370317665407,0.3072213029752744,True,-1.0,6.36,5.76,0.1534242288313287,0.16910075279377443,0.44339018870186564,0.3072213029752744,2
2020-21,2020-10-17,Newcastle,Man United,A,0.3051101246103576,0.20515362576980922,4.77,H,0,0.09995649884054836,0.09995649884054836,0.20964360587002098,0.0954665187403366,0.45537529439140556,True,-1.0,4.87,4.77,0.2014535946553806,0.20515362576980922,0.4858863068524415,0.45537529439140556,0
2020-21,2020-10-18,Crystal Palace,Brighton,D,0.4096097187912588,0.30029664932159705,3.27,H,0,0.10931306946966174,0.10931306946966174,0.3058103975535168,0.10379932123774199,0.3394237804474163,True,-1.0,2.73,3.27,0.35944980852819597,0.30029664932159705,0.11823453230013659,0.3394237804474163,0
2020-21,2020-10-18,Leicester,Aston Villa,A,0.5683177224946078,0.39592030430881714,2.48,H,0,0.17239741818579063,0.17239741818579063,0.40322580645161293,0.16509191604299484,0.4094279517866273,True,-1.0,1.93,2.48,0.5084205459408282,0.39592030430881714,0.09685320441459289,0.4094279517866273,0
2020-21,2020-10-18,Sheffield United,Fulham,D,0.5496215622611926,0.4083051149527714,2.4,H,0,0.14131644730842124,0.14131644730842124,0.4166666666666667,0.13295489559452595,0.31909174942686236,True,-1.0,2.15,2.4,0.45615260988051143,0.4083051149527714,0.18168635886156403,0.31909174942686236,0
2020-21,2020-10-18,Tottenham,West Ham,D,0.1835554101311773,0.17405459554219885,5.61,A,0,0.009500814588978446,0.009500814588978446,0.17825311942959002,0.0053022907015872756,0.029745850835904752,True,-1.0,5.63,5.61,0.1733036478505217,0.17405459554219885,0.03341695903852804,0.029745850835904752,2
2020-21,2020-10-19,Leeds,Wolves,A,0.3700054145550951,0.3313802108007929,2.96,A,1,0.03862520375430223,0.03862520375430223,0.33783783783783783,0.032167576717257285,0.09521602708308152,True,1.96,3.07,2.96,0.3193445500875875,0.3313802108007929,0.13591662268414195,0.09521602708308152,2
2020-21,2020-10-19,West Brom,Burnley,D,0.3835148910449162,0.3384577237788247,2.9,A,0,0.04505716726609149,0.04505716726609149,0.3448275862068966,0.03868730483801963,0.11219318403025702,True,-1.0,3.05,2.9,0.3219749259929359,0.3384577237788247,0.16972041768699442,0.11219318403025702,2
2020-21,2020-10-23,Aston Villa,Leeds,A,0.287554634357375,0.23828980194491112,4.12,D,0,0.04926483241246388,0.04926483241246388,0.24271844660194175,0.04483618775543324,0.18472509355238498,True,-1.0,3.83,4.12,0.2556567795870943,0.23828980194491112,0.10133424958874615,0.18472509355238498,1
2020-21,2020-10-24,Fulham,Crystal Palace,A,0.3970902487084685,0.3185944675851757,3.08,A,1,0.07849578112329281,0.07849578112329281,0.3246753246753247,0.07241492403314381,0.22303796602208292,True,2.08,2.86,3.08,0.3433601002422011,0.3185944675851757,0.13567811130621976,0.22303796602208292,2
2020-21,2020-10-24,Liverpool,Sheffield United,H,0.9072584302591342,0.7975783672743791,1.22,H,1,0.10968006298475508,0.10968006298475508,0.819672131147541,0.08758629911159321,0.10685528491614371,True,0.21999999999999997,1.25,1.22,0.7787323188852983,0.7975783672743791,0.13407303782391766,0.10685528491614371,0
2020-21,2020-10-24,Man United,Chelsea,D,0.3822966502406393,0.3516751744697894,2.79,A,0,0.030621475770849893,0.030621475770849893,0.35842293906810035,0.023873711172538947,0.06660765417138359,True,-1.0,2.97,2.79,0.3304754337663297,0.3516751744697894,0.13542105121469872,0.06660765417138359,2
2020-21,2020-10-24,West Ham,Man City,D,0.2229705677512978,0.1395562192900334,6.97,H,0,0.08341434846126441,0.08341434846126441,0.14347202295552366,0.07949854479577415,0.5541048572265457,True,-1.0,7.51,6.97,0.12977383555313382,0.1395562192900334,0.6745089638122466,0.5541048572265457,0
2020-21,2020-10-25,Arsenal,Leicester,A,0.2705829087400907,0.2351244282425931,4.17,A,1,0.03545848049749761,0.03545848049749761,0.23980815347721823,0.03077475526287249,0.12833072944617818,True,3.17,4.06,4.17,0.24142322848008588,0.2351244282425931,0.09856660948476814,0.12833072944617818,2
2020-21,2020-10-25,Southampton,Everton,H,0.4688321971232281,0.40659764454596686,2.41,A,0,0.06223455257726124,0.06223455257726124,0.41493775933609955,0.053894437787128546,0.12988559506697972,True,-1.0,2.58,2.41,0.3803552456342496,0.40659764454596686,0.20958706857792864,0.12988559506697972,2
2020-21,2020-10-25,Wolves,Newcastle,D,0.2206458865029561,0.19543297215008507,5.01,A,0,0.02521291435287104,0.02521291435287104,0.1996007984031936,0.021045088099762493,0.10543589137981013,True,-1.0,5.48,5.01,0.17895762841667015,0.19543297215008507,0.2091394580361996,0.10543589137981013,2
2020-21,2020-10-26,Brighton,West Brom,D,0.2488837197791246,0.2276690373012088,4.3,D,1,0.021214682477915803,0.021214682477915803,0.23255813953488372,0.016325580244240884,0.07019999505023566,True,3.3,4.08,4.3,0.24037190700026428,0.2276690373012088,0.0154455766988284,0.07019999505023566,1
2020-21,2020-10-26,Burnley,Tottenham,A,0.6189514808133894,0.6049263960698764,1.61,A,1,0.014025084743512939,0.014025084743512939,0.6211180124223602,-0.0021665316089708453,-0.0034881158904430665,False,0.6100000000000001,1.66,1.61,0.5900230559631104,0.6049263960698764,0.027459458150226324,-0.0034881158904430665,2
2020-21,2020-10-30,Wolves,Crystal Palace,H,0.5403714367740127,0.4621844179452742,2.12,H,1,0.07818701882873846,0.07818701882873846,0.4716981132075471,0.06867332356646555,0.145587445960907,True,1.12,2.07,2.12,0.47298150654036997,0.4621844179452742,0.11856887412220618,0.145587445960907,0
2020-21,2020-10-31,Burnley,Chelsea,A,0.3103267411229878,0.1744446246148857,5.59,H,0,0.1358821165081021,0.1358821165081021,0.17889087656529518,0.13143586455769263,0.7347264828775018,True,-1.0,6.32,5.59,0.15406142300528206,0.1744446246148857,0.961265003897283,0.7347264828775018,0
2020-21,2020-10-31,Liverpool,West Ham,H,0.8155882269351543,0.6781890927441157,1.44,H,1,0.13739913419103866,0.13739913419103866,0.6944444444444444,0.1211437824907099,0.17444704678662215,True,0.43999999999999995,1.4,1.44,0.6956501915010032,0.6781890927441157,0.14182351770921597,0.17444704678662215,0
2020-21,2020-10-31,Sheffield United,Man City,A,0.2348184032955592,0.09193100366026827,10.63,H,0,0.14288739963529093,0.14288739963529093,0.09407337723424271,0.1407450260613165,1.4961196270317942,True,-1.0,9.8,10.63,0.09973443231576797,0.09193100366026827,1.3012203522964803,1.4961196270317942,0
2020-21,2020-11-01,Aston Villa,Southampton,A,0.2874598466556868,0.2756757974240678,3.56,D,0,0.01178404923161902,0.01178404923161902,0.2808988764044944,0.0065609702511923995,0.023357054094244933,True,-1.0,3.72,3.56,0.26356022999840584,0.2756757974240678,0.06935062955915505,0.023357054094244933,1
2020-21,2020-11-01,Man United,Arsenal,A,0.5249033736287986,0.4849094298076826,2.02,H,0,0.039993943821115985,0.039993943821115985,0.49504950495049505,0.02985386867830353,0.06030481473017324,True,-1.0,2.05,2.02,0.4780284049106795,0.4849094298076826,0.07605191593903693,0.06030481473017324,0
2020-21,2020-11-01,Newcastle,Everton,H,0.4985967025458978,0.42071515921602043,2.33,A,0,0.07788154332987735,0.07788154332987735,0.4291845493562232,0.06941215318967459,0.16173031693194195,True,-1.0,2.09,2.33,0.46855985170586495,0.42071515921602043,0.042067108320926305,0.16173031693194195,2
2020-21,2020-11-01,Tottenham,Brighton,H,0.6366373609900707,0.6066873259136893,1.61,H,1,0.029950035076381387,0.029950035076381387,0.6211180124223602,0.015519348567710534,0.024986151194013928,True,0.6100000000000001,1.65,1.61,0.5934162090398889,0.6066873259136893,0.05045164563361659,0.024986151194013928,0
2020-21,2020-11-02,Fulham,West Brom,H,0.4373712789782185,0.39613100136148055,2.48,H,1,0.04124027761673793,0.04124027761673793,0.40322580645161293,0.03414547252660555,0.08468077186598189,True,1.48,2.47,2.48,0.39751821927376907,0.39613100136148055,0.08030705907619984,0.08468077186598189,0
2020-21,2020-11-02,Leeds,Leicester,A,0.3611717859105442,0.330271517015336,2.97,A,1,0.030900268895208194,0.030900268895208194,0.33670033670033667,0.024471449210207552,0.07268020415431642,True,1.9700000000000002,2.79,2.97,0.35191396376442036,0.330271517015336,0.007669282690418333,0.07268020415431642,2
2020-21,2020-11-06,Brighton,Burnley,D,0.2375766183627077,0.22039293659711856,4.45,A,0,0.017183681765589126,0.017183681765589126,0.2247191011235955,0.012857517239112187,0.05721595171404914,True,-1.0,4.63,4.45,0.21195187960514994,0.22039293659711856,0.09997974301933654,0.05721595171404914,2
2020-21,2020-11-06,Southampton,Newcastle,H,0.5098210809176229,0.44507365314602365,2.2,H,1,0.06474742777159925,0.06474742777159925,0.45454545454545453,0.055275626372168374,0.12160637801877039,True,1.2000000000000002,2.08,2.2,0.47126373776961655,0.44507365314602365,0.060427848308655774,0.12160637801877039,0
2020-21,2020-11-07,Chelsea,Sheffield United,H,0.7009571610744431,0.6997166344022668,1.39,H,1,0.0012405266721762231,0.0012405266721762231,0.7194244604316548,-0.018467299357211697,-0.025669546106524166,False,0.3899999999999999,1.41,1.39,0.6920751868542359,0.6997166344022668,-0.011650402885035382,-0.025669546106524166,0
2020-21,2020-11-07,Crystal Palace,Leeds,H,0.3901237229700728,0.3392913936772469,2.89,H,1,0.050832329292825884,0.050832329292825884,0.3460207612456747,0.04410296172439809,0.12745755938351055,True,1.8900000000000001,2.99,2.89,0.32833138646778687,0.3392913936772469,0.16646993168051782,0.12745755938351055,0
2020-21,2020-11-07,Everton,Man United,A,0.4977025322774154,0.29427648305464615,3.33,H,0,0.20342604922276925,0.20342604922276925,0.3003003003003003,0.1974022319771151,0.6573494324837934,True,-1.0,2.98,3.33,0.3291910313370937,0.29427648305464615,0.4831535461866978,0.6573494324837934,0
2020-21,2020-11-07,West Ham,Fulham,H,0.5636994946613922,0.5152081649151172,1.9,H,1,0.048491329746275014,0.048491329746275014,0.5263157894736842,0.03738370518770806,0.0710290398566451,True,0.8999999999999999,1.85,1.9,0.5287951703954055,0.5152081649151172,0.04284406512357575,0.0710290398566451,0
2020-21,2020-11-08,Arsenal,Aston Villa,A,0.2253250669179504,0.19752252486308416,4.95,A,1,0.027802542054866236,0.027802542054866236,0.20202020202020202,0.023304864897748384,0.11535908124385452,True,3.95,5.27,4.95,0.18579630215632206,0.19752252486308416,0.18746310265759858,0.11535908124385452,2
2020-21,2020-11-08,Leicester,Wolves,H,0.5784091903923438,0.39737837665909537,2.47,H,1,0.18103081373324847,0.18103081373324847,0.4048582995951417,0.17355089079720215,0.4286707002690895,True,1.4700000000000002,2.47,2.47,0.39737837665909537,0.39737837665909537,0.4286707002690895,0.4286707002690895,0
2020-21,2020-11-08,Man City,Liverpool,D,0.3134894665602781,0.26008232821900457,3.78,A,0,0.05340713834127353,0.05340713834127353,0.2645502645502646,0.048939202010013505,0.18499018359785113,True,-1.0,3.56,3.78,0.2756629036492518,0.26008232821900457,0.1160225009545901,0.18499018359785113,2
2020-21,2020-11-08,West Brom,Tottenham,A,0.1762795931188221,0.1418965330248364,6.88,H,0,0.0343830600939857,0.0343830600939857,0.14534883720930233,0.03093075590951977,0.21280360065749604,True,-1.0,6.58,6.88,0.14811788913096105,0.1418965330248364,0.1599197227218494,0.21280360065749604,0
2020-21,2020-11-21,Aston Villa,Brighton,A,0.4608509621126839,0.4076655052264809,2.4,H,0,0.05318545688620302,0.05318545688620302,0.4166666666666667,0.04418429544601721,0.10604230907044121,True,-1.0,2.24,2.4,0.4366863905325444,0.4076655052264809,0.03230615513241197,0.10604230907044121,0
2020-21,2020-11-21,Man United,West Brom,H,0.7384821064646164,0.7316596580595521,1.33,H,1,0.006822448405064296,0.006822448405064296,0.7518796992481203,-0.013397592783503831,-0.017818798402060132,False,0.33000000000000007,1.34,1.33,0.7260921985068811,0.7316596580595521,-0.010433977337413913,-0.017818798402060132,0
2020-21,2020-11-21,Newcastle,Chelsea,A,0.2260604722541143,0.13325598066676025,7.33,H,0,0.09280449158735404,0.09280449158735404,0.1364256480218281,0.08963482423228619,0.6570232616226579,True,-1.0,6.74,7.33,0.1450063530297951,0.13325598066676025,0.5236475829927305,0.6570232616226579,0
2020-21,2020-11-21,Tottenham,Man City,H,0.549992848327716,0.22742426006010846,4.3,H,1,0.32256858826760754,0.32256858826760754,0.23255813953488372,0.3174347087928323,1.3649692478091788,True,3.3,4.24,4.3,0.23058496391749478,0.22742426006010846,1.331969676909516,1.3649692478091788,0
2020-21,2020-11-22,Fulham,Everton,A,0.5357768315549304,0.5190257410787338,1.88,A,1,0.016751090476196606,0.016751090476196606,0.5319148936170213,0.003861937937909121,0.007260443323269028,True,0.8799999999999999,1.93,1.88,0.5062344139650873,0.5190257410787338,0.034049284901015664,0.007260443323269028,2
2020-21,2020-11-22,Leeds,Arsenal,D,0.4050358027026949,0.27336053270747485,3.58,H,0,0.13167526999522006,0.13167526999522006,0.27932960893854747,0.12570619376414743,0.45002817367564774,True,-1.0,3.18,3.58,0.30850311716691303,0.27336053270747485,0.2880138525945699,0.45002817367564774,0
2020-21,2020-11-22,Liverpool,Leicester,H,0.8053024715034127,0.5367560134140752,1.82,H,1,0.2685464580893375,0.2685464580893375,0.5494505494505494,0.25585192205286333,0.4656504981362113,True,0.8200000000000001,1.88,1.82,0.5127238454288406,0.5367560134140752,0.5139686464264159,0.4656504981362113,0
2020-21,2020-11-22,Sheffield United,West Ham,A,0.4052376782846227,0.31667611873831975,3.09,H,0,0.08856155954630296,0.08856155954630296,0.3236245954692557,0.081613082815367,0.2521844258994841,True,-1.0,3.2,3.09,0.30674662668665664,0.31667611873831975,0.29676057051079274,0.2521844258994841,0
2020-21,2020-11-23,Burnley,Crystal Palace,H,0.4612662024410741,0.3651678491354157,2.68,H,1,0.09609835330565836,0.09609835330565836,0.3731343283582089,0.08813187408286516,0.23619342254207853,True,1.6800000000000002,2.89,2.68,0.339622641509434,0.3651678491354157,0.33305932505470426,0.23619342254207853,0
2020-21,2020-11-23,Wolves,Southampton,D,0.3408963697632198,0.2980964922782234,3.28,A,0,0.04279987748499642,0.04279987748499642,0.3048780487804878,0.036018320982732,0.11814009282336091,True,-1.0,3.41,3.28,0.2875031267933079,0.2980964922782234,0.1624566208925795,0.11814009282336091,2
2020-21,2020-11-27,Crystal Palace,Newcastle,A,0.4789610479732874,0.4489290089988593,2.18,H,0,0.030032038974428132,0.030032038974428132,0.4587155963302752,0.020245451643012224,0.04413508458176674,True,-1.0,2.18,2.18,0.448769708044707,0.4489290089988593,0.04413508458176674,0.04413508458176674,0
2020-21,2020-11-28,Brighton,Liverpool,D,0.7901639970175043,0.5764801183390272,1.69,A,0,0.21368387867847705,0.21368387867847705,0.591715976331361,0.1984480206861433,0.3353771549595821,True,-1.0,1.65,1.69,0.5907849347918082,0.5764801183390272,0.30377059507888204,0.3353771549595821,2
2020-21,2020-11-28,Everton,Leeds,A,0.5888389592271516,0.41621675333708713,2.35,H,0,0.17262220589006444,0.17262220589006444,0.425531914893617,0.16330704433353455,0.38377155418380626,True,-1.0,2.07,2.35,0.4718732330267132,0.41621675333708713,0.21889664560020372,0.38377155418380626,0
2020-21,2020-11-28,Man City,Burnley,H,0.0846913464554306,0.049837218216752334,19.55,A,0,0.03485412823867826,0.03485412823867826,0.05115089514066496,0.033540451314765636,0.6557158232036682,True,-1.0,14.98,19.55,0.06451723401956728,0.049837218216752334,0.26867636990235044,0.6557158232036682,2
2020-21,2020-11-28,West Brom,Sheffield United,H,0.3818879480987071,0.36678709766404727,2.67,H,1,0.015100850434659807,0.015100850434659807,0.37453183520599254,0.007356112892714539,0.01964082142354795,True,1.67,2.66,2.67,0.36822660098522164,0.36678709766404727,0.015821941942560924,0.01964082142354795,0
2020-21,2020-11-29,Arsenal,Wolves,A,0.2874119090179611,0.24992021435159698,3.91,A,1,0.03749169466636412,0.03749169466636412,0.2557544757033248,0.031657433314636274,0.12378056426022788,True,2.91,3.81,3.91,0.2569471728165649,0.24992021435159698,0.09503937335843182,0.12378056426022788,2
2020-21,2020-11-29,Chelsea,Tottenham,D,0.5490511191326658,0.48840713149744713,2.0,H,0,0.060643987635218666,0.060643987635218666,0.5,0.0490511191326658,0.0981022382653316,True,-1.0,2.14,2.0,0.456697661134207,0.48840713149744713,0.17496939494390484,0.0981022382653316,0
2020-21,2020-11-29,Southampton,Man United,A,0.4269466375569501,0.24903225806451612,3.92,H,0,0.177914379492434,0.177914379492434,0.25510204081632654,0.17184459674062358,0.6736308192232445,True,-1.0,3.94,3.92,0.24832395104190458,0.24903225806451612,0.6821697519743835,0.6736308192232445,0
2020-21,2020-11-30,Leicester,Fulham,A,0.7139757290564794,0.5799243507835098,1.68,H,0,0.13405137827296965,0.13405137827296965,0.5952380952380952,0.1187376338183842,0.19947922481488534,True,-1.0,1.54,1.68,0.6332776173833764,0.5799243507835098,0.09952262274697832,0.19947922481488534,0
2020-21,2020-11-30,West Ham,Aston Villa,H,0.5835343655252996,0.41231235244331593,2.37,H,1,0.17122201308198365,0.17122201308198365,0.42194092827004215,0.16159343725525743,0.3829764462949601,True,1.37,2.36,2.37,0.4145755315070917,0.41231235244331593,0.3771411026397069,0.3829764462949601,0
2020-21,2020-12-05,Burnley,Everton,D,0.3975981494571629,0.2655227904449414,3.68,H,0,0.13207535901222145,0.13207535901222145,0.2717391304347826,0.12585901902238028,0.46316119000235934,True,-1.0,4.14,3.68,0.2360257089848927,0.2655227904449414,0.6460563387526541,0.46316119000235934,0
2020-21,2020-12-05,Chelsea,Leeds,H,0.7172553493144349,0.6575412536601672,1.48,H,1,0.05971409565426766,0.05971409565426766,0.6756756756756757,0.04157967363875925,0.061537916985363594,True,0.48,1.56,1.48,0.6267110304316993,0.6575412536601672,0.11891834493051845,0.061537916985363594,0
2020-21,2020-12-05,Man City,Fulham,H,0.0728015547389601,0.042393579307294905,22.91,A,0,0.0304079754316652,0.0304079754316652,0.04364906154517678,0.029152493193783324,0.667883619069576,True,-1.0,23.63,22.91,0.04128584372601534,0.042393579307294905,0.7203007384816271,0.667883619069576,2
2020-21,2020-12-05,West Ham,Man United,A,0.3170197690579943,0.27799653488738385,3.52,H,0,0.03902323417061043,0.03902323417061043,0.2840909090909091,0.03292885996708517,0.11590958708413979,True,-1.0,3.75,3.52,0.26064415253104006,0.27799653488738385,0.18882413396747855,0.11590958708413979,0
2020-21,2020-12-06,Liverpool,Wolves,H,0.7858461607166574,0.6067690160502442,1.61,H,1,0.1790771446664131,0.1790771446664131,0.6211180124223602,0.16472814829429716,0.26521231875381845,True,0.6100000000000001,1.54,1.61,0.6340604211879907,0.6067690160502442,0.21020308750365246,0.26521231875381845,0
2020-21,2020-12-06,Sheffield United,Leicester,A,0.3956733485617626,0.23583179788468725,4.14,H,0,0.15984155067707537,0.15984155067707537,0.24154589371980678,0.15412745484195584,0.6380876630456971,True,-1.0,4.02,4.14,0.243535267694549,0.23583179788468725,0.5906068612182855,0.6380876630456971,0
2020-21,2020-12-06,Tottenham,Arsenal,H,0.6738799280465683,0.42574829285411403,2.3,H,1,0.24813163519245424,0.24813163519245424,0.4347826086956522,0.23909731935091605,0.5499238345071069,True,1.2999999999999998,2.07,2.3,0.4725128869957095,0.42574829285411403,0.39493145105639615,0.5499238345071069,0
2020-21,2020-12-06,West Brom,Crystal Palace,A,0.3808167721620272,0.3114862429412471,3.14,H,0,0.06933052922078009,0.06933052922078009,0.3184713375796178,0.062345434582409376,0.1957646645887654,True,-1.0,2.98,3.14,0.3284295781092706,0.3114862429412471,0.13483398104284094,0.1957646645887654,0
2020-21,2020-12-07,Brighton,Southampton,A,0.383786768493034,0.324020111124532,3.02,A,1,0.05976665736850201,0.05976665736850201,0.33112582781456956,0.05266094067846444,0.1590360408489626,True,2.02,2.93,3.02,0.33429699353114783,0.324020111124532,0.12449523168458976,0.1590360408489626,2
2020-21,2020-12-11,Leeds,West Ham,A,0.4724681909151889,0.44662723409707245,2.19,H,0,0.025840956818116434,0.025840956818116434,0.4566210045662101,0.015847186348978803,0.03470533810426368,True,-1.0,2.22,2.19,0.44031332268784257,0.44662723409707245,0.048879383831719414,0.03470533810426368,0
2020-21,2020-12-12,Everton,Chelsea,H,0.5676489677183756,0.5711674893937863,1.71,A,0,-0.0035185216754106685,0.0035185216754106685,0.5847953216374269,-0.017146353919051283,-0.029320265201577822,False,-1.0,1.76,1.71,0.5553718249046898,0.5711674893937863,-0.000937816815658965,-0.029320265201577822,2
2020-21,2020-12-12,Man United,Man City,D,0.3412461654499051,0.20850224608305026,4.68,H,0,0.13274391936685484,0.13274391936685484,0.2136752136752137,0.1275709517746914,0.5970320543055558,True,-1.0,4.49,4.68,0.217152147249837,0.20850224608305026,0.532195282870074,0.5970320543055558,0
2020-21,2020-12-12,Newcastle,West Brom,H,0.5998620457591202,0.39608801955990225,2.47,H,1,0.20377402619921792,0.20377402619921792,0.4048582995951417,0.19500374616397848,0.481659253025027,True,1.4700000000000002,2.62,2.47,0.3735117118079126,0.39608801955990225,0.5716385598888949,0.481659253025027,0
2020-21,2020-12-12,Wolves,Aston Villa,A,0.5208593175884502,0.3775439747614815,2.59,H,0,0.14331534282696867,0.14331534282696867,0.3861003861003861,0.13475893148806406,0.3490256325540859,True,-1.0,2.4,2.59,0.4073985394469053,0.3775439747614815,0.2500623622122804,0.3490256325540859,0
2020-21,2020-12-13,Arsenal,Burnley,A,0.1891636761179173,0.14194795492009027,6.88,A,1,0.04721572119782702,0.04721572119782702,0.14534883720930233,0.043814838908614956,0.3014460916912709,True,5.88,6.84,6.88,0.1424250838334864,0.14194795492009027,0.2938795446465543,0.3014460916912709,2
2020-21,2020-12-13,Crystal Palace,Tottenham,D,0.2116437653189258,0.22510751473005985,4.33,H,0,-0.013463749411134068,0.013463749411134068,0.23094688221709006,-0.019303116898164274,-0.08358249616905133,False,-1.0,4.92,4.33,0.19868081295770892,0.22510751473005985,0.041287325369114836,-0.08358249616905133,0
2020-21,2020-12-13,Fulham,Liverpool,D,0.9351278516358366,0.7044114513035448,1.38,A,0,0.2307164003322918,0.2307164003322918,0.7246376811594204,0.21049017047641616,0.29047643525745426,True,-1.0,1.34,1.38,0.7253545166597647,0.7044114513035448,0.253071321192021,0.29047643525745426,2
2020-21,2020-12-13,Leicester,Brighton,H,0.5899856970484932,0.4614513739412406,2.12,H,1,0.12853432310725266,0.12853432310725266,0.4716981132075471,0.11828758384094612,0.2507696777428057,True,1.12,2.06,2.12,0.47494523642170344,0.4614513739412406,0.21537053591989608,0.2507696777428057,0
2020-21,2020-12-13,Southampton,Sheffield United,H,0.6413964204563823,0.5922709672568701,1.65,H,1,0.049125453199512226,0.049125453199512226,0.6060606060606061,0.035335814395776266,0.058304093753030806,True,0.6499999999999999,1.73,1.65,0.5641289599351815,0.5922709672568701,0.10961580738954146,0.058304093753030806,0
2020-21,2020-12-15,Man City,West Brom,D,0.1174798118431614,0.07699293642785066,12.6,D,1,0.04048687541531075,0.04048687541531075,0.07936507936507936,0.038114732478082045,0.48024562922383374,True,11.6,9.75,12.6,0.09797059192122894,0.07699293642785066,0.1454281654708236,0.48024562922383374,1
2020-21,2020-12-15,Wolves,Chelsea,H,0.3115270781899911,0.16816816816816813,5.79,H,1,0.14335891002182297,0.14335891002182297,0.17271157167530224,0.13881550651468885,0.8037417827200484,True,4.79,5.59,5.79,0.17477724468814257,0.16816816816816813,0.7414363670820501,0.8037417827200484,0
2020-21,2020-12-16,Arsenal,Southampton,D,0.4033040139710062,0.27566702506289675,3.55,A,0,0.12763698890810943,0.12763698890810943,0.28169014084507044,0.12161387312593575,0.43172924959707193,True,-1.0,3.32,3.55,0.2943109978123437,0.27566702506289675,0.33896932638374055,0.43172924959707193,2
2020-21,2020-12-16,Fulham,Brighton,D,0.4167209064493624,0.3219648610857803,3.04,H,0,0.09475604536358206,0.09475604536358206,0.32894736842105265,0.08777353802830973,0.26683155560606164,True,-1.0,3.0,3.04,0.32593210063655653,0.3219648610857803,0.2501627193480871,0.26683155560606164,0
2020-21,2020-12-16,Leeds,Newcastle,H,0.3065654947223923,0.17441413753361507,5.6,A,0,0.13215135718877724,0.13215135718877724,0.17857142857142858,0.12799406615096373,0.7167667704453968,True,-1.0,4.6,5.6,0.21211198491564826,0.17441413753361507,0.41020127572300447,0.7167667704453968,2
2020-21,2020-12-16,Leicester,Everton,A,0.6572407071827249,0.4521199012444058,2.16,H,0,0.20512080593831905,0.20512080593831905,0.4629629629629629,0.19427774421976196,0.4196399275146858,True,-1.0,2.23,2.16,0.43903106117586943,0.4521199012444058,0.46564677701747637,0.4196399275146858,0
2020-21,2020-12-16,Liverpool,Tottenham,H,0.6695493007055087,0.5384977049358196,1.81,H,1,0.13105159576968906,0.13105159576968906,0.5524861878453039,0.11706311286020477,0.21188423427697067,True,0.81,1.81,1.81,0.5393194132338303,0.5384977049358196,0.21188423427697067,0.21188423427697067,0
2020-21,2020-12-16,West Ham,Crystal Palace,D,0.4640996464431508,0.2657793745407039,3.68,A,0,0.19832027190244694,0.19832027190244694,0.2717391304347826,0.19236051600836823,0.707886698910795,True,-1.0,3.82,3.68,0.25596086517304845,0.2657793745407039,0.772860649412836,0.707886698910795,2
2020-21,2020-12-17,Aston Villa,Burnley,D,0.2514602069578069,0.21861520234381462,4.47,A,0,0.032845004613992285,0.032845004613992285,0.2237136465324385,0.02774656042536841,0.1240271251013969,True,-1.0,4.95,4.47,0.197159251246355,0.21861520234381462,0.24472802444114428,0.1240271251013969,2
2020-21,2020-12-17,Sheffield United,Man United,A,0.287797422909185,0.12355700664651482,7.88,H,0,0.16424041626267016,0.16424041626267016,0.12690355329949238,0.1608938696096926,1.2678436925243775,True,-1.0,7.35,7.88,0.13266722175964474,0.12355700664651482,1.1153110583825097,1.2678436925243775,0
2020-21,2020-12-19,Crystal Palace,Liverpool,A,0.830385213591095,0.5914741096621673,1.65,A,1,0.23891110392892767,0.23891110392892767,0.6060606060606061,0.22432460753048888,0.37013560242530663,True,0.6499999999999999,1.53,1.65,0.6359660738855477,0.5914741096621673,0.27048937679437524,0.37013560242530663,2
2020-21,2020-12-19,Everton,Arsenal,H,0.5250529838693823,0.35610876041212075,2.75,H,1,0.1689442234572615,0.1689442234572615,0.36363636363636365,0.16141662023301862,0.4438957056408013,True,1.75,2.5,2.75,0.3911473197287118,0.35610876041212075,0.31263245967345554,0.4438957056408013,0
2020-21,2020-12-19,Newcastle,Fulham,D,0.5216805278531954,0.33853676742211036,2.89,H,0,0.18314376043108505,0.18314376043108505,0.3460207612456747,0.1756597666075207,0.5076567254957347,True,-1.0,2.63,2.89,0.37210677060490377,0.33853676742211036,0.3720197882539038,0.5076567254957347,0
2020-21,2020-12-19,Southampton,Man City,A,0.3577067392921827,0.16345778285805077,5.97,H,0,0.19424895643413195,0.19424895643413195,0.16750418760469013,0.1902025516874926,1.1355092335743309,True,-1.0,6.56,5.97,0.14849570797566464,0.16345778285805077,1.3465562097567183,1.1355092335743309,0
2020-21,2020-12-20,Brighton,Sheffield United,D,0.3121837199170009,0.21041750160626474,4.64,A,0,0.10176621831073615,0.10176621831073615,0.21551724137931036,0.09666647853769053,0.4485324604148839,True,-1.0,5.79,4.64,0.1686360090298602,0.21041750160626474,0.8075437383194353,0.4485324604148839,2
2020-21,2020-12-20,Man United,Leeds,H,0.6738036405874722,0.5608829691199264,1.74,H,1,0.11292067146754581,0.11292067146754581,0.5747126436781609,0.09909099690931134,0.17241833462220169,True,0.74,1.73,1.74,0.5641313720588607,0.5608829691199264,0.16568029821632702,0.17241833462220169,0
2020-21,2020-12-20,Tottenham,Leicester,A,0.5525629839481174,0.45462167927912633,2.15,H,0,0.09794130466899109,0.09794130466899109,0.46511627906976744,0.08744670487834999,0.18801041548845232,True,-1.0,2.1,2.15,0.46569893368877047,0.45462167927912633,0.16038226629104657,0.18801041548845232,0
2020-21,2020-12-20,West Brom,Aston Villa,A,0.29382081299232,0.19206905707612856,5.08,H,0,0.10175175591619143,0.10175175591619143,0.19685039370078738,0.0969704192915326,0.4926097300009855,True,-1.0,3.82,5.08,0.2559253740319272,0.19206905707612856,0.12239550563066226,0.4926097300009855,0
2020-21,2020-12-21,Burnley,Wolves,H,0.3766771056490923,0.28062733383121735,3.49,H,1,0.09604977181787494,0.09604977181787494,0.28653295128939826,0.09014415435969403,0.3146030987153321,True,2.49,3.73,3.49,0.26229846669878404,0.28062733383121735,0.4050056040711143,0.3146030987153321,0
2020-21,2020-12-21,Chelsea,West Ham,H,0.1759049926786038,0.173122901895485,5.64,A,0,0.002782090783118807,0.002782090783118807,0.1773049645390071,-0.001399971860403304,-0.007895841292674621,False,-1.0,6.46,5.64,0.15108834827144688,0.173122901895485,0.13634625270378042,-0.007895841292674621,2
2020-21,2020-12-26,Arsenal,Chelsea,H,0.3714425887595594,0.20174772036474162,4.84,H,1,0.16969486839481776,0.16969486839481776,0.2066115702479339,0.1648310185116255,0.7977821295962673,True,3.84,4.14,4.84,0.23563008791924453,0.20174772036474162,0.5377723174645757,0.7977821295962673,0
2020-21,2020-12-26,Aston Villa,Crystal Palace,H,0.298478186790947,0.21833929888794776,4.47,A,0,0.08013888790299925,0.08013888790299925,0.2237136465324385,0.07476454025850851,0.3341974949555331,True,-1.0,3.91,4.47,0.2495201535508637,0.21833929888794776,0.16704971035260274,0.3341974949555331,2
2020-21,2020-12-26,Fulham,Southampton,D,0.5807263293008416,0.36516554881294583,2.68,A,0,0.21556078048789573,0.21556078048789573,0.3731343283582089,0.20759200094263264,0.5563465625262554,True,-1.0,2.35,2.68,0.41642024699947816,0.36516554881294583,0.36470687385697764,0.5563465625262554,2
2020-21,2020-12-26,Leicester,Man United,D,0.4253609416023122,0.4073215837436777,2.4,A,0,0.018039357858634475,0.018039357858634475,0.4166666666666667,0.008694274935645507,0.02086625984554913,True,-1.0,2.35,2.4,0.4160921148048487,0.4073215837436777,-0.0004017872345662976,0.02086625984554913,2
2020-21,2020-12-26,Man City,Newcastle,H,0.1348178174238078,0.043836042679565694,22.04,A,0,0.0909817747442421,0.0909817747442421,0.045372050816696916,0.08944576660711089,1.9713846960207237,True,-1.0,22.92,22.04,0.04254366323331841,0.043836042679565694,2.090024375353675,1.9713846960207237,2
2020-21,2020-12-26,Sheffield United,Everton,A,0.2937524024061286,0.28955997638154946,3.38,H,0,0.004192426024579143,0.004192426024579143,0.2958579881656805,-0.0021055857595518868,-0.007116879867285375,False,-1.0,4.26,3.38,0.22936775594061323,0.28955997638154946,0.2513852342501077,-0.007116879867285375,0
2020-21,2020-12-27,Leeds,Burnley,H,0.2683869155175754,0.19883513189116836,4.91,A,0,0.06955178362640702,0.06955178362640702,0.20366598778004072,0.06472092773753466,0.3177797551912951,True,-1.0,4.71,4.91,0.20713687596937144,0.19883513189116836,0.26410237208778,0.3177797551912951,2
2020-21,2020-12-27,Liverpool,West Brom,D,0.9286189838128592,0.8546607623667639,1.13,H,0,0.07395822144609532,0.07395822144609532,0.8849557522123894,0.04366323160046981,0.049339451708530824,True,-1.0,1.14,1.13,0.8533559828044956,0.8546607623667639,0.0586256415466595,0.049339451708530824,0
2020-21,2020-12-27,West Ham,Brighton,D,0.4881952782275481,0.40461839881548833,2.42,H,0,0.08357687941205977,0.08357687941205977,0.4132231404958678,0.07497213773168032,0.1814325733106663,True,-1.0,2.42,2.42,0.4041062005277045,0.40461839881548833,0.1814325733106663,0.1814325733106663,0
2020-21,2020-12-27,Wolves,Tottenham,D,0.3977260471399578,0.2706177677095451,3.61,H,0,0.1271082794304127,0.1271082794304127,0.2770083102493075,0.1207177368906503,0.4357910301752477,True,-1.0,3.76,3.61,0.2598451496448533,0.2706177677095451,0.4954499372462413,0.4357910301752477,0
2020-21,2020-12-28,Chelsea,Aston Villa,D,0.6956069260048219,0.5248805924231736,1.86,H,0,0.17072633358164824,0.17072633358164824,0.5376344086021505,0.15797251740267138,0.29382888236896876,True,-1.0,1.71,1.86,0.57076120718776,0.5248805924231736,0.18948784346824543,0.29382888236896876,0
2020-21,2020-12-28,Crystal Palace,Leicester,D,0.317258538895964,0.2880176541374158,3.4,H,0,0.02924088475854819,0.02924088475854819,0.29411764705882354,0.023140891837140465,0.07867903224627759,True,-1.0,3.95,3.4,0.24754764051494466,0.2880176541374158,0.25317122863905794,0.07867903224627759,0
2020-21,2020-12-29,Brighton,Arsenal,A,0.4024821754112992,0.2542961935244584,3.85,H,0,0.1481859818868408,0.1481859818868408,0.2597402597402597,0.1427419156710395,0.549556375333502,True,-1.0,3.27,3.85,0.2989677720864505,0.2542961935244584,0.31611671359494853,0.549556375333502,0
2020-21,2020-12-29,Burnley,Sheffield United,H,0.4541216378243717,0.40286788834114984,2.43,H,1,0.051253749483221867,0.051253749483221867,0.4115226337448559,0.04259900407951578,0.10351557991322324,True,1.4300000000000002,2.45,2.43,0.39907314959591583,0.40286788834114984,0.11259801266971081,0.10351557991322324,0
2020-21,2020-12-29,Man United,Wolves,H,0.6903323396154709,0.6205347729380315,1.57,H,1,0.06979756667743942,0.06979756667743942,0.6369426751592356,0.053389664456235275,0.08382177319628936,True,0.5700000000000001,1.53,1.57,0.6213882215440556,0.6205347729380315,0.056208479611670414,0.08382177319628936,0
2020-21,2020-12-29,Southampton,West Ham,D,0.4978275761799121,0.47721353058340854,2.05,H,0,0.02061404559650354,0.02061404559650354,0.48780487804878053,0.010022698131131547,0.02054653116881977,True,-1.0,2.23,2.05,0.43849413498741013,0.47721353058340854,0.11015549488120402,0.02054653116881977,0
2020-21,2020-12-29,West Brom,Leeds,A,0.3437918040213744,0.22452828469647138,4.35,H,0,0.119263519324903,0.119263519324903,0.2298850574712644,0.11390674655010999,0.4954943474929785,True,-1.0,3.72,4.35,0.26256914144363896,0.22452828469647138,0.27890551095951266,0.4954943474929785,0
2020-21,2020-12-30,Newcastle,Liverpool,D,0.9519331534653728,0.7467371294281814,1.3,A,0,0.2051960240371914,0.2051960240371914,0.7692307692307692,0.1827023842346036,0.23751309950498456,True,-1.0,1.32,1.3,0.7384947929876629,0.7467371294281814,0.25655176257429213,0.23751309950498456,2
2020-21,2021-01-01,Everton,West Ham,A,0.4812721203351323,0.4254633360193393,2.3,H,0,0.055808784315793,0.055808784315793,0.4347826086956522,0.04648951163948006,0.10692587677080412,True,-1.0,2.19,2.3,0.4466158910337285,0.4254633360193393,0.053985943533939595,0.10692587677080412,0
2020-21,2021-01-01,Man United,Aston Villa,H,0.7704608981391967,0.5577471530284598,1.75,H,1,0.21271374511073693,0.21271374511073693,0.5714285714285714,0.19903232671062532,0.34830657174359425,True,0.75,1.78,1.75,0.5483186629004091,0.5577471530284598,0.3714203986877702,0.34830657174359425,0
2020-21,2021-01-02,Brighton,Wolves,D,0.4250083867823743,0.34222174199946753,2.86,A,0,0.08278664478290676,0.08278664478290676,0.3496503496503497,0.0753580371320246,0.2155239861975904,True,-1.0,2.91,2.86,0.3363587663580011,0.34222174199946753,0.23677440553670914,0.2155239861975904,2
2020-21,2021-01-02,Crystal Palace,Sheffield United,H,0.5241558510601623,0.45715560015610185,2.14,H,1,0.06700025090406042,0.06700025090406042,0.4672897196261682,0.05686613143399405,0.12169352126874733,True,1.1400000000000001,2.02,2.14,0.473585998327006,0.45715560015610185,0.05879481914152773,0.12169352126874733,0
2020-21,2021-01-02,Tottenham,Leeds,H,0.2614682517461111,0.23901397441519068,4.08,D,0,0.022454277330920425,0.022454277330920425,0.24509803921568626,0.016370212530424838,0.06679046712413328,True,-1.0,4.13,4.08,0.23621782053171114,0.23901397441519068,0.07986387971143882,0.06679046712413328,1
2020-21,2021-01-02,West Brom,Arsenal,A,0.2505464449758134,0.15730337078651688,6.21,H,0,0.09324307418929653,0.09324307418929653,0.1610305958132045,0.08951584916260891,0.5558934232998012,True,-1.0,5.98,6.21,0.16311046845907864,0.15730337078651688,0.4982677409553642,0.5558934232998012,0
2020-21,2021-01-03,Chelsea,Man City,A,0.4109938078442479,0.2792956761309294,3.5,H,0,0.13169813171331846,0.13169813171331846,0.2857142857142857,0.12527952212996218,0.4384783274548676,True,-1.0,2.95,3.5,0.32970858522525215,0.2792956761309294,0.21243173314053143,0.4384783274548676,0
2020-21,2021-01-03,Newcastle,Leicester,A,0.2345104405158502,0.14825391644908614,6.57,H,0,0.08625652406676407,0.08625652406676407,0.15220700152207,0.0823034389937802,0.540733594189136,True,-1.0,5.35,6.57,0.18221870004969848,0.14825391644908614,0.2546308567597986,0.540733594189136,0
2020-21,2021-01-04,Southampton,Liverpool,H,0.7721156433349685,0.6427989683724719,1.52,A,0,0.12931667496249666,0.12931667496249666,0.6578947368421053,0.1142209064928632,0.17361577786915205,True,-1.0,1.67,1.52,0.5854341369557069,0.6427989683724719,0.2894331243693973,0.17361577786915205,2
2020-21,2021-01-12,Burnley,Man United,A,0.7236502075804507,0.6831889667612409,1.43,A,1,0.040461240819209876,0.040461240819209876,0.6993006993006994,0.024349508279751353,0.03481979684004455,True,0.42999999999999994,1.48,1.43,0.6581083945051346,0.6831889667612409,0.07100230721906708,0.03481979684004455,2
2020-21,2021-01-12,Sheffield United,Newcastle,H,0.4577917341291441,0.41788032469356673,2.34,H,1,0.03991140943557736,0.03991140943557736,0.4273504273504274,0.030441306778716704,0.07123265786219712,True,1.3399999999999999,2.53,2.34,0.3866643361426281,0.41788032469356673,0.15821308734673445,0.07123265786219712,0
2020-21,2021-01-12,Wolves,Everton,A,0.4687137460127887,0.3583932424791424,2.73,H,0,0.11032050353364631,0.11032050353364631,0.3663003663003663,0.10241337971242243,0.2795885266149132,True,-1.0,2.56,2.73,0.38201038830286255,0.3583932424791424,0.19990718979273914,0.2795885266149132,0
2020-21,2021-01-13,Man City,Brighton,H,0.0948680985082383,0.05561165625788916,17.46,A,0,0.03925644225034914,0.03925644225034914,0.0572737686139748,0.0375943298942635,0.6563969999538408,True,-1.0,16.97,17.46,0.05717400952952772,0.05561165625788916,0.6099116316848039,0.6563969999538408,2
2020-21,2021-01-13,Tottenham,Fulham,D,0.7899708140696312,0.5884626116415913,1.66,H,0,0.2015082024280399,0.2015082024280399,0.6024096385542169,0.1875611755154143,0.3113515513555878,True,-1.0,1.36,1.66,0.6942956926658906,0.5884626116415913,0.07436030713469854,0.3113515513555878,0
2020-21,2021-01-14,Arsenal,Crystal Palace,D,0.6660466897214887,0.5617517503078988,1.74,H,0,0.10429493941358992,0.10429493941358992,0.5747126436781609,0.09133404604332784,0.15892124011539033,True,-1.0,1.58,1.74,0.6175844303489095,0.5617517503078988,0.05235376975995232,0.15892124011539033,0
2020-21,2021-01-16,Fulham,Chelsea,A,0.3815198542833826,0.15516554777686928,6.29,H,0,0.2263543065065133,0.2263543065065133,0.1589825119236884,0.2225373423596942,1.3997598834424765,True,-1.0,6.81,6.29,0.14288820796678858,0.15516554777686928,1.598150207669835,1.3997598834424765,0
2020-21,2021-01-16,Leeds,Brighton,A,0.3265676181525513,0.30177532141967073,3.24,A,1,0.02479229673288058,0.02479229673288058,0.30864197530864196,0.01792564284390935,0.058079082814266325,True,2.24,3.43,3.24,0.28506276254983764,0.30177532141967073,0.12012693026325105,0.058079082814266325,2
2020-21,2021-01-16,Leicester,Southampton,H,0.5546657168211399,0.5638966844790563,1.73,H,1,-0.009230967657916422,0.009230967657916422,0.5780346820809249,-0.023368965259785046,-0.04042830989942803,False,0.73,1.8,1.73,0.5302128633554589,0.5638966844790563,-0.0016017097219482856,-0.04042830989942803,0
2020-21,2021-01-16,West Ham,Burnley,H,0.2506332594311235,0.1913977508248791,5.11,A,0,0.059235508606244436,0.059235508606244436,0.19569471624266144,0.054938543188462086,0.28073595569304133,True,-1.0,4.88,5.11,0.19980879830338752,0.1913977508248791,0.2230903060238827,0.28073595569304133,2
2020-21,2021-01-16,Wolves,West Brom,A,0.7498853041010938,0.5961224257162399,1.64,H,0,0.15376287838485392,0.15376287838485392,0.6097560975609756,0.14012920654011818,0.22981189872579377,True,-1.0,1.63,1.64,0.5984110390011461,0.5961224257162399,0.22231304568478283,0.22981189872579377,0
2020-21,2021-01-17,Liverpool,Man United,D,0.5747565568459588,0.5034861788617887,1.94,H,0,0.07127037798417013,0.07127037798417013,0.5154639175257733,0.05929263932018558,0.11502772028116004,True,-1.0,1.98,1.94,0.4929282729573704,0.5034861788617887,0.13801798255499853,0.11502772028116004,0
2020-21,2021-01-17,Man City,Crystal Palace,H,0.1201699703514475,0.0562043795620438,17.24,A,0,0.0639655907894037,0.0639655907894037,0.0580046403712297,0.062165329980217794,1.0717302888589546,True,-1.0,18.27,17.24,0.05317869027160838,0.0562043795620438,1.1955053583209456,1.0717302888589546,2
2020-21,2021-01-17,Sheffield United,Tottenham,A,0.2131261011962135,0.2030493439843047,4.81,H,0,0.010076757211908816,0.010076757211908816,0.2079002079002079,0.00522589329600559,0.02513654675378696,True,-1.0,6.1,4.81,0.1595827582167396,0.2030493439843047,0.3000692172969024,0.02513654675378696,0
2020-21,2021-01-18,Arsenal,Newcastle,H,0.1808790071457618,0.12358936893100587,7.87,A,0,0.057289638214755925,0.057289638214755925,0.12706480304955528,0.05381420409620652,0.4235177862371453,True,-1.0,7.98,7.87,0.12209189513465976,0.12358936893100587,0.44341447702317915,0.4235177862371453,2
2020-21,2021-01-19,Leicester,Chelsea,H,0.5855086850770866,0.3396894579133751,2.88,H,1,0.24581922716371152,0.24581922716371152,0.3472222222222222,0.23828646285486443,0.6862650130220094,True,1.88,2.92,2.88,0.33537079396901603,0.3396894579133751,0.709685360425093,0.6862650130220094,0
2020-21,2021-01-19,West Ham,West Brom,H,0.6865699246038572,0.63277446468473,1.54,H,1,0.053795459919127264,0.053795459919127264,0.6493506493506493,0.037219275253207895,0.057317683889940074,True,0.54,1.58,1.54,0.616393088998988,0.63277446468473,0.0847804808740944,0.057317683889940074,0
2020-21,2021-01-20,Fulham,Man United,A,0.7425561531049744,0.588409349647696,1.66,A,1,0.15414680345727838,0.15414680345727838,0.6024096385542169,0.14014651455075744,0.23264321415425737,True,0.6599999999999999,1.56,1.66,0.6247747141896436,0.588409349647696,0.15838759884375997,0.23264321415425737,2
2020-21,2021-01-20,Man City,Aston Villa,H,0.8350202793673469,0.7337853107344633,1.33,H,1,0.10123496863288362,0.10123496863288362,0.7518796992481203,0.08314058011922665,0.11057697155857138,True,0.33000000000000007,1.24,1.33,0.7633103186630078,0.7337853107344633,0.0354251464155102,0.11057697155857138,0
2020-21,2021-01-21,Liverpool,Burnley,A,0.8615484826832822,0.7167359005071484,1.35,H,0,0.1448125821761338,0.1448125821761338,0.7407407407407407,0.12080774194254151,0.16309045162243097,True,-1.0,1.21,1.35,0.8040776959556712,0.7167359005071484,0.04247366404677155,0.16309045162243097,0
2020-21,2021-01-23,Aston Villa,Newcastle,H,0.2467917303742619,0.20913452393532705,4.66,D,0,0.03765720643893483,0.03765720643893483,0.2145922746781116,0.03219945569615029,0.15004946354406035,True,-1.0,4.68,4.66,0.20818562681276181,0.20913452393532705,0.1549852981515456,0.15004946354406035,1
2020-21,2021-01-26,Crystal Palace,West Ham,A,0.45364163811018,0.26852976913730253,3.64,H,0,0.18511186897287746,0.18511186897287746,0.2747252747252747,0.1789163633849053,0.6512555627210552,True,-1.0,3.21,3.64,0.30465130272579577,0.26852976913730253,0.45618965833367775,0.6512555627210552,0
2020-21,2021-01-26,Newcastle,Leeds,A,0.4659586957261778,0.2322639711515106,4.2,H,0,0.23369472457466722,0.23369472457466722,0.23809523809523808,0.22786345763093974,0.957026522049947,True,-1.0,3.92,4.2,0.24888199144965434,0.2322639711515106,0.826558087246617,0.957026522049947,0
2020-21,2021-01-26,Southampton,Arsenal,A,0.377859795108588,0.27535599761330687,3.55,H,0,0.10250379749528116,0.10250379749528116,0.28169014084507044,0.09616965426351759,0.3414022726354875,True,-1.0,3.59,3.55,0.27215908892298984,0.27535599761330687,0.356516664439831,0.3414022726354875,0
2020-21,2021-01-26,West Brom,Man City,A,0.1101327353018904,0.04858518494544638,20.07,H,0,0.06154755035644402,0.06154755035644402,0.04982561036372696,0.06030712493816344,1.2103639975089404,True,-1.0,15.82,20.07,0.061514048483378055,0.04858518494544638,0.742299872475906,1.2103639975089404,0
2020-21,2021-01-27,Brighton,Fulham,D,0.5978582375818704,0.45713785864240725,2.14,H,0,0.14072037893946315,0.14072037893946315,0.4672897196261682,0.13056851795570218,0.27941662842520265,True,-1.0,2.07,2.14,0.47186080291745214,0.45713785864240725,0.23756655179447161,0.27941662842520265,0
2020-21,2021-01-27,Burnley,Aston Villa,H,0.3508249554409343,0.2094687751016053,4.66,H,1,0.14135618033932898,0.14135618033932898,0.2145922746781116,0.1362326807628227,0.6348442923547537,True,3.66,4.01,4.66,0.2436866790179093,0.2094687751016053,0.40680807131814634,0.6348442923547537,0
2020-21,2021-01-27,Chelsea,Wolves,D,0.202369321389605,0.15984562430336988,6.1,A,0,0.04252369708623513,0.04252369708623513,0.1639344262295082,0.038434895160096794,0.23445286047659053,True,-1.0,5.68,6.1,0.1718804920913884,0.15984562430336988,0.14945774549295643,0.23445286047659053,2
2020-21,2021-01-27,Everton,Leicester,D,0.3150235321318473,0.29278152069297403,3.34,D,1,0.022242011438873277,0.022242011438873277,0.29940119760479045,0.015622334527056858,0.05217859732036989,True,2.34,3.26,3.34,0.3000429421507883,0.29278152069297403,0.026976714749822106,0.05217859732036989,1
2020-21,2021-01-27,Man United,Sheffield United,A,0.7820231055938281,0.7584645095860262,1.28,H,0,0.02355859600780197,0.02355859600780197,0.78125,0.0007731055938281495,0.0009895751601001201,True,-1.0,1.29,1.28,0.7570668232259554,0.7584645095860262,0.00880980621603844,0.0009895751601001201,0
2020-21,2021-01-28,Tottenham,Liverpool,A,0.4640552116343415,0.2650490532520489,3.69,H,0,0.19900615838229258,0.19900615838229258,0.2710027100271003,0.1930525016072412,0.71236373093072,True,-1.0,3.33,3.69,0.2939069267593708,0.2650490532520489,0.5453038547423572,0.71236373093072,0
2020-21,2021-01-30,Arsenal,Man United,D,0.4986692398989595,0.46373986004247464,2.11,A,0,0.034929379856484866,0.034929379856484866,0.47393364928909953,0.02473559060985997,0.05219209618680454,True,-1.0,2.55,2.11,0.38353832243126784,0.46373986004247464,0.27160656174234665,0.05219209618680454,2
2020-21,2021-01-30,Crystal Palace,Wolves,H,0.4725714342544216,0.36508497223907416,2.68,A,0,0.10748646201534745,0.10748646201534745,0.3731343283582089,0.09943710589621269,0.26649144380184997,True,-1.0,2.65,2.68,0.3689870379260682,0.36508497223907416,0.25231430077421724,0.26649144380184997,2
2020-21,2021-01-30,Everton,Newcastle,A,0.6469019638288531,0.6240230844567726,1.56,H,0,0.02287887937208055,0.02287887937208055,0.641025641025641,0.005876322803212153,0.009167063573011003,True,-1.0,1.61,1.56,0.6069516544872702,0.6240230844567726,0.0415121617644536,0.009167063573011003,0
2020-21,2021-01-30,Man City,Sheffield United,H,0.0600011255900968,0.05344024956154859,18.12,A,0,0.006560876028548213,0.006560876028548213,0.05518763796909492,0.00481348762100188,0.08722039569255413,True,-1.0,26.18,18.12,0.0371134803374377,0.05344024956154859,0.5708294679487342,0.08722039569255413,2
2020-21,2021-01-30,Southampton,Aston Villa,A,0.5242659389969269,0.29011229878022743,3.37,H,0,0.23415364021669943,0.23415364021669943,0.29673590504451036,0.2275300339524165,0.7667762144196435,True,-1.0,2.9,3.37,0.33715390713560695,0.29011229878022743,0.5203712230910877,0.7667762144196435,0
2020-21,2021-01-30,West Brom,Fulham,D,0.4258338312009374,0.27193568549690716,3.6,H,0,0.1538981457040302,0.1538981457040302,0.2777777777777778,0.14805605342315958,0.5330017923233745,True,-1.0,3.43,3.6,0.28526299397112365,0.27193568549690716,0.4606100410192153,0.5330017923233745,0
2020-21,2021-01-31,Brighton,Tottenham,H,0.5650479985242407,0.4010553298655354,2.44,A,0,0.16399266865870532,0.16399266865870532,0.4098360655737705,0.1552119329504702,0.3787171163991472,True,-1.0,2.39,2.44,0.409446123159822,0.4010553298655354,0.3504647164729353,0.3787171163991472,2
2020-21,2021-01-31,Chelsea,Burnley,H,0.1467804117881232,0.09766660774261976,9.96,A,0,0.049113804045503445,0.049113804045503445,0.1004016064257028,0.04637880536242041,0.46193290140970733,True,-1.0,10.02,9.96,0.09731206097132156,0.09766660774261976,0.47073972611699455,0.46193290140970733,2
2020-21,2021-01-31,Leicester,Leeds,A,0.6025915308670825,0.5228094277517553,1.87,H,0,0.07978210311532719,0.07978210311532719,0.53475935828877,0.06783217257831253,0.12684616272144433,True,-1.0,1.81,1.87,0.5385313986923371,0.5228094277517553,0.09069067086941929,0.12684616272144433,0
2020-21,2021-01-31,West Ham,Liverpool,A,0.6152981344059363,0.4564268151372128,2.14,A,1,0.1588713192687235,0.1588713192687235,0.4672897196261682,0.14800841477976806,0.31673800762870363,True,1.1400000000000001,1.77,2.14,0.5517690471022356,0.4564268151372128,0.08907769789850728,0.31673800762870363,2
2020-21,2021-02-02,Man United,Southampton,H,0.6901983160986662,0.6708048697066898,1.45,H,1,0.019393446391976377,0.019393446391976377,0.6896551724137931,0.0005431436848730709,0.0007875583430660971,True,0.44999999999999996,1.46,1.45,0.668497159044091,0.6708048697066898,0.007689541504052766,0.0007875583430660971,0
2020-21,2021-02-02,Newcastle,Crystal Palace,A,0.3742417507601369,0.324538437999388,3.01,H,0,0.04970331276074891,0.04970331276074891,0.33222591362126247,0.04201583713887441,0.12646766978801183,True,-1.0,3.01,3.01,0.3251328357750546,0.324538437999388,0.12646766978801183,0.12646766978801183,0
2020-21,2021-02-02,Sheffield United,West Brom,H,0.590542767756278,0.44393382352941174,2.2,H,1,0.14660894422686627,0.14660894422686627,0.45454545454545453,0.13599731321082348,0.2991940890638116,True,1.2000000000000002,2.11,2.2,0.4635624104043248,0.44393382352941174,0.24604523996574645,0.2991940890638116,0
2020-21,2021-02-02,Wolves,Arsenal,H,0.4407317296316161,0.2628340868768958,3.72,H,1,0.1778976427547203,0.1778976427547203,0.26881720430107525,0.17191452533054086,0.639522034229612,True,2.72,3.71,3.72,0.26381532926951134,0.2628340868768958,0.6351147169332958,0.639522034229612,0
2020-21,2021-02-03,Aston Villa,West Ham,A,0.4449346566006201,0.32828690620374107,2.98,A,1,0.11664775039687902,0.11664775039687902,0.33557046979865773,0.10936418680196236,0.3259052766698478,True,1.98,3.46,2.98,0.28247462976099136,0.32828690620374107,0.5394739118381455,0.3259052766698478,2
2020-21,2021-02-03,Burnley,Man City,A,0.1321846701446695,0.05665729065721846,17.18,H,0,0.07552737948745104,0.07552737948745104,0.05820721769499418,0.07397745244967532,1.270932633085422,True,-1.0,14.8,17.18,0.06542283059331563,0.05665729065721846,0.9563331181411088,1.270932633085422,0
2020-21,2021-02-03,Fulham,Leicester,A,0.6032306475304676,0.456738523681959,2.14,A,1,0.14649212384850863,0.14649212384850863,0.4672897196261682,0.1359409279042994,0.29091358571520076,True,1.1400000000000001,2.0,2.14,0.48846379282783614,0.456738523681959,0.20646129506093525,0.29091358571520076,2
2020-21,2021-02-03,Leeds,Everton,A,0.5730168309986531,0.36924578923269624,2.65,H,0,0.20377104176595684,0.20377104176595684,0.37735849056603776,0.19565834043261532,0.5184946021464305,True,-1.0,2.51,2.65,0.3896173540638675,0.36924578923269624,0.43827224580661905,0.5184946021464305,0
2020-21,2021-02-03,Liverpool,Brighton,A,0.8521957825059944,0.6426153035888948,1.52,H,0,0.20958047891709952,0.20958047891709952,0.6578947368421053,0.19430104566388906,0.2953375894091115,True,-1.0,1.37,1.52,0.7124820546822856,0.6426153035888948,0.16750822203321247,0.2953375894091115,0
2020-21,2021-02-04,Tottenham,Chelsea,A,0.5706460896943166,0.23751990664241854,4.11,H,0,0.3331261830518981,0.3331261830518981,0.24330900243309,0.3273370872612266,1.3453554286436415,True,-1.0,3.58,4.11,0.27328024615735264,0.23751990664241854,1.0429130011056538,1.3453554286436415,0
2020-21,2021-02-06,Aston Villa,Arsenal,H,0.4010801835251132,0.320890635232482,3.05,H,1,0.0801895482926312,0.0801895482926312,0.3278688524590164,0.07321133106609679,0.22329455975159518,True,2.05,2.84,3.05,0.3446582875098193,0.320890635232482,0.13906772121132138,0.22329455975159518,0
2020-21,2021-02-06,Burnley,Brighton,D,0.3699684111795078,0.26723931195360706,3.66,H,0,0.10272909922590073,0.10272909922590073,0.27322404371584696,0.09674436746366083,0.35408438491699856,True,-1.0,3.74,3.66,0.26178172947850054,0.26723931195360706,0.3836818578113592,0.35408438491699856,0
2020-21,2021-02-06,Fulham,West Ham,D,0.3342424135371362,0.24012213296499574,4.07,H,0,0.09412028057214045,0.09412028057214045,0.24570024570024568,0.0885421678368905,0.3603666230961444,True,-1.0,3.66,4.07,0.2669229307031068,0.24012213296499574,0.22332723354591844,0.3603666230961444,0
2020-21,2021-02-06,Man United,Everton,D,0.6790936688214424,0.5958703318179888,1.64,H,0,0.08322333700345363,0.08322333700345363,0.6097560975609756,0.0693375712604668,0.11371361686716552,True,-1.0,1.57,1.64,0.6198355627131923,0.5958703318179888,0.0661770600496645,0.11371361686716552,0
2020-21,2021-02-06,Newcastle,Southampton,H,0.3970832855092755,0.2885790234575386,3.39,H,1,0.10850426205173691,0.10850426205173691,0.2949852507374631,0.1020980347718124,0.34611233787644413,True,2.39,3.06,3.39,0.3198555628043877,0.2885790234575386,0.21507485365838308,0.34611233787644413,0
2020-21,2021-02-07,Liverpool,Man City,A,0.4931625771870617,0.3102483961177825,3.15,H,0,0.1829141810692792,0.1829141810692792,0.31746031746031744,0.17570225972674425,0.5534621181392443,True,-1.0,3.44,3.15,0.2844963822293405,0.3102483961177825,0.6964792655234922,0.5534621181392443,0
2020-21,2021-02-07,Sheffield United,Chelsea,A,0.2442039660406512,0.13995115933637117,6.96,H,0,0.10425280670428003,0.10425280670428003,0.14367816091954022,0.10052580512111098,0.6996596036429323,True,-1.0,7.64,6.96,0.12754254041003082,0.13995115933637117,0.8657183005505751,0.6996596036429323,0
2020-21,2021-02-07,Tottenham,West Brom,H,0.7871775982694487,0.6949837828231217,1.4,H,1,0.09219381544632699,0.09219381544632699,0.7142857142857143,0.07289188398373436,0.10204863757722804,True,0.3999999999999999,1.47,1.4,0.6626110764294751,0.6949837828231217,0.1571510694560896,0.10204863757722804,0
2020-21,2021-02-07,Wolves,Leicester,D,0.3005946666055044,0.27907112732163347,3.51,H,0,0.021523539283870907,0.021523539283870907,0.2849002849002849,0.015694381705219473,0.05508727978532035,True,-1.0,3.63,3.51,0.26932938820943775,0.27907112732163347,0.09115863977798089,0.05508727978532035,0
2020-21,2021-02-08,Leeds,Crystal Palace,H,0.2676812099531178,0.18997891790127563,5.13,A,0,0.07770229205184215,0.07770229205184215,0.19493177387914232,0.07274943607397547,0.3732046070594941,True,-1.0,4.24,5.13,0.23072310978427865,0.18997891790127563,0.13496833020121946,0.3732046070594941,2
2020-21,2021-02-13,Brighton,Aston Villa,D,0.4814058225368913,0.34112218572776143,2.87,H,0,0.14028363680912986,0.14028363680912986,0.3484320557491289,0.1329737667877624,0.38163471068087795,True,-1.0,2.85,2.87,0.3433650980703205,0.34112218572776143,0.37200659423014026,0.38163471068087795,0
2020-21,2021-02-13,Crystal Palace,Burnley,A,0.4823417601533698,0.3363422066348531,2.91,H,0,0.14599955351851673,0.14599955351851673,0.3436426116838488,0.13869914846952103,0.4036145220463063,True,-1.0,2.54,2.91,0.3853593678772223,0.3363422066348531,0.22514807078955945,0.4036145220463063,0
2020-21,2021-02-13,Leicester,Liverpool,H,0.3981641647343541,0.2470615349158792,3.96,H,1,0.15110262981847492,0.15110262981847492,0.25252525252525254,0.14563891220910158,0.5767300923480423,True,2.96,3.5,3.96,0.2791416555839114,0.2470615349158792,0.3935745765702394,0.5767300923480423,0
2020-21,2021-02-13,Man City,Tottenham,H,0.1734070024756675,0.1642254711308766,5.94,D,0,0.00918153134479091,0.00918153134479091,0.16835016835016833,0.005056834125499177,0.030037594705465187,True,-1.0,5.91,5.94,0.16520170341311965,0.1642254711308766,0.024835384631195057,0.030037594705465187,1
2020-21,2021-02-14,Arsenal,Leeds,H,0.5775465521078883,0.5282868525896413,1.85,H,1,0.049259699518247047,0.049259699518247047,0.5405405405405405,0.03700601156734784,0.06846112139959337,True,0.8500000000000001,1.93,1.85,0.5050590411061311,0.5282868525896413,0.11466484556822443,0.06846112139959337,0
2020-21,2021-02-14,Everton,Fulham,A,0.6116358403276414,0.48157034318914216,2.03,H,0,0.13006549713849924,0.13006549713849924,0.4926108374384237,0.11902500288921769,0.241620755865112,True,-1.0,1.96,2.03,0.4987032620453272,0.48157034318914216,0.1988062470421772,0.241620755865112,0
2020-21,2021-02-14,Southampton,Wolves,A,0.4761446319813582,0.43093693490465457,2.27,H,0,0.045207697076703635,0.045207697076703635,0.44052863436123346,0.03561599762012474,0.08084831459768305,True,-1.0,2.44,2.27,0.40085435374456624,0.43093693490465457,0.1617929020345139,0.08084831459768305,0
2020-21,2021-02-14,West Brom,Man United,D,0.7412541329574729,0.7385726303982052,1.32,A,0,0.00268150255926769,0.00268150255926769,0.7575757575757576,-0.01632162461828468,-0.021544544496135742,False,-1.0,1.34,1.32,0.7280478410864133,0.7385726303982052,-0.00671946183698624,-0.021544544496135742,2
2020-21,2021-02-15,Chelsea,Newcastle,H,0.1728756310718123,0.15998000249968752,6.11,D,0,0.012895628572124784,0.012895628572124784,0.1636661211129296,0.0092095099588827,0.056270105848773344,True,-1.0,6.85,6.11,0.14216178538095298,0.15998000249968752,0.18419807284191414,0.056270105848773344,1
2020-21,2021-02-15,West Ham,Sheffield United,H,0.6708542827944575,0.47216739448359096,2.07,H,1,0.1986868883108665,0.1986868883108665,0.48309178743961356,0.1877624953548439,0.38866836538452687,True,1.0699999999999998,1.75,2.07,0.5584050334600591,0.47216739448359096,0.17399499489030057,0.38866836538452687,0
2020-21,2021-02-17,Burnley,Fulham,D,0.3992459268605566,0.32104063296231733,3.05,H,0,0.07820529389823927,0.07820529389823927,0.3278688524590164,0.07137707440154017,0.2177000769246975,True,-1.0,2.87,3.05,0.3406240965248733,0.32104063296231733,0.1458358100897974,0.2177000769246975,0
2020-21,2021-02-17,Everton,Man City,A,0.2751256094757734,0.08046326324159377,12.07,H,0,0.19466234623417966,0.19466234623417966,0.08285004142502071,0.1922755680507527,2.3207661063725853,True,-1.0,8.77,12.07,0.11099977054160894,0.08046326324159377,1.4128515951025329,2.3207661063725853,0
2020-21,2021-02-19,Wolves,Leeds,H,0.495592328851256,0.4177725118483412,2.34,H,1,0.07781981700291479,0.07781981700291479,0.4273504273504274,0.0682419015008286,0.159686049511939,True,1.3399999999999999,2.41,2.34,0.40569091392155904,0.4177725118483412,0.19437751253152702,0.159686049511939,0
2020-21,2021-02-20,Burnley,West Brom,D,0.7032592190677329,0.4490227077765095,2.18,H,0,0.25423651129122343,0.25423651129122343,0.4587155963302752,0.24454362273745772,0.5331050975676579,True,-1.0,2.06,2.18,0.47526132404181193,0.4490227077765095,0.44871399127952993,0.5331050975676579,0
2020-21,2021-02-20,Fulham,Sheffield United,H,0.6154504644868135,0.49577582818777993,1.97,H,1,0.11967463629903358,0.11967463629903358,0.5076142131979695,0.107836251288844,0.2124374150390227,True,0.97,2.23,1.97,0.43863813467111484,0.49577582818777993,0.3724545358055942,0.2124374150390227,0
2020-21,2021-02-20,Liverpool,Everton,A,0.8095438716781822,0.7057334910140382,1.38,H,0,0.10381038066414405,0.10381038066414405,0.7246376811594204,0.0849061905187618,0.11717054291589135,True,-1.0,1.5,1.38,0.6495977535524372,0.7057334910140382,0.2143158075172733,0.11717054291589135,0
2020-21,2021-02-20,Southampton,Chelsea,D,0.3281699026121604,0.2144467103144789,4.55,H,0,0.11372319229768149,0.11372319229768149,0.21978021978021978,0.10838968283194061,0.49317305688532964,True,-1.0,5.11,4.55,0.19094864072127404,0.2144467103144789,0.6769482023481397,0.49317305688532964,0
2020-21,2021-02-21,Arsenal,Man City,A,0.2099240098264057,0.1351046075798969,7.22,H,0,0.07481940224650879,0.07481940224650879,0.13850415512465375,0.07141985470175194,0.5156513509466489,True,-1.0,6.42,7.22,0.15190808513596898,0.1351046075798969,0.34771214308552456,0.5156513509466489,0
2020-21,2021-02-21,Aston Villa,Leicester,A,0.4609872597117906,0.47446096450320946,2.06,A,1,-0.01347370479141885,0.01347370479141885,0.4854368932038835,-0.024449633492092893,-0.05036624499371134,False,1.06,2.49,2.06,0.3924112027251091,0.47446096450320946,0.14785827668235862,-0.05036624499371134,2
2020-21,2021-02-21,Man United,Newcastle,H,0.8104560818528925,0.7212603622615791,1.35,H,1,0.08919571959131345,0.08919571959131345,0.7407407407407407,0.06971534111215183,0.09411571050140499,True,0.3500000000000001,1.31,1.35,0.7442877808180978,0.7212603622615791,0.06169746722728919,0.09411571050140499,0
2020-21,2021-02-21,West Ham,Tottenham,H,0.5653464186441299,0.3075506854176833,3.18,H,1,0.2577957332264466,0.2577957332264466,0.31446540880503143,0.2508810098390985,0.7978016112883333,True,2.18,2.73,3.18,0.35846062289228325,0.3075506854176833,0.5433957228984747,0.7978016112883333,0
2020-21,2021-02-22,Brighton,Crystal Palace,A,0.254850501106418,0.17839809594258466,5.47,A,1,0.07645240516383334,0.07645240516383334,0.18281535648994515,0.07203514461647284,0.39403224105210644,True,4.47,5.64,5.47,0.17285534873412703,0.17839809594258466,0.43735682624019745,0.39403224105210644,2
2020-21,2021-02-23,Leeds,Southampton,H,0.3514553434016609,0.2887260185384781,3.39,A,0,0.06272932486318278,0.06272932486318278,0.2949852507374631,0.05647009266419778,0.1914336141316304,True,-1.0,3.12,3.39,0.3138373751783166,0.2887260185384781,0.09654067141318201,0.1914336141316304,2
2020-21,2021-02-27,Leeds,Aston Villa,A,0.5019532548162234,0.47725240463893864,2.05,H,0,0.024700850177284794,0.024700850177284794,0.48780487804878053,0.014148376767442905,0.02900417237325792,True,-1.0,2.25,2.05,0.43471418051604893,0.47725240463893864,0.12939482333650276,0.02900417237325792,0
2020-21,2021-02-27,Man City,West Ham,H,0.1289035385966682,0.08869793041421045,11.01,A,0,0.04020560818245775,0.04020560818245775,0.09082652134423251,0.03807701725243569,0.41922795994931694,True,-1.0,13.19,11.01,0.07359283035300397,0.08869793041421045,0.7002376740900536,0.41922795994931694,2
2020-21,2021-02-27,Newcastle,Wolves,D,0.3041809358970447,0.2586800326980166,3.78,H,0,0.04550090319902811,0.04550090319902811,0.2645502645502646,0.03963067134678011,0.1498039376908289,True,-1.0,3.56,3.78,0.2750988608865018,0.2586800326980166,0.0828841317934792,0.1498039376908289,0
2020-21,2021-02-27,West Brom,Brighton,H,0.3667930277319119,0.2116652723783278,4.61,H,1,0.1551277553535841,0.1551277553535841,0.21691973969631234,0.14987328803559957,0.6909158578441141,True,3.6100000000000003,4.22,4.61,0.2316922336085174,0.2116652723783278,0.5478665770286681,0.6909158578441141,0
2020-21,2021-02-28,Chelsea,Man United,D,0.4509141206720721,0.30168218684289577,3.24,A,0,0.14923193382917632,0.14923193382917632,0.30864197530864196,0.14227214536343014,0.4609617509775137,True,-1.0,3.47,3.24,0.281879293136852,0.30168218684289577,0.5646719987320903,0.4609617509775137,2
2020-21,2021-02-28,Crystal Palace,Fulham,D,0.4520734114433831,0.2766180689564088,3.54,H,0,0.1754553424869743,0.1754553424869743,0.2824858757062147,0.1695875357371684,0.6003398765095762,True,-1.0,3.62,3.54,0.2704113243580118,0.2766180689564088,0.6365057494250468,0.6003398765095762,0
2020-21,2021-02-28,Leicester,Arsenal,A,0.6325268812628617,0.42038947848742214,2.33,H,0,0.21213740277543958,0.21213740277543958,0.4291845493562232,0.20334233190663853,0.47378763334246776,True,-1.0,2.61,2.33,0.37509026093962583,0.42038947848742214,0.6508951600960691,0.47378763334246776,0
2020-21,2021-02-28,Sheffield United,Liverpool,A,0.2151489175494396,0.11511790864582508,8.48,H,0,0.10003100890361452,0.10003100890361452,0.11792452830188678,0.09722438924755282,0.8244628208192479,True,-1.0,7.95,8.48,0.12239767578389606,0.11511790864582508,0.7104338945180448,0.8244628208192479,0
2020-21,2021-02-28,Tottenham,Burnley,H,0.152627602255652,0.13920367820674961,6.99,A,0,0.013423924048902386,0.013423924048902386,0.14306151645207438,0.009566085803577623,0.06686693976700742,True,-1.0,7.22,6.99,0.13533300043164373,0.13920367820674961,0.10197128828580748,0.06686693976700742,2
2020-21,2021-03-01,Everton,Southampton,H,0.6313009798543826,0.4444265088332885,2.2,H,1,0.1868744710210941,0.1868744710210941,0.45454545454545453,0.17675552530892807,0.3888621556796419,True,1.2000000000000002,2.21,2.2,0.44252481188958437,0.4444265088332885,0.39517516547818543,0.3888621556796419,0
2020-21,2021-03-02,Man City,Wolves,H,0.0740484719415678,0.06088287983482331,15.9,A,0,0.013165592106744492,0.013165592106744492,0.06289308176100629,0.011155390180561511,0.17737070387092801,True,-1.0,16.42,15.9,0.05909026562532942,0.06088287983482331,0.21587590928054334,0.17737070387092801,2
2020-21,2021-03-03,Burnley,Leicester,D,0.2758625317307475,0.2512929875808677,3.89,H,0,0.024569544149879774,0.024569544149879774,0.2570694087403599,0.0187931229903876,0.0731052484326078,True,-1.0,4.1,3.89,0.23870173544369522,0.2512929875808677,0.13103638009606455,0.0731052484326078,0
2020-21,2021-03-03,Crystal Palace,Man United,D,0.7281649866485929,0.6626728727608131,1.47,A,0,0.06549211388777976,0.06549211388777976,0.6802721088435374,0.04789287780505547,0.07040253037343147,True,-1.0,1.45,1.47,0.6730506634921748,0.6626728727608131,0.05583923064045959,0.07040253037343147,2
2020-21,2021-03-03,Sheffield United,Aston Villa,H,0.5623451440723354,0.2725640424726434,3.59,H,1,0.289781101599692,0.289781101599692,0.2785515320334262,0.2837936120389092,1.0188190672196837,True,2.59,3.77,3.59,0.25927555868196456,0.2725640424726434,1.1200411931527046,1.0188190672196837,0
2020-21,2021-03-04,Fulham,Tottenham,A,0.3091025055217703,0.24769460383199607,3.95,H,0,0.06140790168977425,0.06140790168977425,0.2531645569620253,0.05593794855974504,0.2209548968109929,True,-1.0,4.02,3.95,0.24340608914249234,0.24769460383199607,0.24259207219751655,0.2209548968109929,0
2020-21,2021-03-04,Liverpool,Chelsea,A,0.7501470479003955,0.4324009069104535,2.26,H,0,0.317746140989942,0.317746140989942,0.4424778761061947,0.30766917179420084,0.6953323282548938,True,-1.0,2.28,2.26,0.4291134272382364,0.4324009069104535,0.7103352692129017,0.6953323282548938,0
2020-21,2021-03-04,West Brom,Everton,A,0.5706118734094128,0.47903058421341793,2.04,A,1,0.09158128919599484,0.09158128919599484,0.49019607843137253,0.08041579497804024,0.16404822175520217,True,1.04,1.87,2.04,0.5228751911285465,0.47903058421341793,0.06704420327560201,0.16404822175520217,2
2020-21,2021-03-06,Aston Villa,Wolves,D,0.3228496658797043,0.32431996807073565,3.02,A,0,-0.0014703021910313363,0.0014703021910313363,0.33112582781456956,-0.008276161934865245,-0.024994009043292964,False,-1.0,3.28,3.02,0.2981490442777643,0.32431996807073565,0.05894690408543002,-0.024994009043292964,2
2020-21,2021-03-06,Brighton,Leicester,A,0.5851835879899391,0.3113145150867804,3.14,A,1,0.2738690729031587,0.2738690729031587,0.3184713375796178,0.26671225041032126,0.8374764662884089,True,2.14,3.02,3.14,0.3241366252650712,0.3113145150867804,0.767254435729616,0.8374764662884089,2
2020-21,2021-03-06,Burnley,Arsenal,D,0.4927316868472835,0.18831993228946256,5.18,H,0,0.304411754557821,0.304411754557821,0.19305019305019305,0.29968149379709047,1.5523501378689284,True,-1.0,5.73,5.18,0.170149619068017,0.18831993228946256,1.8233525656349348,1.5523501378689284,0
2020-21,2021-03-06,Sheffield United,Southampton,A,0.4661883900030302,0.26126557320836663,3.74,H,0,0.20492281679466356,0.20492281679466356,0.267379679144385,0.1988087108586452,0.743544578611333,True,-1.0,3.77,3.74,0.2590131655557163,0.26126557320836663,0.7575302303114237,0.743544578611333,0
2020-21,2021-03-07,Liverpool,Fulham,A,0.8089130561899099,0.5853409058944767,1.67,H,0,0.2235721502954332,0.2235721502954332,0.5988023952095809,0.21011066098032904,0.3508848038371495,True,-1.0,1.42,1.67,0.687335187305742,0.5853409058944767,0.14865653978967197,0.3508848038371495,0
2020-21,2021-03-07,Man City,Man United,A,0.1766090476208397,0.13558669788025526,7.2,A,1,0.04102234974058444,0.04102234974058444,0.1388888888888889,0.03772015873195081,0.271585142870046,True,6.2,6.97,7.2,0.13982457844874097,0.13558669788025526,0.23096506191725275,0.271585142870046,2
2020-21,2021-03-07,Tottenham,Crystal Palace,H,0.6808192656188694,0.6245413699060175,1.56,H,1,0.05627789571285191,0.05627789571285191,0.641025641025641,0.03979362459322844,0.06207805436543623,True,0.56,1.5,1.56,0.6514954333884375,0.6245413699060175,0.021228898428304,0.06207805436543623,0
2020-21,2021-03-07,West Brom,Newcastle,D,0.4765111315634238,0.421614694574968,2.32,H,0,0.05489643698845581,0.05489643698845581,0.4310344827586207,0.045476648804803066,0.10550582522714302,True,-1.0,2.47,2.32,0.3960310482364616,0.421614694574968,0.17698249496165674,0.10550582522714302,0
2020-21,2021-03-08,Chelsea,Everton,H,0.6697133514742876,0.5820723861553392,1.68,H,1,0.08764096531894838,0.08764096531894838,0.5952380952380952,0.07447525623619233,0.12511843047680316,True,0.6799999999999999,1.55,1.68,0.629476193669673,0.5820723861553392,0.03805569478514581,0.12511843047680316,0
2020-21,2021-03-08,West Ham,Leeds,H,0.4843649661557665,0.4349822516038688,2.25,H,1,0.049382714551897744,0.049382714551897744,0.4444444444444444,0.0399205217113221,0.08982117385047461,True,1.25,2.14,2.25,0.45747262046468834,0.4349822516038688,0.036541027573340434,0.08982117385047461,0
2020-21,2021-03-10,Man City,Southampton,H,0.9209885543109896,0.8227839716399534,1.18,H,1,0.09820458267103616,0.09820458267103616,0.8474576271186441,0.07353092719234544,0.08676649408696768,True,0.17999999999999994,1.22,1.18,0.7999904961034024,0.8227839716399534,0.12360603625940736,0.08676649408696768,0
2020-21,2021-03-12,Newcastle,Aston Villa,D,0.4877854581416785,0.2572802564787603,3.8,H,0,0.2305052016629182,0.2305052016629182,0.2631578947368421,0.22462756340483642,0.8535847409383783,True,-1.0,3.86,3.8,0.2534372328348587,0.2572802564787603,0.8828518684268789,0.8535847409383783,0
2020-21,2021-03-13,Crystal Palace,West Brom,H,0.5444154852443588,0.4093142363695918,2.39,H,1,0.135101248874767,0.135101248874767,0.41841004184100417,0.12600544340335462,0.3011530097340176,True,1.3900000000000001,2.31,2.39,0.42363877822045154,0.4093142363695918,0.25759977091446884,0.3011530097340176,0
2020-21,2021-03-13,Everton,Burnley,A,0.5918171883499903,0.47696864639256814,2.05,H,0,0.11484854195742217,0.11484854195742217,0.48780487804878053,0.10401231030120978,0.21322523611748,True,-1.0,1.93,2.05,0.5067382025963484,0.47696864639256814,0.1422071735154813,0.21322523611748,0
2020-21,2021-03-13,Fulham,Man City,A,0.0990636751382142,0.11679707734671067,8.36,H,0,-0.01773340220849648,0.01773340220849648,0.11961722488038279,-0.020553549742168595,-0.1718276758445294,False,-1.0,10.46,8.36,0.09336690402334442,0.11679707734671067,0.036206041945720635,-0.1718276758445294,0
2020-21,2021-03-13,Leeds,Chelsea,D,0.2772275593865266,0.18423887948283826,5.3,H,0,0.09298867990368834,0.09298867990368834,0.18867924528301888,0.08854831410350772,0.46930606474859093,True,-1.0,4.69,5.3,0.20788853601065463,0.18423887948283826,0.3001972535228099,0.46930606474859093,0
2020-21,2021-03-14,Arsenal,Tottenham,H,0.4761285613924151,0.35856488467959763,2.73,H,1,0.11756367671281748,0.11756367671281748,0.3663003663003663,0.10982819509204883,0.2998309726012933,True,1.73,2.65,2.73,0.3693623372716853,0.35856488467959763,0.2617406876899,0.2998309726012933,0
2020-21,2021-03-14,Leicester,Sheffield United,H,0.8146673712772585,0.625732155266554,1.56,H,1,0.1889352160107045,0.1889352160107045,0.641025641025641,0.17364173025161755,0.27088109919252323,True,0.56,1.56,1.56,0.624190800681431,0.625732155266554,0.27088109919252323,0.27088109919252323,0
2020-21,2021-03-14,Man United,West Ham,H,0.6947429822210149,0.5404635120240335,1.81,H,1,0.1542794701969814,0.1542794701969814,0.5524861878453039,0.14225679437571104,0.25748479782003697,True,0.81,1.88,1.81,0.518808792071069,0.5404635120240335,0.306116806575508,0.25748479782003697,0
2020-21,2021-03-14,Southampton,Brighton,A,0.4910383406457217,0.29294720031118043,3.34,H,0,0.19809114033454128,0.19809114033454128,0.29940119760479045,0.19163714304093127,0.6400680577567104,True,-1.0,3.03,3.34,0.3230427872766778,0.29294720031118043,0.4878461721565368,0.6400680577567104,0
2020-21,2021-03-15,Wolves,Liverpool,A,0.4024293822175702,0.16464821729446594,5.93,H,0,0.23778116492310425,0.23778116492310425,0.16863406408094436,0.23379531813662582,1.386406236550191,True,-1.0,4.93,5.93,0.1981428077056177,0.16464821729446594,0.9839768543326208,1.386406236550191,0
2020-21,2021-03-19,Fulham,Leeds,A,0.3459550328918954,0.33326541239330754,2.94,A,1,0.01268962049858785,0.01268962049858785,0.3401360544217687,0.00581897847012669,0.01710779670217244,True,1.94,3.07,2.94,0.3189218863979906,0.33326541239330754,0.06208195097811875,0.01710779670217244,2
2020-21,2021-03-20,Brighton,Newcastle,H,0.2494774924188031,0.1761141839214436,5.55,A,0,0.0733633084973595,0.0733633084973595,0.1801801801801802,0.0692973122386229,0.3846000829243572,True,-1.0,6.73,5.55,0.14504933462614675,0.1761141839214436,0.6789835239785449,0.3846000829243572,2
2020-21,2021-03-21,Aston Villa,Tottenham,A,0.3115542572112014,0.2765649687340054,3.54,D,0,0.03498928847719601,0.03498928847719601,0.2824858757062147,0.029068381504986696,0.10290207052765288,True,-1.0,3.46,3.54,0.28271944015952444,0.2765649687340054,0.07797772995075669,0.10290207052765288,1
2020-21,2021-03-21,West Ham,Arsenal,D,0.4165847054626421,0.2763778293756499,3.54,H,0,0.14020687608699217,0.14020687608699217,0.2824858757062147,0.1340988297564274,0.47470985733775306,True,-1.0,2.9,3.54,0.33740945791823074,0.2763778293756499,0.20809564584166207,0.47470985733775306,0
2020-21,2021-04-03,Arsenal,Liverpool,A,0.453510021678969,0.33259889834752127,2.94,H,0,0.12091112333144771,0.12091112333144771,0.3401360544217687,0.11337396725720028,0.3333194637361687,True,-1.0,3.18,2.94,0.30755403568766715,0.33259889834752127,0.44216186893912135,0.3333194637361687,0
2020-21,2021-04-03,Chelsea,West Brom,A,0.8234433023203289,0.7499436785925012,1.3,H,0,0.0734996237278277,0.0734996237278277,0.7692307692307692,0.054212533089559756,0.07047629301642755,True,-1.0,1.22,1.3,0.7929876402648011,0.7499436785925012,0.004600828830801262,0.07047629301642755,0
2020-21,2021-04-03,Leeds,Sheffield United,H,0.220854221633722,0.23400297183774235,4.17,D,0,-0.013148750204020343,0.013148750204020343,0.23980815347721823,-0.018953931843496225,-0.07903789578737919,False,-1.0,4.56,4.17,0.21363627589135764,0.23400297183774235,0.007095250649772344,-0.07903789578737919,1
2020-21,2021-04-03,Leicester,Man City,A,0.3314863658388008,0.18802015197483785,5.2,H,0,0.14346621386396297,0.14346621386396297,0.1923076923076923,0.13917867353110852,0.7237291023617642,True,-1.0,6.24,5.2,0.15648620849100223,0.18802015197483785,1.0684749228341173,0.7237291023617642,0
2020-21,2021-04-04,Aston Villa,Fulham,H,0.5139147033886367,0.37684511671789866,2.6,H,1,0.137069586670738,0.137069586670738,0.3846153846153846,0.12929931877325207,0.33617822881045534,True,1.6,2.32,2.6,0.42143784677133755,0.37684511671789866,0.1922821118616369,0.33617822881045534,0
2020-21,2021-04-04,Man United,Brighton,H,0.7535093683097623,0.5849511940352268,1.67,H,1,0.16855817427453557,0.16855817427453557,0.5988023952095809,0.15470697310018144,0.25836064507730305,True,0.6699999999999999,1.67,1.67,0.5840732225202182,0.5849511940352268,0.25836064507730305,0.25836064507730305,0
2020-21,2021-04-04,Newcastle,Tottenham,D,0.2803076657137373,0.1733696305314474,5.62,H,0,0.10693803518228986,0.10693803518228986,0.17793594306049823,0.10237172265323904,0.5753290813112035,True,-1.0,5.66,5.62,0.17278267879070958,0.1733696305314474,0.586541387939753,0.5753290813112035,0
2020-21,2021-04-04,Southampton,Burnley,H,0.51150088533204,0.48160588987359193,2.03,H,1,0.029894995458448037,0.029894995458448037,0.4926108374384237,0.018890047893616257,0.038346797224040996,True,1.0299999999999998,2.11,2.03,0.46307823158771755,0.48160588987359193,0.07926686805060434,0.038346797224040996,0
2020-21,2021-04-05,Everton,Crystal Palace,D,0.200326360131532,0.20312950074799527,4.8,A,0,-0.002803140616463279,0.002803140616463279,0.20833333333333334,-0.008006973201801354,-0.0384334713686465,False,-1.0,5.07,4.8,0.19276594989079673,0.20312950074799527,0.015654645866867156,-0.0384334713686465,2
2020-21,2021-04-05,Wolves,West Ham,A,0.4420222999533596,0.3365395687319122,2.91,H,0,0.10548273122144741,0.10548273122144741,0.3436426116838488,0.09837968826951082,0.2862848928642765,True,-1.0,2.99,2.91,0.3272760723498366,0.3365395687319122,0.32164667686054527,0.2862848928642765,0
2020-21,2021-04-09,Fulham,Wolves,A,0.3713632515709461,0.3309011506095193,2.96,A,1,0.04046210096142677,0.04046210096142677,0.33783783783783783,0.033525413733108245,0.09923522465000034,True,1.96,3.22,2.96,0.30419902894121054,0.3309011506095193,0.1957896700584465,0.09923522465000034,2
2020-21,2021-04-10,Crystal Palace,Chelsea,A,0.2780541305099633,0.12609011984209317,7.75,H,0,0.15196401066787013,0.15196401066787013,0.12903225806451613,0.14902187244544718,1.1549195114522157,True,-1.0,7.31,7.75,0.1335042031036696,0.12609011984209317,1.0325756940278317,1.1549195114522157,0
2020-21,2021-04-10,Liverpool,Aston Villa,H,0.781497144133556,0.6672481634752172,1.46,H,1,0.11424898065833877,0.11424898065833877,0.684931506849315,0.09656563728424095,0.1409858304349918,True,0.45999999999999996,1.53,1.46,0.6376103387959001,0.6672481634752172,0.19569063052434066,0.1409858304349918,0
2020-21,2021-04-10,Man City,Leeds,A,0.91645660890511,0.7018491443400414,1.39,H,0,0.21460746456506863,0.21460746456506863,0.7194244604316548,0.1970321484734553,0.27387468637810297,True,-1.0,1.31,1.39,0.7431437236694884,0.7018491443400414,0.2005581576656943,0.27387468637810297,0
2020-21,2021-04-11,Burnley,Newcastle,A,0.5420039591422392,0.43072048360778414,2.27,H,0,0.11128347553445506,0.11128347553445506,0.44052863436123346,0.10147532478100574,0.230348987252883,True,-1.0,2.41,2.27,0.40642384722869124,0.43072048360778414,0.30622954153279647,0.230348987252883,0
2020-21,2021-04-11,Sheffield United,Arsenal,A,0.245155591705411,0.1748528351055166,5.58,H,0,0.0703027565998944,0.0703027565998944,0.17921146953405018,0.06594412217136084,0.3679682017161934,True,-1.0,6.16,5.58,0.15853696798561584,0.1748528351055166,0.5101584449053318,0.3679682017161934,0
2020-21,2021-04-11,Tottenham,Man United,A,0.3557022734447164,0.3239576980857045,3.02,H,0,0.03174457535901187,0.03174457535901187,0.33112582781456956,0.024576445630146826,0.07422086580304343,True,-1.0,2.9,3.02,0.33740945791823074,0.3239576980857045,0.03153659298967759,0.07422086580304343,0
2020-21,2021-04-11,West Ham,Leicester,H,0.3890314633098559,0.30076560018323345,3.25,H,1,0.08826586312662243,0.08826586312662243,0.3076923076923077,0.08133915561754818,0.2643522557570317,True,2.25,3.11,3.25,0.31432924204482077,0.30076560018323345,0.2098878508936517,0.2643522557570317,0
2020-21,2021-04-12,Brighton,Everton,D,0.3291942085434122,0.26648469032829897,3.67,A,0,0.06270951821511322,0.06270951821511322,0.2724795640326976,0.05671464451071462,0.20814274535432276,True,-1.0,3.45,3.67,0.28334078736781415,0.26648469032829897,0.13572001947477208,0.20814274535432276,2
2020-21,2021-04-12,West Brom,Southampton,H,0.306568100319698,0.2647948044194369,3.69,H,1,0.041773295900261076,0.041773295900261076,0.2710027100271003,0.0355653902925977,0.13123629017968552,True,2.69,3.69,3.69,0.26493760072359474,0.2647948044194369,0.13123629017968552,0.13123629017968552,0
2020-21,2021-04-16,Everton,Tottenham,D,0.4027441903295928,0.27252482868742706,3.59,H,0,0.13021936164216574,0.13021936164216574,0.2785515320334262,0.1241926582961666,0.445851643283238,True,-1.0,3.46,3.59,0.2826838364748238,0.27252482868742706,0.393494898540391,0.445851643283238,0
2020-21,2021-04-17,Newcastle,West Ham,H,0.5160254186188473,0.4400988596453193,2.22,A,0,0.07592655897352801,0.07592655897352801,0.4504504504504504,0.06557496816839692,0.14557642933384107,True,-1.0,2.14,2.22,0.45652902356522324,0.4400988596453193,0.10429439584433342,0.14557642933384107,2
2020-21,2021-04-17,Wolves,Sheffield United,H,0.702720989952819,0.5390629731639437,1.81,H,1,0.16365801678887526,0.16365801678887526,0.5524861878453039,0.15023480210751505,0.2719249918146023,True,0.81,1.72,1.81,0.5665969499826584,0.5390629731639437,0.20868010271884851,0.2719249918146023,0
2020-21,2021-04-18,Arsenal,Fulham,D,0.7031271013937254,0.5135306419925216,1.9,H,0,0.18959645940120373,0.18959645940120373,0.5263157894736842,0.17681131192004118,0.33594149264807815,True,-1.0,1.79,1.9,0.5454947699017025,0.5135306419925216,0.2585975114947685,0.33594149264807815,0
2020-21,2021-04-18,Man United,Burnley,H,0.7499021885188958,0.7004810128555948,1.39,H,1,0.049421175663300954,0.049421175663300954,0.7194244604316548,0.03047772808724103,0.04236404204126498,True,0.3899999999999999,1.38,1.39,0.7061758765116163,0.7004810128555948,0.034865020156076065,0.04236404204126498,0
2020-21,2021-04-19,Leeds,Liverpool,D,0.2719656730659859,0.17937133090584825,5.44,H,0,0.09259434216013765,0.09259434216013765,0.1838235294117647,0.08814214365422121,0.4794932614789633,True,-1.0,4.85,5.44,0.20139662527511346,0.17937133090584825,0.3190335143700316,0.4794932614789633,0
2020-21,2021-04-20,Chelsea,Brighton,D,0.7062158476310381,0.577166412025881,1.69,H,0,0.12904943560515703,0.12904943560515703,0.591715976331361,0.11449987129967709,0.1935047824964542,True,-1.0,1.63,1.69,0.5994767641674635,0.577166412025881,0.1511318316385919,0.1935047824964542,0
2020-21,2021-04-21,Aston Villa,Man City,A,0.1775662841350064,0.10043821305540558,9.64,H,0,0.07712807107960083,0.07712807107960083,0.10373443983402489,0.07383184430098153,0.7117389790614619,True,-1.0,8.85,9.64,0.11007909781502075,0.10043821305540558,0.5714616145948066,0.7117389790614619,0
2020-21,2021-04-21,Tottenham,Southampton,H,0.7026589370439149,0.5245256998024526,1.86,H,1,0.17813323724146235,0.17813323724146235,0.5376344086021505,0.1650245284417644,0.3069456229016818,True,0.8600000000000001,1.83,1.86,0.5332170056527982,0.5245256998024526,0.2858658547903643,0.3069456229016818,0
2020-21,2021-04-22,Leicester,West Brom,H,0.7535733081070608,0.5948456460729673,1.64,H,1,0.1587276620340935,0.1587276620340935,0.6097560975609756,0.1438172105460852,0.2358602252955797,True,0.6399999999999999,1.6,1.64,0.609411344551636,0.5948456460729673,0.20571729297129737,0.2358602252955797,0
2020-21,2021-04-23,Arsenal,Everton,A,0.5932403185517816,0.47399133961096984,2.06,H,0,0.11924897894081177,0.11924897894081177,0.4854368932038835,0.10780342534789811,0.22207505621667023,True,-1.0,2.08,2.06,0.47014760960564,0.47399133961096984,0.23393986258770583,0.22207505621667023,0
2020-21,2021-04-24,Liverpool,Newcastle,D,0.1667919166242883,0.13481935842603507,7.14,D,1,0.03197255819825323,0.03197255819825323,0.1400560224089636,0.026735894215324713,0.19089428469741843,True,6.14,6.53,7.14,0.14882934541759313,0.13481935842603507,0.08915121555660255,0.19089428469741843,1
2020-21,2021-04-24,Sheffield United,Brighton,H,0.3303543841483375,0.15092588847463353,6.43,H,1,0.17942849567370397,0.17942849567370397,0.15552099533437014,0.17483338881396737,1.1241786900738102,True,5.43,5.54,6.43,0.17620365823211967,0.15092588847463353,0.8301632881817897,1.1241786900738102,0
2020-21,2021-04-24,West Ham,Chelsea,A,0.372465352976029,0.19078805828362275,5.09,H,0,0.18167729469240626,0.18167729469240626,0.19646365422396858,0.17600169875206043,0.8958486466479876,True,-1.0,4.91,5.09,0.19904890912759024,0.19078805828362275,0.8288048831123025,0.8958486466479876,0
2020-21,2021-04-25,Aston Villa,West Brom,D,0.2720046489320948,0.2740125346159452,3.57,D,1,-0.0020078856838504078,0.0020078856838504078,0.2801120448179272,-0.00810739588583237,-0.028943403312421623,False,2.57,3.8,3.57,0.2572115384615385,0.2740125346159452,0.03361766594196025,-0.028943403312421623,1
2020-21,2021-04-25,Leeds,Man United,D,0.2474261547293609,0.24537975221153033,3.98,D,1,0.002046402517830559,0.002046402517830559,0.25125628140703515,-0.003830126677674267,-0.015243904177143719,False,2.98,4.2,3.98,0.23243509964637185,0.24537975221153033,0.03918984986331586,-0.015243904177143719,1
2020-21,2021-04-25,Wolves,Burnley,A,0.5073632638741497,0.4008773637166685,2.44,H,0,0.10648590015748116,0.10648590015748116,0.4098360655737705,0.09752719830037915,0.23796636385292502,True,-1.0,2.12,2.44,0.46085443918730856,0.4008773637166685,0.07561011941319729,0.23796636385292502,0
2020-21,2021-04-26,Leicester,Crystal Palace,H,0.7252489738110226,0.6767258127185598,1.44,H,1,0.048523161092462797,0.048523161092462797,0.6944444444444444,0.03080452936657818,0.044358522287872404,True,0.43999999999999995,1.48,1.44,0.6583013280952242,0.6767258127185598,0.07336848124031348,0.044358522287872404,0
2020-21,2021-04-30,Southampton,Leicester,D,0.263686267682602,0.25642652822378764,3.81,D,1,0.007259739458814363,0.007259739458814363,0.26246719160104987,0.0012190760815521395,0.004644679870713597,True,2.81,3.92,3.81,0.24919510624597555,0.25642652822378764,0.03365016931579978,0.004644679870713597,1
2020-21,2021-05-01,Brighton,Leeds,H,0.3181485878643625,0.25596086517304845,3.82,A,0,0.06218772269131406,0.06218772269131406,0.2617801047120419,0.056368483152320625,0.2153276056418647,True,-1.0,3.54,3.82,0.27608139759761047,0.25596086517304845,0.1262460010398434,0.2153276056418647,2
2020-21,2021-05-01,Chelsea,Fulham,H,0.7926906412520742,0.6542694245558208,1.49,H,1,0.1384212166962534,0.1384212166962534,0.6711409395973155,0.12154970165475876,0.18110905546559053,True,0.49,1.49,1.49,0.6544532088471267,0.6542694245558208,0.18110905546559053,0.18110905546559053,0
2020-21,2021-05-01,Crystal Palace,Man City,A,0.1304213739268847,0.10270596961621935,9.44,H,0,0.02771540431066534,0.02771540431066534,0.10593220338983052,0.02448917053705417,0.23117776986979144,True,-1.0,10.77,9.44,0.09044103097343419,0.10270596961621935,0.4046381971925481,0.23117776986979144,0
2020-21,2021-05-01,Everton,Aston Villa,A,0.5740071833771135,0.49104859335038353,1.99,H,0,0.08295859002673,0.08295859002673,0.5025125628140703,0.07149462056304323,0.14227429492045585,True,-1.0,2.07,1.99,0.4726096540925854,0.49104859335038353,0.18819486959062504,0.14227429492045585,0
2020-21,2021-05-02,Newcastle,Arsenal,A,0.3009007476552553,0.26088514603117724,3.75,H,0,0.04001560162407808,0.04001560162407808,0.26666666666666666,0.034234080988588655,0.12837780370720742,True,-1.0,3.75,3.75,0.26087861753071,0.26088514603117724,0.12837780370720742,0.12837780370720742,0
2020-21,2021-05-02,Tottenham,Sheffield United,H,0.804904283258214,0.7400353524340431,1.31,H,1,0.06486893082417089,0.06486893082417089,0.7633587786259541,0.04154550463225981,0.05442461106826024,True,0.31000000000000005,1.29,1.31,0.7576867506129864,0.7400353524340431,0.038326525403096,0.05442461106826024,0
2020-21,2021-05-03,Burnley,West Ham,A,0.4066606953330191,0.3170300617322672,3.09,H,0,0.08963063360075185,0.08963063360075185,0.3236245954692557,0.08303609986376337,0.2565815485790288,True,-1.0,3.21,3.09,0.3044638605583424,0.3170300617322672,0.30538083201899124,0.2565815485790288,0
2020-21,2021-05-03,West Brom,Wolves,D,0.4941874932325505,0.31440281254912184,3.11,A,0,0.17978468068342868,0.17978468068342868,0.3215434083601286,0.1726440848724219,0.5369231039532321,True,-1.0,2.65,3.11,0.36932524726904026,0.31440281254912184,0.30959685706625883,0.5369231039532321,2
2020-21,2021-05-07,Leicester,Newcastle,A,0.2102152874587319,0.19554578440880743,4.99,D,0,0.014669503049924454,0.014669503049924454,0.2004008016032064,0.009814485855525495,0.048974284419072145,True,-1.0,4.92,4.99,0.1983408589730127,0.19554578440880743,0.03425921429696088,0.048974284419072145,1
2020-21,2021-05-08,Leeds,Tottenham,H,0.3148117249417037,0.23664172103069842,4.13,H,1,0.07817000391100526,0.07817000391100526,0.24213075060532688,0.0726809743363768,0.30017242400923605,True,3.13,3.56,4.13,0.2746516429870503,0.23664172103069842,0.12072974079246501,0.30017242400923605,0
2020-21,2021-05-08,Liverpool,Southampton,H,0.7924653008562841,0.7343708783962014,1.33,H,1,0.05809442246008267,0.05809442246008267,0.7518796992481203,0.040585601608163824,0.05397885013885784,True,0.33000000000000007,1.29,1.33,0.7505704591278701,0.7343708783962014,0.022280238104606553,0.05397885013885784,0
2020-21,2021-05-08,Man City,Chelsea,A,0.7269368529525355,0.4700120389624603,2.08,H,0,0.2569248139900752,0.2569248139900752,0.4807692307692307,0.2461676221833048,0.512028654141274,True,-1.0,1.94,2.08,0.5026638045853646,0.4700120389624603,0.41025749472791895,0.512028654141274,0
2020-21,2021-05-08,Sheffield United,Crystal Palace,A,0.3472412977702468,0.319026080261765,3.05,H,0,0.028215217508481827,0.028215217508481827,0.3278688524590164,0.01937244531123039,0.059085958199252664,True,-1.0,3.02,3.05,0.32223611825094184,0.319026080261765,0.048668719266145466,0.059085958199252664,0
2020-21,2021-05-09,Arsenal,West Brom,H,0.1477855295678283,0.1378456577754106,7.07,A,0,0.009939871792417704,0.009939871792417704,0.14144271570014144,0.0063428138676868695,0.044843694044546245,True,-1.0,7.6,7.07,0.12841768740357987,0.1378456577754106,0.12317002471549521,0.044843694044546245,2
2020-21,2021-05-09,Aston Villa,Man United,A,0.2433446327748556,0.22307683041414703,4.38,H,0,0.020267802360708576,0.020267802360708576,0.22831050228310504,0.015034130491750564,0.06584949155386743,True,-1.0,4.45,4.38,0.21938219074975807,0.22307683041414703,0.08288361584810744,0.06584949155386743,0
2020-21,2021-05-09,West Ham,Everton,A,0.6056960155389601,0.45428376960381156,2.15,H,0,0.15141224593514857,0.15141224593514857,0.46511627906976744,0.1405797364691927,0.3022464334087642,True,-1.0,2.28,2.15,0.42915329953684955,0.45428376960381156,0.380986915428829,0.3022464334087642,0
2020-21,2021-05-09,Wolves,Brighton,H,0.4839179875554476,0.23115501775526343,4.23,H,1,0.2527629698001842,0.2527629698001842,0.23640661938534277,0.24751136817010486,1.0469730873595435,True,3.2300000000000004,3.41,4.23,0.28671765199773663,0.23115501775526343,0.6501603375640765,1.0469730873595435,0
2020-21,2021-05-10,Fulham,Burnley,A,0.3349499155540048,0.2854426015315936,3.43,A,1,0.04950731402241115,0.04950731402241115,0.29154518950437314,0.04340472604963164,0.1488782103502364,True,2.43,3.44,3.43,0.28442691388592983,0.2854426015315936,0.15222770950577647,0.1488782103502364,2
2020-21,2021-05-11,Man United,Leicester,A,0.6800866389428053,0.24799745515213248,3.94,H,0,0.43208918379067285,0.43208918379067285,0.25380710659898476,0.42627953234382054,1.679541357434653,True,-1.0,2.59,3.94,0.3781724542734881,0.24799745515213248,0.7614243948618655,1.679541357434653,0
2020-21,2021-05-11,Southampton,Crystal Palace,H,0.3147999158756944,0.22817823719798278,4.28,A,0,0.08662167867771162,0.08662167867771162,0.2336448598130841,0.08115505606261028,0.3473436399479721,True,-1.0,3.63,4.28,0.2691862720768395,0.22817823719798278,0.14272369462877066,0.3473436399479721,2
2020-21,2021-05-12,Chelsea,Arsenal,A,0.244559766017589,0.2209973890852626,4.42,A,1,0.023562376932326407,0.023562376932326407,0.22624434389140272,0.01831542212618628,0.08095416579774328,True,3.42,5.17,4.42,0.18915176992013283,0.2209973890852626,0.264373990310935,0.08095416579774328,2
2020-21,2021-05-13,Aston Villa,Everton,D,0.5144558755783677,0.31411850768105337,3.12,H,0,0.20033736789731432,0.20033736789731432,0.3205128205128205,0.1939430550655472,0.6051023318045072,True,-1.0,2.82,3.12,0.3469752236230722,0.31411850768105337,0.45076556913099686,0.6051023318045072,0
2020-21,2021-05-13,Man United,Liverpool,A,0.6726585663561634,0.3436645396536007,2.85,H,0,0.32899402670256267,0.32899402670256267,0.3508771929824561,0.32178137337370727,0.9170769141150656,True,-1.0,3.12,2.85,0.3064490820649615,0.3436645396536007,1.09869472703123,0.9170769141150656,0
2020-21,2021-05-14,Newcastle,Man City,A,0.1517257144268683,0.11914090886615734,8.12,H,0,0.03258480556071096,0.03258480556071096,0.12315270935960593,0.028573005067262375,0.2320128011461704,True,-1.0,11.02,8.12,0.0873673978573108,0.11914090886615734,0.6720173729840886,0.2320128011461704,0
2020-21,2021-05-15,Brighton,West Ham,D,0.3611124544796182,0.2785662215742404,3.51,H,0,0.08254623290537783,0.08254623290537783,0.2849002849002849,0.0762121695793333,0.26750471522345975,True,-1.0,3.01,3.51,0.3228614386325868,0.2785662215742404,0.08694848798365062,0.26750471522345975,0
2020-21,2021-05-15,Burnley,Leeds,A,0.4667252712402173,0.27300558873486386,3.58,H,0,0.19371968250535343,0.19371968250535343,0.27932960893854747,0.18739566230166982,0.6708764710399779,True,-1.0,3.2,3.58,0.3034723949721243,0.27300558873486386,0.4935208679686953,0.6708764710399779,0
2020-21,2021-05-15,Southampton,Fulham,H,0.498341854283971,0.5224879312594358,1.87,H,1,-0.024146076975464836,0.024146076975464836,0.53475935828877,-0.036417504004798984,-0.06810073248897419,False,0.8700000000000001,2.02,1.87,0.47756670493042525,0.5224879312594358,0.0066505456536214425,-0.06810073248897419,0
2020-21,2021-05-16,Crystal Palace,Aston Villa,H,0.3227142448876249,0.3058796848366023,3.2,H,1,0.01683456005102263,0.01683456005102263,0.3125,0.010214244887624901,0.03268558364039964,True,2.2,3.14,3.2,0.3095454613217251,0.3058796848366023,0.01332272894714226,0.03268558364039964,0
2020-21,2021-05-16,Everton,Sheffield United,A,0.7791256379394801,0.7146791717099971,1.35,H,0,0.06444646622948302,0.06444646622948302,0.7407407407407407,0.03838489719873939,0.051819611218298256,True,-1.0,1.4,1.35,0.6911714577888877,0.7146791717099971,0.09077589311527201,0.051819611218298256,0
2020-21,2021-05-16,Tottenham,Wolves,H,0.1875119558420607,0.1639559351966822,5.95,A,0,0.02355602064537851,0.02355602064537851,0.1680672268907563,0.01944472895130442,0.11569613726026118,True,-1.0,6.38,5.95,0.152046783625731,0.1639559351966822,0.1963262782723474,0.11569613726026118,2
2020-21,2021-05-16,West Brom,Liverpool,A,0.0937099031968733,0.08116411069401433,11.9,H,0,0.012545792502858977,0.012545792502858977,0.08403361344537814,0.009676289751495162,0.11514784804279232,True,-1.0,11.65,11.9,0.08255286222925722,0.08116411069401433,0.09172037224357399,0.11514784804279232,0
2020-21,2021-05-18,Brighton,Man City,H,0.2264831958987295,0.13158718623524032,7.37,H,1,0.09489600966348918,0.09489600966348918,0.13568521031207598,0.09079798558665353,0.6691811537736365,True,6.37,6.89,7.37,0.13995541962573219,0.13158718623524032,0.5604692197422463,0.6691811537736365,0
2020-21,2021-05-18,Chelsea,Leicester,H,0.2376956202969367,0.1788341334167109,5.45,A,0,0.0588614868802258,0.0588614868802258,0.18348623853211007,0.05420938176482662,0.2954411306183051,True,-1.0,5.36,5.45,0.18136921550484386,0.1788341334167109,0.2740485247915807,0.2954411306183051,2
2020-21,2021-05-18,Man United,Fulham,D,0.8093781473466113,0.7468037072932928,1.3,H,0,0.06257444005331847,0.06257444005331847,0.7692307692307692,0.040147378115842125,0.05219159155059461,True,-1.0,1.32,1.3,0.7302276950414163,0.7468037072932928,0.06837915449752696,0.05219159155059461,0
2020-21,2021-05-18,Southampton,Leeds,A,0.4055869104874254,0.3881922559887167,2.52,A,1,0.017394654498708695,0.017394654498708695,0.3968253968253968,0.008761513662028597,0.02207901442831206,True,1.52,2.61,2.52,0.37264298831011783,0.3881922559887167,0.058581836372180174,0.02207901442831206,2
2020-21,2021-05-19,Burnley,Liverpool,A,0.1880982914925719,0.09766338482332272,9.95,H,0,0.09043490666924918,0.09043490666924918,0.10050251256281408,0.08759577892975783,0.8715780003510902,True,-1.0,11.1,9.95,0.08704131029120371,0.09766338482332272,1.087891035567548,0.8715780003510902,0
2020-21,2021-05-19,Crystal Palace,Arsenal,A,0.3548418000407395,0.163568289828475,5.96,H,0,0.19127351021226452,0.19127351021226452,0.16778523489932887,0.18705656514141064,1.1148571282428072,True,-1.0,6.16,5.96,0.15757632019272788,0.163568289828475,1.1858254882509556,1.1148571282428072,0
2020-21,2021-05-19,Everton,Wolves,H,0.2436511640209001,0.19948170096320259,4.89,A,0,0.044169463057697506,0.044169463057697506,0.20449897750511248,0.03915218651578761,0.19145419206220127,True,-1.0,4.3,4.89,0.22565029368101724,0.19948170096320259,0.047700005289870395,0.19145419206220127,2
2020-21,2021-05-19,Newcastle,Sheffield United,H,0.2384721866709736,0.21170523751522535,4.59,A,0,0.02676694915574826,0.02676694915574826,0.2178649237472767,0.020607262923696912,0.09458733681976894,True,-1.0,4.82,4.59,0.20000945042807486,0.21170523751522535,0.14943593975409297,0.09458733681976894,2
2020-21,2021-05-19,Tottenham,Aston Villa,A,0.704564143714167,0.5959170766876208,1.64,H,0,0.10864706702654614,0.10864706702654614,0.6097560975609756,0.09480804615319138,0.15548519569123376,True,-1.0,1.54,1.64,0.6317174112435963,0.5959170766876208,0.08502878131981717,0.15548519569123376,0
2020-21,2021-05-19,West Brom,West Ham,A,0.4011053406439741,0.19755700281296637,4.91,H,0,0.2035483378310077,0.2035483378310077,0.20366598778004072,0.19743935286393335,0.9694272225619127,True,-1.0,5.35,4.91,0.18085488830897434,0.19755700281296637,1.1459135724452612,0.9694272225619127,0
2020-21,2021-05-23,Arsenal,Brighton,H,0.2421161275317913,0.23201135058442,4.21,D,0,0.010104776947371302,0.010104776947371302,0.23752969121140144,0.004586436320389853,0.0193088969088413,True,-1.0,4.46,4.21,0.2187512565845028,0.23201135058442,0.07983792879178919,0.0193088969088413,1
2020-21,2021-05-23,Aston Villa,Chelsea,H,0.2648051184258601,0.14017790731211197,6.95,H,1,0.12462721111374811,0.12462721111374811,0.14388489208633093,0.12092022633952915,0.8403955730597277,True,5.95,6.75,6.95,0.1443400920384092,0.14017790731211197,0.7874345493745556,0.8403955730597277,0
2020-21,2021-05-23,Fulham,Newcastle,A,0.3590652529639229,0.3345808354707287,2.91,A,1,0.024484417493194188,0.024484417493194188,0.3436426116838488,0.01542264128007409,0.0448798861250157,True,1.9100000000000001,3.41,2.91,0.28531441263917223,0.3345808354707287,0.22441251260697714,0.0448798861250157,2
2020-21,2021-05-23,Leeds,West Brom,H,0.2392198535791159,0.20125910392775195,4.81,D,0,0.03796074965136395,0.03796074965136395,0.2079002079002079,0.03131964567890799,0.15064749571554747,True,-1.0,5.24,4.81,0.18467164940623865,0.20125910392775195,0.25351203275456746,0.15064749571554747,1
2020-21,2021-05-23,Leicester,Tottenham,A,0.2496028758513964,0.22439805514309835,4.36,D,0,0.025204820708298048,0.025204820708298048,0.2293577981651376,0.0202450776862588,0.08826853871208828,True,-1.0,4.19,4.36,0.2333871060472321,0.22439805514309835,0.04583604981735112,0.08826853871208828,1
2020-21,2021-05-23,Liverpool,Crystal Palace,H,0.0698571386175902,0.06491987550580672,15.0,A,0,0.0049372631117834825,0.0049372631117834825,0.06666666666666667,0.0031904719509235346,0.047857079263853075,True,-1.0,18.32,15.0,0.05293353879221124,0.06491987550580672,0.27978277947425245,0.047857079263853075,2
2020-21,2021-05-23,Man City,Everton,H,0.8727792593906964,0.7532316886443148,1.28,H,1,0.11954757074638167,0.11954757074638167,0.78125,0.09152925939069645,0.11715745202009153,True,0.28,1.43,1.28,0.67638092266466,0.7532316886443148,0.24807434092869585,0.11715745202009153,0
2020-21,2021-05-23,Sheffield United,Burnley,H,0.4340075811337247,0.37691909608418145,2.58,A,0,0.057088485049543225,0.057088485049543225,0.38759689922480617,0.046410681908918505,0.11973955932500968,True,-1.0,2.43,2.58,0.40057321774437327,0.37691909608418145,0.05463842215495096,0.11973955932500968,2
2020-21,2021-05-23,West Ham,Southampton,H,0.5844802218395788,0.5461028710158418,1.79,H,1,0.038377350823737055,0.038377350823737055,0.5586592178770949,0.02582100396248388,0.046219597092846065,True,0.79,1.74,1.79,0.5611626053768402,0.5461028710158418,0.016995586000867036,0.046219597092846065,0
2020-21,2021-05-23,Wolves,Man United,A,0.493758844048394,0.29843674553355864,3.28,A,1,0.19532209851483534,0.19532209851483534,0.3048780487804878,0.1888807952679062,0.6195290084787322,True,2.28,2.7,3.28,0.3627450980392156,0.29843674553355864,0.3331488789306638,0.6195290084787322,2
2021-22,2021-08-13,Brentford,Arsenal,H,0.2790291873343766,0.24795754632882713,3.94,H,1,0.03107164100554946,0.03107164100554946,0.25380710659898476,0.02522208073539184,0.09937499809744366,True,2.94,4.05,3.94,0.24118877195368685,0.24795754632882713,0.13006820870422509,0.09937499809744366,0
2021-22,2021-08-14,Burnley,Brighton,A,0.4063257446543319,0.2990260614867454,3.27,H,0,0.10729968316758653,0.10729968316758653,0.3058103975535168,0.10051534710081511,0.32868518501966526,True,-1.0,3.3,3.27,0.29652179839607423,0.2990260614867454,0.3408749573592953,0.32868518501966526,0
2021-22,2021-08-14,Chelsea,Crystal Palace,H,0.1751820271967661,0.08892056626032248,11.0,A,0,0.08626146093644362,0.08626146093644362,0.09090909090909091,0.08427293628767518,0.9270022991644271,True,-1.0,12.74,11.0,0.07602956705385427,0.08892056626032248,1.2318190264868,0.9270022991644271,2
2021-22,2021-08-14,Everton,Southampton,H,0.250903999554992,0.24009165747263003,4.07,A,0,0.010812342082361953,0.010812342082361953,0.24570024570024568,0.005203753854746307,0.021179278188817374,True,-1.0,4.1,4.07,0.23857884944953087,0.24009165747263003,0.02870639817546694,0.021179278188817374,2
2021-22,2021-08-14,Leicester,Wolves,H,0.2227107083002636,0.18689756575722918,5.22,A,0,0.035813142543034415,0.035813142543034415,0.19157088122605365,0.031139827074209953,0.16254989732737601,True,-1.0,5.47,5.22,0.17840826533083362,0.18689756575722918,0.21822757440244178,0.16254989732737601,2
2021-22,2021-08-14,Man United,Leeds,H,0.2446593350727929,0.18118412895226285,5.4,A,0,0.06347520612053004,0.06347520612053004,0.18518518518518517,0.059474149887607713,0.32116040939308177,True,-1.0,5.96,5.4,0.16327409307438623,0.18118412895226285,0.4581696370338455,0.32116040939308177,2
2021-22,2021-08-14,Norwich,Liverpool,A,0.768832858593052,0.6607335490830637,1.48,A,1,0.10809930950998825,0.10809930950998825,0.6756756756756757,0.09315718291737629,0.13787263071771694,True,0.48,1.36,1.48,0.7168684053996243,0.6607335490830637,0.0456126876865508,0.13787263071771694,2
2021-22,2021-08-14,Watford,Aston Villa,H,0.5219703249466612,0.4424299192874036,2.21,A,0,0.07954040565925757,0.07954040565925757,0.45248868778280543,0.06948163716385575,0.15355441813212112,True,-1.0,2.47,2.21,0.3963609114290126,0.4424299192874036,0.28926670261825316,0.15355441813212112,2
2021-22,2021-08-15,Newcastle,West Ham,A,0.3162434707761377,0.2824652296481381,3.46,H,0,0.0337782411279996,0.0337782411279996,0.28901734104046245,0.02722612973567523,0.0942024088854363,True,-1.0,3.21,3.46,0.30508536661306446,0.2824652296481381,0.015141541191401986,0.0942024088854363,0
2021-22,2021-08-15,Tottenham,Man City,H,0.2526648406088871,0.16359167708664565,5.97,H,1,0.08907316352224146,0.08907316352224146,0.16750418760469013,0.08516065300419698,0.508409098435056,True,4.97,5.56,5.97,0.17578540195954798,0.16359167708664565,0.4048165137854123,0.508409098435056,0
2021-22,2021-08-21,Aston Villa,Newcastle,H,0.3619611347915697,0.22252843707181277,4.39,A,0,0.13943269771975694,0.13943269771975694,0.22779043280182235,0.13417070198974737,0.5890093817349908,True,-1.0,4.4,4.39,0.22187075543076965,0.22252843707181277,0.592628993082907,0.5890093817349908,2
2021-22,2021-08-21,Brighton,Watford,H,0.3267247748135137,0.17471728371167083,5.6,A,0,0.15200749110184286,0.15200749110184286,0.17857142857142858,0.14815334624208512,0.8296587389556767,True,-1.0,5.8,5.6,0.16812123672281987,0.17471728371167083,0.8950036939183794,0.8296587389556767,2
2021-22,2021-08-21,Crystal Palace,Brentford,D,0.4024838433114533,0.329344536782439,2.97,A,0,0.07313930652901429,0.07313930652901429,0.33670033670033667,0.06578350661111665,0.19537701463501644,True,-1.0,2.95,2.97,0.33193943212846805,0.329344536782439,0.1873273377687874,0.19537701463501644,2
2021-22,2021-08-21,Leeds,Everton,D,0.407775252541995,0.2677658464096803,3.65,A,0,0.14000940613231466,0.14000940613231466,0.273972602739726,0.13380264980226897,0.48837967177828157,True,-1.0,3.14,3.65,0.31168237667611626,0.2677658464096803,0.28041429298186427,0.48837967177828157,2
2021-22,2021-08-21,Liverpool,Burnley,H,0.0994378566578216,0.07246376811594203,13.5,A,0,0.026974088541879562,0.026974088541879562,0.07407407407407407,0.025363782583747524,0.3424110648805916,True,-1.0,15.68,13.5,0.06170898330471633,0.07246376811594203,0.5591855923946425,0.3424110648805916,2
2021-22,2021-08-21,Man City,Norwich,H,0.0568025441404275,0.03758148197419183,26.0,A,0,0.019221062166235668,0.019221062166235668,0.038461538461538464,0.018341005678889036,0.4768661476511149,True,-1.0,26.2,26.0,0.037138413021580434,0.03758148197419183,0.4882266564792004,0.4768661476511149,2
2021-22,2021-08-22,Arsenal,Chelsea,A,0.3186054064833409,0.21759702050304341,4.5,H,0,0.10100838598029749,0.10100838598029749,0.2222222222222222,0.09638318426111869,0.4337243291750341,True,-1.0,4.9,4.5,0.1993301098747736,0.21759702050304341,0.5611664917683705,0.4337243291750341,0
2021-22,2021-08-22,Southampton,Man United,D,0.6121222013356942,0.6081785812762998,1.61,A,0,0.003943620059394415,0.003943620059394415,0.6211180124223602,-0.008995811086666028,-0.014483255849532362,False,-1.0,1.64,1.61,0.5951839749964484,0.6081785812762998,0.003880410190538308,-0.014483255849532362,2
2021-22,2021-08-22,Wolves,Tottenham,A,0.5126768766837955,0.35104035491063695,2.79,A,1,0.16163652177315851,0.16163652177315851,0.35842293906810035,0.1542539376156951,0.4303684859477894,True,1.79,2.52,2.79,0.38829151732377537,0.35104035491063695,0.29194572924316464,0.4303684859477894,2
2021-22,2021-08-23,West Ham,Leicester,H,0.4002744009259218,0.3884645772978667,2.52,H,1,0.011809823628055105,0.011809823628055105,0.3968253968253968,0.0034490041005250105,0.00869149033332306,True,1.52,2.61,2.52,0.37465508431272354,0.3884645772978667,0.04471618641665587,0.00869149033332306,0
2021-22,2021-08-28,Aston Villa,Brentford,D,0.398614510896681,0.24036627241510872,4.07,A,0,0.15824823848157227,0.15824823848157227,0.24570024570024568,0.1529142651964353,0.6223610593494917,True,-1.0,3.95,4.07,0.24730439357708742,0.24036627241510872,0.57452731804189,0.6223610593494917,2
2021-22,2021-08-28,Brighton,Everton,A,0.3538230488734922,0.28299029240975787,3.46,A,1,0.07083275646373433,0.07083275646373433,0.28901734104046245,0.06480570783302975,0.22422774910228305,True,2.46,3.37,3.46,0.2901698825893605,0.28299029240975787,0.19238367470366868,0.22422774910228305,2
2021-22,2021-08-28,Liverpool,Chelsea,D,0.5323277376924758,0.39615626565613565,2.47,H,0,0.1361714720363401,0.1361714720363401,0.4048582995951417,0.12746943809733408,0.31484951210041534,True,-1.0,2.52,2.47,0.38857142857142857,0.39615626565613565,0.341465898985039,0.31484951210041534,0
2021-22,2021-08-28,Man City,Arsenal,H,0.1556587655706351,0.09311143880345482,10.5,A,0,0.06254732676718028,0.06254732676718028,0.09523809523809523,0.060420670332539866,0.6344170384916685,True,-1.0,12.59,10.5,0.0769417763663272,0.09311143880345482,0.9597438585342959,0.6344170384916685,2
2021-22,2021-08-28,Newcastle,Southampton,D,0.3719912681332229,0.33824826669769775,2.89,A,0,0.033743001435525166,0.033743001435525166,0.3460207612456747,0.025970506887548206,0.07505476490501417,True,-1.0,2.9,2.89,0.33771022235599535,0.33824826669769775,0.07877467758634649,0.07505476490501417,2
2021-22,2021-08-28,Norwich,Leicester,A,0.6795852858709855,0.5116327700979351,1.91,A,1,0.16795251577305048,0.16795251577305048,0.5235602094240838,0.15602507644690178,0.29800789601358235,True,0.9099999999999999,1.93,1.91,0.5058258292816249,0.5116327700979351,0.3115996017310021,0.29800789601358235,2
2021-22,2021-08-28,West Ham,Crystal Palace,D,0.1662836810290113,0.14333363382313172,6.8,A,0,0.022950047205879592,0.022950047205879592,0.14705882352941177,0.01922485749959954,0.13072903099727684,True,-1.0,6.64,6.8,0.14689572045026866,0.14333363382313172,0.10412364203263502,0.13072903099727684,2
2021-22,2021-08-29,Burnley,Leeds,D,0.4269776250093386,0.4365136817721152,2.24,A,0,-0.009536056762776579,0.009536056762776579,0.4464285714285714,-0.019450946419232784,-0.043570119979081445,False,-1.0,2.35,2.24,0.4162406570083972,0.4365136817721152,0.0033974187719458815,-0.043570119979081445,2
2021-22,2021-08-29,Tottenham,Watford,H,0.189484202222573,0.11453789705957818,8.5,A,0,0.07494630516299483,0.07494630516299483,0.11764705882352941,0.0718371433990436,0.6106157188918706,True,-1.0,9.04,8.5,0.10776173710104282,0.11453789705957818,0.7129371880920599,0.6106157188918706,2
2021-22,2021-08-29,Wolves,Man United,A,0.5855427848719175,0.5452159007237921,1.79,A,1,0.04032688414812535,0.04032688414812535,0.5586592178770949,0.026883566994822528,0.048121584920732374,True,0.79,1.83,1.79,0.5326519224467019,0.5452159007237921,0.07154329631560907,0.048121584920732374,2
2021-22,2021-09-11,Arsenal,Norwich,H,0.2242440709949441,0.1987581112388487,4.91,D,0,0.025485959756095383,0.025485959756095383,0.20366598778004072,0.02057808321490337,0.10103838858517555,True,-1.0,4.57,4.91,0.2132193876347763,0.1987581112388487,0.024795404446894542,0.10103838858517555,1
2021-22,2021-09-11,Brentford,Brighton,A,0.4078154948472998,0.3115624278790676,3.14,H,0,0.09625306696823216,0.09625306696823216,0.3184713375796178,0.08934415726768197,0.2805406538205213,True,-1.0,2.93,3.14,0.33381166540351087,0.3115624278790676,0.19489939990258853,0.2805406538205213,0
2021-22,2021-09-11,Chelsea,Aston Villa,H,0.1455867546050984,0.09459014194381896,10.33,A,0,0.050996612661279445,0.050996612661279445,0.0968054211035818,0.0487813335015166,0.5039111750706664,True,-1.0,12.17,10.33,0.08000775902679635,0.09459014194381896,0.7717908035440475,0.5039111750706664,2
2021-22,2021-09-11,Crystal Palace,Tottenham,H,0.5826540055238494,0.45895135712266966,2.13,A,0,0.12370264840117973,0.12370264840117973,0.4694835680751174,0.11317043744873201,0.24105303176579906,True,-1.0,1.96,2.13,0.4979384321695485,0.45895135712266966,0.14200185082674488,0.24105303176579906,2
2021-22,2021-09-11,Leicester,Man City,A,0.2271082573138156,0.17360274823481692,5.62,H,0,0.053505509078998675,0.053505509078998675,0.17793594306049823,0.04917231425331736,0.27634840610364364,True,-1.0,5.87,5.62,0.16600549430601108,0.17360274823481692,0.3331254704320976,0.27634840610364364,0
2021-22,2021-09-11,Man United,Newcastle,H,0.105276819306778,0.06154312148915078,15.76,A,0,0.04373369781762722,0.04373369781762722,0.06345177664974619,0.04182504265703181,0.6591626722748212,True,-1.0,16.42,15.76,0.058926557298878496,0.06154312148915078,0.728645373017295,0.6591626722748212,2
2021-22,2021-09-11,Southampton,West Ham,D,0.5360903993857498,0.414658307951622,2.36,A,0,0.12143209143412775,0.12143209143412775,0.42372881355932207,0.11236158582642769,0.2651733425503693,True,-1.0,2.54,2.36,0.3850924170437121,0.414658307951622,0.3616696144398044,0.2651733425503693,2
2021-22,2021-09-11,Watford,Wolves,A,0.3747148556013012,0.26645696123726204,3.67,H,0,0.10825789436403915,0.10825789436403915,0.2724795640326976,0.10223529156860361,0.3752035200567754,True,-1.0,3.47,3.67,0.2818506182821622,0.26645696123726204,0.3002605489365151,0.3752035200567754,0
2021-22,2021-09-12,Leeds,Liverpool,A,0.6067631132168515,0.588269623577473,1.66,A,1,0.01849348963937847,0.01849348963937847,0.6024096385542169,0.004353474662634582,0.007226767939973344,True,0.6599999999999999,1.78,1.66,0.549152996863815,0.588269623577473,0.08003834152599576,0.007226767939973344,2
2021-22,2021-09-13,Everton,Burnley,H,0.2037740286315628,0.17496073866990408,5.58,A,0,0.028813289961658717,0.028813289961658717,0.17921146953405018,0.02456255909751262,0.13705907976412046,True,-1.0,5.35,5.58,0.182762583062059,0.17496073866990408,0.090191053178861,0.13705907976412046,2
2021-22,2021-09-17,Newcastle,Leeds,D,0.4417757931779617,0.4381332746992903,2.23,A,0,0.003642518478671364,0.003642518478671364,0.4484304932735426,-0.0066547000955809454,-0.014839981213145448,False,-1.0,2.36,2.23,0.41436403064699623,0.4381332746992903,0.042590871899989446,-0.014839981213145448,2
2021-22,2021-09-18,Aston Villa,Everton,H,0.5110155898837189,0.26815221410085033,3.65,A,0,0.24286337578286854,0.24286337578286854,0.273972602739726,0.23704298714399286,0.8652069030755738,True,-1.0,3.15,3.65,0.310814746227197,0.26815221410085033,0.6096991081337144,0.8652069030755738,2
2021-22,2021-09-18,Burnley,Arsenal,A,0.2629104157586571,0.24817117534228453,3.94,H,0,0.014739240416372562,0.014739240416372562,0.25380710659898476,0.009103309159672335,0.03586703808910885,True,-1.0,3.87,3.94,0.25235482443046703,0.24817117534228453,0.017463308986003012,0.03586703808910885,0
2021-22,2021-09-18,Liverpool,Crystal Palace,H,0.1048371133425665,0.08434241246796242,11.57,A,0,0.020494700874604074,0.020494700874604074,0.08643042350907519,0.018406689833491308,0.2129654013734945,True,-1.0,15.6,11.57,0.06227570003878578,0.08434241246796242,0.6354589681440372,0.2129654013734945,2
2021-22,2021-09-18,Man City,Southampton,D,0.0952313914933085,0.058028553770978264,16.74,A,0,0.03720283772233024,0.03720283772233024,0.059737156511350066,0.03549423498195844,0.5941734935979841,True,-1.0,19.72,16.74,0.04919935019726154,0.058028553770978264,0.8779630402480436,0.5941734935979841,2
2021-22,2021-09-18,Norwich,Watford,A,0.5150806048764587,0.29589974585664225,3.31,A,1,0.21918085901981643,0.21918085901981643,0.3021148036253776,0.21296580125108105,0.7049168021410783,True,2.31,3.53,3.31,0.2768815365506813,0.29589974585664225,0.8182345352138991,0.7049168021410783,2
2021-22,2021-09-18,Wolves,Brentford,A,0.3688560494619245,0.1813897680242062,5.38,A,1,0.18746628143771832,0.18746628143771832,0.1858736059479554,0.1829824435139691,0.9844455461051538,True,4.38,4.98,5.38,0.19648674663112686,0.1813897680242062,0.8369031263203843,0.9844455461051538,2
2021-22,2021-09-19,Brighton,Leicester,H,0.4094626803941831,0.31353135313531344,3.12,A,0,0.09593132725886966,0.09593132725886966,0.3205128205128205,0.08894985988136261,0.27752356282985136,True,-1.0,2.77,3.12,0.35321881324623355,0.31353135313531344,0.1342116246918872,0.27752356282985136,2
2021-22,2021-09-19,Tottenham,Chelsea,A,0.3180145187789188,0.23287671232876714,4.2,H,0,0.08513780645015165,0.08513780645015165,0.23809523809523808,0.0799192806836807,0.33566097887145907,True,-1.0,4.98,4.2,0.19604479870850566,0.23287671232876714,0.5837123035190157,0.33566097887145907,0
2021-22,2021-09-19,West Ham,Man United,A,0.2819757207449894,0.2263659030650457,4.31,H,0,0.05560981767994369,0.05560981767994369,0.2320185614849188,0.04995715926007058,0.21531535641090405,True,-1.0,4.69,4.31,0.20860607171036882,0.2263659030650457,0.3224661302940004,0.21531535641090405,0
2021-22,2021-09-25,Brentford,Liverpool,D,0.6726627266443792,0.680911018493134,1.43,A,0,-0.008248291848754752,0.008248291848754752,0.6993006993006994,-0.026637972656320175,-0.03809230089853777,False,-1.0,1.49,1.43,0.6537764608070946,0.680911018493134,0.0022674627001249004,-0.03809230089853777,2
2021-22,2021-09-25,Chelsea,Man City,A,0.4130141055505544,0.35985994440775837,2.72,A,1,0.05315416114279603,0.05315416114279603,0.3676470588235294,0.04536704672702502,0.12339836709750807,True,1.7200000000000002,2.83,2.72,0.3459701858030549,0.35985994440775837,0.16882991870806907,0.12339836709750807,2
2021-22,2021-09-25,Everton,Norwich,H,0.7759598313224789,0.5739773670550903,1.7,H,1,0.20198246426738864,0.20198246426738864,0.5882352941176471,0.18772453720483184,0.3191317132482141,True,0.7,1.65,1.7,0.5906915823863425,0.5739773670550903,0.28033372168209025,0.3191317132482141,0
2021-22,2021-09-25,Leeds,West Ham,A,0.3360424762263029,0.3179704453859667,3.08,H,0,0.018072030840336206,0.018072030840336206,0.3246753246753247,0.011367151550978227,0.03501082677701306,True,-1.0,3.17,3.08,0.30862132159485556,0.3179704453859667,0.06525464963738026,0.03501082677701306,0
2021-22,2021-09-25,Leicester,Burnley,D,0.1827513422956763,0.18069791827544446,5.39,A,0,0.002053424020231842,0.002053424020231842,0.1855287569573284,-0.0027774146616521,-0.01497026502630483,False,-1.0,6.37,5.39,0.15293543011921207,0.18069791827544446,0.16412605042345807,-0.01497026502630483,2
2021-22,2021-09-25,Man United,Aston Villa,A,0.1980775390738754,0.19109282957546211,5.1,D,0,0.0069847094984132885,0.0069847094984132885,0.19607843137254904,0.001999107701326358,0.010195449276764412,True,-1.0,5.12,5.1,0.1900789446193795,0.19109282957546211,0.014157000058242053,0.010195449276764412,1
2021-22,2021-09-25,Watford,Newcastle,D,0.4612385050971275,0.4531626234446766,2.16,H,0,0.008075881652450878,0.008075881652450878,0.4629629629629629,-0.001724457865835416,-0.003724828990204543,False,-1.0,2.26,2.16,0.4325043369243553,0.4531626234446766,0.04239902151950803,-0.003724828990204543,0
2021-22,2021-09-26,Arsenal,Tottenham,H,0.4772051153516127,0.4349417456377176,2.25,H,1,0.042263369713895105,0.042263369713895105,0.4444444444444444,0.03276067090716828,0.07371150954112848,True,1.25,2.29,2.25,0.42719852553975773,0.4349417456377176,0.09279971415519306,0.07371150954112848,0
2021-22,2021-09-26,Southampton,Wolves,A,0.4443041666475726,0.45507540235711563,2.15,H,0,-0.010771235709543026,0.010771235709543026,0.46511627906976744,-0.02081211242219483,-0.0447460417077189,False,-1.0,2.7,2.15,0.36232617522227717,0.45507540235711563,0.1996212499484462,-0.0447460417077189,0
2021-22,2021-09-27,Crystal Palace,Brighton,D,0.4184940156598518,0.3308008181971978,2.96,H,0,0.08769319746265397,0.08769319746265397,0.33783783783783783,0.08065617782201395,0.2387422863531612,True,-1.0,3.14,2.96,0.31203627057117034,0.3308008181971978,0.31407120917193465,0.2387422863531612,0
2021-22,2021-10-02,Brighton,Arsenal,D,0.4149408153161136,0.2956795263206587,3.31,H,0,0.1192612889954549,0.1192612889954549,0.3021148036253776,0.11282601169073597,0.37345409869633595,True,-1.0,3.16,3.31,0.30944476593671,0.2956795263206587,0.3112129763989191,0.37345409869633595,0
2021-22,2021-10-02,Burnley,Norwich,D,0.6454169698523502,0.4912104070899625,1.99,H,0,0.1542065627623877,0.1542065627623877,0.5025125628140703,0.1429044070382799,0.284379770006177,True,-1.0,1.9,1.99,0.5141997805717744,0.4912104070899625,0.22629224271946535,0.284379770006177,0
2021-22,2021-10-02,Chelsea,Southampton,H,0.1082014150792625,0.1251635848702879,7.79,A,0,-0.016962169791025397,0.016962169791025397,0.12836970474967907,-0.020168289670416575,-0.15711097653254513,False,-1.0,9.22,7.79,0.10566898582984124,0.1251635848702879,-0.0023829529691997697,-0.15711097653254513,2
2021-22,2021-10-02,Leeds,Watford,H,0.2183576524776072,0.20602091500226827,4.74,A,0,0.012336737475338921,0.012336737475338921,0.21097046413502107,0.007387188342586115,0.03501527274385818,True,-1.0,4.8,4.74,0.20371783311368524,0.20602091500226827,0.04811673189251442,0.03501527274385818,2
2021-22,2021-10-02,Man United,Everton,D,0.1645450802819857,0.14861359541143312,6.57,A,0,0.01593148487055257,0.01593148487055257,0.15220700152207,0.012338078759915688,0.08106117745264596,True,-1.0,7.59,6.57,0.12881066762447807,0.14861359541143312,0.24889715934027135,0.08106117745264596,2
2021-22,2021-10-02,Wolves,Newcastle,H,0.3070773385346582,0.20454852754265937,4.77,A,0,0.10252881099199881,0.10252881099199881,0.20964360587002098,0.0974337326646372,0.46475890481031934,True,-1.0,5.06,4.77,0.19274634280982614,0.20454852754265937,0.5538113329853702,0.46475890481031934,2
2021-22,2021-10-03,Crystal Palace,Leicester,D,0.3690864362768608,0.34098737083811714,2.87,H,0,0.02809906543874363,0.02809906543874363,0.3484320557491289,0.020654380527731886,0.05927807211459046,True,-1.0,3.17,2.87,0.30894096866394133,0.34098737083811714,0.17000400299764862,0.05927807211459046,0
2021-22,2021-10-03,Liverpool,Man City,D,0.4442779563574882,0.3132556998170704,3.12,H,0,0.13102225654041777,0.13102225654041777,0.3205128205128205,0.1237651358446677,0.38614722383536315,True,-1.0,2.99,3.12,0.3270431301469129,0.3132556998170704,0.32839108950888973,0.38614722383536315,0
2021-22,2021-10-03,Tottenham,Aston Villa,H,0.2892729366741424,0.26140555915401725,3.74,A,0,0.027867377520125136,0.027867377520125136,0.267379679144385,0.021893257529757404,0.08188078316129266,True,-1.0,3.64,3.74,0.26901748947797455,0.26140555915401725,0.05295348949387835,0.08188078316129266,2
2021-22,2021-10-03,West Ham,Brentford,A,0.2261341907966205,0.1905763697676577,5.13,A,1,0.035557821028962794,0.035557821028962794,0.19493177387914232,0.031202416917478187,0.16006839878666312,True,4.13,4.82,5.13,0.2024245127766157,0.1905763697676577,0.08996679963971088,0.16006839878666312,2
2021-22,2021-10-16,Aston Villa,Wolves,A,0.3089346775254332,0.2514994072724331,3.89,A,1,0.057435270253000104,0.057435270253000104,0.2570694087403599,0.051865268785073304,0.20175589557393514,True,2.89,3.47,3.89,0.28216481170518054,0.2514994072724331,0.07200333101325329,0.20175589557393514,2
2021-22,2021-10-16,Brentford,Chelsea,A,0.2240481907227475,0.17315983134090296,5.64,H,0,0.05088835938184455,0.05088835938184455,0.1773049645390071,0.04674322618374041,0.2636317956762959,True,-1.0,6.69,5.64,0.1457319734268673,0.17315983134090296,0.4988823959351809,0.2636317956762959,0
2021-22,2021-10-16,Leicester,Man United,H,0.4769567816117219,0.4904130901466665,1.99,A,0,-0.013456308534944617,0.013456308534944617,0.5025125628140703,-0.025555781202348415,-0.050856004592673476,False,-1.0,2.13,1.99,0.4593226281466938,0.4904130901466665,0.0159179448329676,-0.050856004592673476,2
2021-22,2021-10-16,Man City,Burnley,H,0.1061484813649875,0.10674900365417592,9.13,D,0,-0.0006005222891884154,0.0006005222891884154,0.10952902519167579,-0.003380543826688287,-0.030864365137663996,False,-1.0,9.94,9.13,0.09804204532295323,0.10674900365417592,0.055115904767975676,-0.030864365137663996,1
2021-22,2021-10-16,Norwich,Brighton,D,0.5078298123671992,0.4982825528344434,1.96,A,0,0.009547259532755759,0.009547259532755759,0.5102040816326531,-0.002374269265453921,-0.00465356776028969,False,-1.0,2.16,1.96,0.4532320329989952,0.4982825528344434,0.09691239471315027,-0.00465356776028969,2
2021-22,2021-10-16,Southampton,Leeds,H,0.3448997393030743,0.2755709613395578,3.55,A,0,0.06932877796351655,0.06932877796351655,0.28169014084507044,0.06320959845800389,0.22439407452591387,True,-1.0,3.01,3.55,0.32526791632222946,0.2755709613395578,0.03814821530225365,0.22439407452591387,2
2021-22,2021-10-16,Watford,Liverpool,A,0.7501314936445471,0.7155245148589106,1.36,A,1,0.034606978785636566,0.034606978785636566,0.7352941176470588,0.014837375997488356,0.020178831356584048,True,0.3600000000000001,1.36,1.36,0.7184198584827765,0.7155245148589106,0.020178831356584048,0.020178831356584048,2
2021-22,2021-10-17,Everton,West Ham,A,0.4611127922098457,0.33641316141116273,2.91,H,0,0.12469963079868296,0.12469963079868296,0.3436426116838488,0.11747018052599689,0.3418382253306511,True,-1.0,2.57,2.91,0.38094840699337307,0.33641316141116273,0.1850598759793034,0.3418382253306511,0
2021-22,2021-10-17,Newcastle,Tottenham,A,0.4143456438632298,0.2731015186455342,3.58,H,0,0.14124412521769558,0.14124412521769558,0.27932960893854747,0.13501603492468234,0.48335740503036284,True,-1.0,3.57,3.58,0.2738625944544564,0.2731015186455342,0.4792139485917304,0.48335740503036284,0
2021-22,2021-10-18,Arsenal,Crystal Palace,D,0.2497914640958822,0.16371250345339014,5.96,A,0,0.08607896064249207,0.08607896064249207,0.16778523489932887,0.08200622919655334,0.48875712601145804,True,-1.0,5.91,5.96,0.16500994035785288,0.16371250345339014,0.476267552806664,0.48875712601145804,2
2021-22,2021-10-22,Arsenal,Aston Villa,H,0.2780663658055549,0.2526954520927296,3.87,A,0,0.025370913712825294,0.025370913712825294,0.25839793281653745,0.019668432989017437,0.0761168356674975,True,-1.0,4.22,3.87,0.23162731758516744,0.2526954520927296,0.17344006369944154,0.0761168356674975,2
2021-22,2021-10-23,Brighton,Man City,A,0.2108581915207847,0.11943428794149855,8.18,H,0,0.09142390357928615,0.09142390357928615,0.12224938875305624,0.08860880276772845,0.7248200066400188,True,-1.0,7.66,8.18,0.12745769878472854,0.11943428794149855,0.6151737470492107,0.7248200066400188,0
2021-22,2021-10-23,Chelsea,Norwich,H,0.8581807177856535,0.7939971161872961,1.22,H,1,0.06418360159835745,0.06418360159835745,0.819672131147541,0.03850858663811252,0.04698047569849728,True,0.21999999999999997,1.19,1.22,0.8162893868729383,0.7939971161872961,0.021235054164927547,0.04698047569849728,0
2021-22,2021-10-23,Crystal Palace,Newcastle,D,0.2472891307348833,0.23274318679132683,4.2,A,0,0.01454594394355646,0.01454594394355646,0.23809523809523808,0.009193892639645207,0.03861434908650985,True,-1.0,3.98,4.2,0.24535809018567642,0.23274318679132683,-0.015789259675164535,0.03861434908650985,2
2021-22,2021-10-23,Everton,Watford,A,0.60239055713491,0.5305366063275501,1.84,H,0,0.0718539508073599,0.0718539508073599,0.5434782608695652,0.05891229626534478,0.10839862512823428,True,-1.0,1.68,1.84,0.580334170309061,0.5305366063275501,0.012016135986648635,0.10839862512823428,0
2021-22,2021-10-23,Leeds,Wolves,D,0.3719590941923971,0.3446684478989556,2.84,A,0,0.027290646293441467,0.027290646293441467,0.35211267605633806,0.01984641813605903,0.05636382750640778,True,-1.0,2.79,2.84,0.3507169458902315,0.3446684478989556,0.03776587279678778,0.05636382750640778,2
2021-22,2021-10-23,Southampton,Burnley,D,0.2680023757518783,0.2494670098042598,3.92,A,0,0.01853536594761851,0.01853536594761851,0.25510204081632654,0.01290033493555176,0.050569312947363,True,-1.0,3.98,3.92,0.24589867067298013,0.2494670098042598,0.0666494554924757,0.050569312947363,2
2021-22,2021-10-24,Brentford,Leicester,A,0.3858628951456284,0.38345020826585724,2.55,A,1,0.002412686879771142,0.002412686879771142,0.3921568627450981,-0.0062939675994697075,-0.01604961737864774,False,1.5499999999999998,2.79,2.55,0.35051969209619904,0.38345020826585724,0.07655747745630315,-0.01604961737864774,2
2021-22,2021-10-24,Man United,Liverpool,A,0.4952114119406674,0.41621675333708724,2.35,A,1,0.07899465860358018,0.07899465860358018,0.425531914893617,0.0696794970470504,0.16374681806056857,True,1.35,2.29,2.35,0.4271815362465324,0.41621675333708724,0.1340341333441284,0.16374681806056857,2
2021-22,2021-10-24,West Ham,Tottenham,H,0.49444404442482,0.43472043730881316,2.25,H,1,0.05972360711600683,0.05972360711600683,0.4444444444444444,0.049999599980375564,0.11249909995584506,True,1.25,2.32,2.25,0.42129503400809115,0.43472043730881316,0.14711018306558232,0.11249909995584506,0
2021-22,2021-10-30,Burnley,Brentford,H,0.3945460178065108,0.3376301323588122,2.9,A,0,0.0569158854476986,0.0569158854476986,0.3448275862068966,0.0497184315996142,0.14418345163888113,True,-1.0,2.84,2.9,0.3450299542953582,0.3376301323588122,0.12051069057049046,0.14418345163888113,2
2021-22,2021-10-30,Leicester,Arsenal,A,0.4238263515921183,0.38346553811684564,2.55,H,0,0.04036081347527265,0.04036081347527265,0.3921568627450981,0.0316694888470202,0.08075719655990166,True,-1.0,2.52,2.55,0.3881535045222682,0.38346553811684564,0.06804240601213807,0.08075719655990166,0
2021-22,2021-10-30,Liverpool,Brighton,D,0.8333317242423339,0.7472970701921461,1.3,H,0,0.08603465405018784,0.08603465405018784,0.7692307692307692,0.06410095501156476,0.08333124151503424,True,-1.0,1.25,1.3,0.775709264715613,0.7472970701921461,0.04166465530291741,0.08333124151503424,0
2021-22,2021-10-30,Man City,Crystal Palace,A,0.0545514856778648,0.046101383697291616,21.0,A,1,0.008450101980573187,0.008450101980573187,0.047619047619047616,0.006932438058817186,0.14558119923516077,True,20.0,22.14,21.0,0.04399726798405981,0.046101383697291616,0.2077698929079268,0.14558119923516077,2
2021-22,2021-10-30,Newcastle,Chelsea,A,0.1130847908784875,0.11575391243031997,8.43,H,0,-0.002669121551832479,0.002669121551832479,0.11862396204033215,-0.005539171161844658,-0.04669521289435041,False,-1.0,9.28,8.43,0.1052682642864073,0.11575391243031997,0.049426859352363905,-0.04669521289435041,0
2021-22,2021-10-30,Tottenham,Man United,A,0.4257907440117031,0.30758361834096576,3.18,H,0,0.11820712567073732,0.11820712567073732,0.31446540880503143,0.11132533520667165,0.3540145659572158,True,-1.0,3.04,3.18,0.3217594302684653,0.30758361834096576,0.2944038617955773,0.3540145659572158,0
2021-22,2021-10-30,Watford,Southampton,A,0.3810673383049923,0.3038055809293691,3.22,H,0,0.07726175737562319,0.07726175737562319,0.3105590062111801,0.07050833209381219,0.22703682934207525,True,-1.0,3.22,3.22,0.3035510164439032,0.3038055809293691,0.22703682934207525,0.22703682934207525,0
2021-22,2021-10-31,Aston Villa,West Ham,A,0.4638156733876521,0.38802660753880264,2.52,A,1,0.07578906584884948,0.07578906584884948,0.3968253968253968,0.06699027656225531,0.16881549693688336,True,1.52,2.54,2.52,0.3849693943541231,0.38802660753880264,0.17809181040463629,0.16881549693688336,2
2021-22,2021-10-31,Norwich,Leeds,A,0.4962281045666415,0.47004722843649016,2.08,A,1,0.026180876130151354,0.026180876130151354,0.4807692307692307,0.015458873797410788,0.03215445749861434,True,1.08,2.11,2.08,0.4630367604905128,0.47004722843649016,0.047041300635613625,0.03215445749861434,2
2021-22,2021-11-01,Wolves,Everton,H,0.2964776634463829,0.26747695986934206,3.66,A,0,0.02900070357704082,0.02900070357704082,0.27322404371584696,0.023253619730535913,0.08510824821376128,True,-1.0,3.47,3.66,0.2817518408054642,0.26747695986934206,0.028777492158948537,0.08510824821376128,2
2021-22,2021-11-05,Southampton,Aston Villa,H,0.299318273349231,0.2764409684642326,3.54,A,0,0.022877304884998395,0.022877304884998395,0.2824858757062147,0.016832397643016306,0.05958668765627784,True,-1.0,3.79,3.54,0.25777138984159204,0.2764409684642326,0.13441625599358553,0.05958668765627784,2
2021-22,2021-11-06,Brentford,Norwich,A,0.6925835393934092,0.5812369548500494,1.68,H,0,0.11134658454335977,0.11134658454335977,0.5952380952380952,0.09734544415531399,0.1635403461809275,True,-1.0,1.63,1.68,0.5982843477815725,0.5812369548500494,0.128911169211257,0.1635403461809275,0
2021-22,2021-11-06,Brighton,Newcastle,D,0.2153940304944225,0.1600053003826214,6.11,A,0,0.05538873011180109,0.05538873011180109,0.1636661211129296,0.05172790938149288,0.31605752632092154,True,-1.0,6.04,6.11,0.16194049152866044,0.1600053003826214,0.3009799441863119,0.31605752632092154,2
2021-22,2021-11-06,Chelsea,Burnley,D,0.0779441132148385,0.07474971454050813,13.05,A,0,0.0031943986743303704,0.0031943986743303704,0.07662835249042145,0.0013157607244170533,0.017170677453642424,True,-1.0,13.48,13.05,0.07229989625429309,0.07474971454050813,0.05068664613602314,0.017170677453642424,2
2021-22,2021-11-06,Crystal Palace,Wolves,H,0.41909207577576,0.41266119577960136,2.37,H,1,0.006430879996158656,0.006430879996158656,0.42194092827004215,-0.002848852494282128,-0.006751780411448749,False,1.37,2.56,2.37,0.3823884197828709,0.41266119577960136,0.07287571398594572,-0.006751780411448749,0
2021-22,2021-11-06,Man United,Man City,A,0.3536990985258847,0.20380905476005923,4.79,H,0,0.1498900437658255,0.1498900437658255,0.20876826722338204,0.14493083130250267,0.6942186819389877,True,-1.0,4.84,4.79,0.20222157655946182,0.20380905476005923,0.711903636865282,0.6942186819389877,0
2021-22,2021-11-07,Arsenal,Watford,H,0.1340545708652083,0.13157836177930082,7.41,A,0,0.0024762090859074826,0.0024762090859074826,0.1349527665317139,-0.0008981956665055912,-0.006655629888806414,False,-1.0,8.73,7.41,0.11180053019989969,0.13157836177930082,0.1702964036532686,-0.006655629888806414,2
2021-22,2021-11-07,Everton,Tottenham,D,0.4709611043323484,0.2820636187685208,3.48,H,0,0.18889748556382757,0.18889748556382757,0.28735632183908044,0.18360478249326795,0.6389446430765724,True,-1.0,3.15,3.48,0.31021203334541503,0.2820636187685208,0.4835274786468975,0.6389446430765724,0
2021-22,2021-11-07,Leeds,Leicester,D,0.3984630997752659,0.3550060692231773,2.76,A,0,0.043457030552088605,0.043457030552088605,0.3623188405797102,0.036144259195555695,0.09975815537973376,True,-1.0,2.54,2.76,0.3849163143786089,0.3550060692231773,0.012096273429175408,0.09975815537973376,2
2021-22,2021-11-07,West Ham,Liverpool,H,0.2509961057766791,0.21880905357980138,4.47,H,1,0.0321870521968777,0.0321870521968777,0.2237136465324385,0.02728245924424058,0.12195259282175552,True,3.4699999999999998,4.74,4.47,0.20615410817945695,0.21880905357980138,0.1897215413814588,0.12195259282175552,0
2021-22,2021-11-20,Aston Villa,Brighton,H,0.350838737344773,0.3178693509805845,3.08,A,0,0.0329693863641885,0.0329693863641885,0.3246753246753247,0.026163412669448327,0.08058331102190097,True,-1.0,3.14,3.08,0.3116165694405663,0.3178693509805845,0.10163363526258729,0.08058331102190097,2
2021-22,2021-11-20,Burnley,Crystal Palace,D,0.3670435520301758,0.3570001997203915,2.74,A,0,0.010043352309784315,0.010043352309784315,0.36496350364963503,0.0020800483805407666,0.005699332562681736,True,-1.0,2.79,2.74,0.3511205976520811,0.3570001997203915,0.024051510164190493,0.005699332562681736,2
2021-22,2021-11-20,Leicester,Chelsea,A,0.5923479695700085,0.5497616005840216,1.78,A,1,0.04258636898598689,0.04258636898598689,0.5617977528089888,0.030550216761019655,0.0543793858346151,True,0.78,1.8,1.78,0.5421296947531299,0.5497616005840216,0.06622634522601523,0.0543793858346151,2
2021-22,2021-11-20,Liverpool,Arsenal,H,0.7110633689008685,0.6306314678491062,1.55,H,1,0.08043190105176234,0.08043190105176234,0.6451612903225806,0.06590207857828789,0.1021482217963463,True,0.55,1.47,1.55,0.6627290484606083,0.6306314678491062,0.0452631522842768,0.1021482217963463,0
2021-22,2021-11-20,Newcastle,Brentford,D,0.4571100406298481,0.3899847397275759,2.51,H,0,0.0671253009022722,0.0671253009022722,0.39840637450199207,0.05870366612785605,0.14734620198091863,True,-1.0,2.67,2.51,0.36618237102913775,0.3899847397275759,0.22048380848169447,0.14734620198091863,0
2021-22,2021-11-20,Norwich,Southampton,H,0.4989057865749569,0.4462705436156764,2.19,A,0,0.05263524295928046,0.05263524295928046,0.4566210045662101,0.0422847820087468,0.09260367259915547,True,-1.0,2.12,2.19,0.46076608404611374,0.4462705436156764,0.057680267538908536,0.09260367259915547,2
2021-22,2021-11-20,Watford,Man United,H,0.2297892920135382,0.14798372179060304,6.58,H,1,0.08180557022293516,0.08180557022293516,0.1519756838905775,0.0778136081229607,0.5120135414490814,True,5.58,6.25,6.58,0.1558217356087964,0.14798372179060304,0.43618307508461385,0.5120135414490814,0
2021-22,2021-11-20,Wolves,West Ham,H,0.4810810420694763,0.39806956482518585,2.46,A,0,0.08301147724429042,0.08301147724429042,0.4065040650406504,0.07457697702882587,0.18345936349091163,True,-1.0,2.49,2.46,0.39336546511891024,0.39806956482518585,0.19789179475299612,0.18345936349091163,2
2021-22,2021-11-21,Man City,Everton,H,0.0721200858005389,0.060728744939271245,16.0,A,0,0.011391340861267654,0.011391340861267654,0.0625,0.0096200858005389,0.1539213728086224,True,-1.0,17.04,16.0,0.057046873455287514,0.060728744939271245,0.22892626204118272,0.1539213728086224,2
2021-22,2021-11-21,Tottenham,Leeds,H,0.3232289811918416,0.1620556881310547,6.01,A,0,0.16117329306078693,0.16117329306078693,0.1663893510815308,0.15683963011031082,0.9426061769629681,True,-1.0,4.61,6.01,0.21207274365052098,0.1620556881310547,0.4900856032943899,0.9426061769629681,2
2021-22,2021-11-27,Arsenal,Newcastle,H,0.2052850844484099,0.1470556338791888,6.63,A,0,0.0582294505692211,0.0582294505692211,0.15082956259426847,0.05445552185414143,0.36104010989295765,True,-1.0,6.77,6.63,0.144050683188778,0.1470556338791888,0.389780021715735,0.36104010989295765,2
2021-22,2021-11-27,Brighton,Leeds,D,0.3138005159327235,0.2686650073945821,3.64,A,0,0.04513550853814141,0.04513550853814141,0.2747252747252747,0.03907524120744882,0.14223387799511356,True,-1.0,3.78,3.64,0.2587193364729037,0.2686650073945821,0.1861659502256947,0.14223387799511356,2
2021-22,2021-11-27,Crystal Palace,Aston Villa,A,0.4984413949919181,0.41459833445803157,2.36,H,0,0.08384306053388652,0.08384306053388652,0.42372881355932207,0.07471258143259601,0.17632169218092653,True,-1.0,2.3,2.36,0.4257157501647508,0.41459833445803157,0.14641520848141143,0.17632169218092653,0
2021-22,2021-11-27,Liverpool,Southampton,H,0.8262046108460591,0.7755834829443448,1.25,H,1,0.05062112790171436,0.05062112790171436,0.8,0.026204610846059073,0.032755763557573925,True,0.25,1.3,1.25,0.7448630552388344,0.7755834829443448,0.07406599409987691,0.032755763557573925,0
2021-22,2021-11-27,Norwich,Wolves,D,0.5445139590145316,0.4365136817721152,2.24,A,0,0.1080002772424164,0.1080002772424164,0.4464285714285714,0.0980853875859602,0.21971126819255082,True,-1.0,2.2,2.24,0.44465132266796514,0.4365136817721152,0.1979307098319696,0.21971126819255082,2
2021-22,2021-11-28,Brentford,Everton,H,0.4609367764054928,0.42825623085744147,2.29,H,1,0.03268054554805133,0.03268054554805133,0.4366812227074236,0.0242555536980692,0.055545217968578475,True,1.29,2.29,2.29,0.4273304596755619,0.42825623085744147,0.055545217968578475,0.055545217968578475,0
2021-22,2021-11-28,Chelsea,Man United,D,0.7120315817818667,0.6170407424771389,1.58,H,0,0.09499083930472774,0.09499083930472774,0.6329113924050632,0.07912018937680343,0.12500989921534944,True,-1.0,1.63,1.58,0.5985688252151831,0.6170407424771389,0.16061147830444256,0.12500989921534944,0
2021-22,2021-11-28,Leicester,Watford,H,0.6126739996010218,0.5765825202263968,1.69,H,1,0.03609147937462498,0.03609147937462498,0.591715976331361,0.020958023269660786,0.03541905932572664,True,0.69,1.65,1.69,0.5907147609857824,0.5765825202263968,0.0109120993416858,0.03541905932572664,0
2021-22,2021-11-28,Man City,West Ham,H,0.1542201831501845,0.0880768204854628,11.0,A,0,0.06614336266472169,0.06614336266472169,0.09090909090909091,0.06331109224109358,0.6964220146520295,True,-1.0,10.56,11.0,0.09183610786903373,0.0880768204854628,0.6285651340659482,0.6964220146520295,2
2021-22,2021-11-30,Leeds,Crystal Palace,H,0.3999968772055511,0.29595048995853196,3.31,A,0,0.10404638724701915,0.10404638724701915,0.3021148036253776,0.09788207358017348,0.3239896635503743,True,-1.0,3.15,3.31,0.31055418760751513,0.29595048995853196,0.2599901631974859,0.3239896635503743,2
2021-22,2021-11-30,Newcastle,Norwich,D,0.6820367938954962,0.4677511563848033,2.09,H,0,0.2142856375106929,0.2142856375106929,0.47846889952153115,0.20356789437396505,0.425456899241587,True,-1.0,2.02,2.09,0.484135582727132,0.4677511563848033,0.37771432366890245,0.425456899241587,0
2021-22,2021-12-01,Aston Villa,Man City,A,0.7942787739429205,0.6598199212155318,1.48,A,1,0.13445885272738867,0.13445885272738867,0.6756756756756757,0.1186030982672448,0.1755325854355223,True,0.48,1.39,1.48,0.7007926507305813,0.6598199212155318,0.10404749578065942,0.1755325854355223,2
2021-22,2021-12-01,Everton,Liverpool,A,0.1497034877847496,0.10662696968431352,9.13,H,0,0.04307651810043607,0.04307651810043607,0.10952902519167579,0.040174462593073806,0.3667928434747638,True,-1.0,7.67,9.13,0.12743406457973872,0.10662696968431352,0.14822575130902949,0.3667928434747638,0
2021-22,2021-12-01,Southampton,Leicester,D,0.5510443647198479,0.32321955015488674,3.02,A,0,0.22782481456496112,0.22782481456496112,0.33112582781456956,0.2199185369052783,0.6641539814539406,True,-1.0,2.98,3.02,0.32856299462683,0.32321955015488674,0.6421122068651466,0.6641539814539406,2
2021-22,2021-12-01,Watford,Chelsea,A,0.7620737107598161,0.7357649825101238,1.32,A,1,0.026308728249692326,0.026308728249692326,0.7575757575757576,0.004497953184058545,0.005937298202957297,True,0.32000000000000006,1.33,1.32,0.7320228267101365,0.7357649825101238,0.01355803531055555,0.005937298202957297,2
2021-22,2021-12-01,West Ham,Brighton,D,0.6868988476216447,0.4888428148106071,2.04,H,0,0.19805603281103756,0.19805603281103756,0.49019607843137253,0.19670276919027213,0.4012736491481552,True,-1.0,2.05,2.04,0.47638098168949067,0.4888428148106071,0.40814263762437153,0.4012736491481552,0
2021-22,2021-12-01,Wolves,Burnley,D,0.3037997399825943,0.1973206690371422,4.94,A,0,0.10647907094545209,0.10647907094545209,0.20242914979757085,0.10137059018502345,0.500770715514016,True,-1.0,4.39,4.94,0.2223677446605089,0.1973206690371422,0.33368085852358886,0.500770715514016,2
2021-22,2021-12-02,Man United,Arsenal,H,0.2677803573244887,0.27223614592035644,3.58,A,0,-0.00445578859586776,0.00445578859586776,0.27932960893854747,-0.011549251614058786,-0.04134632077833045,False,-1.0,3.75,3.58,0.2610546228422795,0.27223614592035644,0.004176339966832643,-0.04134632077833045,2
2021-22,2021-12-02,Tottenham,Brentford,H,0.3055417308689658,0.17902637672673072,5.44,A,0,0.12651535414223508,0.12651535414223508,0.1838235294117647,0.12171820145720111,0.6621470159271741,True,-1.0,5.34,5.44,0.18304935064935066,0.17902637672673072,0.6315928428402773,0.6621470159271741,2
2021-22,2021-12-04,Newcastle,Burnley,H,0.3896419639092668,0.31570195819367247,3.09,A,0,0.07394000571559434,0.07394000571559434,0.3236245954692557,0.0660173684400111,0.2039936684796344,True,-1.0,3.22,3.09,0.3035519166579353,0.31570195819367247,0.25464712378783916,0.2039936684796344,2
2021-22,2021-12-04,Southampton,Brighton,D,0.4162971791626524,0.32966419275697784,2.96,A,0,0.08663298640567457,0.08663298640567457,0.33783783783783783,0.07845934132481458,0.23223965032145122,True,-1.0,3.22,2.96,0.30402933166356094,0.32966419275697784,0.34047691690374093,0.23223965032145122,2
2021-22,2021-12-04,Watford,Man City,A,0.0877751749773251,0.06477548543689321,15.0,H,0,0.022999689540431884,0.022999689540431884,0.06666666666666667,0.021108508310658428,0.3166276246598765,True,-1.0,14.88,15.0,0.06535856957474727,0.06477548543689321,0.30609460366259755,0.3166276246598765,0
2021-22,2021-12-04,West Ham,Chelsea,H,0.3366063049850156,0.1985517714937978,4.92,H,1,0.1380545334912178,0.1380545334912178,0.2032520325203252,0.1333542724646904,0.6561030205262768,True,3.92,4.85,4.92,0.2009496791419513,0.1985517714937978,0.6325405791773255,0.6561030205262768,0
2021-22,2021-12-04,Wolves,Liverpool,A,0.7564752177069024,0.7058196546578555,1.38,A,1,0.05065556304904695,0.05065556304904695,0.7246376811594204,0.031837536547482004,0.04393580043552525,True,0.3799999999999999,1.45,1.38,0.6726492832148098,0.7058196546578555,0.09688906567500855,0.04393580043552525,2
2021-22,2021-12-05,Aston Villa,Leicester,H,0.4228424211619619,0.3079069976816944,3.17,A,0,0.11493542348026753,0.11493542348026753,0.31545741324921134,0.10738500791275057,0.34041047508341915,True,-1.0,3.17,3.17,0.30861890235972966,0.3079069976816944,0.34041047508341915,0.34041047508341915,2
2021-22,2021-12-05,Leeds,Brentford,D,0.4574312777617197,0.19761537157187353,4.94,A,0,0.2598159061898462,0.2598159061898462,0.20242914979757085,0.2550021279641489,1.2597105121428958,True,-1.0,4.13,4.94,0.23676486574627675,0.19761537157187353,0.8891911771559025,1.2597105121428958,2
2021-22,2021-12-05,Man United,Crystal Palace,H,0.1625887095784624,0.14879259071170656,6.56,A,0,0.01379611886675583,0.01379611886675583,0.1524390243902439,0.010149685188218488,0.0665819348347132,True,-1.0,6.46,6.56,0.1508965276357545,0.14879259071170656,0.050323063876867025,0.0665819348347132,2
2021-22,2021-12-05,Tottenham,Norwich,H,0.2174104545038733,0.21667029283456934,4.51,D,0,0.0007401616693039625,0.0007401616693039625,0.22172949002217296,-0.004319035518299652,-0.019478850187531482,False,-1.0,4.9,4.51,0.19926825245626845,0.21667029283456934,0.0653112270689793,-0.019478850187531482,1
2021-22,2021-12-06,Everton,Arsenal,H,0.3377262070109464,0.29280496347443213,3.33,H,1,0.04492124353651428,0.04492124353651428,0.3003003003003003,0.037425906710646106,0.12462826934645155,True,2.33,3.45,3.33,0.28346484743770156,0.29280496347443213,0.16515541418776514,0.12462826934645155,0
2021-22,2021-12-10,Brentford,Watford,H,0.5400477901805988,0.37106536837648885,2.63,H,1,0.16898242180410994,0.16898242180410994,0.3802281368821293,0.15981965329846948,0.42032568817497484,True,1.63,2.32,2.63,0.4217424599434496,0.37106536837648885,0.2529108732189891,0.42032568817497484,0
2021-22,2021-12-11,Arsenal,Southampton,H,0.215739483551618,0.20487707375574657,4.76,A,0,0.010862409795871442,0.010862409795871442,0.21008403361344538,0.00565544993817263,0.026919941705701778,True,-1.0,5.61,4.76,0.17426799835479087,0.20487707375574657,0.21029850272457717,0.026919941705701778,2
2021-22,2021-12-11,Chelsea,Leeds,H,0.0871067936331477,0.07504168982768206,13.0,A,0,0.012065103805465646,0.012065103805465646,0.07692307692307693,0.010183716710070775,0.13238831723092015,True,-1.0,11.9,13.0,0.08164801840426644,0.07504168982768206,0.03657084423445767,0.13238831723092015,2
2021-22,2021-12-11,Liverpool,Aston Villa,H,0.8484256334704455,0.7818068424803991,1.24,H,1,0.06661879099004642,0.06661879099004642,0.8064516129032259,0.04197402056721966,0.05204778550335254,True,0.24,1.23,1.24,0.7878599147223687,0.7818068424803991,0.04356352916864803,0.05204778550335254,0
2021-22,2021-12-11,Man City,Wolves,H,0.0841119291165897,0.04619171734723428,21.0,A,0,0.037920211769355415,0.037920211769355415,0.047619047619047616,0.03649288149754208,0.7663505114483837,True,-1.0,20.21,21.0,0.04822731711480578,0.04619171734723428,0.6999020874462778,0.7663505114483837,2
2021-22,2021-12-11,Norwich,Man United,A,0.1430869716683644,0.13057828947835404,7.48,H,0,0.012508682190010362,0.012508682190010362,0.1336898395721925,0.009397132096171906,0.07029054807936586,True,-1.0,7.52,7.48,0.1295185664546001,0.13057828947835404,0.07601402694610027,0.07029054807936586,0
2021-22,2021-12-12,Burnley,West Ham,D,0.3487897943033929,0.27236292195034834,3.58,H,0,0.07642687235304457,0.07642687235304457,0.27932960893854747,0.06946018536484544,0.24866746360614655,True,-1.0,3.74,3.58,0.2616620432614578,0.27236292195034834,0.3044738306946895,0.24866746360614655,0
2021-22,2021-12-12,Crystal Palace,Everton,H,0.483548260176399,0.4312798442389062,2.27,H,1,0.05226841593749282,0.05226841593749282,0.44052863436123346,0.04301962581516555,0.09765455060042583,True,1.27,2.3,2.27,0.4259135098893731,0.4312798442389062,0.1121609984057177,0.09765455060042583,0
2021-22,2021-12-12,Leicester,Newcastle,H,0.6171050641806888,0.571889436318348,1.7,H,1,0.04521562786234079,0.04521562786234079,0.5882352941176471,0.0288697700630417,0.04907860910717088,True,0.7,1.78,1.7,0.5489047828020239,0.571889436318348,0.09844701424162605,0.04907860910717088,0
2021-22,2021-12-14,Man City,Leeds,H,0.0814212961645803,0.04842820730671198,20.0,A,0,0.032993088857868315,0.032993088857868315,0.05,0.031421296164580295,0.6284259232916058,True,-1.0,19.75,20.0,0.049455234486025575,0.04842820730671198,0.6080705992504609,0.6284259232916058,2
2021-22,2021-12-14,Norwich,Aston Villa,A,0.4968826999006738,0.4566117739867863,2.14,A,1,0.04027092591388748,0.04027092591388748,0.4672897196261682,0.029592980274505576,0.06332897778744195,True,1.1400000000000001,2.33,2.14,0.41991701244813284,0.4566117739867863,0.15773669076857,0.06332897778744195,2
2021-22,2021-12-15,Arsenal,West Ham,H,0.4324613698508324,0.30598144854249043,3.19,A,0,0.12647992130834196,0.12647992130834196,0.31347962382445144,0.11898174602638095,0.3795517698241553,True,-1.0,3.32,3.19,0.2949913970219903,0.30598144854249043,0.43577174790476336,0.3795517698241553,2
2021-22,2021-12-15,Brighton,Wolves,A,0.4667168085969227,0.48776508972267535,2.0,H,0,-0.021048281125752633,0.021048281125752633,0.5,-0.033283191403077284,-0.06656638280615457,False,-1.0,2.37,2.0,0.4124408384043272,0.48776508972267535,0.10611883637470698,-0.06656638280615457,0
2021-22,2021-12-15,Crystal Palace,Southampton,D,0.6263328116966854,0.4809516893363913,2.03,H,0,0.1453811223602941,0.1453811223602941,0.4926108374384237,0.1337219742582617,0.27145560774427135,True,-1.0,2.17,2.03,0.45019305019305017,0.4809516893363913,0.3591422013818073,0.27145560774427135,0
2021-22,2021-12-16,Chelsea,Everton,D,0.8329650168152651,0.812576925297041,1.23,H,0,0.020388091518224183,0.020388091518224183,0.8130081300813008,0.01995688673396434,0.024546970682776115,True,-1.0,1.24,1.23,0.7805915804115697,0.812576925297041,0.032876620850928795,0.024546970682776115,0
2021-22,2021-12-16,Liverpool,Newcastle,H,0.8720727723115003,0.8830744071954211,1.1,H,1,-0.011001634883920808,0.011001634883920808,0.9090909090909091,-0.037018136779408795,-0.04071995045734966,False,0.10000000000000009,1.13,1.1,0.8609620852105869,0.8830744071954211,-0.014557767288004841,-0.04071995045734966,0
2021-22,2021-12-18,Leeds,Arsenal,A,0.640879104428338,0.6032565528196981,1.62,A,1,0.03762255160863981,0.03762255160863981,0.6172839506172839,0.023595153811054037,0.038224149173907485,True,0.6200000000000001,1.93,1.62,0.5003131646375162,0.6032565528196981,0.23689667154669225,0.038224149173907485,2
2021-22,2021-12-19,Newcastle,Man City,A,0.1014206413761399,0.04141393780579428,23.5,H,0,0.06000670357034562,0.06000670357034562,0.0425531914893617,0.0588674498867782,1.3833850723392875,True,-1.0,16.21,23.5,0.05909493417997646,0.04141393780579428,0.6440285967072279,1.3833850723392875,0
2021-22,2021-12-19,Tottenham,Liverpool,D,0.2299197974895059,0.2210254200775528,4.4,D,1,0.008894377411953092,0.008894377411953092,0.22727272727272727,0.002647070216778624,0.011647108953825924,True,3.4000000000000004,4.78,4.4,0.20138602262419955,0.2210254200775528,0.09901663199983823,0.011647108953825924,1
2021-22,2021-12-19,Wolves,Chelsea,D,0.1610312311829148,0.1699861400617695,5.74,H,0,-0.008954908878854695,0.008954908878854695,0.17421602787456444,-0.013184796691649653,-0.07568073301006906,False,-1.0,6.52,5.74,0.14784382560842543,0.1699861400617695,0.04992362731260447,-0.07568073301006906,0
2021-22,2021-12-26,Aston Villa,Chelsea,A,0.2545535168101125,0.18136469056434878,5.37,H,0,0.07318882624576373,0.07318882624576373,0.186219739292365,0.06833377751774752,0.36695238527030427,True,-1.0,5.57,5.37,0.17321081463156035,0.18136469056434878,0.4178630886323267,0.36695238527030427,0
2021-22,2021-12-26,Brighton,Brentford,H,0.3583706409765432,0.221371505746414,4.42,A,0,0.1369991352301292,0.1369991352301292,0.22624434389140272,0.13212629708514048,0.5839982331163209,True,-1.0,4.25,4.42,0.2274147466207749,0.221371505746414,0.5230752241503085,0.5839982331163209,2
2021-22,2021-12-26,Man City,Leicester,H,0.1354431439034373,0.04633046330463304,21.0,A,0,0.08911268059880427,0.08911268059880427,0.047619047619047616,0.0878240962843897,1.8443060219721836,True,-1.0,13.72,21.0,0.07010693040399985,0.04633046330463304,0.8582799343551599,1.8443060219721836,2
2021-22,2021-12-26,Norwich,Arsenal,A,0.2105037594438767,0.21471714853647508,4.54,D,0,-0.004213389092598385,0.004213389092598385,0.22026431718061673,-0.009760557736740033,-0.04431293212479981,False,-1.0,4.81,4.54,0.20051835731440198,0.21471714853647508,0.012523082925046891,-0.04431293212479981,1
2021-22,2021-12-26,Tottenham,Crystal Palace,H,0.244326313037176,0.18992240453402057,5.14,A,0,0.054403908503155435,0.054403908503155435,0.19455252918287938,0.04977378385429662,0.2558372490110845,True,-1.0,5.21,5.14,0.18528171350045017,0.18992240453402057,0.272940090923687,0.2558372490110845,2
2021-22,2021-12-26,West Ham,Southampton,A,0.6508147545314416,0.4932255244755245,1.98,H,0,0.15758923005591707,0.15758923005591707,0.5050505050505051,0.14576424948093647,0.28861321397225437,True,-1.0,1.86,1.98,0.5190375360923966,0.4932255244755245,0.21051544342848127,0.28861321397225437,0
2021-22,2021-12-27,Newcastle,Man United,D,0.1988822637106851,0.1555338231698686,6.28,H,0,0.04334844054081649,0.04334844054081649,0.1592356687898089,0.03964659492087619,0.24898061610310251,True,-1.0,6.92,6.28,0.13896870307866682,0.1555338231698686,0.37626526487794076,0.24898061610310251,0
2021-22,2021-12-28,Crystal Palace,Norwich,H,0.6766494625718326,0.5496734502819696,1.78,H,1,0.126976012289863,0.126976012289863,0.5617977528089888,0.11485170976284376,0.20443604337786203,True,0.78,1.69,1.78,0.5766241631060123,0.5496734502819696,0.14353759174639702,0.20443604337786203,0
2021-22,2021-12-28,Leicester,Liverpool,H,0.3190810435649298,0.11702075074392257,8.27,H,1,0.2020602928210072,0.2020602928210072,0.12091898428053205,0.19816205928439773,1.6388002302819693,True,7.27,7.76,8.27,0.12568306010928962,0.11702075074392257,1.476068898063855,1.6388002302819693,0
2021-22,2021-12-28,Southampton,Tottenham,D,0.536280615024721,0.45054913879008607,2.17,A,0,0.08573147623463495,0.08573147623463495,0.4608294930875576,0.07545112193716341,0.16372893460364457,True,-1.0,2.08,2.17,0.4698416202196346,0.45054913879008607,0.11546367925141965,0.16372893460364457,2
2021-22,2021-12-28,Watford,West Ham,A,0.2911068622186114,0.2547958732346558,3.84,D,0,0.03631098898395557,0.03631098898395557,0.2604166666666667,0.030690195551944688,0.11785035091946772,True,-1.0,3.6,3.84,0.2716085131026495,0.2547958732346558,0.04798470398700094,0.11785035091946772,1
2021-22,2021-12-29,Brentford,Man City,A,0.0729293888547815,0.067870829071472,14.33,H,0,0.005058559783309491,0.005058559783309491,0.06978367062107467,0.0031457182337068235,0.04507814228901874,True,-1.0,16.97,14.33,0.056701611513717255,0.067870829071472,0.23761172886564186,0.04507814228901874,0
2021-22,2021-12-29,Chelsea,Brighton,D,0.7656005502675141,0.7204243181011077,1.35,H,0,0.045176232166406316,0.045176232166406316,0.7407407407407407,0.024859809526773358,0.033560742861143966,True,-1.0,1.42,1.35,0.6771801104361085,0.7204243181011077,0.08715278137986981,0.033560742861143966,0
2021-22,2021-12-30,Man United,Burnley,H,0.1338754049584102,0.10070364123772053,9.7,A,0,0.033171763720689654,0.033171763720689654,0.10309278350515465,0.03078262145325554,0.2985914280965787,True,-1.0,8.67,9.7,0.1107778483067396,0.10070364123772053,0.1606997609894163,0.2985914280965787,2
2021-22,2022-01-01,Arsenal,Man City,A,0.6900214901989685,0.5815101063885872,1.68,A,1,0.10851138381038128,0.10851138381038128,0.5952380952380952,0.09478339496087329,0.1592361035342671,True,0.6799999999999999,1.53,1.68,0.6291809745470539,0.5815101063885872,0.05573288000442189,0.1592361035342671,2
2021-22,2022-01-01,Crystal Palace,West Ham,A,0.3633256188054026,0.27483082454684177,3.56,H,0,0.08849479425856083,0.08849479425856083,0.2808988764044944,0.08242674240090819,0.29343920294723325,True,-1.0,3.09,3.56,0.31312053074389085,0.27483082454684177,0.12267616210869403,0.29343920294723325,0
2021-22,2022-01-01,Watford,Tottenham,A,0.2025660544015416,0.16271130591111405,6.01,H,0,0.039854748490427555,0.039854748490427555,0.1663893510815308,0.0361767033200108,0.21742198695326498,True,-1.0,5.42,6.01,0.17790513793139093,0.16271130591111405,0.09790801485635536,0.21742198695326498,0
2021-22,2022-01-02,Brentford,Aston Villa,H,0.366652535840393,0.33160265592417787,2.95,H,1,0.03504987991621511,0.03504987991621511,0.3389830508474576,0.027669484992935367,0.08162498072915936,True,1.9500000000000002,3.09,2.95,0.3132379497152382,0.33160265592417787,0.1329563357468142,0.08162498072915936,0
2021-22,2022-01-02,Chelsea,Liverpool,D,0.5359782588182136,0.36664583223513286,2.67,H,0,0.16933242658308073,0.16933242658308073,0.37453183520599254,0.16144642361222106,0.4310619510446303,True,-1.0,3.14,2.67,0.30831831135511956,0.36664583223513286,0.6829717326891906,0.4310619510446303,0
2021-22,2022-01-02,Everton,Brighton,A,0.3947406330457811,0.3308431926225114,2.91,H,0,0.06389744042326972,0.06389744042326972,0.3436426116838488,0.05109802136193231,0.14869524216322305,True,-1.0,2.87,2.91,0.33736003088973465,0.3308431926225114,0.1329056168413918,0.14869524216322305,0
2021-22,2022-01-02,Leeds,Burnley,H,0.3479969492615519,0.2618422714704768,3.73,A,0,0.08615467779107511,0.08615467779107511,0.2680965147453083,0.07990043451624357,0.29802862074558845,True,-1.0,3.83,3.73,0.2523409689575859,0.2618422714704768,0.33282831567174376,0.29802862074558845,2
2021-22,2022-01-03,Man United,Wolves,A,0.2405153174991807,0.17677931109420844,5.53,A,1,0.06373600640497226,0.06373600640497226,0.18083182640144665,0.05968349109773405,0.33004970577046944,True,4.53,5.98,5.53,0.16124469589816123,0.17677931109420844,0.43828159864510075,0.33004970577046944,2
2021-22,2022-01-11,Southampton,Brentford,H,0.4944044142709536,0.43911667163712537,2.23,H,1,0.05528774263382824,0.05528774263382824,0.4484304932735426,0.04597392099741099,0.10252184382422658,True,1.23,2.15,2.23,0.4543782803130041,0.43911667163712537,0.0629694906825502,0.10252184382422658,0
2021-22,2022-01-12,West Ham,Norwich,H,0.835172230903409,0.6958293785941599,1.4,H,1,0.13934285230924903,0.13934285230924903,0.7142857142857143,0.12088651661769467,0.16924112326477259,True,0.3999999999999999,1.32,1.4,0.729835317376856,0.6958293785941599,0.10242734479249993,0.16924112326477259,0
2021-22,2022-01-14,Brighton,Crystal Palace,D,0.2633590280464316,0.23600717841059154,4.14,A,0,0.02735184963584003,0.02735184963584003,0.24154589371980678,0.021813134326624795,0.0903063761122267,True,-1.0,4.08,4.14,0.23959149441393807,0.23600717841059154,0.07450483442944078,0.0903063761122267,2
2021-22,2022-01-15,Aston Villa,Man United,D,0.4627868571532717,0.3361605690372814,2.91,A,0,0.1266262881159903,0.1266262881159903,0.3436426116838488,0.11914424546942293,0.3467097543160207,True,-1.0,2.49,2.91,0.38895471224966355,0.3361605690372814,0.15233927431164673,0.3467097543160207,2
2021-22,2022-01-15,Man City,Chelsea,H,0.7164261062941915,0.5851977333607006,1.67,H,1,0.13122837293349088,0.13122837293349088,0.5988023952095809,0.11762371108461056,0.19643159751129957,True,0.6699999999999999,1.72,1.67,0.5603512004276274,0.5851977333607006,0.2322529028260092,0.19643159751129957,0
2021-22,2022-01-15,Newcastle,Watford,D,0.5726004373903746,0.5276796485241532,1.84,H,0,0.04492078886622142,0.04492078886622142,0.5434782608695652,0.029122176520809395,0.0535848047982892,True,-1.0,2.05,1.84,0.4718853130238885,0.5276796485241532,0.17383089665026774,0.0535848047982892,0
2021-22,2022-01-15,Norwich,Everton,H,0.2765157656610459,0.27483082454684177,3.56,H,1,0.0016849411142041415,0.0016849411142041415,0.2808988764044944,-0.004383110743448493,-0.01560387424667653,False,2.56,3.77,3.56,0.2567348720620749,0.27483082454684177,0.04246443654214316,-0.01560387424667653,0
2021-22,2022-01-15,Wolves,Southampton,H,0.3289139579949008,0.2846484762792937,3.44,A,0,0.044265481715607125,0.044265481715607125,0.29069767441860467,0.03821628357629614,0.13146401550245868,True,-1.0,3.4,3.44,0.28441484300666037,0.2846484762792937,0.11830745718266278,0.13146401550245868,2
2021-22,2022-01-16,Liverpool,Brentford,H,0.8661453663219975,0.7576581446451361,1.29,H,1,0.10848722167686131,0.10848722167686131,0.7751937984496123,0.09095156787238512,0.1173275225553767,True,0.29000000000000004,1.3,1.29,0.7419665731365133,0.7576581446451361,0.12598897621859684,0.1173275225553767,0
2021-22,2022-01-16,West Ham,Leeds,A,0.6692973073310632,0.5765120899617502,1.69,H,0,0.092785217369313,0.092785217369313,0.591715976331361,0.07758133099970221,0.13111244938949684,True,-1.0,1.65,1.69,0.5857711116269019,0.5765120899617502,0.10434055709625412,0.13111244938949684,0
2021-22,2022-01-18,Brighton,Chelsea,D,0.2213885390983732,0.17779779475603402,5.48,H,0,0.04359074434233917,0.04359074434233917,0.18248175182481752,0.038906787273555676,0.21320919425908524,True,-1.0,4.75,5.48,0.20317615205534323,0.17779779475603402,0.05159556071727267,0.21320919425908524,0
2021-22,2022-01-19,Brentford,Man United,A,0.2457915230758414,0.19819534406833844,4.91,H,0,0.04759617900750296,0.04759617900750296,0.20366598778004072,0.04212553529580068,0.20683637830238122,True,-1.0,4.68,4.91,0.20652781305562612,0.19819534406833844,0.15030432799493765,0.20683637830238122,0
2021-22,2022-01-19,Leicester,Tottenham,A,0.3430725961036729,0.2919152876164722,3.34,H,0,0.05115730848720074,0.05115730848720074,0.29940119760479045,0.04367139849888246,0.14586247098626748,True,-1.0,3.12,3.34,0.30999289550277687,0.2919152876164722,0.07038649984345957,0.14586247098626748,0
2021-22,2022-01-21,Watford,Norwich,A,0.6301480710609395,0.4720876038852571,2.07,H,0,0.1580604671756824,0.1580604671756824,0.48309178743961356,0.14705628362132594,0.3044065070961446,True,-1.0,2.09,2.07,0.46229814398019103,0.4720876038852571,0.31700946851736345,0.3044065070961446,0
2021-22,2022-01-22,Brentford,Wolves,A,0.3542377703314471,0.38701727421058413,2.53,H,0,-0.03277950387913703,0.03277950387913703,0.3952569169960475,-0.04101914666460038,-0.10377844106143885,False,-1.0,3.15,2.53,0.30740672999466867,0.38701727421058413,0.11584897654405824,-0.10377844106143885,0
2021-22,2022-01-22,Everton,Aston Villa,A,0.4890065268824705,0.36830273793314144,2.65,H,0,0.12070378894932904,0.12070378894932904,0.37735849056603776,0.11164803631643272,0.2958672962385467,True,-1.0,2.82,2.65,0.3433904672458324,0.36830273793314144,0.3789984058085667,0.2958672962385467,0
2021-22,2022-01-22,Leeds,Newcastle,A,0.6047324901678703,0.5251628512935046,1.86,H,0,0.07956963887436574,0.07956963887436574,0.5376344086021505,0.06709808156571984,0.12480243171223893,True,-1.0,2.03,1.86,0.47645537636847785,0.5251628512935046,0.22760695504077666,0.12480243171223893,0
2021-22,2022-01-22,Man United,West Ham,H,0.2820662035593638,0.27161266463744205,3.6,D,0,0.010453538921921746,0.010453538921921746,0.2777777777777778,0.004288425781586003,0.015438332813709765,True,-1.0,3.85,3.6,0.2511302026857953,0.27161266463744205,0.08595488370355064,0.015438332813709765,1
2021-22,2022-01-22,Southampton,Man City,D,0.1179460193605303,0.08035659642179563,12.25,H,0,0.03758942293873467,0.03758942293873467,0.08163265306122448,0.036313366299305816,0.44483873716649613,True,-1.0,10.23,12.25,0.09336668962588372,0.08035659642179563,0.20658777805822504,0.44483873716649613,0
2021-22,2022-01-23,Arsenal,Burnley,D,0.1832145109701244,0.08229371167875858,11.9,A,0,0.10092079929136581,0.10092079929136581,0.08403361344537814,0.09918089752474625,1.1802526805444802,True,-1.0,9.18,11.9,0.10516772438803267,0.08229371167875858,0.6819092107057418,1.1802526805444802,2
2021-22,2022-01-23,Chelsea,Tottenham,H,0.672398467711953,0.5611936323332759,1.74,H,1,0.11120483537867709,0.11120483537867709,0.5747126436781609,0.09768582403379211,0.1699733338187983,True,0.74,1.7,1.74,0.5680620873654699,0.5611936323332759,0.14307739511032014,0.1699733338187983,0
2021-22,2022-01-23,Crystal Palace,Liverpool,A,0.1848875964957592,0.15556775103994688,6.26,H,0,0.029319845455812316,0.029319845455812316,0.1597444089456869,0.025143187550072305,0.15739635406345265,True,-1.0,5.75,6.26,0.16777629826897472,0.15556775103994688,0.06310367985061549,0.15739635406345265,0
2021-22,2022-01-23,Leicester,Brighton,D,0.4773415323085011,0.36091490847480906,2.71,H,0,0.11642662383369207,0.11642662383369207,0.36900369003690037,0.10833784227160076,0.2935955525560381,True,-1.0,2.66,2.71,0.36383466026829536,0.36091490847480906,0.2697284759406131,0.2935955525560381,0
2021-22,2022-02-05,Burnley,Watford,D,0.618686156183794,0.4404702836802933,2.22,H,0,0.17821587250350068,0.17821587250350068,0.4504504504504504,0.16823570573334357,0.3734832667280228,True,-1.0,2.19,2.22,0.4418482022212702,0.4404702836802933,0.35492268204250865,0.3734832667280228,0
2021-22,2022-02-08,Burnley,Man United,D,0.2895020157825475,0.14646592955055063,6.65,H,0,0.14303608623199685,0.14303608623199685,0.15037593984962405,0.13912607593292342,0.9251884049539407,True,-1.0,6.09,6.65,0.16041488343990737,0.14646592955055063,0.763067276115714,0.9251884049539407,0
2021-22,2022-02-08,Newcastle,Everton,H,0.4089619416098932,0.37659875570745777,2.59,H,1,0.03236318590243542,0.03236318590243542,0.3861003861003861,0.02286155550950708,0.059211428769623264,True,1.5899999999999999,2.57,2.59,0.3808636363636364,0.37659875570745777,0.05103218993742553,0.059211428769623264,0
2021-22,2022-02-08,West Ham,Watford,H,0.6990078216019214,0.6331999641383509,1.55,H,1,0.06580785746357054,0.06580785746357054,0.6451612903225806,0.053846531279340804,0.08346212348297821,True,0.55,1.54,1.55,0.6336063399145891,0.6331999641383509,0.07647204526695894,0.08346212348297821,0
2021-22,2022-02-09,Aston Villa,Leeds,D,0.2405163942295821,0.24585818422796554,3.96,A,0,-0.005341789998383445,0.005341789998383445,0.25252525252525254,-0.012008858295670444,-0.04755507885085486,False,-1.0,4.4,3.96,0.22200655101298072,0.24585818422796554,0.05827213461016134,-0.04755507885085486,2
2021-22,2022-02-09,Man City,Brentford,H,0.9117240090796944,0.8824087545069265,1.1,H,1,0.029315254572767957,0.029315254572767957,0.9090909090909091,0.002633099988785359,0.0028964099876640503,True,0.10000000000000009,1.12,1.1,0.8667782542024095,0.8824087545069265,0.021130890169257954,0.0028964099876640503,0
2021-22,2022-02-09,Norwich,Crystal Palace,D,0.5143241334812354,0.4235829012406839,2.31,A,0,0.09074123224055153,0.09074123224055153,0.4329004329004329,0.0814237005808025,0.1880887483416538,True,-1.0,2.21,2.31,0.442934276671011,0.4235829012406839,0.13665633499353014,0.1880887483416538,2
2021-22,2022-02-09,Tottenham,Southampton,A,0.253200702297493,0.15188396471998242,6.41,A,1,0.10131673757751056,0.10131673757751056,0.15600624024961,0.09719446204788298,0.62301650172693,True,5.41,6.03,6.41,0.1616950184444354,0.15188396471998242,0.5268002348538827,0.62301650172693,2
2021-22,2022-02-10,Liverpool,Leicester,H,0.1088716504268672,0.06936416184971098,14.0,A,0,0.03950748857715622,0.03950748857715622,0.07142857142857142,0.03744307899829577,0.5242031059761407,True,-1.0,11.21,14.0,0.08668730650154798,0.06936416184971098,0.22045120128518136,0.5242031059761407,2
2021-22,2022-02-10,Wolves,Arsenal,A,0.3072515237633063,0.23413395155379027,4.16,H,0,0.07311757220951601,0.07311757220951601,0.24038461538461536,0.06686690837869091,0.27816633885535413,True,-1.0,3.72,4.16,0.26299817342403886,0.23413395155379027,0.14297566839949938,0.27816633885535413,0
2021-22,2022-02-12,Brentford,Crystal Palace,D,0.3772310823389631,0.3918280388054023,2.49,A,0,-0.014596956466439215,0.014596956466439215,0.4016064257028112,-0.024375343363848112,-0.06069460497598189,False,-1.0,2.98,2.49,0.32858584380271605,0.3918280388054023,0.12414862537011007,-0.06069460497598189,2
2021-22,2022-02-12,Everton,Leeds,H,0.4483554993660973,0.3655951228880095,2.67,A,0,0.08276037647808782,0.08276037647808782,0.37453183520599254,0.07382366416010477,0.19710918330747984,True,-1.0,3.12,2.67,0.3136798207670637,0.3655951228880095,0.39886915802222367,0.19710918330747984,2
2021-22,2022-02-12,Man United,Southampton,D,0.3094982725952319,0.15569405944068213,6.26,A,0,0.15380421315454976,0.15380421315454976,0.1597444089456869,0.149753863649545,0.9374591864461514,True,-1.0,5.53,6.26,0.1762819469722194,0.15569405944068213,0.7115254474516324,0.9374591864461514,2
2021-22,2022-02-12,Norwich,Man City,A,0.0693382464608481,0.05245196443934614,18.5,H,0,0.016886282021501962,0.016886282021501962,0.05405405405405406,0.015284192406794045,0.2827575595256899,True,-1.0,18.96,18.5,0.05139880318886311,0.05245196443934614,0.31465315289768014,0.2827575595256899,0
2021-22,2022-02-12,Watford,Brighton,A,0.469797744243859,0.4877338877338877,2.0,A,1,-0.0179361434900287,0.0179361434900287,0.5,-0.030202255756140994,-0.06040451151228199,False,1.0,2.14,2.0,0.4568337241795739,0.4877338877338877,0.005367172681858268,-0.06040451151228199,2
2021-22,2022-02-13,Burnley,Liverpool,A,0.1217349542942724,0.07173305894458326,13.5,H,0,0.05000189534968914,0.05000189534968914,0.07407407407407407,0.047660880220198334,0.6434218829726774,True,-1.0,10.82,13.5,0.08942977267475348,0.07173305894458326,0.31717220546402736,0.6434218829726774,0
2021-22,2022-02-13,Leicester,West Ham,D,0.5032420637428459,0.3228042683381837,3.02,H,0,0.18043779540466215,0.18043779540466215,0.33112582781456956,0.1721162359282763,0.5197910325033945,True,-1.0,3.05,3.02,0.3206472391160131,0.3228042683381837,0.5348882944156799,0.5197910325033945,0
2021-22,2022-02-13,Newcastle,Aston Villa,H,0.3971808901932688,0.36646722095056,2.67,A,0,0.030713669242708797,0.030713669242708797,0.37453183520599254,0.022649054987276263,0.0604729768160277,True,-1.0,2.67,2.67,0.3666128555512608,0.36646722095056,0.0604729768160277,0.0604729768160277,2
2021-22,2022-02-13,Tottenham,Wolves,A,0.2984940581225204,0.16523542983663206,5.9,A,1,0.13325862828588833,0.13325862828588833,0.1694915254237288,0.12900253269879158,0.7611149429228703,True,4.9,5.86,5.9,0.16662537037610595,0.16523542983663206,0.7491751805979696,0.7611149429228703,2
2021-22,2022-02-15,Man United,Brighton,H,0.2594350913213555,0.1951220236592545,5.0,A,0,0.06431306766210101,0.06431306766210101,0.2,0.05943509132135549,0.29717545660677747,True,-1.0,4.87,5.0,0.20084485294333496,0.1951220236592545,0.2634488947350013,0.29717545660677747,2
2021-22,2022-02-19,Arsenal,Brentford,H,0.134408138637348,0.12419581307165692,7.83,A,0,0.010212325565691072,0.010212325565691072,0.1277139208173691,0.006694217819978893,0.05241572553043472,True,-1.0,8.32,7.83,0.11729744622838312,0.12419581307165692,0.11827571346273524,0.05241572553043472,2
2021-22,2022-02-19,Aston Villa,Watford,A,0.6886815133658964,0.6030663738972996,1.61,H,0,0.08561513946859689,0.08561513946859689,0.6211180124223602,0.06756350094353625,0.10877723651909332,True,-1.0,1.68,1.61,0.5799626926111514,0.6030663738972996,0.15698494245470607,0.10877723651909332,0
2021-22,2022-02-19,Brighton,Burnley,A,0.2178376752134924,0.14411664641555286,6.76,A,1,0.07372102879793954,0.07372102879793954,0.14792899408284024,0.06990868113065216,0.4725826844432086,True,5.76,6.18,6.76,0.1578402544407105,0.14411664641555286,0.346236832819383,0.4725826844432086,2
2021-22,2022-02-19,Crystal Palace,Chelsea,A,0.259349975190943,0.15001456521069817,6.49,H,0,0.10933540998024482,0.10933540998024482,0.15408320493066255,0.10526677026028045,0.6831813389892201,True,-1.0,5.86,6.49,0.16670022450191782,0.15001456521069817,0.519790854618926,0.6831813389892201,0
2021-22,2022-02-19,Liverpool,Norwich,H,0.9145929456061304,0.8604814960903642,1.13,H,1,0.054111449515766186,0.054111449515766186,0.8849557522123894,0.029637193393740935,0.03349002853492711,True,0.1299999999999999,1.13,1.13,0.8651386717708185,0.8604814960903642,0.03349002853492711,0.03349002853492711,0
2021-22,2022-02-19,Man City,Tottenham,A,0.8122499019239344,0.7581124653871758,1.28,H,0,0.05413743653675862,0.05413743653675862,0.78125,0.030999901923934425,0.0396798744626361,True,-1.0,1.29,1.28,0.7566955354695616,0.7581124653871758,0.04780237348187533,0.0396798744626361,0
2021-22,2022-02-19,Southampton,Everton,H,0.4871690969460165,0.4893579861286043,1.99,H,1,-0.0021888891825878054,0.0021888891825878054,0.5025125628140703,-0.015343465868053796,-0.03053349707742714,False,0.99,2.1,1.99,0.4656024140364539,0.4893579861286043,0.02305510358663465,-0.03053349707742714,0
2021-22,2022-02-19,West Ham,Newcastle,D,0.2028289267400122,0.1678438359805287,5.8,A,0,0.0349850907594835,0.0349850907594835,0.1724137931034483,0.030415133636563924,0.17640777509207073,True,-1.0,5.4,5.8,0.18078973603224827,0.1678438359805287,0.09527620439606599,0.17640777509207073,2
2021-22,2022-02-20,Leeds,Man United,A,0.2709343588217899,0.22767300351487207,4.27,D,0,0.043261355306917826,0.043261355306917826,0.234192037470726,0.036742321351063895,0.15688971216904268,True,-1.0,3.84,4.27,0.25499300914583306,0.22767300351487207,0.040387937875673074,0.15688971216904268,1
2021-22,2022-02-20,Wolves,Leicester,H,0.3652102889657255,0.2560908886099578,3.81,A,0,0.10911940035576767,0.10911940035576767,0.26246719160104987,0.10274309736467563,0.3914512009594142,True,-1.0,3.5,3.81,0.2796441375647324,0.2560908886099578,0.2782360113800393,0.3914512009594142,2
2021-22,2022-02-23,Burnley,Tottenham,H,0.3780089944577121,0.20710996682675648,4.71,H,1,0.1708990276309556,0.1708990276309556,0.21231422505307856,0.1656947694046335,0.7804223638958239,True,3.71,4.94,4.71,0.1973688816288431,0.20710996682675648,0.8673644326210979,0.7804223638958239,0
2021-22,2022-02-23,Liverpool,Leeds,H,0.1164400994474265,0.06082105390819235,16.0,A,0,0.055619045539234156,0.055619045539234156,0.0625,0.053940099447426504,0.8630415911588241,True,-1.0,17.91,16.0,0.05417464124279655,0.06082105390819235,1.0854421811034087,0.8630415911588241,2
2021-22,2022-02-23,Watford,Crystal Palace,A,0.3606936594786863,0.3231086979012994,3.03,H,0,0.03758496157738689,0.03758496157738689,0.33003300330033003,0.030660656178356283,0.0929017882204195,True,-1.0,3.24,3.03,0.30195599022004893,0.3231086979012994,0.16864745671094372,0.0929017882204195,0
2021-22,2022-02-24,Arsenal,Wolves,H,0.2434110171753031,0.15860517435320584,6.16,A,0,0.08480584282209727,0.08480584282209727,0.16233766233766234,0.08107335483764078,0.4994118657998672,True,-1.0,6.08,6.16,0.16015829164488912,0.15860517435320584,0.47993898442584304,0.4994118657998672,2
2021-22,2022-02-25,Southampton,Norwich,H,0.6781538770473234,0.6421704083311296,1.51,H,1,0.035983468716193845,0.035983468716193845,0.6622516556291391,0.015902221418184315,0.02401235434145832,True,0.51,1.56,1.51,0.6262569648214698,0.6421704083311296,0.05792004819382468,0.02401235434145832,0
2021-22,2022-02-26,Brentford,Newcastle,A,0.3674934019167375,0.27119594076346687,3.6,A,1,0.09629746115327065,0.09629746115327065,0.2777777777777778,0.08971562413895973,0.32297624690025506,True,2.6,3.15,3.6,0.31059092206679983,0.27119594076346687,0.15760421603772312,0.32297624690025506,2
2021-22,2022-02-26,Brighton,Aston Villa,A,0.4752391102416447,0.43331138240210737,2.26,H,0,0.041927727839537354,0.041927727839537354,0.4424778761061947,0.03276123413545001,0.07404038914611699,True,-1.0,2.24,2.26,0.43642691415313223,0.43331138240210737,0.06453560694128435,0.07404038914611699,0
2021-22,2022-02-26,Crystal Palace,Burnley,D,0.5207500387497852,0.5084693104005369,1.92,H,0,0.012280728349248315,0.012280728349248315,0.5208333333333334,-8.329458354816577e-05,-0.0001599256004124472,False,-1.0,2.0,1.92,0.488377634226411,0.5084693104005369,0.04150007749957041,-0.0001599256004124472,0
2021-22,2022-02-26,Everton,Man City,A,0.145066023228205,0.07780979827089336,12.5,H,0,0.06725622495731164,0.06725622495731164,0.08,0.065066023228205,0.8133252903525625,True,-1.0,10.59,12.5,0.09152755210112157,0.07780979827089336,0.5362491859866909,0.8133252903525625,0
2021-22,2022-02-26,Leeds,Tottenham,A,0.3898842029355074,0.2581092662560484,3.79,H,0,0.131774936679459,0.131774936679459,0.2638522427440633,0.12603196019144408,0.477661129125573,True,-1.0,4.14,3.79,0.23578237975602362,0.2581092662560484,0.6141206001530006,0.477661129125573,0
2021-22,2022-02-26,Man United,Watford,D,0.1878642255538486,0.19502333292398377,4.98,D,1,-0.00715910737013517,0.00715910737013517,0.2008032128514056,-0.012938987297556992,-0.0644361567418339,False,3.9800000000000004,5.67,4.98,0.17231439042849003,0.19502333292398377,0.06519015889032165,-0.0644361567418339,1
2021-22,2022-02-27,West Ham,Wolves,H,0.2959472097773378,0.21041750160626474,4.64,A,0,0.08552970817107305,0.08552970817107305,0.21551724137931036,0.08042996839802743,0.37319505336684733,True,-1.0,4.03,4.64,0.24259499264651943,0.21041750160626474,0.19266725540267138,0.37319505336684733,2
2021-22,2022-03-01,Burnley,Leicester,A,0.4253532780177578,0.3319048508671931,2.95,H,0,0.09344842715056467,0.09344842715056467,0.3389830508474576,0.08637022717030018,0.25479217015238564,True,-1.0,2.98,2.95,0.3281180610118539,0.3319048508671931,0.2675527684929182,0.25479217015238564,0
2021-22,2022-03-05,Aston Villa,Southampton,H,0.3282622301164495,0.2958858138714254,3.32,A,0,0.03237641624502413,0.03237641624502413,0.30120481927710846,0.027057410839341045,0.08983060398661236,True,-1.0,3.1,3.32,0.3155326748061031,0.2958858138714254,0.017612913360993465,0.08983060398661236,2
2021-22,2022-03-05,Burnley,Chelsea,A,0.1772955482976612,0.1316334428012634,7.4,H,0,0.04566210549639779,0.04566210549639779,0.13513513513513511,0.042160413162526084,0.31198705740269284,True,-1.0,7.69,7.4,0.12666994174471494,0.1316334428012634,0.3634027664090147,0.31198705740269284,0
2021-22,2022-03-05,Leicester,Leeds,H,0.6231881990141199,0.4566976611342071,2.14,H,1,0.1664905378799128,0.1664905378799128,0.4672897196261682,0.1558984793879517,0.3336227458902168,True,1.1400000000000001,1.82,2.14,0.5368942781082392,0.4566976611342071,0.1342025222056984,0.3336227458902168,0
2021-22,2022-03-05,Liverpool,West Ham,H,0.8227672319009717,0.765802684151214,1.27,H,1,0.05696454774975768,0.05696454774975768,0.7874015748031495,0.035365657097822134,0.04491438451423413,True,0.27,1.3,1.27,0.7463233908652397,0.765802684151214,0.06959740147126325,0.04491438451423413,0
2021-22,2022-03-05,Newcastle,Brighton,H,0.396144432125726,0.34936917634546166,2.8,H,1,0.04677525578026431,0.04677525578026431,0.35714285714285715,0.039001574982868825,0.10920440995203262,True,1.7999999999999998,2.82,2.8,0.3471971622275285,0.34936917634546166,0.11712729859454729,0.10920440995203262,0
2021-22,2022-03-05,Norwich,Brentford,A,0.4189314982347013,0.3947477612728494,2.48,A,1,0.024183736961851943,0.024183736961851943,0.40322580645161293,0.015705691783088394,0.0389501156220593,True,1.48,2.64,2.48,0.3709188825311343,0.3947477612728494,0.10597915533961166,0.0389501156220593,2
2021-22,2022-03-05,Wolves,Crystal Palace,A,0.3237469136878019,0.2756313764843619,3.55,A,1,0.04811553720343997,0.04811553720343997,0.28169014084507044,0.04205677284273146,0.14930154359169667,True,2.55,3.5,3.55,0.27958788766277914,0.2756313764843619,0.13311419790730672,0.14930154359169667,2
2021-22,2022-03-06,Man City,Man United,H,0.7408106731429341,0.6805995518813258,1.43,H,1,0.060211121261608325,0.060211121261608325,0.6993006993006994,0.04150997384223476,0.05935926259439572,True,0.42999999999999994,1.43,1.43,0.6833870687233274,0.6805995518813258,0.05935926259439572,0.05935926259439572,0
2021-22,2022-03-06,Watford,Arsenal,A,0.2854252388424826,0.14285897581202195,6.84,H,0,0.14256626303046066,0.14256626303046066,0.14619883040935672,0.1392264084331259,0.952308633682581,True,-1.0,6.29,6.84,0.1551949147908936,0.14285897581202195,0.7953247523192157,0.952308633682581,0
2021-22,2022-03-07,Tottenham,Everton,H,0.181227096368095,0.19336206576894444,5.05,A,0,-0.012134969400849432,0.012134969400849432,0.19801980198019803,-0.016792705612103026,-0.08480316334112026,False,-1.0,5.97,5.05,0.16376794677249912,0.19336206576894444,0.08192576531752715,-0.08480316334112026,2
2021-22,2022-03-10,Leeds,Aston Villa,A,0.4270130702603606,0.38924403018930176,2.51,A,1,0.03776904007105886,0.03776904007105886,0.39840637450199207,0.02860669575836855,0.071802806353505,True,1.5099999999999998,2.61,2.51,0.37507634545992746,0.38924403018930176,0.11450411337954125,0.071802806353505,2
2021-22,2022-03-10,Norwich,Chelsea,A,0.821567822816977,0.7134515910629655,1.36,A,1,0.10811623175401153,0.10811623175401153,0.7352941176470588,0.08627370516991828,0.11733223903108891,True,0.3600000000000001,1.28,1.36,0.7622458698906031,0.7134515910629655,0.05160681320573057,0.11733223903108891,2
2021-22,2022-03-10,Southampton,Newcastle,A,0.360141055945855,0.22180751799520126,4.41,A,1,0.13833353795065373,0.13833353795065373,0.22675736961451246,0.13338368633134254,0.5882220567212206,True,3.41,3.89,4.41,0.2510119295903896,0.22180751799520126,0.40094870762937607,0.5882220567212206,2
2021-22,2022-03-10,Wolves,Watford,H,0.5625597348812785,0.49594118945878196,1.97,H,1,0.06661854542249657,0.06661854542249657,0.5076142131979695,0.05494552168330902,0.10824267771611873,True,0.97,1.84,1.97,0.5309580966415516,0.49594118945878196,0.03510991218155257,0.10824267771611873,0
2021-22,2022-03-12,Brentford,Burnley,H,0.303112724057182,0.25224374444747577,3.88,A,0,0.05086897960970621,0.05086897960970621,0.2577319587628866,0.045380765294295355,0.17607736934186602,True,-1.0,3.78,3.88,0.2589834898025251,0.25224374444747577,0.14576609693614784,0.17607736934186602,2
2021-22,2022-03-12,Brighton,Liverpool,A,0.7539899875074492,0.6469934700260996,1.51,A,1,0.10699651748134953,0.10699651748134953,0.6622516556291391,0.09173833187831004,0.13852488113624828,True,0.51,1.54,1.51,0.6335426116735259,0.6469934700260996,0.16114458076147176,0.13852488113624828,2
2021-22,2022-03-12,Man United,Tottenham,H,0.3569068271740315,0.3137948683712753,3.12,A,0,0.0431119588027562,0.0431119588027562,0.3205128205128205,0.03639400666121101,0.1135493007829782,True,-1.0,3.35,3.12,0.2920296730785819,0.3137948683712753,0.19563787103300556,0.1135493007829782,2
2021-22,2022-03-13,Arsenal,Leicester,H,0.218590327129024,0.1231682914953281,7.92,A,0,0.09542203563369589,0.09542203563369589,0.12626262626262627,0.09232770086639772,0.7312353908618701,True,-1.0,6.22,7.92,0.15661016949152542,0.1231682914953281,0.35963183474252913,0.7312353908618701,2
2021-22,2022-03-13,Chelsea,Newcastle,H,0.7742039749297538,0.6913793268723819,1.41,H,1,0.08282464805737189,0.08282464805737189,0.7092198581560284,0.0649841167737254,0.09162760465095277,True,0.4099999999999999,1.34,1.41,0.7190011967278509,0.6913793268723819,0.03743332640587016,0.09162760465095277,0
2021-22,2022-03-13,Everton,Wolves,A,0.3899342529472789,0.26496990062253073,3.69,A,1,0.12496435232474817,0.12496435232474817,0.2710027100271003,0.1189315429201786,0.43885739337545915,True,2.69,3.48,3.69,0.28122636052151473,0.26496990062253073,0.3569712002565306,0.43885739337545915,2
2021-22,2022-03-13,Leeds,Norwich,H,0.6797197958932792,0.6030929350542439,1.62,H,1,0.07662686083903536,0.07662686083903536,0.6172839506172839,0.06243584527599533,0.10114606934711246,True,0.6200000000000001,1.65,1.62,0.5917302895154586,0.6030929350542439,0.12153766322391069,0.10114606934711246,0
2021-22,2022-03-13,Southampton,Watford,A,0.2635624797264413,0.24097747903382857,4.05,D,0,0.02258500069261274,0.02258500069261274,0.2469135802469136,0.016648899479527718,0.06742804289208726,True,-1.0,4.33,4.05,0.2255591315797709,0.24097747903382857,0.14122553721549091,0.06742804289208726,1
2021-22,2022-03-13,West Ham,Aston Villa,H,0.3545215807314804,0.32509412342445576,3.01,A,0,0.029427457307024618,0.029427457307024618,0.33222591362126247,0.02229566711021791,0.06710995800175579,True,-1.0,3.28,3.01,0.2980683462135238,0.32509412342445576,0.1628307847992556,0.06710995800175579,2
2021-22,2022-03-14,Crystal Palace,Man City,D,0.1596832261959826,0.0985829329648713,9.88,H,0,0.0611002932311113,0.0611002932311113,0.10121457489878542,0.05846865129719718,0.5776702748163083,True,-1.0,9.58,9.88,0.10172986047106335,0.0985829329648713,0.5297653069575134,0.5776702748163083,0
2021-22,2022-03-16,Arsenal,Liverpool,A,0.3316367191299652,0.26069331115846367,3.75,H,0,0.0709434079715015,0.0709434079715015,0.26666666666666666,0.06497005246329851,0.24363769673736946,True,-1.0,3.78,3.75,0.2579962752185227,0.26069331115846367,0.2535867983112683,0.24363769673736946,0
2021-22,2022-03-16,Brighton,Tottenham,A,0.5001208533006388,0.4615065228692949,2.12,A,1,0.038614330431343935,0.038614330431343935,0.4716981132075471,0.028422740093091703,0.0602562089973544,True,1.12,2.33,2.12,0.4200368019883399,0.4615065228692949,0.16528158819048855,0.0602562089973544,2
2021-22,2022-03-17,Everton,Newcastle,H,0.3521025759878032,0.2983353715775262,3.28,A,0,0.05376720441027699,0.05376720441027699,0.3048780487804878,0.0472245272073154,0.15489644923999446,True,-1.0,3.22,3.28,0.3035519166579353,0.2983353715775262,0.13377029468072643,0.15489644923999446,2
2021-22,2022-03-18,Wolves,Leeds,A,0.6032187050840957,0.4278153280491408,2.29,H,0,0.1754033770349549,0.1754033770349549,0.4366812227074236,0.1665374823766721,0.38137083464257926,True,-1.0,2.17,2.29,0.4509565260591694,0.4278153280491408,0.3089845900324877,0.38137083464257926,0
2021-22,2022-03-19,Aston Villa,Arsenal,A,0.4507737595925395,0.3835678723259145,2.55,A,1,0.06720588726662502,0.06720588726662502,0.3921568627450981,0.058616896847441424,0.14947308696097572,True,1.5499999999999998,2.45,2.55,0.3992531437698243,0.3835678723259145,0.10439571100172196,0.14947308696097572,2
2021-22,2022-03-20,Leicester,Brentford,H,0.5528151205866247,0.4589673235220754,2.13,H,1,0.09384779706454932,0.09384779706454932,0.4694835680751174,0.08333155251150737,0.17749620684951073,True,1.13,2.25,2.13,0.4346548925771676,0.4589673235220754,0.24383402131990572,0.17749620684951073,0
2021-22,2022-03-20,Tottenham,West Ham,H,0.2355239179442567,0.18337241807307655,5.32,A,0,0.052151499871180146,0.052151499871180146,0.18796992481203006,0.047553993132226635,0.2529872434634457,True,-1.0,4.92,5.32,0.19885355220760123,0.18337241807307655,0.1587776762857429,0.2529872434634457,2
2021-22,2022-04-02,Brighton,Norwich,D,0.6873421694823474,0.639660309154982,1.52,H,0,0.04768186032736543,0.04768186032736543,0.6578947368421053,0.029447432640242077,0.044760097613168126,True,-1.0,1.53,1.52,0.6378790921871862,0.639660309154982,0.05163351930799154,0.044760097613168126,0
2021-22,2022-04-02,Burnley,Man City,A,0.1214281834158371,0.058788000805315085,16.5,H,0,0.06264018261052201,0.06264018261052201,0.06060606060606061,0.06082212280977649,1.0035650263613123,True,-1.0,15.0,16.5,0.06469324080222189,0.058788000805315085,0.8214227512375565,1.0035650263613123,0
2021-22,2022-04-02,Chelsea,Brentford,A,0.7952251451765494,0.694692194027788,1.4,H,0,0.10053295114876137,0.10053295114876137,0.7142857142857143,0.0809394308908351,0.11331520324716915,True,-1.0,1.35,1.4,0.7210917985012489,0.694692194027788,0.07355394598834186,0.11331520324716915,0
2021-22,2022-04-02,Leeds,Southampton,D,0.4506738217856551,0.3410782206052589,2.86,A,0,0.10959560118039624,0.10959560118039624,0.3496503496503497,0.10102347213530544,0.2889271303069736,True,-1.0,3.01,2.86,0.32518925217275874,0.3410782206052589,0.35652820357482184,0.2889271303069736,2
2021-22,2022-04-02,Liverpool,Watford,H,0.9015312200056722,0.8314991440449987,1.17,H,1,0.07003207596067351,0.07003207596067351,0.8547008547008548,0.046830365304817434,0.0547915274066364,True,0.16999999999999993,1.13,1.17,0.8602555502693502,0.8314991440449987,0.018730278606409412,0.0547915274066364,0
2021-22,2022-04-02,Man United,Leicester,D,0.2117067625666011,0.17115040657902014,5.69,A,0,0.04055635598758095,0.04055635598758095,0.17574692442882248,0.035959838137778616,0.20461147900396037,True,-1.0,6.41,5.69,0.15202097954070093,0.17115040657902014,0.3570403480519131,0.20461147900396037,2
2021-22,2022-04-02,Wolves,Aston Villa,H,0.4173641153165182,0.3097163668638147,3.16,H,1,0.10764774845270347,0.10764774845270347,0.3164556962025316,0.10090841911398657,0.31887060440019743,True,2.16,3.11,3.16,0.314849591707942,0.3097163668638147,0.2980023986343714,0.31887060440019743,0
2021-22,2022-04-03,Tottenham,Newcastle,H,0.1787695812037506,0.15096110652962436,6.45,A,0,0.027808474674126255,0.027808474674126255,0.15503875968992248,0.023730821513828132,0.1530637987641914,True,-1.0,6.87,6.45,0.14195482282410876,0.15096110652962436,0.22814702286976662,0.1530637987641914,2
2021-22,2022-04-03,West Ham,Everton,H,0.5827395590136112,0.5453447918884162,1.79,H,1,0.03739476712519496,0.03739476712519496,0.5586592178770949,0.024080341136516248,0.04310381063436397,True,0.79,1.81,1.79,0.5403042397104502,0.5453447918884162,0.05475860181463621,0.04310381063436397,0
2021-22,2022-04-04,Crystal Palace,Arsenal,H,0.4224182729213933,0.2356469288930422,4.15,H,1,0.18677134402835108,0.18677134402835108,0.24096385542168672,0.18145441749970656,0.7530358326237823,True,3.1500000000000004,4.15,4.15,0.235459615326852,0.2356469288930422,0.7530358326237823,0.7530358326237823,0
2021-22,2022-04-06,Burnley,Everton,H,0.4079358364905043,0.37770587988127935,2.59,H,1,0.03022995660922495,0.03022995660922495,0.3861003861003861,0.021835450390118194,0.05655381651040603,True,1.5899999999999999,2.54,2.59,0.384929352771633,0.37770587988127935,0.03615702468588089,0.05655381651040603,0
2021-22,2022-04-08,Newcastle,Wolves,H,0.4411852468787445,0.21998084037841867,4.47,A,0,0.22120440650032583,0.22120440650032583,0.2237136465324385,0.217471600346306,0.9720980535479877,True,-1.0,3.62,4.47,0.2702794167414623,0.21998084037841867,0.5970905937010551,0.9720980535479877,2
2021-22,2022-04-09,Arsenal,Brighton,A,0.1832046213369521,0.1520230882437262,6.43,A,1,0.031181533093225883,0.031181533093225883,0.15552099533437014,0.02768362600258195,0.1780057151966019,True,5.43,5.85,6.43,0.16711211318986152,0.1520230882437262,0.07174703482116973,0.1780057151966019,2
2021-22,2022-04-09,Aston Villa,Tottenham,A,0.5143684425098543,0.44507365314602365,2.2,A,1,0.0692947893638306,0.0692947893638306,0.45454545454545453,0.05982298796439972,0.13161057352167949,True,1.2000000000000002,2.3,2.2,0.4253575739839778,0.44507365314602365,0.18304741777266464,0.13161057352167949,2
2021-22,2022-04-09,Everton,Man United,H,0.2481137092083033,0.23898677000859755,4.09,H,1,0.009126939199705753,0.009126939199705753,0.24449877750611249,0.003614931702190821,0.014785070661960553,True,3.09,4.52,4.09,0.21589416827656485,0.23898677000859755,0.1214739656215309,0.014785070661960553,0
2021-22,2022-04-09,Southampton,Chelsea,A,0.572807994749841,0.4767645926264172,2.05,A,1,0.09604340212342383,0.09604340212342383,0.48780487804878053,0.08500311670106048,0.17425638923717401,True,1.0499999999999998,1.95,2.05,0.5008619338661652,0.4767645926264172,0.11697558976219002,0.17425638923717401,2
2021-22,2022-04-09,Watford,Leeds,A,0.2833673624126365,0.2834483621189553,3.45,D,0,-8.099970631880726e-05,8.099970631880726e-05,0.2898550724637681,-0.006487710051131634,-0.022382599676404102,False,-1.0,3.6,3.45,0.2718933854626792,0.2834483621189553,0.02012250468549137,-0.022382599676404102,1
2021-22,2022-04-10,Brentford,West Ham,H,0.3940306669232568,0.35457591887110396,2.76,A,0,0.03945474805215282,0.03945474805215282,0.3623188405797102,0.03171182634354658,0.08752464070818866,True,-1.0,2.82,2.76,0.3470925345762971,0.35457591887110396,0.11116648072358415,0.08752464070818866,2
2021-22,2022-04-10,Leicester,Crystal Palace,H,0.3340412733890299,0.31570183989046374,3.1,A,0,0.01833943349856615,0.01833943349856615,0.3225806451612903,0.011460628227739578,0.03552794750599264,True,-1.0,3.04,3.1,0.32161211793345956,0.31570183989046374,0.01548547110265086,0.03552794750599264,2
2021-22,2022-04-10,Man City,Liverpool,D,0.540652997852153,0.49357929471633605,1.98,H,0,0.04707370313581699,0.04707370313581699,0.5050505050505051,0.035602492801647956,0.07049293574726301,True,-1.0,2.1,1.98,0.4651405874359778,0.49357929471633605,0.13537129548952143,0.07049293574726301,0
2021-22,2022-04-10,Norwich,Burnley,H,0.3290907609407129,0.3028846153846154,3.23,H,1,0.02620614555609746,0.02620614555609746,0.30959752321981426,0.019493237720898615,0.06296315783850259,True,2.23,3.1,3.23,0.3157412357748415,0.3028846153846154,0.02018135891620987,0.06296315783850259,0
2021-22,2022-04-16,Man United,Norwich,H,0.0685345207534683,0.09727524804208552,9.95,A,0,-0.02874072728861722,0.02874072728861722,0.10050251256281408,-0.03196799180934577,-0.3180815185029904,False,-1.0,14.96,9.95,0.06481188744862472,0.09727524804208552,0.02527643047188577,-0.3180815185029904,2
2021-22,2022-04-16,Southampton,Arsenal,H,0.359053416594653,0.23925677654485694,4.08,H,1,0.11979664004979607,0.11979664004979607,0.24509803921568626,0.11395537737896674,0.46493793970618436,True,3.08,3.97,4.08,0.24614040582194602,0.23925677654485694,0.42544206388077255,0.46493793970618436,0
2021-22,2022-04-16,Tottenham,Brighton,A,0.7201710036101021,0.645432603804459,1.51,H,0,0.07473839980564312,0.07473839980564312,0.6622516556291391,0.05791934798096299,0.0874582154512542,True,-1.0,1.56,1.51,0.6258274638563787,0.645432603804459,0.1234667656317594,0.0874582154512542,0
2021-22,2022-04-16,Watford,Brentford,A,0.4236819008688829,0.3789869952087611,2.58,A,1,0.0446949056601218,0.0446949056601218,0.38759689922480617,0.03608500164407674,0.09309930424171786,True,1.58,2.62,2.58,0.3738426234249594,0.3789869952087611,0.11004658027647318,0.09309930424171786,2
2021-22,2022-04-17,Newcastle,Leicester,H,0.518143802165978,0.25070765359843566,3.9,A,0,0.26743614856754233,0.26743614856754233,0.25641025641025644,0.26173354575572155,1.020760828447314,True,-1.0,3.46,3.9,0.2826633165829146,0.25070765359843566,0.7927775554942837,1.020760828447314,2
2021-22,2022-04-17,West Ham,Burnley,D,0.5849322455947286,0.5404579434858244,1.81,H,0,0.04447430210890413,0.04447430210890413,0.5524861878453039,0.03244605774942466,0.05872736452645877,True,-1.0,1.73,1.81,0.5642908344150184,0.5404579434858244,0.011932784878880387,0.05872736452645877,0
2021-22,2022-04-19,Liverpool,Man United,H,0.7382432689171422,0.7257091062440783,1.34,H,1,0.012534162673063953,0.012534162673063953,0.7462686567164178,-0.00802538779927564,-0.0107540196510294,False,0.3400000000000001,1.41,1.34,0.692824674788013,0.7257091062440783,0.04092300917317049,-0.0107540196510294,0
2021-22,2022-04-20,Chelsea,Arsenal,A,0.7746416112192459,0.49841517277214864,1.96,H,0,0.27622643844709727,0.27622643844709727,0.5102040816326531,0.26443752958659283,0.518297557989722,True,-1.0,1.88,1.96,0.5197469791582191,0.49841517277214864,0.4563262290921821,0.518297557989722,0
2021-22,2022-04-20,Everton,Leicester,D,0.5209322733825891,0.3375783526931172,2.9,A,0,0.18335392068947187,0.18335392068947187,0.3448275862068966,0.1761046871756925,0.5107035928095083,True,-1.0,3.26,2.9,0.3001823207669235,0.3375783526931172,0.6982392112272402,0.5107035928095083,2
2021-22,2022-04-20,Man City,Brighton,H,0.8992566654660817,0.7898234288969054,1.23,H,1,0.10943323656917636,0.10943323656917636,0.8130081300813008,0.08624853538478094,0.10608569852328054,True,0.22999999999999998,1.2,1.23,0.8113742235556719,0.7898234288969054,0.07910799855929795,0.10608569852328054,0
2021-22,2022-04-20,Newcastle,Crystal Palace,H,0.4507265393274752,0.2763610694432189,3.54,A,0,0.17436546988425627,0.17436546988425627,0.2824858757062147,0.1682406636212605,0.5955719492192622,True,-1.0,3.36,3.54,0.290948275862069,0.2763610694432189,0.5144411721403166,0.5955719492192622,2
2021-22,2022-04-21,Burnley,Southampton,H,0.4224666879317307,0.36097748701173754,2.7,H,1,0.06148920091999316,0.06148920091999316,0.37037037037037035,0.05209631756136035,0.1406600574156729,True,1.7000000000000002,2.75,2.7,0.3555511665976672,0.36097748701173754,0.16178339181225931,0.1406600574156729,0
2021-22,2022-04-23,Arsenal,Man United,H,0.5509766861042518,0.47413230352713204,2.06,H,1,0.07684438257711973,0.07684438257711973,0.4854368932038835,0.06553979290036827,0.13501197337475856,True,1.06,2.13,2.06,0.4586867911776922,0.47413230352713204,0.17358034140205625,0.13501197337475856,0
2021-22,2022-04-23,Brentford,Tottenham,D,0.5859316772653107,0.5575484613400528,1.75,A,0,0.028383215925257943,0.028383215925257943,0.5714285714285714,0.014503105836739305,0.025380435214293673,True,-1.0,1.88,1.75,0.5193185161076304,0.5575484613400528,0.10155155325878407,0.025380435214293673,2
2021-22,2022-04-23,Leicester,Aston Villa,D,0.6161053496597131,0.32054312676109614,3.05,H,0,0.29556222289861694,0.29556222289861694,0.3278688524590164,0.28823649720069666,0.8791213164621248,True,-1.0,2.95,3.05,0.3314637612505921,0.32054312676109614,0.8175107814961537,0.8791213164621248,0
2021-22,2022-04-23,Man City,Watford,H,0.9698250074668404,0.860282465214287,1.13,H,1,0.10954254225255344,0.10954254225255344,0.8849557522123894,0.08486925525445099,0.09590225843752953,True,0.1299999999999999,1.13,1.13,0.8640072870158596,0.860282465214287,0.09590225843752953,0.09590225843752953,0
2021-22,2022-04-23,Norwich,Newcastle,A,0.5643714349934588,0.4345419680990151,2.25,A,1,0.1298294668944437,0.1298294668944437,0.4444444444444444,0.11992699054901435,0.26983572873528217,True,1.25,2.22,2.25,0.4408924337141625,0.4345419680990151,0.2529045856854786,0.26983572873528217,2
2021-22,2022-04-24,Brighton,Southampton,D,0.3374126045365574,0.2504521396613063,3.91,A,0,0.08696046487525111,0.08696046487525111,0.2557544757033248,0.08165812883323259,0.31928328373793957,True,-1.0,3.76,3.91,0.260237517522076,0.2504521396613063,0.2686713930574558,0.31928328373793957,2
2021-22,2022-04-24,Burnley,Wolves,H,0.403486548220781,0.38034428077415416,2.57,H,1,0.02314226744662684,0.02314226744662684,0.38910505836575876,0.014381489855022245,0.03696042892740703,True,1.5699999999999998,2.73,2.57,0.358154593282072,0.38034428077415416,0.10151827664273205,0.03696042892740703,0
2021-22,2022-04-24,Chelsea,West Ham,H,0.7782294203934118,0.676493318532466,1.43,H,1,0.10173610186094584,0.10173610186094584,0.6993006993006994,0.07892872109271243,0.11286807116257891,True,0.42999999999999994,1.53,1.43,0.6382475211814804,0.676493318532466,0.19069101320192017,0.11286807116257891,0
2021-22,2022-04-24,Liverpool,Everton,H,0.8818262712465115,0.8038755904059671,1.21,H,1,0.07795068084054435,0.07795068084054435,0.8264462809917356,0.05537999025477591,0.06700978820827874,True,0.20999999999999996,1.18,1.21,0.8211437148659387,0.8038755904059671,0.04055500007088342,0.06700978820827874,0
2021-22,2022-04-25,Crystal Palace,Leeds,D,0.2936189515879608,0.32444954145917715,2.99,A,0,-0.03083058987121634,0.03083058987121634,0.33444816053511706,-0.04082920894715625,-0.12207933475199717,False,-1.0,3.6,2.99,0.27160842673699415,0.32444954145917715,0.057028225716659,-0.12207933475199717,2
2021-22,2022-04-28,Man United,Chelsea,D,0.4740162568479694,0.4587020337479673,2.13,A,0,0.015314223100002078,0.015314223100002078,0.4694835680751174,0.0045326887728520115,0.009654627086174816,True,-1.0,2.27,2.13,0.43110245501793476,0.4587020337479673,0.0760169030448905,0.009654627086174816,2
2021-22,2022-04-30,Aston Villa,Norwich,H,0.2097610131019154,0.18785771173319216,5.19,D,0,0.021903301368723233,0.021903301368723233,0.19267822736030826,0.017082785741607126,0.08865965799894093,True,-1.0,5.12,5.19,0.19005519903065118,0.18785771173319216,0.07397638708180687,0.08865965799894093,1
2021-22,2022-04-30,Leeds,Man City,A,0.1678109288221862,0.16781922134494962,5.8,D,0,-8.292522763408972e-06,8.292522763408972e-06,0.1724137931034483,-0.004602864281262081,-0.026696612831320077,False,-1.0,6.15,5.8,0.15893685337138777,0.16781922134494962,0.03203721225644518,-0.026696612831320077,1
2021-22,2022-04-30,Newcastle,Liverpool,A,0.8242802721230573,0.6291480287111204,1.55,A,1,0.1951322434119369,0.1951322434119369,0.6451612903225806,0.1791189818004767,0.27763442179073894,True,0.55,1.43,1.55,0.6826509916570148,0.6291480287111204,0.1787207891359719,0.27763442179073894,2
2021-22,2022-04-30,Southampton,Crystal Palace,A,0.3949965243987832,0.3037930431742702,3.22,A,1,0.091203481224513,0.091203481224513,0.3105590062111801,0.08443751818760309,0.27188880856408204,True,2.22,3.13,3.22,0.31235018553400956,0.3037930431742702,0.23633912136819135,0.27188880856408204,2
2021-22,2022-04-30,Watford,Burnley,A,0.3632284172997175,0.3350843643680544,2.92,A,1,0.02814405293166311,0.02814405293166311,0.3424657534246575,0.020762663875059983,0.06062697851517518,True,1.92,2.78,2.92,0.3516820739089612,0.3350843643680544,0.009775000093214636,0.06062697851517518,2
2021-22,2022-04-30,Wolves,Brighton,A,0.5133526848018111,0.3484001404434773,2.81,H,0,0.16495254435833379,0.16495254435833379,0.35587188612099646,0.1574807986808146,0.44252104429308914,True,-1.0,2.77,2.81,0.35341746298052373,0.3484001404434773,0.42198693690101674,0.44252104429308914,0
2021-22,2022-05-01,Everton,Chelsea,H,0.6621026114978967,0.5646080936493486,1.73,A,0,0.09749451784854812,0.09749451784854812,0.5780346820809249,0.08406792941697183,0.1454375178913614,True,-1.0,1.79,1.73,0.5451852798290217,0.5646080936493486,0.18516367458123528,0.1454375178913614,2
2021-22,2022-05-01,Tottenham,Leicester,H,0.1914356972534344,0.10800187123215929,9.05,A,0,0.08343382602127511,0.08343382602127511,0.11049723756906077,0.08093845968437363,0.7324930601435815,True,-1.0,7.29,9.05,0.1335379481794139,0.10800187123215929,0.3955662329775367,0.7324930601435815,2
2021-22,2022-05-01,West Ham,Arsenal,A,0.362492131501648,0.21445034692431642,4.57,H,0,0.14804178457733158,0.14804178457733158,0.2188183807439825,0.1436737507576655,0.6565890409625315,True,-1.0,4.68,4.57,0.20859940400170285,0.21445034692431642,0.6964631754277124,0.6565890409625315,0
2021-22,2022-05-02,Man United,Brentford,H,0.5861236655271759,0.5422535211267605,1.8,H,1,0.04387014440041537,0.04387014440041537,0.5555555555555556,0.030568109971620294,0.05502259794891651,True,0.8,1.78,1.8,0.5487294687399714,0.5422535211267605,0.04330012463837307,0.05502259794891651,0
2021-22,2022-05-07,Brentford,Southampton,H,0.320607251523639,0.2679094038977393,3.65,A,0,0.052697847625899685,0.052697847625899685,0.273972602739726,0.04663464878391299,0.17021646806128232,True,-1.0,3.5,3.65,0.27941176470588236,0.2679094038977393,0.12212538033273646,0.17021646806128232,2
2021-22,2022-05-07,Brighton,Man United,H,0.398146804537445,0.32721864154685176,2.99,H,1,0.07092816299059324,0.07092816299059324,0.33444816053511706,0.06369864400232794,0.19045894556696052,True,1.9900000000000002,2.81,2.99,0.3486534387452917,0.32721864154685176,0.11879252075022051,0.19045894556696052,0
2021-22,2022-05-07,Burnley,Aston Villa,A,0.3792118664838581,0.30678211006564804,3.19,H,0,0.07242975641821003,0.07242975641821003,0.31347962382445144,0.06573224265940664,0.20968585408350715,True,-1.0,3.07,3.19,0.3187336691028894,0.30678211006564804,0.16418043010544414,0.20968585408350715,0
2021-22,2022-05-07,Chelsea,Wolves,D,0.783095731703808,0.704847719686619,1.38,H,0,0.078248012017189,0.078248012017189,0.7246376811594204,0.058458050544387574,0.08067210975125483,True,-1.0,1.36,1.38,0.7155963302752294,0.704847719686619,0.06501019511717887,0.08067210975125483,0
2021-22,2022-05-07,Crystal Palace,Watford,H,0.6324948082938284,0.5743388332615799,1.7,H,1,0.058155975032248564,0.058155975032248564,0.5882352941176471,0.04425951417618135,0.07524117409950826,True,0.7,1.7,1.7,0.5739518762914084,0.5743388332615799,0.07524117409950826,0.07524117409950826,0
2021-22,2022-05-07,Liverpool,Tottenham,D,0.7390736137905535,0.6822670522677577,1.43,H,0,0.05680656152279573,0.05680656152279573,0.6993006993006994,0.039772914489854094,0.05687526772049134,True,-1.0,1.46,1.43,0.668544729971142,0.6822670522677577,0.07904747613420815,0.05687526772049134,0
2021-22,2022-05-08,Arsenal,Leeds,H,0.2206781224036375,0.21386840340963512,4.56,D,0,0.006809718994002373,0.006809718994002373,0.2192982456140351,0.0013798767896023856,0.006292238160586772,True,-1.0,5.01,4.56,0.194433199529353,0.21386840340963512,0.10559739324222384,0.006292238160586772,1
2021-22,2022-05-08,Leicester,Everton,A,0.5349109045436247,0.35733417000826473,2.74,H,0,0.17757673453535994,0.17757673453535994,0.36496350364963503,0.16994740089398963,0.4656558784495317,True,-1.0,2.71,2.74,0.3610175903881503,0.35733417000826473,0.44960855131322286,0.4656558784495317,0
2021-22,2022-05-08,Man City,Newcastle,H,0.9169377533785716,0.8286252354048965,1.17,H,1,0.08831251797367512,0.08831251797367512,0.8547008547008548,0.06223689867771687,0.07281717145292865,True,0.16999999999999993,1.19,1.17,0.8166877589584453,0.8286252354048965,0.0911559265205002,0.07281717145292865,0
2021-22,2022-05-08,Norwich,West Ham,A,0.2634995889870748,0.2351352398452504,4.15,D,0,0.028364349141824424,0.028364349141824424,0.24096385542168672,0.0225357335653881,0.09352329429636064,True,-1.0,3.88,4.15,0.2517175799358136,0.2351352398452504,0.022378405269850354,0.09352329429636064,1
2021-22,2022-05-10,Aston Villa,Liverpool,A,0.1732262792727427,0.14809590973201694,6.6,H,0,0.025130369540725755,0.025130369540725755,0.15151515151515152,0.02171112775759118,0.14329344320010184,True,-1.0,7.54,6.6,0.12913037863896584,0.14809590973201694,0.3061261457164799,0.14329344320010184,0
2021-22,2022-05-11,Leeds,Chelsea,A,0.3226180895485395,0.19700081660933905,4.95,H,0,0.12561727293920044,0.12561727293920044,0.20202020202020202,0.12059788752833747,0.5969595432652706,True,-1.0,5.15,4.95,0.18949296036306212,0.19700081660933905,0.6614831611749785,0.5969595432652706,0
2021-22,2022-05-11,Leicester,Norwich,H,0.7140177469032272,0.7182471025999574,1.36,H,1,-0.004229355696730219,0.004229355696730219,0.7352941176470588,-0.021276370743831596,-0.028935864211610984,False,0.3600000000000001,1.45,1.36,0.6735857330799592,0.7182471025999574,0.03532573300967945,-0.028935864211610984,0
2021-22,2022-05-11,Watford,Everton,D,0.282742903074772,0.16225514055129847,6.01,H,0,0.12048776252347354,0.12048776252347354,0.1663893510815308,0.11635355199324121,0.6992848474793798,True,-1.0,4.43,6.01,0.22006797490640118,0.16225514055129847,0.25255106062124,0.6992848474793798,0
2021-22,2022-05-11,Wolves,Man City,A,0.0732042404215007,0.07617994266753945,12.79,H,0,-0.0029757022460387555,0.0029757022460387555,0.07818608287724786,-0.0049818424557471624,-0.06371776500900617,False,-1.0,14.04,12.79,0.06891571065694885,0.07617994266753945,0.027787535517869832,-0.06371776500900617,0
2021-22,2022-05-12,Tottenham,Arsenal,H,0.4637358047690654,0.4211880201509477,2.32,H,1,0.0425477846181177,0.0425477846181177,0.4310344827586207,0.03270132201044468,0.07586706706423163,True,1.3199999999999998,2.18,2.32,0.44872831402327185,0.4211880201509477,0.010944054396562652,0.07586706706423163,0
2021-22,2022-05-15,Aston Villa,Crystal Palace,D,0.3077623830348707,0.2126391233934048,4.57,A,0,0.0951232596414659,0.0951232596414659,0.2188183807439825,0.0889440022908882,0.4064740904693591,True,-1.0,3.72,4.57,0.2614482894329969,0.2126391233934048,0.14487606488971894,0.4064740904693591,2
2021-22,2022-05-15,Everton,Brentford,A,0.4186329524356083,0.2259807769014012,4.32,A,1,0.19265217553420708,0.19265217553420708,0.23148148148148145,0.18715147095412682,0.8084943545218279,True,3.3200000000000003,3.55,4.32,0.2741731885887402,0.2259807769014012,0.4861469811464092,0.8084943545218279,2
2021-22,2022-05-15,Leeds,Brighton,D,0.454939844362174,0.3582554517133956,2.73,A,0,0.09668439264877837,0.09668439264877837,0.3663003663003663,0.08863947806180772,0.2419857751087351,True,-1.0,2.62,2.73,0.37192939799864744,0.3582554517133956,0.19194239222889586,0.2419857751087351,2
2021-22,2022-05-15,Tottenham,Burnley,H,0.1163489527043677,0.09102858705403187,10.72,A,0,0.025320365650335824,0.025320365650335824,0.09328358208955223,0.023065370614815464,0.24726077299082183,True,-1.0,9.3,10.72,0.10392812463184349,0.09102858705403187,0.08204526015061964,0.24726077299082183,2
2021-22,2022-05-15,Watford,Leicester,A,0.4978219257922125,0.582105078359392,1.67,A,1,-0.08428315256717944,0.08428315256717944,0.5988023952095809,-0.10098046941736838,-0.1686373839270051,False,0.6699999999999999,2.02,1.67,0.4813420061622733,0.582105078359392,0.00560029010026919,-0.1686373839270051,2
2021-22,2022-05-15,West Ham,Man City,D,0.7849951223371302,0.702714725906477,1.39,A,0,0.08228039643065321,0.08228039643065321,0.7194244604316548,0.06557066190547545,0.09114322004861086,True,-1.0,1.39,1.39,0.6987475785880052,0.702714725906477,0.09114322004861086,0.09114322004861086,2
2021-22,2022-05-15,Wolves,Norwich,D,0.7776915926162679,0.6173962639465659,1.57,H,0,0.16029532866970198,0.16029532866970198,0.6369426751592356,0.14074891745703222,0.2209758004075406,True,-1.0,1.49,1.57,0.6510314735795182,0.6173962639465659,0.15876047299823903,0.2209758004075406,0
2021-22,2022-05-16,Newcastle,Arsenal,H,0.2547765142653625,0.22218785770539265,4.31,H,1,0.03258865655996987,0.03258865655996987,0.2320185614849188,0.022757952780443708,0.09808677648371233,True,3.3099999999999996,4.31,4.31,0.22527467245970026,0.22218785770539265,0.09808677648371233,0.09808677648371233,0
2021-22,2022-05-17,Southampton,Liverpool,A,0.1896699205294177,0.1862223103538381,5.24,D,0,0.0034476101755795963,0.0034476101755795963,0.19083969465648853,-0.0011697741270708384,-0.006129616425851192,False,-1.0,5.53,5.24,0.175877550318306,0.1862223103538381,0.04887466052767997,-0.006129616425851192,1
2021-22,2022-05-19,Aston Villa,Burnley,D,0.4982111634076268,0.479120790046068,2.04,H,0,0.019090373361558777,0.019090373361558777,0.49019607843137253,0.00801508497625425,0.016350773351558656,True,-1.0,2.07,2.04,0.4697919829147517,0.479120790046068,0.0312971082537874,0.016350773351558656,0
2021-22,2022-05-19,Chelsea,Leicester,D,0.1228485604855241,0.12920937379663083,7.49,A,0,-0.0063608133111067305,0.0063608133111067305,0.13351134846461948,-0.010662787979095381,-0.07986428196342443,False,-1.0,9.07,7.49,0.10695038974509817,0.12920937379663083,0.11423644360370355,-0.07986428196342443,2
2021-22,2022-05-19,Everton,Crystal Palace,H,0.4494333617137635,0.21040053053716892,4.64,A,0,0.2390328311765946,0.2390328311765946,0.21551724137931036,0.23391612033445316,1.0853707983518626,True,-1.0,4.25,4.64,0.2285824869539685,0.21040053053716892,0.910091787283495,1.0853707983518626,2
2021-22,2022-05-22,Arsenal,Everton,H,0.2577063007918652,0.11018363939899835,8.84,A,0,0.14752266139286685,0.14752266139286685,0.11312217194570136,0.14458412884616384,1.2781236990000884,True,-1.0,9.24,8.84,0.10475926431066017,0.11018363939899835,1.3812062193168342,1.2781236990000884,2
2021-22,2022-05-22,Brentford,Leeds,A,0.5727515081878645,0.41088249876053545,2.38,H,0,0.161869009427329,0.161869009427329,0.42016806722689076,0.1525834409609737,0.36314858948711737,True,-1.0,2.38,2.38,0.40894039735099336,0.41088249876053545,0.36314858948711737,0.36314858948711737,0
2021-22,2022-05-22,Brighton,West Ham,H,0.2760935998119448,0.2875844433418572,3.4,D,0,-0.011490843529912365,0.011490843529912365,0.29411764705882354,-0.018024047246878727,-0.06128176063938762,False,-1.0,3.69,3.4,0.26365436906240564,0.2875844433418572,0.018785383306076264,-0.06128176063938762,1
2021-22,2022-05-22,Burnley,Newcastle,A,0.3236949446498627,0.32076690672088476,3.05,A,1,0.0029280379289779446,0.0029280379289779446,0.3278688524590164,-0.004173907809153721,-0.01273041881791881,False,2.05,3.3,3.05,0.2946449372635596,0.32076690672088476,0.06819331734454681,-0.01273041881791881,2
2021-22,2022-05-22,Chelsea,Watford,H,0.9495561108559424,0.8181536879703919,1.18,H,1,0.13140242288555048,0.13140242288555048,0.8474576271186441,0.10209848373729824,0.12047621081001192,True,0.17999999999999994,1.16,1.18,0.8328316206020872,0.8181536879703919,0.10148508859289307,0.12047621081001192,0
2021-22,2022-05-22,Crystal Palace,Man United,H,0.4908719646296176,0.34737672583826434,2.82,H,1,0.14349523879135323,0.14349523879135323,0.3546099290780142,0.13626203555160338,0.38425894025552143,True,1.8199999999999998,3.15,2.82,0.3088913226192599,0.34737672583826434,0.5462466885832953,0.38425894025552143,0
2021-22,2022-05-22,Leicester,Southampton,H,0.5661440499298098,0.5710143635821777,1.7,H,1,-0.004870313652367897,0.004870313652367897,0.5882352941176471,-0.022091244187837256,-0.0375551151193233,False,0.7,1.88,1.7,0.516522462296288,0.5710143635821777,0.06435081386804242,-0.0375551151193233,0
2021-22,2022-05-22,Liverpool,Wolves,H,0.8901275104683855,0.8496732026143791,1.14,H,1,0.04045430785400639,0.04045430785400639,0.8771929824561404,0.012934528012245039,0.014745361933959256,True,0.1399999999999999,1.15,1.14,0.8408360956054488,0.8496732026143791,0.023646637038643226,0.014745361933959256,0
2021-22,2022-05-22,Man City,Aston Villa,H,0.8749296304907244,0.8277397141167878,1.17,H,1,0.04718991637393655,0.04718991637393655,0.8547008547008548,0.02022877578986959,0.023667667674147408,True,0.16999999999999993,1.15,1.17,0.8415290994307939,0.8277397141167878,0.006169075064332841,0.023667667674147408,0
2021-22,2022-05-22,Norwich,Tottenham,A,0.0955827855636478,0.09890636888750762,9.82,H,0,-0.003323583323859819,0.003323583323859819,0.10183299389002036,-0.006250208326372561,-0.0613770457649786,False,-1.0,11.2,9.82,0.0860833339679977,0.09890636888750762,0.07052719831285525,-0.0613770457649786,0
2022-23,2022-08-05,Crystal Palace,Arsenal,A,0.3066966108975374,0.21286205326230032,4.58,H,0,0.0938345576352371,0.0938345576352371,0.2183406113537118,0.08835599954382561,0.4046704779107213,True,-1.0,4.5,4.58,0.21673971440689946,0.21286205326230032,0.3801347490389184,0.4046704779107213,0
2022-23,2022-08-06,Bournemouth,Aston Villa,H,0.3099450930111195,0.23898998438909436,4.09,H,1,0.07095510862202514,0.07095510862202514,0.24449877750611249,0.06544631550500701,0.2676754304154787,True,3.09,3.93,4.09,0.24849437559969786,0.23898998438909436,0.21808421553369972,0.2676754304154787,0
2022-23,2022-08-06,Everton,Chelsea,A,0.267368321836452,0.14138438880706924,6.89,H,0,0.12598393302938274,0.12598393302938274,0.14513788098693758,0.1222304408495144,0.842167737453154,True,-1.0,6.04,6.89,0.16146725419295652,0.14138438880706924,0.61490466389217,0.842167737453154,0
2022-23,2022-08-06,Fulham,Liverpool,D,0.7845421674827581,0.7568196939454424,1.29,A,0,0.027722473537315717,0.027722473537315717,0.7751937984496123,0.009348369033145731,0.012059396052757965,True,-1.0,1.28,1.29,0.7575335792330712,0.7568196939454424,0.004213974377930363,0.012059396052757965,2
2022-23,2022-08-06,Leeds,Wolves,H,0.4586949230112442,0.3991873246683015,2.45,H,1,0.059507598342942725,0.059507598342942725,0.4081632653061224,0.0505316577051218,0.12380256137754841,True,1.4500000000000002,2.39,2.45,0.40950709342753966,0.3991873246683015,0.09628086599687369,0.12380256137754841,0
2022-23,2022-08-06,Newcastle,Nott'm Forest,H,0.2732128103486811,0.14775844458222012,6.6,A,0,0.125454365766461,0.125454365766461,0.15151515151515152,0.12169765883352959,0.8032045483012953,True,-1.0,5.83,6.6,0.1675552609585291,0.14775844458222012,0.5928306843328108,0.8032045483012953,2
2022-23,2022-08-06,Tottenham,Southampton,H,0.1728029525535648,0.11425695114686417,8.55,A,0,0.05854600140670062,0.05854600140670062,0.11695906432748537,0.05584388822607941,0.477465244332979,True,-1.0,9.11,8.55,0.10706865077811561,0.11425695114686417,0.5742348977629752,0.477465244332979,2
2022-23,2022-08-07,Leicester,Brentford,D,0.4907583871994545,0.5030075402991334,1.96,H,0,-0.012249153099678889,0.012249153099678889,0.5102040816326531,-0.019445694433198546,-0.03811356108906916,False,-1.0,2.07,1.96,0.4729358788514326,0.5030075402991334,0.01586986150287073,-0.03811356108906916,0
2022-23,2022-08-07,Man United,Brighton,A,0.258023430292436,0.20701650419271683,4.72,A,1,0.051006926099719185,0.051006926099719185,0.21186440677966104,0.04615902351277498,0.21787059098029804,True,3.7199999999999998,5.68,4.72,0.17198664592051,0.20701650419271683,0.4655730840610366,0.21787059098029804,2
2022-23,2022-08-07,West Ham,Man City,A,0.1730703848842659,0.12241271592817674,8.0,H,0,0.05065766895608917,0.05065766895608917,0.125,0.048070384884265904,0.38456307907412723,True,-1.0,8.58,8.0,0.11385521490126645,0.12241271592817674,0.48494390230700146,0.38456307907412723,0
2022-23,2022-08-13,Arsenal,Leicester,H,0.2119703640475245,0.16315450102327844,5.97,A,0,0.048815863024246064,0.048815863024246064,0.16750418760469013,0.044466176442834376,0.2654630733637213,True,-1.0,6.22,5.97,0.15698861711187834,0.16315450102327844,0.31845566437560247,0.2654630733637213,2
2022-23,2022-08-13,Aston Villa,Everton,H,0.3760785580181453,0.19131247840315466,5.11,A,0,0.18476607961499067,0.18476607961499067,0.19569471624266144,0.1803838417754839,0.9217614314727227,True,-1.0,5.12,5.11,0.19083722802059802,0.19131247840315466,0.925522217052904,0.9217614314727227,2
2022-23,2022-08-13,Brentford,Man United,H,0.2931596826256288,0.21055828226181966,4.65,H,1,0.08260140036380914,0.08260140036380914,0.2150537634408602,0.07810591918476861,0.36319252420917403,True,3.6500000000000004,3.82,4.65,0.2561593856328829,0.21055828226181966,0.11986998762990209,0.36319252420917403,0
2022-23,2022-08-13,Brighton,Newcastle,D,0.3333198671290245,0.3117678180031743,3.14,A,0,0.02155204912585018,0.02155204912585018,0.3184713375796178,0.014848529549406686,0.04662438278513692,True,-1.0,3.22,3.14,0.30374693803489883,0.3117678180031743,0.07328997215545896,0.04662438278513692,2
2022-23,2022-08-13,Man City,Bournemouth,H,0.0772782383780834,0.02702702702702703,36.0,A,0,0.05025121135105637,0.05025121135105637,0.027777777777777776,0.04950046060030562,1.7820165816110025,True,-1.0,41.0,36.0,0.02364934347539188,0.02702702702702703,2.168407773501419,1.7820165816110025,2
2022-23,2022-08-13,Southampton,Leeds,D,0.4651763049520995,0.33043633549616047,2.96,A,0,0.13473996945593902,0.13473996945593902,0.33783783783783783,0.12733846711426167,0.3769218626582145,True,-1.0,3.18,2.96,0.3072433536017043,0.33043633549616047,0.47926064974767657,0.3769218626582145,2
2022-23,2022-08-13,Wolves,Fulham,D,0.4610577951847873,0.4389916887123631,2.23,H,0,0.022066106472424185,0.022066106472424185,0.4484304932735426,0.01262730191124467,0.028158883262075607,True,-1.0,2.44,2.23,0.40084534159622154,0.4389916887123631,0.12498102025088098,0.028158883262075607,0
2022-23,2022-08-14,Chelsea,Tottenham,D,0.4516716290679851,0.45129634417132075,2.17,H,0,0.0003752848966643296,0.0003752848966643296,0.4608294930875576,-0.009157864019572526,-0.019872564922472358,False,-1.0,2.28,2.17,0.42949343667594225,0.45129634417132075,0.02981131427500583,-0.019872564922472358,0
2022-23,2022-08-14,Nott'm Forest,West Ham,H,0.3797054160366417,0.2427046428464901,4.03,H,1,0.1370007731901516,0.1370007731901516,0.24813895781637715,0.13156645822026455,0.5302128266276662,True,3.0300000000000002,4.28,4.03,0.22832591683289857,0.2427046428464901,0.6251391806368265,0.5302128266276662,0
2022-23,2022-08-15,Liverpool,Crystal Palace,D,0.0727530827940777,0.0818174899155187,12.0,A,0,-0.009064407121440993,0.009064407121440993,0.08333333333333333,-0.010580250539255626,-0.12696300647106762,False,-1.0,18.57,12.0,0.05237197397652124,0.0818174899155187,0.35102474748602286,-0.12696300647106762,2
2022-23,2022-08-20,Bournemouth,Arsenal,A,0.1351787851546332,0.13431834209149437,7.26,H,0,0.000860443063138816,0.000860443063138816,0.13774104683195593,-0.002562261677322736,-0.018602019777363088,False,-1.0,7.55,7.26,0.12912973779735035,0.13431834209149437,0.020599827917480606,-0.018602019777363088,0
2022-23,2022-08-20,Crystal Palace,Aston Villa,H,0.35842767109723,0.3176710618471939,3.08,A,0,0.0407566092500361,0.0407566092500361,0.3246753246753247,0.03375234642190533,0.10395722697946841,True,-1.0,3.12,3.08,0.3137393929690538,0.3176710618471939,0.11829433382335774,0.10395722697946841,2
2022-23,2022-08-20,Everton,Nott'm Forest,D,0.3882825537203596,0.21119559517566858,4.62,A,0,0.177086958544691,0.177086958544691,0.21645021645021645,0.17183233727014313,0.7938653981880612,True,-1.0,4.27,4.62,0.22869264040568088,0.21119559517566858,0.6579665043859353,0.7938653981880612,2
2022-23,2022-08-20,Fulham,Brentford,H,0.567300678006601,0.35075528700906344,2.8,A,0,0.21654539099753756,0.21654539099753756,0.35714285714285715,0.21015782086374385,0.5884418984184827,True,-1.0,2.93,2.8,0.334143437219453,0.35075528700906344,0.6621909865593409,0.5884418984184827,2
2022-23,2022-08-20,Leicester,Southampton,A,0.2543045472976758,0.21679487179487178,4.51,A,1,0.03750967550280404,0.03750967550280404,0.22172949002217296,0.03257505727550286,0.14691350831251793,True,3.51,4.12,4.51,0.23683276569514408,0.21679487179487178,0.04773473486642432,0.14691350831251793,2
2022-23,2022-08-20,Tottenham,Wolves,H,0.1619255693169678,0.13975556707973094,6.99,A,0,0.022170002237236863,0.022170002237236863,0.14306151645207438,0.018864052864893427,0.13185972952560499,True,-1.0,7.95,6.99,0.12241771610083577,0.13975556707973094,0.2873082760698942,0.13185972952560499,2
2022-23,2022-08-21,Leeds,Chelsea,H,0.2476715058637641,0.15904764226525156,6.14,H,1,0.08862386359851254,0.08862386359851254,0.16286644951140067,0.08480505635236343,0.5207030460035116,True,5.14,6.23,6.14,0.1562548250625328,0.15904764226525156,0.5429934815312505,0.5207030460035116,0
2022-23,2022-08-21,Newcastle,Man City,D,0.1592541628898136,0.13962765957446807,7.0,H,0,0.019626503315345517,0.019626503315345517,0.14285714285714285,0.01639702003267074,0.11477914022869506,True,-1.0,9.43,7.0,0.10320210231315058,0.13962765957446807,0.501766756050942,0.11477914022869506,0
2022-23,2022-08-21,West Ham,Brighton,A,0.3535051044317678,0.3374573055028463,2.9,A,1,0.016047798928921497,0.016047798928921497,0.3448275862068966,0.008677518224871228,0.025164802852126522,True,1.9,3.22,2.9,0.30387368110381463,0.3374573055028463,0.13828643627029247,0.025164802852126522,2
2022-23,2022-08-22,Man United,Liverpool,H,0.2069297816563755,0.20970394736842102,4.65,H,1,-0.0027741657120455288,0.0027741657120455288,0.2150537634408602,-0.008123981784484702,-0.03777651529785386,False,3.6500000000000004,5.39,4.65,0.18097366571875773,0.20970394736842102,0.1153515231278639,-0.03777651529785386,0
2022-23,2022-08-27,Arsenal,Fulham,H,0.1165816761537075,0.1301480161721373,7.5,A,0,-0.01356634001842981,0.01356634001842981,0.13333333333333333,-0.01675165717962583,-0.12563742884719376,False,-1.0,9.75,7.5,0.09996789743682306,0.1301480161721373,0.1366713424986481,-0.12563742884719376,2
2022-23,2022-08-27,Brentford,Everton,D,0.2881914536412825,0.250390119934014,3.91,A,0,0.037801333707268514,0.037801333707268514,0.2557544757033248,0.03243697793795769,0.12682858373741457,True,-1.0,3.84,3.91,0.2545268904586277,0.250390119934014,0.10665518198252477,0.12682858373741457,2
2022-23,2022-08-27,Brighton,Leeds,H,0.3482158164844745,0.1921531631520533,5.09,A,0,0.15606265333242123,0.15606265333242123,0.19646365422396858,0.15175216226050595,0.7724185059059754,True,-1.0,4.24,5.09,0.2305913488097226,0.1921531631520533,0.4764350618941722,0.7724185059059754,2
2022-23,2022-08-27,Chelsea,Leicester,H,0.1872945977932985,0.12190357114948817,7.99,A,0,0.06539102664381032,0.06539102664381032,0.1251564455569462,0.0621381522363523,0.49648383636845494,True,-1.0,7.66,7.99,0.12724442775217762,0.12190357114948817,0.43467661909666644,0.49648383636845494,2
2022-23,2022-08-27,Liverpool,Bournemouth,H,0.0844541988413883,0.04983894582723279,19.5,A,0,0.03461525301415551,0.03461525301415551,0.05128205128205128,0.03317214755933702,0.6468568774070718,True,-1.0,23.11,19.5,0.042271715637543526,0.04983894582723279,0.9517365352244835,0.6468568774070718,2
2022-23,2022-08-27,Man City,Crystal Palace,H,0.0777385866725528,0.06098360655737705,16.0,A,0,0.016754980115175754,0.016754980115175754,0.0625,0.015238586672552804,0.24381738676084486,True,-1.0,16.26,16.0,0.059815767436296206,0.06098360655737705,0.26402941929570867,0.24381738676084486,2
2022-23,2022-08-27,Southampton,Man United,A,0.2835267320932492,0.26802599976485997,3.65,H,0,0.015500732328389222,0.015500732328389222,0.273972602739726,0.009554129353523177,0.03487257214035955,True,-1.0,4.31,3.65,0.2268999034142303,0.26802599976485997,0.22200021532190384,0.03487257214035955,0
2022-23,2022-08-28,Aston Villa,West Ham,A,0.3396169255097022,0.26153082692052304,3.74,A,1,0.07808609858917914,0.07808609858917914,0.267379679144385,0.0722372463653172,0.2701673014062862,True,2.74,3.18,3.74,0.3074980262444014,0.26153082692052304,0.07998182312085289,0.2701673014062862,2
2022-23,2022-08-28,Nott'm Forest,Tottenham,A,0.2203127413333814,0.13693954836598252,7.1,H,0,0.0833731929673989,0.0833731929673989,0.14084507042253522,0.0794676709108462,0.564220463467008,True,-1.0,7.15,7.1,0.13618534172182553,0.13693954836598252,0.5752361005336772,0.564220463467008,0
2022-23,2022-08-28,Wolves,Newcastle,D,0.4290264313314857,0.32600984094289964,3.0,A,0,0.10301659038858607,0.10301659038858607,0.3333333333333333,0.0956930979981524,0.2870792939944571,True,-1.0,2.79,3.0,0.35072570273746095,0.32600984094289964,0.19698374341484515,0.2870792939944571,2
2022-23,2022-08-30,Crystal Palace,Brentford,D,0.3012914225519895,0.25865769841214353,3.78,A,0,0.04263372413984595,0.04263372413984595,0.2645502645502646,0.036741158001724894,0.13888157724652017,True,-1.0,3.83,3.78,0.2551728464334631,0.25865769841214353,0.1539461483741198,0.13888157724652017,2
2022-23,2022-08-30,Fulham,Brighton,H,0.5307427617657696,0.4112285818446956,2.38,A,0,0.11951417992107405,0.11951417992107405,0.42016806722689076,0.11057469453887886,0.2631677730025317,True,-1.0,2.36,2.38,0.41494242666429865,0.4112285818446956,0.25255291776721633,0.2631677730025317,2
2022-23,2022-08-30,Leeds,Everton,D,0.544774446084538,0.45120305465725435,2.17,H,0,0.0935713914272836,0.0935713914272836,0.4608294930875576,0.08394495299698035,0.1821605480034474,True,-1.0,2.16,2.17,0.45244037961066114,0.45120305465725435,0.176712803542602,0.1821605480034474,0
2022-23,2022-08-30,Southampton,Chelsea,H,0.2475243217786529,0.18660788406825016,5.22,H,1,0.060916437710402754,0.060916437710402754,0.19157088122605365,0.055953440552599265,0.29207695968456804,True,4.22,5.28,5.22,0.18494682073677832,0.18660788406825016,0.30692841899128753,0.29207695968456804,0
2022-23,2022-08-31,Arsenal,Aston Villa,H,0.1492206284235459,0.15583235619578537,6.27,A,0,-0.0066117277722394785,0.0066117277722394785,0.1594896331738437,-0.010269004750297822,-0.0643866597843673,False,-1.0,6.97,6.27,0.1400722656913931,0.15583235619578537,0.04006778011211476,-0.0643866597843673,2
2022-23,2022-08-31,Bournemouth,Wolves,D,0.4510411774568956,0.4178759699105609,2.34,A,0,0.033165207546334674,0.033165207546334674,0.4273504273504274,0.023690750106468206,0.055436355249135705,True,-1.0,2.24,2.34,0.4367909238249595,0.4178759699105609,0.010332237503446251,0.055436355249135705,2
2022-23,2022-08-31,Liverpool,Newcastle,H,0.1605155189063103,0.09157765457145484,10.61,A,0,0.06893786433485546,0.06893786433485546,0.09425070688030161,0.06626481202600869,0.7030696555959521,True,-1.0,9.75,10.61,0.10013844023996307,0.09157765457145484,0.5650263093365255,0.7030696555959521,2
2022-23,2022-08-31,Man City,Nott'm Forest,H,0.0694564049149618,0.03743024363685858,26.0,A,0,0.03202616127810322,0.03202616127810322,0.038461538461538464,0.030994866453423336,0.8058665277890067,True,-1.0,31.06,26.0,0.031179853176693154,0.03743024363685858,1.1573159366587134,0.8058665277890067,2
2022-23,2022-08-31,West Ham,Tottenham,D,0.5513260508853525,0.42474409571905153,2.3,A,0,0.12658195516630094,0.12658195516630094,0.4347826086956522,0.11654344218970025,0.26804991703631065,True,-1.0,2.04,2.3,0.4791318183672636,0.42474409571905153,0.12470514380611908,0.26804991703631065,2
2022-23,2022-09-01,Leicester,Man United,A,0.3031763308188248,0.3055033944821609,3.2,H,0,-0.0023270636633361264,0.0023270636633361264,0.3125,-0.00932366918117522,-0.02983574137976064,False,-1.0,3.45,3.2,0.2833781588039428,0.3055033944821609,0.045958341324945584,-0.02983574137976064,0
2022-23,2022-09-03,Aston Villa,Man City,D,0.8828043107263939,0.7301420972187923,1.33,A,0,0.15266221350760156,0.15266221350760156,0.7518796992481203,0.1309246114782736,0.17412973326610381,True,-1.0,1.33,1.33,0.7319616413196085,0.7301420972187923,0.17412973326610381,0.17412973326610381,2
2022-23,2022-09-03,Brentford,Leeds,H,0.3814263016520745,0.2754561067277298,3.55,A,0,0.10597019492434467,0.10597019492434467,0.28169014084507044,0.09973616080700404,0.3540633708648644,True,-1.0,3.44,3.55,0.2845129617476933,0.2754561067277298,0.31210647768313615,0.3540633708648644,2
2022-23,2022-09-03,Chelsea,West Ham,H,0.2776735747064907,0.1795715509854327,5.44,A,0,0.09810202372105797,0.09810202372105797,0.1838235294117647,0.09385004529472599,0.5105442464033094,True,-1.0,6.17,5.44,0.15830392905372098,0.1795715509854327,0.7132459559390474,0.5105442464033094,2
2022-23,2022-09-03,Everton,Liverpool,D,0.8358730784369383,0.695049504950495,1.4,A,0,0.14082357348644325,0.14082357348644325,0.7142857142857143,0.12158736415122395,0.1702223098117135,True,-1.0,1.41,1.4,0.6919752710990422,0.695049504950495,0.17858104059608282,0.1702223098117135,2
2022-23,2022-09-03,Newcastle,Crystal Palace,D,0.5102519912585644,0.46169653990567805,2.12,H,0,0.0485554513528863,0.0485554513528863,0.4716981132075471,0.03855387805101723,0.08173422146815645,True,-1.0,2.1,2.12,0.4650490363028504,0.46169653990567805,0.07152918164298527,0.08173422146815645,0
2022-23,2022-09-03,Nott'm Forest,Bournemouth,A,0.6164445352767153,0.44260995289398813,2.21,H,0,0.17383458238272714,0.17383458238272714,0.45248868778280543,0.16395584749390985,0.36234242296154084,True,-1.0,2.05,2.21,0.47697508110954456,0.44260995289398813,0.26371129731726617,0.36234242296154084,0
2022-23,2022-09-03,Tottenham,Fulham,H,0.7233769504272064,0.6328600405679514,1.54,H,1,0.09051690985925498,0.09051690985925498,0.6493506493506493,0.07402630107655706,0.11400050365789793,True,0.54,1.52,1.54,0.6402947693105127,0.6328600405679514,0.09953296464935368,0.11400050365789793,0
2022-23,2022-09-03,Wolves,Southampton,H,0.4619099906006283,0.4570897754382508,2.14,H,1,0.004820215162377517,0.004820215162377517,0.4672897196261682,-0.005379729025539903,-0.01151262011465537,False,1.1400000000000001,2.3,2.14,0.4257178526841448,0.4570897754382508,0.062392978381444975,-0.01151262011465537,0
2022-23,2022-09-04,Brighton,Leicester,H,0.2608873255072341,0.22762666666666662,4.29,A,0,0.033260658840567475,0.033260658840567475,0.2331002331002331,0.027787092407001,0.1192066264260343,True,-1.0,4.85,4.29,0.201706038716266,0.22762666666666662,0.26530352871008533,0.1192066264260343,2
2022-23,2022-09-04,Man United,Arsenal,H,0.4023453589760363,0.3638695174983688,2.69,A,0,0.03847584147766747,0.03847584147766747,0.3717472118959108,0.030598147080125482,0.0823090156455375,True,-1.0,2.68,2.69,0.3648042752977763,0.3638695174983688,0.07828556205577741,0.0823090156455375,2
2022-23,2022-09-16,Aston Villa,Southampton,H,0.3358189927414569,0.26898391966856255,3.64,A,0,0.06683507307289432,0.06683507307289432,0.2747252747252747,0.061093718016182186,0.222381133578903,True,-1.0,3.6,3.64,0.27198168719367477,0.26898391966856255,0.2089483738692448,0.222381133578903,2
2022-23,2022-09-16,Nott'm Forest,Fulham,A,0.4374255104545134,0.3492963726798496,2.8,H,0,0.0881291377746638,0.0881291377746638,0.35714285714285715,0.08028265331165624,0.2247914292726374,True,-1.0,2.82,2.8,0.3474228094734087,0.3492963726798496,0.2335399394817277,0.2247914292726374,0
2022-23,2022-09-17,Newcastle,Bournemouth,D,0.7654635242810126,0.6813870124379964,1.43,H,0,0.08407651184301623,0.08407651184301623,0.6993006993006994,0.06616282498031323,0.09461283972184797,True,-1.0,1.49,1.43,0.6555567056550391,0.6813870124379964,0.14054065117870884,0.09461283972184797,0
2022-23,2022-09-17,Tottenham,Leicester,H,0.6933942993827402,0.6269294127519001,1.56,H,1,0.06646488663084016,0.06646488663084016,0.641025641025641,0.05236865835709925,0.08169510703707483,True,0.56,1.52,1.56,0.6423778192412191,0.6269294127519001,0.05395933506176509,0.08169510703707483,0
2022-23,2022-09-17,Wolves,Man City,A,0.8378383726947555,0.722082138786225,1.35,A,1,0.11575623390853051,0.11575623390853051,0.7407407407407407,0.09709763195401477,0.13108180313791995,True,0.3500000000000001,1.36,1.35,0.7180743923727676,0.722082138786225,0.1394601868648675,0.13108180313791995,2
2022-23,2022-09-18,Brentford,Arsenal,A,0.2582037213681082,0.2173316042413609,4.5,H,0,0.04087211712674732,0.04087211712674732,0.2222222222222222,0.035981499145886,0.161916746156487,True,-1.0,4.46,4.5,0.21940595252440057,0.2173316042413609,0.15158859730176255,0.161916746156487,0
2022-23,2022-09-18,Everton,West Ham,H,0.4106140072094515,0.33165159447881964,2.95,H,1,0.07896241273063187,0.07896241273063187,0.3389830508474576,0.0716309563619939,0.2113113212678821,True,1.9500000000000002,2.96,2.95,0.3305886415293372,0.33165159447881964,0.2154174613399764,0.2113113212678821,0
2022-23,2022-10-01,Arsenal,Tottenham,H,0.3526798741467347,0.2529309485800279,3.84,A,0,0.09974892556670678,0.09974892556670678,0.2604166666666667,0.092263207480068,0.35429071672346124,True,-1.0,3.57,3.84,0.27366231242806005,0.2529309485800279,0.2590671507038427,0.35429071672346124,2
2022-23,2022-10-01,Bournemouth,Brentford,D,0.3092536755578496,0.29510810920300073,3.3,H,0,0.01414556635484887,0.01414556635484887,0.30303030303030304,0.006223372527546567,0.02053712934090357,True,-1.0,3.45,3.3,0.28393990345500897,0.29510810920300073,0.0669251806745812,0.02053712934090357,0
2022-23,2022-10-01,Crystal Palace,Chelsea,A,0.2961564059091743,0.20096051892970745,4.83,H,0,0.09519588697946685,0.09519588697946685,0.20703933747412007,0.08911706843505424,0.430435440541312,True,-1.0,4.42,4.83,0.22066635406563334,0.20096051892970745,0.30901131411855043,0.430435440541312,0
2022-23,2022-10-01,Fulham,Newcastle,A,0.4404573449138229,0.3868822787285689,2.51,A,1,0.05357506618525398,0.05357506618525398,0.39840637450199207,0.04205097041183081,0.10554793573369525,True,1.5099999999999998,2.38,2.51,0.41119435874834726,0.3868822787285689,0.048288480894898456,0.10554793573369525,2
2022-23,2022-10-01,Liverpool,Brighton,D,0.1677409663203133,0.1421183090237632,6.85,A,0,0.025622657296550083,0.025622657296550083,0.14598540145985403,0.021755564860459264,0.14902561929414593,True,-1.0,8.42,6.85,0.11580578891375325,0.1421183090237632,0.4123789364170378,0.14902561929414593,2
2022-23,2022-10-01,Southampton,Everton,A,0.3826327112935178,0.30029719602015764,3.23,A,1,0.08233551527336014,0.08233551527336014,0.30959752321981426,0.07303518807370352,0.2359036574780624,True,2.23,3.49,3.23,0.2802772290100873,0.30029719602015764,0.3353881624143771,0.2359036574780624,2
2022-23,2022-10-01,West Ham,Wolves,H,0.2556130619120617,0.24209262256565553,4.01,A,0,0.013520439346406149,0.013520439346406149,0.24937655860349128,0.006236503308570396,0.025008378267367348,True,-1.0,4.31,4.01,0.2270398810998266,0.24209262256565553,0.10169229684098569,0.025008378267367348,2
2022-23,2022-10-02,Leeds,Aston Villa,D,0.4786646436088226,0.3995749600589668,2.45,H,0,0.0790896835498558,0.0790896835498558,0.4081632653061224,0.0705013783027002,0.17272837684161546,True,-1.0,2.43,2.45,0.40237538240057585,0.3995749600589668,0.1631550839694389,0.17272837684161546,0
2022-23,2022-10-02,Man City,Man United,H,0.8138171665722653,0.6808325318913426,1.43,H,1,0.1329846346809227,0.1329846346809227,0.6993006993006994,0.11451646727156595,0.16375854819833946,True,0.42999999999999994,1.37,1.43,0.7098173760433493,0.6808325318913426,0.11492951820400354,0.16375854819833946,0
2022-23,2022-10-03,Leicester,Nott'm Forest,H,0.2510168446356964,0.23481114252027782,4.15,D,0,0.01620570211541858,0.01620570211541858,0.24096385542168672,0.010052989214009683,0.041719905238140065,True,-1.0,4.2,4.15,0.23271776434057853,0.23481114252027782,0.054270747469924885,0.041719905238140065,1
2022-23,2022-10-08,Bournemouth,Leicester,H,0.3365115573480194,0.2833960794495651,3.45,H,1,0.05311547789845433,0.05311547789845433,0.2898550724637681,0.04665648488425128,0.16096487285066696,True,2.45,3.64,3.45,0.2684267892226626,0.2833960794495651,0.22490206874679064,0.16096487285066696,0
2022-23,2022-10-08,Brighton,Tottenham,A,0.4726814734368547,0.3328628022403351,2.94,A,1,0.13981867119651958,0.13981867119651958,0.3401360544217687,0.13254541901508599,0.3896835319043528,True,1.94,2.65,2.94,0.3692990946876957,0.3328628022403351,0.25260590460766497,0.3896835319043528,2
2022-23,2022-10-08,Chelsea,Wolves,H,0.1166801952097364,0.13875097498830014,7.03,A,0,-0.02207077977856374,0.02207077977856374,0.14224751066856328,-0.025567315458826886,-0.17973822767555314,False,-1.0,8.68,7.03,0.11210440583307477,0.13875097498830014,0.012784094420511982,-0.17973822767555314,2
2022-23,2022-10-08,Man City,Southampton,H,0.8715331886881494,0.864650396765983,1.13,H,1,0.0068827919221664535,0.0068827919221664535,0.8849557522123894,-0.013422563524239983,-0.015167496782391265,False,0.1299999999999999,1.13,1.13,0.8618362445234988,0.864650396765983,-0.015167496782391265,-0.015167496782391265,0
2022-23,2022-10-08,Newcastle,Brentford,H,0.2763817392415378,0.18225997576790445,5.35,A,0,0.09412176347363335,0.09412176347363335,0.1869158878504673,0.0894658513910705,0.47864230494222726,True,-1.0,4.55,5.35,0.21486140325301456,0.18225997576790445,0.2575369135489969,0.47864230494222726,2
2022-23,2022-10-09,Arsenal,Liverpool,H,0.5127713482048942,0.3662740400612231,2.67,A,0,0.14649730814367112,0.14649730814367112,0.37453183520599254,0.1382395129989017,0.36909949970706757,True,-1.0,2.66,2.67,0.3680364887429538,0.3662740400612231,0.3639717862250187,0.36909949970706757,2
2022-23,2022-10-09,Crystal Palace,Leeds,H,0.3437864126564129,0.26211799432513055,3.73,A,0,0.08166841833128236,0.08166841833128236,0.2680965147453083,0.07568989791110459,0.28232331920842024,True,-1.0,3.76,3.73,0.25994403906292857,0.26211799432513055,0.29263691158811245,0.28232331920842024,2
2022-23,2022-10-09,Everton,Man United,A,0.3209572091165701,0.26750418236139073,3.65,H,0,0.05345302675517938,0.05345302675517938,0.273972602739726,0.046984606376844096,0.17149381327548086,True,-1.0,3.62,3.65,0.270123101931469,0.26750418236139073,0.16186509700198393,0.17149381327548086,0
2022-23,2022-10-09,West Ham,Fulham,H,0.2252708216120034,0.16538255500778862,5.89,A,0,0.059888266604214785,0.059888266604214785,0.16977928692699493,0.055491534685008476,0.32684513929470005,True,-1.0,4.82,5.89,0.20289593917481427,0.16538255500778862,0.08580536016985651,0.32684513929470005,2
2022-23,2022-10-10,Nott'm Forest,Aston Villa,D,0.366545534432078,0.25587201551327116,3.79,H,0,0.11067351891880683,0.11067351891880683,0.2638522427440633,0.10269329168801467,0.3892075754975757,True,-1.0,3.4,3.79,0.28768898488120953,0.25587201551327116,0.24625481706906505,0.3892075754975757,0
2022-23,2022-10-14,Brentford,Brighton,H,0.3108868293452682,0.291989607588064,3.35,H,1,0.018897221757204152,0.018897221757204152,0.29850746268656714,0.012379366658701041,0.04147087830664842,True,2.35,3.32,3.35,0.29472760511883,0.291989607588064,0.032144273426290226,0.04147087830664842,0
2022-23,2022-10-15,Fulham,Bournemouth,D,0.3660269516460834,0.2422777330110126,4.03,A,0,0.1237492186350708,0.1237492186350708,0.24813895781637715,0.11788799382970624,0.47508861513371614,True,-1.0,4.23,4.03,0.23120633977596136,0.2422777330110126,0.5482940054629328,0.47508861513371614,2
2022-23,2022-10-15,Leicester,Crystal Palace,D,0.3679228910006246,0.3305879970296362,2.96,A,0,0.03733489397098838,0.03733489397098838,0.33783783783783783,0.030085053162786757,0.08905175736184878,True,-1.0,3.12,2.96,0.3134995139254784,0.3305879970296362,0.14791941992194868,0.08905175736184878,2
2022-23,2022-10-15,Tottenham,Everton,H,0.1404776244582984,0.14148103552077063,6.9,A,0,-0.0010034110624722314,0.0010034110624722314,0.14492753623188406,-0.004449911773585669,-0.030704391237741047,False,-1.0,7.26,6.9,0.13404809098420112,0.14148103552077063,0.019867553567246343,-0.030704391237741047,2
2022-23,2022-10-15,Wolves,Nott'm Forest,H,0.211297283291192,0.1946979770830386,5.02,A,0,0.01659930620815339,0.01659930620815339,0.19920318725099603,0.012094096040195956,0.06071236212178377,True,-1.0,5.41,5.02,0.18049198142720715,0.1946979770830386,0.14311830260534864,0.06071236212178377,2
2022-23,2022-10-16,Aston Villa,Chelsea,A,0.6050555581801194,0.4729174844269989,2.07,A,1,0.13213807375312048,0.13213807375312048,0.48309178743961356,0.1219637707405058,0.252465005432847,True,1.0699999999999998,1.85,2.07,0.5280169478701672,0.4729174844269989,0.1193527826332208,0.252465005432847,2
2022-23,2022-10-16,Leeds,Arsenal,A,0.1825363030778717,0.19603021062180978,4.97,H,0,-0.013493907543938088,0.013493907543938088,0.2012072434607646,-0.01867094038289291,-0.09279457370297772,False,-1.0,6.23,4.97,0.15671236064158012,0.19603021062180978,0.13720116817514083,-0.09279457370297772,0
2022-23,2022-10-16,Liverpool,Man City,H,0.5332918357687491,0.5139415676130322,1.9,A,0,0.019350268155716832,0.019350268155716832,0.5263157894736842,0.006976046295064875,0.013254487960623118,True,-1.0,1.88,1.9,0.5188280293371372,0.5139415676130322,0.002588651245248208,0.013254487960623118,2
2022-23,2022-10-16,Man United,Newcastle,D,0.3031745956335832,0.2637265711135612,3.71,A,0,0.039448024520021996,0.039448024520021996,0.2695417789757412,0.03363281665784196,0.12477774980059353,True,-1.0,3.8,3.71,0.2572675604383651,0.2637265711135612,0.15206346340761612,0.12477774980059353,2
2022-23,2022-10-16,Southampton,West Ham,D,0.5011285527298965,0.38497622291632666,2.54,A,0,0.11615232981356988,0.11615232981356988,0.39370078740157477,0.10742776532832177,0.2728665239339372,True,-1.0,2.47,2.54,0.39616978705159356,0.38497622291632666,0.23778752524284452,0.2728665239339372,2
2022-23,2022-10-18,Brighton,Nott'm Forest,D,0.4554772298396654,0.11456355711943703,8.53,A,0,0.3409136727202283,0.3409136727202283,0.1172332942555686,0.33824393558409677,2.8852207705323454,True,-1.0,8.97,8.53,0.10883468752603001,0.11456355711943703,3.0856307516617987,2.8852207705323454,2
2022-23,2022-10-18,Crystal Palace,Wolves,H,0.5892428774645381,0.4595849234147106,2.13,H,1,0.1296579540498275,0.1296579540498275,0.4694835680751174,0.1197593093894207,0.25508732899946596,True,1.13,2.32,2.13,0.42180101744932946,0.4595849234147106,0.36704347571772833,0.25508732899946596,0
2022-23,2022-10-19,Bournemouth,Southampton,A,0.4129617073091114,0.36117191446371444,2.71,H,0,0.051789792845396976,0.051789792845396976,0.36900369003690037,0.04395801727221105,0.11912622680769203,True,-1.0,2.76,2.71,0.3547276714999391,0.36117191446371444,0.1397743121731474,0.11912622680769203,0
2022-23,2022-10-19,Brentford,Chelsea,D,0.5844870078855933,0.519727671014637,1.88,A,0,0.06475933687095625,0.06475933687095625,0.5319148936170213,0.052572114268572,0.09883557482491523,True,-1.0,1.78,1.88,0.5494697150961835,0.519727671014637,0.04038687403635599,0.09883557482491523,2
2022-23,2022-10-19,Liverpool,West Ham,H,0.7721041161306672,0.6757929762378386,1.44,H,1,0.09631113989282858,0.09631113989282858,0.6944444444444444,0.07765967168622279,0.11182992722816065,True,0.43999999999999995,1.45,1.44,0.6715393628298835,0.6757929762378386,0.11955096838946733,0.11182992722816065,0
2022-23,2022-10-19,Man United,Tottenham,H,0.4560942310159012,0.4030261860006328,2.43,H,1,0.053068045015268406,0.053068045015268406,0.4115226337448559,0.04457159727104526,0.10830898136863998,True,1.4300000000000002,2.49,2.43,0.393170986973667,0.4030261860006328,0.1356746352295941,0.10830898136863998,0
2022-23,2022-10-19,Newcastle,Everton,H,0.6834068173507665,0.5889053987122338,1.66,H,1,0.09450141863853267,0.09450141863853267,0.6024096385542169,0.08099717879654955,0.13445531680227218,True,0.6599999999999999,1.65,1.66,0.5915769885715289,0.5889053987122338,0.12762124862876467,0.13445531680227218,0
2022-23,2022-10-20,Fulham,Aston Villa,H,0.4288685678667996,0.32258902258638794,3.03,H,1,0.10627954528041167,0.10627954528041167,0.33003300330033003,0.09883556456646958,0.2994717606364028,True,2.03,2.94,3.03,0.3328072136297729,0.32258902258638794,0.2608735895283909,0.2994717606364028,0
2022-23,2022-10-20,Leicester,Leeds,H,0.4345185575231951,0.4118364969785549,2.37,H,1,0.022682060544640226,0.022682060544640226,0.42194092827004215,0.012577629253152978,0.02980898132997245,True,1.37,2.36,2.37,0.41445466879018467,0.4118364969785549,0.025463795754740337,0.02980898132997245,0
2022-23,2022-10-22,Chelsea,Man United,D,0.3797353776788559,0.2732252689822657,3.62,A,0,0.10651010869659022,0.10651010869659022,0.27624309392265195,0.10349228375620395,0.3746420671974584,True,-1.0,3.64,3.62,0.2687253288892969,0.2732252689822657,0.38223677475103557,0.3746420671974584,2
2022-23,2022-10-22,Everton,Crystal Palace,H,0.4633926053071242,0.3075060532687652,3.18,A,0,0.155886552038359,0.155886552038359,0.31446540880503143,0.14892719650209274,0.47358848487665495,True,-1.0,2.97,3.18,0.32947586265151835,0.3075060532687652,0.3762760377621588,0.47358848487665495,2
2022-23,2022-10-22,Man City,Brighton,H,0.8291256638182973,0.7952208402702967,1.23,H,1,0.03390482354800062,0.03390482354800062,0.8130081300813008,0.016117533736996537,0.01982456649650577,True,0.22999999999999998,1.21,1.23,0.8022817207115428,0.7952208402702967,0.0032420532201398178,0.01982456649650577,0
2022-23,2022-10-22,Nott'm Forest,Liverpool,H,0.1504781495365768,0.10295939435650378,9.5,H,1,0.04751875518007301,0.04751875518007301,0.10526315789473684,0.04521499164183995,0.4295424205974796,True,8.5,11.14,9.5,0.08703280467253043,0.10295939435650378,0.6763265858374654,0.4295424205974796,0
2022-23,2022-10-23,Aston Villa,Brentford,H,0.3196771973669715,0.2564788046462951,3.81,A,0,0.0631983927206764,0.0631983927206764,0.26246719160104987,0.05721000576592161,0.21797012196816135,True,-1.0,3.51,3.81,0.278672479115275,0.2564788046462951,0.12206696275806972,0.21797012196816135,2
2022-23,2022-10-23,Leeds,Fulham,A,0.283914331665892,0.2564263126585053,3.81,D,0,0.027488019007386677,0.027488019007386677,0.26246719160104987,0.021447140064842107,0.0817136036470485,True,-1.0,3.69,3.81,0.2648822688323578,0.2564263126585053,0.047643883847141355,0.0817136036470485,1
2022-23,2022-10-23,Southampton,Arsenal,D,0.6528217203730243,0.6586260480258898,1.48,A,0,-0.005804327652865426,0.005804327652865426,0.6756756756756757,-0.02285395530265133,-0.03382385384792397,False,-1.0,1.58,1.48,0.6167402914526008,0.6586260480258898,0.03145831818937839,-0.03382385384792397,2
2022-23,2022-10-23,Tottenham,Newcastle,A,0.5051185099730544,0.43496631721608797,2.25,H,0,0.07015219275696644,0.07015219275696644,0.4444444444444444,0.06067406552860999,0.13651664743937242,True,-1.0,2.12,2.25,0.4609022609134848,0.43496631721608797,0.07085124114287544,0.13651664743937242,0
2022-23,2022-10-23,Wolves,Leicester,A,0.3624881481539247,0.30801304145319053,3.18,A,1,0.05447510670073419,0.05447510670073419,0.31446540880503143,0.048022739348893284,0.15271231112948058,True,2.18,3.46,3.18,0.2827107947457254,0.30801304145319053,0.25420899261257945,0.15271231112948058,2
2022-23,2022-10-24,West Ham,Bournemouth,H,0.2977425327671621,0.1592920353982301,6.12,A,0,0.13845049736893203,0.13845049736893203,0.16339869281045752,0.1343438399567046,0.8221843005350322,True,-1.0,6.53,6.12,0.14943506755693234,0.1592920353982301,0.9442587389695687,0.8221843005350322,2
2022-23,2022-10-29,Bournemouth,Tottenham,A,0.6459185647297596,0.5556854431257554,1.75,A,1,0.09023312160400421,0.09023312160400421,0.5714285714285714,0.07448999330118822,0.13035748827707927,True,0.75,1.72,1.75,0.5666740124660937,0.5556854431257554,0.11097993133518647,0.13035748827707927,2
2022-23,2022-10-29,Brentford,Wolves,D,0.6019964978279573,0.4444265088332885,2.2,H,0,0.15756998899466879,0.15756998899466879,0.45454545454545453,0.14745104328250275,0.32439229522150614,True,-1.0,2.24,2.2,0.43645960211124646,0.4444265088332885,0.3484721551346244,0.32439229522150614,0
2022-23,2022-10-29,Brighton,Chelsea,H,0.4205906880779757,0.4010022334415645,2.44,A,0,0.019588454636411234,0.019588454636411234,0.4098360655737705,0.010754622504205225,0.026241278910260846,True,-1.0,2.41,2.44,0.40602932884226883,0.4010022334415645,0.01362355826792161,0.026241278910260846,2
2022-23,2022-10-29,Crystal Palace,Southampton,H,0.5191902624883455,0.470070071446745,2.08,H,1,0.049120191041600536,0.049120191041600536,0.4807692307692307,0.03842103171911482,0.07991574597575868,True,1.08,1.96,2.08,0.49853146579294316,0.470070071446745,0.017612914477157293,0.07991574597575868,0
2022-23,2022-10-29,Fulham,Everton,D,0.3868195905382531,0.29936568359281523,3.27,A,0,0.08745390694543786,0.08745390694543786,0.3058103975535168,0.0810091929847363,0.26490006106008757,True,-1.0,3.18,3.27,0.3077283755823819,0.29936568359281523,0.23008629791164492,0.26490006106008757,2
2022-23,2022-10-29,Leicester,Man City,A,0.8160541572024154,0.6866704152396531,1.42,A,1,0.12938374196276226,0.12938374196276226,0.7042253521126761,0.11182880508973925,0.15879690322742968,True,0.41999999999999993,1.32,1.42,0.735396261050938,0.6866704152396531,0.0771914875071884,0.15879690322742968,2
2022-23,2022-10-29,Liverpool,Leeds,A,0.8184927520212472,0.7895775759968418,1.23,H,0,0.02891517602440541,0.02891517602440541,0.8130081300813008,0.005484621939946366,0.006746084986134049,True,-1.0,1.32,1.23,0.7349079791379414,0.7895775759968418,0.08041043266804637,0.006746084986134049,0
2022-23,2022-10-29,Newcastle,Aston Villa,H,0.6265423121262053,0.5496401555401114,1.78,H,1,0.0769021565860939,0.0769021565860939,0.5617977528089888,0.06474455931721645,0.11524531558464535,True,0.78,1.83,1.78,0.532798069167935,0.5496401555401114,0.14657243119095575,0.11524531558464535,0
2022-23,2022-10-30,Arsenal,Nott'm Forest,H,0.0781592924154597,0.07179965906323564,13.5,A,0,0.006359633352224059,0.006359633352224059,0.07407407407407407,0.00408521834138563,0.05515044760870591,True,-1.0,16.85,13.5,0.057741075492554784,0.07179965906323564,0.31698407720049615,0.05515044760870591,2
2022-23,2022-10-30,Man United,West Ham,H,0.2098625339994278,0.19050485269928796,5.12,A,0,0.019357681300139845,0.019357681300139845,0.1953125,0.014550033999427808,0.07449617407707043,True,-1.0,5.14,5.12,0.1895740435071814,0.19050485269928796,0.07869342475705876,0.07449617407707043,2
2022-23,2022-11-05,Everton,Leicester,A,0.4213262519679999,0.3819992712255556,2.56,H,0,0.039326980742444284,0.039326980742444284,0.390625,0.030701251967999887,0.07859520503807982,True,-1.0,2.48,2.56,0.3947939262472885,0.3819992712255556,0.044889104880639685,0.07859520503807982,0
2022-23,2022-11-05,Leeds,Bournemouth,H,0.2803451179835351,0.17688122056425187,5.52,A,0,0.10346389741928325,0.10346389741928325,0.1811594202898551,0.09918569769368002,0.5475050512691138,True,-1.0,5.08,5.52,0.19257718232503954,0.17688122056425187,0.42415319935635853,0.5475050512691138,2
2022-23,2022-11-05,Man City,Fulham,H,0.9041283524039748,0.8246922563822692,1.18,H,1,0.07943609602170565,0.07943609602170565,0.8474576271186441,0.05667072528533068,0.0668714558366903,True,0.17999999999999994,1.13,1.18,0.862555329845429,0.8246922563822692,0.02166503821649135,0.0668714558366903,0
2022-23,2022-11-05,Nott'm Forest,Brentford,D,0.3821473457877701,0.3352649006622517,2.92,A,0,0.046882445125518424,0.046882445125518424,0.3424657534246575,0.03968159236311258,0.11587024970028859,True,-1.0,2.66,2.92,0.3682645067056168,0.3352649006622517,0.0165119397954685,0.11587024970028859,2
2022-23,2022-11-05,Wolves,Brighton,A,0.4873395164723149,0.43705199394245325,2.24,A,1,0.05028752252986163,0.05028752252986163,0.4464285714285714,0.040910945043743485,0.09164051689798547,True,1.2400000000000002,2.3,2.24,0.4255832603990817,0.43705199394245325,0.12088088788632412,0.09164051689798547,2
2022-23,2022-11-06,Aston Villa,Man United,H,0.5324487454570505,0.41818061265084205,2.34,A,0,0.1142681328062084,0.1142681328062084,0.4273504273504274,0.10509831810662307,0.24593006436949794,True,-1.0,2.22,2.34,0.44084422023886505,0.41818061265084205,0.18203621491465216,0.24593006436949794,2
2022-23,2022-11-06,Chelsea,Arsenal,A,0.4127371256318464,0.361584087048873,2.69,A,1,0.051153038582973376,0.051153038582973376,0.3717472118959108,0.04098991373593558,0.11026286794966667,True,1.69,2.71,2.69,0.3609314457730834,0.361584087048873,0.1185176104623038,0.11026286794966667,2
2022-23,2022-11-06,Southampton,Newcastle,A,0.5577928454915391,0.5266293192586077,1.85,A,1,0.031163526232931393,0.031163526232931393,0.5405405405405405,0.01725230495099861,0.03191676415934741,True,0.8500000000000001,1.93,1.85,0.5056732480435127,0.5266293192586077,0.07654019179867033,0.03191676415934741,2
2022-23,2022-11-06,Tottenham,Liverpool,A,0.4239181441126122,0.2721755958374148,3.59,H,0,0.1517425482751974,0.1517425482751974,0.2785515320334262,0.145366612079186,0.5218661373642777,True,-1.0,3.33,3.59,0.2935834768378381,0.2721755958374148,0.41164741989499865,0.5218661373642777,0
2022-23,2022-11-06,West Ham,Crystal Palace,A,0.3073734250157129,0.2120801047725916,4.6,A,1,0.09529332024312132,0.09529332024312132,0.2173913043478261,0.0899821206678868,0.41391775507227924,True,3.5999999999999996,4.34,4.6,0.2249849297043629,0.2120801047725916,0.3340006645681939,0.41391775507227924,2
2022-23,2022-11-12,Bournemouth,Everton,H,0.4370473208463426,0.3590225995181829,2.73,A,0,0.07802472132815974,0.07802472132815974,0.3663003663003663,0.07074695454597635,0.19313918591051538,True,-1.0,2.63,2.73,0.37220014795268563,0.3590225995181829,0.14943445382588116,0.19313918591051538,2
2022-23,2022-11-12,Liverpool,Southampton,H,0.1533810285360328,0.14524742562596837,6.66,D,0,0.00813360291006443,0.00813360291006443,0.15015015015015015,0.0032308783858826517,0.02151765004997852,True,-1.0,6.49,6.66,0.14897138803499646,0.14524742562596837,-0.004557124801147117,0.02151765004997852,1
2022-23,2022-11-12,Man City,Brentford,A,0.8577695282752185,0.8426359380626575,1.15,H,0,0.015133590212560999,0.015133590212560999,0.8695652173913044,-0.011795689116085972,-0.01356504248349888,False,-1.0,1.15,1.15,0.8469260764954784,0.8426359380626575,-0.01356504248349888,-0.01356504248349888,0
2022-23,2022-11-12,Newcastle,Chelsea,H,0.4632919338725133,0.4507655225538954,2.17,H,1,0.01252641131861787,0.01252641131861787,0.4608294930875576,0.002462440784955666,0.005343496503353862,True,1.17,2.36,2.17,0.41481837330475596,0.4507655225538954,0.0933689639391313,0.005343496503353862,0
2022-23,2022-11-12,Nott'm Forest,Crystal Palace,H,0.3325442011051484,0.2930314948809559,3.34,H,1,0.03951270622419245,0.03951270622419245,0.29940119760479045,0.033143003500357926,0.11069763169119562,True,2.34,3.25,3.34,0.3012663727653072,0.2930314948809559,0.08076865359173224,0.11069763169119562,0
2022-23,2022-11-12,Tottenham,Leeds,H,0.6727419519954327,0.5923508560146088,1.65,H,1,0.08039109598082395,0.08039109598082395,0.6060606060606061,0.06668134593482666,0.11002422079246399,True,0.6499999999999999,1.67,1.65,0.5854184360096688,0.5923508560146088,0.12347905983237273,0.11002422079246399,0
2022-23,2022-11-12,West Ham,Leicester,A,0.3952413290001032,0.2427046428464901,4.03,A,1,0.15253668615361313,0.15253668615361313,0.24813895781637715,0.14710237118372607,0.5928225558704161,True,3.0300000000000002,3.64,4.03,0.2685712674149698,0.2427046428464901,0.43867843756037583,0.5928225558704161,2
2022-23,2022-11-12,Wolves,Arsenal,A,0.7072231402333815,0.6203092690820822,1.57,A,1,0.08691387115129934,0.08691387115129934,0.6369426751592356,0.07028046507414587,0.11034033016640898,True,0.5700000000000001,1.56,1.57,0.6239117817759722,0.6203092690820822,0.10326809876407528,0.11034033016640898,2
2022-23,2022-11-13,Brighton,Aston Villa,A,0.5544004422597827,0.5538148206172646,1.76,H,0,0.0005856216425180749,0.0005856216425180749,0.5681818181818182,-0.013781375922035544,-0.024255221622782486,False,-1.0,1.88,1.76,0.5198144234496729,0.5538148206172646,0.042272831448391335,-0.024255221622782486,0
2022-23,2022-11-13,Fulham,Man United,A,0.2742419761725573,0.22757697456492637,4.29,H,0,0.04666500160763093,0.04666500160763093,0.2331002331002331,0.04114174307232421,0.17649807778027093,True,-1.0,4.0,4.29,0.24454268079061856,0.22757697456492637,0.0969679046902292,0.17649807778027093,0
2022-23,2022-12-26,Arsenal,West Ham,H,0.6978373029309042,0.6213942658854571,1.57,H,1,0.07644303704544708,0.07644303704544708,0.6369426751592356,0.06089462777166854,0.09560456560151964,True,0.5700000000000001,1.52,1.57,0.6405396830697815,0.6213942658854571,0.060712700454974344,0.09560456560151964,0
2022-23,2022-12-26,Aston Villa,Liverpool,A,0.5877658043226074,0.5641209710533153,1.73,A,1,0.02364483326929212,0.02364483326929212,0.5780346820809249,0.009731122241682488,0.016834841478110762,True,0.73,1.79,1.73,0.5450932183605743,0.5641209710533153,0.052100789737467235,0.016834841478110762,2
2022-23,2022-12-26,Brentford,Tottenham,D,0.2741743780256517,0.2653952205882353,3.68,D,1,0.008779157437416418,0.008779157437416418,0.2717391304347826,0.002435247590869105,0.008961711134398254,True,2.68,3.89,3.68,0.25074948762005606,0.2653952205882353,0.06653833051978508,0.008961711134398254,1
2022-23,2022-12-26,Crystal Palace,Fulham,A,0.4714933903839061,0.4275313395252085,2.29,H,0,0.04396205085869759,0.04396205085869759,0.4366812227074236,0.034812167676482486,0.07971986397914499,True,-1.0,2.09,2.29,0.46751407526710037,0.4275313395252085,-0.014578814097636394,0.07971986397914499,0
2022-23,2022-12-26,Everton,Wolves,A,0.4366470718667292,0.38053158097475587,2.57,H,0,0.05611549089197332,0.05611549089197332,0.38910505836575876,0.047542013500970426,0.12218297469749384,True,-1.0,2.41,2.57,0.40636849490938404,0.38053158097475587,0.05231944319881743,0.12218297469749384,0
2022-23,2022-12-26,Leicester,Newcastle,A,0.4629294392143626,0.4389856226865284,2.23,A,1,0.023943816527834172,0.023943816527834172,0.4484304932735426,0.014498945940819963,0.032332649448028494,True,1.23,2.22,2.23,0.440411373260738,0.4389856226865284,0.02770335505588495,0.032332649448028494,2
2022-23,2022-12-26,Southampton,Brighton,A,0.4743132952984404,0.4686057505144318,2.08,A,1,0.005707544784008589,0.005707544784008589,0.4807692307692307,-0.006455935470790319,-0.0134283457792439,False,1.08,2.18,2.08,0.44874991096231925,0.4686057505144318,0.03400298375060018,-0.0134283457792439,2
2022-23,2022-12-27,Chelsea,Bournemouth,H,0.1583980244239184,0.10547636693313378,9.25,A,0,0.05292165749078462,0.05292165749078462,0.10810810810810811,0.050289916315810285,0.4651817259212452,True,-1.0,10.69,9.25,0.09117959617428269,0.10547636693313378,0.6932748810916876,0.4651817259212452,2
2022-23,2022-12-27,Man United,Nott'm Forest,H,0.1317175743794799,0.10596101541251135,9.2,A,0,0.025756558966968546,0.025756558966968546,0.10869565217391305,0.02302192220556684,0.21180168429121493,True,-1.0,11.66,9.2,0.08370738400692349,0.10596101541251135,0.5358269172647356,0.21180168429121493,2
2022-23,2022-12-28,Leeds,Man City,A,0.127023775932309,0.0937329609045428,10.34,H,0,0.03329081502776621,0.03329081502776621,0.09671179883945842,0.030311977092850592,0.31342584314007516,True,-1.0,9.78,10.34,0.09928948262536731,0.0937329609045428,0.242292528617982,0.31342584314007516,0
2022-23,2022-12-30,Liverpool,Leicester,H,0.1207953866343656,0.07866100174375028,12.34,A,0,0.04213438489061533,0.04213438489061533,0.08103727714748785,0.03975810948687776,0.4906150710680717,True,-1.0,9.55,12.34,0.1014116499637761,0.07866100174375028,0.15359594235819163,0.4906150710680717,2
2022-23,2022-12-30,West Ham,Brentford,A,0.3802824834674907,0.27708631251875787,3.53,A,1,0.10319617094873285,0.10319617094873285,0.28328611898017,0.09699636448732074,0.3423971666402421,True,2.53,3.73,3.53,0.26230231195948045,0.27708631251875787,0.41845366333374034,0.3423971666402421,2
2022-23,2022-12-31,Bournemouth,Crystal Palace,A,0.4405416721392478,0.369907296091475,2.65,A,1,0.07063437604777278,0.07063437604777278,0.37735849056603776,0.06318318157321001,0.1674354311690065,True,1.65,2.6,2.65,0.3761444091796875,0.369907296091475,0.14540834756204424,0.1674354311690065,2
2022-23,2022-12-31,Brighton,Arsenal,A,0.5451476536325564,0.522366222679607,1.87,A,1,0.022781430952949377,0.022781430952949377,0.53475935828877,0.01038829534378638,0.019426112292880493,True,0.8700000000000001,2.13,1.87,0.4587020337479673,0.522366222679607,0.1611645022373449,0.019426112292880493,2
2022-23,2022-12-31,Fulham,Southampton,H,0.4959013374426713,0.5309467682692834,1.84,H,1,-0.035045430826612156,0.035045430826612156,0.5434782608695652,-0.0475769234268939,-0.08754153910548479,False,0.8400000000000001,2.04,1.84,0.47968513738875107,0.5309467682692834,0.011638728383049468,-0.08754153910548479,0
2022-23,2022-12-31,Man City,Everton,D,0.9006722092996265,0.8507389431204669,1.15,H,0,0.04993326617915961,0.04993326617915961,0.8695652173913044,0.031106991908322112,0.035773040694570435,True,-1.0,1.16,1.15,0.8373925144837545,0.8507389431204669,0.04477976278756679,0.035773040694570435,0
2022-23,2022-12-31,Newcastle,Leeds,D,0.188555658406068,0.13930533459769123,6.94,A,0,0.04925032380837677,0.04925032380837677,0.1440922190201729,0.04446343938589509,0.308576269338112,True,-1.0,6.8,6.94,0.14325775178270972,0.13930533459769123,0.2821784771612623,0.308576269338112,2
2022-23,2022-12-31,Wolves,Man United,A,0.5318086323685819,0.4982825528344434,1.96,A,1,0.0335260795341385,0.0335260795341385,0.5102040816326531,0.021604550735928818,0.04234491944242058,True,0.96,1.94,1.96,0.5027002025966243,0.4982825528344434,0.03170874679504876,0.04234491944242058,2
2022-23,2023-01-01,Nott'm Forest,Chelsea,D,0.1987145779990358,0.16837186424003936,5.8,H,0,0.030342713758996442,0.030342713758996442,0.1724137931034483,0.026300784895587515,0.15254455239440756,True,-1.0,5.43,5.8,0.17990661660692822,0.16837186424003936,0.0790201585347643,0.15254455239440756,0
2022-23,2023-01-01,Tottenham,Aston Villa,A,0.6340070717811725,0.5801211189080073,1.68,H,0,0.05388595287316522,0.05388595287316522,0.5952380952380952,0.038768976543077316,0.06513188059236974,True,-1.0,1.7,1.68,0.573683365926764,0.5801211189080073,0.0778120220279932,0.06513188059236974,0
2022-23,2023-01-02,Brentford,Liverpool,H,0.2248895423626016,0.15639947058746445,6.24,H,1,0.06849007177513716,0.06849007177513716,0.16025641025641024,0.06463313210619137,0.40331074434263403,True,5.24,5.76,6.24,0.16924117713383696,0.15639947058746445,0.29536376400858533,0.40331074434263403,0
2022-23,2023-01-03,Arsenal,Newcastle,D,0.2464046053192982,0.2004146629423791,4.88,A,0,0.045989942376919085,0.045989942376919085,0.20491803278688525,0.041486572532412946,0.20245447395817529,True,-1.0,4.45,4.88,0.21938117422115663,0.2004146629423791,0.0965004936708771,0.20245447395817529,2
2022-23,2023-01-03,Everton,Brighton,A,0.3120607017891782,0.3046903607372311,3.23,H,0,0.007370341051947116,0.007370341051947116,0.30959752321981426,0.002463178569363955,0.0079560667790457,True,-1.0,3.67,3.23,0.266484690328299,0.3046903607372311,0.14526277556628409,0.0079560667790457,0
2022-23,2023-01-03,Leicester,Fulham,A,0.3155319959270192,0.3194482351639435,3.06,A,1,-0.0039162392369243015,0.0039162392369243015,0.32679738562091504,-0.011265389693895844,-0.03447209246332128,False,2.06,3.2,3.06,0.3054518838458138,0.3194482351639435,0.009702386966461418,-0.03447209246332128,2
2022-23,2023-01-03,Man United,Bournemouth,H,0.1438678671061906,0.08463419527297769,11.5,A,0,0.0592336718332129,0.0592336718332129,0.08695652173913043,0.05691134536706016,0.6544804717211918,True,-1.0,10.83,11.5,0.08933076124054015,0.08463419527297769,0.5580890007600441,0.6544804717211918,2
2022-23,2023-01-04,Aston Villa,Wolves,D,0.5620813260022713,0.5009815163942393,1.95,H,0,0.061099809608032074,0.061099809608032074,0.5128205128205129,0.049260813181758456,0.09605858570442916,True,-1.0,1.99,1.95,0.4912516331503761,0.5009815163942393,0.11854183874452007,0.09605858570442916,0
2022-23,2023-01-04,Crystal Palace,Tottenham,A,0.4946949375427263,0.4234616049078673,2.31,A,1,0.07123333263485904,0.07123333263485904,0.4329004329004329,0.06179450464229341,0.1427453057236978,True,1.31,2.23,2.31,0.4384576199542619,0.4234616049078673,0.10316971072027958,0.1427453057236978,2
2022-23,2023-01-04,Leeds,West Ham,D,0.4539515500936707,0.3340229111276677,2.93,H,0,0.11992863896600303,0.11992863896600303,0.341296928327645,0.1126546217660257,0.3300780417744553,True,-1.0,2.65,2.93,0.3691593185353709,0.3340229111276677,0.2029716077482273,0.3300780417744553,0
2022-23,2023-01-04,Southampton,Nott'm Forest,A,0.2946302054244465,0.30681013521361056,3.19,A,1,-0.012179929789164046,0.012179929789164046,0.31347962382445144,-0.018849418400004925,-0.06012964469601567,False,2.19,3.82,3.19,0.2561295061745506,0.30681013521361056,0.12548738472138554,-0.06012964469601567,2
2022-23,2023-01-05,Chelsea,Man City,A,0.2015202681245884,0.17999161429890648,5.44,H,0,0.02152865382568192,0.02152865382568192,0.1838235294117647,0.017696738712823706,0.09627025859776106,True,-1.0,5.6,5.44,0.17450621568751185,0.17999161429890648,0.12851350149769503,0.09627025859776106,0
2022-23,2023-01-12,Fulham,Chelsea,H,0.5026876132140249,0.4790567416186378,2.04,A,0,0.02363087159538707,0.02363087159538707,0.49019607843137253,0.012491534782652358,0.0254827309566108,True,-1.0,2.21,2.04,0.4428298361443537,0.4790567416186378,0.11093962520299505,0.0254827309566108,2
2022-23,2023-01-13,Aston Villa,Leeds,H,0.2840577237099124,0.2524995877489071,3.89,A,0,0.03155813596100532,0.03155813596100532,0.2570694087403599,0.026988314969552507,0.1049845452315592,True,-1.0,4.11,3.89,0.23765672825467152,0.2524995877489071,0.16747724444773993,0.1049845452315592,2
2022-23,2023-01-14,Brentford,Bournemouth,H,0.6404315245503696,0.607698885934187,1.61,H,1,0.032732638616182586,0.032732638616182586,0.6211180124223602,0.019313512128009358,0.031094754526095114,True,0.6100000000000001,1.69,1.61,0.5775845281760587,0.607698885934187,0.08232927649012445,0.031094754526095114,0
2022-23,2023-01-14,Brighton,Liverpool,H,0.3187648050627364,0.33732793046315046,2.9,H,1,-0.01856312540041405,0.01856312540041405,0.3448275862068966,-0.026062781144160163,-0.07558206531806444,False,1.9,3.39,2.9,0.2882983371639071,0.33732793046315046,0.08061268916267639,-0.07558206531806444,0
2022-23,2023-01-14,Everton,Southampton,A,0.5616899568438919,0.404293742974897,2.42,H,0,0.15739621386899488,0.15739621386899488,0.4132231404958678,0.1484668163480241,0.35928969556221824,True,-1.0,2.28,2.42,0.42849604221635884,0.404293742974897,0.2806531016040734,0.35928969556221824,0
2022-23,2023-01-14,Man United,Man City,H,0.2553166590618076,0.23650263663693266,4.18,H,1,0.018814022424874954,0.018814022424874954,0.23923444976076558,0.01608220930104204,0.0672236348783557,True,3.1799999999999997,4.26,4.18,0.22932233002490615,0.23650263663693266,0.08764896760330032,0.0672236348783557,0
2022-23,2023-01-14,Nott'm Forest,Leicester,H,0.3855387369108952,0.34461538461538466,2.84,A,0,0.04092335229551053,0.04092335229551053,0.35211267605633806,0.03342606085455713,0.09493001282694236,True,-1.0,2.72,2.84,0.3598639559071377,0.34461538461538466,0.048665364397634914,0.09493001282694236,2
2022-23,2023-01-14,Wolves,West Ham,H,0.3986223838449213,0.38498555204879176,2.54,H,1,0.013636831796129567,0.013636831796129567,0.39370078740157477,0.004921596443346554,0.012500854966100095,True,1.54,2.75,2.54,0.3557397729320598,0.38498555204879176,0.09621155557353367,0.012500854966100095,0
2022-23,2023-01-15,Chelsea,Crystal Palace,H,0.6544676125164464,0.5184545117886681,1.88,H,1,0.13601310072777828,0.13601310072777828,0.5319148936170213,0.1225527188994251,0.2303991115309192,True,0.8799999999999999,1.68,1.88,0.5806813927368027,0.5184545117886681,0.09950558902762974,0.2303991115309192,0
2022-23,2023-01-15,Newcastle,Fulham,H,0.2181461417422336,0.2052904427945152,4.74,D,0,0.012855698947718402,0.012855698947718402,0.21097046413502107,0.007175677607212522,0.03401271185818722,True,-1.0,4.55,4.74,0.21405442985552461,0.2052904427945152,-0.007435055072837149,0.03401271185818722,1
2022-23,2023-01-15,Tottenham,Arsenal,A,0.3872768344874029,0.28747141445256424,3.4,H,0,0.09980542003483867,0.09980542003483867,0.29411764705882354,0.09315918742857937,0.31674123725716985,True,-1.0,3.34,3.4,0.2931191660201846,0.28747141445256424,0.2935046271879256,0.31674123725716985,0
2022-23,2023-01-18,Crystal Palace,Man United,D,0.2438653567658279,0.18072546610395854,5.4,H,0,0.06313989066186937,0.06313989066186937,0.18518518518518517,0.05868017158064273,0.31687292653547083,True,-1.0,4.62,5.4,0.2113155241935484,0.18072546610395854,0.12665794825812493,0.31687292653547083,0
2022-23,2023-01-19,Man City,Tottenham,H,0.7564269727825257,0.6458158192442216,1.51,H,1,0.11061115353830409,0.11061115353830409,0.6622516556291391,0.09417531715338656,0.14220472890161373,True,0.51,1.39,1.51,0.7006191023498846,0.6458158192442216,0.05143349216771065,0.14220472890161373,0
2022-23,2023-01-21,Bournemouth,Nott'm Forest,D,0.4497463752661524,0.361463693101057,2.71,A,0,0.08828268216509538,0.08828268216509538,0.36900369003690037,0.08074268522925204,0.21881267697127305,True,-1.0,2.82,2.71,0.34707133280939395,0.361463693101057,0.26828477825054975,0.21881267697127305,2
2022-23,2023-01-21,Crystal Palace,Newcastle,D,0.2931696155579738,0.20954703017541268,4.66,H,0,0.0836225853825611,0.0836225853825611,0.2145922746781116,0.07857734087986218,0.3661704085001578,True,-1.0,4.52,4.66,0.21643742184835738,0.20954703017541268,0.32512666232204124,0.3661704085001578,0
2022-23,2023-01-21,Leicester,Brighton,D,0.2759621769012017,0.22479599894709135,4.35,H,0,0.051166177954110326,0.051166177954110326,0.2298850574712644,0.04607711942993728,0.20043546952022728,True,-1.0,3.61,4.35,0.27084904971649676,0.22479599894709135,-0.003776541386661947,0.20043546952022728,0
2022-23,2023-01-21,Liverpool,Chelsea,D,0.5354205564476184,0.4719442292796282,2.07,H,0,0.06347632716799023,0.06347632716799023,0.48309178743961356,0.05232876900800487,0.10832055184656997,True,-1.0,1.89,2.07,0.5162320383182544,0.4719442292796282,0.011944851685998792,0.10832055184656997,0
2022-23,2023-01-21,Southampton,Aston Villa,A,0.4026021312741281,0.3317926506374447,2.95,A,1,0.07080948063668341,0.07080948063668341,0.3389830508474576,0.06361908042667047,0.1876762872586779,True,1.9500000000000002,2.57,2.95,0.38107932084273666,0.3317926506374447,0.03468747737450917,0.1876762872586779,2
2022-23,2023-01-21,West Ham,Everton,H,0.2274064042768581,0.2055657369904363,4.75,A,0,0.02184066728642181,0.02184066728642181,0.21052631578947367,0.016880088487384426,0.080180420315076,True,-1.0,5.0,4.75,0.19542258700320655,0.2055657369904363,0.13703202138429038,0.080180420315076,2
2022-23,2023-01-22,Arsenal,Man United,H,0.234331679988517,0.22491349480968856,4.34,A,0,0.009418185178828448,0.009418185178828448,0.2304147465437788,0.003916933444738202,0.01699949115016386,True,-1.0,4.19,4.34,0.2326879601914649,0.22491349480968856,-0.018150260848113664,0.01699949115016386,2
2022-23,2023-01-22,Leeds,Brentford,D,0.277416729129228,0.270893211856225,3.61,D,1,0.006523517273002988,0.006523517273002988,0.2770083102493075,0.0004084188799204913,0.0014743921565130158,True,2.61,3.72,3.61,0.26311409919844475,0.270893211856225,0.03199023236072818,0.0014743921565130158,1
2022-23,2023-01-22,Man City,Wolves,H,0.91847288689426,0.7651850186142968,1.27,H,1,0.1532878682799632,0.1532878682799632,0.7874015748031495,0.13107131209111045,0.16646056635571016,True,0.27,1.2,1.27,0.808322289954943,0.7651850186142968,0.10216746427311185,0.16646056635571016,0
2022-23,2023-01-23,Fulham,Tottenham,A,0.4630730156685043,0.45285052951994414,2.16,A,1,0.01022248614856014,0.01022248614856014,0.4629629629629629,0.0001100527055413747,0.0002377138439693116,True,1.1600000000000001,2.15,2.16,0.45459311305718475,0.45285052951994414,-0.004393016312715825,0.0002377138439693116,2
2022-23,2023-02-03,Chelsea,Fulham,D,0.6005001343292438,0.6062313501258606,1.61,H,0,-0.00573121579661684,0.00573121579661684,0.6211180124223602,-0.020617878093116437,-0.033194783729917465,False,-1.0,1.65,1.61,0.592967190688704,0.6062313501258606,-0.009174778356747848,-0.033194783729917465,0
2022-23,2023-02-04,Aston Villa,Leicester,A,0.259153947938419,0.26199354065556374,3.73,A,1,-0.0028395927171447344,0.0028395927171447344,0.2680965147453083,-0.008942566806889318,-0.03335577418969715,False,2.73,3.95,3.73,0.24730439357708742,0.26199354065556374,0.023658094356755033,-0.03335577418969715,2
2022-23,2023-02-04,Brentford,Southampton,H,0.63536907813767,0.5364576538539084,1.82,H,1,0.09891142428376154,0.09891142428376154,0.5494505494505494,0.08591852868712058,0.1563717222105594,True,0.8200000000000001,1.92,1.82,0.5096564342346006,0.5364576538539084,0.21990863002432626,0.1563717222105594,0
2022-23,2023-02-04,Brighton,Bournemouth,H,0.7691391773451408,0.6977165639724539,1.39,H,1,0.07142261337268696,0.07142261337268696,0.7194244604316548,0.04971471691348606,0.0691034565097457,True,0.3899999999999999,1.35,1.39,0.72164798408724,0.6977165639724539,0.038337889415940074,0.0691034565097457,0
2022-23,2023-02-04,Everton,Arsenal,H,0.1595354513076038,0.12191416635017091,8.0,H,1,0.03762128495743289,0.03762128495743289,0.125,0.0345354513076038,0.2762836104608304,True,7.0,8.93,8.0,0.10895175208223906,0.12191416635017091,0.42465158017690197,0.2762836104608304,0
2022-23,2023-02-04,Man United,Crystal Palace,H,0.1545369242034496,0.1068942735586828,9.13,A,0,0.047642650644766804,0.047642650644766804,0.10952902519167579,0.04500789901177382,0.4109221179774951,True,-1.0,8.97,9.13,0.10883067273456104,0.1068942735586828,0.3861962101049432,0.4109221179774951,2
2022-23,2023-02-04,Newcastle,West Ham,D,0.6393657096877987,0.5839853091247624,1.67,H,0,0.05538040056303628,0.05538040056303628,0.5988023952095809,0.040563314478217816,0.06774073517862389,True,-1.0,1.63,1.67,0.5990500849079425,0.5839853091247624,0.04216610679111188,0.06774073517862389,0
2022-23,2023-02-04,Wolves,Liverpool,H,0.5697176918854797,0.49633609839722814,1.97,A,0,0.07338159348825157,0.07338159348825157,0.5076142131979695,0.062103478687510205,0.12234385301439499,True,-1.0,1.89,1.97,0.5161456102783726,0.49633609839722814,0.07676643766355662,0.12234385301439499,2
2022-23,2023-02-05,Nott'm Forest,Leeds,H,0.3956136209174198,0.3434672567176394,2.85,H,1,0.052146364199780415,0.052146364199780415,0.3508771929824561,0.044736427934963685,0.12749881961464649,True,1.85,2.69,2.85,0.363359638375429,0.3434672567176394,0.06420064026785921,0.12749881961464649,0
2022-23,2023-02-05,Tottenham,Man City,H,0.2655735689011994,0.2427907276032366,4.03,H,1,0.022782841297962764,0.022782841297962764,0.24813895781637715,0.01743461108482222,0.07026148267183352,True,3.0300000000000002,4.44,4.03,0.22006909492660856,0.2427907276032366,0.17914664592132534,0.07026148267183352,0
2022-23,2023-02-08,Man United,Leeds,D,0.1959368554614976,0.15929988469384737,6.11,A,0,0.03663697076765024,0.03663697076765024,0.1636661211129296,0.032270734348568,0.19717418686975052,True,-1.0,6.69,6.11,0.14569520714480566,0.15929988469384737,0.31081756303741903,0.19717418686975052,2
2022-23,2023-02-11,Arsenal,Brentford,D,0.175318892882359,0.15353660070194697,6.35,A,0,0.021782292180412027,0.021782292180412027,0.15748031496062992,0.017838577921729076,0.11327496980297957,True,-1.0,7.32,6.35,0.13308166646738295,0.15353660070194697,0.2833342958988678,0.11327496980297957,2
2022-23,2023-02-11,Bournemouth,Newcastle,D,0.1557363640116008,0.16003830349458784,6.1,H,0,-0.004301939482987044,0.004301939482987044,0.1639344262295082,-0.00819806221790742,-0.0500081795292352,False,-1.0,6.53,6.1,0.14966161069640335,0.16003830349458784,0.016958456995753268,-0.0500081795292352,0
2022-23,2023-02-11,Crystal Palace,Brighton,D,0.3313974840986782,0.1892156389970754,5.15,H,0,0.14218184510160278,0.14218184510160278,0.1941747572815534,0.1372227268171248,0.7066970431081929,True,-1.0,3.9,5.15,0.25070765359843566,0.1892156389970754,0.2924501879848449,0.7066970431081929,0
2022-23,2023-02-11,Fulham,Nott'm Forest,H,0.3648952794455239,0.22583134947127767,4.33,A,0,0.13906392997424624,0.13906392997424624,0.23094688221709006,0.13394839722843385,0.5799965599991186,True,-1.0,4.37,4.33,0.22338047702752825,0.22583134947127767,0.5945923711769396,0.5799965599991186,2
2022-23,2023-02-11,Leicester,Tottenham,H,0.3578490383650904,0.2740125346159452,3.57,H,1,0.0838365037491452,0.0838365037491452,0.2801120448179272,0.07773699354716324,0.27752106696337275,True,2.57,3.46,3.57,0.28272651374718766,0.2740125346159452,0.23815767274321287,0.27752106696337275,0
2022-23,2023-02-11,Southampton,Wolves,A,0.4254119512195545,0.3916907219610985,2.5,A,1,0.033721229258456,0.033721229258456,0.4,0.025411951219554474,0.06352987804888621,True,1.5,2.55,2.5,0.3833108278213902,0.3916907219610985,0.08480047560986392,0.06352987804888621,2
2022-23,2023-02-11,West Ham,Chelsea,D,0.2979086074988674,0.27896204565864724,3.51,H,0,0.018946561840220144,0.018946561840220144,0.2849002849002849,0.013008322598582478,0.045659212321024434,True,-1.0,3.43,3.51,0.28497266453669423,0.27896204565864724,0.021826523721115265,0.045659212321024434,0
2022-23,2023-02-12,Leeds,Man United,A,0.2544317178776779,0.2563336520076482,3.81,H,0,-0.0019019341299703063,0.0019019341299703063,0.26246719160104987,-0.008035473723371989,-0.03061515488604727,False,-1.0,3.98,3.81,0.2450998315465075,0.2563336520076482,0.012638237153157927,-0.03061515488604727,0
2022-23,2023-02-12,Man City,Aston Villa,H,0.8273740495024,0.7076266427047062,1.37,H,1,0.1197474067976938,0.1197474067976938,0.7299270072992701,0.09744704220312994,0.13350244781828802,True,0.3700000000000001,1.26,1.37,0.7715155591744256,0.7076266427047062,0.04249130237302401,0.13350244781828802,0
2022-23,2023-02-13,Liverpool,Everton,H,0.7426145043568099,0.6029605423596547,1.62,H,1,0.13965396199715518,0.13965396199715518,0.6172839506172839,0.12533055373952595,0.20303549705803214,True,0.6200000000000001,1.55,1.62,0.6295054281737279,0.6029605423596547,0.1510524817530554,0.20303549705803214,0
2022-23,2023-02-15,Arsenal,Man City,A,0.4225214934295115,0.43094502419401853,2.27,A,1,-0.008423530764507026,0.008423530764507026,0.44052863436123346,-0.018007140931721954,-0.04087620991500884,False,1.27,2.46,2.27,0.3972618112445292,0.43094502419401853,0.03940287383659835,-0.04087620991500884,2
2022-23,2023-02-18,Aston Villa,Arsenal,A,0.5818328253327687,0.5007271201163392,1.95,A,1,0.08110570521642946,0.08110570521642946,0.5128205128205129,0.06901231251225581,0.13457400939889896,True,0.95,1.85,1.95,0.5278908234142162,0.5007271201163392,0.0763907268656221,0.13457400939889896,2
2022-23,2023-02-18,Brentford,Crystal Palace,D,0.2508260474016902,0.19682915089462397,4.96,A,0,0.05399689650706621,0.05399689650706621,0.20161290322580647,0.04921314417588371,0.24409719511238337,True,-1.0,4.84,4.96,0.2018883509486974,0.19682915089462397,0.21399806942418031,0.24409719511238337,2
2022-23,2023-02-18,Brighton,Fulham,A,0.2463602713215181,0.2209925644129345,4.42,D,0,0.025367706908583615,0.025367706908583615,0.22624434389140272,0.020115927430115393,0.08891239924111005,True,-1.0,4.16,4.42,0.23430568624815162,0.2209925644129345,0.024858728697515264,0.08891239924111005,1
2022-23,2023-02-18,Chelsea,Southampton,A,0.1265759887760036,0.11733065913027621,8.24,A,1,0.009245329645727385,0.009245329645727385,0.12135922330097088,0.00521676547503272,0.04298614751426966,True,7.24,9.69,8.24,0.10051640075582564,0.11733065913027621,0.2265213312394747,0.04298614751426966,2
2022-23,2023-02-18,Everton,Leeds,H,0.3324783743327563,0.35293578961827865,2.78,A,0,-0.020457415285522362,0.020457415285522362,0.3597122302158274,-0.02723385588307109,-0.07571011935493754,False,-1.0,3.03,2.78,0.32264161685169374,0.35293578961827865,0.007409474228251556,-0.07571011935493754,2
2022-23,2023-02-18,Newcastle,Liverpool,A,0.4414223043478384,0.3822393822393822,2.56,H,0,0.059182922108456215,0.059182922108456215,0.390625,0.05079730434783841,0.13004109913046635,True,-1.0,2.57,2.56,0.3803402703476544,0.3822393822393822,0.13445532217394462,0.13004109913046635,0
2022-23,2023-02-18,Nott'm Forest,Man City,D,0.8280979485404089,0.7283517669274345,1.33,A,0,0.09974618161297433,0.09974618161297433,0.7518796992481203,0.0762182492922886,0.1013702715587439,True,-1.0,1.33,1.33,0.7333022773417244,0.7283517669274345,0.1013702715587439,0.1013702715587439,2
2022-23,2023-02-18,Wolves,Bournemouth,A,0.1948947134909538,0.19619375932902122,4.98,A,1,-0.0012990458380674197,0.0012990458380674197,0.2008032128514056,-0.005908499360451791,-0.029424326815050028,False,3.9800000000000004,5.78,4.98,0.16898949288127163,0.19619375932902122,0.12649144397771295,-0.029424326815050028,2
2022-23,2023-02-19,Man United,Leicester,H,0.1922473785635128,0.16636179168865098,5.87,A,0,0.02588558687486181,0.02588558687486181,0.17035775127768313,0.02188962728582966,0.1284921121678202,True,-1.0,5.37,5.87,0.18208725236667658,0.16636179168865098,0.032368422886063675,0.1284921121678202,2
2022-23,2023-02-19,Tottenham,West Ham,H,0.6472758673660604,0.5178977731912618,1.88,H,1,0.1293780941747985,0.1293780941747985,0.5319148936170213,0.11536097374903909,0.21687863064819335,True,0.8799999999999999,1.87,1.88,0.5220065036509272,0.5178977731912618,0.21040587197453298,0.21687863064819335,0
2022-23,2023-02-24,Fulham,Wolves,D,0.4088334546397333,0.36520196862787246,2.68,H,0,0.04363148601186084,0.04363148601186084,0.3731343283582089,0.035699126281524385,0.09567365843448528,True,-1.0,2.59,2.68,0.3778643708488069,0.36520196862787246,0.05887864751690919,0.09567365843448528,0
2022-23,2023-02-25,Bournemouth,Man City,A,0.7825023445340042,0.7138786609605431,1.36,A,1,0.06862368357346116,0.06862368357346116,0.7352941176470588,0.04720822688694548,0.06420318856624596,True,0.3600000000000001,1.3,1.36,0.7347985406175369,0.7138786609605431,0.017253047894205453,0.06420318856624596,2
2022-23,2023-02-25,Crystal Palace,Liverpool,D,0.2699106785764562,0.19216837235690748,5.08,H,0,0.0777423062195487,0.0777423062195487,0.19685039370078738,0.07306028487566879,0.3711462471683973,True,-1.0,4.86,5.08,0.2008270560579282,0.19216837235690748,0.31176589788157716,0.3711462471683973,0
2022-23,2023-02-25,Everton,Aston Villa,A,0.3936224764574202,0.31388516647768266,3.12,A,1,0.07973730997973755,0.07973730997973755,0.3205128205128205,0.07310965594459973,0.228102126547151,True,2.12,3.05,3.12,0.32091728778665246,0.31388516647768266,0.20054855319513165,0.228102126547151,2
2022-23,2023-02-25,Leeds,Southampton,H,0.5346168587612029,0.49878523951409587,1.96,H,1,0.03583161924710704,0.03583161924710704,0.5102040816326531,0.024412777128549834,0.047849043171957595,True,0.96,2.02,1.96,0.4838333916884377,0.49878523951409587,0.07992605469762992,0.047849043171957595,0
2022-23,2023-02-25,Leicester,Arsenal,A,0.2752337507022393,0.16235738401194136,6.02,H,0,0.11287636669029796,0.11287636669029796,0.16611295681063123,0.10912079389160809,0.6569071792274805,True,-1.0,4.93,6.02,0.1978540403746421,0.16235738401194136,0.3569023909620397,0.6569071792274805,0
2022-23,2023-02-25,West Ham,Nott'm Forest,H,0.3099073488065846,0.17442305240341704,5.6,A,0,0.13548429640316756,0.13548429640316756,0.17857142857142858,0.13133592023515603,0.7354811533168737,True,-1.0,5.16,5.6,0.189669954706458,0.17442305240341704,0.5991219198419766,0.7354811533168737,2
2022-23,2023-02-26,Tottenham,Chelsea,H,0.5021680468006806,0.32156788199064745,3.04,H,1,0.18060016481003316,0.18060016481003316,0.32894736842105265,0.17322067837962796,0.5265908622740691,True,2.04,2.59,3.04,0.37795275590551186,0.32156788199064745,0.3006152412137628,0.5265908622740691,0
2022-23,2023-03-01,Arsenal,Everton,H,0.8380657602109005,0.7230557122919405,1.34,H,1,0.11501004791895997,0.11501004791895997,0.7462686567164178,0.09179710349448267,0.12300811868260686,True,0.3400000000000001,1.38,1.34,0.7007229937844668,0.7230557122919405,0.1565307490910426,0.12300811868260686,0
2022-23,2023-03-01,Liverpool,Wolves,H,0.6703053681566614,0.6318948745360257,1.53,H,1,0.038410493620635755,0.038410493620635755,0.6535947712418301,0.016710596914831344,0.025567213279692025,True,0.53,1.5,1.53,0.645775827149461,0.6318948745360257,0.005458052234992072,0.025567213279692025,0
2022-23,2023-03-04,Arsenal,Bournemouth,H,0.8880247779957194,0.7873523714303569,1.23,H,1,0.10067240656536258,0.10067240656536258,0.8130081300813008,0.07501664791441864,0.09227047693473489,True,0.22999999999999998,1.22,1.23,0.7888053613594393,0.7873523714303569,0.08339022915477767,0.09227047693473489,0
2022-23,2023-03-04,Aston Villa,Crystal Palace,H,0.3092041175531083,0.2559559869820651,3.82,A,0,0.05324813057104316,0.05324813057104316,0.2617801047120419,0.0474240128410664,0.1811597290528737,True,-1.0,3.99,3.82,0.24376893142433867,0.2559559869820651,0.23372442903690205,0.1811597290528737,2
2022-23,2023-03-04,Brighton,West Ham,H,0.2487525239992001,0.17597519587715257,5.54,A,0,0.07277732812204751,0.07277732812204751,0.18050541516245489,0.0682471088367452,0.3780889829555685,True,-1.0,4.75,5.54,0.20438336381446165,0.17597519587715257,0.18157448899620032,0.3780889829555685,2
2022-23,2023-03-04,Chelsea,Leeds,H,0.2081279002524859,0.15940035106029696,6.11,A,0,0.04872754919218894,0.04872754919218894,0.1636661211129296,0.04446177913955629,0.27166147054268897,True,-1.0,5.62,6.11,0.17260082910387045,0.15940035106029696,0.1696787994189708,0.27166147054268897,2
2022-23,2023-03-04,Man City,Newcastle,H,0.8057891439315138,0.6414632336573421,1.51,H,1,0.16432591027417165,0.16432591027417165,0.6622516556291391,0.14353748830237467,0.21674160733658576,True,0.51,1.52,1.51,0.6392713589326948,0.6414632336573421,0.224799498775901,0.21674160733658576,0
2022-23,2023-03-04,Southampton,Leicester,H,0.4844378629991847,0.38061931226384255,2.57,A,0,0.10381855073534213,0.10381855073534213,0.38910505836575876,0.09533280463342592,0.24500530790790465,True,-1.0,2.67,2.57,0.3641749433699251,0.38061931226384255,0.29344909420782295,0.24500530790790465,2
2022-23,2023-03-04,Wolves,Tottenham,H,0.4495204915279374,0.41372858606064855,2.37,A,0,0.03579190546728883,0.03579190546728883,0.42194092827004215,0.027579563257895234,0.06536356492121165,True,-1.0,2.31,2.37,0.4213715455475947,0.41372858606064855,0.03839233542953546,0.06536356492121165,2
2022-23,2023-03-05,Liverpool,Man United,H,0.4625340467024618,0.4028820174121885,2.43,H,1,0.0596520292902733,0.0596520292902733,0.4115226337448559,0.05101141295760586,0.12395773348698214,True,1.4300000000000002,2.39,2.43,0.407009660416101,0.4028820174121885,0.10545637161888366,0.12395773348698214,0
2022-23,2023-03-05,Nott'm Forest,Everton,D,0.4987006113681884,0.3159144893111639,3.1,H,0,0.1827861220570245,0.1827861220570245,0.3225806451612903,0.17611996620689807,0.5459718952413841,True,-1.0,2.7,3.1,0.3604633072483159,0.3159144893111639,0.3464916506941087,0.5459718952413841,0
2022-23,2023-03-06,Brentford,Fulham,H,0.5182422229022763,0.4705558613098514,2.08,H,1,0.0476863615924249,0.0476863615924249,0.4807692307692307,0.03747299213304556,0.07794382363673469,True,1.08,2.0,2.08,0.486505527856059,0.4705558613098514,0.03648444580455257,0.07794382363673469,0
2022-23,2023-03-11,Bournemouth,Liverpool,H,0.763837253315109,0.6714609931727545,1.45,A,0,0.09237626014235445,0.09237626014235445,0.6896551724137931,0.07418208090131584,0.1075640173069079,True,-1.0,1.44,1.45,0.672177997805969,0.6714609931727545,0.09992564477375687,0.1075640173069079,2
2022-23,2023-03-11,Crystal Palace,Man City,A,0.1441983542142927,0.09626166290833107,10.05,H,0,0.04793669130596162,0.04793669130596162,0.09950248756218905,0.04469586665210365,0.4491934598536418,True,-1.0,9.18,10.05,0.10563996405512732,0.09626166290833107,0.3237408916872069,0.4491934598536418,0
2022-23,2023-03-11,Everton,Brentford,H,0.5471006756348233,0.32715942530725295,2.99,A,0,0.2199412503275704,0.2199412503275704,0.33444816053511706,0.21265251509970629,0.6358310201481219,True,-1.0,2.82,2.99,0.34500370929966095,0.32715942530725295,0.5428239052902017,0.6358310201481219,2
2022-23,2023-03-11,Leeds,Brighton,D,0.5380310568624044,0.5261185361849746,1.85,A,0,0.011912520677429761,0.011912520677429761,0.5405405405405405,-0.002509483678136082,-0.00464254480455184,False,-1.0,1.96,1.85,0.49535885295455157,0.5261185361849746,0.05454087145031261,-0.00464254480455184,2
2022-23,2023-03-11,Leicester,Chelsea,A,0.3540153990055666,0.2383280371547299,4.1,H,0,0.11568736185083672,0.11568736185083672,0.24390243902439027,0.11011295998117634,0.45146313592282294,True,-1.0,3.9,4.1,0.24931280171765385,0.2383280371547299,0.3806600561217097,0.45146313592282294,0
2022-23,2023-03-11,Tottenham,Nott'm Forest,H,0.1613998036579538,0.12728558043503874,7.65,A,0,0.034114223222915074,0.034114223222915074,0.13071895424836602,0.03068084940958779,0.2347084979833467,True,-1.0,7.8,7.65,0.12434063171367189,0.12728558043503874,0.2589184685320396,0.2347084979833467,2
2022-23,2023-03-12,Fulham,Arsenal,A,0.2010751140379822,0.12386226841008363,7.83,H,0,0.07721284562789857,0.07721284562789857,0.1277139208173691,0.0733611932206131,0.5744181429174007,True,-1.0,6.02,7.83,0.16104793580782578,0.12386226841008363,0.21047218650865274,0.5744181429174007,0
2022-23,2023-03-12,Man United,Southampton,D,0.761838641813412,0.7555382489184603,1.28,H,0,0.006300392894951656,0.006300392894951656,0.78125,-0.019411358186588012,-0.02484653847883267,False,-1.0,1.34,1.28,0.7218792324063814,0.7555382489184603,0.020863780029972023,-0.02484653847883267,0
2022-23,2023-03-12,Newcastle,Wolves,H,0.634804245277272,0.5882104564715819,1.66,H,1,0.046593788805690095,0.046593788805690095,0.6024096385542169,0.03239460672305505,0.05377504716027137,True,0.6599999999999999,1.68,1.66,0.5761389539923588,0.5882104564715819,0.0664711320658169,0.05377504716027137,0
2022-23,2023-03-12,West Ham,Aston Villa,D,0.4561842831557082,0.40430713434692367,2.42,H,0,0.05187714880878452,0.05187714880878452,0.4132231404958678,0.04296114265984041,0.1039659652368139,True,-1.0,2.25,2.42,0.4321635810997513,0.40430713434692367,0.02641463710034353,0.1039659652368139,0
2022-23,2023-03-15,Brighton,Crystal Palace,H,0.2157145886693261,0.10322685997060682,9.54,A,0,0.11248772869871929,0.11248772869871929,0.10482180293501049,0.11089278573431562,1.057917175905371,True,-1.0,7.72,9.54,0.12557367795996993,0.10322685997060682,0.6653166245271975,1.057917175905371,2
2022-23,2023-03-15,Southampton,Brentford,A,0.4497836742245883,0.4046651437715209,2.42,A,1,0.04511853045306741,0.04511853045306741,0.4132231404958678,0.036560533728720535,0.08847649162350368,True,1.42,2.49,2.42,0.39101221340842235,0.4046651437715209,0.11996134881922504,0.08847649162350368,2
2022-23,2023-03-17,Nott'm Forest,Newcastle,A,0.2835615400104613,0.1781734129495611,5.48,H,0,0.1053881270609002,0.1053881270609002,0.18248175182481752,0.10107978818564378,0.5539172392573279,True,-1.0,5.81,5.48,0.16779578342637258,0.1781734129495611,0.64749254746078,0.5539172392573279,0
2022-23,2023-03-18,Aston Villa,Bournemouth,H,0.6099816431952886,0.5618963638329909,1.74,H,1,0.04808527936229767,0.04808527936229767,0.5747126436781609,0.0352689995171277,0.061368059159802035,True,0.74,1.74,1.74,0.5589832362543489,0.5618963638329909,0.061368059159802035,0.061368059159802035,0
2022-23,2023-03-18,Brentford,Leicester,D,0.5611569442240368,0.5138487162046189,1.9,H,0,0.04730822801941792,0.04730822801941792,0.5263157894736842,0.034841154750352654,0.06619819402566995,True,-1.0,1.95,1.9,0.4976521440640403,0.5138487162046189,0.09425604123687181,0.06619819402566995,0
2022-23,2023-03-18,Chelsea,Everton,D,0.1860624737681981,0.12602891166680688,7.71,A,0,0.060033562101391214,0.060033562101391214,0.1297016861219196,0.0563607876462785,0.4345416727528073,True,-1.0,7.95,7.71,0.1219902757154919,0.12602891166680688,0.47919666645717496,0.4345416727528073,2
2022-23,2023-03-18,Southampton,Tottenham,D,0.5387620924647802,0.527311727932289,1.85,A,0,0.011450364532491264,0.011450364532491264,0.5405405405405405,-0.0017784480757602195,-0.003290128940156456,False,-1.0,1.82,1.85,0.5332136445242369,0.527311727932289,-0.019452991714099976,-0.003290128940156456,2
2022-23,2023-03-18,Wolves,Leeds,A,0.4371918274214394,0.42176374868385214,2.32,H,0,0.01542807873758728,0.01542807873758728,0.4310344827586207,0.006157344662818698,0.014285039617739415,True,-1.0,2.3,2.32,0.4228624535315985,0.42176374868385214,0.005541203069310496,0.014285039617739415,0
2022-23,2023-03-19,Arsenal,Crystal Palace,H,0.0956704822333373,0.07930672429679107,12.21,A,0,0.016363757936546222,0.016363757936546222,0.0819000819000819,0.013770400333255398,0.1681365880690484,True,-1.0,12.73,12.21,0.075655598067417,0.07930672429679107,0.2178852388303838,0.1681365880690484,2
2022-23,2023-04-01,Arsenal,Leeds,H,0.7937149964594137,0.7638832754021503,1.27,H,1,0.029831721057263394,0.029831721057263394,0.7874015748031495,0.00631342165626414,0.008018045503455307,True,0.27,1.29,1.27,0.7495059237415282,0.7638832754021503,0.023892345432643625,0.008018045503455307,0
2022-23,2023-04-01,Bournemouth,Fulham,H,0.4025247137757015,0.32975990683974377,2.97,A,0,0.07276480693595772,0.07276480693595772,0.33670033670033667,0.06582437707536481,0.19549839991383355,True,-1.0,2.89,2.97,0.33681118624361284,0.32975990683974377,0.16329642281177725,0.19549839991383355,2
2022-23,2023-04-01,Brighton,Brentford,D,0.2542542083096958,0.1760640376785352,5.57,A,0,0.0781901706311606,0.0781901706311606,0.17953321364452424,0.07472099466517157,0.4161959402850057,True,-1.0,5.16,5.57,0.1878191709760914,0.1760640376785352,0.3119517148780304,0.4161959402850057,2
2022-23,2023-04-01,Chelsea,Aston Villa,A,0.2535825618596213,0.1613045277148021,6.06,A,1,0.0922780341448192,0.0922780341448192,0.16501650165016502,0.08856606020945629,0.536710324869305,True,5.06,5.57,6.06,0.17390802034439304,0.1613045277148021,0.41245486955809074,0.536710324869305,2
2022-23,2023-04-01,Crystal Palace,Leicester,H,0.4695311288494218,0.4125607100988109,2.37,H,1,0.056970418750610874,0.056970418750610874,0.42194092827004215,0.04759020057937963,0.11278877537312959,True,1.37,2.56,2.37,0.3804929014811627,0.4125607100988109,0.20199968985451977,0.11278877537312959,0
2022-23,2023-04-01,Man City,Liverpool,H,0.2051832883544454,0.18447762745786062,5.3,A,0,0.020705660896584793,0.020705660896584793,0.18867924528301888,0.016504043071426527,0.08747142827856069,True,-1.0,5.26,5.3,0.1846681077661201,0.18447762745786062,0.07926409674438273,0.08747142827856069,2
2022-23,2023-04-01,Nott'm Forest,Wolves,D,0.3997830866711714,0.28441463378198717,3.44,H,0,0.11536845288918424,0.11536845288918424,0.29069767441860467,0.10908541225256674,0.37525381814882963,True,-1.0,3.01,3.44,0.3233438241267577,0.28441463378198717,0.20334709088022596,0.37525381814882963,0
2022-23,2023-04-02,Newcastle,Man United,H,0.4667859277034498,0.4217665881076564,2.32,H,1,0.045019339595793406,0.045019339595793406,0.4310344827586207,0.03575144494482907,0.08294335227200333,True,1.3199999999999998,2.4,2.32,0.40516413356686826,0.4217665881076564,0.12028622648827936,0.08294335227200333,0
2022-23,2023-04-02,West Ham,Southampton,H,0.2795528491957445,0.2553545666407724,3.8,D,0,0.02419828255497214,0.02419828255497214,0.2631578947368421,0.016394954458902433,0.06230082694382921,True,-1.0,3.89,3.8,0.24970073024746461,0.2553545666407724,0.08746058337144613,0.06230082694382921,1
2022-23,2023-04-03,Everton,Tottenham,D,0.5099823836649306,0.4748820011246102,2.06,A,0,0.03510038254032044,0.03510038254032044,0.4854368932038835,0.024545490461047148,0.05056371034975715,True,-1.0,2.24,2.06,0.4346997978140475,0.4748820011246102,0.1423605394094447,0.05056371034975715,2
2022-23,2023-04-04,Bournemouth,Brighton,A,0.1981205161919287,0.1629193855850237,5.99,H,0,0.035201130606904996,0.035201130606904996,0.1669449081803005,0.031175608011628192,0.18674189198965285,True,-1.0,6.16,5.99,0.15852017834266222,0.1629193855850237,0.22042237974228085,0.18674189198965285,0
2022-23,2023-04-04,Chelsea,Liverpool,D,0.495369399674726,0.2794738533882787,3.5,A,0,0.2158955462864473,0.2158955462864473,0.2857142857142857,0.2096551139604403,0.733792898861541,True,-1.0,3.4,3.5,0.2879283935740056,0.2794738533882787,0.6842559588940682,0.733792898861541,2
2022-23,2023-04-04,Leeds,Nott'm Forest,H,0.2465319848923665,0.18657562909531414,5.22,A,0,0.05995635579705236,0.05995635579705236,0.19157088122605365,0.05496110366631285,0.2868969611381531,True,-1.0,5.23,5.22,0.18663408687761532,0.18657562909531414,0.28936228098707684,0.2868969611381531,2
2022-23,2023-04-04,Leicester,Aston Villa,A,0.3948569916139708,0.35744004841516,2.74,H,0,0.03741694319881078,0.03741694319881078,0.36496350364963503,0.029893487964335774,0.08190815702228016,True,-1.0,2.68,2.74,0.36515142282615315,0.35744004841516,0.058216737525441875,0.08190815702228016,0
2022-23,2023-04-05,Man United,Brentford,H,0.1987468924160499,0.1788053494517541,5.48,A,0,0.01994154296429579,0.01994154296429579,0.18248175182481752,0.01626514059123238,0.0891329704399535,True,-1.0,5.09,5.48,0.1904321595035463,0.1788053494517541,0.011621682397694011,0.0891329704399535,2
2022-23,2023-04-05,West Ham,Newcastle,A,0.2776019860163844,0.2804703435294807,3.49,H,0,-0.0028683575130962757,0.0028683575130962757,0.28653295128939826,-0.008930965273013847,-0.031169068802818334,False,-1.0,3.63,3.49,0.2675581675556499,0.2804703435294807,0.007695209239475309,-0.031169068802818334,0
2022-23,2023-04-08,Aston Villa,Nott'm Forest,H,0.2819703105746792,0.15961691939345568,6.12,A,0,0.12235339118122351,0.12235339118122351,0.16339869281045752,0.11857161776422168,0.7256583007170367,True,-1.0,5.5,6.12,0.17618742639919013,0.15961691939345568,0.5508367081607355,0.7256583007170367,2
2022-23,2023-04-08,Brentford,Newcastle,A,0.2833305562033992,0.22835199166883627,4.28,H,0,0.05497856453456293,0.05497856453456293,0.2336448598130841,0.04968569639031509,0.21265478055054854,True,-1.0,3.58,4.28,0.27168367346938777,0.22835199166883627,0.014323391208169056,0.21265478055054854,0
2022-23,2023-04-08,Fulham,West Ham,A,0.4002780365957214,0.36384474386104554,2.69,A,1,0.03643329273467588,0.03643329273467588,0.3717472118959108,0.02853082469981061,0.07674791844249063,True,1.69,2.69,2.69,0.36165015710812826,0.36384474386104554,0.07674791844249063,0.07674791844249063,2
2022-23,2023-04-08,Leicester,Bournemouth,A,0.5645750643464298,0.46097353407789526,2.12,H,0,0.10360153026853453,0.10360153026853453,0.4716981132075471,0.09287695113888267,0.19689913641443124,True,-1.0,1.91,2.12,0.5089274727836747,0.46097353407789526,0.07833837290168089,0.19689913641443124,0
2022-23,2023-04-08,Man United,Everton,H,0.6973016868949895,0.6054490413723511,1.61,H,1,0.09185264552263839,0.09185264552263839,0.6211180124223602,0.0761836744726293,0.12265571590093316,True,0.6100000000000001,1.52,1.61,0.6390504690494604,0.6054490413723511,0.059898564080383965,0.12265571590093316,0
2022-23,2023-04-08,Southampton,Man City,A,0.8197370546232843,0.7681228996639462,1.26,A,1,0.05161415495933808,0.05161415495933808,0.7936507936507936,0.02608626097249067,0.03286868882533822,True,0.26,1.24,1.26,0.7752093147680509,0.7681228996639462,0.016473947732872585,0.03286868882533822,2
2022-23,2023-04-08,Tottenham,Brighton,H,0.4178781300913262,0.3459538456309689,2.83,H,1,0.07192428446035726,0.07192428446035726,0.35335689045936397,0.06452123963196221,0.18259510815845315,True,1.83,2.58,2.83,0.37741312741312744,0.3459538456309689,0.07812557563562161,0.18259510815845315,0
2022-23,2023-04-08,Wolves,Chelsea,H,0.2501304784490369,0.19190315308789357,5.08,H,1,0.058227325361143334,0.058227325361143334,0.19685039370078738,0.05328008474824952,0.2706628305211076,True,4.08,4.28,5.08,0.22659565397052361,0.19190315308789357,0.07055844776187814,0.2706628305211076,0
2022-23,2023-04-09,Leeds,Crystal Palace,A,0.315043901788292,0.2557607440867223,3.82,A,1,0.05928315770156972,0.05928315770156972,0.2617801047120419,0.05326379707625012,0.2034677048312754,True,2.82,3.67,3.82,0.265283586130248,0.2557607440867223,0.15621111956303158,0.2034677048312754,2
2022-23,2023-04-09,Liverpool,Arsenal,D,0.385651971448733,0.3484011209176859,2.8,H,0,0.0372508505310471,0.0372508505310471,0.35714285714285715,0.028509114305875827,0.07982552005645216,True,-1.0,2.82,2.8,0.34531636541933186,0.3484011209176859,0.08753855948542699,0.07982552005645216,0
2022-23,2023-04-15,Aston Villa,Newcastle,H,0.4863575434900503,0.455097587885496,2.15,A,0,0.0312599556045543,0.0312599556045543,0.46511627906976744,0.021241264420282846,0.045668718503607986,True,-1.0,2.13,2.15,0.4570474063712629,0.455097587885496,0.03594156763380707,0.045668718503607986,2
2022-23,2023-04-15,Chelsea,Brighton,A,0.404396998250512,0.3138978174380184,3.12,H,0,0.09049918081249358,0.09049918081249358,0.3205128205128205,0.08388417773769152,0.2617186345415976,True,-1.0,2.67,3.12,0.36494480697688597,0.3138978174380184,0.07973998532886695,0.2617186345415976,0
2022-23,2023-04-15,Everton,Fulham,A,0.372461191297227,0.27568380009148796,3.55,A,1,0.09677739120573903,0.09677739120573903,0.28169014084507044,0.09077105045215655,0.32223722910515584,True,2.55,3.85,3.55,0.2526986077557917,0.27568380009148796,0.433975586494324,0.32223722910515584,2
2022-23,2023-04-15,Man City,Leicester,H,0.8594264191380345,0.8560232127370259,1.13,H,1,0.0034032064010086627,0.0034032064010086627,0.8849557522123894,-0.0255293330743549,-0.02884814637402111,False,0.1299999999999999,1.16,1.13,0.8330820172404709,0.8560232127370259,-0.003065353799880044,-0.02884814637402111,0
2022-23,2023-04-15,Southampton,Crystal Palace,A,0.4567785031647706,0.3563697334545775,2.75,A,1,0.10040876971019308,0.10040876971019308,0.36363636363636365,0.09314213952840694,0.25614088370311916,True,1.75,2.73,2.75,0.3566695007046272,0.3563697334545775,0.2470053136398238,0.25614088370311916,2
2022-23,2023-04-15,Tottenham,Bournemouth,A,0.7127861974375233,0.6383306515115205,1.52,H,0,0.07445554592600279,0.07445554592600279,0.6578947368421053,0.05489146059541794,0.08343502010503534,True,-1.0,1.49,1.52,0.6504091626268159,0.6383306515115205,0.062051434181909615,0.08343502010503534,0
2022-23,2023-04-15,Wolves,Brentford,H,0.4352469028494896,0.35582822085889565,2.75,A,0,0.07941868199059393,0.07941868199059393,0.36363636363636365,0.07161053921312593,0.19692898283609628,True,-1.0,3.01,2.75,0.3231519873488516,0.35582822085889565,0.31009317757696353,0.19692898283609628,2
2022-23,2023-04-16,Nott'm Forest,Man United,A,0.3070922696348525,0.18905238246540523,5.14,H,0,0.11803988716944724,0.11803988716944724,0.19455252918287938,0.1125397404519731,0.5784542659231415,True,-1.0,5.07,5.14,0.19123195984103744,0.18905238246540523,0.5569578070487022,0.5784542659231415,0
2022-23,2023-04-16,West Ham,Arsenal,D,0.1813484511005896,0.1699805049081472,5.72,H,0,0.011367946192442413,0.011367946192442413,0.17482517482517484,0.006523276275414769,0.03731314029537258,True,-1.0,6.14,5.72,0.15767738793932912,0.1699805049081472,0.11347948975762012,0.03731314029537258,0
2022-23,2023-04-17,Leeds,Liverpool,A,0.6605000291433039,0.5631263659732525,1.73,A,1,0.09737366317005136,0.09737366317005136,0.5780346820809249,0.08246534706237896,0.14266505041791566,True,0.73,1.74,1.73,0.5586528163255905,0.5631263659732525,0.14927005070934873,0.14266505041791566,2
2022-23,2023-04-21,Arsenal,Southampton,D,0.8607377403537109,0.7973195588440597,1.22,H,0,0.06341818150965117,0.06341818150965117,0.819672131147541,0.04106560920616986,0.05010004323152728,True,-1.0,1.21,1.22,0.804317668859801,0.7973195588440597,0.04149266582799016,0.05010004323152728,0
2022-23,2023-04-22,Brentford,Aston Villa,D,0.4253580241405154,0.359977997715735,2.72,H,0,0.06538002642478036,0.06538002642478036,0.3676470588235294,0.057710965316985996,0.15697382566220197,True,-1.0,2.55,2.72,0.3814999141925519,0.359977997715735,0.0846629615583141,0.15697382566220197,0
2022-23,2023-04-22,Crystal Palace,Everton,D,0.4934500892806284,0.49399372129829033,1.98,H,0,-0.0005436320176619436,0.0005436320176619436,0.5050505050505051,-0.011600415769876693,-0.022968823224355783,False,-1.0,2.15,1.98,0.4522751647004749,0.49399372129829033,0.06091769195335095,-0.022968823224355783,0
2022-23,2023-04-22,Fulham,Leeds,H,0.5132593757038464,0.40728712334747047,2.39,H,1,0.10597225235637592,0.10597225235637592,0.41841004184100417,0.09484933386284222,0.2266899079321929,True,1.3900000000000001,2.44,2.39,0.39865246586613384,0.40728712334747047,0.25235287671738527,0.2266899079321929,0
2022-23,2023-04-22,Leicester,Wolves,H,0.3405287700412928,0.31268181903492803,3.13,A,0,0.02784695100636475,0.02784695100636475,0.3194888178913738,0.021039952149918995,0.06585505022924631,True,-1.0,3.14,3.13,0.31007143836346746,0.31268181903492803,0.06926033792965947,0.06585505022924631,2
2022-23,2023-04-22,Liverpool,Nott'm Forest,H,0.8247296585570013,0.8274336283185841,1.17,H,1,-0.002703969761582825,0.002703969761582825,0.8547008547008548,-0.029971196143853462,-0.03506629948830853,False,0.16999999999999993,1.19,1.17,0.8123016916201528,0.8274336283185841,-0.018571706317168535,-0.03506629948830853,0
2022-23,2023-04-23,Bournemouth,West Ham,A,0.4570357198838034,0.3838687285927241,2.55,A,1,0.07316699129107934,0.07316699129107934,0.3921568627450981,0.06487885713870534,0.16544108570369875,True,1.5499999999999998,2.68,2.55,0.36330976938231546,0.3838687285927241,0.22485572928859332,0.16544108570369875,2
2022-23,2023-04-23,Newcastle,Tottenham,H,0.2287123550634831,0.23778668670638056,4.11,A,0,-0.009074331642897449,0.009074331642897449,0.24330900243309,-0.014596647369606891,-0.059992220689084275,False,-1.0,4.31,4.11,0.22541307281399445,0.23778668670638056,-0.014249749676387924,-0.059992220689084275,2
2022-23,2023-04-25,Aston Villa,Fulham,H,0.2470045087984814,0.2538695685916064,3.84,D,0,-0.006865059793125017,0.006865059793125017,0.2604166666666667,-0.013412157868185282,-0.05150268621383147,False,-1.0,3.99,3.84,0.24311404507170495,0.2538695685916064,-0.014452009894059148,-0.05150268621383147,1
2022-23,2023-04-25,Leeds,Leicester,D,0.340428600286032,0.32395769808570446,3.02,A,0,0.016470902200327542,0.016470902200327542,0.33112582781456956,0.00930277247146244,0.028094372863816552,True,-1.0,3.02,3.02,0.3220794528466912,0.32395769808570446,0.028094372863816552,0.028094372863816552,2
2022-23,2023-04-25,Wolves,Crystal Palace,H,0.3724043006529584,0.2574043885338373,3.82,A,0,0.11499991211912108,0.11499991211912108,0.2617801047120419,0.11062419594091649,0.422584428494301,True,-1.0,3.13,3.82,0.31091558934774816,0.2574043885338373,0.16562546104375975,0.422584428494301,2
2022-23,2023-04-26,Chelsea,Brentford,A,0.2395749039312066,0.21490240298382624,4.55,A,1,0.024672500947380355,0.024672500947380355,0.21978021978021978,0.019794684150986813,0.09006581288699,True,3.55,5.06,4.55,0.19185067088053956,0.21490240298382624,0.2122490138919053,0.09006581288699,2
2022-23,2023-04-26,Man City,Arsenal,H,0.1798827475809004,0.1871873797614467,5.2,A,0,-0.0073046321805463055,0.0073046321805463055,0.1923076923076923,-0.012424944726791898,-0.06460971257931791,False,-1.0,5.71,5.2,0.16948529148346203,0.1871873797614467,0.027130488686941234,-0.06460971257931791,2
2022-23,2023-04-26,Nott'm Forest,Brighton,H,0.2365108559337226,0.16664548112368122,5.83,H,1,0.06986537481004138,0.06986537481004138,0.17152658662092624,0.06498426931279636,0.37885829009360283,True,4.83,6.12,5.83,0.1585365853658537,0.16664548112368122,0.44744643831438236,0.37885829009360283,0
2022-23,2023-04-26,West Ham,Liverpool,A,0.280463774683751,0.2688138532831088,3.64,H,0,0.011649921400642194,0.011649921400642194,0.2747252747252747,0.005738499958476306,0.020888139848853626,True,-1.0,4.07,3.64,0.23865878342729055,0.2688138532831088,0.1414875629628667,0.020888139848853626,0
2022-23,2023-04-27,Everton,Newcastle,A,0.6606129797159924,0.5307980264608934,1.84,A,1,0.12981495325509906,0.12981495325509906,0.5434782608695652,0.11713471884642723,0.21552788267742606,True,0.8400000000000001,1.75,1.84,0.5540683177115838,0.5307980264608934,0.15607271450298676,0.21552788267742606,2
2022-23,2023-04-27,Southampton,Bournemouth,A,0.4564604390763461,0.3735504866087116,2.62,H,0,0.0829099524676345,0.0829099524676345,0.38167938931297707,0.07478104976336902,0.19592635038002681,True,-1.0,2.34,2.62,0.4159682861124708,0.3735504866087116,0.06811742743864979,0.19592635038002681,0
2022-23,2023-04-27,Tottenham,Man United,D,0.4123293482524735,0.33165741710739516,2.95,H,0,0.08067193114507837,0.08067193114507837,0.3389830508474576,0.07334629740501591,0.21637157734479695,True,-1.0,2.81,2.95,0.34620753838994883,0.33165741710739516,0.15864546858945072,0.21637157734479695,0
2022-23,2023-04-29,Brentford,Nott'm Forest,H,0.1811165314692463,0.1939032617030968,5.02,A,0,-0.01278673023385049,0.01278673023385049,0.19920318725099603,-0.018086655781749728,-0.09079501202438367,False,-1.0,5.54,5.02,0.175104228707564,0.1939032617030968,0.0033855843396244367,-0.09079501202438367,2
2022-23,2023-04-29,Brighton,Wolves,H,0.1698371755444196,0.1721604897868763,5.66,A,0,-0.0023233142424566866,0.0023233142424566866,0.17667844522968199,-0.0068412696852623855,-0.03872158641858503,False,-1.0,6.75,5.66,0.14333023287349064,0.1721604897868763,0.1464009349248323,-0.03872158641858503,2
2022-23,2023-04-29,Crystal Palace,West Ham,H,0.4403481622735219,0.3176710618471939,3.08,A,0,0.12267710042632801,0.12267710042632801,0.3246753246753247,0.11567283759819724,0.35627233980244744,True,-1.0,2.83,3.08,0.3436323585972192,0.3176710618471939,0.24618529923406696,0.35627233980244744,2
2022-23,2023-04-30,Bournemouth,Leeds,H,0.4540552872353747,0.38976242699717245,2.51,H,1,0.06429286023820224,0.06429286023820224,0.39840637450199207,0.05564891273338263,0.1396787709607903,True,1.5099999999999998,2.65,2.51,0.36664592265665863,0.38976242699717245,0.20324651117374293,0.1396787709607903,0
2022-23,2023-04-30,Fulham,Man City,A,0.8066543631461988,0.7653762505437147,1.26,A,1,0.04127811260248404,0.04127811260248404,0.7936507936507936,0.013003569495405154,0.016384497564210454,True,0.26,1.25,1.26,0.7708145140373315,0.7653762505437147,0.008317953932748479,0.016384497564210454,2
2022-23,2023-04-30,Liverpool,Tottenham,H,0.6520759728364024,0.6321898479347162,1.54,H,1,0.019886124901686175,0.019886124901686175,0.6493506493506493,0.0027253234857530506,0.004196998168059629,True,0.54,1.54,1.54,0.6291876417324734,0.6321898479347162,0.004196998168059629,0.004196998168059629,0
2022-23,2023-04-30,Man United,Aston Villa,H,0.6272312863892694,0.5532658778855728,1.76,H,1,0.0739654085036966,0.0739654085036966,0.5681818181818182,0.05904946820745116,0.1039270640451142,True,0.76,1.81,1.76,0.5358533573938645,0.5532658778855728,0.13528862836457756,0.1039270640451142,0
2022-23,2023-04-30,Newcastle,Southampton,H,0.7840543126703987,0.7719086298642149,1.25,H,1,0.012145682806183777,0.012145682806183777,0.8,-0.015945687329601332,-0.01993210916200161,False,0.25,1.33,1.25,0.7292232291056191,0.7719086298642149,0.04279223585163039,-0.01993210916200161,0
2022-23,2023-05-01,Leicester,Everton,D,0.4860969314254316,0.47490828404380586,2.06,H,0,0.011188647381625727,0.011188647381625727,0.4854368932038835,0.0006600382215480871,0.0013596787363892027,True,-1.0,2.04,2.06,0.4764696169088507,0.47490828404380586,-0.008362259892119583,0.0013596787363892027,0
2022-23,2023-05-02,Arsenal,Chelsea,H,0.770266322104767,0.5965336426565385,1.63,H,1,0.17373267944822846,0.17373267944822846,0.6134969325153374,0.15676938958942954,0.25553410503077,True,0.6299999999999999,1.59,1.63,0.611682869116515,0.5965336426565385,0.22472345214657952,0.25553410503077,0
2022-23,2023-05-03,Liverpool,Fulham,H,0.8117306755628299,0.7327055149615136,1.32,H,1,0.07902516060131626,0.07902516060131626,0.7575757575757576,0.05415491798707228,0.07148449174293536,True,0.32000000000000006,1.27,1.32,0.7563546331221315,0.7327055149615136,0.030897957964793887,0.07148449174293536,0
2022-23,2023-05-03,Man City,West Ham,H,0.8415556989032389,0.8276211819876732,1.17,H,1,0.013934516915565687,0.013934516915565687,0.8547008547008548,-0.013145155797615882,-0.015379832283210604,False,0.16999999999999993,1.21,1.17,0.7963037117393473,0.8276211819876732,0.018282395672919005,-0.015379832283210604,0
2022-23,2023-05-04,Brighton,Man United,H,0.3547534893008651,0.2987616099071207,3.27,A,0,0.05599187939374439,0.05599187939374439,0.3058103975535168,0.04894309174734829,0.1600439100138289,True,-1.0,3.57,3.27,0.2723941410345579,0.2987616099071207,0.26646995680408825,0.1600439100138289,2
2022-23,2023-05-06,Bournemouth,Chelsea,A,0.5467287217229753,0.4634339473895344,2.11,A,1,0.08329477433344085,0.08329477433344085,0.47393364928909953,0.07279507243387573,0.15359760283547774,True,1.1099999999999999,2.19,2.11,0.4444741974821693,0.4634339473895344,0.19733590057331574,0.15359760283547774,2
2022-23,2023-05-06,Liverpool,Brentford,H,0.7746517930530898,0.6792312784609522,1.43,H,1,0.09542051459213763,0.09542051459213763,0.6993006993006994,0.07535109375239046,0.10775206406591842,True,0.42999999999999994,1.49,1.43,0.6517961841075739,0.6792312784609522,0.15423117164910383,0.10775206406591842,0
2022-23,2023-05-06,Man City,Leeds,H,0.955439012230418,0.8315746809967715,1.17,H,1,0.1238643312336466,0.1238643312336466,0.8547008547008548,0.10073815752956328,0.11786364430958907,True,0.16999999999999993,1.18,1.17,0.8195829822914141,0.8315746809967715,0.12741803443189315,0.11786364430958907,0
2022-23,2023-05-06,Tottenham,Crystal Palace,H,0.5594054949309022,0.5365685013047294,1.82,H,1,0.022836993626172752,0.022836993626172752,0.5494505494505494,0.009954945480352806,0.018118000774242082,True,0.8200000000000001,1.84,1.82,0.52735,0.5365685013047294,0.029306110672860042,0.018118000774242082,0
2022-23,2023-05-06,Wolves,Aston Villa,H,0.4899597953894583,0.4057931973705379,2.41,A,0,0.0841665980189204,0.0841665980189204,0.41493775933609955,0.07502203605335872,0.18080310688859447,True,-1.0,2.51,2.41,0.38781191011322,0.4057931973705379,0.2297990864275401,0.18080310688859447,2
2022-23,2023-05-07,Newcastle,Arsenal,A,0.4574677345758023,0.4217478600866533,2.32,H,0,0.035719874489148984,0.035719874489148984,0.4310344827586207,0.02643325181718159,0.06132514421586133,True,-1.0,2.51,2.32,0.3876058779792485,0.4217478600866533,0.14824401378526364,0.06132514421586133,0
2022-23,2023-05-07,West Ham,Man United,H,0.5526882103157233,0.4742933976518208,2.05,A,0,0.07839481266390252,0.07839481266390252,0.48780487804878053,0.06488333226694282,0.13301083114723267,True,-1.0,2.07,2.05,0.47004608294930883,0.4742933976518208,0.14406459535354732,0.13301083114723267,2
2022-23,2023-05-08,Brighton,Everton,A,0.2011242646781097,0.17536158072410793,5.55,D,0,0.025762683954001775,0.025762683954001775,0.1801801801801802,0.020944084497929505,0.11623966896350879,True,-1.0,5.34,5.55,0.18159377414309671,0.17536158072410793,0.07400357338110575,0.11623966896350879,1
2022-23,2023-05-08,Fulham,Leicester,H,0.3723221019682966,0.3597938144329897,2.72,H,1,0.012528287535306937,0.012528287535306937,0.3676470588235294,0.004675043144767244,0.012716117353766876,True,1.7200000000000002,2.71,2.72,0.3590607976007441,0.3597938144329897,0.008992896334083733,0.012716117353766876,0
2022-23,2023-05-08,Nott'm Forest,Southampton,H,0.5255358018069427,0.481031413701324,2.03,H,1,0.044504388105618686,0.044504388105618686,0.4926108374384237,0.032924964368518994,0.06683767766809368,True,1.0299999999999998,2.17,2.03,0.44807619459927484,0.481031413701324,0.1404126899210656,0.06683767766809368,0
2022-23,2023-05-13,Aston Villa,Tottenham,H,0.3585352887452077,0.30553956005988714,3.2,A,0,0.05299572868532054,0.05299572868532054,0.3125,0.04603528874520768,0.14731292398466467,True,-1.0,3.01,3.2,0.3230532855329667,0.30553956005988714,0.07919121912307503,0.14731292398466467,2
2022-23,2023-05-13,Chelsea,Nott'm Forest,D,0.1722206542998218,0.1673582531620308,5.75,A,0,0.004862401137791017,0.004862401137791017,0.17391304347826086,-0.0016923891784390577,-0.009731237776024582,False,-1.0,6.88,5.75,0.14093556139739122,0.1673582531620308,0.18487810158277407,-0.009731237776024582,2
2022-23,2023-05-13,Crystal Palace,Bournemouth,H,0.2360422258812637,0.19986095206936036,4.9,A,0,0.036181273811903336,0.036181273811903336,0.2040816326530612,0.031960593228202494,0.15660690681819212,True,-1.0,4.24,4.9,0.22908107280475665,0.19986095206936036,0.0008190377365582258,0.15660690681819212,2
2022-23,2023-05-13,Leeds,Newcastle,D,0.6482478272883568,0.5959071801425866,1.63,A,0,0.05234064714577025,0.05234064714577025,0.6134969325153374,0.0347508947730194,0.05664395848002157,True,-1.0,1.71,1.63,0.5665564967671223,0.5959071801425866,0.10850378466309007,0.05664395848002157,2
2022-23,2023-05-13,Man United,Wolves,H,0.173316632223358,0.120046274561329,8.1,A,0,0.05327035766202899,0.05327035766202899,0.1234567901234568,0.0498598420999012,0.4038647210091997,True,-1.0,8.6,8.1,0.11270011470749587,0.120046274561329,0.49052303712087864,0.4038647210091997,2
2022-23,2023-05-13,Southampton,Fulham,A,0.2777024197147982,0.2739658834937536,3.57,D,0,0.003736536221044584,0.003736536221044584,0.2801120448179272,-0.002409625103128976,-0.008602361618170518,False,-1.0,3.56,3.57,0.27359063049942356,0.2739658834937536,-0.011379385815318388,-0.008602361618170518,1
2022-23,2023-05-14,Arsenal,Brighton,A,0.7101816943544628,0.5603031252670864,1.74,H,0,0.1498785690873764,0.1498785690873764,0.5747126436781609,0.13546905067630188,0.23571614817676512,True,-1.0,1.78,1.74,0.5461318290280927,0.5603031252670864,0.2641234159509438,0.23571614817676512,0
2022-23,2023-05-14,Brentford,West Ham,H,0.2972487659958452,0.20357970757403107,4.79,A,0,0.09366905842181414,0.09366905842181414,0.20876826722338204,0.08848049877246317,0.4238215891200985,True,-1.0,3.71,4.79,0.26195776762788686,0.20357970757403107,0.10279292184458577,0.4238215891200985,2
2022-23,2023-05-14,Everton,Man City,A,0.7429528140485873,0.6991910868608417,1.39,A,1,0.043761727187745514,0.043761727187745514,0.7194244604316548,0.023528353616932507,0.032704411527536115,True,0.3899999999999999,1.36,1.39,0.7135229624861947,0.6991910868608417,0.010415827106078801,0.032704411527536115,2
2022-23,2023-05-15,Leicester,Liverpool,A,0.2901834184121474,0.21073799994894502,4.63,H,0,0.07944541846320238,0.07944541846320238,0.2159827213822894,0.07420069702985799,0.34354922724824233,True,-1.0,4.99,4.63,0.19409480160435832,0.21073799994894502,0.44801525787661567,0.34354922724824233,0
2022-23,2023-05-18,Newcastle,Brighton,H,0.5774996457898467,0.5422182468694096,1.8,H,1,0.035281398920437135,0.035281398920437135,0.5555555555555556,0.021944090234291114,0.03949936242172414,True,0.8,2.06,1.8,0.47161887308495937,0.5422182468694096,0.18964927032708423,0.03949936242172414,0
2022-23,2023-05-20,Bournemouth,Man United,A,0.1706070015345765,0.1309065917503647,7.42,H,0,0.0397004097842118,0.0397004097842118,0.1347708894878706,0.03583611204670589,0.26590395138655754,True,-1.0,5.87,7.42,0.16530534342624856,0.1309065917503647,0.0014630990079640416,0.26590395138655754,0
2022-23,2023-05-20,Fulham,Crystal Palace,D,0.3527172957360026,0.30214337175792505,3.24,A,0,0.05057392397807753,0.05057392397807753,0.30864197530864196,0.04407532042736062,0.14280403818464849,True,-1.0,3.03,3.24,0.32147386461011146,0.30214337175792505,0.06873340608008771,0.14280403818464849,2
2022-23,2023-05-20,Liverpool,Aston Villa,D,0.6944189075140804,0.6556937767961544,1.48,H,0,0.03872513071792605,0.03872513071792605,0.6756756756756757,0.01874323183840476,0.027739983120838918,True,-1.0,1.5,1.48,0.6458349417123447,0.6556937767961544,0.04162836127112057,0.027739983120838918,0
2022-23,2023-05-20,Nott'm Forest,Arsenal,H,0.6065325813411877,0.5858817974344851,1.66,A,0,0.020650783906702608,0.020650783906702608,0.6024096385542169,0.004122942786970785,0.006844085026371571,True,-1.0,1.61,1.66,0.6024122691441866,0.5858817974344851,-0.023482544040687725,0.006844085026371571,2
2022-23,2023-05-20,Tottenham,Brentford,A,0.254446000047756,0.2649924416382876,3.69,A,1,-0.010546441590531586,0.010546441590531586,0.2710027100271003,-0.016556709979344275,-0.06109425982378025,False,2.69,4.16,3.69,0.23303205275935335,0.2649924416382876,0.05849536019866508,-0.06109425982378025,2
2022-23,2023-05-20,Wolves,Everton,D,0.3678312556071585,0.30561258671738234,3.24,H,0,0.062218668889776174,0.062218668889776174,0.30864197530864196,0.059189280298516556,0.19177326816719376,True,-1.0,2.81,3.24,0.34617121027956244,0.30561258671738234,0.033605828256115355,0.19177326816719376,0
2022-23,2023-05-21,Brighton,Southampton,H,0.151789939894567,0.1267590878932849,7.65,D,0,0.025030852001282078,0.025030852001282078,0.13071895424836602,0.021070985646200968,0.1611930401934376,True,-1.0,6.99,7.65,0.13802096733569674,0.1267590878932849,0.06101167986302336,0.1611930401934376,1
2022-23,2023-05-21,Man City,Chelsea,H,0.8534141107388398,0.6062778531292384,1.6,H,1,0.24713625760960134,0.24713625760960134,0.625,0.22841411073883977,0.3654625771821438,True,0.6000000000000001,1.26,1.6,0.7631903971592883,0.6062778531292384,0.07530177953093808,0.3654625771821438,0
2022-23,2023-05-21,West Ham,Leeds,H,0.5381704668954589,0.35668105892761265,2.74,H,1,0.18148940796784624,0.18148940796784624,0.36496350364963503,0.17320696324582385,0.47458707929355737,True,1.7400000000000002,2.51,2.74,0.3879363954667259,0.35668105892761265,0.35080787190760176,0.47458707929355737,0
2022-23,2023-05-22,Newcastle,Leicester,D,0.746614865435919,0.7317405855201626,1.33,H,0,0.014874279915756405,0.014874279915756405,0.7518796992481203,-0.0052648338122012195,-0.00700222897022762,False,-1.0,1.4,1.33,0.6917435614929073,0.7317405855201626,0.04526081161028661,-0.00700222897022762,0
2022-23,2023-05-24,Brighton,Man City,D,0.270566279405033,0.2573502307076305,3.8,H,0,0.01321604869740245,0.01321604869740245,0.2631578947368421,0.007408384668190882,0.028151861739125206,True,-1.0,3.93,3.8,0.2473559268804094,0.2573502307076305,0.06332547806177957,0.028151861739125206,0
2022-23,2023-05-25,Man United,Chelsea,H,0.2774131097605609,0.14924538358114348,6.53,A,0,0.1281677261794174,0.1281677261794174,0.15313935681470137,0.12427375294585952,0.8115076067364626,True,-1.0,5.19,6.53,0.18726763302329744,0.14924538358114348,0.4397740396573111,0.8115076067364626,2
2022-23,2023-05-28,Arsenal,Wolves,H,0.8644655363005638,0.7491562840355752,1.28,H,1,0.11530925226498856,0.11530925226498856,0.78125,0.08321553630056377,0.10651588646472177,True,0.28,1.38,1.28,0.6990023384762144,0.7491562840355752,0.1929624400947778,0.10651588646472177,0
2022-23,2023-05-28,Aston Villa,Brighton,H,0.3234373523435529,0.2456049123550351,3.95,A,0,0.07783243998851783,0.07783243998851783,0.2531645569620253,0.07027279538152764,0.2775775417570341,True,-1.0,3.35,3.95,0.28856598962608493,0.2456049123550351,0.0835151303509023,0.2775775417570341,2
2022-23,2023-05-28,Brentford,Man City,H,0.6412359682557163,0.44149269966113036,2.25,A,0,0.1997432685945859,0.1997432685945859,0.4444444444444444,0.19679152381127185,0.44278092857536167,True,-1.0,1.84,2.25,0.5251477413954904,0.44149269966113036,0.17987418159051805,0.44278092857536167,2
2022-23,2023-05-28,Chelsea,Newcastle,D,0.3690377031173814,0.35268189534502786,2.76,H,0,0.016355807772353514,0.016355807772353514,0.3623188405797102,0.0067188625376711775,0.018544060603972623,True,-1.0,2.89,2.76,0.33478260869565213,0.35268189534502786,0.06651896200923213,0.018544060603972623,0
2022-23,2023-05-28,Crystal Palace,Nott'm Forest,D,0.2333523375491624,0.16887048983338848,5.75,A,0,0.06448184771577392,0.06448184771577392,0.17391304347826086,0.05943929407090154,0.34177594090768393,True,-1.0,4.8,5.75,0.20085813891123627,0.16887048983338848,0.1200912202359794,0.34177594090768393,2
2022-23,2023-05-28,Everton,Bournemouth,H,0.2808484678860231,0.1829939783031468,5.31,A,0,0.09785448958287629,0.09785448958287629,0.18832391713747648,0.0925245507485466,0.49130536447478246,True,-1.0,6.54,5.31,0.1476553729972446,0.1829939783031468,0.8367489799745909,0.49130536447478246,2
2022-23,2023-05-28,Leeds,Tottenham,A,0.4561783933332897,0.40672979681897575,2.39,A,1,0.049448596514313936,0.049448596514313936,0.41841004184100417,0.03776835149228552,0.09026636006656252,True,1.3900000000000001,2.36,2.39,0.409774505838655,0.40672979681897575,0.07658100826656367,0.09026636006656252,2
2022-23,2023-05-28,Leicester,West Ham,H,0.3167981917063306,0.2958850744337475,3.29,A,0,0.020913117272583104,0.020913117272583104,0.303951367781155,0.01284682392517561,0.04226605071382772,True,-1.0,3.64,3.29,0.26510155631759424,0.2958850744337475,0.1531454178110434,0.04226605071382772,2
2022-23,2023-05-28,Man United,Fulham,H,0.6433625303649051,0.6512952925166666,1.49,H,1,-0.00793276215176153,0.00793276215176153,0.6711409395973155,-0.027778409232410373,-0.04138982975629146,False,0.49,1.53,1.49,0.6285281803095425,0.6512952925166666,-0.015655328541695157,-0.04138982975629146,0
2022-23,2023-05-28,Southampton,Liverpool,D,0.2066379846031004,0.19892471906821005,4.87,D,1,0.007713265534890351,0.007713265534890351,0.2053388090349076,0.0012991755681928119,0.006326985017099052,True,3.87,5.29,4.87,0.18210899773707778,0.19892471906821005,0.0931149385504011,0.006326985017099052,1
2023-24,2023-08-11,Burnley,Man City,A,0.1236838494147178,0.10112400721856306,9.62,H,0,0.022559842196154742,0.022559842196154742,0.10395010395010396,0.019733745464613844,0.18983863136958523,True,-1.0,8.58,9.62,0.11337942387325753,0.10112400721856306,0.06120742797827883,0.18983863136958523,0
2023-24,2023-08-12,Arsenal,Nott'm Forest,H,0.0869059794253209,0.06080735820132856,16.0,A,0,0.02609862122399234,0.02609862122399234,0.0625,0.024405979425320898,0.39049567080513437,True,-1.0,15.67,16.0,0.06145035234503575,0.06080735820132856,0.3618166975947785,0.39049567080513437,2
2023-24,2023-08-12,Bournemouth,West Ham,D,0.4595709551660177,0.3559331591511437,2.75,H,0,0.103637796014874,0.103637796014874,0.36363636363636365,0.09593459152965406,0.26382012670654875,True,-1.0,2.7,2.75,0.36043726068141835,0.3559331591511437,0.24084157894824787,0.26382012670654875,0
2023-24,2023-08-12,Brighton,Luton,H,0.2070253217509221,0.08524389471684574,11.36,A,0,0.12178142703407635,0.12178142703407635,0.08802816901408451,0.11899715273683757,1.3518076550904747,True,-1.0,9.61,11.36,0.10074096119840788,0.08524389471684574,0.9895133420263611,1.3518076550904747,2
2023-24,2023-08-12,Everton,Fulham,A,0.3369245453083452,0.2963200860414224,3.3,A,1,0.0406044592669228,0.0406044592669228,0.30303030303030304,0.033894242278042164,0.11185099951753918,True,2.3,3.35,3.3,0.2901254005593939,0.2963200860414224,0.12869722678295648,0.11185099951753918,2
2023-24,2023-08-12,Newcastle,Aston Villa,H,0.3533621704154632,0.1848998459167951,5.29,A,0,0.1684623244986681,0.1684623244986681,0.1890359168241966,0.1643262535912666,0.8692858814978004,True,-1.0,4.77,5.29,0.20359334149068212,0.1848998459167951,0.6855375528817593,0.8692858814978004,2
2023-24,2023-08-12,Sheffield United,Crystal Palace,A,0.4964070661829395,0.45062518460175255,2.17,A,1,0.045781881581186956,0.045781881581186956,0.4608294930875576,0.0355775730953819,0.07720333361697862,True,1.17,2.43,2.17,0.4007193644096735,0.45062518460175255,0.206269170824543,0.07720333361697862,2
2023-24,2023-08-13,Brentford,Tottenham,D,0.4493603047857347,0.3737161988930278,2.62,H,0,0.07564410589270687,0.07564410589270687,0.38167938931297707,0.06768091547275762,0.17732399853862502,True,-1.0,2.76,2.62,0.35229659910293537,0.3737161988930278,0.2402344412086277,0.17732399853862502,0
2023-24,2023-08-13,Chelsea,Liverpool,D,0.4878798708786717,0.44426457560243215,2.2,A,0,0.04361529527623953,0.04361529527623953,0.45454545454545453,0.033334416333217154,0.07333571593307786,True,-1.0,2.4,2.2,0.40528138917630124,0.44426457560243215,0.1709116901088119,0.07333571593307786,2
2023-24,2023-08-14,Man United,Wolves,H,0.1611493424122099,0.07942740002084708,12.25,A,0,0.08172194239136282,0.08172194239136282,0.08163265306122448,0.07951668935098542,0.9740794445495713,True,-1.0,9.66,12.25,0.10013442445110014,0.07942740002084708,0.5567026477019477,0.9740794445495713,2
2023-24,2023-08-18,Nott'm Forest,Sheffield United,H,0.2688380496196092,0.2180724666457435,4.48,A,0,0.050765582973865714,0.050765582973865714,0.2232142857142857,0.04562376390532352,0.20439446229584934,True,-1.0,4.37,4.48,0.2235125733158147,0.2180724666457435,0.17482227683769236,0.20439446229584934,2
2023-24,2023-08-19,Fulham,Brentford,A,0.4113074560857856,0.35559027123117953,2.75,A,1,0.05571718485460608,0.05571718485460608,0.36363636363636365,0.04767109244942197,0.13109550423591054,True,1.75,2.67,2.75,0.3641903354992095,0.35559027123117953,0.09819090774904748,0.13109550423591054,2
2023-24,2023-08-19,Liverpool,Bournemouth,H,0.1285431159145138,0.07457627118644068,13.0,A,0,0.05396684472807313,0.05396684472807313,0.07692307692307693,0.051620038991436884,0.6710605068886795,True,-1.0,11.46,13.0,0.08387773346169715,0.07457627118644068,0.47310410838032846,0.6710605068886795,2
2023-24,2023-08-19,Man City,Newcastle,H,0.6567581451866751,0.5222213577730406,1.87,H,1,0.1345367874136345,0.1345367874136345,0.53475935828877,0.12199878689790511,0.22813773149908245,True,0.8700000000000001,1.73,1.87,0.5610514012030675,0.5222213577730406,0.13619159117294788,0.22813773149908245,0
2023-24,2023-08-19,Tottenham,Man United,H,0.4177148863600991,0.42884988142549296,2.28,A,0,-0.011134995065393838,0.011134995065393838,0.4385964912280702,-0.020881604867971082,-0.04761005909897409,False,-1.0,2.41,2.28,0.4037950129257429,0.42884988142549296,0.006692876127838865,-0.04761005909897409,2
2023-24,2023-08-19,Wolves,Brighton,A,0.5754463315627911,0.5319333388669083,1.83,A,1,0.043512992695882824,0.043512992695882824,0.5464480874316939,0.028998244131097195,0.053066786759907725,True,0.8300000000000001,1.88,1.83,0.5165549357760606,0.5319333388669083,0.08183910333804723,0.053066786759907725,2
2023-24,2023-08-20,Aston Villa,Everton,H,0.2144707527845253,0.22296969063416613,4.38,A,0,-0.008498937849640842,0.008498937849640842,0.22831050228310504,-0.013839749498579745,-0.06061810280377922,False,-1.0,5.06,4.38,0.19193744161721027,0.22296969063416613,0.08522200908969779,-0.06061810280377922,2
2023-24,2023-08-20,West Ham,Chelsea,H,0.3779938250846715,0.30101178906831855,3.25,H,1,0.07698203601635295,0.07698203601635295,0.3076923076923077,0.07030151739236379,0.22847993152518242,True,2.25,3.68,3.25,0.2643269657929809,0.30101178906831855,0.3910172763115911,0.22847993152518242,0
2023-24,2023-08-21,Crystal Palace,Arsenal,A,0.2713836834962666,0.21671252485089462,4.51,H,0,0.054671158645372,0.054671158645372,0.22172949002217296,0.049654193474093666,0.22394041256816233,True,-1.0,5.73,4.51,0.16931606455370357,0.21671252485089462,0.5550285064336078,0.22394041256816233,0
2023-24,2023-08-25,Chelsea,Luton,H,0.2644640415203204,0.07786633966891478,12.5,A,0,0.18659770185140562,0.18659770185140562,0.08,0.18446404152032037,2.3058005190040047,True,-1.0,10.68,12.5,0.0911413890759481,0.07786633966891478,1.8244759634370218,2.3058005190040047,2
2023-24,2023-08-26,Arsenal,Fulham,D,0.0925795727022855,0.0939787838039743,10.32,A,0,-0.0013992111016887937,0.0013992111016887937,0.09689922480620154,-0.004319652103916036,-0.04457880971241357,False,-1.0,15.25,10.32,0.06324813473126602,0.0939787838039743,0.4118384837098539,-0.04457880971241357,2
2023-24,2023-08-26,Bournemouth,Tottenham,A,0.5283557200444979,0.46738133078491867,2.09,A,1,0.060974389259579265,0.060974389259579265,0.47846889952153115,0.04988682052296678,0.1042634548930006,True,1.0899999999999999,1.95,2.09,0.4982891700485399,0.46738133078491867,0.03029365408677087,0.1042634548930006,2
2023-24,2023-08-26,Brentford,Crystal Palace,D,0.575250485934091,0.45292343510238636,2.16,H,0,0.12232705083170464,0.12232705083170464,0.4629629629629629,0.1122875229711281,0.24254104961763656,True,-1.0,2.17,2.16,0.44800848634859697,0.45292343510238636,0.24829355447697754,0.24254104961763656,0
2023-24,2023-08-26,Brighton,West Ham,A,0.2175870385526602,0.15553809897879026,6.25,A,1,0.06204893957386995,0.06204893957386995,0.16,0.0575870385526602,0.35991899095412627,True,5.25,5.81,6.25,0.16670929786417704,0.15553809897879026,0.2641806939909557,0.35991899095412627,2
2023-24,2023-08-26,Everton,Wolves,A,0.3243949544152521,0.31146566768971534,3.14,A,1,0.012929286725536782,0.012929286725536782,0.3184713375796178,0.005923616835634304,0.018600156863891604,True,2.14,3.34,3.14,0.2912586416328,0.31146566768971534,0.0834791477469421,0.018600156863891604,2
2023-24,2023-08-26,Man United,Nott'm Forest,H,0.1865452884652013,0.11399483796960136,8.51,A,0,0.07255045049559994,0.07255045049559994,0.11750881316098707,0.06903647530421422,0.587500404838863,True,-1.0,9.11,8.51,0.10610162292362824,0.11399483796960136,0.6994275779179837,0.587500404838863,2
2023-24,2023-08-27,Burnley,Aston Villa,A,0.4553668132209064,0.42682123567382424,2.29,A,1,0.028545577547082146,0.028545577547082146,0.4366812227074236,0.018685590513482786,0.042790002275875594,True,1.29,2.18,2.29,0.44636318707680545,0.42682123567382424,-0.007300347178423983,0.042790002275875594,2
2023-24,2023-08-27,Newcastle,Liverpool,A,0.3917904855513376,0.314490977747134,3.11,A,1,0.07729950780420358,0.07729950780420358,0.3215434083601286,0.07024707719120898,0.2184684100646599,True,2.11,3.13,3.11,0.31102918806707347,0.314490977747134,0.2263042197756866,0.2184684100646599,2
2023-24,2023-08-27,Sheffield United,Man City,A,0.0905809209708055,0.060622610595303106,16.0,H,0,0.029958310375502395,0.029958310375502395,0.0625,0.0280809209708055,0.449294735532888,True,-1.0,16.72,16.0,0.05769510539758604,0.060622610595303106,0.514512998631868,0.449294735532888,0
2023-24,2023-09-01,Luton,West Ham,A,0.244479818235951,0.20854107578966274,4.67,H,0,0.03593874244628825,0.03593874244628825,0.21413276231263384,0.030347055923317157,0.1417207511618912,True,-1.0,4.82,4.67,0.20212820703417597,0.20854107578966274,0.17839272389728378,0.1417207511618912,0
2023-24,2023-09-02,Brentford,Bournemouth,D,0.6079418316003113,0.5566406082642362,1.75,H,0,0.05130122333607512,0.05130122333607512,0.5714285714285714,0.03651326017173995,0.0638982053005448,True,-1.0,1.75,1.75,0.5550950755728913,0.5566406082642362,0.0638982053005448,0.0638982053005448,0
2023-24,2023-09-02,Brighton,Newcastle,H,0.4260178308874832,0.3701680718820283,2.64,H,1,0.05584975900545486,0.05584975900545486,0.3787878787878788,0.0472299520996044,0.12468707354295572,True,1.6400000000000001,2.59,2.64,0.3757651929617034,0.3701680718820283,0.1033861819985813,0.12468707354295572,0
2023-24,2023-09-02,Burnley,Tottenham,A,0.6147606420851348,0.4788988075978597,2.04,A,1,0.13586183448727512,0.13586183448727512,0.49019607843137253,0.12456456365376228,0.2541117098536749,True,1.04,1.88,2.04,0.5157568429718048,0.4788988075978597,0.1557500071200535,0.2541117098536749,2
2023-24,2023-09-02,Chelsea,Nott'm Forest,A,0.2294758676697116,0.11521355142701968,8.45,A,1,0.11426231624269191,0.11426231624269191,0.1183431952662722,0.1111326724034394,0.9390710818090628,True,7.449999999999999,8.62,8.45,0.11246525618408194,0.11521355142701968,0.9780819793129139,0.9390710818090628,2
2023-24,2023-09-02,Man City,Fulham,H,0.8555786005255817,0.8130540342160238,1.19,H,1,0.04252456630955781,0.04252456630955781,0.8403361344537815,0.015242466071800131,0.018138534625442126,True,0.18999999999999995,1.15,1.19,0.8387290003075434,0.8130540342160238,-0.016084609395581206,0.018138534625442126,0
2023-24,2023-09-02,Sheffield United,Everton,D,0.3447004311947164,0.30472079004171654,3.21,H,0,0.039979641152999845,0.039979641152999845,0.3115264797507788,0.03317395144393759,0.10648838413503947,True,-1.0,3.06,3.21,0.31793813482135647,0.30472079004171654,0.05478331945583226,0.10648838413503947,0
2023-24,2023-09-03,Arsenal,Man United,H,0.5789713120621836,0.5521720289057285,1.76,H,1,0.026799283156455078,0.026799283156455078,0.5681818181818182,0.01078949388036532,0.01898950922944298,True,0.76,1.77,1.76,0.5485961506068424,0.5521720289057285,0.02477922235006491,0.01898950922944298,0
2023-24,2023-09-03,Crystal Palace,Wolves,H,0.2545837590222157,0.21518836432999522,4.54,A,0,0.039395394692220476,0.039395394692220476,0.22026431718061673,0.03431944184159896,0.15581026596085934,True,-1.0,4.25,4.54,0.2287467860993614,0.21518836432999522,0.08198097584441677,0.15581026596085934,2
2023-24,2023-09-03,Liverpool,Aston Villa,H,0.5980335933392078,0.5945287952140272,1.65,H,1,0.0035047981251805638,0.0035047981251805638,0.6060606060606061,-0.008027012721398274,-0.01324457099030718,False,0.6499999999999999,1.68,1.65,0.5781541380852153,0.5945287952140272,0.004696436809868976,-0.01324457099030718,0
2023-24,2023-09-16,Aston Villa,Crystal Palace,H,0.2841877677607931,0.2395002974419988,4.08,A,0,0.044687470318794276,0.044687470318794276,0.24509803921568626,0.03908972854510681,0.15948609246403578,True,-1.0,4.1,4.08,0.23726042804177103,0.2395002974419988,0.1651698478192516,0.15948609246403578,2
2023-24,2023-09-16,Fulham,Luton,H,0.2665034507111172,0.17100279186069303,5.68,A,0,0.09550065885042416,0.09550065885042416,0.17605633802816903,0.09044711268294817,0.5137396000391456,True,-1.0,5.31,5.68,0.1825373073967728,0.17100279186069303,0.41513332327603214,0.5137396000391456,2
2023-24,2023-09-16,Man United,Brighton,A,0.5459805488995669,0.47232829338081667,2.07,H,0,0.07365225551875026,0.07365225551875026,0.48309178743961356,0.06288876145995337,0.13017973622210355,True,-1.0,2.25,2.07,0.43248669595535455,0.47232829338081667,0.22845623502402557,0.13017973622210355,0
2023-24,2023-09-16,Newcastle,Brentford,H,0.3094732496945839,0.17942875805811956,5.43,A,0,0.13004449163646434,0.13004449163646434,0.1841620626151013,0.1253111870794826,0.6804397458415905,True,-1.0,6.3,5.43,0.15383893373380886,0.17942875805811956,0.9496814730758785,0.6804397458415905,2
2023-24,2023-09-16,Tottenham,Sheffield United,H,0.7610648226767971,0.7438704741838795,1.3,H,1,0.017194348492917566,0.017194348492917566,0.7692307692307692,-0.00816594655397207,-0.010615730520163735,False,0.30000000000000004,1.29,1.3,0.7470950489163073,0.7438704741838795,-0.01822637874693167,-0.010615730520163735,0
2023-24,2023-09-16,West Ham,Man City,A,0.1623356050321454,0.17715286606495184,5.49,H,0,-0.01481726103280645,0.01481726103280645,0.18214936247723132,-0.019813757445085928,-0.10877752837352173,False,-1.0,6.58,5.49,0.14734774066797643,0.17715286606495184,0.06816828111151674,-0.10877752837352173,0
2023-24,2023-09-16,Wolves,Liverpool,A,0.6761188517535739,0.5692263105681451,1.71,A,1,0.10689254118542879,0.10689254118542879,0.5847953216374269,0.09132353011614702,0.1561632364986114,True,0.71,1.47,1.71,0.6596734927681511,0.5692263105681451,-0.006105287922246405,0.1561632364986114,2
2023-24,2023-09-17,Bournemouth,Chelsea,D,0.296483071001953,0.22397501626224295,4.34,H,0,0.07250805473971003,0.07250805473971003,0.2304147465437788,0.06606832445817418,0.28673652814847594,True,-1.0,4.39,4.34,0.22110004094445204,0.22397501626224295,0.3015606816985734,0.28673652814847594,0
2023-24,2023-09-17,Everton,Arsenal,A,0.1848076507317707,0.1621025677501956,6.0,H,0,0.022705082981575087,0.022705082981575087,0.16666666666666666,0.018140984065104032,0.10884590439062425,True,-1.0,6.3,6.0,0.15372052262587635,0.1621025677501956,0.16428819961015528,0.10884590439062425,0
2023-24,2023-09-18,Nott'm Forest,Burnley,D,0.504489152887984,0.456697661134207,2.14,H,0,0.047791491753777005,0.047791491753777005,0.4672897196261682,0.037199433261815795,0.07960678718028591,True,-1.0,2.23,2.14,0.43619080374816593,0.456697661134207,0.1250108109402044,0.07960678718028591,0
2023-24,2023-09-23,Brentford,Everton,A,0.610058863938168,0.5011049991127745,1.95,H,0,0.10895386482539349,0.10895386482539349,0.5128205128205129,0.09723835111765511,0.1896147846794276,True,-1.0,1.81,1.95,0.536510595071455,0.5011049991127745,0.10420654372808413,0.1896147846794276,0
2023-24,2023-09-23,Burnley,Man United,A,0.2480683959252692,0.2432073242764324,4.0,D,0,0.0048610716488367844,0.0048610716488367844,0.25,-0.0019316040747308083,-0.007726416298923233,False,-1.0,4.31,4.0,0.22512191280522775,0.2432073242764324,0.0691747864379102,-0.007726416298923233,1
2023-24,2023-09-23,Crystal Palace,Fulham,D,0.2604330400572454,0.2462103526628692,3.97,A,0,0.014222687394376182,0.014222687394376182,0.2518891687657431,0.008543871291502303,0.03391916902726422,True,-1.0,4.11,3.97,0.2366111463780821,0.2462103526628692,0.07037979463527866,0.03391916902726422,2
2023-24,2023-09-23,Luton,Wolves,D,0.4079044801503388,0.29833537157752626,3.28,H,0,0.10956910857281255,0.10956910857281255,0.3048780487804878,0.10302643136985101,0.3379266948931112,True,-1.0,3.26,3.28,0.2984418340562578,0.29833537157752626,0.32976860529010454,0.3379266948931112,0
2023-24,2023-09-23,Man City,Nott'm Forest,H,0.0607393870843493,0.05404744436292491,18.0,A,0,0.006691942721424385,0.006691942721424385,0.05555555555555555,0.005183831528793745,0.09330896751828743,True,-1.0,17.91,18.0,0.05389351624089095,0.05404744436292491,0.08784242268069598,0.09330896751828743,2
2023-24,2023-09-24,Arsenal,Tottenham,D,0.2788139727230977,0.19007869759288756,5.11,A,0,0.08873527513021015,0.08873527513021015,0.19569471624266144,0.08311925648043628,0.42473940061502935,True,-1.0,4.69,5.11,0.20637282371355142,0.19007869759288756,0.3076375320713285,0.42473940061502935,2
2023-24,2023-09-24,Brighton,Bournemouth,H,0.7094886473174755,0.6396061545978441,1.52,H,1,0.06988249271963143,0.06988249271963143,0.6578947368421053,0.05159391047537021,0.07842274392256288,True,0.52,1.41,1.52,0.6867942868682166,0.6396061545978441,0.000378992717640525,0.07842274392256288,0
2023-24,2023-09-24,Chelsea,Aston Villa,A,0.4277689321641089,0.23867180917193162,4.1,A,1,0.18909712299217726,0.18909712299217726,0.24390243902439027,0.18386649313971862,0.7538526218728463,True,3.0999999999999996,3.93,4.1,0.2472822605284685,0.23867180917193162,0.6811319034049479,0.7538526218728463,2
2023-24,2023-09-24,Liverpool,West Ham,H,0.7699007223255747,0.6997370304493633,1.39,H,1,0.07016369187621141,0.07016369187621141,0.7194244604316548,0.05047626189391996,0.0701620040325488,True,0.3899999999999999,1.4,1.39,0.6939199866921734,0.6997370304493633,0.07786101125580447,0.0701620040325488,0
2023-24,2023-09-24,Sheffield United,Newcastle,A,0.1848760873060114,0.16047152173558743,6.05,H,0,0.024404565570423975,0.024404565570423975,0.1652892561983471,0.019586831107664293,0.11850032820136902,True,-1.0,7.05,6.05,0.13740545169116597,0.16047152173558743,0.30337641550738037,0.11850032820136902,0
2023-24,2023-09-30,Aston Villa,Brighton,H,0.2607416155579897,0.2596771509402563,3.77,D,0,0.0010644646177334072,0.0010644646177334072,0.26525198938992045,-0.0045103738319307585,-0.01700410934637886,False,-1.0,3.96,3.77,0.24571428571428575,0.2596771509402563,0.03253679760963912,-0.01700410934637886,1
2023-24,2023-09-30,Bournemouth,Arsenal,A,0.189774627521938,0.16073641114044068,6.06,H,0,0.02903821638149731,0.02903821638149731,0.16501650165016502,0.02475812587177298,0.1500342427829442,True,-1.0,5.59,6.06,0.1737546671523541,0.16073641114044068,0.06084016784763335,0.1500342427829442,0
2023-24,2023-09-30,Everton,Luton,A,0.2953878110223008,0.17054499247721722,5.7,A,1,0.12484281854508356,0.12484281854508356,0.17543859649122806,0.11994921453107271,0.6837105228271145,True,4.7,6.24,5.7,0.15538546931144281,0.17054499247721722,0.843219940779157,0.6837105228271145,2
2023-24,2023-09-30,Man United,Crystal Palace,A,0.2027839536413569,0.1629727190758758,5.96,A,1,0.03981123456548111,0.03981123456548111,0.16778523489932887,0.034998718742028034,0.20859236370248713,True,4.96,5.96,5.96,0.16225466957428655,0.1629727190758758,0.20859236370248713,0.20859236370248713,2
2023-24,2023-09-30,Newcastle,Burnley,H,0.1745840989025825,0.184794928712492,5.24,D,0,-0.010210829809909505,0.010210829809909505,0.19083969465648853,-0.016255595753906033,-0.08517932175046761,False,-1.0,5.67,5.24,0.17091050512062428,0.184794928712492,-0.010108159222357194,-0.08517932175046761,1
2023-24,2023-09-30,Tottenham,Liverpool,H,0.2459509963645317,0.24400908941026359,4.01,D,0,0.0019419069542681022,0.0019419069542681022,0.24937655860349128,-0.0034255622389595952,-0.013736504578227948,False,-1.0,4.12,4.01,0.23640192667534665,0.24400908941026359,0.013318105021870474,-0.013736504578227948,1
2023-24,2023-09-30,West Ham,Sheffield United,H,0.2128331822759178,0.20322013684012302,4.79,D,0,0.009613045435794776,0.009613045435794776,0.20876826722338204,0.004064915052535756,0.01947094310164621,True,-1.0,4.94,4.79,0.19628880485445432,0.20322013684012302,0.05139592044303409,0.01947094310164621,1
2023-24,2023-09-30,Wolves,Man City,H,0.796964534944212,0.6996613322185323,1.39,A,0,0.09730320272567972,0.09730320272567972,0.7194244604316548,0.07754007451255729,0.10778070357245473,True,-1.0,1.33,1.39,0.7300858940125228,0.6996613322185323,0.05996283147580206,0.10778070357245473,2
2023-24,2023-10-01,Nott'm Forest,Brentford,D,0.3665210462476186,0.3734858758141223,2.62,H,0,-0.006964829566503683,0.006964829566503683,0.38167938931297707,-0.01515834306535846,-0.03971485883123915,False,-1.0,2.84,2.62,0.3425849581741396,0.3734858758141223,0.040919771343236766,-0.03971485883123915,0
2023-24,2023-10-02,Fulham,Chelsea,A,0.4075586877772707,0.2782274571767157,3.52,H,0,0.129331230600555,0.129331230600555,0.2840909090909091,0.1234677786863616,0.4346065809759929,True,-1.0,3.93,3.52,0.24710287782541124,0.2782274571767157,0.6017056429646741,0.4346065809759929,0
2023-24,2023-10-03,Luton,Burnley,A,0.5054756537829136,0.331916785138123,2.95,H,0,0.1735588686447906,0.1735588686447906,0.3389830508474576,0.16649260293545598,0.4911531786595953,True,-1.0,2.94,2.95,0.33116413313885334,0.331916785138123,0.4860984221217659,0.4911531786595953,0
2023-24,2023-10-07,Burnley,Chelsea,A,0.2548521554812279,0.1867565564222936,5.2,H,0,0.06809559905893431,0.06809559905893431,0.1923076923076923,0.06254446317353562,0.3252312085023852,True,-1.0,4.58,5.2,0.21169453641394642,0.1867565564222936,0.16722287210402387,0.3252312085023852,0
2023-24,2023-10-07,Crystal Palace,Nott'm Forest,D,0.4708754988584215,0.41791044776119407,2.34,H,0,0.052965051097227434,0.052965051097227434,0.4273504273504274,0.04352507150799412,0.10184866732870623,True,-1.0,2.26,2.34,0.43042843878498477,0.41791044776119407,0.06417862742003244,0.10184866732870623,0
2023-24,2023-10-07,Everton,Bournemouth,H,0.2679744826635278,0.25887585357087844,3.78,D,0,0.009098629092649357,0.009098629092649357,0.2645502645502646,0.003424218113263211,0.012943544468134949,True,-1.0,3.71,3.78,0.2617453532165606,0.25887585357087844,-0.005814669318311871,0.012943544468134949,1
2023-24,2023-10-07,Fulham,Sheffield United,H,0.170777625461621,0.1478599221789883,6.57,A,0,0.022917703282632707,0.022917703282632707,0.15220700152207,0.018570623939551,0.12200899928285014,True,-1.0,5.9,6.57,0.16467516818957725,0.1478599221789883,0.007587990223564045,0.12200899928285014,2
2023-24,2023-10-07,Luton,Tottenham,A,0.1487490706064234,0.14265246668895362,6.8,H,0,0.006096603917469773,0.006096603917469773,0.14705882352941177,0.0016902470770116251,0.011493680123679129,True,-1.0,6.91,6.8,0.14044101739963533,0.14265246668895362,0.027856077890385578,0.011493680123679129,0
2023-24,2023-10-07,Man United,Brentford,H,0.241925612560573,0.17958347645764158,5.41,A,0,0.062342136102931406,0.062342136102931406,0.18484288354898337,0.05708272901158962,0.3088175639527,True,-1.0,4.87,5.41,0.19936179827613454,0.17958347645764158,0.17817773316999053,0.3088175639527,2
2023-24,2023-10-08,Arsenal,Man City,H,0.3667209591112523,0.32713620120323883,3.0,H,1,0.03958475790801347,0.03958475790801347,0.3333333333333333,0.03338762577791898,0.10016287733375684,True,2.0,2.99,3.0,0.32550168904189053,0.32713620120323883,0.09649566774264451,0.10016287733375684,0
2023-24,2023-10-08,Brighton,Liverpool,D,0.2449482183339599,0.23361679474754646,4.19,D,1,0.011331423586413453,0.011331423586413453,0.2386634844868735,0.006284733847086416,0.026333034819292056,True,3.1900000000000004,4.02,4.19,0.24196732954545455,0.23361679474754646,-0.01530816229748122,0.026333034819292056,1
2023-24,2023-10-08,West Ham,Newcastle,D,0.4967048130434796,0.4640222395969073,2.11,A,0,0.03268257344657227,0.03268257344657227,0.47393364928909953,0.02277116375438004,0.04804715552174188,True,-1.0,2.12,2.11,0.4584910546723949,0.4640222395969073,0.053014203652176795,0.04804715552174188,2
2023-24,2023-10-08,Wolves,Aston Villa,D,0.4656640009387757,0.4700618647812637,2.08,A,0,-0.004397863842488026,0.004397863842488026,0.4807692307692307,-0.015105229830455036,-0.031418878047346555,False,-1.0,2.18,2.08,0.4460365082233869,0.4700618647812637,0.015147522046531137,-0.031418878047346555,2
2023-24,2023-10-21,Bournemouth,Wolves,A,0.4053061510077592,0.29439758370474056,3.32,A,1,0.11090856730301862,0.11090856730301862,0.30120481927710846,0.10410133173065073,0.3456164213457604,True,2.32,3.01,3.32,0.32351616918717063,0.29439758370474056,0.21997151453335517,0.3456164213457604,2
2023-24,2023-10-21,Brentford,Burnley,H,0.6236684910297363,0.5592839272432213,1.74,H,1,0.06438456378651503,0.06438456378651503,0.5747126436781609,0.04895584735157543,0.08518317439174128,True,0.74,1.87,1.74,0.5197670419949079,0.5592839272432213,0.16626007822560696,0.08518317439174128,0
2023-24,2023-10-21,Chelsea,Arsenal,D,0.5694599742424588,0.423537886500373,2.31,A,0,0.14592208774208576,0.14592208774208576,0.4329004329004329,0.13655954134202586,0.31545254050007965,True,-1.0,2.26,2.31,0.43021985323430834,0.423537886500373,0.2869795417879566,0.31545254050007965,2
2023-24,2023-10-21,Liverpool,Everton,H,0.7867294568113801,0.6926480599046971,1.4,H,1,0.09408139690668293,0.09408139690668293,0.7142857142857143,0.07244374252566577,0.10142123953593196,True,0.3999999999999999,1.37,1.4,0.705955452060666,0.6926480599046971,0.07781935583159072,0.10142123953593196,0
2023-24,2023-10-21,Man City,Brighton,H,0.8054015089903265,0.7068504495597493,1.36,H,1,0.09855105943057718,0.09855105943057718,0.7352941176470588,0.07010739134326771,0.09534605222684411,True,0.3600000000000001,1.42,1.36,0.6823811476816729,0.7068504495597493,0.14367014276626344,0.09534605222684411,0
2023-24,2023-10-21,Newcastle,Crystal Palace,H,0.1723877608271486,0.12658777631308246,7.68,A,0,0.04579998451406614,0.04579998451406614,0.13020833333333334,0.04217942749381526,0.3239380031525012,True,-1.0,7.7,7.68,0.12599156055229174,0.12658777631308246,0.32738575836904427,0.3239380031525012,2
2023-24,2023-10-21,Nott'm Forest,Luton,D,0.2639235204374227,0.18053108287736871,5.39,A,0,0.08339243756005396,0.08339243756005396,0.1855287569573284,0.07839476348009428,0.42254777515770825,True,-1.0,5.43,5.39,0.17889073138797892,0.18053108287736871,0.43310471597520506,0.42254777515770825,2
2023-24,2023-10-21,Sheffield United,Man United,A,0.1819014772138373,0.12430032812198417,7.8,H,0,0.05760114909185311,0.05760114909185311,0.12820512820512822,0.053696349008709066,0.41883152226793086,True,-1.0,7.57,7.8,0.12798442374616525,0.12430032812198417,0.3769941825087484,0.41883152226793086,0
2023-24,2023-10-22,Aston Villa,West Ham,H,0.5603738484086022,0.5436121668473664,1.79,H,1,0.01676168156123581,0.01676168156123581,0.5586592178770949,0.0017146305315072219,0.003069188651397825,True,0.79,1.9,1.79,0.5109141425111767,0.5436121668473664,0.06471031197634414,0.003069188651397825,0
2023-24,2023-10-23,Tottenham,Fulham,H,0.7207908898102051,0.6369448064527491,1.52,H,1,0.08384608335745602,0.08384608335745602,0.6578947368421053,0.0628961529680998,0.09560215251151183,True,0.52,1.51,1.52,0.6408140394330331,0.6369448064527491,0.08839424361340975,0.09560215251151183,0
2023-24,2023-10-27,Crystal Palace,Tottenham,A,0.3792055670109331,0.21186453560668017,4.58,H,0,0.16734103140425294,0.16734103140425294,0.2183406113537118,0.1608649556572213,0.7367614969100738,True,-1.0,4.7,4.58,0.20620016439375305,0.21186453560668017,0.7822661649513858,0.7367614969100738,0
2023-24,2023-10-28,Arsenal,Sheffield United,H,0.1186054825733799,0.1014254268800889,9.5,D,0,0.017180055693290994,0.017180055693290994,0.10526315789473684,0.013342324678643061,0.12675208444710906,True,-1.0,10.16,9.5,0.09552994457507355,0.1014254268800889,0.20503170294553974,0.12675208444710906,1
2023-24,2023-10-28,Bournemouth,Burnley,H,0.665018309524964,0.4565377748794646,2.13,H,1,0.20848053464549937,0.20848053464549937,0.4694835680751174,0.19553474144984662,0.4164889992881733,True,1.13,2.1,2.13,0.4629137063716602,0.4565377748794646,0.3965384500024245,0.4164889992881733,0
2023-24,2023-10-28,Chelsea,Brentford,A,0.2826833391239201,0.17311054983485527,5.6,A,1,0.1095727892890648,0.1095727892890648,0.17857142857142858,0.1041119105524915,0.5830266990939523,True,4.6,5.32,5.6,0.18225735617039962,0.17311054983485527,0.5038753641392548,0.5830266990939523,2
2023-24,2023-10-28,Wolves,Newcastle,D,0.6036656525358677,0.5039679814794832,1.93,A,0,0.0996976710563845,0.0996976710563845,0.5181347150259068,0.08553093750996088,0.16507470939422464,True,-1.0,1.84,1.93,0.5271003812898742,0.5039679814794832,0.11074480066599657,0.16507470939422464,2
2023-24,2023-10-29,Aston Villa,Luton,H,0.2439830403936287,0.11309485165227552,8.55,A,0,0.13088818874135316,0.13088818874135316,0.11695906432748537,0.12702397606614332,1.0860549953655254,True,-1.0,10.8,8.55,0.08951712122708862,0.11309485165227552,1.6350168362511903,1.0860549953655254,2
2023-24,2023-10-29,Brighton,Fulham,D,0.6294852190047975,0.5918390602177493,1.64,H,0,0.037646158787048134,0.037646158787048134,0.6097560975609756,0.019729121443821884,0.032355759167867815,True,-1.0,1.59,1.64,0.6102855295923839,0.5918390602177493,0.0008814982176279518,0.032355759167867815,0
2023-24,2023-10-29,Liverpool,Nott'm Forest,H,0.7726848469332597,0.7887131723124028,1.22,H,1,-0.016028325379143116,0.016028325379143116,0.819672131147541,-0.04698728421428133,-0.05732448674142321,False,0.21999999999999997,1.27,1.22,0.7570299615410768,0.7887131723124028,-0.01869024439476019,-0.05732448674142321,0
2023-24,2023-10-29,Man United,Man City,A,0.2430859948212383,0.1729928284065069,5.6,H,0,0.0700931664147314,0.0700931664147314,0.17857142857142858,0.06451456624980972,0.3612815709989343,True,-1.0,5.16,5.6,0.18793220746504774,0.1729928284065069,0.2543237332775896,0.3612815709989343,0
2023-24,2023-10-29,West Ham,Everton,A,0.485379072930967,0.46800095039762957,2.08,H,0,0.017378122533337426,0.017378122533337426,0.4807692307692307,0.004609842161736266,0.009588471696411416,True,-1.0,2.18,2.08,0.4461286032324283,0.46800095039762957,0.05812637898950812,0.009588471696411416,0
2023-24,2023-11-04,Brentford,West Ham,H,0.5228286491060748,0.4505766151134422,2.16,H,1,0.07225203399263264,0.07225203399263264,0.4629629629629629,0.05986568614311194,0.12930988206912164,True,1.1600000000000001,2.07,2.16,0.4669527896995709,0.4505766151134422,0.08225530364957478,0.12930988206912164,0
2023-24,2023-11-04,Burnley,Crystal Palace,A,0.3817923015373425,0.4212269569193367,2.31,A,1,-0.0394346553819942,0.0394346553819942,0.4329004329004329,-0.05110813136309039,-0.1180597834487388,False,1.31,2.65,2.31,0.3656499310764954,0.4212269569193367,0.011749599073957562,-0.1180597834487388,2
2023-24,2023-11-04,Everton,Brighton,D,0.3450997047723144,0.34031150561045054,2.86,H,0,0.004788199161863849,0.004788199161863849,0.3496503496503497,-0.004550644878035304,-0.013014844351180943,False,-1.0,3.1,2.86,0.3121343615309098,0.34031150561045054,0.06980908479417458,-0.013014844351180943,0
2023-24,2023-11-04,Fulham,Man United,A,0.4629382961009866,0.40842479152038985,2.38,A,1,0.05451350458059673,0.05451350458059673,0.42016806722689076,0.04277022887409582,0.10179314472034795,True,1.38,2.22,2.38,0.4361666102268879,0.40842479152038985,0.02772301734419025,0.10179314472034795,2
2023-24,2023-11-04,Man City,Bournemouth,H,0.9205818926565053,0.8825905480005386,1.09,H,1,0.03799134465596665,0.03799134465596665,0.9174311926605504,0.003150699995954853,0.0034342629955907977,True,0.09000000000000008,1.08,1.09,0.8920024649936664,0.8825905480005386,-0.005771555930974226,0.0034342629955907977,0
2023-24,2023-11-04,Newcastle,Arsenal,H,0.628938176002575,0.35631965134029664,2.73,A,0,0.2726185246622783,0.2726185246622783,0.3663003663003663,0.2626378097022087,0.7170012204870295,True,-1.0,2.59,2.73,0.3738701916557866,0.35631965134029664,0.628949875846669,0.7170012204870295,2
2023-24,2023-11-04,Sheffield United,Wolves,H,0.2650477966622886,0.2230590355215614,4.35,H,1,0.04198876114072722,0.04198876114072722,0.2298850574712644,0.03516273919102422,0.15295791548095528,True,3.3499999999999996,3.91,4.35,0.24708003449086777,0.2230590355215614,0.036336884949548454,0.15295791548095528,0
2023-24,2023-11-05,Luton,Liverpool,D,0.1288965510385803,0.06461379887908264,15.0,H,0,0.06428275215949766,0.06428275215949766,0.06666666666666667,0.06222988437191364,0.9334482655787046,True,-1.0,11.23,15.0,0.08534102200719998,0.06461379887908264,0.44750826816325695,0.9334482655787046,0
2023-24,2023-11-05,Nott'm Forest,Aston Villa,H,0.5881031990995825,0.4980093992277068,1.95,A,0,0.09009379987187571,0.09009379987187571,0.5128205128205129,0.07528268627906964,0.1468012382441859,True,-1.0,1.89,1.95,0.5112743707384835,0.4980093992277068,0.11151504629821085,0.1468012382441859,2
2023-24,2023-11-06,Tottenham,Chelsea,A,0.6532345020575259,0.4099511428090077,2.37,H,0,0.24328335924851818,0.24328335924851818,0.42194092827004215,0.23129357378748372,0.5481657698763365,True,-1.0,2.14,2.37,0.4515803972741772,0.4099511428090077,0.39792183440310547,0.5481657698763365,0
2023-24,2023-11-11,Arsenal,Burnley,H,0.8513596083840542,0.8126061460569746,1.19,H,1,0.03875346232707966,0.03875346232707966,0.8403361344537815,0.011023473930272698,0.013117933977024432,True,0.18999999999999995,1.19,1.19,0.8064278217664426,0.8126061460569746,0.013117933977024432,0.013117933977024432,0
2023-24,2023-11-11,Bournemouth,Newcastle,H,0.6299336682169192,0.4928379858977892,1.97,A,0,0.13709568231913,0.13709568231913,0.5076142131979695,0.1223194550189497,0.24096932638733093,True,-1.0,1.76,1.97,0.548583044362071,0.4928379858977892,0.10868325606177787,0.24096932638733093,2
2023-24,2023-11-11,Crystal Palace,Everton,A,0.465845753030873,0.35917859365276916,2.71,H,0,0.10666715937810384,0.10666715937810384,0.36900369003690037,0.09684206299397263,0.2624419907136659,True,-1.0,2.45,2.71,0.39468749395866753,0.35917859365276916,0.14132209492563885,0.2624419907136659,0
2023-24,2023-11-11,Man United,Luton,H,0.166560010174919,0.09581401875489921,10.06,A,0,0.07074599142001979,0.07074599142001979,0.09940357852882703,0.06715643164609197,0.6755937023596852,True,-1.0,9.36,10.06,0.10264508382383225,0.09581401875489921,0.5590016952372419,0.6755937023596852,2
2023-24,2023-11-11,Wolves,Tottenham,H,0.49560481451576,0.4208504964138602,2.31,A,0,0.07475431810189981,0.07475431810189981,0.4329004329004329,0.0627043816153271,0.14484712153140555,True,-1.0,2.23,2.31,0.4334654597076013,0.4208504964138602,0.10519873637014476,0.14484712153140555,2
2023-24,2023-11-12,Aston Villa,Fulham,H,0.6152596149841443,0.5909015475252043,1.64,H,1,0.02435806745893998,0.02435806745893998,0.6097560975609756,0.00550351742316868,0.009025768573996507,True,0.6399999999999999,1.6,1.64,0.6035388346973319,0.5909015475252043,-0.015584616025369091,0.009025768573996507,0
2023-24,2023-11-12,Brighton,Sheffield United,D,0.8018544010931745,0.759101713795405,1.27,H,0,0.04275268729776949,0.04275268729776949,0.7874015748031495,0.014452826290024978,0.018355089388331747,True,-1.0,1.24,1.27,0.7738248966942148,0.759101713795405,-0.005700542644463624,0.018355089388331747,0
2023-24,2023-11-12,Chelsea,Man City,D,0.6716951823031041,0.5535055350553506,1.76,A,0,0.1181896472477535,0.1181896472477535,0.5681818181818182,0.10351336412128587,0.18218352085346323,True,-1.0,1.75,1.76,0.5505948875014725,0.5535055350553506,0.17546656903043223,0.18218352085346323,2
2023-24,2023-11-12,Liverpool,Brentford,H,0.1774807521588273,0.1298635708609985,7.48,A,0,0.0476171812978288,0.0476171812978288,0.1336898395721925,0.04379091258663481,0.32755602614802837,True,-1.0,7.17,7.48,0.13426018953485216,0.1298635708609985,0.27253699297879175,0.32755602614802837,2
2023-24,2023-11-12,West Ham,Nott'm Forest,H,0.2540430271474536,0.2113617910284364,4.59,A,0,0.04268123611901717,0.04268123611901717,0.2178649237472767,0.03617810340017688,0.16605749460681185,True,-1.0,4.1,4.59,0.23523288157078068,0.2113617910284364,0.04157641130455958,0.16605749460681185,2
2023-24,2023-11-25,Brentford,Arsenal,A,0.2377225913658812,0.1681449330062276,5.8,H,0,0.0695776583596536,0.0695776583596536,0.1724137931034483,0.06530879826243291,0.3787910299221109,True,-1.0,4.74,5.8,0.20392519104115928,0.1681449330062276,0.12680508307427685,0.3787910299221109,0
2023-24,2023-11-25,Burnley,West Ham,A,0.303189589315171,0.2797112525918151,3.48,H,0,0.023478336723355864,0.023478336723355864,0.28735632183908044,0.01583326747609054,0.05509977081679507,True,-1.0,3.58,3.48,0.27027182759763174,0.2797112525918151,0.08541872974831222,0.05509977081679507,0
2023-24,2023-11-25,Luton,Crystal Palace,H,0.3992778733446733,0.23617016933931134,4.12,H,1,0.16310770400536195,0.16310770400536195,0.24271844660194175,0.15655942674273154,0.6450248381800541,True,3.12,3.7,4.12,0.261634001289565,0.23617016933931134,0.4773281313752913,0.6450248381800541,0
2023-24,2023-11-25,Man City,Liverpool,D,0.24301816626561,0.21031594975256945,4.61,A,0,0.03270221651304053,0.03270221651304053,0.21691973969631234,0.026098426569297645,0.12031374648446214,True,-1.0,4.24,4.61,0.22762923298101279,0.21031594975256945,0.03039702496618646,0.12031374648446214,2
2023-24,2023-11-25,Newcastle,Chelsea,H,0.4616063622481525,0.37391237978934505,2.6,H,1,0.08769398245880744,0.08769398245880744,0.3846153846153846,0.07699097763276791,0.20017654184519662,True,1.6,2.65,2.6,0.36541801905660887,0.37391237978934505,0.22325685995760414,0.20017654184519662,0
2023-24,2023-11-25,Nott'm Forest,Brighton,A,0.3210974213059833,0.2632176298117847,3.69,H,0,0.057879791494198585,0.057879791494198585,0.2710027100271003,0.050094711278882986,0.18484948461907824,True,-1.0,3.32,3.69,0.29149570440120126,0.2632176298117847,0.06604343873586438,0.18484948461907824,0
2023-24,2023-11-25,Sheffield United,Bournemouth,A,0.4206623701179048,0.27227348358795944,3.57,H,0,0.14838888652994536,0.14838888652994536,0.2801120448179272,0.14055032529997763,0.5017646613209201,True,-1.0,3.36,3.57,0.28765180391809236,0.27227348358795944,0.4134255635961601,0.5017646613209201,0
2023-24,2023-11-26,Everton,Man United,A,0.42486060760124,0.3542053747581742,2.75,A,1,0.0706552328430658,0.0706552328430658,0.36363636363636365,0.06122424396487636,0.16836667090340995,True,1.75,2.6,2.75,0.37227375282025565,0.3542053747581742,0.10463757976322396,0.16836667090340995,2
2023-24,2023-11-26,Tottenham,Aston Villa,A,0.4715760944657647,0.3601992302467738,2.7,H,0,0.1113768642189909,0.1113768642189909,0.37037037037037035,0.10120572409539436,0.27325545505756477,True,-1.0,2.36,2.7,0.41027520490437797,0.3601992302467738,0.11291958293920468,0.27325545505756477,0
2023-24,2023-11-27,Fulham,Wolves,H,0.3815379581819858,0.3049316099887063,3.19,A,0,0.07660634819327955,0.07660634819327955,0.31347962382445144,0.06805833435753439,0.21710608660053476,True,-1.0,3.05,3.19,0.3174661155435932,0.3049316099887063,0.1636907724550567,0.21710608660053476,2
2023-24,2023-12-02,Arsenal,Wolves,H,0.102751766265615,0.07416267942583732,13.0,A,0,0.028589086839777678,0.028589086839777678,0.07692307692307693,0.02582868934253807,0.33577296145299496,True,-1.0,10.82,13.0,0.08911468407667775,0.07416267942583732,0.11177411099395429,0.33577296145299496,2
2023-24,2023-12-02,Brentford,Luton,H,0.2041712095047914,0.15190555501126682,6.38,A,0,0.05226565449352458,0.05226565449352458,0.15673981191222572,0.04743139759256568,0.302612316640569,True,-1.0,7.07,6.38,0.13624664660302588,0.15190555501126682,0.4434904511988753,0.302612316640569,2
2023-24,2023-12-02,Burnley,Sheffield United,H,0.2547223200184234,0.1870920220466841,5.19,A,0,0.06763029797173928,0.06763029797173928,0.19267822736030826,0.06204409265811511,0.32200884089561743,True,-1.0,4.65,5.19,0.20738388918546824,0.1870920220466841,0.18445878808566873,0.32200884089561743,2
2023-24,2023-12-02,Newcastle,Man United,H,0.2675593344644154,0.2565651492218202,3.79,A,0,0.010994185242595156,0.010994185242595156,0.2638522427440633,0.0037070917203520515,0.014049877620134321,True,-1.0,4.0,3.79,0.2416127230309204,0.2565651492218202,0.07023733785766151,0.014049877620134321,2
2023-24,2023-12-02,Nott'm Forest,Everton,A,0.4764770393124001,0.3384242875768299,2.88,H,0,0.1380527517355702,0.1380527517355702,0.3472222222222222,0.1292548170901779,0.37225387321971226,True,-1.0,2.85,2.88,0.3400698165855253,0.3384242875768299,0.3579595620403404,0.37225387321971226,0
2023-24,2023-12-03,Bournemouth,Aston Villa,D,0.630604155754175,0.44401536118083723,2.19,A,0,0.18658879457333782,0.18658879457333782,0.4566210045662101,0.17398315118796498,0.3810231011016434,True,-1.0,1.97,2.19,0.4908215702414948,0.44401536118083723,0.24229018683572479,0.3810231011016434,2
2023-24,2023-12-03,Chelsea,Brighton,H,0.3072706465027729,0.17625943804926353,5.5,A,0,0.1310112084535094,0.1310112084535094,0.18181818181818182,0.1254524646845911,0.689988555765251,True,-1.0,4.4,5.5,0.21932631766964858,0.17625943804926353,0.35199084461220087,0.689988555765251,2
2023-24,2023-12-03,Liverpool,Fulham,H,0.7787563206731278,0.7819434033776648,1.23,H,1,-0.0031870827045369365,0.0031870827045369365,0.8130081300813008,-0.03425180940817296,-0.042129725572052745,False,0.22999999999999998,1.25,1.23,0.7658819859118697,0.7819434033776648,-0.026554599158590264,-0.042129725572052745,0
2023-24,2023-12-03,Man City,Tottenham,D,0.82339927455428,0.7835389683563425,1.23,H,0,0.039860306197937456,0.039860306197937456,0.8130081300813008,0.010391144472979175,0.012781107701764327,True,-1.0,1.27,1.23,0.7529691125682507,0.7835389683563425,0.0457170786839356,0.012781107701764327,0
2023-24,2023-12-03,West Ham,Crystal Palace,D,0.2716272952406795,0.2280075113918399,4.26,A,0,0.04361978384883963,0.04361978384883963,0.2347417840375587,0.036885511203120835,0.1571322777252948,True,-1.0,3.92,4.26,0.2468299413590893,0.2280075113918399,0.06477899734346382,0.1571322777252948,2
2023-24,2023-12-05,Luton,Arsenal,A,0.1426343555827293,0.06228745301592984,15.5,H,0,0.08034690256679947,0.08034690256679947,0.06451612903225806,0.07811822655047124,1.210832511532304,True,-1.0,14.73,15.5,0.06557572283431559,0.06228745301592984,1.1010040577336024,1.210832511532304,0
2023-24,2023-12-05,Wolves,Burnley,H,0.5229672178974043,0.49840472136350866,1.95,H,1,0.02456249653389564,0.02456249653389564,0.5128205128205129,0.010146705076891416,0.019786074899938333,True,0.95,1.92,1.95,0.5064027939464494,0.49840472136350866,0.004097058363016215,0.019786074899938333,0
2023-24,2023-12-06,Aston Villa,Man City,H,0.2271621843613652,0.18852276226783762,5.12,H,1,0.03863942209352758,0.03863942209352758,0.1953125,0.031849684361365205,0.1630703839301899,True,4.12,4.35,5.12,0.2222370232227699,0.18852276226783762,-0.011844498028061423,0.1630703839301899,0
2023-24,2023-12-06,Brighton,Brentford,H,0.5706374104140841,0.5511498343932558,1.76,H,1,0.01948757602082829,0.01948757602082829,0.5681818181818182,0.0024555922322658796,0.0043218423287880725,True,0.76,1.94,1.76,0.49736693846293983,0.5511498343932558,0.10703657620332319,0.0043218423287880725,0
2023-24,2023-12-06,Crystal Palace,Bournemouth,A,0.5685084939530124,0.41227819763510976,2.36,H,0,0.15623029631790264,0.15623029631790264,0.42372881355932207,0.14477968039369032,0.34168004572910915,True,-1.0,2.3,2.36,0.4203904555314534,0.41227819763510976,0.3075695360919284,0.34168004572910915,0
2023-24,2023-12-06,Fulham,Nott'm Forest,H,0.2717325840669827,0.2468313224640191,3.94,A,0,0.024901261602963604,0.024901261602963604,0.25380710659898476,0.01792547746799794,0.07062638122391185,True,-1.0,3.81,3.94,0.25393046320297535,0.2468313224640191,0.03530114529520412,0.07062638122391185,2
2023-24,2023-12-06,Man United,Chelsea,H,0.4193659473666538,0.3400391149578777,2.86,H,1,0.07932683240877608,0.07932683240877608,0.3496503496503497,0.06971559771630409,0.19938660946862985,True,1.8599999999999999,2.88,2.86,0.3361543643974777,0.3400391149578777,0.20777392841596276,0.19938660946862985,0
2023-24,2023-12-06,Sheffield United,Liverpool,A,0.8837211605408156,0.8175884575747165,1.18,A,1,0.06613270296609908,0.06613270296609908,0.8474576271186441,0.03626353342217148,0.042790969438162296,True,0.17999999999999994,1.19,1.18,0.8070332414295375,0.8175884575747165,0.05162818104357059,0.042790969438162296,2
2023-24,2023-12-07,Everton,Newcastle,H,0.5500191383914699,0.4212595347382763,2.31,A,0,0.12875960365319356,0.12875960365319356,0.4329004329004329,0.11711870549103698,0.2705442096842954,True,-1.0,2.36,2.31,0.4104144123621315,0.4212595347382763,0.2980451666038688,0.2705442096842954,2
2023-24,2023-12-07,Tottenham,West Ham,A,0.5650105479531207,0.5812730851149874,1.67,H,0,-0.016262537161866764,0.016262537161866764,0.5988023952095809,-0.03379184725646023,-0.0564323849182885,False,-1.0,1.8,1.67,0.5367173821912066,0.5812730851149874,0.017018986315617157,-0.0564323849182885,0
2023-24,2023-12-09,Aston Villa,Arsenal,H,0.3956631777549461,0.26666075406178896,3.65,H,1,0.12900242369315712,0.12900242369315712,0.273972602739726,0.12169057501522007,0.4441705988055531,True,2.65,3.43,3.65,0.28189152862409056,0.26666075406178896,0.35712469969946503,0.4441705988055531,0
2023-24,2023-12-09,Brighton,Burnley,D,0.6863353837183587,0.6294279397075164,1.54,H,0,0.056907444010842245,0.056907444010842245,0.6493506493506493,0.03698473436770933,0.05695649092627231,True,-1.0,1.5,1.54,0.6420350632079299,0.6294279397075164,0.029503075577538063,0.05695649092627231,0
2023-24,2023-12-09,Crystal Palace,Liverpool,A,0.1565840107039918,0.14602319801159902,6.65,H,0,0.010560812692392785,0.010560812692392785,0.15037593984962405,0.006208070854367753,0.041283671181545634,True,-1.0,6.3,6.65,0.15279458740897997,0.14602319801159902,-0.013520732564851645,0.041283671181545634,0
2023-24,2023-12-09,Man United,Bournemouth,A,0.2215841538709407,0.216456156144756,4.48,D,0,0.005127997726184691,0.005127997726184691,0.2232142857142857,-0.0016301318433450118,-0.007302990658185626,False,-1.0,4.7,4.48,0.20476247457221494,0.216456156144756,0.04144552319342121,-0.007302990658185626,1
2023-24,2023-12-09,Sheffield United,Brentford,H,0.5827929725798598,0.5455054399180088,1.78,A,0,0.03728753266185103,0.03728753266185103,0.5617977528089888,0.020995219770871043,0.03737149119215055,True,-1.0,1.81,1.78,0.5329706668653881,0.5455054399180088,0.054855280369546344,0.03737149119215055,2
2023-24,2023-12-09,Wolves,Nott'm Forest,D,0.3668466345824787,0.22004820362056865,4.42,A,0,0.14679843096191003,0.14679843096191003,0.22624434389140272,0.14060229069107597,0.6214621248545558,True,-1.0,4.44,4.42,0.21756169486264157,0.22004820362056865,0.6287990575462055,0.6214621248545558,2
2023-24,2023-12-10,Everton,Chelsea,H,0.4203970968135697,0.38101811906816224,2.55,H,1,0.03937897774540744,0.03937897774540744,0.3921568627450981,0.028240234068471592,0.0720125968746026,True,1.5499999999999998,3.03,2.55,0.31970234973151856,0.38101811906816224,0.2738032033451161,0.0720125968746026,0
2023-24,2023-12-10,Fulham,West Ham,H,0.458878181782012,0.28536370842517883,3.41,A,0,0.17351447335683318,0.17351447335683318,0.29325513196480935,0.16562304981720266,0.5647745998766609,True,-1.0,3.03,3.41,0.3191849549078149,0.28536370842517883,0.39040089079949625,0.5647745998766609,2
2023-24,2023-12-10,Luton,Man City,A,0.0817814707837815,0.060202506475497755,16.0,H,0,0.021578964308283752,0.021578964308283752,0.0625,0.019281470783781507,0.3085035325405041,True,-1.0,18.31,16.0,0.05258119008540403,0.060202506475497755,0.4974187300510393,0.3085035325405041,0
2023-24,2023-12-10,Tottenham,Newcastle,H,0.4811905107063895,0.47189720667298635,2.06,H,1,0.009293304033403171,0.009293304033403171,0.4854368932038835,-0.0042463824974939834,-0.008747547944837564,False,1.06,2.23,2.06,0.43388557089820534,0.47189720667298635,0.07305483887524855,-0.008747547944837564,0
2023-24,2023-12-15,Nott'm Forest,Tottenham,A,0.2546970811496499,0.1891698691247212,5.14,H,0,0.0655272120249287,0.0655272120249287,0.19455252918287938,0.060144551966770515,0.30914299710920035,True,-1.0,4.51,5.14,0.21496722269098462,0.1891698691247212,0.14868383598492096,0.30914299710920035,0
2023-24,2023-12-16,Burnley,Everton,A,0.2995360338382608,0.29672754554882935,3.28,H,0,0.002808488289431421,0.002808488289431421,0.3048780487804878,-0.005342014942227025,-0.017521809010504708,False,-1.0,3.66,3.28,0.26439195479443156,0.29672754554882935,0.09630188384803451,-0.017521809010504708,0
2023-24,2023-12-16,Chelsea,Sheffield United,H,0.0997293599123081,0.06078218818952725,15.9,A,0,0.038947171722780845,0.038947171722780845,0.06289308176100629,0.036836278151301804,0.5856968226056987,True,-1.0,11.68,15.9,0.08220139122852216,0.06078218818952725,0.1648389237757586,0.5856968226056987,2
2023-24,2023-12-16,Man City,Crystal Palace,D,0.8542468491594967,0.824019473395502,1.18,H,0,0.0302273757639947,0.0302273757639947,0.8474576271186441,0.006789222040852527,0.008011282008206111,True,-1.0,1.17,1.18,0.8177697843167494,0.824019473395502,-0.0005311864833890123,0.008011282008206111,0
2023-24,2023-12-16,Newcastle,Fulham,H,0.3218992939785943,0.23909403337874438,4.07,A,0,0.08280526059984991,0.08280526059984991,0.24570024570024568,0.07619904827834861,0.31013012649287885,True,-1.0,4.04,4.07,0.23890247144960153,0.23909403337874438,0.30047314767352096,0.31013012649287885,2
2023-24,2023-12-17,Arsenal,Brighton,H,0.151769643683222,0.14210607639370373,6.82,A,0,0.009663567289518254,0.009663567289518254,0.14662756598240467,0.005142077700817316,0.03506896991957409,True,-1.0,6.67,6.82,0.14475933719095213,0.14210607639370373,0.01230352336709073,0.03506896991957409,2
2023-24,2023-12-17,Brentford,Aston Villa,A,0.449806714624379,0.4125039365355488,2.36,A,1,0.0373027780888302,0.0373027780888302,0.42372881355932207,0.02607790106505692,0.061543846513534284,True,1.3599999999999999,2.19,2.36,0.44188010749739487,0.4125039365355488,-0.014923294972610024,0.061543846513534284,2
2023-24,2023-12-17,Liverpool,Man United,D,0.1301554522860143,0.1138379076163215,8.5,A,0,0.016317544669692804,0.016317544669692804,0.11764705882352941,0.01250839346248489,0.10632134443112151,True,-1.0,8.37,8.5,0.11443954755650118,0.1138379076163215,0.0894011356339397,0.10632134443112151,2
2023-24,2023-12-17,West Ham,Wolves,H,0.4810516715089743,0.5106376120172781,1.9,H,1,-0.029585940508303765,0.029585940508303765,0.5263157894736842,-0.04526411796470986,-0.08600182413294888,False,0.8999999999999999,2.12,1.9,0.45633977323478986,0.5106376120172781,0.019829543599025667,-0.08600182413294888,0
2023-24,2023-12-21,Crystal Palace,Brighton,D,0.3461811556364842,0.30160455155660676,3.23,H,0,0.04457660407987746,0.04457660407987746,0.30959752321981426,0.03658363241666995,0.11816513270584394,True,-1.0,3.4,3.23,0.28479005079595116,0.30160455155660676,0.1770159291640463,0.11816513270584394,0
2023-24,2023-12-22,Aston Villa,Sheffield United,D,0.1415300936911391,0.13214217631665598,7.3,D,1,0.009387917374483135,0.009387917374483135,0.136986301369863,0.004543792321276108,0.0331696839453155,True,6.3,6.98,7.3,0.13799324806088561,0.13214217631665598,-0.012119946035848872,0.0331696839453155,1
2023-24,2023-12-23,Fulham,Burnley,A,0.2513552267319759,0.18526543878656554,5.24,A,1,0.06608978794541037,0.06608978794541037,0.19083969465648853,0.06051553207548738,0.31710138807555377,True,4.24,5.12,5.24,0.1885122874616367,0.18526543878656554,0.28693876086771675,0.31710138807555377,2
2023-24,2023-12-23,Liverpool,Arsenal,D,0.482930205168587,0.38632045598480047,2.52,H,0,0.09660974918378651,0.09660974918378651,0.3968253968253968,0.08610480834319018,0.21698411702483922,True,-1.0,2.47,2.52,0.3921323996485369,0.38632045598480047,0.19283760676640993,0.21698411702483922,0
2023-24,2023-12-23,Luton,Newcastle,H,0.2595035149456036,0.18258534307065216,5.32,H,1,0.07691817187495142,0.07691817187495142,0.18796992481203006,0.07153359013357352,0.38055869951061116,True,4.32,4.91,5.32,0.19600524206402184,0.18258534307065216,0.27416225838291375,0.38055869951061116,0
2023-24,2023-12-23,Nott'm Forest,Bournemouth,A,0.4029050375327409,0.3312530004800768,2.94,H,0,0.0716520370526641,0.0716520370526641,0.3401360544217687,0.06276898311097218,0.18454081034625824,True,-1.0,2.74,2.94,0.3535795931248413,0.3312530004800768,0.10395980283971018,0.18454081034625824,0
2023-24,2023-12-23,Tottenham,Everton,H,0.6146990887202932,0.5703162092868674,1.7,H,1,0.04438287943342578,0.04438287943342578,0.5882352941176471,0.02646379460264614,0.04498845082449843,True,0.7,1.8,1.7,0.5364735306377657,0.5703162092868674,0.10645835969652784,0.04498845082449843,0
2023-24,2023-12-23,West Ham,Man United,H,0.4110829356931212,0.2868822234162479,3.39,A,0,0.12420071227687329,0.12420071227687329,0.2949852507374631,0.11609768495565809,0.39357115199968096,True,-1.0,2.62,3.39,0.3694825906755543,0.2868822234162479,0.0770372915159776,0.39357115199968096,2
2023-24,2023-12-24,Wolves,Chelsea,H,0.3444424815983863,0.29126917915049516,3.34,H,1,0.053173302447891146,0.053173302447891146,0.29940119760479045,0.04504128399359586,0.15043788853861018,True,2.34,3.77,3.34,0.2565989595300395,0.29126917915049516,0.2985481556259164,0.15043788853861018,0
2023-24,2023-12-26,Bournemouth,Fulham,H,0.382847970857534,0.24475867343936927,3.97,A,0,0.13808929741816475,0.13808929741816475,0.2518891687657431,0.13095880209179095,0.5199064443044101,True,-1.0,3.2,3.97,0.3022380625594935,0.24475867343936927,0.22511350674410902,0.5199064443044101,2
2023-24,2023-12-26,Burnley,Liverpool,A,0.1902766530341361,0.17200015877426267,5.65,D,0,0.018276494259873433,0.018276494259873433,0.17699115044247787,0.013285502591658227,0.07506308964286901,True,-1.0,5.32,5.65,0.18121148216308963,0.17200015877426267,0.012271794141604175,0.07506308964286901,1
2023-24,2023-12-26,Man United,Aston Villa,H,0.4331298972406065,0.41460525296064893,2.35,H,1,0.01852464427995759,0.01852464427995759,0.425531914893617,0.007597982346989496,0.017855258515425465,True,1.35,2.68,2.35,0.3613824652127016,0.41460525296064893,0.1607881246048255,0.017855258515425465,0
2023-24,2023-12-26,Newcastle,Nott'm Forest,A,0.1497451914124304,0.11963826433253132,8.1,A,1,0.03010692707989908,0.03010692707989908,0.1234567901234568,0.026288401288973598,0.2129360504406861,True,7.1,6.64,8.1,0.14493565605632214,0.11963826433253132,-0.005691929021462205,0.2129360504406861,2
2023-24,2023-12-26,Sheffield United,Luton,A,0.5216519475602118,0.3088388492667682,3.15,A,1,0.21281309829344364,0.21281309829344364,0.31746031746031744,0.20419163009989438,0.6432036348146672,True,2.15,3.07,3.15,0.31519230620798244,0.3088388492667682,0.6014714790098503,0.6432036348146672,2
2023-24,2023-12-27,Brentford,Wolves,A,0.2904870468665196,0.2810230676555437,3.46,A,1,0.009463979210975915,0.009463979210975915,0.28901734104046245,0.001469705826057155,0.005085182158157897,True,2.46,4.07,3.46,0.2375319479198726,0.2810230676555437,0.1822822807467348,0.005085182158157897,2
2023-24,2023-12-27,Chelsea,Crystal Palace,H,0.5882201874962907,0.5362339859801789,1.81,H,1,0.051986201516111774,0.051986201516111774,0.5524861878453039,0.03573399965098678,0.06467853936828627,True,0.81,1.72,1.81,0.5611419318421548,0.5362339859801789,0.011738722493619846,0.06467853936828627,0
2023-24,2023-12-27,Everton,Man City,A,0.1816109487738659,0.17670342247632773,5.5,H,0,0.004907526297538184,0.004907526297538184,0.18181818181818182,-0.00020723304431591316,-0.0011397817437375224,False,-1.0,6.32,5.5,0.15227789947813414,0.17670342247632773,0.14778119625083264,-0.0011397817437375224,0
2023-24,2023-12-28,Arsenal,West Ham,A,0.1424499684279321,0.0896468147600415,10.81,A,1,0.052803153667890596,0.052803153667890596,0.09250693802035152,0.049943030407580566,0.539884158705946,True,9.81,8.28,10.81,0.11632733187503506,0.0896468147600415,0.17948573858327754,0.539884158705946,2
2023-24,2023-12-28,Brighton,Tottenham,H,0.4379310933099642,0.3924982265310948,2.48,H,1,0.04543286677886943,0.04543286677886943,0.40322580645161293,0.03470528685835128,0.08606911140871132,True,1.48,2.53,2.48,0.38270588712981657,0.3924982265310948,0.10796566607420943,0.08606911140871132,0
2023-24,2023-12-30,Aston Villa,Burnley,H,0.7453134215521872,0.6927032579209355,1.41,H,1,0.052610163631251705,0.052610163631251705,0.7092198581560284,0.03609356339615877,0.05089192438858392,True,0.4099999999999999,1.38,1.41,0.6986948694869486,0.6927032579209355,0.028532521742018258,0.05089192438858392,0
2023-24,2023-12-30,Crystal Palace,Brentford,H,0.4648268369893079,0.4524494652187677,2.15,H,1,0.012377371770540158,0.012377371770540158,0.46511627906976744,-0.00028944208045955655,-0.0006223004729880577,False,1.15,2.22,2.15,0.43614052186240193,0.4524494652187677,0.031915578116263665,-0.0006223004729880577,0
2023-24,2023-12-30,Luton,Chelsea,A,0.2695610008395191,0.17485024177833383,5.55,H,0,0.09471075906118528,0.09471075906118528,0.1801801801801802,0.08938082065933892,0.49606355465933105,True,-1.0,6.05,5.55,0.1592017388758123,0.17485024177833383,0.6308440550790906,0.49606355465933105,0
2023-24,2023-12-30,Man City,Sheffield United,H,0.9521889338322416,0.9040358744394619,1.07,H,1,0.048153059392779696,0.048153059392779696,0.9345794392523364,0.017609494579905127,0.018842159200498587,True,0.07000000000000006,1.07,1.07,0.9004435888403625,0.9040358744394619,0.018842159200498587,0.018842159200498587,0
2023-24,2023-12-30,Nott'm Forest,Man United,H,0.4675976160820367,0.4402379507455039,2.21,A,0,0.02735966533653278,0.02735966533653278,0.45248868778280543,0.015108928299231272,0.03339073154130112,True,-1.0,2.15,2.21,0.44972063996863326,0.4402379507455039,0.005334874576378823,0.03339073154130112,2
2023-24,2023-12-30,Wolves,Everton,H,0.3784904432776702,0.3273753527751646,2.97,H,1,0.05111509050250557,0.05111509050250557,0.33670033670033667,0.04179010657733351,0.12411661653468054,True,1.9700000000000002,2.67,2.97,0.3626547223052411,0.3273753527751646,0.010569483551379433,0.12411661653468054,0
2023-24,2023-12-31,Fulham,Arsenal,H,0.6277291411074053,0.6023866678520978,1.61,A,0,0.025342473255307474,0.025342473255307474,0.6211180124223602,0.006611128685045098,0.01064391718292268,True,-1.0,1.57,1.61,0.6133926443720709,0.6023866678520978,-0.014465248461373648,0.01064391718292268,2
2023-24,2023-12-31,Tottenham,Bournemouth,H,0.6869530486247346,0.5415326087937951,1.79,H,1,0.14542043983093955,0.14542043983093955,0.5586592178770949,0.12829383074763967,0.22964595703827495,True,0.79,1.77,1.79,0.5451742213999383,0.5415326087937951,0.21590689606578017,0.22964595703827495,0
2023-24,2024-01-01,Liverpool,Newcastle,H,0.6801617900814785,0.7041411629686305,1.38,H,1,-0.023979372887152017,0.023979372887152017,0.7246376811594204,-0.04447589107794192,-0.061376729687559806,False,0.3799999999999999,1.45,1.38,0.6626553422972387,0.7041411629686305,-0.01376540438185625,-0.061376729687559806,0
2023-24,2024-01-02,West Ham,Brighton,D,0.4039074047408949,0.3049469457459064,3.19,H,0,0.09896045899498851,0.09896045899498851,0.31347962382445144,0.09042778091644349,0.2884646211234547,True,-1.0,2.52,3.19,0.3839522344411612,0.3049469457459064,0.017846659947055254,0.2884646211234547,0
2023-24,2024-01-12,Burnley,Luton,D,0.3431820199368104,0.2710879209879375,3.6,A,0,0.07209409894887292,0.07209409894887292,0.2777777777777778,0.06540424215903262,0.23545527177251757,True,-1.0,3.8,3.6,0.25600899787550163,0.2710879209879375,0.3040916757598795,0.23545527177251757,2
2023-24,2024-01-13,Chelsea,Fulham,H,0.2190081699324546,0.18346061705028258,5.3,A,0,0.03554755288217201,0.03554755288217201,0.18867924528301888,0.030328924649435707,0.16074330064200937,True,-1.0,5.13,5.3,0.18780292425578743,0.18346061705028258,0.12351191175349197,0.16074330064200937,2
2023-24,2024-01-13,Newcastle,Man City,A,0.2346010244397076,0.19033508092090268,5.1,H,0,0.04426594351880492,0.04426594351880492,0.19607843137254904,0.03852259306715855,0.1964652246425087,True,-1.0,5.63,5.1,0.17088759113497046,0.19033508092090268,0.32080376759555373,0.1964652246425087,0
2023-24,2024-01-14,Everton,Aston Villa,D,0.4855402180094604,0.34880020006138246,2.79,A,0,0.13674001794807794,0.13674001794807794,0.35842293906810035,0.12711727894136005,0.3546572082463946,True,-1.0,2.49,2.79,0.38850547494738924,0.34880020006138246,0.20899514284355658,0.3546572082463946,2
2023-24,2024-01-14,Man United,Tottenham,D,0.2518288910775481,0.24155303171184456,4.02,D,1,0.010275859365703521,0.010275859365703521,0.24875621890547267,0.003072672172075408,0.012352142131743182,True,3.0199999999999996,3.97,4.02,0.2434733815990352,0.24155303171184456,-0.00023930242213410224,0.012352142131743182,1
2023-24,2024-01-20,Arsenal,Crystal Palace,H,0.1175526907556908,0.07681942689097947,12.65,A,0,0.040733263864711336,0.040733263864711336,0.07905138339920949,0.038501307356481315,0.4870415380594888,True,-1.0,10.86,12.65,0.08869167874255615,0.07681942689097947,0.27662222160680194,0.4870415380594888,2
2023-24,2024-01-20,Brentford,Nott'm Forest,H,0.2544896507689999,0.20208710793195134,4.81,A,0,0.05240254283704854,0.05240254283704854,0.2079002079002079,0.046589442868791964,0.22409522019888928,True,-1.0,4.29,4.81,0.2252747776820432,0.20208710793195134,0.09176060179900958,0.22409522019888928,2
2023-24,2024-01-21,Bournemouth,Liverpool,A,0.6487119143100577,0.5668116807576585,1.71,A,1,0.08190023355239917,0.08190023355239917,0.5847953216374269,0.06391659267263083,0.10929737347019874,True,0.71,1.72,1.71,0.5603753788761949,0.5668116807576585,0.11578449261329915,0.10929737347019874,2
2023-24,2024-01-21,Sheffield United,West Ham,D,0.490195969886297,0.3644549379072486,2.67,A,0,0.1257410319790484,0.1257410319790484,0.37453183520599254,0.11566413468030445,0.308823239596413,True,-1.0,2.2,2.67,0.4402015039252818,0.3644549379072486,0.07843113374985355,0.308823239596413,2
2023-24,2024-01-22,Brighton,Wolves,D,0.1981379540452754,0.1888361203123545,5.15,A,0,0.0093018337329209,0.0093018337329209,0.1941747572815534,0.0039631967637220045,0.020410463333168316,True,-1.0,5.01,5.15,0.19272898910053657,0.1888361203123545,-0.007328850233170314,0.020410463333168316,2
2023-24,2024-01-30,Aston Villa,Newcastle,A,0.2576995400451569,0.23935505847621216,4.06,A,1,0.01834448156894472,0.01834448156894472,0.24630541871921185,0.011394121325945028,0.046260132583336944,True,3.0599999999999996,4.02,4.06,0.24006344018839818,0.23935505847621216,0.035952150981530595,0.046260132583336944,2
2023-24,2024-01-30,Crystal Palace,Sheffield United,H,0.5944319027739424,0.6019840145665507,1.61,H,1,-0.007552111792608285,0.007552111792608285,0.6211180124223602,-0.026686109648417777,-0.04296463653395266,False,0.6100000000000001,1.64,1.61,0.5883824783736913,0.6019840145665507,-0.025131679450734468,-0.04296463653395266,0
2023-24,2024-01-30,Fulham,Everton,D,0.3467923971664354,0.2669915531943717,3.64,A,0,0.07980084397206372,0.07980084397206372,0.2747252747252747,0.0720671224411607,0.262324325685825,True,-1.0,3.08,3.64,0.3144907892304849,0.2669915531943717,0.06812058327262105,0.262324325685825,2
2023-24,2024-01-30,Luton,Brighton,H,0.28259749397875,0.22627248640356992,4.29,H,1,0.05632500757518008,0.05632500757518008,0.2331002331002331,0.04949726087851691,0.2123432491688375,True,3.29,4.43,4.29,0.2183455193667291,0.22627248640356992,0.2519068983258623,0.2123432491688375,0
2023-24,2024-01-30,Nott'm Forest,Arsenal,A,0.1659052643979148,0.10762993220400706,9.02,H,0,0.05827533219390775,0.05827533219390775,0.11086474501108648,0.05504051938682833,0.4964654848691914,True,-1.0,7.77,9.02,0.12404372903443782,0.10762993220400706,0.2890839043717981,0.4964654848691914,0
2023-24,2024-01-31,Liverpool,Chelsea,H,0.794355400263562,0.5842262606347641,1.66,H,1,0.21012913962879787,0.21012913962879787,0.6024096385542169,0.19194576170934508,0.3186299644375128,True,0.6599999999999999,1.58,1.66,0.6100559214614141,0.5842262606347641,0.25508153241642795,0.3186299644375128,0
2023-24,2024-01-31,Man City,Burnley,H,0.9193836465079316,0.8735282947208508,1.11,H,1,0.04585535178708078,0.04585535178708078,0.9009009009009008,0.01848274560703078,0.020515847623804095,True,0.1100000000000001,1.11,1.11,0.8702300609507134,0.8735282947208508,0.020515847623804095,0.020515847623804095,0
2023-24,2024-01-31,Tottenham,Brentford,H,0.6255096984718227,0.599518776840374,1.62,H,1,0.02599092163144867,0.02599092163144867,0.6172839506172839,0.008225747854538779,0.013325711524352801,True,0.6200000000000001,1.69,1.62,0.571174587456889,0.599518776840374,0.05711139041738034,0.013325711524352801,0
2023-24,2024-02-01,West Ham,Bournemouth,D,0.5859645816141572,0.3879650662308163,2.51,H,0,0.19799951538334093,0.19799951538334093,0.39840637450199207,0.18755820711216514,0.4707710998515344,True,-1.0,2.45,2.51,0.3944186046511628,0.3879650662308163,0.43561322495468535,0.4707710998515344,0
2023-24,2024-02-01,Wolves,Man United,A,0.3826349726476334,0.3955291901499384,2.46,A,1,-0.012894217502305017,0.012894217502305017,0.4065040650406504,-0.02386909239301699,-0.05871796728682188,False,1.46,2.64,2.46,0.3663118346900438,0.3955291901499384,0.010156327789752284,-0.05871796728682188,2
2023-24,2024-02-03,Brighton,Crystal Palace,H,0.5858524424200521,0.559223637951497,1.74,H,1,0.02662880446855509,0.02662880446855509,0.5747126436781609,0.011139798741891194,0.019383249810890568,True,0.74,1.71,1.74,0.5631123207044508,0.559223637951497,0.0018076765382890603,0.019383249810890568,0
2023-24,2024-02-03,Burnley,Fulham,D,0.4523281741674027,0.327631888495937,2.97,H,0,0.12469628567146568,0.12469628567146568,0.33670033670033667,0.11562783746706601,0.343414677277186,True,-1.0,2.98,2.97,0.324910988524014,0.327631888495937,0.34793795901886004,0.343414677277186,0
2023-24,2024-02-03,Everton,Tottenham,D,0.5584284577808496,0.42641931355096885,2.28,A,0,0.13200914422988075,0.13200914422988075,0.4385964912280702,0.11983196655277939,0.27321688374033704,True,-1.0,2.34,2.28,0.41346121373813793,0.42641931355096885,0.30672259120718803,0.27321688374033704,2
2023-24,2024-02-03,Newcastle,Luton,D,0.1830756876345353,0.16376218137955115,5.92,A,0,0.019313506254984153,0.019313506254984153,0.16891891891891891,0.014156768715616386,0.08380807079644903,True,-1.0,7.23,5.92,0.13302144595276236,0.16376218137955115,0.32363722159769037,0.08380807079644903,2
2023-24,2024-02-03,Sheffield United,Aston Villa,A,0.2076988498221852,0.18160747856094359,5.35,H,0,0.026091371261241614,0.026091371261241614,0.1869158878504673,0.02078296197171789,0.11118884654869077,True,-1.0,5.02,5.35,0.19253724153066307,0.18160747856094359,0.042648226107369513,0.11118884654869077,0
2023-24,2024-02-04,Arsenal,Liverpool,H,0.4014692047729548,0.2984048902231707,3.26,A,0,0.1030643145497841,0.1030643145497841,0.3067484662576687,0.09472073851528606,0.3087896075598324,True,-1.0,3.15,3.26,0.30740625968391694,0.2984048902231707,0.2646279950348076,0.3087896075598324,2
2023-24,2024-02-04,Bournemouth,Nott'm Forest,D,0.2619081080292503,0.22198614688571847,4.37,D,1,0.03992196114353183,0.03992196114353183,0.22883295194508008,0.03307515608417022,0.1445384320878238,True,3.37,4.2,4.37,0.2296962182269064,0.22198614688571847,0.10001405372285133,0.1445384320878238,1
2023-24,2024-02-04,Chelsea,Wolves,A,0.3958759779018691,0.1610485707057931,6.02,A,1,0.23482740719607603,0.23482740719607603,0.16611295681063123,0.2297630210912379,1.383173386969252,True,5.02,5.27,6.02,0.1830976326945283,0.1610485707057931,1.08626640354285,1.383173386969252,2
2023-24,2024-02-04,Man United,West Ham,H,0.2402089414222134,0.21185211783065644,4.59,D,0,0.028356823591556973,0.028356823591556973,0.2178649237472767,0.02234401767493671,0.10255904112795955,True,-1.0,4.31,4.59,0.22393474784665204,0.21185211783065644,0.03530053752973972,0.10255904112795955,1
2023-24,2024-02-05,Brentford,Man City,A,0.1396260808299669,0.12413177217701925,7.8,H,0,0.015494308652947639,0.015494308652947639,0.12820512820512822,0.011420952624838665,0.08908343047374179,True,-1.0,7.44,7.8,0.12922759462627548,0.12413177217701925,0.038818041374953705,0.08908343047374179,0
2023-24,2024-02-10,Fulham,Bournemouth,H,0.4326534573200622,0.3688937769223719,2.64,H,1,0.06375968039769031,0.06375968039769031,0.3787878787878788,0.053865578532183434,0.14220512732496426,True,1.6400000000000001,2.46,2.64,0.3936269915651359,0.3688937769223719,0.06432750500735307,0.14220512732496426,0
2023-24,2024-02-10,Liverpool,Burnley,H,0.8847401879503434,0.8330482652445336,1.16,H,1,0.0516919227058098,0.0516919227058098,0.8620689655172414,0.022671222433101934,0.0262986180223983,True,0.15999999999999992,1.16,1.16,0.8263757115749525,0.8330482652445336,0.0262986180223983,0.0262986180223983,0
2023-24,2024-02-10,Luton,Sheffield United,A,0.5910805167894124,0.5645043445027709,1.72,H,0,0.026576172286641553,0.026576172286641553,0.5813953488372093,0.009685167952203089,0.016658488877789424,True,-1.0,1.79,1.72,0.5393552709719662,0.5645043445027709,0.05803412505304828,0.016658488877789424,0
2023-24,2024-02-10,Man City,Everton,H,0.8764655856173106,0.7798813158420581,1.24,H,1,0.09658426977525247,0.09658426977525247,0.8064516129032259,0.07001397271408472,0.08681732616546523,True,0.24,1.19,1.24,0.803324432365814,0.7798813158420581,0.04299404688459951,0.08681732616546523,0
2023-24,2024-02-10,Nott'm Forest,Newcastle,A,0.5109298754483781,0.4503443043048775,2.16,A,1,0.060585571143500605,0.060585571143500605,0.4629629629629629,0.04796691248541518,0.10360853096849665,True,1.1600000000000001,2.14,2.16,0.4520518304007732,0.4503443043048775,0.09338993345952917,0.10360853096849665,2
2023-24,2024-02-10,Tottenham,Brighton,H,0.2475878536080836,0.2090158802436109,4.64,D,0,0.03857197336447271,0.03857197336447271,0.21551724137931036,0.03207061222877325,0.14880764074150776,True,-1.0,4.35,4.64,0.22158166436086657,0.2090158802436109,0.07700716319516365,0.14880764074150776,1
2023-24,2024-02-10,Wolves,Brentford,A,0.4770490261820303,0.4285745923241033,2.27,H,0,0.048474433857927046,0.048474433857927046,0.44052863436123346,0.03652039182079686,0.08290128943320885,True,-1.0,2.14,2.27,0.4520729516745857,0.4285745923241033,0.02088491602954501,0.08290128943320885,0
2023-24,2024-02-11,Aston Villa,Man United,A,0.5795890939939958,0.4463803523209464,2.18,H,0,0.1332087416730494,0.1332087416730494,0.4587155963302752,0.12087349766372063,0.26350422490691106,True,-1.0,2.16,2.18,0.4480939304171081,0.4463803523209464,0.251912443027031,0.26350422490691106,0
2023-24,2024-02-11,West Ham,Arsenal,A,0.2347572247636563,0.15559686267398107,6.25,H,0,0.07916036208967522,0.07916036208967522,0.16,0.07475722476365629,0.4672326547728518,True,-1.0,5.95,6.25,0.16216982469404148,0.15559686267398107,0.396805487343755,0.4672326547728518,0
2023-24,2024-02-12,Crystal Palace,Chelsea,A,0.419115362047616,0.19255243931180765,5.04,H,0,0.22656292273580836,0.22656292273580836,0.1984126984126984,0.2207026636349176,1.1123414247199848,True,-1.0,4.25,5.04,0.22735883598388973,0.19255243931180765,0.7812402887023682,1.1123414247199848,0
2023-24,2024-02-17,Brentford,Liverpool,A,0.6416584640907255,0.5829878040545102,1.66,A,1,0.05867066003621524,0.05867066003621524,0.6024096385542169,0.03924882553650855,0.06515305039060415,True,0.6599999999999999,1.59,1.66,0.6067545094025841,0.5829878040545102,0.020236957904253616,0.06515305039060415,2
2023-24,2024-02-17,Burnley,Arsenal,A,0.7434532894844674,0.7478474784747847,1.29,A,1,-0.004394188990317294,0.004394188990317294,0.7751937984496123,-0.03174050896514491,-0.040945256565037,False,0.29000000000000004,1.31,1.29,0.7339082604852175,0.7478474784747847,-0.02607619077534762,-0.040945256565037,2
2023-24,2024-02-17,Fulham,Aston Villa,A,0.4603539045826577,0.42641931355096885,2.28,A,1,0.03393459103168883,0.03393459103168883,0.4385964912280702,0.021757413354587474,0.049606902448459333,True,1.2799999999999998,2.32,2.28,0.4169853029035727,0.42641931355096885,0.06802105863176577,0.049606902448459333,2
2023-24,2024-02-17,Man City,Chelsea,D,0.8164985679906678,0.7417301900242106,1.31,H,0,0.07476837796645719,0.07476837796645719,0.7633587786259541,0.05313978936471364,0.06961312406777487,True,-1.0,1.34,1.31,0.7169632717720847,0.7417301900242106,0.0941080811074948,0.06961312406777487,0
2023-24,2024-02-17,Newcastle,Bournemouth,D,0.7144724635938993,0.48612956585405537,2.0,H,0,0.2283428977398439,0.2283428977398439,0.5,0.21447246359389927,0.42894492718779853,True,-1.0,1.87,2.0,0.5161073021281005,0.48612956585405537,0.3360635069205917,0.42894492718779853,0
2023-24,2024-02-17,Nott'm Forest,West Ham,H,0.3385559984726703,0.30029115640210696,3.24,A,0,0.038264842070563354,0.038264842070563354,0.30864197530864196,0.029914023164028358,0.09692143505145179,True,-1.0,2.92,3.24,0.33151311096965186,0.30029115640210696,-0.0114164844598027,0.09692143505145179,2
2023-24,2024-02-17,Tottenham,Wolves,A,0.2005792146814211,0.16574901570705863,5.84,A,1,0.03483019897436246,0.03483019897436246,0.17123287671232876,0.029346337969092334,0.17138261373949915,True,4.84,5.36,5.84,0.1798988076654504,0.16574901570705863,0.07510459069241704,0.17138261373949915,2
2023-24,2024-02-18,Luton,Man United,A,0.322157423282259,0.22437190037604227,4.32,H,0,0.09778552290621673,0.09778552290621673,0.23148148148148145,0.09067594180077754,0.3917200685793589,True,-1.0,4.17,4.32,0.2318274714607801,0.22437190037604227,0.3433964550870199,0.3917200685793589,0
2023-24,2024-02-18,Sheffield United,Brighton,A,0.2438471875939879,0.2246552062226289,4.32,D,0,0.019191981371358996,0.019191981371358996,0.23148148148148145,0.012365706112506453,0.053419850406027924,True,-1.0,4.4,4.32,0.21907291008577023,0.2246552062226289,0.07292762541354691,0.053419850406027924,1
2023-24,2024-02-19,Everton,Crystal Palace,D,0.2256931533735223,0.19175881750680812,5.06,A,0,0.03393433586671418,0.03393433586671418,0.19762845849802374,0.028064694875498564,0.1420073560700228,True,-1.0,5.26,5.06,0.1836209276253894,0.19175881750680812,0.18714598674472738,0.1420073560700228,2
2023-24,2024-02-20,Man City,Brentford,H,0.8555638698740871,0.8213618501578303,1.18,H,1,0.034202019716256804,0.034202019716256804,0.8474576271186441,0.008106242755442916,0.009565366451422586,True,0.17999999999999994,1.17,1.18,0.8245786103865307,0.8213618501578303,0.0010097277526817106,0.009565366451422586,0
2023-24,2024-02-21,Liverpool,Luton,H,0.1364056354016784,0.1387753414111981,6.93,D,0,-0.00236970600951969,0.00236970600951969,0.14430014430014432,-0.007894508898465907,-0.05470894666636861,False,-1.0,7.94,6.93,0.12068047325675786,0.1387753414111981,0.08306074508932659,-0.05470894666636861,1
2023-24,2024-02-24,Arsenal,Newcastle,H,0.1824406339570404,0.11826623514110282,8.2,A,0,0.06417439881593759,0.06417439881593759,0.12195121951219513,0.06048941444484528,0.4960131984477312,True,-1.0,7.33,8.2,0.13134505234050958,0.11826623514110282,0.3372898469051062,0.4960131984477312,2
2023-24,2024-02-24,Aston Villa,Nott'm Forest,H,0.6710189449593266,0.6035737872425265,1.61,H,1,0.06744515771680004,0.06744515771680004,0.6211180124223602,0.04990093253696637,0.08034050138451576,True,0.6100000000000001,1.57,1.61,0.613411124342538,0.6035737872425265,0.053499743586142845,0.08034050138451576,0
2023-24,2024-02-24,Bournemouth,Man City,A,0.1963407622557987,0.18668637642458633,5.2,D,0,0.009654385831212364,0.009654385831212364,0.1923076923076923,0.004033069948106399,0.02097196373015331,True,-1.0,5.14,5.2,0.1874903724133884,0.18668637642458633,0.00919151799480522,0.02097196373015331,1
2023-24,2024-02-24,Brighton,Everton,D,0.5725392674511102,0.5192251396861357,1.87,H,0,0.05331412776497446,0.05331412776497446,0.53475935828877,0.0377799091623402,0.07064843013357613,True,-1.0,1.82,1.87,0.53083391730904,0.5192251396861357,0.04202146676102059,0.07064843013357613,0
2023-24,2024-02-24,Crystal Palace,Burnley,H,0.547304262666237,0.49049881235154397,1.98,H,1,0.05680545031469303,0.05680545031469303,0.5050505050505051,0.04225375761573191,0.08366244007914925,True,0.98,2.03,1.98,0.47654083619364274,0.49049881235154397,0.111027653212461,0.08366244007914925,0
2023-24,2024-02-24,Man United,Fulham,A,0.6348569768123442,0.5874717743845632,1.65,H,0,0.04738520242778099,0.04738520242778099,0.6060606060606061,0.028796370751738132,0.047514011740367845,True,-1.0,1.61,1.65,0.5993780446154122,0.5874717743845632,0.022119732667874148,0.047514011740367845,0
2023-24,2024-02-25,Wolves,Sheffield United,H,0.730806544446937,0.6511484844376363,1.49,H,1,0.07965806000930076,0.07965806000930076,0.6711409395973155,0.05966560484962158,0.08890175122593624,True,0.49,1.43,1.49,0.6617465076743931,0.6511484844376363,0.04505335855911996,0.08890175122593624,0
2023-24,2024-02-26,West Ham,Brentford,H,0.487884923024664,0.41770796144234207,2.33,H,1,0.07017696158232195,0.07017696158232195,0.4291845493562232,0.05870037366844083,0.1367718706474672,True,1.33,2.57,2.33,0.376318319876677,0.41770796144234207,0.2538642521733865,0.1367718706474672,0
2023-24,2024-03-02,Brentford,Chelsea,D,0.4093398464107239,0.29691965703397905,3.28,H,0,0.11242018937674486,0.11242018937674486,0.3048780487804878,0.10446179763023611,0.34263469622717424,True,-1.0,3.04,3.28,0.31794623377853215,0.29691965703397905,0.24439313308860067,0.34263469622717424,0
2023-24,2024-03-02,Everton,West Ham,A,0.27373242467979,0.27865771618409324,3.49,A,1,-0.004925291504303264,0.004925291504303264,0.28653295128939826,-0.012800526609608287,-0.04467383786753287,False,2.49,3.62,3.49,0.26753597122302164,0.27865771618409324,-0.009088622659160217,-0.04467383786753287,2
2023-24,2024-03-02,Fulham,Brighton,H,0.4834676849585187,0.3460950640134555,2.81,A,0,0.1373726209450632,0.1373726209450632,0.35587188612099646,0.12759579883752226,0.35854419473343757,True,-1.0,2.7,2.81,0.358352209467501,0.3460950640134555,0.3053627493880007,0.35854419473343757,2
2023-24,2024-03-02,Luton,Aston Villa,A,0.2476865526541951,0.2156999442275516,4.5,D,0,0.0319866084266435,0.0319866084266435,0.2222222222222222,0.02546433043197288,0.11458948694387794,True,-1.0,4.44,4.5,0.2171818266455637,0.2156999442275516,0.09972829378462622,0.11458948694387794,1
2023-24,2024-03-02,Newcastle,Wolves,H,0.5687666092913894,0.5611877401217285,1.73,H,1,0.0075788691696609956,0.0075788691696609956,0.5780346820809249,-0.009268072789535453,-0.016033765925896226,False,0.73,1.89,1.73,0.510938457053577,0.5611877401217285,0.07496889156072606,-0.016033765925896226,0
2023-24,2024-03-02,Nott'm Forest,Liverpool,A,0.7209228983851086,0.6058712078885354,1.6,A,1,0.11505169049657316,0.11505169049657316,0.625,0.09592289838510859,0.1534766374161738,True,0.6000000000000001,1.54,1.6,0.6264754832927922,0.6058712078885354,0.11022126351306727,0.1534766374161738,2
2023-24,2024-03-02,Tottenham,Crystal Palace,H,0.1612394296440377,0.15883621752759003,6.11,A,0,0.0024032121164476727,0.0024032121164476727,0.1636661211129296,-0.002426691468891906,-0.014827084874929564,False,-1.0,6.26,6.11,0.1536936977333363,0.15883621752759003,0.009358829571675997,-0.014827084874929564,2
2023-24,2024-03-03,Burnley,Bournemouth,A,0.3654286420733157,0.2557840616966581,3.8,H,0,0.10964458037665759,0.10964458037665759,0.2631578947368421,0.10227074733647362,0.38862883987859975,True,-1.0,3.79,3.8,0.25489204065071014,0.2557840616966581,0.3849745534578666,0.38862883987859975,0
2023-24,2024-03-03,Man City,Man United,H,0.7867079330256872,0.7766561640811576,1.24,H,1,0.010051768944529638,0.010051768944529638,0.8064516129032259,-0.019743679877538667,-0.024482163048147876,False,0.24,1.27,1.24,0.7547223419105863,0.7766561640811576,-0.0008809250573772465,-0.024482163048147876,0
2023-24,2024-03-04,Sheffield United,Arsenal,A,0.849640045032376,0.8198827227662918,1.18,A,1,0.029757322266084185,0.029757322266084185,0.8474576271186441,0.00218241791373186,0.002575253138203726,True,0.17999999999999994,1.16,1.18,0.8256926539009795,0.8198827227662918,-0.01441754776244386,0.002575253138203726,2
2023-24,2024-03-09,Arsenal,Brentford,H,0.8019161287598324,0.7958533997224717,1.22,H,1,0.0060627290373607146,0.0060627290373607146,0.819672131147541,-0.01775600238770858,-0.021662322913004517,False,0.21999999999999997,1.23,1.22,0.7786696709383655,0.7958533997224717,-0.01364316162540613,-0.021662322913004517,0
2023-24,2024-03-09,Bournemouth,Sheffield United,D,0.1810746879448489,0.16663135330072812,5.79,D,1,0.014443334644120787,0.014443334644120787,0.17271157167530224,0.008363116269546667,0.048422443200675236,True,4.79,5.55,5.79,0.17353520266141625,0.16663135330072812,0.0049645180939112965,0.048422443200675236,1
2023-24,2024-03-09,Crystal Palace,Luton,D,0.3326721800275291,0.23576131257184657,4.12,A,0,0.0969108674556825,0.0969108674556825,0.24271844660194175,0.08995373342558732,0.3706093817134197,True,-1.0,4.58,4.12,0.21065651072189365,0.23576131257184657,0.5236385845260831,0.3706093817134197,2
2023-24,2024-03-09,Man United,Everton,H,0.6264924405128021,0.4980886685110213,1.95,H,1,0.12840377200178077,0.12840377200178077,0.5128205128205129,0.11367192769228918,0.2216602589999639,True,0.95,1.84,1.95,0.5245795354868235,0.4980886685110213,0.1527460905435558,0.2216602589999639,0
2023-24,2024-03-09,Wolves,Fulham,H,0.3497623279396051,0.33681118624361284,2.89,A,0,0.012951141695992263,0.012951141695992263,0.3460207612456747,0.003741566693930387,0.01081312774545884,True,-1.0,2.88,2.89,0.3361087982237025,0.33681118624361284,0.007315504466062661,0.01081312774545884,2
2023-24,2024-03-10,Aston Villa,Tottenham,A,0.6277471165373762,0.38178600113038047,2.55,H,0,0.24596111540699578,0.24596111540699578,0.3921568627450981,0.23559025379227816,0.6007551471703094,True,-1.0,2.47,2.55,0.39174537850396124,0.38178600113038047,0.5505353778473194,0.6007551471703094,0
2023-24,2024-03-10,Brighton,Nott'm Forest,H,0.6147752276777739,0.5956473988587286,1.63,H,1,0.01912782881904529,0.01912782881904529,0.6134969325153374,0.0012782951624364935,0.00208362111477145,True,0.6299999999999999,1.81,1.63,0.53297682153298,0.5956473988587286,0.11274316209677093,0.00208362111477145,0
2023-24,2024-03-10,Liverpool,Man City,D,0.5413187357178897,0.2792026356395179,3.48,H,0,0.26211610007837177,0.26211610007837177,0.28735632183908044,0.25396241387880925,0.8837892002982561,True,-1.0,3.02,3.48,0.3205849268841395,0.2792026356395179,0.6347825818680268,0.8837892002982561,0
2023-24,2024-03-10,West Ham,Burnley,D,0.733980977924933,0.5839171344983,1.66,H,0,0.15006384342663304,0.15006384342663304,0.6024096385542169,0.13157133937071608,0.21840842335538868,True,-1.0,1.69,1.66,0.5709151986250537,0.5839171344983,0.2404278526931367,0.21840842335538868,0
2023-24,2024-03-11,Chelsea,Newcastle,H,0.3740586008138533,0.24871253403869728,3.91,A,0,0.125346066775156,0.125346066775156,0.2557544757033248,0.11830412511052846,0.4625691291821663,True,-1.0,3.59,3.91,0.2692734827796887,0.24871253403869728,0.34287037692173317,0.4625691291821663,2
2023-24,2024-03-13,Bournemouth,Luton,H,0.2892726096674086,0.16999420605977983,5.69,A,0,0.11927840360762876,0.11927840360762876,0.17574692442882248,0.11352568523858611,0.645961149007555,True,-1.0,6.18,5.69,0.15613248243204975,0.16999420605977983,0.787704727744585,0.645961149007555,2
2023-24,2024-03-16,Burnley,Brentford,H,0.3131859988640726,0.3061877745645599,3.18,H,1,0.00699822429951269,0.00699822429951269,0.31446540880503143,-0.00127940994095882,-0.004068523612249075,False,2.18,3.23,3.18,0.2997187390132427,0.3061877745645599,0.011590776330954622,-0.004068523612249075,0
2023-24,2024-03-16,Fulham,Tottenham,H,0.4890337515624535,0.47467538051423175,2.05,A,0,0.01435837104822174,0.01435837104822174,0.48780487804878053,0.0012288735136729567,0.002519190703029528,True,-1.0,2.01,2.05,0.48096304013698776,0.47467538051423175,-0.017042159359468623,0.002519190703029528,2
2023-24,2024-03-16,Luton,Nott'm Forest,D,0.4889828926097687,0.36446700507614216,2.67,H,0,0.12451588753362652,0.12451588753362652,0.37453183520599254,0.11445105740377615,0.3055843232680824,True,-1.0,2.83,2.67,0.3416731495360796,0.36446700507614216,0.3838215860856453,0.3055843232680824,0
2023-24,2024-03-17,West Ham,Aston Villa,D,0.3798539805853738,0.3924012580648798,2.48,H,0,-0.012547277479506014,0.012547277479506014,0.40322580645161293,-0.02337182586623915,-0.05796212814827306,False,-1.0,2.66,2.48,0.3633865341930029,0.3924012580648798,0.010411588357094326,-0.05796212814827306,0
2023-24,2024-03-30,Aston Villa,Wolves,H,0.6771505226542022,0.6342487318523701,1.53,H,1,0.042901790801832096,0.042901790801832096,0.6535947712418301,0.023555751412372095,0.036040299660929254,True,0.53,1.64,1.53,0.5874036404296267,0.6342487318523701,0.11052685715289146,0.036040299660929254,0
2023-24,2024-03-30,Bournemouth,Everton,H,0.4563972718529956,0.44331601668251996,2.18,H,1,0.013081255170475647,0.013081255170475647,0.4587155963302752,-0.0023183244772795875,-0.005053947360469491,False,1.1800000000000002,2.24,2.18,0.43210939703939066,0.44331601668251996,0.022329888950710197,-0.005053947360469491,0
2023-24,2024-03-30,Brentford,Man United,D,0.4079788401152207,0.28730625480927774,3.39,H,0,0.12067258530594294,0.12067258530594294,0.2949852507374631,0.11299358937775755,0.3830482679905982,True,-1.0,3.09,3.39,0.3132429705663026,0.28730625480927774,0.2606546159560319,0.3830482679905982,0
2023-24,2024-03-30,Chelsea,Burnley,D,0.2033309946127627,0.14443130753998604,6.66,D,1,0.05889968707277665,0.05889968707277665,0.15015015015015015,0.053180844462612537,0.3541844241209995,True,5.66,6.12,6.66,0.15716009050101737,0.14443130753998604,0.24438568703010777,0.3541844241209995,1
2023-24,2024-03-30,Newcastle,West Ham,H,0.56996377264113,0.523917031629402,1.85,H,1,0.04604674101172801,0.04604674101172801,0.5405405405405405,0.029423232100589503,0.054432979386090485,True,0.8500000000000001,1.81,1.85,0.5326564678374273,0.523917031629402,0.03163442848044529,0.054432979386090485,0
2023-24,2024-03-30,Nott'm Forest,Crystal Palace,D,0.3680316154042297,0.28302410329454847,3.43,A,0,0.08500751210968122,0.08500751210968122,0.29154518950437314,0.07648642589985655,0.26234844083650777,True,-1.0,3.34,3.43,0.2901341929679886,0.28302410329454847,0.229225595450127,0.26234844083650777,2
2023-24,2024-03-30,Sheffield United,Fulham,D,0.2149739617718953,0.19826838368440114,4.89,H,0,0.01670557808749415,0.01670557808749415,0.20449897750511248,0.01047498426678281,0.05122267306456796,True,-1.0,4.89,4.89,0.1974503520791015,0.19826838368440114,0.05122267306456796,0.05122267306456796,0
2023-24,2024-03-30,Tottenham,Luton,H,0.1382553190345624,0.0761498394097189,12.64,A,0,0.0621054796248435,0.0621054796248435,0.0791139240506329,0.05914139498392949,0.7475472325968688,True,-1.0,11.57,12.64,0.08275164517937471,0.0761498394097189,0.5996140412298869,0.7475472325968688,2
2023-24,2024-03-31,Liverpool,Brighton,H,0.730010669430041,0.7491119250519961,1.29,H,1,-0.019101255621955082,0.019101255621955082,0.7751937984496123,-0.04518312901957133,-0.05828623643524711,False,0.29000000000000004,1.37,1.29,0.7037755848012726,0.7491119250519961,0.00011461711915616846,-0.05828623643524711,0
2023-24,2024-03-31,Man City,Arsenal,D,0.3441187765718865,0.26224434313438455,3.72,A,0,0.08187443343750195,0.08187443343750195,0.26881720430107525,0.07530157227081125,0.28012184884741775,True,-1.0,3.94,3.72,0.24553080399146576,0.26224434313438455,0.3558279796932329,0.28012184884741775,2
2023-24,2024-04-02,Bournemouth,Crystal Palace,H,0.3074337635998274,0.2350317921569756,4.14,A,0,0.07240197144285179,0.07240197144285179,0.24154589371980678,0.0658878698800206,0.27277578130328517,True,-1.0,3.69,4.14,0.26331135641709946,0.2350317921569756,0.1344305876833629,0.27277578130328517,2
2023-24,2024-04-02,Burnley,Wolves,D,0.4015169563875582,0.31494661921708184,3.08,A,0,0.08657033717047635,0.08657033717047635,0.3246753246753247,0.07684163171223352,0.2366722256736793,True,-1.0,2.83,3.08,0.343732507796525,0.31494661921708184,0.13629298657678968,0.2366722256736793,2
2023-24,2024-04-02,Newcastle,Everton,D,0.671236981599661,0.48013767388498496,2.03,H,0,0.1910993077146761,0.1910993077146761,0.4926108374384237,0.17862614416123734,0.36261107264731174,True,-1.0,2.03,2.03,0.4792301149614509,0.48013767388498496,0.36261107264731174,0.36261107264731174,0
2023-24,2024-04-02,Nott'm Forest,Fulham,H,0.402829276616967,0.36560788944954825,2.66,A,0,0.03722138716741874,0.03722138716741874,0.37593984962406013,0.026889426992906862,0.07152587580113234,True,-1.0,2.61,2.66,0.37279510366880997,0.36560788944954825,0.05138441197028376,0.07152587580113234,2
2023-24,2024-04-02,West Ham,Tottenham,D,0.4514264586480969,0.2810352429479296,3.47,H,0,0.1703912157001673,0.1703912157001673,0.2881844380403458,0.16324202060775106,0.5664498115088963,True,-1.0,3.38,3.47,0.28745859670662516,0.2810352429479296,0.5258214302305675,0.5664498115088963,0
2023-24,2024-04-03,Arsenal,Luton,H,0.0968715148969637,0.0923318667504714,10.5,D,0,0.004539648146492298,0.004539648146492298,0.09523809523809523,0.0016334196588684707,0.017150906418118783,True,-1.0,11.82,10.5,0.08188097549433335,0.0923318667504714,0.14502130608211106,0.017150906418118783,1
2023-24,2024-04-03,Brentford,Brighton,D,0.4691193507632288,0.3536549768566781,2.75,A,0,0.11546437390655068,0.11546437390655068,0.36363636363636365,0.10548298712686516,0.29007821459887917,True,-1.0,2.86,2.75,0.33826088260882614,0.3536549768566781,0.3416813431828343,0.29007821459887917,2
2023-24,2024-04-03,Man City,Aston Villa,H,0.7697485042224964,0.7993841781146377,1.21,H,1,-0.02963567389214128,0.02963567389214128,0.8264462809917356,-0.05669777676923915,-0.06860430989077937,False,0.20999999999999996,1.3,1.21,0.739594315354447,0.7993841781146377,0.0006730554892453444,-0.06860430989077937,0
2023-24,2024-04-04,Chelsea,Man United,H,0.3250044023642838,0.24454018085650917,3.98,A,0,0.08046422150777463,0.08046422150777463,0.25125628140703515,0.07374812095724864,0.29351752140984955,True,-1.0,3.42,3.98,0.2830163875444975,0.24454018085650917,0.11151505608585066,0.29351752140984955,2
2023-24,2024-04-04,Liverpool,Sheffield United,H,0.943591385105397,0.9161780916018339,1.06,H,1,0.02741329350356303,0.02741329350356303,0.9433962264150942,0.00019515869030273247,0.00020686821172088976,True,0.06000000000000005,1.08,1.06,0.8945053257882514,0.9161780916018339,0.019078695913828714,0.00020686821172088976,0
2023-24,2024-04-06,Aston Villa,Brentford,D,0.6507800382696979,0.5876373820893878,1.65,H,0,0.06314265618031012,0.06314265618031012,0.6060606060606061,0.0447194322090918,0.0737870631450015,True,-1.0,1.71,1.65,0.5638784780393444,0.5876373820893878,0.11283386544118335,0.0737870631450015,0
2023-24,2024-04-06,Brighton,Arsenal,A,0.2083768670917521,0.14789264688661066,6.55,H,0,0.06048422020514144,0.06048422020514144,0.15267175572519084,0.055705111366561255,0.3648684794509762,True,-1.0,5.25,6.55,0.1839993612519462,0.14789264688661066,0.09397855223169849,0.3648684794509762,0
2023-24,2024-04-06,Crystal Palace,Man City,A,0.7851014779472687,0.7083374081290292,1.37,A,1,0.07676406981823947,0.07676406981823947,0.7299270072992701,0.05517447064799863,0.0755890247877582,True,0.3700000000000001,1.31,1.37,0.7366659689443379,0.7083374081290292,0.028482936110922008,0.0755890247877582,2
2023-24,2024-04-06,Everton,Burnley,H,0.227733754493782,0.20228461520418456,4.79,A,0,0.02544913928959744,0.02544913928959744,0.20876826722338204,0.018965487270399956,0.09084468402521573,True,-1.0,4.99,4.79,0.19364765964956787,0.20228461520418456,0.13639143492397232,0.09084468402521573,2
2023-24,2024-04-06,Fulham,Newcastle,A,0.531338787645353,0.3435701369543724,2.83,A,1,0.18776865069098064,0.18776865069098064,0.35335689045936397,0.17798189718598906,0.5036887690363492,True,1.83,2.86,2.83,0.3382904882884425,0.3435701369543724,0.5196289326657095,0.5036887690363492,2
2023-24,2024-04-06,Luton,Bournemouth,H,0.4282069527340724,0.25457222718121464,3.82,H,1,0.17363472555285775,0.17363472555285775,0.2617801047120419,0.1664268480220305,0.6357505594441564,True,2.82,3.65,3.82,0.26460139500905655,0.25457222718121464,0.5629553774793641,0.6357505594441564,0
2023-24,2024-04-06,Wolves,West Ham,A,0.4092355150201244,0.3814024074776671,2.55,A,1,0.02783310754245727,0.02783310754245727,0.3921568627450981,0.017078652275026307,0.043550563301317124,True,1.5499999999999998,2.77,2.55,0.3493846854187467,0.3814024074776671,0.13358237660574468,0.043550563301317124,2
2023-24,2024-04-07,Man United,Liverpool,D,0.3483525476020239,0.19395151212196954,5.0,H,0,0.15440103548005435,0.15440103548005435,0.2,0.14835254760202388,0.7417627380101195,True,-1.0,4.75,5.0,0.20276919794222725,0.19395151212196954,0.6546746011096134,0.7417627380101195,0
2023-24,2024-04-07,Sheffield United,Chelsea,D,0.2104214016319707,0.14465753424657532,6.69,H,0,0.06576386738539539,0.06576386738539539,0.14947683109118085,0.06094457054078986,0.40771917691788406,True,-1.0,6.77,6.69,0.14218630392345857,0.14465753424657532,0.4245528890484416,0.40771917691788406,0
2023-24,2024-04-07,Tottenham,Nott'm Forest,H,0.1547426931348166,0.14057381475215092,6.9,A,0,0.014168878382665673,0.014168878382665673,0.14492753623188406,0.009815156902932526,0.06772458263023462,True,-1.0,7.33,6.9,0.13130472544070143,0.14057381475215092,0.13426394067820557,0.06772458263023462,2
2023-24,2024-04-13,Bournemouth,Man United,D,0.4389130427010369,0.3546661238968931,2.74,A,0,0.08424691880414381,0.08424691880414381,0.36496350364963503,0.07394953905140189,0.20262173700084118,True,-1.0,2.79,2.74,0.34705928608070813,0.3546661238968931,0.22456738913589303,0.20262173700084118,2
2023-24,2024-04-13,Brentford,Sheffield United,H,0.7041301644982452,0.6516259817140536,1.49,H,1,0.052504182784191555,0.052504182784191555,0.6711409395973155,0.0329892249009297,0.049153945102385244,True,0.49,1.43,1.49,0.6720347835471971,0.6516259817140536,0.006906135232490618,0.049153945102385244,0
2023-24,2024-04-13,Burnley,Brighton,D,0.2915988781441695,0.2445265997321766,3.97,H,0,0.04707227841199291,0.04707227841199291,0.2518891687657431,0.03970970937842644,0.157647546232353,True,-1.0,3.54,3.97,0.2733429243131338,0.2445265997321766,0.03226002863036004,0.157647546232353,0
2023-24,2024-04-13,Man City,Luton,H,0.0831003390808032,0.07133058984910837,13.5,D,0,0.01176974923169484,0.01176974923169484,0.07407407407407407,0.009026265006729137,0.12185457759084328,True,-1.0,13.24,13.5,0.07301798379277484,0.07133058984910837,0.10024848942983455,0.12185457759084328,1
2023-24,2024-04-13,Newcastle,Tottenham,H,0.4544801230267829,0.36833906900923746,2.65,H,1,0.08614105401754546,0.08614105401754546,0.37735849056603776,0.07712163246074516,0.20437232602097466,True,1.65,2.8,2.65,0.34565301001813153,0.36833906900923746,0.2725443444749922,0.20437232602097466,0
2023-24,2024-04-13,Nott'm Forest,Wolves,D,0.3801403992001332,0.2549091634218784,3.81,A,0,0.1252312357782548,0.1252312357782548,0.26246719160104987,0.11767320759908334,0.4483349209525076,True,-1.0,3.5,3.81,0.27655584836813296,0.2549091634218784,0.33049139720046616,0.4483349209525076,2
2023-24,2024-04-14,Arsenal,Aston Villa,A,0.7490368975383366,0.7782289249806651,1.24,H,0,-0.029192027442328516,0.029192027442328516,0.8064516129032259,-0.05741471536488929,-0.07119424705246269,False,-1.0,1.29,1.24,0.7454169341607817,0.7782289249806651,-0.033742402175545805,-0.07119424705246269,0
2023-24,2024-04-14,Liverpool,Crystal Palace,A,0.849353320230366,0.8195358733958374,1.18,H,0,0.029817446834528583,0.029817446834528583,0.8474576271186441,0.0018956931117218856,0.0022369178718317784,True,-1.0,1.19,1.18,0.8062780557439543,0.8195358733958374,0.010730451074135505,0.0022369178718317784,0
2023-24,2024-04-14,West Ham,Fulham,A,0.5486354345623672,0.3988299707492688,2.44,H,0,0.1498054638130984,0.1498054638130984,0.4098360655737705,0.13879936898859668,0.33867046033217596,True,-1.0,2.4,2.44,0.40314778224432796,0.3988299707492688,0.3167250429496813,0.33867046033217596,0
2023-24,2024-04-15,Chelsea,Everton,H,0.598495092589456,0.5812628219740141,1.67,H,1,0.017232270615441858,0.017232270615441858,0.5988023952095809,-0.00030730262012490517,-0.0005131953756085661,False,0.6699999999999999,1.73,1.67,0.5572827657772007,0.5812628219740141,0.03539651017975887,-0.0005131953756085661,0
2023-24,2024-04-20,Luton,Brentford,A,0.3458417575382221,0.33308040185752874,2.92,H,0,0.012761355680693365,0.012761355680693365,0.3424657534246575,0.00337600411356459,0.009857932011608561,True,-1.0,3.28,2.92,0.2949105275389264,0.33308040185752874,0.13436096472536851,0.009857932011608561,0
2023-24,2024-04-20,Sheffield United,Burnley,A,0.3675202409941953,0.3657001144601297,2.66,H,0,0.0018201265340656025,0.0018201265340656025,0.37593984962406013,-0.00841960862986485,-0.02239615895544045,False,-1.0,2.77,2.66,0.34962646744930637,0.3657001144601297,0.018031067553921032,-0.02239615895544045,0
2023-24,2024-04-20,Wolves,Arsenal,A,0.2077545938558803,0.08260571564800191,11.75,H,0,0.1251488782078784,0.1251488782078784,0.0851063829787234,0.1226482108771569,1.4411164778065935,True,-1.0,8.02,11.75,0.12004664354652256,0.08260571564800191,0.66619184272416,1.4411164778065935,0
2023-24,2024-04-21,Aston Villa,Bournemouth,H,0.6997477456570171,0.5211026550176027,1.87,H,1,0.17864509063941447,0.17864509063941447,0.53475935828877,0.16498838736824717,0.3085282843786221,True,0.8700000000000001,1.87,1.87,0.5163443912437643,0.5211026550176027,0.3085282843786221,0.3085282843786221,0
2023-24,2024-04-21,Crystal Palace,West Ham,H,0.3711354925073729,0.28958602349171275,3.36,A,0,0.08154946901566013,0.08154946901566013,0.2976190476190476,0.07351644488832526,0.24701525482477282,True,-1.0,3.45,3.36,0.2801135009855525,0.28958602349171275,0.28041744915043654,0.24701525482477282,2
2023-24,2024-04-21,Everton,Nott'm Forest,H,0.3190142241935342,0.2895127547577271,3.36,A,0,0.029501469435807115,0.029501469435807115,0.2976190476190476,0.021395176574486585,0.07188779329027484,True,-1.0,3.78,3.36,0.2558320044031104,0.2895127547577271,0.20587376745155916,0.07188779329027484,2
2023-24,2024-04-21,Fulham,Liverpool,A,0.6293623983911466,0.5764939251177783,1.68,A,1,0.0528684732733683,0.0528684732733683,0.5952380952380952,0.03412430315305137,0.05732882929712635,True,0.6799999999999999,1.59,1.68,0.6058622364320693,0.5764939251177783,0.0006862134419232113,0.05732882929712635,2
2023-24,2024-04-23,Arsenal,Chelsea,H,0.6994909165120051,0.6894880493839757,1.41,H,1,0.010002867128029447,0.010002867128029447,0.7092198581560284,-0.00972894164402327,-0.01371780771807285,False,0.4099999999999999,1.45,1.41,0.6654389676368881,0.6894880493839757,0.014261828942407462,-0.01371780771807285,0
2023-24,2024-04-24,Crystal Palace,Newcastle,H,0.3661218097459235,0.31495460742908454,3.09,H,1,0.05116720231683897,0.05116720231683897,0.3236245954692557,0.042497214276667805,0.13131639211490365,True,2.09,2.76,3.09,0.3503388167651556,0.31495460742908454,0.010496194898748756,0.13131639211490365,0
2023-24,2024-04-24,Everton,Liverpool,H,0.1696349737702532,0.12667540484546108,7.65,H,1,0.04295956892479211,0.04295956892479211,0.13071895424836602,0.03891601952188717,0.29770754934243704,True,6.65,7.49,7.65,0.12865628476890795,0.12667540484546108,0.27056595353919644,0.29770754934243704,0
2023-24,2024-04-24,Man United,Sheffield United,H,0.8120378475239791,0.7335729913056208,1.32,H,1,0.0784648562183583,0.0784648562183583,0.7575757575757576,0.05446208994822155,0.07188995873165238,True,0.32000000000000006,1.32,1.32,0.7300313740483768,0.7335729913056208,0.07188995873165238,0.07188995873165238,0
2023-24,2024-04-24,Wolves,Bournemouth,A,0.4196692839672959,0.3460605671998702,2.81,H,0,0.0736087167674257,0.0736087167674257,0.35587188612099646,0.06379739784629945,0.17927068794810164,True,-1.0,2.74,2.81,0.35335063255076193,0.3460605671998702,0.14989383807039092,0.17927068794810164,0
2023-24,2024-04-25,Brighton,Man City,A,0.167088769807543,0.12256027112377724,7.9,H,0,0.044528498683765766,0.044528498683765766,0.12658227848101264,0.040506491326530364,0.32000128147958984,True,-1.0,6.84,7.9,0.14058449909970516,0.12256027112377724,0.14288718548359403,0.32000128147958984,0
2023-24,2024-04-27,Aston Villa,Chelsea,D,0.5182237866474719,0.476163580005376,2.05,H,0,0.04206020664209592,0.04206020664209592,0.48780487804878053,0.030418908598691397,0.06235876262731743,True,-1.0,2.14,2.05,0.4517917753403123,0.476163580005376,0.10899890342559004,0.06235876262731743,0
2023-24,2024-04-27,Everton,Brentford,H,0.3491188354063904,0.3925267770204479,2.48,A,0,-0.04340794161405753,0.04340794161405753,0.40322580645161293,-0.05410697104522255,-0.1341852881921518,False,-1.0,3.09,2.48,0.31314643440391937,0.3925267770204479,0.07877720140574618,-0.1341852881921518,2
2023-24,2024-04-27,Fulham,Crystal Palace,D,0.4054619417000453,0.25725978308118025,3.78,A,0,0.14820215861886504,0.14820215861886504,0.2645502645502646,0.1409116771497807,0.532646139626171,True,-1.0,3.43,3.78,0.2818721810786195,0.25725978308118025,0.3907344600311553,0.532646139626171,2
2023-24,2024-04-27,Man United,Burnley,D,0.7493727655624899,0.6469177188939106,1.5,H,0,0.1024550466685793,0.1024550466685793,0.6666666666666666,0.08270609889582325,0.12405914834373477,True,-1.0,1.53,1.5,0.6283891659223102,0.6469177188939106,0.1465403313106095,0.12405914834373477,0
2023-24,2024-04-27,Newcastle,Sheffield United,H,0.8108626635287697,0.8010738176461215,1.2,H,1,0.009788845882648167,0.009788845882648167,0.8333333333333334,-0.022470669804563692,-0.026964803765476386,False,0.19999999999999996,1.24,1.2,0.7747150437967306,0.8010738176461215,0.00546970277567449,-0.026964803765476386,0
2023-24,2024-04-27,West Ham,Liverpool,D,0.1903491534763913,0.18147847851376603,5.35,H,0,0.00887067496262528,0.00887067496262528,0.1869158878504673,0.003433265625923998,0.01836797109869348,True,-1.0,5.84,5.35,0.16517002990354682,0.18147847851376603,0.11163905630212523,0.01836797109869348,0
2023-24,2024-04-27,Wolves,Luton,H,0.5814405961206528,0.5028480208975802,1.93,H,1,0.07859257522307261,0.07859257522307261,0.5181347150259068,0.063305881094746,0.1221803505128598,True,0.9299999999999999,1.98,1.93,0.4877672697368421,0.5028480208975802,0.15125238031889254,0.1221803505128598,0
2023-24,2024-04-28,Bournemouth,Brighton,H,0.464337130147487,0.2719206315936561,3.57,A,0,0.19241649855383092,0.19241649855383092,0.2801120448179272,0.18422508532955983,0.6576835546265285,True,-1.0,2.99,3.57,0.32322668215087486,0.2719206315936561,0.3883680191409862,0.6576835546265285,2
2023-24,2024-04-28,Nott'm Forest,Man City,A,0.8624368945851217,0.7545249369385317,1.29,A,1,0.10791195764659,0.10791195764659,0.7751937984496123,0.0872430961355094,0.11254359401480718,True,0.29000000000000004,1.3,1.29,0.7414042202255829,0.7545249369385317,0.12116796296065835,0.11254359401480718,2
2023-24,2024-04-28,Tottenham,Arsenal,A,0.2655518516504763,0.22336014879151603,4.35,H,0,0.04219170285896026,0.04219170285896026,0.2298850574712644,0.0356667941792119,0.15515055467957173,True,-1.0,4.19,4.35,0.23018132165142371,0.22336014879151603,0.11266225841549571,0.15515055467957173,0
2023-24,2024-05-02,Chelsea,Tottenham,H,0.513477477531491,0.3957541376688695,2.46,H,1,0.11772333986262146,0.11772333986262146,0.4065040650406504,0.10697341249084058,0.2631545947274678,True,1.46,2.22,2.46,0.4356892720774878,0.3957541376688695,0.13992000011991013,0.2631545947274678,0
2023-24,2024-05-03,Luton,Everton,D,0.3670808345461478,0.3503208644554322,2.78,H,0,0.016759970090715615,0.016759970090715615,0.3597122302158274,0.0073686043303204385,0.020484720038290938,True,-1.0,2.71,2.78,0.3571040074679545,0.3503208644554322,-0.005210938379939467,0.020484720038290938,0
2023-24,2024-05-04,Arsenal,Bournemouth,H,0.1279449626760382,0.13316301464085684,7.25,D,0,-0.005218051964818643,0.005218051964818643,0.13793103448275862,-0.009986071806720426,-0.07239902059872305,False,-1.0,7.76,7.25,0.12369347129576135,0.13316301464085684,-0.007147089633943615,-0.07239902059872305,1
2023-24,2024-05-04,Brentford,Fulham,D,0.4594203074958929,0.4653643576238416,2.09,H,0,-0.005944050127948686,0.005944050127948686,0.47846889952153115,-0.019048592025638245,-0.03981155733358388,False,-1.0,2.13,2.09,0.4535923127641407,0.4653643576238416,-0.021434745033748204,-0.03981155733358388,0
2023-24,2024-05-04,Burnley,Newcastle,A,0.623673481852113,0.480950395433112,2.02,A,1,0.142723086419001,0.142723086419001,0.49504950495049505,0.12862397690161798,0.25982043334126836,True,1.02,2.04,2.02,0.474148263175996,0.480950395433112,0.2722939029783107,0.25982043334126836,2
2023-24,2024-05-04,Man City,Wolves,H,0.097329904670399,0.07227926078028747,13.5,D,0,0.025050643890111524,0.025050643890111524,0.07407407407407407,0.023255830596324925,0.31395371305038644,True,-1.0,13.16,13.5,0.07360271723377936,0.07227926078028747,0.2808615454624508,0.31395371305038644,1
2023-24,2024-05-04,Sheffield United,Nott'm Forest,A,0.2953481404544671,0.19114568394980977,5.08,H,0,0.10420245650465734,0.10420245650465734,0.19685039370078738,0.09849774675367973,0.500368553508693,True,-1.0,4.57,5.08,0.21128965210785086,0.19114568394980977,0.3497410018769147,0.500368553508693,0
2023-24,2024-05-05,Brighton,Aston Villa,H,0.4447169081027833,0.34292546448410577,2.84,A,0,0.10179144361867754,0.10179144361867754,0.35211267605633806,0.09260423204644525,0.2629960190119045,True,-1.0,2.48,2.84,0.39041261402766875,0.34292546448410577,0.10289793209490261,0.2629960190119045,2
2023-24,2024-05-05,Chelsea,West Ham,H,0.669878786966795,0.6472201843641351,1.5,H,1,0.02265860260265995,0.02265860260265995,0.6666666666666666,0.003212120300128407,0.004818180450192555,True,0.5,1.66,1.5,0.581069972379324,0.6472201843641351,0.1119987863648797,0.004818180450192555,0
2023-24,2024-05-05,Liverpool,Tottenham,H,0.7617866889362107,0.6837359214862566,1.42,H,1,0.0780507674499541,0.0780507674499541,0.7042253521126761,0.05756133682353459,0.08173709828941922,True,0.41999999999999993,1.48,1.42,0.6503917041808908,0.6837359214862566,0.12744429962559178,0.08173709828941922,0
2023-24,2024-05-06,Crystal Palace,Man United,H,0.4545185802079429,0.272075429659412,3.57,A,0,0.18244315054853089,0.18244315054853089,0.2801120448179272,0.17440653539001572,0.6226313313423562,True,-1.0,2.83,3.57,0.34166044447112587,0.272075429659412,0.2862875819884785,0.6226313313423562,2
2023-24,2024-05-11,Bournemouth,Brentford,A,0.4017453543233529,0.29919888043183346,3.25,A,1,0.10254647389151944,0.10254647389151944,0.3076923076923077,0.09405304663104519,0.3056724015508969,True,2.25,3.57,3.25,0.27037414885287914,0.29919888043183346,0.4342309149343697,0.3056724015508969,2
2023-24,2024-05-11,Everton,Sheffield United,H,0.156323724401399,0.13757935857355258,7.03,A,0,0.018744365827846415,0.018744365827846415,0.14224751066856328,0.014076213732835713,0.09895578254183501,True,-1.0,7.47,7.03,0.12911308705563,0.13757935857355258,0.1677382212784504,0.09895578254183501,2
2023-24,2024-05-11,Fulham,Man City,A,0.0771977667248085,0.08878396160693551,10.9,H,0,-0.011586194882127004,0.011586194882127004,0.09174311926605504,-0.014545352541246531,-0.15854434269958728,False,-1.0,12.95,10.9,0.07384451077058043,0.08878396160693551,-0.00028892091372989537,-0.15854434269958728,0
2023-24,2024-05-11,Newcastle,Brighton,D,0.6256604695167589,0.6060827226282481,1.6,H,0,0.019577746888510772,0.019577746888510772,0.625,0.0006604695167589103,0.0010567512268142565,True,-1.0,1.59,1.6,0.6056833902349252,0.6060827226282481,-0.005199853468353277,0.0010567512268142565,0
2023-24,2024-05-11,Nott'm Forest,Chelsea,A,0.6228161436983615,0.5160735377188929,1.88,A,1,0.10674260597946861,0.10674260597946861,0.5319148936170213,0.0909012500813402,0.17089435015291943,True,0.8799999999999999,2.04,1.88,0.47346081109476784,0.5160735377188929,0.27054493314465744,0.17089435015291943,2
2023-24,2024-05-11,Tottenham,Burnley,H,0.1819151172848826,0.1477194642133497,6.53,D,0,0.03419565307153291,0.03419565307153291,0.15313935681470137,0.02877576047018124,0.18790571587028349,True,-1.0,6.16,6.53,0.15599940871384133,0.1477194642133497,0.12059712247487697,0.18790571587028349,1
2023-24,2024-05-11,West Ham,Luton,H,0.6261130985704568,0.515741787903156,1.88,H,1,0.11037131066730088,0.11037131066730088,0.5319148936170213,0.09419820495343556,0.17709262531245873,True,0.8799999999999999,1.82,1.88,0.5309976556394894,0.515741787903156,0.1395258393982315,0.17709262531245873,0
2023-24,2024-05-11,Wolves,Crystal Palace,A,0.4096229994070285,0.4381611911560383,2.22,A,1,-0.02853819174900979,0.02853819174900979,0.4504504504504504,-0.04082745104342189,-0.09063694131639666,False,1.2200000000000002,2.49,2.22,0.38878922560992,0.4381611911560383,0.019961268523501108,-0.09063694131639666,2
2023-24,2024-05-12,Man United,Arsenal,A,0.2428390146346724,0.09880374393112769,9.75,H,0,0.14403527070354472,0.14403527070354472,0.10256410256410256,0.14027491207056983,1.3676803926880559,True,-1.0,7.2,9.75,0.13360058905342387,0.09880374393112769,0.7484409053696413,1.3676803926880559,0
2023-24,2024-05-13,Aston Villa,Liverpool,D,0.4091450388039352,0.2488679587031335,3.9,H,0,0.16027708010080172,0.16027708010080172,0.25641025641025644,0.15273478239367877,0.5956656513353473,True,-1.0,4.16,3.9,0.2315964798026661,0.2488679587031335,0.7020433614243706,0.5956656513353473,0
2023-24,2024-05-14,Tottenham,Man City,A,0.1802628490814291,0.1465850353791338,6.6,H,0,0.03367781370229528,0.03367781370229528,0.15151515151515152,0.02874769756627757,0.18973480393743203,True,-1.0,7.15,6.6,0.13527637873596793,0.1465850353791338,0.28887937093221794,0.18973480393743203,0
2023-24,2024-05-15,Brighton,Chelsea,A,0.3127605204107505,0.30400733494647003,3.2,H,0,0.008753185464280444,0.008753185464280444,0.3125,0.0002605204107504755,0.0008336653144016548,True,-1.0,3.42,3.2,0.2826510313056224,0.30400733494647003,0.06964097980476658,0.0008336653144016548,0
2023-24,2024-05-15,Man United,Newcastle,H,0.4722841504813275,0.3564727954971857,2.73,H,1,0.1158113549841418,0.1158113549841418,0.3663003663003663,0.10598378418096122,0.2893357308140241,True,1.73,2.75,2.73,0.35199742008304113,0.3564727954971857,0.29878141382365064,0.2893357308140241,0
2023-24,2024-05-19,Arsenal,Everton,H,0.079301353748608,0.07386324239948994,13.07,A,0,0.005438111349118063,0.005438111349118063,0.07651109410864575,0.002790259639962253,0.03646869349430659,True,-1.0,15.6,13.07,0.0617393228590396,0.07386324239948994,0.23710111847828474,0.03646869349430659,2
2023-24,2024-05-19,Brentford,Newcastle,A,0.4834402656842311,0.43435763708297614,2.24,A,1,0.04908262860125495,0.04908262860125495,0.4464285714285714,0.0370116942556597,0.08290619513267772,True,1.2400000000000002,2.21,2.24,0.4354248140831339,0.43435763708297614,0.06840298716215076,0.08290619513267772,2
2023-24,2024-05-19,Brighton,Man United,A,0.3636937695737117,0.3925085130533485,2.48,A,1,-0.028814743479636806,0.028814743479636806,0.40322580645161293,-0.039532036877901244,-0.09803945145719506,False,1.48,2.98,2.48,0.32304136111996756,0.3925085130533485,0.08380743332966079,-0.09803945145719506,2
2023-24,2024-05-19,Burnley,Nott'm Forest,A,0.3630206457449474,0.33972755073672506,2.85,H,0,0.023293095008222353,0.023293095008222353,0.3508771929824561,0.012143452762491291,0.03460884037310019,True,-1.0,2.92,2.85,0.32946579647087254,0.33972755073672506,0.060020285575246524,0.03460884037310019,0
2023-24,2024-05-19,Chelsea,Bournemouth,H,0.1935861430391069,0.17342971744423333,5.59,D,0,0.020156425594873573,0.020156425594873573,0.17889087656529518,0.014695266473811724,0.08214653958860763,True,-1.0,5.4,5.59,0.17746978875347005,0.17342971744423333,0.045365172411177435,0.08214653958860763,1
2023-24,2024-05-19,Crystal Palace,Aston Villa,H,0.4392624469558421,0.19467445721419285,4.99,A,0,0.24458798974164925,0.24458798974164925,0.2004008016032064,0.2388616453526357,1.191919610309652,True,-1.0,3.74,4.99,0.2564397741228984,0.19467445721419285,0.6428415516148496,1.191919610309652,2
2023-24,2024-05-19,Liverpool,Wolves,H,0.847912025493961,0.850948500203776,1.13,H,1,-0.0030364747098149403,0.0030364747098149403,0.8849557522123894,-0.03704372671842837,-0.041859411191824125,False,0.1299999999999999,1.16,1.13,0.8259817063554645,0.850948500203776,-0.016422050427005286,-0.041859411191824125,0
2023-24,2024-05-19,Luton,Fulham,A,0.4025976383520226,0.31254493363235436,3.11,H,0,0.09005270471966825,0.09005270471966825,0.3215434083601286,0.08105422999189399,0.25207865527479023,True,-1.0,2.93,3.11,0.3285249160072089,0.31254493363235436,0.17961108037142637,0.25207865527479023,0
2023-24,2024-05-19,Man City,West Ham,H,0.9101596482484126,0.901128441916046,1.07,H,1,0.009031206332366537,0.009031206332366537,0.9345794392523364,-0.024419791003923885,-0.026129176374198537,False,0.07000000000000006,1.09,1.07,0.8798168305149067,0.901128441916046,-0.00792598340923023,-0.026129176374198537,0
2023-24,2024-05-19,Sheffield United,Tottenham,A,0.1974467418664834,0.12156265152039898,7.99,H,0,0.07588409034608441,0.07588409034608441,0.1251564455569462,0.0722902963095372,0.5775994675132023,True,-1.0,7.16,7.99,0.133386029048513,0.12156265152039898,0.4137186717640211,0.5775994675132023,0
2024-25,2024-08-16,Man United,Fulham,H,0.2268603293540247,0.18354595157511064,5.28,A,0,0.04331437777891406,0.04331437777891406,0.1893939393939394,0.037466389960085306,0.1978225389892505,True,-1.0,5.3,5.28,0.18309721894523034,0.18354595157511064,0.20235974557633085,0.1978225389892505,2
2024-25,2024-08-17,Arsenal,Wolves,H,0.1189460934200761,0.10692928957496425,9.05,D,0,0.012016803845111848,0.012016803845111848,0.11049723756906077,0.008448855851015333,0.07646214545168872,True,-1.0,8.56,9.05,0.11227056829844619,0.10692928957496425,0.01817855967585147,0.07646214545168872,1
2024-25,2024-08-17,Everton,Brighton,A,0.4192507726981085,0.30899926374808856,3.15,H,0,0.11025150895001995,0.11025150895001995,0.31746031746031744,0.10179045523779107,0.3206399339990418,True,-1.0,2.73,3.15,0.35462501022327636,0.30899926374808856,0.14455460946583631,0.3206399339990418,0
2024-25,2024-08-17,Ipswich,Liverpool,A,0.2106605398903122,0.11888847449330427,8.14,H,0,0.09177206539700793,0.09177206539700793,0.12285012285012284,0.08781041704018935,0.7147767947071413,True,-1.0,8.18,8.14,0.11757564830674,0.11888847449330427,0.7232032163027537,0.7147767947071413,0
2024-25,2024-08-17,Newcastle,Southampton,H,0.1950760711949931,0.18306897849882442,5.3,D,0,0.012007092696168675,0.012007092696168675,0.18867924528301888,0.006396825911974213,0.033903177333463264,True,-1.0,5.7,5.3,0.1691151349504612,0.18306897849882442,0.11193360581146061,0.033903177333463264,1
2024-25,2024-08-17,Nott'm Forest,Bournemouth,D,0.4502747651603423,0.2884070659731163,3.37,A,0,0.161867699187226,0.161867699187226,0.29673590504451036,0.15353886011583195,0.5174259585903536,True,-1.0,2.97,3.37,0.3256427158866183,0.2884070659731163,0.33731605252621666,0.5174259585903536,2
2024-25,2024-08-17,West Ham,Aston Villa,A,0.5319889687401794,0.34004363347877836,2.86,A,1,0.19194533526140106,0.19194533526140106,0.3496503496503497,0.18233861908982973,0.5214884505969131,True,1.8599999999999999,2.8,2.86,0.3458267536766805,0.34004363347877836,0.48956911247250234,0.5214884505969131,2
2024-25,2024-08-18,Brentford,Crystal Palace,H,0.3647913573928759,0.366039371053609,2.66,A,0,-0.0012480136607331271,0.0012480136607331271,0.37593984962406013,-0.011148492231184248,-0.029654989334950144,False,-1.0,2.95,2.66,0.3281219841729396,0.366039371053609,0.07613450430898383,-0.029654989334950144,2
2024-25,2024-08-18,Chelsea,Man City,A,0.2651692682455295,0.25338245694830513,3.86,H,0,0.011786811297224364,0.011786811297224364,0.2590673575129534,0.006101910732576099,0.02355337542774394,True,-1.0,4.19,3.86,0.2302380004775929,0.25338245694830513,0.1110592339487686,0.02355337542774394,0
2024-25,2024-08-19,Leicester,Tottenham,D,0.2849701708188339,0.20898450179086028,4.64,H,0,0.07598566902797363,0.07598566902797363,0.21551724137931036,0.06945292943952355,0.32226159259938925,True,-1.0,5.09,4.64,0.18931675375355514,0.20898450179086028,0.4504981694678645,0.32226159259938925,0
2024-25,2024-08-24,Aston Villa,Arsenal,A,0.2529693432549659,0.20048712873546176,4.85,H,0,0.05248221451950413,0.05248221451950413,0.2061855670103093,0.0467837762446566,0.2269013147865846,True,-1.0,4.55,4.85,0.2121413794038022,0.20048712873546176,0.15101051181009484,0.2269013147865846,0
2024-25,2024-08-24,Brighton,Man United,H,0.3781821548397461,0.3398520953163517,2.86,A,0,0.03833005952339441,0.03833005952339441,0.3496503496503497,0.02853180518939641,0.08160096284167384,True,-1.0,2.76,2.86,0.35042226443595087,0.3398520953163517,0.04378274735769905,0.08160096284167384,2
2024-25,2024-08-24,Crystal Palace,West Ham,A,0.3177894330205633,0.2532133676092545,3.84,A,1,0.06457606541130878,0.06457606541130878,0.2604166666666667,0.0573727663538966,0.22031142279896287,True,2.84,3.33,3.84,0.2907438624340551,0.2532133676092545,0.0582388119584758,0.22031142279896287,2
2024-25,2024-08-24,Fulham,Leicester,H,0.3174513575925111,0.2280986682461738,4.26,A,0,0.08935268934633728,0.08935268934633728,0.2347417840375587,0.0827095735549524,0.3523427833440971,True,-1.0,4.56,4.26,0.21182995382453323,0.2280986682461738,0.44757819062185034,0.3523427833440971,2
2024-25,2024-08-24,Man City,Ipswich,H,0.0961531616604872,0.08806818181818182,11.0,D,0,0.00808497984230537,0.00808497984230537,0.09090909090909091,0.005244070751396282,0.057684778265359116,True,-1.0,13.21,11.0,0.07275219716257313,0.08806818181818182,0.2701832655350358,0.057684778265359116,1
2024-25,2024-08-24,Southampton,Nott'm Forest,A,0.4527062986714846,0.3112070299088059,3.11,A,1,0.1414992687626787,0.1414992687626787,0.3215434083601286,0.13116289031135597,0.40791658886831694,True,2.11,2.92,3.11,0.33138292062600444,0.3112070299088059,0.3219023921207349,0.40791658886831694,2
2024-25,2024-08-24,Tottenham,Everton,H,0.1874679609440279,0.12117035606351827,8.0,A,0,0.06629760488050963,0.06629760488050963,0.125,0.0624679609440279,0.4997436875522232,True,-1.0,7.03,8.0,0.13714020481209374,0.12117035606351827,0.3178997654365161,0.4997436875522232,2
2024-25,2024-08-25,Bournemouth,Newcastle,D,0.4424720595465282,0.3634709058641392,2.68,A,0,0.07900115368238897,0.07900115368238897,0.3731343283582089,0.06933773118831926,0.1858251195846956,True,-1.0,2.28,2.68,0.4239441920782265,0.3634709058641392,0.008836295766084135,0.1858251195846956,2
2024-25,2024-08-25,Liverpool,Brentford,H,0.1625796109414519,0.125431814443165,7.75,D,0,0.037147796498286895,0.037147796498286895,0.12903225806451613,0.033547352876935777,0.2599919847962522,True,-1.0,7.05,7.75,0.13628937023796045,0.125431814443165,0.14618625713723588,0.2599919847962522,1
2024-25,2024-08-25,Wolves,Chelsea,A,0.3116063806351075,0.24886192192015288,3.91,H,0,0.0627444587149546,0.0627444587149546,0.2557544757033248,0.05585190493178266,0.21838094828327037,True,-1.0,4.46,3.91,0.21681073565858675,0.24886192192015288,0.3897644576325794,0.21838094828327037,0
2024-25,2024-08-31,Arsenal,Brighton,D,0.1478602170381786,0.11505353768633216,8.43,A,0,0.03280667935184643,0.03280667935184643,0.11862396204033215,0.029236254997846434,0.24646162963184537,True,-1.0,8.1,8.43,0.1186989563401281,0.11505353768633216,0.19766775800924652,0.24646162963184537,2
2024-25,2024-08-31,Brentford,Southampton,H,0.5412666424364496,0.5337475514201763,1.82,H,1,0.007519091016273349,0.007519091016273349,0.5494505494505494,-0.008183907014099767,-0.014894710765661623,False,0.8200000000000001,1.79,1.82,0.538830802410325,0.5337475514201763,-0.031132710038755174,-0.014894710765661623,0
2024-25,2024-08-31,Everton,Bournemouth,A,0.3741239966460503,0.310178271157239,3.14,H,0,0.06394572548881128,0.06394572548881128,0.3184713375796178,0.055652659066432464,0.17474934946859788,True,-1.0,2.82,3.14,0.34356523223513713,0.310178271157239,0.05502967054186181,0.17474934946859788,0
2024-25,2024-08-31,Ipswich,Fulham,D,0.3414081103928773,0.316614181902443,3.07,H,0,0.02479392849043427,0.02479392849043427,0.32573289902280134,0.015675211370075937,0.04812289890613308,True,-1.0,3.14,3.07,0.3083596273899979,0.316614181902443,0.07202146663363473,0.04812289890613308,0
2024-25,2024-08-31,Leicester,Aston Villa,A,0.2654184621694878,0.24244085316314445,4.01,H,0,0.022977609006343325,0.022977609006343325,0.24937655860349128,0.016041903565996496,0.06432803329964587,True,-1.0,4.8,4.01,0.2007785519278634,0.24244085316314445,0.2740086184135413,0.06432803329964587,0
2024-25,2024-08-31,Nott'm Forest,Wolves,D,0.2778969539553821,0.26290825315083344,3.7,D,1,0.014988700804548671,0.014988700804548671,0.27027027027027023,0.007626683685111879,0.028218729634913897,True,2.7,3.7,3.7,0.2611656304887228,0.26290825315083344,0.028218729634913897,0.028218729634913897,1
2024-25,2024-08-31,West Ham,Man City,A,0.7353073638351768,0.6888531043120416,1.41,A,1,0.0464542595231352,0.0464542595231352,0.7092198581560284,0.026087505679148415,0.0367833830075992,True,0.4099999999999999,1.37,1.41,0.7036994371585675,0.6888531043120416,0.0073710884541922095,0.0367833830075992,2
2024-25,2024-09-01,Chelsea,Crystal Palace,D,0.2354448574101133,0.22917837230410165,4.24,D,1,0.00626648510601166,0.00626648510601166,0.23584905660377356,-0.0004041991936602485,-0.0017138045811194713,False,3.24,4.4,4.24,0.21886858543989723,0.22917837230410165,0.035957372604498605,-0.0017138045811194713,1
2024-25,2024-09-01,Man United,Liverpool,A,0.2571046873358264,0.2770839443000597,3.51,H,0,-0.019979256964233305,0.019979256964233305,0.2849002849002849,-0.027795597564458485,-0.09756254745124937,False,-1.0,3.93,3.51,0.24562941716168105,0.2770839443000597,0.010421421229797945,-0.09756254745124937,0
2024-25,2024-09-01,Newcastle,Tottenham,H,0.4219573112367904,0.38439163561661144,2.53,H,1,0.037565675620178984,0.037565675620178984,0.3952569169960475,0.026700394240742942,0.06755199742907969,True,1.5299999999999998,2.5,2.53,0.38677064849469905,0.38439163561661144,0.05489327809197597,0.06755199742907969,0
2024-25,2024-09-14,Aston Villa,Everton,H,0.6483282872996454,0.578428036747193,1.68,H,1,0.06990025055245241,0.06990025055245241,0.5952380952380952,0.05309019206155019,0.08919152266340435,True,0.6799999999999999,1.51,1.68,0.6359904985189777,0.578428036747193,-0.02102428617753538,0.08919152266340435,0
2024-25,2024-09-14,Bournemouth,Chelsea,A,0.3205598519994113,0.3069427748582718,3.17,H,0,0.013617077141139466,0.013617077141139466,0.31545741324921134,0.005102438750199945,0.0161747308381337,True,-1.0,3.32,3.17,0.29002971863053145,0.3069427748582718,0.0642587086380455,0.0161747308381337,0
2024-25,2024-09-14,Brighton,Ipswich,D,0.182123308565465,0.15589435970656948,6.22,A,0,0.026228948858895512,0.026228948858895512,0.1607717041800643,0.02135160438540068,0.1328069792771922,True,-1.0,8.05,6.22,0.11901171557823916,0.15589435970656948,0.4660926339519933,0.1328069792771922,2
2024-25,2024-09-14,Crystal Palace,Leicester,D,0.2564610526074902,0.1784999242224828,5.43,A,0,0.0779611283850074,0.0779611283850074,0.1841620626151013,0.0722989899923889,0.39258351565867167,True,-1.0,5.48,5.43,0.17514384590817944,0.1784999242224828,0.4054065682890464,0.39258351565867167,2
2024-25,2024-09-14,Fulham,West Ham,D,0.3381039843002853,0.3028909305100247,3.21,A,0,0.03521305379026063,0.03521305379026063,0.3115264797507788,0.026577504549506525,0.08531378960391578,True,-1.0,2.97,3.21,0.32479556511438,0.3028909305100247,0.00416883337184748,0.08531378960391578,2
2024-25,2024-09-14,Liverpool,Nott'm Forest,A,0.7961099009900857,0.7900155901832469,1.22,H,0,0.006094310806838865,0.006094310806838865,0.819672131147541,-0.02356223015745529,-0.02874592079209548,False,-1.0,1.21,1.22,0.7920422821100028,0.7900155901832469,-0.03670701980199631,-0.02874592079209548,0
2024-25,2024-09-14,Man City,Brentford,H,0.8768070717531752,0.7968249122271408,1.21,H,1,0.07998215952603438,0.07998215952603438,0.8264462809917356,0.05036079076143962,0.060936556821342025,True,0.20999999999999996,1.17,1.21,0.8204674496771629,0.7968249122271408,0.025864273951214933,0.060936556821342025,0
2024-25,2024-09-14,Southampton,Man United,A,0.5830682211820174,0.5333103210217466,1.82,A,1,0.04975790016027082,0.04975790016027082,0.5494505494505494,0.03361767173146801,0.06118416255127168,True,0.8200000000000001,1.74,1.82,0.5531052462412057,0.5333103210217466,0.014538704856710272,0.06118416255127168,2
2024-25,2024-09-15,Tottenham,Arsenal,A,0.4585608549588711,0.36995380982813586,2.63,A,1,0.08860704513073525,0.08860704513073525,0.3802281368821293,0.0783327180767418,0.20601504854183106,True,1.63,2.32,2.63,0.41553078805603755,0.36995380982813586,0.06386118350458081,0.20601504854183106,2
2024-25,2024-09-15,Wolves,Newcastle,A,0.51182082604918,0.46949243210925456,2.07,A,1,0.042328393939925435,0.042328393939925435,0.48309178743961356,0.028729038609566437,0.05946910992180254,True,1.0699999999999998,2.1,2.07,0.4583217102426901,0.46949243210925456,0.07482373470327808,0.05946910992180254,2
2024-25,2024-09-21,Aston Villa,Wolves,H,0.6471013533789673,0.581287879801453,1.67,H,1,0.06581347357751433,0.06581347357751433,0.5988023952095809,0.04829895816938645,0.0806592601428755,True,0.6699999999999999,1.59,1.67,0.6068019673751114,0.581287879801453,0.028891151872558085,0.0806592601428755,0
2024-25,2024-09-21,Crystal Palace,Man United,D,0.4328138481356642,0.378529674974771,2.57,A,0,0.05428417316089318,0.05428417316089318,0.38910505836575876,0.04370878976990544,0.11233158970865698,True,-1.0,2.35,2.57,0.4115574348132488,0.378529674974771,0.01711254311881083,0.11233158970865698,2
2024-25,2024-09-21,Fulham,Newcastle,H,0.5403522695712608,0.4043535496356414,2.41,A,0,0.1359987199356194,0.1359987199356194,0.41493775933609955,0.12541451023516126,0.30224896966673853,True,-1.0,2.47,2.41,0.39178637214841816,0.4043535496356414,0.3346701058410144,0.30224896966673853,2
2024-25,2024-09-21,Leicester,Everton,D,0.4181305036109151,0.461745195486637,2.1,H,0,-0.04361469187572192,0.04361469187572192,0.47619047619047616,-0.05805997257956108,-0.12192594241707833,False,-1.0,2.54,2.1,0.38132001327887965,0.461745195486637,0.06205147917172438,-0.12192594241707833,0
2024-25,2024-09-21,Liverpool,Bournemouth,H,0.1092315645041234,0.08833375458432842,10.91,A,0,0.02089780991979498,0.02089780991979498,0.09165902841429881,0.017572536089824592,0.19171636873998632,True,-1.0,9.45,10.91,0.10133086379184156,0.08833375458432842,0.032238284563965935,0.19171636873998632,2
2024-25,2024-09-21,Southampton,Ipswich,D,0.4800522157762769,0.31808910846213123,3.06,A,0,0.16196310731414565,0.16196310731414565,0.32679738562091504,0.15325483015536184,0.4689597802754073,True,-1.0,3.24,3.06,0.29823797475957026,0.31808910846213123,0.5553691791151372,0.4689597802754073,2
2024-25,2024-09-21,Tottenham,Brentford,H,0.2674255567834778,0.15549613319764163,6.23,A,0,0.11192942358583616,0.11192942358583616,0.16051364365971107,0.10691191312376672,0.6660612187610668,True,-1.0,5.48,6.23,0.17592220257881222,0.15549613319764163,0.4654920511734584,0.6660612187610668,2
2024-25,2024-09-21,West Ham,Chelsea,A,0.2893353977999612,0.2704722352193826,3.59,H,0,0.01886316258057863,0.01886316258057863,0.2785515320334262,0.010783865766535006,0.03871407810186067,True,-1.0,3.59,3.59,0.2689975407157721,0.2704722352193826,0.03871407810186067,0.03871407810186067,0
2024-25,2024-09-22,Brighton,Nott'm Forest,D,0.2354184762199361,0.21817865767728878,4.45,A,0,0.017239818542647334,0.017239818542647334,0.2247191011235955,0.010699375096340613,0.04761221917871583,True,-1.0,4.51,4.45,0.21399502841994872,0.21817865767728878,0.061737327751911764,0.04761221917871583,2
2024-25,2024-09-22,Man City,Arsenal,D,0.6813393118700878,0.5367194009969447,1.81,H,0,0.14461991087314308,0.14461991087314308,0.5524861878453039,0.12885312402478388,0.233224154484859,True,-1.0,1.85,1.81,0.5227518687237309,0.5367194009969447,0.26047772695966254,0.233224154484859,0
2024-25,2024-09-28,Arsenal,Leicester,H,0.1192362421677184,0.14173866090712742,6.8,D,0,-0.022502418739409016,0.022502418739409016,0.14705882352941177,-0.02782258136169337,-0.18919355325951492,False,-1.0,8.27,6.8,0.11634108674675021,0.14173866090712742,-0.013916277272968847,-0.18919355325951492,1
2024-25,2024-09-28,Brentford,West Ham,D,0.3264180067013977,0.2971377922221812,3.27,A,0,0.029280214479216526,0.029280214479216526,0.3058103975535168,0.0206076091478809,0.06738688191357056,True,-1.0,3.22,3.27,0.3002102795939786,0.2971377922221812,0.05106598157850062,0.06738688191357056,2
2024-25,2024-09-28,Chelsea,Brighton,H,0.2331588218256591,0.23081414107271808,4.2,D,0,0.0023446807529410307,0.0023446807529410307,0.23809523809523808,-0.004936416269578969,-0.020732948332231715,False,-1.0,4.3,4.2,0.22459225810284902,0.23081414107271808,0.002582933850334035,-0.020732948332231715,1
2024-25,2024-09-28,Everton,Crystal Palace,H,0.3826258699032244,0.3605276861655962,2.7,A,0,0.022098183737628174,0.022098183737628174,0.37037037037037035,0.012255499532854042,0.03308984873870591,True,-1.0,2.69,2.7,0.3600200919713884,0.3605276861655962,0.029263590039673604,0.03308984873870591,2
2024-25,2024-09-28,Newcastle,Man City,D,0.1901517433296135,0.19771439318300615,4.9,H,0,-0.007562649853392667,0.007562649853392667,0.2040816326530612,-0.013929889323447714,-0.06825645768489386,False,-1.0,5.18,4.9,0.18592650988502452,0.19771439318300615,-0.015013969552602147,-0.06825645768489386,0
2024-25,2024-09-28,Nott'm Forest,Fulham,A,0.3459101916706271,0.32452332971632303,3.0,A,1,0.02138686195430406,0.02138686195430406,0.3333333333333333,0.012576858337293773,0.03773057501188126,True,2.0,3.03,3.0,0.3195380173243504,0.32452332971632303,0.0481078807619999,0.03773057501188126,2
2024-25,2024-09-28,Wolves,Liverpool,A,0.774616826370597,0.726716539370349,1.33,A,1,0.047900287000248065,0.047900287000248065,0.7518796992481203,0.022737127122476775,0.030240379072894008,True,0.33000000000000007,1.36,1.33,0.709384963064142,0.726716539370349,0.05347888386401212,0.030240379072894008,2
2024-25,2024-09-29,Ipswich,Aston Villa,D,0.307168757995214,0.2668615887804153,3.64,H,0,0.040307169214798655,0.040307169214798655,0.2747252747252747,0.03244348326993929,0.11809427910257897,True,-1.0,4.34,3.64,0.2223635673817882,0.2668615887804153,0.3331124096992286,0.11809427910257897,0
2024-25,2024-09-29,Man United,Tottenham,A,0.4138383616551412,0.45593290202333364,2.12,H,0,-0.042094540368192435,0.042094540368192435,0.4716981132075471,-0.057859751552405914,-0.12266267329110059,False,-1.0,2.42,2.12,0.3999179655455291,0.45593290202333364,0.0014888352054416298,-0.12266267329110059,0
2024-25,2024-09-30,Bournemouth,Southampton,H,0.2335807100016513,0.20668106222025198,4.69,D,0,0.026899647781399305,0.026899647781399305,0.21321961620469082,0.020361093796960467,0.09549352990774462,True,-1.0,4.37,4.69,0.22120270693350672,0.20668106222025198,0.020747702707216042,0.09549352990774462,1
2024-25,2024-10-05,Arsenal,Southampton,H,0.901784641892344,0.8306971008498688,1.16,H,1,0.07108754104247517,0.07108754104247517,0.8620689655172414,0.03971567637510254,0.046070184595119024,True,0.15999999999999992,1.13,1.16,0.8485219890611484,0.8306971008498688,0.01901664533834868,0.046070184595119024,0
2024-25,2024-10-05,Brentford,Wolves,H,0.5211377359598659,0.4607023974533041,2.11,H,1,0.0604353385065618,0.0604353385065618,0.47393364928909953,0.047204086670766365,0.09960062287531701,True,1.1099999999999999,2.14,2.11,0.45182357807352364,0.4607023974533041,0.11523475495411306,0.09960062287531701,0
2024-25,2024-10-05,Crystal Palace,Liverpool,A,0.7029827077410464,0.5743862020845144,1.69,A,1,0.12859650565653202,0.12859650565653202,0.591715976331361,0.11126673140968546,0.18804077608236835,True,0.69,1.5,1.69,0.6436741723216122,0.5743862020845144,0.054474061611569535,0.18804077608236835,2
2024-25,2024-10-05,Everton,Newcastle,D,0.4566867151025815,0.48318806634262285,2.0,A,0,-0.026501351240041326,0.026501351240041326,0.5,-0.04331328489741848,-0.08662656979483696,False,-1.0,2.27,2.0,0.42623048749071274,0.48318806634262285,0.036678843282859974,-0.08662656979483696,2
2024-25,2024-10-05,Leicester,Bournemouth,H,0.3740297581534516,0.2629633172971791,3.7,H,1,0.11106644085627249,0.11106644085627249,0.27027027027027023,0.10375948788318134,0.3839101051677709,True,2.7,3.35,3.7,0.2884634399112319,0.2629633172971791,0.25299968981406273,0.3839101051677709,0
2024-25,2024-10-05,Man City,Fulham,H,0.8652989616515281,0.7668303097633484,1.26,H,1,0.09846865188817966,0.09846865188817966,0.7936507936507936,0.07164816800073448,0.09027669168092545,True,0.26,1.23,1.26,0.7767517653449213,0.7668303097633484,0.0643177228313796,0.09027669168092545,0
2024-25,2024-10-05,West Ham,Ipswich,H,0.2654765008461685,0.24015009380863042,4.05,A,0,0.02532640703753805,0.02532640703753805,0.2469135802469136,0.01856292059925488,0.07517982842698223,True,-1.0,4.29,4.05,0.22536075002555214,0.24015009380863042,0.13889418863006275,0.07517982842698223,2
2024-25,2024-10-06,Aston Villa,Man United,D,0.545356182144197,0.43607391255446754,2.23,H,0,0.10928226958972947,0.10928226958972947,0.4484304932735426,0.09692568887065439,0.21614428618155923,True,-1.0,2.22,2.23,0.4362830405516336,0.43607391255446754,0.2106907243601175,0.21614428618155923,0
2024-25,2024-10-06,Brighton,Tottenham,H,0.4403022834929864,0.4229060451565914,2.3,A,0,0.017396238336394976,0.017396238336394976,0.4347826086956522,0.005519674797334173,0.012695252033868565,True,-1.0,2.25,2.3,0.42980774497453034,0.4229060451565914,-0.009319862140780621,0.012695252033868565,2
2024-25,2024-10-06,Chelsea,Nott'm Forest,D,0.6992995762635834,0.6397330974606473,1.52,H,0,0.059566478802936085,0.059566478802936085,0.6578947368421053,0.0414048394214781,0.0629353559206467,True,-1.0,1.5,1.52,0.6435893562379955,0.6397330974606473,0.04894936439537512,0.0629353559206467,0
2024-25,2024-10-19,Bournemouth,Arsenal,H,0.6820116525200777,0.5510191183441302,1.76,A,0,0.13099253417594747,0.13099253417594747,0.5681818181818182,0.11382983433825944,0.20034050843533668,True,-1.0,1.68,1.76,0.5740168948441596,0.5510191183441302,0.1457795762337304,0.20034050843533668,2
2024-25,2024-10-19,Fulham,Aston Villa,A,0.3497597196584654,0.32648961266265886,2.98,A,1,0.02327010699580656,0.02327010699580656,0.33557046979865773,0.014189249859807684,0.04228396458222683,True,1.98,2.94,2.98,0.3294760527161684,0.32648961266265886,0.028293575795888204,0.04228396458222683,2
2024-25,2024-10-19,Ipswich,Everton,A,0.428163718710174,0.39860394813796457,2.44,H,0,0.02955977057220943,0.02955977057220943,0.4098360655737705,0.0183276531364035,0.04471947365282447,True,-1.0,2.4,2.44,0.4029873594054366,0.39860394813796457,0.02759292490441756,0.04471947365282447,0
2024-25,2024-10-19,Man United,Brentford,H,0.2485763282731665,0.19755997456965577,4.92,A,0,0.051016353703510736,0.051016353703510736,0.2032520325203252,0.045324295752841304,0.22299553510397918,True,-1.0,4.43,4.92,0.21789761444379058,0.19755997456965577,0.10119313425012755,0.22299553510397918,2
2024-25,2024-10-19,Newcastle,Brighton,A,0.5697709855599775,0.5544300924457531,1.75,H,0,0.015340893114224374,0.015340893114224374,0.5714285714285714,-0.0016575858685938805,-0.002900775270039402,False,-1.0,2.01,1.75,0.48070829191933534,0.5544300924457531,0.14523968097555473,-0.002900775270039402,0
2024-25,2024-10-19,Southampton,Leicester,A,0.4615096021594852,0.28543425869376793,3.41,A,1,0.1760753434657173,0.1760753434657173,0.29325513196480935,0.16825447019467588,0.5737477433638447,True,2.41,3.09,3.41,0.3129041422808114,0.28543425869376793,0.4260646706728093,0.5737477433638447,2
2024-25,2024-10-19,Tottenham,West Ham,H,0.2112699802726599,0.15486747342119447,6.25,A,0,0.05640250685146542,0.05640250685146542,0.16,0.05126998027265989,0.3204373767041244,True,-1.0,5.88,6.25,0.1641051845446327,0.15486747342119447,0.24226748400324016,0.3204373767041244,2
2024-25,2024-10-20,Liverpool,Chelsea,H,0.6774432920704789,0.5653131529903428,1.72,H,1,0.11213013908013614,0.11213013908013614,0.5813953488372093,0.0960479432332696,0.16520246236122382,True,0.72,1.62,1.72,0.5947729880089893,0.5653131529903428,0.09745813315417595,0.16520246236122382,0
2024-25,2024-10-20,Wolves,Man City,A,0.8117319144964353,0.702474443489061,1.38,A,1,0.10925747100737437,0.10925747100737437,0.7246376811594204,0.08709423333701494,0.12019004200508077,True,0.3799999999999999,1.32,1.38,0.7302058406391518,0.702474443489061,0.07148612713529467,0.12019004200508077,2
2024-25,2024-10-21,Nott'm Forest,Crystal Palace,H,0.3242645032310841,0.2959172908534656,3.29,A,0,0.028347212377618503,0.028347212377618503,0.303951367781155,0.020313135449929076,0.0668302156302667,True,-1.0,3.19,3.29,0.30337850544406453,0.2959172908534656,0.034403765307158274,0.0668302156302667,2
2024-25,2024-10-25,Leicester,Nott'm Forest,A,0.3849471349085175,0.3173687685454311,3.07,H,0,0.0675783663630864,0.0675783663630864,0.32573289902280134,0.05921423588571617,0.1817877041691487,True,-1.0,3.14,3.07,0.30964598302757357,0.3173687685454311,0.20873400361274497,0.1817877041691487,0
2024-25,2024-10-26,Aston Villa,Bournemouth,D,0.6052527349730135,0.5419599659617461,1.79,H,0,0.06329276901126735,0.06329276901126735,0.5586592178770949,0.046593517095918524,0.08340239560169405,True,-1.0,1.86,1.79,0.519065681772809,0.5419599659617461,0.12577008704980508,0.08340239560169405,0
2024-25,2024-10-26,Brentford,Ipswich,H,0.257622137542493,0.1873753297728589,5.19,A,0,0.07024680776963413,0.07024680776963413,0.19267822736030826,0.06494391018218476,0.337058893845539,True,-1.0,4.94,5.19,0.1949480545936036,0.1873753297728589,0.27265335945991565,0.337058893845539,2
2024-25,2024-10-26,Brighton,Wolves,D,0.5975131656136475,0.6130602954628943,1.58,H,0,-0.015547129849246777,0.015547129849246777,0.6329113924050632,-0.03539822679141569,-0.05592919833043686,False,-1.0,1.66,1.58,0.5809684081695097,0.6130602954628943,-0.008128145081345184,-0.05592919833043686,0
2024-25,2024-10-26,Everton,Fulham,D,0.3714283247214125,0.35724216897031164,2.71,H,0,0.014186155751100882,0.014186155751100882,0.36900369003690037,0.0024246346845121503,0.006570759995027986,True,-1.0,2.8,2.71,0.3456570259824088,0.35724216897031164,0.03999930921995509,0.006570759995027986,0
2024-25,2024-10-26,Man City,Southampton,H,0.9355394513368132,0.8655293527345709,1.12,H,1,0.07001009860224228,0.07001009860224228,0.8928571428571428,0.04268230847967036,0.04780418549723087,True,0.1200000000000001,1.1,1.12,0.8729811026965814,0.8655293527345709,0.02909339647049447,0.04780418549723087,0
2024-25,2024-10-27,Arsenal,Liverpool,D,0.5046058306703664,0.4285075250372462,2.27,H,0,0.07609830563312014,0.07609830563312014,0.44052863436123346,0.06407719630913289,0.14545523562173157,True,-1.0,2.54,2.27,0.38125435001159996,0.4285075250372462,0.28169880990273044,0.14545523562173157,0
2024-25,2024-10-27,Chelsea,Newcastle,H,0.2486212880440238,0.22615945805106824,4.29,A,0,0.022461829992955568,0.022461829992955568,0.2331002331002331,0.015521054943790719,0.06658532570886222,True,-1.0,4.28,4.29,0.22575288029536927,0.22615945805106824,0.06409911282842207,0.06658532570886222,2
2024-25,2024-10-27,Crystal Palace,Tottenham,H,0.552079345359145,0.4982419793420123,1.95,A,0,0.05383736601713274,0.05383736601713274,0.5128205128205129,0.03925883253863216,0.07655472345033276,True,-1.0,1.86,1.95,0.5190501951389157,0.4982419793420123,0.02686758236800979,0.07655472345033276,2
2024-25,2024-10-27,West Ham,Man United,H,0.3816431525256563,0.2866944112871138,3.39,H,1,0.09494874123854247,0.09494874123854247,0.2949852507374631,0.08665790178819316,0.29377028706197494,True,2.39,2.94,3.39,0.32902663969039847,0.2866944112871138,0.12203086842542943,0.29377028706197494,0
2024-25,2024-11-02,Bournemouth,Man City,H,0.7122524417214984,0.6217898832684825,1.56,A,0,0.09046255845301587,0.09046255845301587,0.641025641025641,0.0712268006958574,0.11111380908553747,True,-1.0,1.6,1.56,0.602554714831991,0.6217898832684825,0.1396039067543975,0.11111380908553747,2
2024-25,2024-11-02,Ipswich,Leicester,D,0.3271145947906893,0.3142476697736351,3.09,A,0,0.012866925017054165,0.012866925017054165,0.3236245954692557,0.003489999321433568,0.010784097903229872,True,-1.0,3.13,3.09,0.3091127071451781,0.3142476697736351,0.023868681694857452,0.010784097903229872,2
2024-25,2024-11-02,Liverpool,Brighton,H,0.7661614565671804,0.7110411482038408,1.36,H,1,0.05512030836333959,0.05512030836333959,0.7352941176470588,0.030867338920121612,0.041979580931365446,True,0.3600000000000001,1.39,1.36,0.6913708096305438,0.7110411482038408,0.0649644246283807,0.041979580931365446,0
2024-25,2024-11-02,Newcastle,Arsenal,H,0.5746046102630529,0.4956586082881417,1.96,A,0,0.0789460019749112,0.0789460019749112,0.5102040816326531,0.0644005286303998,0.12622503611558367,True,-1.0,1.99,1.96,0.48633909712403844,0.4956586082881417,0.14346317442347511,0.12622503611558367,2
2024-25,2024-11-02,Nott'm Forest,West Ham,H,0.299986663889407,0.245793987698172,3.95,A,0,0.05419267619123497,0.05419267619123497,0.2531645569620253,0.0468221069273817,0.1849473223631577,True,-1.0,3.53,3.95,0.2741559889996113,0.245793987698172,0.05895292352960668,0.1849473223631577,2
2024-25,2024-11-02,Southampton,Everton,H,0.4804937296847121,0.34778577829970025,2.8,A,0,0.13270795138501185,0.13270795138501185,0.35714285714285715,0.12335087254185495,0.3453824431171939,True,-1.0,2.69,2.8,0.3602297117002146,0.34778577829970025,0.2925281328518756,0.3453824431171939,2
2024-25,2024-11-02,Wolves,Crystal Palace,D,0.4183127708578525,0.310567432643573,3.13,A,0,0.1077453382142795,0.1077453382142795,0.3194888178913738,0.09882395296647872,0.30931897278507825,True,-1.0,2.92,3.13,0.3311971628337442,0.310567432643573,0.2214732909049293,0.30931897278507825,2
2024-25,2024-11-03,Man United,Chelsea,D,0.3817361528251878,0.3577307455073166,2.72,H,0,0.024005407317871208,0.024005407317871208,0.3676470588235294,0.01408909400165842,0.03832233568451082,True,-1.0,2.61,2.72,0.37082809900519476,0.3577307455073166,-0.003668641126259864,0.03832233568451082,0
2024-25,2024-11-03,Tottenham,Aston Villa,H,0.2890313235520279,0.27080940334755943,3.59,A,0,0.018221920204468445,0.018221920204468445,0.2785515320334262,0.010479791518601678,0.03762245155178001,True,-1.0,3.55,3.59,0.2721631777433053,0.27080940334755943,0.0260611986096988,0.03762245155178001,2
2024-25,2024-11-04,Fulham,Brentford,H,0.3217606966374627,0.2605146357693126,3.73,A,0,0.0612460608681501,0.0612460608681501,0.2680965147453083,0.05366418189215438,0.2001673984577359,True,-1.0,3.61,3.73,0.2675630913994564,0.2605146357693126,0.16155611486124033,0.2001673984577359,2
2024-25,2024-11-09,Brentford,Bournemouth,H,0.3764840580481539,0.35535557673975215,2.74,A,0,0.021128481308401725,0.021128481308401725,0.36496350364963503,0.011520554398518845,0.03156631905194174,True,-1.0,2.73,2.74,0.3544957881422074,0.35535557673975215,0.027801478471460195,0.03156631905194174,2
2024-25,2024-11-09,Brighton,Man City,H,0.6083870072768427,0.5298559750875828,1.83,A,0,0.07853103218925994,0.07853103218925994,0.5464480874316939,0.061938919845148765,0.11334822331662209,True,-1.0,1.74,1.83,0.5543864831334554,0.5298559750875828,0.05859339266170638,0.11334822331662209,2
2024-25,2024-11-09,Crystal Palace,Fulham,A,0.4133054257757428,0.2889018586693005,3.37,H,0,0.12440356710644229,0.12440356710644229,0.29673590504451036,0.11656952073123245,0.39283928486425324,True,-1.0,2.79,3.37,0.34672579819814237,0.2889018586693005,0.1531221379143224,0.39283928486425324,0
2024-25,2024-11-09,Liverpool,Aston Villa,H,0.183171587599477,0.19867549668874168,4.9,D,0,-0.01550390908926469,0.01550390908926469,0.2040816326530612,-0.02091004505358421,-0.10245922076256264,False,-1.0,5.45,4.9,0.17694539503050136,0.19867549668874168,-0.0017148475828503429,-0.10245922076256264,1
2024-25,2024-11-09,West Ham,Everton,D,0.4745799607996468,0.4481876778687135,2.17,H,0,0.02639228293093332,0.02639228293093332,0.4608294930875576,0.01375046771208921,0.029838514935233595,True,-1.0,2.2,2.17,0.4400367816091954,0.4481876778687135,0.04407591375922304,0.029838514935233595,0
2024-25,2024-11-09,Wolves,Southampton,H,0.5624896091276212,0.4984338487545369,1.95,H,1,0.06405576037308436,0.06405576037308436,0.5128205128205129,0.04966909630710836,0.09685473779886133,True,0.95,1.99,1.95,0.48636547243312817,0.4984338487545369,0.11935432216396635,0.09685473779886133,0
2024-25,2024-11-10,Chelsea,Arsenal,D,0.4258191198976126,0.3240442192538001,3.0,H,0,0.1017749006438125,0.1017749006438125,0.3333333333333333,0.0924857865642793,0.2774573596928378,True,-1.0,2.75,3.0,0.3520119202085267,0.3240442192538001,0.1710025797184347,0.2774573596928378,0
2024-25,2024-11-10,Man United,Leicester,H,0.1962420278151508,0.10865097788744235,8.93,A,0,0.08759104992770844,0.08759104992770844,0.11198208286674133,0.08425994494840947,0.7524413083892965,True,-1.0,7.62,8.93,0.12643854377465708,0.10865097788744235,0.4953642519514492,0.7524413083892965,2
2024-25,2024-11-10,Nott'm Forest,Newcastle,A,0.4030121462677958,0.346668108542341,2.81,H,0,0.05634403772545482,0.05634403772545482,0.35587188612099646,0.04714026014679934,0.13246413101250631,True,-1.0,2.71,2.81,0.3573306662395149,0.346668108542341,0.09216291638572671,0.13246413101250631,0
2024-25,2024-11-10,Tottenham,Ipswich,A,0.2084573250908035,0.14360125729681186,6.72,D,0,0.06485606779399164,0.06485606779399164,0.1488095238095238,0.059647801281279694,0.40083322461019955,True,-1.0,6.95,6.72,0.13766227969850983,0.14360125729681186,0.4487784093810845,0.40083322461019955,1
2024-25,2024-11-23,Arsenal,Nott'm Forest,H,0.7778605059664778,0.6882823045027723,1.41,H,1,0.08957820146370554,0.08957820146370554,0.7092198581560284,0.06864064781044943,0.09678331341273361,True,0.4099999999999999,1.38,1.41,0.6981146473727639,0.6882823045027723,0.07344749823373942,0.09678331341273361,0
2024-25,2024-11-23,Aston Villa,Crystal Palace,D,0.6159039992070222,0.5540072395531865,1.75,H,0,0.061896759653835676,0.061896759653835676,0.5714285714285714,0.044475427778450816,0.07783199861228884,True,-1.0,1.63,1.75,0.590643046566159,0.5540072395531865,0.0039235187074462274,0.07783199861228884,0
2024-25,2024-11-23,Bournemouth,Brighton,A,0.3463435346617157,0.33822330888345553,2.88,A,1,0.00812022577826016,0.00812022577826016,0.3472222222222222,-0.0008786875605065192,-0.0025306201742588685,False,1.88,2.91,2.88,0.3326296285046019,0.33822330888345553,0.007859685865592603,-0.0025306201742588685,2
2024-25,2024-11-23,Everton,Brentford,D,0.4246690215531216,0.40910937570532213,2.38,H,0,0.015559645847799453,0.015559645847799453,0.42016806722689076,0.004500954326230822,0.010712271296429376,True,-1.0,2.5,2.38,0.3873873178562608,0.40910937570532213,0.061672553882804015,0.010712271296429376,0
2024-25,2024-11-23,Fulham,Wolves,A,0.2221941644671361,0.16397697989631052,5.91,A,1,0.058217184570825586,0.058217184570825586,0.1692047377326565,0.052989426734479594,0.3131675120007744,True,4.91,5.43,5.91,0.1775522944769762,0.16397697989631052,0.206514313056549,0.3131675120007744,2
2024-25,2024-11-23,Leicester,Chelsea,A,0.2301190662017483,0.13862463912158643,7.0,H,0,0.09149442708016187,0.09149442708016187,0.14285714285714285,0.08726192334460545,0.6108334634122381,True,-1.0,7.05,7.0,0.13691760772834646,0.13862463912158643,0.6223394167223255,0.6108334634122381,0
2024-25,2024-11-23,Man City,Tottenham,A,0.7026311304428923,0.6723446893787575,1.44,H,0,0.030286441064134806,0.030286441064134806,0.6944444444444444,0.008186685998447851,0.011788827837764915,True,-1.0,1.48,1.44,0.6499312329945369,0.6723446893787575,0.03989407305548065,0.011788827837764915,0
2024-25,2024-11-24,Ipswich,Man United,D,0.3277845194151907,0.18855625822883165,5.15,H,0,0.13922826118635906,0.13922826118635906,0.1941747572815534,0.13360976213363732,0.6880902749882323,True,-1.0,5.24,5.15,0.1842277763680961,0.18855625822883165,0.7175908817355994,0.6880902749882323,0
2024-25,2024-11-24,Southampton,Liverpool,A,0.7945570697203025,0.7401003800011196,1.31,A,1,0.05445668971918294,0.05445668971918294,0.7633587786259541,0.03119829109434835,0.04086976133359621,True,0.31000000000000005,1.28,1.31,0.746680431963591,0.7401003800011196,0.01703304924198723,0.04086976133359621,2
2024-25,2024-11-25,Newcastle,West Ham,A,0.2249091532206311,0.1462751090075653,6.64,A,1,0.0786340442130658,0.0786340442130658,0.15060240963855423,0.07430674358207687,0.4933967773849903,True,5.64,6.49,6.64,0.14828660974072505,0.1462751090075653,0.45966040440189593,0.4933967773849903,2
2024-25,2024-11-29,Brighton,Southampton,D,0.7149317753695601,0.6976893909873033,1.38,H,0,0.01724238438225678,0.01724238438225678,0.7246376811594204,-0.009705905789860303,-0.013394149990007098,False,-1.0,1.39,1.38,0.6933610036020034,0.6976893909873033,-0.006244832236311559,-0.013394149990007098,0
2024-25,2024-11-30,Brentford,Leicester,H,0.2923509349876417,0.18068288714311143,5.38,A,0,0.11166804784453027,0.11166804784453027,0.1858736059479554,0.10647732903968629,0.5728480302335124,True,-1.0,4.98,5.38,0.19348732156349777,0.18068288714311143,0.45590765623845586,0.5728480302335124,2
2024-25,2024-11-30,Crystal Palace,Newcastle,D,0.4393492045234187,0.4290117887092081,2.27,A,0,0.010337415814210604,0.010337415814210604,0.44052863436123346,-0.0011794298378147716,-0.002677305731839552,False,-1.0,2.31,2.27,0.4188898094449047,0.4290117887092081,0.014896662449097153,-0.002677305731839552,2
2024-25,2024-11-30,Nott'm Forest,Ipswich,H,0.275209325348735,0.19683929282019216,4.94,A,0,0.07837003252854283,0.07837003252854283,0.20242914979757085,0.07278017555116414,0.35953406722275094,True,-1.0,4.85,4.94,0.19928050036572081,0.19683929282019216,0.33476522794136465,0.35953406722275094,2
2024-25,2024-11-30,West Ham,Arsenal,A,0.2082103395023374,0.13222106399682246,7.34,H,0,0.07598927550551493,0.07598927550551493,0.1362397820163488,0.0719705574859886,0.5282638919471565,True,-1.0,7.07,7.34,0.13646735395189002,0.13222106399682246,0.4720471002815254,0.5282638919471565,0
2024-25,2024-11-30,Wolves,Bournemouth,A,0.386132276377729,0.35409956468185055,2.75,H,0,0.03203271169587846,0.03203271169587846,0.36363636363636365,0.022495912741365365,0.06186376003875482,True,-1.0,2.86,2.75,0.33817531961691794,0.35409956468185055,0.10433831044030484,0.06186376003875482,0
2024-25,2024-12-01,Chelsea,Aston Villa,H,0.5830147398932154,0.554597408936525,1.75,H,1,0.028417330956690412,0.028417330956690412,0.5714285714285714,0.011586168464643998,0.020275794813126913,True,0.75,1.7,1.75,0.5665998281294758,0.554597408936525,-0.00887494218153384,0.020275794813126913,0
2024-25,2024-12-01,Liverpool,Man City,H,0.3095231178034613,0.2699041034790366,3.6,A,0,0.03961901432442472,0.03961901432442472,0.2777777777777778,0.03174534002568352,0.11428322409246072,True,-1.0,3.48,3.6,0.2778851620238772,0.2699041034790366,0.0771404499560453,0.11428322409246072,2
2024-25,2024-12-01,Man United,Everton,H,0.2055406525718343,0.16232065308373297,5.98,A,0,0.04321999948810132,0.04321999948810132,0.16722408026755853,0.038316572304275764,0.22913310237956908,True,-1.0,6.17,5.98,0.1563530274601078,0.16232065308373297,0.26818582636821753,0.22913310237956908,2
2024-25,2024-12-01,Tottenham,Fulham,D,0.6142487452435981,0.49112025520051467,1.98,H,0,0.1231284900430834,0.1231284900430834,0.5050505050505051,0.10919824019309299,0.21621251558232424,True,-1.0,1.75,1.98,0.5521270443795316,0.49112025520051467,0.07493530417629657,0.21621251558232424,0
2024-25,2024-12-03,Ipswich,Crystal Palace,A,0.4607064269887924,0.2902991604147663,3.35,H,0,0.1704072665740261,0.1704072665740261,0.29850746268656714,0.16219896430222525,0.5433665304124544,True,-1.0,3.15,3.35,0.30847580800835733,0.2902991604147663,0.4512252450146961,0.5433665304124544,0
2024-25,2024-12-03,Leicester,West Ham,H,0.4185462236656533,0.32055389300548015,3.04,H,1,0.09799233066017315,0.09799233066017315,0.32894736842105265,0.08959885524460065,0.27238051994358603,True,2.04,2.95,3.04,0.3299575127595329,0.32055389300548015,0.2347113598136774,0.27238051994358603,0
2024-25,2024-12-04,Arsenal,Man United,H,0.1889868033199425,0.14610570517220495,6.64,A,0,0.04288109814773755,0.04288109814773755,0.15060240963855423,0.03838439368138827,0.2548723740444181,True,-1.0,7.03,6.64,0.13714020481209374,0.14610570517220495,0.3285772273391958,0.2548723740444181,2
2024-25,2024-12-04,Aston Villa,Brentford,H,0.6213698739240641,0.5783091513333873,1.68,H,1,0.043060722590676725,0.043060722590676725,0.5952380952380952,0.02613177868596883,0.043901388192427504,True,0.6799999999999999,1.8,1.68,0.5359736218138709,0.5783091513333873,0.1184657730633154,0.043901388192427504,0
2024-25,2024-12-04,Everton,Wolves,H,0.5309501371187257,0.4545325093270299,2.14,H,1,0.07641762779169586,0.07641762779169586,0.4672897196261682,0.06366041749255752,0.1362332934340731,True,1.1400000000000001,2.16,2.14,0.44803284894726114,0.4545325093270299,0.14685229617644757,0.1362332934340731,0
2024-25,2024-12-04,Man City,Nott'm Forest,H,0.8535795905594867,0.7388101812491066,1.31,H,1,0.11476940931038015,0.11476940931038015,0.7633587786259541,0.0902208119335326,0.11818926363292759,True,0.31000000000000005,1.36,1.31,0.7061971181046117,0.7388101812491066,0.1608682431609021,0.11818926363292759,0
2024-25,2024-12-04,Newcastle,Liverpool,D,0.6102770906719135,0.4762352941176471,2.04,A,0,0.1340417965542664,0.1340417965542664,0.49019607843137253,0.12008101224054096,0.24496526497070348,True,-1.0,1.8,2.04,0.5361571014923157,0.4762352941176471,0.09849876320944428,0.24496526497070348,2
2024-25,2024-12-04,Southampton,Chelsea,A,0.737073574884267,0.7298382134370888,1.33,A,1,0.007235361447178179,0.007235361447178179,0.7518796992481203,-0.014806124363853312,-0.019692145403924943,False,0.33000000000000007,1.33,1.33,0.7252633367550846,0.7298382134370888,-0.019692145403924943,-0.019692145403924943,2
2024-25,2024-12-05,Bournemouth,Tottenham,H,0.5009965328729618,0.3169174086582745,3.06,A,0,0.18407912421468725,0.18407912421468725,0.32679738562091504,0.17419914725204672,0.533049390591263,True,-1.0,2.47,3.06,0.39135946035888824,0.3169174086582745,0.23746143619621574,0.533049390591263,2
2024-25,2024-12-05,Fulham,Brighton,H,0.3507022988392038,0.3619970697621999,2.7,A,0,-0.011294770922996133,0.011294770922996133,0.37037037037037035,-0.019668071531166564,-0.0531037931341497,False,-1.0,2.94,2.7,0.3292447396062752,0.3619970697621999,0.03106475858725921,-0.0531037931341497,2
2024-25,2024-12-07,Aston Villa,Southampton,H,0.7648943228868366,0.729450282261462,1.33,H,1,0.03544404062537454,0.03544404062537454,0.7518796992481203,0.013014623638716305,0.017309449439492752,True,0.33000000000000007,1.37,1.33,0.7011053462666366,0.729450282261462,0.04790522235496608,0.017309449439492752,0
2024-25,2024-12-07,Brentford,Newcastle,H,0.3792537934165757,0.3222039814239655,3.02,H,1,0.05704981199261022,0.05704981199261022,0.33112582781456956,0.04812796560200616,0.14534645611805863,True,2.02,2.88,3.02,0.3357863608659337,0.3222039814239655,0.09225092503973809,0.14534645611805863,0
2024-25,2024-12-07,Crystal Palace,Man City,D,0.6958357105146622,0.5522085310266843,1.76,A,0,0.14362717948797787,0.14362717948797787,0.5681818181818182,0.12765389233284397,0.22467085050580549,True,-1.0,1.6,1.76,0.6017345134547084,0.5522085310266843,0.11333713682345947,0.22467085050580549,2
2024-25,2024-12-07,Man United,Nott'm Forest,A,0.2151371987267835,0.18204848527497272,5.33,A,1,0.033088713451810775,0.033088713451810775,0.18761726078799248,0.02751993793879101,0.14668126921375602,True,4.33,5.18,5.33,0.18648555312535975,0.18204848527497272,0.11441068940473853,0.14668126921375602,2
2024-25,2024-12-08,Fulham,Arsenal,D,0.2086329851344648,0.1765791632485644,5.5,H,0,0.03205382188590039,0.03205382188590039,0.18181818181818182,0.02681480331628297,0.1474814182395563,True,-1.0,5.33,5.5,0.1807346994542698,0.1765791632485644,0.11201381076669747,0.1474814182395563,0
2024-25,2024-12-08,Ipswich,Bournemouth,A,0.3088468704508907,0.24774340315424678,3.92,H,0,0.061103467296643926,0.061103467296643926,0.25510204081632654,0.05374482963456417,0.21067973216749158,True,-1.0,3.68,3.92,0.262496874044847,0.24774340315424678,0.13655648325927783,0.21067973216749158,0
2024-25,2024-12-08,Leicester,Brighton,D,0.257085877872754,0.19491041880634483,4.98,H,0,0.06217545906640917,0.06217545906640917,0.2008032128514056,0.056282665021348405,0.280287671806315,True,-1.0,4.69,4.98,0.20562098641770166,0.19491041880634483,0.20573276722321632,0.280287671806315,0
2024-25,2024-12-08,Tottenham,Chelsea,A,0.3805355609893059,0.3314708682919818,2.93,H,0,0.04906469269732411,0.04906469269732411,0.341296928327645,0.03923863266166089,0.11496919369866632,True,-1.0,3.23,2.93,0.2991800553628859,0.3314708682919818,0.22912986199545804,0.11496919369866632,0
2024-25,2024-12-09,West Ham,Wolves,H,0.5188824281948534,0.5340122199592667,1.82,H,1,-0.015129791764413314,0.015129791764413314,0.5494505494505494,-0.030568121255695968,-0.055633980685366735,False,0.8200000000000001,1.95,1.82,0.4947569760028216,0.5340122199592667,0.011820734979964165,-0.055633980685366735,0
2024-25,2024-12-14,Arsenal,Everton,D,0.0751913142529293,0.07462686567164178,13.0,A,0,0.0005644485812875133,0.0005644485812875133,0.07692307692307693,-0.0017317626701476296,-0.022512914711919185,False,-1.0,12.95,13.0,0.07417463223757276,0.07462686567164178,-0.026272480424565647,-0.022512914711919185,2
2024-25,2024-12-14,Liverpool,Fulham,D,0.1626224682361614,0.15651529044081017,6.13,D,1,0.006107177795351221,0.006107177795351221,0.1631321370309951,-0.0005096687948337175,-0.0031242697123307073,False,5.13,6.04,6.13,0.15984813772337503,0.15651529044081017,-0.017760291853585186,-0.0031242697123307073,1
2024-25,2024-12-14,Newcastle,Leicester,H,0.173294879204292,0.10136505085054899,9.49,A,0,0.07192982835374302,0.07192982835374302,0.1053740779768177,0.0679208012274743,0.6445684036487311,True,-1.0,8.95,9.49,0.10670848104717753,0.10136505085054899,0.5509891688784134,0.6445684036487311,2
2024-25,2024-12-14,Nott'm Forest,Aston Villa,H,0.3895845213911409,0.3566528006191351,2.73,H,1,0.03293172077200579,0.03293172077200579,0.3663003663003663,0.02328415509077464,0.06356574339781473,True,1.73,2.67,2.73,0.36266940355951577,0.3566528006191351,0.040190672114346127,0.06356574339781473,0
2024-25,2024-12-14,Wolves,Ipswich,A,0.3155114574196687,0.24741988510227253,3.93,A,1,0.06809157231739615,0.06809157231739615,0.2544529262086514,0.061058531211017286,0.23996002765929791,True,2.93,3.93,3.93,0.24614132172296616,0.24741988510227253,0.23996002765929791,0.23996002765929791,2
2024-25,2024-12-15,Brighton,Crystal Palace,A,0.5509317789641379,0.505429979772589,1.92,H,0,0.04550179919154895,0.04550179919154895,0.5208333333333334,0.03009844563080455,0.05778901561114469,True,-1.0,1.9,1.92,0.5083829043397536,0.505429979772589,0.04677038003186196,0.05778901561114469,0
2024-25,2024-12-15,Chelsea,Brentford,H,0.1867533546146054,0.15299026425591097,6.3,D,0,0.03376309035869443,0.03376309035869443,0.15873015873015872,0.028023195884446683,0.17654613407201403,True,-1.0,6.05,6.3,0.15959916796642293,0.15299026425591097,0.12985779541836262,0.17654613407201403,1
2024-25,2024-12-15,Man City,Man United,A,0.7131242020594719,0.6354114713216958,1.53,H,0,0.07771273073777607,0.07771273073777607,0.6535947712418301,0.05952943081764184,0.09108002915099211,True,-1.0,1.6,1.53,0.6025301897642323,0.6354114713216958,0.14099872329515506,0.09108002915099211,0
2024-25,2024-12-15,Southampton,Tottenham,A,0.6553324642130585,0.5429668675149589,1.79,A,1,0.11236559669809953,0.11236559669809953,0.5586592178770949,0.09667324633596353,0.17304511094137465,True,0.79,1.69,1.79,0.570516104018859,0.5429668675149589,0.10751186452006878,0.17304511094137465,2
2024-25,2024-12-16,Bournemouth,West Ham,D,0.2872233500818255,0.21961784809521534,4.42,A,0,0.06760550198661014,0.06760550198661014,0.22624434389140272,0.06097900619042276,0.2695272073616686,True,-1.0,4.49,4.42,0.21450079586442558,0.21961784809521534,0.2896328418673966,0.2695272073616686,2
2024-25,2024-12-21,Aston Villa,Man City,H,0.3303125457570133,0.3029749153731987,3.21,H,1,0.027337630383814593,0.027337630383814593,0.3115264797507788,0.018786066006234503,0.06030327188001272,True,2.21,3.3,3.21,0.293017240133528,0.3029749153731987,0.09003140099814377,0.06030327188001272,0
2024-25,2024-12-21,Brentford,Nott'm Forest,A,0.3724000364643538,0.34984887411213544,2.78,A,1,0.02255116235221838,0.02255116235221838,0.3597122302158274,0.012687806248526445,0.03527210137090364,True,1.7799999999999998,3.07,2.78,0.3155325584492173,0.34984887411213544,0.1432681119455661,0.03527210137090364,2
2024-25,2024-12-21,Crystal Palace,Arsenal,A,0.177671247565877,0.12784058683404542,7.6,H,0,0.049830660731831566,0.049830660731831566,0.13157894736842105,0.04609230019745594,0.3503014815006651,True,-1.0,6.75,7.6,0.14281997050993786,0.12784058683404542,0.19928092106966977,0.3503014815006651,0
2024-25,2024-12-21,Ipswich,Newcastle,A,0.2702077738373037,0.21079856999988505,4.6,H,0,0.059409203837418656,0.059409203837418656,0.2173913043478261,0.0528164694894776,0.242955759651597,True,-1.0,4.69,4.6,0.20567375886524822,0.21079856999988505,0.2672744592969545,0.242955759651597,0
2024-25,2024-12-21,West Ham,Brighton,D,0.3734504035063737,0.34362480797614386,2.83,H,0,0.029825595530229843,0.029825595530229843,0.35335689045936397,0.020093513047009737,0.05686464192303764,True,-1.0,2.8,2.83,0.3456743426596211,0.34362480797614386,0.045661129817846424,0.05686464192303764,0
2024-25,2024-12-22,Everton,Chelsea,D,0.1940218980309878,0.19292076691691734,5.01,H,0,0.0011011311140704527,0.0011011311140704527,0.1996007984031936,-0.0055789003722058195,-0.027950290864751204,False,-1.0,5.48,5.01,0.1760155347958434,0.19292076691691734,0.0632400012098131,-0.027950290864751204,0
2024-25,2024-12-22,Fulham,Southampton,D,0.7373095256711726,0.5915292201181023,1.68,H,0,0.1457803055530703,0.1457803055530703,0.5952380952380952,0.14207143043307735,0.23868000312756998,True,-1.0,1.42,1.68,0.6785044478337335,0.5915292201181023,0.046979526453065024,0.23868000312756998,0
2024-25,2024-12-22,Leicester,Wolves,A,0.4599081975351116,0.31902953411452345,3.05,H,0,0.14087866342058813,0.14087866342058813,0.3278688524590164,0.13203934507609516,0.4027200024820903,True,-1.0,2.63,3.05,0.36819120276918593,0.31902953411452345,0.20955855951734348,0.4027200024820903,0
2024-25,2024-12-22,Man United,Bournemouth,A,0.265410664765829,0.228359544815241,4.25,A,1,0.03705111995058796,0.03705111995058796,0.23529411764705882,0.030116547118770154,0.1279953252547732,True,3.25,4.16,4.25,0.23193813436442726,0.228359544815241,0.10410836542584856,0.1279953252547732,2
2024-25,2024-12-22,Tottenham,Liverpool,A,0.2725929863124602,0.19815242494226326,4.9,H,0,0.07444056137019694,0.07444056137019694,0.2040816326530612,0.068511353659399,0.33570563293105504,True,-1.0,4.47,4.9,0.21566047047211714,0.19815242494226326,0.2184906488166971,0.33570563293105504,0
2024-25,2024-12-26,Bournemouth,Crystal Palace,D,0.2513606394359736,0.27781816626753336,3.5,A,0,-0.026457526831559774,0.026457526831559774,0.2857142857142857,-0.03435364627831211,-0.12023776197409242,False,-1.0,3.94,3.5,0.245371077282595,0.27781816626753336,-0.00963908062226404,-0.12023776197409242,2
2024-25,2024-12-26,Chelsea,Fulham,A,0.1651357341938173,0.14109757338153703,6.86,A,1,0.024038160812280274,0.024038160812280274,0.14577259475218657,0.019363139441630733,0.13283113656958667,True,5.86,6.32,6.86,0.15224416965099014,0.14109757338153703,0.04365784010492546,0.13283113656958667,2
2024-25,2024-12-26,Liverpool,Leicester,H,0.0942322370312206,0.07878832497841554,12.25,D,0,0.01544391205280507,0.01544391205280507,0.08163265306122448,0.012599583969996123,0.15434490363245246,True,-1.0,13.84,12.25,0.06959280279560834,0.07878832497841554,0.3041741605120931,0.15434490363245246,1
2024-25,2024-12-26,Man City,Everton,D,0.7230694204403414,0.7151112395261485,1.36,H,0,0.00795818091419287,0.00795818091419287,0.7352941176470588,-0.012224697206717372,-0.016625588201135688,False,-1.0,1.34,1.36,0.718838070164589,0.7151112395261485,-0.03108697660994253,-0.016625588201135688,0
2024-25,2024-12-26,Newcastle,Aston Villa,H,0.5316447247501594,0.4999983393504203,1.94,H,1,0.03164638539973913,0.03164638539973913,0.5154639175257733,0.016180807224386196,0.03139076601530921,True,0.94,1.94,1.94,0.49792556191089987,0.4999983393504203,0.03139076601530921,0.03139076601530921,0
2024-25,2024-12-26,Nott'm Forest,Tottenham,H,0.4408692528869639,0.3019169329073482,3.22,A,0,0.13895231997961566,0.13895231997961566,0.3105590062111801,0.13031024667578378,0.4195989942960239,True,-1.0,2.87,3.22,0.3373533136817565,0.3019169329073482,0.2652947557855865,0.4195989942960239,2
2024-25,2024-12-26,Southampton,West Ham,A,0.5203330348108757,0.4207429201912468,2.31,A,1,0.09959011461962886,0.09959011461962886,0.4329004329004329,0.08743260191044278,0.20196931041312283,True,1.31,2.21,2.31,0.4377751395515179,0.4207429201912468,0.14993600693203524,0.20196931041312283,2
2024-25,2024-12-26,Wolves,Man United,H,0.2676308760454037,0.21863186972957255,4.44,H,1,0.04899900631583115,0.04899900631583115,0.2252252252252252,0.0424056508201785,0.18828108964159251,True,3.4400000000000004,3.95,4.44,0.24436540974551718,0.21863186972957255,0.0571419603793446,0.18828108964159251,0
2024-25,2024-12-27,Arsenal,Ipswich,H,0.0518535825928504,0.04108969760105353,23.5,A,0,0.010763884991796875,0.010763884991796875,0.0425531914893617,0.009300391103488702,0.2185591909319844,True,-1.0,20.05,23.5,0.048198915699634776,0.04108969760105353,0.039664330986650675,0.2185591909319844,2
2024-25,2024-12-27,Brighton,Brentford,D,0.2741615175963099,0.1924562686892799,5.05,A,0,0.08170524890703001,0.08170524890703001,0.19801980198019803,0.07614171561611188,0.38451566386136493,True,-1.0,4.96,5.05,0.19543077924532265,0.1924562686892799,0.3598411272776971,0.38451566386136493,2
2024-25,2024-12-29,Crystal Palace,Southampton,H,0.7125121106531225,0.6322042249320038,1.53,H,1,0.08030788572111869,0.08030788572111869,0.6535947712418301,0.0589173394112924,0.09014352929927738,True,0.53,1.64,1.53,0.5879592525414435,0.6322042249320038,0.16851986147112075,0.09014352929927738,0
2024-25,2024-12-29,Everton,Nott'm Forest,A,0.3977694464665647,0.35892859230622337,2.71,H,0,0.03884085416034133,0.03884085416034133,0.36900369003690037,0.028765756429664335,0.07795519992439037,True,-1.0,2.69,2.71,0.35972002922253915,0.35892859230622337,0.06999981099505903,0.07795519992439037,0
2024-25,2024-12-29,Fulham,Bournemouth,D,0.4912980035854646,0.4283807319264746,2.27,H,0,0.06291727165899003,0.06291727165899003,0.44052863436123346,0.05076936922423114,0.11524646813900463,True,-1.0,2.37,2.27,0.4081354236536647,0.4283807319264746,0.16437626849755116,0.11524646813900463,0
2024-25,2024-12-29,Leicester,Man City,A,0.1508720959250994,0.09374320932580177,10.25,H,0,0.05712888659929763,0.05712888659929763,0.0975609756097561,0.0533111203153433,0.5464389832322689,True,-1.0,8.42,10.25,0.11418202771682509,0.09374320932580177,0.2703430476893369,0.5464389832322689,0
2024-25,2024-12-29,Tottenham,Wolves,D,0.6675251917418791,0.5789428001041576,1.68,H,0,0.08858239163772152,0.08858239163772152,0.5952380952380952,0.07228709650378384,0.12144232212635675,True,-1.0,1.63,1.68,0.5921891948241144,0.5789428001041576,0.08806606253926286,0.12144232212635675,0
2024-25,2024-12-29,West Ham,Liverpool,A,0.1584806175490135,0.12524061104967849,7.75,H,0,0.033240006499335006,0.033240006499335006,0.12903225806451613,0.029448359484497366,0.22822478600485452,True,-1.0,7.32,7.75,0.13159006421088204,0.12524061104967849,0.1600781204587789,0.22822478600485452,0
2024-25,2024-12-30,Aston Villa,Brighton,D,0.3185055669504859,0.22844134891342444,4.25,A,0,0.09006421803706144,0.09006421803706144,0.23529411764705882,0.08321144930342705,0.3536486595395649,True,-1.0,3.62,4.25,0.2670279248701908,0.22844134891342444,0.15299015236075886,0.3536486595395649,2
2024-25,2024-12-30,Ipswich,Chelsea,H,0.2296073440825248,0.12783177117559577,7.55,H,1,0.10177557290692904,0.10177557290692904,0.13245033112582782,0.09715701295669699,0.7335354478230622,True,6.55,7.1,7.55,0.13577023498694518,0.12783177117559577,0.630212142985926,0.7335354478230622,0
2024-25,2024-12-30,Man United,Newcastle,A,0.442662862922844,0.374714815753693,2.58,A,1,0.06794804716915104,0.06794804716915104,0.38759689922480617,0.055065963698037845,0.1420701863409375,True,1.58,2.54,2.58,0.3810916179337232,0.374714815753693,0.12436367182402375,0.1420701863409375,2
2024-25,2025-01-01,Brentford,Arsenal,A,0.69760524987885,0.6224066390041494,1.56,A,1,0.07519861087470059,0.07519861087470059,0.641025641025641,0.05657960885320901,0.08826418981100592,True,0.56,1.44,1.56,0.6673816662723179,0.6224066390041494,0.004551559825543894,0.08826418981100592,2
2024-25,2025-01-04,Aston Villa,Leicester,H,0.1278101433416361,0.11532469575371102,8.32,A,0,0.01248544758792508,0.01248544758792508,0.12019230769230768,0.007617835649328414,0.06338039260241235,True,-1.0,9.41,8.32,0.10206969168503834,0.11532469575371102,0.2026934488447958,0.06338039260241235,2
2024-25,2025-01-04,Bournemouth,Everton,H,0.246934755040984,0.18539629866687177,5.23,A,0,0.06153845637411223,0.06153845637411223,0.19120458891013384,0.05573016613085016,0.2914687688643465,True,-1.0,4.82,5.23,0.20052045938746385,0.18539629866687177,0.19022551929754306,0.2914687688643465,2
2024-25,2025-01-04,Brighton,Arsenal,D,0.5894963229266461,0.5393039321767874,1.8,A,0,0.050192390749858706,0.050192390749858706,0.5555555555555556,0.03394076737109053,0.06109338126796304,True,-1.0,1.82,1.8,0.5302701294189177,0.5393039321767874,0.07288330772649587,0.06109338126796304,2
2024-25,2025-01-04,Crystal Palace,Chelsea,D,0.3223347500578235,0.26710415706266777,3.64,H,0,0.05523059299515576,0.05523059299515576,0.2747252747252747,0.047609475332548834,0.17329849021047772,True,-1.0,3.69,3.64,0.26165826750894844,0.26710415706266777,0.18941522771336872,0.17329849021047772,0
2024-25,2025-01-04,Man City,West Ham,H,0.8111508083145018,0.77470859026512,1.26,H,1,0.03644221804938186,0.03644221804938186,0.7936507936507936,0.017500014663708208,0.022050018476272193,True,0.26,1.32,1.26,0.7315803538620851,0.77470859026512,0.07071906697514252,0.022050018476272193,0
2024-25,2025-01-04,Southampton,Brentford,A,0.5762179764144321,0.45051380676273023,2.16,A,1,0.12570416965170184,0.12570416965170184,0.4629629629629629,0.11325501345146916,0.2446308290551733,True,1.1600000000000001,2.41,2.16,0.401887529931428,0.45051380676273023,0.38868532315878146,0.2446308290551733,2
2024-25,2025-01-04,Tottenham,Newcastle,A,0.4751743467562711,0.2493561964053928,3.9,H,0,0.22581815035087832,0.22581815035087832,0.25641025641025644,0.21876409034601468,0.8531799523494574,True,-1.0,2.97,3.9,0.3258002949596599,0.2493561964053928,0.4112678098661253,0.8531799523494574,0
2024-25,2025-01-05,Fulham,Ipswich,D,0.2236944060535401,0.2312440140470363,4.2,D,1,-0.007549607993496188,0.007549607993496188,0.23809523809523808,-0.01440083204169798,-0.06048349457513158,False,3.2,4.46,4.2,0.21551444650366067,0.2312440140470363,-0.0023229490012111054,-0.06048349457513158,1
2024-25,2025-01-05,Liverpool,Man United,D,0.8007092306835408,0.7121952317701884,1.36,H,0,0.08851399891335243,0.08851399891335243,0.7352941176470588,0.06541511303648206,0.08896455372961554,True,-1.0,1.29,1.36,0.7419657285235821,0.7121952317701884,0.03291490758176763,0.08896455372961554,0
2024-25,2025-01-06,Wolves,Nott'm Forest,A,0.3371708796632616,0.24226019631676246,4.01,H,0,0.09491068334649913,0.09491068334649913,0.24937655860349128,0.08779432105977031,0.3520552274496789,True,-1.0,3.44,4.01,0.28109623829427016,0.24226019631676246,0.15986782604161975,0.3520552274496789,0
2024-25,2025-01-14,Brentford,Man City,D,0.2566445469237928,0.1863602881730476,5.18,H,0,0.0702842587507452,0.0702842587507452,0.19305019305019305,0.06359435387359974,0.3294187530652466,True,-1.0,4.9,5.18,0.19824519800806256,0.1863602881730476,0.25755827992658475,0.3294187530652466,0
2024-25,2025-01-14,Chelsea,Bournemouth,D,0.1863312762883309,0.16956695279560666,5.71,A,0,0.016764323492724248,0.016764323492724248,0.17513134851138354,0.011199927776947366,0.06395158760636943,True,-1.0,6.17,5.71,0.15729985496276816,0.16956695279560666,0.1496639746990016,0.06395158760636943,2
2024-25,2025-01-14,Nott'm Forest,Liverpool,D,0.6416521632406877,0.6020633750921149,1.62,A,0,0.03958878814857281,0.03958878814857281,0.6172839506172839,0.02436821262340383,0.03947650444991413,True,-1.0,1.65,1.62,0.5876645876645876,0.6020633750921149,0.05872606934713476,0.03947650444991413,2
2024-25,2025-01-14,West Ham,Fulham,H,0.4170032420479498,0.30244959173471087,3.22,H,1,0.11455365031323894,0.11455365031323894,0.3105590062111801,0.10644423583676971,0.34275043939439853,True,2.22,3.03,3.22,0.32121355878598934,0.30244959173471087,0.2635198234052878,0.34275043939439853,0
2024-25,2025-01-15,Arsenal,Tottenham,H,0.7380093773494153,0.7011459348878837,1.38,H,1,0.036863442461531615,0.036863442461531615,0.7246376811594204,0.013371696189994897,0.018452940742192947,True,0.3799999999999999,1.4,1.38,0.6867207656495481,0.7011459348878837,0.03321312828918144,0.018452940742192947,0
2024-25,2025-01-15,Everton,Aston Villa,A,0.3840974590834772,0.27436170014360584,3.55,H,0,0.10973575893987136,0.10973575893987136,0.28169014084507044,0.10240731823840676,0.36354597974634406,True,-1.0,3.26,3.55,0.29706645167669365,0.27436170014360584,0.2521577166121356,0.36354597974634406,0
2024-25,2025-01-15,Leicester,Crystal Palace,A,0.3325214660643478,0.2388229675618089,4.07,H,0,0.09369849850253889,0.09369849850253889,0.24570024570024568,0.08682122036410211,0.3533623668818957,True,-1.0,4.01,4.07,0.24130053834413456,0.2388229675618089,0.3334110789180347,0.3533623668818957,0
2024-25,2025-01-15,Newcastle,Wolves,H,0.1813466484707094,0.17931108818502378,5.4,D,0,0.002035560285685606,0.002035560285685606,0.18518518518518517,-0.0038385367144757876,-0.020728098258169236,False,-1.0,5.73,5.4,0.16841722935685022,0.17931108818502378,0.03911629573716491,-0.020728098258169236,1
2024-25,2025-01-16,Ipswich,Brighton,A,0.3503626154386521,0.24687294272547727,3.94,H,0,0.10348967271317483,0.10348967271317483,0.25380710659898476,0.09655550883966735,0.3804287048282893,True,-1.0,3.84,3.94,0.2515687393040502,0.24687294272547727,0.345392443284424,0.3804287048282893,0
2024-25,2025-01-16,Man United,Southampton,H,0.7618685692681886,0.752588072993192,1.29,H,1,0.009280496274996608,0.009280496274996608,0.7751937984496123,-0.013325229181423759,-0.01718954564403674,False,0.29000000000000004,1.31,1.29,0.7345601085648089,0.752588072993192,-0.0019521742586728896,-0.01718954564403674,0
2024-25,2025-01-18,Arsenal,Aston Villa,D,0.7384279545670105,0.6179337004995168,1.57,H,0,0.1204942540674937,0.1204942540674937,0.6369426751592356,0.10148527940777485,0.15933188867020642,True,-1.0,1.53,1.57,0.6299057116058646,0.6179337004995168,0.12979477048752597,0.15933188867020642,0
2024-25,2025-01-18,Brentford,Liverpool,A,0.6892206849676819,0.6521510682708415,1.49,A,1,0.03706961669684039,0.03706961669684039,0.6711409395973155,0.018079745370366385,0.026938820601845936,True,0.49,1.43,1.49,0.6717578450430436,0.6521510682708415,-0.014414420496214997,0.026938820601845936,2
2024-25,2025-01-18,Leicester,Fulham,A,0.3622231776728645,0.20850823254781928,4.65,H,0,0.15371494512504522,0.15371494512504522,0.2150537634408602,0.1471694142320043,0.6843377761788201,True,-1.0,4.38,4.65,0.22025975157715205,0.20850823254781928,0.5865375182071464,0.6843377761788201,0
2024-25,2025-01-18,Newcastle,Bournemouth,A,0.6797413093067685,0.5848572260301163,1.66,H,0,0.09488408327665221,0.09488408327665221,0.6024096385542169,0.07733167075255154,0.12837057344923553,True,-1.0,1.65,1.66,0.5842064421233646,0.5848572260301163,0.12157316035616783,0.12837057344923553,0
2024-25,2025-01-18,West Ham,Crystal Palace,A,0.385500017694797,0.3405259504897046,2.86,H,0,0.04497406720509245,0.04497406720509245,0.3496503496503497,0.035849668044447336,0.1025300506071194,True,-1.0,2.65,2.86,0.3648578010957737,0.3405259504897046,0.021575046891212146,0.1025300506071194,0
2024-25,2025-01-19,Everton,Tottenham,H,0.3559145057895218,0.3805768286976272,2.56,H,1,-0.02466232290810544,0.02466232290810544,0.390625,-0.03471049421047823,-0.08885886517882424,False,1.56,2.97,2.56,0.32592541388725677,0.3805768286976272,0.05706608219487963,-0.08885886517882424,0
2024-25,2025-01-19,Ipswich,Man City,A,0.2129864688143601,0.11428788108600031,8.5,H,0,0.09869858772835978,0.09869858772835978,0.11764705882352941,0.09533940999083068,0.8103849849220608,True,-1.0,7.76,8.5,0.12387610256410257,0.11428788108600031,0.6527749979994342,0.8103849849220608,0
2024-25,2025-01-19,Man United,Brighton,A,0.5104804544014165,0.41696881798404645,2.34,H,0,0.09351163641737009,0.09351163641737009,0.4273504273504274,0.08313002705098915,0.19452426329931471,True,-1.0,2.11,2.34,0.45827401848113336,0.41696881798404645,0.07711375878698878,0.19452426329931471,0
2024-25,2025-01-19,Nott'm Forest,Southampton,H,0.1197441552915874,0.10493774828921204,9.23,A,0,0.014806407002375357,0.014806407002375357,0.10834236186348863,0.011401793428098772,0.10523855334135179,True,-1.0,8.27,9.23,0.11644104242457028,0.10493774828921204,-0.009715835738572265,0.10523855334135179,2
2024-25,2025-01-20,Chelsea,Wolves,H,0.1815972862627966,0.18457362587649853,5.25,D,0,-0.002976339613701945,0.002976339613701945,0.19047619047619047,-0.008878904213393879,-0.04661424712031792,False,-1.0,5.69,5.25,0.16897939917979796,0.18457362587649853,0.033288558835312676,-0.04661424712031792,1
2024-25,2025-01-25,Bournemouth,Nott'm Forest,H,0.3089426073254038,0.24653007270323857,3.94,A,0,0.06241253462216523,0.06241253462216523,0.25380710659898476,0.05513550072641904,0.21723387286209084,True,-1.0,3.45,3.94,0.2803080624023841,0.24653007270323857,0.06585199527264307,0.21723387286209084,2
2024-25,2025-01-25,Brighton,Everton,A,0.2081010223306242,0.17909023965724996,5.42,A,1,0.02901078267337423,0.02901078267337423,0.18450184501845018,0.023599177312174008,0.1279075410319832,True,4.42,5.5,5.42,0.17513622976967508,0.17909023965724996,0.14455562281843304,0.1279075410319832,2
2024-25,2025-01-25,Liverpool,Ipswich,H,0.0832194688587339,0.07913669064748201,12.25,D,0,0.004082778211251886,0.004082778211251886,0.08163265306122448,0.001586815797509411,0.01943849351949023,True,-1.0,11.75,12.25,0.08182267028166583,0.07913669064748201,-0.022171240909876766,0.01943849351949023,1
2024-25,2025-01-25,Man City,Chelsea,H,0.6264708750008473,0.407665351478759,2.39,H,1,0.21880552352208832,0.21880552352208832,0.41841004184100417,0.20806083315984314,0.49726539125202507,True,1.3900000000000001,2.03,2.39,0.47607730921260033,0.407665351478759,0.2717358762517199,0.49726539125202507,0
2024-25,2025-01-25,Southampton,Newcastle,A,0.1456976684146328,0.1466943866943867,6.62,H,0,-0.0009967182797538943,0.0009967182797538943,0.1510574018126888,-0.00535973339805601,-0.0354814350951308,False,-1.0,7.05,6.62,0.13645496636673365,0.1466943866943867,0.027168562323161227,-0.0354814350951308,0
2024-25,2025-01-25,Wolves,Arsenal,A,0.7028089622376954,0.6026083358024208,1.61,A,1,0.10020062643527461,0.10020062643527461,0.6211180124223602,0.0816909498153352,0.13152242920268975,True,0.6100000000000001,1.47,1.61,0.6559905100830368,0.6026083358024208,0.033129174489412216,0.13152242920268975,2
2024-25,2025-01-26,Aston Villa,West Ham,D,0.6449815463588287,0.660919540229885,1.47,H,0,-0.015937993871056322,0.015937993871056322,0.6802721088435374,-0.03529056248470874,-0.05187712685252188,False,-1.0,1.55,1.47,0.6225493965683979,0.660919540229885,-0.00027860314381555895,-0.05187712685252188,0
2024-25,2025-01-26,Crystal Palace,Brentford,A,0.5176489509909119,0.49226118990108897,1.97,H,0,0.025387761089822936,0.025387761089822936,0.5076142131979695,0.010034737792942394,0.019768433452096446,True,-1.0,2.06,1.97,0.4693573235713983,0.49226118990108897,0.06635683904127854,0.019768433452096446,0
2024-25,2025-01-26,Fulham,Man United,A,0.5053826142496267,0.40516413356686826,2.4,H,0,0.10021848068275846,0.10021848068275846,0.4166666666666667,0.08871594758296003,0.21291827419910403,True,-1.0,2.32,2.4,0.4173228346456693,0.40516413356686826,0.17248766505913382,0.21291827419910403,0
2024-25,2025-01-26,Tottenham,Leicester,A,0.7054420019284962,0.6422073193265437,1.51,H,0,0.06323468260195242,0.06323468260195242,0.6622516556291391,0.04319034629935703,0.06521742291202925,True,-1.0,1.46,1.51,0.6589038718952952,0.6422073193265437,0.02994532281560436,0.06521742291202925,0
2024-25,2025-02-01,Bournemouth,Liverpool,A,0.5897751537104523,0.5640620560322782,1.72,A,1,0.02571309767817409,0.02571309767817409,0.5813953488372093,0.008379804873242969,0.014413264381977875,True,0.72,1.68,1.72,0.5730063836254939,0.5640620560322782,-0.00917774176644015,0.014413264381977875,2
2024-25,2025-02-01,Everton,Leicester,H,0.2380975259955008,0.21424690889335435,4.53,A,0,0.02385061710214645,0.02385061710214645,0.22075055187637968,0.017346974119121117,0.07858179275961863,True,-1.0,4.73,4.53,0.20443049759915502,0.21424690889335435,0.12620129795871882,0.07858179275961863,2
2024-25,2025-02-01,Ipswich,Southampton,A,0.5524233987797976,0.5085768608072989,1.91,H,0,0.04384653797249871,0.04384653797249871,0.5235602094240838,0.02886318935571386,0.055128691669413366,True,-1.0,2.0,1.91,0.4835159530820099,0.5085768608072989,0.10484679755959525,0.055128691669413366,0
2024-25,2025-02-01,Newcastle,Fulham,A,0.5852360280988891,0.5482938351218857,1.77,H,0,0.03694219297700341,0.03694219297700341,0.5649717514124294,0.020264276686459692,0.03586776973503358,True,-1.0,1.71,1.77,0.563760471610301,0.5482938351218857,0.0007536080491004071,0.03586776973503358,0
2024-25,2025-02-01,Nott'm Forest,Brighton,H,0.3520710682860211,0.35503912879864225,2.74,A,0,-0.0029680605126211623,0.0029680605126211623,0.36496350364963503,-0.012892435363613952,-0.03532527289630216,False,-1.0,2.99,2.74,0.3239215475509522,0.35503912879864225,0.052692494175203164,-0.03532527289630216,2
2024-25,2025-02-01,Wolves,Aston Villa,H,0.4676135655163135,0.42700017739932594,2.28,A,0,0.04061338811698756,0.04061338811698756,0.4385964912280702,0.029017074288243294,0.0661589293771947,True,-1.0,2.17,2.28,0.44598982435507384,0.42700017739932594,0.014721437170400309,0.0661589293771947,2
2024-25,2025-02-02,Arsenal,Man City,H,0.3203119121205586,0.2578716129805124,3.77,A,0,0.062440299140046174,0.062440299140046174,0.26525198938992045,0.055059922730638144,0.20757590869450593,True,-1.0,3.85,3.77,0.24658329784350919,0.2578716129805124,0.23320086166415055,0.20757590869450593,2
2024-25,2025-02-02,Brentford,Tottenham,A,0.3272033235424119,0.2765903520034683,3.51,A,1,0.05061297153894356,0.05061297153894356,0.2849002849002849,0.04230303864212698,0.14848366563386572,True,2.51,3.11,3.51,0.3059481655607463,0.2765903520034683,0.017602336216900882,0.14848366563386572,2
2024-25,2025-02-02,Man United,Crystal Palace,A,0.2777245518082861,0.19513815207455892,4.97,A,1,0.08258639973372717,0.08258639973372717,0.2012072434607646,0.07651730834752149,0.38029102248718183,True,3.9699999999999998,3.83,4.97,0.2480303514319659,0.19513815207455892,0.06368503342573573,0.38029102248718183,2
2024-25,2025-02-03,Chelsea,West Ham,H,0.7396923219208662,0.7499318491594729,1.29,H,1,-0.01023952723860666,0.01023952723860666,0.7751937984496123,-0.035501476528746134,-0.04579690472208253,False,0.29000000000000004,1.36,1.29,0.7088068362987054,0.7499318491594729,0.00598155781237808,-0.04579690472208253,0
2024-25,2025-02-12,Everton,Liverpool,D,0.1794619962335882,0.12274154644336228,7.9,H,0,0.056720449790225905,0.056720449790225905,0.12658227848101264,0.05287971775257555,0.41774977024534676,True,-1.0,7.36,7.9,0.1310291861613616,0.12274154644336228,0.32084029227920907,0.41774977024534676,0
2024-25,2025-02-14,Brighton,Chelsea,H,0.3685463476097057,0.3299869052815364,2.95,H,1,0.038559442328169324,0.038559442328169324,0.3389830508474576,0.029563296762248115,0.08721172544863198,True,1.9500000000000002,2.92,2.95,0.33315053468604333,0.3299869052815364,0.07615533502034078,0.08721172544863198,0
2024-25,2025-02-15,Aston Villa,Ipswich,D,0.6894920868395025,0.6743501501862967,1.44,H,0,0.015141936653205734,0.015141936653205734,0.6944444444444444,-0.004952357604941948,-0.0071313949511164765,False,-1.0,1.41,1.44,0.6819408646163635,0.6743501501862967,-0.027816157556301624,-0.0071313949511164765,0
2024-25,2025-02-15,Crystal Palace,Everton,A,0.3117969711977482,0.21464542227359035,4.53,A,1,0.09715154892415784,0.09715154892415784,0.22075055187637968,0.0910464193213685,0.4124402795257993,True,3.5300000000000002,5.17,4.53,0.18637901131363735,0.21464542227359035,0.6119903410923582,0.4124402795257993,2
2024-25,2025-02-15,Fulham,Nott'm Forest,H,0.3233933425188673,0.26775200031307705,3.63,A,0,0.055641342205790256,0.055641342205790256,0.27548209366391185,0.04791124885495546,0.17391783334348832,True,-1.0,3.47,3.63,0.27912057798630574,0.26775200031307705,0.12217489854046959,0.17391783334348832,2
2024-25,2025-02-15,Leicester,Arsenal,A,0.7555939741282922,0.7288754519046015,1.33,A,1,0.026718522223690755,0.026718522223690755,0.7518796992481203,0.0037142748801719527,0.004939985590628693,True,0.33000000000000007,1.34,1.33,0.7200813692480359,0.7288754519046015,0.012495925331911684,0.004939985590628693,2
2024-25,2025-02-15,Man City,Newcastle,H,0.7332236884415598,0.46538211568604965,2.09,H,1,0.2678415727555102,0.2678415727555102,0.47846889952153115,0.2547547889200287,0.5324375088428599,True,1.0899999999999999,1.99,2.09,0.4862032202137045,0.46538211568604965,0.4591151399987041,0.5324375088428599,0
2024-25,2025-02-15,Southampton,Bournemouth,A,0.6809645372951184,0.6434326838672106,1.51,A,1,0.03753185342790777,0.03753185342790777,0.6622516556291391,0.018712881665979286,0.028256451315628706,True,0.51,1.52,1.51,0.6329941086802401,0.6434326838672106,0.03506609668858007,0.028256451315628706,2
2024-25,2025-02-15,West Ham,Brentford,A,0.3685862262496619,0.33216072341203373,2.93,A,1,0.03642550283762819,0.03642550283762819,0.341296928327645,0.027289297922016897,0.07995764291150942,True,1.9300000000000002,2.83,2.93,0.3415986207680503,0.33216072341203373,0.04309902028654333,0.07995764291150942,2
2024-25,2025-02-16,Liverpool,Wolves,H,0.8798037517694253,0.7875814008117243,1.23,H,1,0.09222235095770093,0.09222235095770093,0.8130081300813008,0.06679562168812447,0.08215861467639307,True,0.22999999999999998,1.19,1.23,0.8074481316247037,0.7875814008117243,0.04696646460561604,0.08215861467639307,0
2024-25,2025-02-16,Tottenham,Man United,H,0.5591993466883118,0.43999812567358604,2.21,H,1,0.1192012210147258,0.1192012210147258,0.45248868778280543,0.1067106589055064,0.2358305561811691,True,1.21,2.46,2.21,0.39343376342633246,0.43999812567358604,0.3756303928532472,0.2358305561811691,0
2024-25,2025-02-19,Aston Villa,Liverpool,D,0.6034505243091569,0.5157568429718048,1.88,A,0,0.08769368133735211,0.08769368133735211,0.5319148936170213,0.07153563069213564,0.13448698570121498,True,-1.0,1.85,1.88,0.5228698724451666,0.5157568429718048,0.11638346997194038,0.13448698570121498,2
2024-25,2025-02-21,Leicester,Brentford,A,0.2833425927860437,0.2598543998051447,3.74,H,0,0.023488192980898992,0.023488192980898992,0.267379679144385,0.015962913641658694,0.05970129701980342,True,-1.0,3.79,3.74,0.2562009577417458,0.2598543998051447,0.07386842665910565,0.05970129701980342,0
2024-25,2025-02-22,Arsenal,West Ham,A,0.8254197853857415,0.7558665185307613,1.29,H,0,0.0695532668549802,0.0695532668549802,0.7751937984496123,0.05022598693612912,0.06479152314760661,True,-1.0,1.25,1.29,0.7645676782975088,0.7558665185307613,0.03177473173217682,0.06479152314760661,0
2024-25,2025-02-22,Aston Villa,Chelsea,H,0.5877810999472824,0.36314736574385137,2.68,H,1,0.22463373420343108,0.22463373420343108,0.3731343283582089,0.21464677158907353,0.575253347858717,True,1.6800000000000002,2.62,2.68,0.36919093263071817,0.36314736574385137,0.53998648186188,0.575253347858717,0
2024-25,2025-02-22,Bournemouth,Wolves,A,0.6279604629193796,0.5850383007897478,1.66,H,0,0.042922162129631736,0.042922162129631736,0.6024096385542169,0.02555082436516265,0.04241436844616997,True,-1.0,1.57,1.66,0.6139839235027484,0.5850383007897478,-0.014102073216574085,0.04241436844616997,0
2024-25,2025-02-22,Everton,Man United,D,0.4340660110649322,0.36408532100451824,2.67,H,0,0.06998069006041396,0.06998069006041396,0.37453183520599254,0.059534175858939664,0.15895624954336895,True,-1.0,2.58,2.67,0.3753002277051686,0.36408532100451824,0.11989030854752514,0.15895624954336895,0
2024-25,2025-02-22,Fulham,Crystal Palace,A,0.3017121359496663,0.2580333975277521,3.77,A,1,0.043678738421914165,0.043678738421914165,0.26525198938992045,0.03646014655974583,0.13745475253024186,True,2.77,3.84,3.77,0.25168236877523553,0.2580333975277521,0.15857460204671847,0.13745475253024186,2
2024-25,2025-02-22,Ipswich,Tottenham,A,0.5659158385720285,0.46307237813884783,2.1,A,1,0.10284346043318071,0.10284346043318071,0.47619047619047616,0.08972536238155238,0.18842326100125995,True,1.1,1.89,2.1,0.5103562551781277,0.46307237813884783,0.06958093490113382,0.18842326100125995,2
2024-25,2025-02-22,Southampton,Brighton,A,0.6221560219747532,0.6182716432580637,1.57,A,1,0.0038843787166894517,0.0038843787166894517,0.6369426751592356,-0.014786653184482468,-0.023215045499637488,False,0.5700000000000001,1.57,1.57,0.6138914548809231,0.6182716432580637,-0.023215045499637488,-0.023215045499637488,2
2024-25,2025-02-23,Man City,Liverpool,A,0.496898819403884,0.30273008187059985,3.24,H,0,0.19416873753328412,0.19416873753328412,0.30864197530864196,0.18825684409524202,0.6099521748685841,True,-1.0,2.95,3.24,0.328042792323414,0.30273008187059985,0.4658515172414579,0.6099521748685841,0
2024-25,2025-02-23,Newcastle,Nott'm Forest,H,0.2859850584203206,0.242597923641053,4.01,A,0,0.043387134779267617,0.043387134779267617,0.24937655860349128,0.03660849981682934,0.14680008426548574,True,-1.0,4.1,4.01,0.23553627128980822,0.242597923641053,0.17253873952331444,0.14680008426548574,2
2024-25,2025-02-25,Brighton,Bournemouth,H,0.4881410093806531,0.48391605537814864,2.01,H,1,0.004224954002504444,0.004224954002504444,0.49751243781094534,-0.009371428430292261,-0.01883657114488746,False,1.0099999999999998,2.06,2.01,0.47169194151175814,0.48391605537814864,0.005570479324145339,-0.01883657114488746,0
2024-25,2025-02-25,Chelsea,Southampton,H,0.1298801268841659,0.117548174205398,8.25,D,0,0.012331952678767896,0.012331952678767896,0.12121212121212122,0.008668005672044676,0.0715110467943687,True,-1.0,8.97,8.25,0.10777562673070794,0.117548174205398,0.1650247381509682,0.0715110467943687,1
2024-25,2025-02-25,Crystal Palace,Aston Villa,H,0.4900910760933514,0.4281269768457034,2.27,H,1,0.06196409924764801,0.06196409924764801,0.44052863436123346,0.049562441732117934,0.11250674273190775,True,1.27,2.57,2.27,0.3786824007202927,0.4281269768457034,0.259534065559913,0.11250674273190775,0
2024-25,2025-02-25,Wolves,Fulham,A,0.3648691480586067,0.4020314124997153,2.42,H,0,-0.037162264441108595,0.037162264441108595,0.4132231404958678,-0.04835399243726107,-0.11701666169817182,False,-1.0,2.74,2.42,0.3551797040169133,0.4020314124997153,-0.00025853431941758043,-0.11701666169817182,0
2024-25,2025-02-26,Brentford,Everton,D,0.2794144702179473,0.25611277958338474,3.8,A,0,0.023301690634562555,0.023301690634562555,0.2631578947368421,0.016256575481105207,0.061774986828199596,True,-1.0,3.64,3.8,0.2656910410202536,0.25611277958338474,0.017068671593328144,0.061774986828199596,2
2024-25,2025-02-26,Liverpool,Newcastle,H,0.8329353894109629,0.7073497077487656,1.37,H,1,0.1255856816621973,0.1255856816621973,0.7299270072992701,0.10300838211169283,0.14112148349301923,True,0.3700000000000001,1.53,1.37,0.631051752921536,0.7073497077487656,0.27439114579877333,0.14112148349301923,0
2024-25,2025-02-26,Man United,Ipswich,H,0.6455980215989697,0.639037001131039,1.52,H,1,0.006561020467930723,0.006561020467930723,0.6578947368421053,-0.01229671524313558,-0.018691007169565954,False,0.52,1.53,1.52,0.6289232561957102,0.639037001131039,-0.012235026953576256,-0.018691007169565954,0
2024-25,2025-02-26,Nott'm Forest,Arsenal,D,0.2976162114589923,0.22240714123609953,4.37,H,0,0.07520907022289278,0.07520907022289278,0.22883295194508008,0.06878325951391223,0.3005828440757965,True,-1.0,4.02,4.37,0.2400730024849716,0.22240714123609953,0.19641717006514892,0.3005828440757965,0
2024-25,2025-02-26,Tottenham,Man City,A,0.5233405911788753,0.523917031629402,1.85,A,1,-0.0005764404505266274,0.0005764404505266274,0.5405405405405405,-0.017199949361665134,-0.031819906319080604,False,0.8500000000000001,2.07,1.85,0.46736352510886964,0.523917031629402,0.08331502374027178,-0.031819906319080604,2
2024-25,2025-02-27,West Ham,Leicester,H,0.6074603685849735,0.5426242385617525,1.79,H,1,0.06483613002322108,0.06483613002322108,0.5586592178770949,0.048801150707878604,0.08735405976710275,True,0.79,1.63,1.79,0.5908709810528309,0.5426242385617525,-0.009839599206493244,0.08735405976710275,0
2024-25,2025-03-08,Brentford,Aston Villa,A,0.4960672572903358,0.45193425557558364,2.15,H,0,0.04413300171475215,0.04413300171475215,0.46511627906976744,0.03095097822056836,0.06654460317422184,True,-1.0,2.27,2.15,0.4258229854493876,0.45193425557558364,0.1260726740490623,0.06654460317422184,0
2024-25,2025-03-08,Brighton,Fulham,H,0.5161532615116676,0.483396027301663,2.01,H,1,0.03275723421000465,0.03275723421000465,0.49751243781094534,0.018640823700722287,0.0374680556384519,True,1.0099999999999998,2.0,2.01,0.4836559909674222,0.483396027301663,0.032306523023335254,0.0374680556384519,0
2024-25,2025-03-08,Crystal Palace,Ipswich,H,0.6675438543873151,0.6178109907472688,1.57,H,1,0.049732863640046365,0.049732863640046365,0.6369426751592356,0.030601179228079478,0.04804385138808476,True,0.5700000000000001,1.5,1.57,0.6435690073254027,0.6178109907472688,0.0013157815809727857,0.04804385138808476,0
2024-25,2025-03-08,Liverpool,Southampton,H,0.9579646586447697,0.8777981651376147,1.11,H,1,0.08016649350715499,0.08016649350715499,0.9009009009009008,0.05706375774386885,0.06334077109569436,True,0.1100000000000001,1.12,1.11,0.8580791116560604,0.8777981651376147,0.07292041768214208,0.06334077109569436,0
2024-25,2025-03-08,Nott'm Forest,Man City,H,0.293531200529743,0.24839784416160182,3.91,H,1,0.0451333563681412,0.0451333563681412,0.2557544757033248,0.037776724826418195,0.14770699407129517,True,2.91,3.93,3.91,0.24544082691416227,0.24839784416160182,0.1535776180818902,0.14770699407129517,0
2024-25,2025-03-08,Wolves,Everton,D,0.3803700482534878,0.3378378378378379,2.88,A,0,0.04253221041564992,0.04253221041564992,0.3472222222222222,0.03314782603126559,0.09546573897004484,True,-1.0,2.92,2.88,0.3315060316662478,0.3378378378378379,0.11068054090018431,0.09546573897004484,2
2024-25,2025-03-09,Chelsea,Leicester,H,0.1289740772106996,0.141821509009009,6.85,D,0,-0.012847431798309411,0.012847431798309411,0.14598540145985403,-0.01701132424915444,-0.11652757110670786,False,-1.0,8.05,6.85,0.11886031484452923,0.141821509009009,0.03824132154613169,-0.11652757110670786,1
2024-25,2025-03-09,Man United,Arsenal,D,0.189850429990621,0.1925073989871092,5.05,H,0,-0.002656968996488207,0.002656968996488207,0.19801980198019803,-0.00816937198957704,-0.04125532854736402,False,-1.0,5.61,5.05,0.17188958748151392,0.1925073989871092,0.06506091224738375,-0.04125532854736402,0
2024-25,2025-03-09,Tottenham,Bournemouth,D,0.4382190942676333,0.34032092055476165,2.86,H,0,0.09789817371287163,0.09789817371287163,0.3496503496503497,0.08856874461728359,0.25330660960543105,True,-1.0,2.73,2.86,0.35470572301115805,0.34032092055476165,0.19633812735063882,0.25330660960543105,0
2024-25,2025-03-10,West Ham,Newcastle,A,0.3435651025465593,0.2871948486405527,3.39,H,0,0.056370253906006584,0.056370253906006584,0.2949852507374631,0.048579851809096186,0.16468569763283614,True,-1.0,3.3,3.39,0.2931174089068826,0.2871948486405527,0.13376483840364561,0.16468569763283614,0
2024-25,2025-03-15,Bournemouth,Brentford,A,0.2836693710919249,0.22483789117564135,4.32,A,1,0.05883147991628357,0.05883147991628357,0.23148148148148145,0.05218788961044346,0.2254516831171156,True,3.3200000000000003,4.29,4.32,0.2250867670113182,0.22483789117564135,0.21694160198435797,0.2254516831171156,2
2024-25,2025-03-15,Everton,West Ham,D,0.2721044670338509,0.24793306669304804,3.92,A,0,0.02417140034080284,0.02417140034080284,0.25510204081632654,0.017002426217524347,0.06664951077269543,True,-1.0,3.9,3.92,0.248129142612786,0.24793306669304804,0.061207421432018405,0.06664951077269543,2
2024-25,2025-03-15,Ipswich,Nott'm Forest,A,0.6622696432158238,0.48545754854847367,2.0,A,1,0.17681209466735015,0.17681209466735015,0.5,0.16226964321582382,0.32453928643164764,True,1.0,1.99,2.0,0.48553355335533555,0.48545754854847367,0.31791658999948935,0.32453928643164764,2
2024-25,2025-03-15,Man City,Brighton,D,0.6795238602458278,0.5307213318609119,1.83,H,0,0.14880252838491592,0.14880252838491592,0.5464480874316939,0.13307577281413385,0.24352866424986486,True,-1.0,1.67,1.83,0.5785346870364306,0.5307213318609119,0.13480484661053227,0.24352866424986486,0
2024-25,2025-03-15,Southampton,Wolves,A,0.5578579545203609,0.47060836147101626,2.07,A,1,0.08724959304934465,0.08724959304934465,0.48309178743961356,0.07476616708074735,0.15476596585714697,True,1.0699999999999998,2.08,2.07,0.4648941772584294,0.47060836147101626,0.16034454540235066,0.15476596585714697,2
2024-25,2025-03-16,Arsenal,Chelsea,H,0.604128035053813,0.5606853296619244,1.73,H,1,0.04344270539188855,0.04344270539188855,0.5780346820809249,0.026093352972888062,0.04514150064309641,True,0.73,1.81,1.73,0.532867769849704,0.5606853296619244,0.0934717434474015,0.04514150064309641,0
2024-25,2025-03-16,Fulham,Tottenham,H,0.3288436797533431,0.23806534634820004,4.08,A,0,0.09077833340514307,0.09077833340514307,0.24509803921568626,0.08374564053765685,0.3416822133936399,True,-1.0,3.53,4.08,0.27406946034441365,0.23806534634820004,0.16081818952930105,0.3416822133936399,2
2024-25,2025-03-16,Leicester,Man United,A,0.5377889182454461,0.5318092725907201,1.83,A,1,0.0059796456547259735,0.0059796456547259735,0.5464480874316939,-0.008659169186247873,-0.015846279610833625,False,0.8300000000000001,1.85,1.83,0.5211849865779775,0.5318092725907201,-0.0050905012459246946,-0.015846279610833625,2
2024-25,2025-04-01,Arsenal,Fulham,H,0.738370320478887,0.6452249797626805,1.51,H,1,0.0931453407162065,0.0931453407162065,0.6622516556291391,0.07611866484974783,0.1149391839231193,True,0.51,1.5,1.51,0.6456406914731307,0.6452249797626805,0.10755548071833054,0.1149391839231193,0
2024-25,2025-04-01,Nott'm Forest,Man United,H,0.5097449519537742,0.41392992285738933,2.35,H,1,0.0958150290963849,0.0958150290963849,0.425531914893617,0.0842130370601572,0.1979006370913694,True,1.35,2.36,2.35,0.412225210740635,0.41392992285738933,0.20299808661090712,0.1979006370913694,0
2024-25,2025-04-01,Wolves,West Ham,H,0.3980320292802469,0.40694564752786844,2.39,H,1,-0.008913618247621546,0.008913618247621546,0.41841004184100417,-0.020378012560757275,-0.048703450020209926,False,1.3900000000000001,2.62,2.39,0.37156916516674254,0.40694564752786844,0.04284391671424692,-0.048703450020209926,0
2024-25,2025-04-02,Bournemouth,Ipswich,A,0.1701897461133197,0.12879923674526372,7.52,A,1,0.04139050936805597,0.04139050936805597,0.13297872340425532,0.03721102270906437,0.27982689077216394,True,6.52,7.75,7.52,0.12453961844854568,0.12879923674526372,0.3189705323782277,0.27982689077216394,2
2024-25,2025-04-02,Brighton,Aston Villa,A,0.4824700372091514,0.40895224069009045,2.38,H,0,0.07351779651906093,0.07351779651906093,0.42016806722689076,0.06230196998226062,0.14827868855778026,True,-1.0,2.11,2.38,0.4583611902625285,0.40895224069009045,0.018011778511309418,0.14827868855778026,0
2024-25,2025-04-02,Liverpool,Everton,H,0.801226963723001,0.647109125179908,1.5,H,1,0.1541178385430929,0.1541178385430929,0.6666666666666666,0.13456029705633432,0.20184044558450154,True,0.5,1.36,1.5,0.7092860198697534,0.647109125179908,0.08966867066328144,0.20184044558450154,0
2024-25,2025-04-02,Man City,Leicester,H,0.8806033763235304,0.8071748878923767,1.2,H,1,0.07342848843115368,0.07342848843115368,0.8333333333333334,0.04727004299019699,0.056724051588236346,True,0.19999999999999996,1.2,1.2,0.8012495532582365,0.8071748878923767,0.056724051588236346,0.056724051588236346,0
2024-25,2025-04-02,Newcastle,Brentford,H,0.5632770109579455,0.5685876657783706,1.7,H,1,-0.0053106548204251425,0.0053106548204251425,0.5882352941176471,-0.02495828315970161,-0.042429081371492705,False,0.7,1.74,1.7,0.5541289947980235,0.5685876657783706,-0.019898000933174842,-0.042429081371492705,0
2024-25,2025-04-02,Southampton,Crystal Palace,D,0.6828722961244559,0.5953663263531682,1.63,A,0,0.08750596977128766,0.08750596977128766,0.6134969325153374,0.06937536360911845,0.11308184268286303,True,-1.0,1.63,1.63,0.5926157104814139,0.5953663263531682,0.11308184268286303,0.11308184268286303,2
2024-25,2025-04-03,Chelsea,Tottenham,H,0.2608223422850896,0.20099794635701002,4.83,A,0,0.05982439592807959,0.05982439592807959,0.20703933747412007,0.05378300481096954,0.2597719132369829,True,-1.0,4.59,4.83,0.20976481884097958,0.20099794635701002,0.1971745510885612,0.2597719132369829,2
2024-25,2025-04-05,Aston Villa,Nott'm Forest,H,0.5556768952920244,0.4523617604384975,2.15,H,1,0.10331513485352684,0.10331513485352684,0.46511627906976744,0.09056061622225692,0.1947053248778523,True,1.15,2.0,2.15,0.48348389766223016,0.4523617604384975,0.1113537905840487,0.1947053248778523,0
2024-25,2025-04-05,Crystal Palace,Brighton,H,0.4604868240697472,0.3771368915568315,2.58,H,1,0.08334993251291573,0.08334993251291573,0.38759689922480617,0.07288992484494106,0.18805600609994788,True,1.58,2.5,2.58,0.38690522094547697,0.3771368915568315,0.1512170601743681,0.18805600609994788,0
2024-25,2025-04-05,Everton,Arsenal,D,0.2805011102843877,0.23208761056121616,4.19,H,0,0.04841349972317152,0.04841349972317152,0.2386634844868735,0.04183762579751418,0.17529965209158438,True,-1.0,5.3,4.19,0.18209633813015827,0.23208761056121616,0.4866558845072546,0.17529965209158438,0
2024-25,2025-04-05,Ipswich,Wolves,A,0.4549236681927129,0.3416332927041616,2.85,H,0,0.11329037548855131,0.11329037548855131,0.3508771929824561,0.10404647521025678,0.2965324543492318,True,-1.0,2.78,2.85,0.3486440968702731,0.3416332927041616,0.2646877975757418,0.2965324543492318,0
2024-25,2025-04-05,West Ham,Bournemouth,D,0.4874482262958904,0.4055923030667468,2.4,A,0,0.08185592322914359,0.08185592322914359,0.4166666666666667,0.07078155962922372,0.16987574311013698,True,-1.0,2.38,2.4,0.4065537255736696,0.4055923030667468,0.1601267785842191,0.16987574311013698,2
2024-25,2025-04-06,Brentford,Chelsea,D,0.4947431318171133,0.4022294855840593,2.42,A,0,0.09251364623305403,0.09251364623305403,0.4132231404958678,0.08151999132124554,0.19727837899741418,True,-1.0,2.16,2.42,0.4482299476076071,0.4022294855840593,0.06864516472496485,0.19727837899741418,2
2024-25,2025-04-06,Fulham,Liverpool,H,0.5807891658485812,0.5003268822008535,1.94,A,0,0.08046228364772767,0.08046228364772767,0.5154639175257733,0.06532524832280795,0.12673098174624742,True,-1.0,1.87,1.94,0.5163673536515757,0.5003268822008535,0.08607574013684682,0.12673098174624742,2
2024-25,2025-04-06,Man United,Man City,D,0.3013208088696649,0.2795412873207491,3.48,H,0,0.02177952154891577,0.02177952154891577,0.28735632183908044,0.01396448703058445,0.048596414866433735,True,-1.0,3.39,3.48,0.2854717412361373,0.2795412873207491,0.0214775420681641,0.048596414866433735,0
2024-25,2025-04-06,Tottenham,Southampton,H,0.7938714280916364,0.7057229849512286,1.37,H,1,0.0881484431404077,0.0881484431404077,0.7299270072992701,0.06394442079236629,0.08760385648554192,True,0.3700000000000001,1.39,1.37,0.6915202668008097,0.7057229849512286,0.10348128504737453,0.08760385648554192,0
2024-25,2025-04-07,Leicester,Newcastle,A,0.1777120330641934,0.13030990874137213,7.45,H,0,0.04740212432282126,0.04740212432282126,0.1342281879194631,0.043483845144730304,0.3239546463282408,True,-1.0,6.61,7.45,0.1458527362109016,0.13030990874137213,0.1746765385543183,0.3239546463282408,0
2024-25,2025-04-12,Arsenal,Brentford,D,0.7419972262364095,0.5994145327751746,1.62,H,0,0.14258269346123487,0.14258269346123487,0.6172839506172839,0.1247132756191256,0.20203550650298352,True,-1.0,1.63,1.62,0.5911474612312368,0.5994145327751746,0.20945547876534754,0.20203550650298352,0
2024-25,2025-04-12,Brighton,Leicester,D,0.1400010163147962,0.08841855712618668,10.93,A,0,0.051582459188609514,0.051582459188609514,0.09149130832570906,0.04850970798908713,0.5302111083207224,True,-1.0,10.93,10.93,0.0874111216713572,0.08841855712618668,0.5302111083207224,0.5302111083207224,2
2024-25,2025-04-12,Man City,Crystal Palace,H,0.6585953107483062,0.5929631439520588,1.64,H,1,0.0656321667962474,0.0656321667962474,0.6097560975609756,0.04883921318733064,0.08009630962722225,True,0.6399999999999999,1.5,1.64,0.6422820637019389,0.5929631439520588,-0.01210703387754064,0.08009630962722225,0
2024-25,2025-04-12,Nott'm Forest,Everton,A,0.4958843664978285,0.4887039357568546,1.99,H,0,0.007180430740973909,0.007180430740973909,0.5025125628140703,-0.006628196316241786,-0.013190110669321298,False,-1.0,2.13,1.99,0.45397630034011394,0.4887039357568546,0.056233700640374806,-0.013190110669321298,0
2024-25,2025-04-12,Southampton,Aston Villa,A,0.6510309907262022,0.6347887382708621,1.53,A,1,0.016242252455340056,0.016242252455340056,0.6535947712418301,-0.0025637805156278892,-0.003922584188910672,False,0.53,1.56,1.53,0.6177632507734753,0.6347887382708621,0.01560834553287549,-0.003922584188910672,2
2024-25,2025-04-13,Chelsea,Ipswich,D,0.1532613181899071,0.07030444170048179,13.76,A,0,0.0829568764894253,0.0829568764894253,0.07267441860465117,0.08058689958525593,1.1088757382931216,True,-1.0,10.14,13.76,0.09438898861370726,0.07030444170048179,0.554069766445658,1.1088757382931216,2
2024-25,2025-04-13,Liverpool,West Ham,H,0.7998158909729174,0.7528872694647508,1.28,H,1,0.04692862150816657,0.04692862150816657,0.78125,0.018565890972917387,0.023764340445334264,True,0.28,1.3,1.28,0.7427273815580762,0.7528872694647508,0.03976065826479269,0.023764340445334264,0
2024-25,2025-04-13,Newcastle,Man United,H,0.2327598421986129,0.17802872408958276,5.45,A,0,0.05473111810903014,0.05473111810903014,0.18348623853211007,0.049273603666502824,0.26854113998244045,True,-1.0,4.97,5.45,0.19408114376350738,0.17802872408958276,0.15681641572710614,0.26854113998244045,2
2024-25,2025-04-13,Wolves,Tottenham,H,0.4188638174273453,0.3076510275759718,3.16,A,0,0.1112127898513735,0.1112127898513735,0.3164556962025316,0.10240812122481369,0.3236096630704113,True,-1.0,3.23,3.16,0.29937274282455806,0.3076510275759718,0.3529301302903254,0.3236096630704113,2
2024-25,2025-04-14,Bournemouth,Fulham,H,0.478920737645584,0.43434135813571084,2.24,H,1,0.044579379509873174,0.044579379509873174,0.4464285714285714,0.03249216621701262,0.07278245232610825,True,1.2400000000000002,2.16,2.24,0.44765698526997744,0.43434135813571084,0.03446879331446162,0.07278245232610825,0
2024-25,2025-04-16,Newcastle,Crystal Palace,H,0.6916695237775969,0.5741637831603229,1.68,H,1,0.11750574061727403,0.11750574061727403,0.5952380952380952,0.0964314285395017,0.16200479994636274,True,0.6799999999999999,1.72,1.68,0.5604440029569395,0.5741637831603229,0.18967158089746672,0.16200479994636274,0
2024-25,2025-04-19,Aston Villa,Newcastle,H,0.4762646027749717,0.35647944234857043,2.71,A,0,0.11978516042640125,0.11978516042640125,0.36900369003690037,0.10726091273807131,0.29067707352017313,True,-1.0,2.92,2.71,0.33155619813551407,0.35647944234857043,0.3906926401029174,0.29067707352017313,2
2024-25,2025-04-19,Brentford,Brighton,H,0.4607527394023041,0.36020894844424256,2.7,H,1,0.10054379095806154,0.10054379095806154,0.37037037037037035,0.09038236903193375,0.2440323963862212,True,1.7000000000000002,2.56,2.7,0.3782146811273843,0.36020894844424256,0.17952701286989847,0.2440323963862212,0
2024-25,2025-04-19,Crystal Palace,Bournemouth,D,0.4845223907824773,0.37594637494147604,2.59,H,0,0.10857601584100124,0.10857601584100124,0.3861003861003861,0.09842200468209117,0.254912992126616,True,-1.0,2.59,2.59,0.37408754239653713,0.37594637494147604,0.254912992126616,0.254912992126616,0
2024-25,2025-04-19,Everton,Man City,A,0.307000627706374,0.23545284172861874,4.13,H,0,0.07154778597775524,0.07154778597775524,0.24213075060532688,0.06486987710104711,0.26791259242732446,True,-1.0,3.79,4.13,0.2552393233033715,0.23545284172861874,0.16353237900715745,0.26791259242732446,0
2024-25,2025-04-19,West Ham,Southampton,D,0.1622667187226062,0.18442869471977405,5.25,A,0,-0.02216197599716785,0.02216197599716785,0.19047619047619047,-0.028209471753584264,-0.14809972670631744,False,-1.0,6.49,5.25,0.14848965726053223,0.18442869471977405,0.05311100450971429,-0.14809972670631744,2
2024-25,2025-04-20,Fulham,Chelsea,A,0.3765896977078994,0.3090031904131974,3.15,H,0,0.067586507294702,0.067586507294702,0.31746031746031744,0.059129380247581964,0.18625754777988313,True,-1.0,2.9,3.15,0.33326947025577164,0.3090031904131974,0.09211012335290825,0.18625754777988313,0
2024-25,2025-04-20,Ipswich,Arsenal,A,0.7045326614569929,0.7062807480594726,1.37,A,1,-0.0017480866024797148,0.0017480866024797148,0.7299270072992701,-0.025394345842277177,-0.034790253803919646,False,0.3700000000000001,1.41,1.37,0.6830555102599035,0.7062807480594726,-0.006608947345640104,-0.034790253803919646,2
2024-25,2025-04-20,Leicester,Liverpool,A,0.7964421370232371,0.7945044240603946,1.22,A,1,0.0019377129628425083,0.0019377129628425083,0.819672131147541,-0.023229994124303932,-0.0283405928316508,False,0.21999999999999997,1.23,1.22,0.7798465582360256,0.7945044240603946,-0.020376171461418457,-0.0283405928316508,2
2024-25,2025-04-20,Man United,Wolves,A,0.5376297687488514,0.37433155080213903,2.6,H,0,0.16329821794671234,0.16329821794671234,0.3846153846153846,0.1530143841334668,0.3978373987470136,True,-1.0,2.01,2.6,0.4807930349397215,0.37433155080213903,0.08063583518519124,0.3978373987470136,0
2024-25,2025-04-21,Tottenham,Nott'm Forest,A,0.5044681784487649,0.4064429228869682,2.4,H,0,0.0980252555617967,0.0980252555617967,0.4166666666666667,0.08780151178209822,0.21072362827703572,True,-1.0,2.52,2.4,0.38410280818657777,0.4064429228869682,0.2712598096908876,0.21072362827703572,0
2024-25,2025-04-22,Man City,Aston Villa,H,0.6835780756981482,0.5120939743532574,1.91,H,1,0.17148410134489078,0.17148410134489078,0.5235602094240838,0.16001786627406445,0.30563412458346306,True,0.9099999999999999,1.87,1.91,0.5195580580723633,0.5120939743532574,0.2782910015555373,0.30563412458346306,0
2024-25,2025-04-23,Arsenal,Crystal Palace,D,0.8362067211491504,0.6932380428807037,1.4,H,0,0.14296867826844672,0.14296867826844672,0.7142857142857143,0.1219210068634361,0.17068940960881052,True,-1.0,1.42,1.4,0.6791967367430185,0.6932380428807037,0.18741354403179344,0.17068940960881052,0
2024-25,2025-04-26,Brighton,West Ham,H,0.2318118772226956,0.21707889423164378,4.46,A,0,0.01473298299105183,0.01473298299105183,0.2242152466367713,0.007596630585924302,0.03388097241322252,True,-1.0,4.75,4.46,0.20304279823688326,0.21707889423164378,0.10110641680780419,0.03388097241322252,2
2024-25,2025-04-26,Chelsea,Everton,H,0.2346280695357707,0.12947523295733204,7.5,A,0,0.10515283657843866,0.10515283657843866,0.13333333333333333,0.10129473620243737,0.7597105215182802,True,-1.0,6.05,7.5,0.1592368541259326,0.12947523295733204,0.4194998206914127,0.7597105215182802,2
2024-25,2025-04-26,Newcastle,Ipswich,H,0.0894470663712287,0.05550594407545905,17.5,A,0,0.033941122295769656,0.033941122295769656,0.05714285714285714,0.032304209228371565,0.5653236614965023,True,-1.0,14.29,17.5,0.06715030553828949,0.05550594407545905,0.2781985784448582,0.5653236614965023,2
2024-25,2025-04-26,Southampton,Fulham,A,0.6309054672120412,0.5748884850487362,1.68,A,1,0.056016982163304974,0.056016982163304974,0.5952380952380952,0.03566737197394598,0.05992118491622911,True,0.6799999999999999,1.64,1.68,0.5878610510243033,0.5748884850487362,0.03468496622774753,0.05992118491622911,2
2024-25,2025-04-26,Wolves,Leicester,H,0.2034289460629447,0.16019632334027756,6.03,A,0,0.04323262272266715,0.04323262272266715,0.16583747927031509,0.03759146679262962,0.22667654475955668,True,-1.0,6.49,6.03,0.14862896155291336,0.16019632334027756,0.3202538599485112,0.22667654475955668,2
2024-25,2025-04-27,Bournemouth,Man United,D,0.2609066626954058,0.2614137993590131,3.72,A,0,-0.0005071366636072994,0.0005071366636072994,0.26881720430107525,-0.007910541605669452,-0.029427214773090404,False,-1.0,4.86,3.72,0.19812763668756406,0.2614137993590131,0.2680063806996722,-0.029427214773090404,2
2024-25,2025-04-27,Liverpool,Tottenham,H,0.1665821719501266,0.12190391754862305,7.95,D,0,0.04467825440150354,0.04467825440150354,0.12578616352201258,0.04079600842811401,0.32432826700350637,True,-1.0,6.89,7.95,0.13918186596424667,0.12190391754862305,0.14775116473637206,0.32432826700350637,1
2024-25,2025-05-01,Nott'm Forest,Brentford,A,0.4968393317526398,0.4200298467553398,2.35,H,0,0.0768094849973,0.0768094849973,0.425531914893617,0.07130741685902275,0.16757242961870356,True,-1.0,2.2,2.35,0.43990699454034404,0.4200298467553398,0.09304652985580764,0.16757242961870356,0
2024-25,2025-05-02,Man City,Wolves,H,0.7629314451214328,0.7278495777539308,1.33,H,1,0.03508186736750207,0.03508186736750207,0.7518796992481203,0.01105174587331259,0.014698822011505852,True,0.33000000000000007,1.41,1.33,0.6876126550383912,0.7278495777539308,0.07573333762122036,0.014698822011505852,0
2024-25,2025-05-03,Arsenal,Bournemouth,A,0.7659845609571204,0.5764304013663535,1.68,H,0,0.18955415959076694,0.18955415959076694,0.5952380952380952,0.1707464657190252,0.2868540624079623,True,-1.0,2.07,1.68,0.4668379038016776,0.5764304013663535,0.5855880411812391,0.2868540624079623,0
2024-25,2025-05-03,Aston Villa,Fulham,H,0.5532493114971531,0.5163670718006332,1.88,H,1,0.036882239696519825,0.036882239696519825,0.5319148936170213,0.021334417880131795,0.04010870561464763,True,0.8799999999999999,1.82,1.88,0.5302717653773543,0.5163670718006332,0.006913746924818609,0.04010870561464763,0
2024-25,2025-05-03,Everton,Ipswich,D,0.1523593933629969,0.15884967517112047,6.09,A,0,-0.0064902818081235825,0.0064902818081235825,0.16420361247947454,-0.01184421911647765,-0.07213129441934896,False,-1.0,7.28,6.09,0.1322848441867256,0.15884967517112047,0.1091763836826174,-0.07213129441934896,2
2024-25,2025-05-03,Leicester,Southampton,H,0.2654094387008162,0.2692500878050991,3.61,D,0,-0.003840649104282945,0.003840649104282945,0.2770083102493075,-0.011598871548491319,-0.04187192629005365,False,-1.0,3.7,3.61,0.2615076391216422,0.2692500878050991,-0.017985076806980138,-0.04187192629005365,1
2024-25,2025-05-04,Brentford,Man United,H,0.5836392439989871,0.5838237766941314,1.65,H,1,-0.0001845326951442905,0.0001845326951442905,0.6060606060606061,-0.022421362061618932,-0.03699524740167126,False,0.6499999999999999,1.7,1.65,0.567024128686327,0.5838237766941314,-0.007813285201721865,-0.03699524740167126,0
2024-25,2025-05-04,Brighton,Newcastle,D,0.5167653283239285,0.4301609232471974,2.26,A,0,0.08660440507673112,0.08660440507673112,0.4424778761061947,0.07428745221773381,0.16788964201207834,True,-1.0,2.33,2.26,0.41530087197396737,0.4301609232471974,0.20406321499475344,0.16788964201207834,2
2024-25,2025-05-04,Chelsea,Liverpool,H,0.4658454516863494,0.330151451687573,2.95,A,0,0.1356939999987764,0.1356939999987764,0.3389830508474576,0.12686240083889178,0.37424408247473084,True,-1.0,3.21,2.95,0.3016627857400544,0.330151451687573,0.4953638999131815,0.37424408247473084,2
2024-25,2025-05-04,West Ham,Tottenham,D,0.392041897402164,0.22991489294759865,4.22,A,0,0.16212700445456535,0.16212700445456535,0.23696682464454977,0.15507507275761423,0.6544168070371319,True,-1.0,3.5,4.22,0.2761645083898709,0.22991489294759865,0.372146640907574,0.6544168070371319,2
2024-25,2025-05-05,Crystal Palace,Nott'm Forest,D,0.5048855448187322,0.4441624365482234,2.19,H,0,0.06072310827050875,0.06072310827050875,0.4566210045662101,0.04826454025252208,0.10569934315302332,True,-1.0,2.31,2.19,0.4189917379680152,0.4441624365482234,0.1662856085312714,0.10569934315302332,0
2024-25,2025-05-10,Bournemouth,Aston Villa,A,0.4100347776847688,0.3715330575999026,2.62,H,0,0.03850172008486619,0.03850172008486619,0.38167938931297707,0.028355388371791745,0.07429111753409434,True,-1.0,2.46,2.62,0.39356256229047754,0.3715330575999026,0.00868555310453134,0.07429111753409434,0
2024-25,2025-05-10,Fulham,Everton,A,0.3314248552423252,0.1957600799851355,4.94,A,1,0.13566477525718967,0.13566477525718967,0.20242914979757085,0.12899570544475433,0.6372387848970864,True,3.9400000000000004,4.45,4.94,0.216754241201908,0.1957600799851355,0.4748406058283472,0.6372387848970864,2
2024-25,2025-05-10,Ipswich,Brentford,A,0.2580485143669941,0.16556094662837906,5.83,H,0,0.09248756773861505,0.09248756773861505,0.17152658662092624,0.08652192774606787,0.5044228387595757,True,-1.0,5.1,5.83,0.18926165045388568,0.16556094662837906,0.3160474232716699,0.5044228387595757,0
2024-25,2025-05-10,Southampton,Man City,D,0.8358828767362713,0.8142769898893941,1.19,A,0,0.021605886846877143,0.021605886846877143,0.8403361344537815,-0.004453257717510262,-0.005299376683837287,False,-1.0,1.19,1.19,0.8061298860715793,0.8142769898893941,-0.005299376683837287,-0.005299376683837287,2
2024-25,2025-05-10,Wolves,Brighton,A,0.3834920135031988,0.3158861585154815,3.08,H,0,0.06760585498771726,0.06760585498771726,0.3246753246753247,0.05881668882787411,0.18115540158985222,True,-1.0,2.76,3.08,0.35052539912917274,0.3158861585154815,0.0584379572688285,0.18115540158985222,0
2024-25,2025-05-11,Liverpool,Arsenal,D,0.291128240292525,0.3018867924528302,3.22,A,0,-0.01075855216030519,0.01075855216030519,0.3105590062111801,-0.019430765918655113,-0.06256706625806951,False,-1.0,3.71,3.22,0.2609823700794658,0.3018867924528302,0.08008577148526763,-0.06256706625806951,2
2024-25,2025-05-11,Man United,West Ham,A,0.5279480704242785,0.4786933596738965,2.02,H,0,0.049254710750382014,0.049254710750382014,0.49504950495049505,0.03289856547378345,0.06645510225704254,True,-1.0,1.93,2.02,0.5002026807459992,0.4786933596738965,0.018939775918857427,0.06645510225704254,0
2024-25,2025-05-11,Newcastle,Chelsea,H,0.5394493906410893,0.4250524744795745,2.29,H,1,0.11439691616151482,0.11439691616151482,0.4366812227074236,0.10276816793366572,0.2353391045680946,True,1.29,2.15,2.29,0.44958553018051006,0.4250524744795745,0.1598161898783419,0.2353391045680946,0
2024-25,2025-05-11,Nott'm Forest,Leicester,D,0.1411399638306332,0.12173251279489856,7.91,A,0,0.019407451035734644,0.019407451035734644,0.1264222503160556,0.014717713514577596,0.11641711390030873,True,-1.0,8.99,7.91,0.10722869717651055,0.12173251279489856,0.2688482748373926,0.11641711390030873,2
2024-25,2025-05-11,Tottenham,Crystal Palace,A,0.4475398828794441,0.31038028231077686,3.13,H,0,0.13715960056866722,0.13715960056866722,0.3194888178913738,0.12805106498807028,0.4007998334126599,True,-1.0,2.69,3.13,0.3599314964687339,0.31038028231077686,0.20388228494570448,0.4007998334126599,0
2024-25,2025-05-16,Aston Villa,Tottenham,H,0.2162648766589268,0.08848314606741574,11.0,A,0,0.12778173059151104,0.12778173059151104,0.09090909090909091,0.12535578574983589,1.378913643248195,True,-1.0,8.61,11.0,0.11231012440717576,0.08848314606741574,0.8620405880333597,1.378913643248195,2
2024-25,2025-05-16,Chelsea,Man United,H,0.2016915109011525,0.16922473284556974,5.75,A,0,0.03246677805558276,0.03246677805558276,0.17391304347826086,0.02777846742289164,0.15972618768162694,True,-1.0,6.68,5.75,0.14471212789215895,0.16922473284556974,0.34729929281969874,0.15972618768162694,2
2024-25,2025-05-18,Arsenal,Newcastle,H,0.5480113735415283,0.5001724252271371,1.94,H,1,0.04783894831439117,0.04783894831439117,0.5154639175257733,0.03254745601575504,0.06314206467056493,True,0.94,2.03,1.94,0.4768568914609251,0.5001724252271371,0.1124630882893023,0.06314206467056493,0
2024-25,2025-05-18,Brentford,Fulham,A,0.5617822784278941,0.4700054690684121,2.07,H,0,0.09177680935948196,0.09177680935948196,0.48309178743961356,0.07869049098828051,0.16288931634574055,True,-1.0,1.96,2.07,0.4928994805159575,0.4700054690684121,0.10109326571867228,0.16288931634574055,0
2024-25,2025-05-18,Everton,Southampton,H,0.7355799153537246,0.6770266257547264,1.43,H,1,0.05855328959899819,0.05855328959899819,0.6993006993006994,0.0362792160530252,0.051879278955826,True,0.42999999999999994,1.4,1.43,0.6865046102263203,0.6770266257547264,0.02981188149521441,0.051879278955826,0
2024-25,2025-05-18,Leicester,Ipswich,H,0.3884374183300209,0.3129912260490156,3.11,A,0,0.0754461922810053,0.0754461922810053,0.3215434083601286,0.06689400996989225,0.20804037100636497,True,-1.0,2.97,3.11,0.32606606131195365,0.3129912260490156,0.15365913244016216,0.20804037100636497,2
2024-25,2025-05-18,West Ham,Nott'm Forest,A,0.4012898084987455,0.31881371640407785,3.05,H,0,0.08247609209466766,0.08247609209466766,0.3278688524590164,0.07342095603972909,0.22393391592117373,True,-1.0,2.84,3.05,0.3404413703261426,0.31881371640407785,0.13966305613643715,0.22393391592117373,0
2024-25,2025-05-19,Brighton,Liverpool,H,0.5141076550373556,0.31456615457389514,3.09,A,0,0.19954150046346042,0.19954150046346042,0.3236245954692557,0.19048305956809986,0.5885926540654287,True,-1.0,2.49,3.09,0.3882317475270843,0.31456615457389514,0.28012806104301546,0.5885926540654287,2
2024-25,2025-05-20,Crystal Palace,Wolves,H,0.4691689417373348,0.4023507204621963,2.41,H,1,0.06681822127513853,0.06681822127513853,0.41493775933609955,0.054231182401235256,0.13069714958697687,True,1.4100000000000001,2.29,2.41,0.42280545569967354,0.4023507204621963,0.0743968765784968,0.13069714958697687,0
2024-25,2025-05-20,Man City,Bournemouth,H,0.7016228401251138,0.723800443085897,1.34,H,1,-0.022177602960783194,0.022177602960783194,0.7462686567164178,-0.044645816591304066,-0.05982539423234745,False,0.3400000000000001,1.57,1.34,0.6143629673498315,0.723800443085897,0.10154785899642871,-0.05982539423234745,0
2024-25,2025-05-25,Bournemouth,Leicester,H,0.1719510729698651,0.10737740944827363,9.01,A,0,0.06457366352159145,0.06457366352159145,0.11098779134295228,0.06096328162691281,0.5492791674584845,True,-1.0,8.37,9.01,0.115148830616584,0.10737740944827363,0.4392304807577707,0.5492791674584845,2
2024-25,2025-05-25,Fulham,Man City,A,0.2208342204242295,0.15288586822551675,6.32,H,0,0.06794835219871276,0.06794835219871276,0.1582278481012658,0.0626063723229637,0.3956722730811306,True,-1.0,5.54,6.32,0.1741568997721628,0.15288586822551675,0.22342158115023159,0.3956722730811306,0
2024-25,2025-05-25,Ipswich,West Ham,A,0.4589104882360684,0.4358811965280041,2.23,A,1,0.02302929170806428,0.02302929170806428,0.4484304932735426,0.010479994962525774,0.023370388766432493,True,1.23,2.24,2.23,0.43176386058037736,0.4358811965280041,0.027959493648793243,0.023370388766432493,2
2024-25,2025-05-25,Liverpool,Crystal Palace,D,0.7230860575060672,0.7033564928075156,1.38,H,0,0.019729564698551694,0.019729564698551694,0.7246376811594204,-0.0015516236533531513,-0.00214124064162724,False,-1.0,1.42,1.38,0.6787620064034151,0.7033564928075156,0.026782201658615445,-0.00214124064162724,0
2024-25,2025-05-25,Man United,Aston Villa,H,0.4123592089455571,0.20112539928662615,4.82,H,1,0.21123380965893096,0.21123380965893096,0.20746887966804978,0.20489032927750733,0.9875713871175853,True,3.8200000000000003,4.4,4.82,0.2192213507470632,0.20112539928662615,0.8143805193604514,0.9875713871175853,0
2024-25,2025-05-25,Newcastle,Everton,A,0.2224232481897849,0.092872782854544,10.36,A,1,0.1295504653352409,0.1295504653352409,0.09652509652509653,0.12589815166468837,1.3043048512461715,True,9.36,8.55,10.36,0.11248454882571075,0.092872782854544,0.9017187720226612,1.3043048512461715,2
2024-25,2025-05-25,Nott'm Forest,Chelsea,A,0.4426091824806774,0.27814755788881595,3.5,H,0,0.16446162459186142,0.16446162459186142,0.2857142857142857,0.15689489676639168,0.5491321386823709,True,-1.0,3.15,3.5,0.30706071909417976,0.27814755788881595,0.3942189248141337,0.5491321386823709,0
2024-25,2025-05-25,Southampton,Arsenal,A,0.8708509442205832,0.7705965844882608,1.25,A,1,0.10025435973232233,0.10025435973232233,0.8,0.07085094422058313,0.08856368027572903,True,0.25,1.3,1.25,0.7354872149274361,0.7705965844882608,0.13210622748675815,0.08856368027572903,2
2024-25,2025-05-25,Tottenham,Brighton,A,0.4464454957400025,0.2539268891740991,3.83,H,0,0.19251860656590336,0.19251860656590336,0.2610966057441253,0.18534888999587718,0.7098862486842095,True,-1.0,4.33,3.83,0.22271078314138268,0.2539268891740991,0.9331089965542108,0.7098862486842095,0
2024-25,2025-05-25,Wolves,Brentford,D,0.4615526267241435,0.4211036885155544,2.31,A,0,0.04044893820858908,0.04044893820858908,0.4329004329004329,0.028652193823710592,0.06618656773277154,True,-1.0,2.45,2.31,0.39465677849774544,0.4211036885155544,0.1308039354741517,0.06618656773277154,2
