Season,Date,HomeTeam,AwayTeam,Fold,EvaluationSeason,ActualHomeGoals,ActualAwayGoals,ExpectedHomeGoals,ExpectedAwayGoals
2020-21,2020-09-12,Crystal Palace,Southampton,1,2020-21,1,0,1.4109732892841458,1.5151667128191637
2020-21,2020-09-12,Fulham,Arsenal,1,2020-21,0,3,1.1058736745973925,2.0165679212213017
2020-21,2020-09-12,Liverpool,Leeds,1,2020-21,4,3,3.080459063366752,0.7559126572506534
2020-21,2020-09-12,West Ham,Newcastle,1,2020-21,0,2,1.4566976141553618,1.4191868780090127
2020-21,2020-09-13,Tottenham,Everton,1,2020-21,0,1,1.7520031334686437,1.0818138214467496
2020-21,2020-09-13,West Brom,Leicester,1,2020-21,0,3,1.1007350273563767,1.5779041504245328
2020-21,2020-09-14,Brighton,Chelsea,1,2020-21,1,3,1.0984178548199084,1.4680328837686079
2020-21,2020-09-14,Sheffield United,Wolves,1,2020-21,0,2,1.413780616404243,1.4268774985711532
2020-21,2020-09-19,Arsenal,West Ham,1,2020-21,2,1,1.9489312495273374,0.6457931908346113
2020-21,2020-09-19,Everton,West Brom,1,2020-21,5,2,1.4768384135276016,0.7107396126063663
2020-21,2020-09-19,Leeds,Fulham,1,2020-21,4,3,1.4606188205748933,0.8736576773761004
2020-21,2020-09-19,Man United,Crystal Palace,1,2020-21,1,3,1.8404377357163482,0.8269517508455315
2020-21,2020-09-20,Chelsea,Liverpool,1,2020-21,0,2,1.4660498037853007,1.6120731387203504
2020-21,2020-09-20,Leicester,Burnley,1,2020-21,4,2,1.8086383309067449,1.254314739257722
2020-21,2020-09-20,Newcastle,Brighton,1,2020-21,0,3,1.4800225428795186,1.0307390868924982
2020-21,2020-09-20,Southampton,Tottenham,1,2020-21,2,5,1.2841850559862822,1.5201316942840701
2020-21,2020-09-21,Aston Villa,Sheffield United,1,2020-21,1,0,0.976751871897729,1.3600063266173195
2020-21,2020-09-21,Wolves,Man City,1,2020-21,1,3,1.3655329466153519,1.8766314860370332
2020-21,2020-09-26,Brighton,Man United,1,2020-21,2,3,1.1250649517522608,1.755684054529851
2020-21,2020-09-26,Burnley,Southampton,1,2020-21,0,1,1.2550036544539627,0.9293555693840706
2020-21,2020-09-26,Crystal Palace,Everton,1,2020-21,1,2,1.2370155258745934,1.4903483300635987
2020-21,2020-09-26,West Brom,Chelsea,1,2020-21,3,3,0.9268926120312275,2.1871204050920006
2020-21,2020-09-27,Man City,Leicester,1,2020-21,2,5,1.8262246488759284,0.8268705170490077
2020-21,2020-09-27,Sheffield United,Leeds,1,2020-21,0,1,1.4051220317011033,1.2764587750107979
2020-21,2020-09-27,Tottenham,Newcastle,1,2020-21,1,1,1.6603767314368398,0.9607621790984446
2020-21,2020-09-27,West Ham,Wolves,1,2020-21,4,0,1.2021251571820564,1.565762111066001
2020-21,2020-09-28,Fulham,Aston Villa,1,2020-21,0,3,1.3081790184259288,1.4757803253490345
2020-21,2020-09-28,Liverpool,Arsenal,1,2020-21,3,1,2.5471299326337458,0.7999800781265233
2020-21,2020-10-03,Chelsea,Crystal Palace,1,2020-21,4,0,1.6624317303528058,0.9761795314197763
2020-21,2020-10-03,Everton,Brighton,1,2020-21,4,2,1.6987281412459987,0.9274723521499875
2020-21,2020-10-03,Leeds,Man City,1,2020-21,1,1,1.1038306293970854,2.0101837960860705
2020-21,2020-10-03,Newcastle,Burnley,1,2020-21,3,1,1.2666850785254282,1.1331000765469197
2020-21,2020-10-04,Arsenal,Sheffield United,1,2020-21,2,1,1.5856457591727928,0.76765923958281
2020-21,2020-10-04,Aston Villa,Liverpool,1,2020-21,7,2,0.6309615517590057,2.7534075191682876
2020-21,2020-10-04,Leicester,West Ham,1,2020-21,0,3,1.835062671632203,0.9421774298977588
2020-21,2020-10-04,Man United,Tottenham,1,2020-21,1,6,1.5188060118769975,0.9895065746673607
2020-21,2020-10-04,Southampton,West Brom,1,2020-21,2,0,1.4909804109039788,1.1118990235551496
2020-21,2020-10-04,Wolves,Fulham,1,2020-21,1,0,1.6074146240300102,0.8142958005453159
2020-21,2020-10-17,Chelsea,Southampton,1,2020-21,3,3,1.8187693555820856,0.9933006750336747
2020-21,2020-10-17,Everton,Liverpool,1,2020-21,2,2,1.3377541706253102,1.6823674411780076
2020-21,2020-10-17,Man City,Arsenal,1,2020-21,1,0,1.760284506181245,1.0579291273720806
2020-21,2020-10-17,Newcastle,Man United,1,2020-21,1,4,1.2090635407806287,1.5051181106817866
2020-21,2020-10-18,Crystal Palace,Brighton,1,2020-21,1,1,1.352124302533399,1.1696172902070314
2020-21,2020-10-18,Leicester,Aston Villa,1,2020-21,0,1,1.812949423792986,0.9841210691159284
2020-21,2020-10-18,Sheffield United,Fulham,1,2020-21,1,1,1.5672271174820753,0.8226348017366304
2020-21,2020-10-18,Tottenham,West Ham,1,2020-21,3,3,1.8533801745712253,0.9229513068258108
2020-21,2020-10-19,Leeds,Wolves,1,2020-21,0,1,1.2199474830857335,1.2454946125351931
2020-21,2020-10-19,West Brom,Burnley,1,2020-21,0,0,1.2041143991520484,1.2829366912843874
2020-21,2020-10-23,Aston Villa,Leeds,1,2020-21,0,3,1.2534797905462904,0.9304201519493975
2020-21,2020-10-24,Fulham,Crystal Palace,1,2020-21,1,2,1.206792681143414,1.3356032103880116
2020-21,2020-10-24,Liverpool,Sheffield United,1,2020-21,2,1,3.3726289371018767,0.4439331761142671
2020-21,2020-10-24,Man United,Chelsea,1,2020-21,0,0,1.2158009927265305,1.2876331536853944
2020-21,2020-10-24,West Ham,Man City,1,2020-21,1,1,1.147071092735811,1.9331601097673015
2020-21,2020-10-25,Arsenal,Leicester,1,2020-21,0,1,1.4394686359772257,1.031825903047554
2020-21,2020-10-25,Southampton,Everton,1,2020-21,2,0,1.230358844468841,1.6370853364892244
2020-21,2020-10-25,Wolves,Newcastle,1,2020-21,1,1,1.6315046565064857,0.9547331510840713
2020-21,2020-10-26,Brighton,West Brom,1,2020-21,1,1,1.6131235933520247,0.9047930902822027
2020-21,2020-10-26,Burnley,Tottenham,1,2020-21,0,1,0.9498217679532297,2.0058054474985507
2020-21,2020-10-30,Wolves,Crystal Palace,1,2020-21,2,0,1.6146544833771905,0.9057478107308623
2020-21,2020-10-31,Burnley,Chelsea,1,2020-21,0,3,1.1066578287823665,1.3297562522994737
2020-21,2020-10-31,Liverpool,West Ham,1,2020-21,2,1,2.752580129766494,0.63137120120247
2020-21,2020-10-31,Sheffield United,Man City,1,2020-21,0,1,1.2159939058022966,1.9568578163721135
2020-21,2020-11-01,Aston Villa,Southampton,1,2020-21,3,4,1.1041956004182112,1.1444410722997966
2020-21,2020-11-01,Man United,Arsenal,1,2020-21,0,1,1.7264325818380384,1.0806797570420508
2020-21,2020-11-01,Newcastle,Everton,1,2020-21,2,1,1.1094590792895525,1.6455315842465033
2020-21,2020-11-01,Tottenham,Brighton,1,2020-21,2,1,1.8363834590592338,0.7333278953857759
2020-21,2020-11-02,Fulham,West Brom,1,2020-21,2,0,1.3190197388322402,1.0081763324298272
2020-21,2020-11-02,Leeds,Leicester,1,2020-21,1,4,1.3861640793080785,1.3403689043714153
2020-21,2020-11-06,Brighton,Burnley,1,2020-21,0,0,1.6486996942317382,1.0338536983032456
2020-21,2020-11-06,Southampton,Newcastle,1,2020-21,2,0,1.6688141417999018,1.0858814659726979
2020-21,2020-11-07,Chelsea,Sheffield United,1,2020-21,4,1,2.00909978300057,0.6228502017710723
2020-21,2020-11-07,Crystal Palace,Leeds,1,2020-21,4,1,1.4495140041153591,1.3800382873329533
2020-21,2020-11-07,Everton,Man United,1,2020-21,1,3,1.7032361806143272,1.1735515453885152
2020-21,2020-11-07,West Ham,Fulham,1,2020-21,1,0,1.676638795709818,0.87352614178926
2020-21,2020-11-08,Arsenal,Aston Villa,1,2020-21,0,3,1.5528212586914092,0.9274402828168022
2020-21,2020-11-08,Leicester,Wolves,1,2020-21,1,0,1.805984694220157,0.9364185705603418
2020-21,2020-11-08,Man City,Liverpool,1,2020-21,1,1,1.6582628915603492,1.3529684513347922
2020-21,2020-11-08,West Brom,Tottenham,1,2020-21,0,1,0.940567359229095,1.946126423516107
2020-21,2020-11-21,Aston Villa,Brighton,1,2020-21,1,2,1.4001019285879515,1.0026902651860903
2020-21,2020-11-21,Man United,West Brom,1,2020-21,1,0,2.2114572484218984,0.6208882849679556
2020-21,2020-11-21,Newcastle,Chelsea,1,2020-21,0,2,1.0826549942663002,1.8068743907748566
2020-21,2020-11-21,Tottenham,Man City,1,2020-21,2,0,1.912623928779598,1.1563376227225064
2020-21,2020-11-22,Fulham,Everton,1,2020-21,2,3,0.9948758853129642,1.685815102335296
2020-21,2020-11-22,Leeds,Arsenal,1,2020-21,0,0,1.4672942012129315,1.329774156058484
2020-21,2020-11-22,Liverpool,Leicester,1,2020-21,3,0,2.7517401328504407,0.6817178281591835
2020-21,2020-11-22,Sheffield United,West Ham,1,2020-21,0,1,1.4075996539813955,1.2569242310382944
2020-21,2020-11-23,Burnley,Crystal Palace,1,2020-21,1,0,1.3764385085268616,0.9742219911790135
2020-21,2020-11-23,Wolves,Southampton,1,2020-21,1,1,1.4121861776266156,1.2813663482350586
2020-21,2020-11-27,Crystal Palace,Newcastle,1,2020-21,0,2,1.5459208356181877,1.087277012522348
2020-21,2020-11-28,Brighton,Liverpool,1,2020-21,1,1,0.8150719294540973,2.841468822294832
2020-21,2020-11-28,Everton,Leeds,1,2020-21,0,1,1.8065800446210485,0.89492767802264
2020-21,2020-11-28,Man City,Burnley,1,2020-21,5,0,2.5427594700642775,0.7264674714602186
2020-21,2020-11-28,West Brom,Sheffield United,1,2020-21,1,0,1.2121712706476169,1.1211314510066475
2020-21,2020-11-29,Arsenal,Wolves,1,2020-21,1,2,1.5213198744844034,1.1506856345318837
2020-21,2020-11-29,Chelsea,Tottenham,1,2020-21,0,0,1.8013472778280424,1.052988957822064
2020-21,2020-11-29,Southampton,Man United,1,2020-21,2,3,1.629585374552698,1.4154994154803813
2020-21,2020-11-30,Leicester,Fulham,1,2020-21,1,2,2.0609293944990172,0.6105958750632476
2020-21,2020-11-30,West Ham,Aston Villa,1,2020-21,2,1,1.8891198337741364,0.9922042388838919
2020-21,2020-12-05,Burnley,Everton,1,2020-21,1,1,1.35874693888881,1.2329678289846293
2020-21,2020-12-05,Chelsea,Leeds,1,2020-21,3,1,2.3126682283814235,0.7837176824775768
2020-21,2020-12-05,Man City,Fulham,1,2020-21,2,0,2.4061870054372583,0.5926250187180268
2020-21,2020-12-05,West Ham,Man United,1,2020-21,1,3,1.3191326514144537,1.5920037075765239
2020-21,2020-12-06,Liverpool,Wolves,1,2020-21,4,0,2.572518734393081,0.6597628680520778
2020-21,2020-12-06,Sheffield United,Leicester,1,2020-21,1,2,1.3522152185529646,1.2339040121766838
2020-21,2020-12-06,Tottenham,Arsenal,1,2020-21,2,0,2.118485775609884,0.8167678756024424
2020-21,2020-12-06,West Brom,Crystal Palace,1,2020-21,1,5,1.2386605442656282,1.1601828827231764
2020-21,2020-12-07,Brighton,Southampton,1,2020-21,1,2,1.2886703734416614,1.3510184166395214
2020-21,2020-12-11,Leeds,West Ham,1,2020-21,1,2,1.6119106609695386,1.1869054159988603
2020-21,2020-12-12,Everton,Chelsea,1,2020-21,1,0,1.0183341867788394,1.8463549347831636
2020-21,2020-12-12,Man United,Man City,1,2020-21,0,0,1.2233910637931131,1.3323407792918163
2020-21,2020-12-12,Newcastle,West Brom,1,2020-21,2,1,1.5541723311301048,0.6223664569037267
2020-21,2020-12-12,Wolves,Aston Villa,1,2020-21,0,1,1.8372079307662468,1.2092639367006865
2020-21,2020-12-13,Arsenal,Burnley,1,2020-21,0,1,1.907135195970234,0.9781303195254986
2020-21,2020-12-13,Crystal Palace,Tottenham,1,2020-21,1,1,1.0839432315493402,1.913856790418847
2020-21,2020-12-13,Fulham,Liverpool,1,2020-21,1,1,0.5775325758650907,4.148956583469582
2020-21,2020-12-13,Leicester,Brighton,1,2020-21,3,0,1.7810005651682004,0.8669687519044964
2020-21,2020-12-13,Southampton,Sheffield United,1,2020-21,3,0,1.9152932091628632,0.7814443371611318
2020-21,2020-12-15,Man City,West Brom,1,2020-21,1,1,2.607260483830806,0.4150910853816987
2020-21,2020-12-15,Wolves,Chelsea,1,2020-21,2,1,1.3406499170203852,1.6525962913642844
2020-21,2020-12-16,Arsenal,Southampton,1,2020-21,1,1,1.224424864747499,1.3734257687076967
2020-21,2020-12-16,Fulham,Brighton,1,2020-21,0,0,1.3829085153022747,1.1745000245740056
2020-21,2020-12-16,Leeds,Newcastle,1,2020-21,5,2,1.563436577036416,1.256131294332148
2020-21,2020-12-16,Leicester,Everton,1,2020-21,0,2,1.899571325277127,0.7063735541058997
2020-21,2020-12-16,Liverpool,Tottenham,1,2020-21,2,1,2.307432195895324,0.9866581448606885
2020-21,2020-12-16,West Ham,Crystal Palace,1,2020-21,1,1,1.1964394227227275,1.5868085179093243
2020-21,2020-12-17,Aston Villa,Burnley,1,2020-21,0,0,1.2955496267050999,0.8735350003678124
2020-21,2020-12-17,Sheffield United,Man United,1,2020-21,2,3,1.231995425772591,1.6377340922140573
2020-21,2020-12-19,Crystal Palace,Liverpool,1,2020-21,0,7,0.7834621472564814,3.128872481117015
2020-21,2020-12-19,Everton,Arsenal,1,2020-21,2,1,1.6348388400231524,0.9878253978070013
2020-21,2020-12-19,Newcastle,Fulham,1,2020-21,1,1,1.4084469798209984,0.7693811947796502
2020-21,2020-12-19,Southampton,Man City,1,2020-21,0,1,1.2881463812771867,1.3356283571630059
2020-21,2020-12-20,Brighton,Sheffield United,1,2020-21,1,1,1.3375212223444295,1.1188744869054175
2020-21,2020-12-20,Man United,Leeds,1,2020-21,6,2,1.8752808642804846,0.6232032332918317
2020-21,2020-12-20,Tottenham,Leicester,1,2020-21,0,2,1.8017483560886876,1.0386919878423628
2020-21,2020-12-20,West Brom,Aston Villa,1,2020-21,0,3,1.440088789967726,1.8950070815156541
2020-21,2020-12-21,Burnley,Wolves,1,2020-21,2,1,1.2363364414242342,1.176509992071212
2020-21,2020-12-21,Chelsea,West Ham,1,2020-21,3,0,1.8868366771753682,0.9066864078526666
2020-21,2020-12-26,Arsenal,Chelsea,1,2020-21,3,1,1.3125173505873986,1.2995093590730336
2020-21,2020-12-26,Aston Villa,Crystal Palace,1,2020-21,3,0,1.1552332050304022,0.9482597609064919
2020-21,2020-12-26,Fulham,Southampton,1,2020-21,0,0,1.025737571740571,1.9128508747492465
2020-21,2020-12-26,Leicester,Man United,1,2020-21,2,2,1.27188608634796,1.4988495182551134
2020-21,2020-12-26,Man City,Newcastle,1,2020-21,2,0,2.1172680599450504,0.8265862539952735
2020-21,2020-12-26,Sheffield United,Everton,1,2020-21,0,1,1.1253698159988104,1.447824144002396
2020-21,2020-12-27,Leeds,Burnley,1,2020-21,1,0,1.5238474862820237,1.077856733483411
2020-21,2020-12-27,Liverpool,West Brom,1,2020-21,1,1,3.6037525923715807,0.3921001430207573
2020-21,2020-12-27,West Ham,Brighton,1,2020-21,2,2,1.4755425959366095,0.9726409908265602
2020-21,2020-12-27,Wolves,Tottenham,1,2020-21,1,1,1.3974786810793707,1.279867431656407
2020-21,2020-12-28,Chelsea,Aston Villa,1,2020-21,1,1,2.410109197323496,0.9524397129266067
2020-21,2020-12-28,Crystal Palace,Leicester,1,2020-21,1,1,1.3175506058024944,1.588501472547599
2020-21,2020-12-29,Brighton,Arsenal,1,2020-21,0,1,1.4202425659120161,1.285140988109728
2020-21,2020-12-29,Burnley,Sheffield United,1,2020-21,1,0,1.3216590167254285,0.9411971438215125
2020-21,2020-12-29,Man United,Wolves,1,2020-21,1,0,2.0853023608200125,0.7235200770663686
2020-21,2020-12-29,Southampton,West Ham,1,2020-21,0,0,1.4530291248015912,0.9094413890309728
2020-21,2020-12-29,West Brom,Leeds,1,2020-21,0,5,1.2766585603326737,1.390929568013415
2020-21,2020-12-30,Newcastle,Liverpool,1,2020-21,0,0,0.5976878828599972,4.613752985480318
2020-21,2021-01-01,Everton,West Ham,1,2020-21,0,1,1.3215127010149978,0.8318587825118168
2020-21,2021-01-01,Man United,Aston Villa,1,2020-21,2,1,2.4883797912757695,0.6743108188472763
2020-21,2021-01-02,Brighton,Wolves,1,2020-21,3,3,1.21772860186919,1.451130495443891
2020-21,2021-01-02,Crystal Palace,Sheffield United,1,2020-21,2,0,1.6009991291803147,0.9572285077449284
2020-21,2021-01-02,Tottenham,Leeds,1,2020-21,3,0,1.4907850862339815,0.9599091206528066
2020-21,2021-01-02,West Brom,Arsenal,1,2020-21,0,4,1.0041397358678912,1.517025181301761
2020-21,2021-01-03,Chelsea,Man City,1,2020-21,1,3,1.8666319056434744,1.7675322261331738
2020-21,2021-01-03,Newcastle,Leicester,1,2020-21,1,2,1.0003876820558888,1.6142205531421217
2020-21,2021-01-04,Southampton,Liverpool,1,2020-21,1,0,0.7967831602780315,2.6813067474875827
2020-21,2021-01-12,Burnley,Man United,1,2020-21,0,1,0.796308704101863,2.367230827968355
2020-21,2021-01-12,Sheffield United,Newcastle,1,2020-21,1,0,1.5078577210214723,1.1367014744602122
2020-21,2021-01-12,Wolves,Everton,1,2020-21,1,2,1.7326811996709404,1.3344486504034474
2020-21,2021-01-13,Man City,Brighton,1,2020-21,1,0,2.1957699462149365,0.6458596580039331
2020-21,2021-01-13,Tottenham,Fulham,1,2020-21,1,1,2.6664036169527754,0.701498921890979
2020-21,2021-01-14,Arsenal,Crystal Palace,1,2020-21,0,0,2.121351535720648,0.8514839419971715
2020-21,2021-01-16,Fulham,Chelsea,1,2020-21,0,1,1.2663529468782917,1.1923598649404852
2020-21,2021-01-16,Leeds,Brighton,1,2020-21,0,1,1.2900321188707218,1.1383408278931402
2020-21,2021-01-16,Leicester,Southampton,1,2020-21,2,0,1.7859549718987011,1.0147586299201283
2020-21,2021-01-16,West Ham,Burnley,1,2020-21,1,0,1.5259970147658233,1.0100411209755522
2020-21,2021-01-16,Wolves,West Brom,1,2020-21,2,3,2.4173820139245628,0.7172629053098472
2020-21,2021-01-17,Liverpool,Man United,1,2020-21,0,0,1.9497922929101472,1.0851316390961687
2020-21,2021-01-17,Man City,Crystal Palace,1,2020-21,4,0,2.1543958141690163,0.7673297687509157
2020-21,2021-01-17,Sheffield United,Tottenham,1,2020-21,1,3,1.0757755412047154,1.8892305738731296
2020-21,2021-01-18,Arsenal,Newcastle,1,2020-21,3,0,2.032293663221004,1.010078014468115
2020-21,2021-01-19,Leicester,Chelsea,1,2020-21,2,0,1.789275512141383,0.8923920960051772
2020-21,2021-01-19,West Ham,West Brom,1,2020-21,2,1,2.014623727472032,0.6836272521238357
2020-21,2021-01-20,Fulham,Man United,1,2020-21,1,2,0.7570473364700993,2.4278966020958634
2020-21,2021-01-20,Man City,Aston Villa,1,2020-21,2,0,3.258365552714349,0.8357610813554227
2020-21,2021-01-21,Liverpool,Burnley,1,2020-21,0,1,2.997902579895204,0.5330794453860801
2020-21,2021-01-23,Aston Villa,Newcastle,1,2020-21,2,0,1.610404132966957,0.6981102189971837
2020-21,2021-01-26,Crystal Palace,West Ham,1,2020-21,2,3,1.4086437529954394,1.0427722702009228
2020-21,2021-01-26,Newcastle,Leeds,1,2020-21,1,2,1.6688870968904155,1.2778709326894069
2020-21,2021-01-26,Southampton,Arsenal,1,2020-21,1,3,1.1268283374555135,1.0279212583096953
2020-21,2021-01-26,West Brom,Man City,1,2020-21,0,5,0.7968896937518,2.340490435523441
2020-21,2021-01-27,Brighton,Fulham,1,2020-21,0,0,1.7879062463578244,0.8420948179956727
2020-21,2021-01-27,Burnley,Aston Villa,1,2020-21,3,2,1.251737489006961,1.322001916623086
2020-21,2021-01-27,Chelsea,Wolves,1,2020-21,0,0,1.8693491682745365,1.0159215680464322
2020-21,2021-01-27,Everton,Leicester,1,2020-21,1,1,0.9129467859820574,1.0134586188602872
2020-21,2021-01-27,Man United,Sheffield United,1,2020-21,1,2,2.4273470377386226,0.5823784000313437
2020-21,2021-01-28,Tottenham,Liverpool,1,2020-21,1,3,1.634990992207986,1.2494686047532537
2020-21,2021-01-30,Arsenal,Man United,1,2020-21,0,0,1.0552209355392974,1.5940583961930392
2020-21,2021-01-30,Crystal Palace,Wolves,1,2020-21,1,0,1.2496112559555774,1.670295257904935
2020-21,2021-01-30,Everton,Newcastle,1,2020-21,0,2,1.5535623042640443,0.4561258640245426
2020-21,2021-01-30,Man City,Sheffield United,1,2020-21,1,0,2.419102350720271,0.5099804924387841
2020-21,2021-01-30,Southampton,Aston Villa,1,2020-21,0,1,1.604759107598861,0.9605945726209696
2020-21,2021-01-30,West Brom,Fulham,1,2020-21,2,2,1.4737295479897894,1.2404112652790278
2020-21,2021-01-31,Brighton,Tottenham,1,2020-21,1,0,1.1246579329539295,1.9476154908099554
2020-21,2021-01-31,Chelsea,Burnley,1,2020-21,2,0,1.956989492607279,0.8074083306271328
2020-21,2021-01-31,Leicester,Leeds,1,2020-21,1,3,2.018924417004564,1.0299287151403753
2020-21,2021-01-31,West Ham,Liverpool,1,2020-21,1,3,1.1407048852771324,2.2066848766599336
2020-21,2021-02-02,Man United,Southampton,1,2020-21,9,0,2.2515402347867193,0.8530770587604587
2020-21,2021-02-02,Newcastle,Crystal Palace,1,2020-21,1,2,1.3038422382724528,1.2748431511962652
2020-21,2021-02-02,Sheffield United,West Brom,1,2020-21,2,1,1.617315362934573,0.7146306026477129
2020-21,2021-02-02,Wolves,Arsenal,1,2020-21,2,1,1.338408882733997,1.0166550424688552
2020-21,2021-02-03,Aston Villa,West Ham,1,2020-21,1,3,0.9327459773621856,1.2818241158164547
2020-21,2021-02-03,Burnley,Man City,1,2020-21,0,2,0.8646125637066273,2.2230924462369397
2020-21,2021-02-03,Fulham,Leicester,1,2020-21,0,2,0.7778871716662075,1.73987257278433
2020-21,2021-02-03,Leeds,Everton,1,2020-21,1,2,1.7434807823221825,0.8997805113303858
2020-21,2021-02-03,Liverpool,Brighton,1,2020-21,0,1,2.800419527474962,0.4743897126050394
2020-21,2021-02-04,Tottenham,Chelsea,1,2020-21,0,1,1.5775801089597126,0.7522388865297778
2020-21,2021-02-06,Aston Villa,Arsenal,1,2020-21,1,0,1.0983296238102622,0.8894324307635642
2020-21,2021-02-06,Burnley,Brighton,1,2020-21,1,1,1.1412122914243699,1.082935769162814
2020-21,2021-02-06,Fulham,West Ham,1,2020-21,0,0,1.0263326643130857,1.0923674819288514
2020-21,2021-02-06,Man United,Everton,1,2020-21,3,3,2.2081873765674933,0.8662470541211453
2020-21,2021-02-06,Newcastle,Southampton,1,2020-21,3,2,1.3612762880425997,1.2384835072789546
2020-21,2021-02-07,Liverpool,Man City,1,2020-21,1,4,1.6803501407268613,1.1693769919400347
2020-21,2021-02-07,Sheffield United,Chelsea,1,2020-21,1,2,1.0516919008116175,1.6339607086698427
2020-21,2021-02-07,Tottenham,West Brom,1,2020-21,2,0,2.186182382295992,0.4054083149771496
2020-21,2021-02-07,Wolves,Leicester,1,2020-21,0,0,1.1308827596921764,1.4177344660080342
2020-21,2021-02-08,Leeds,Crystal Palace,1,2020-21,2,0,1.340333477877779,0.9583976423851417
2020-21,2021-02-13,Brighton,Aston Villa,1,2020-21,0,0,1.6719389348013256,1.2120522492085966
2020-21,2021-02-13,Crystal Palace,Burnley,1,2020-21,0,3,1.5599865612927357,1.0880513809242311
2020-21,2021-02-13,Leicester,Liverpool,1,2020-21,3,1,1.4226284335282326,1.3084742268573286
2020-21,2021-02-13,Man City,Tottenham,1,2020-21,3,0,2.2642115369725544,0.7201828497461258
2020-21,2021-02-14,Arsenal,Leeds,1,2020-21,4,2,1.9184738751870873,1.044273923625522
2020-21,2021-02-14,Everton,Fulham,1,2020-21,0,2,1.639885849729709,0.656741741390929
2020-21,2021-02-14,Southampton,Wolves,1,2020-21,1,2,1.4648190288883376,1.0108052385419308
2020-21,2021-02-14,West Brom,Man United,1,2020-21,1,1,0.7027571592153519,2.343373930613774
2020-21,2021-02-15,Chelsea,Newcastle,1,2020-21,2,0,2.2255486020091646,0.6532929636436795
2020-21,2021-02-15,West Ham,Sheffield United,1,2020-21,3,0,1.9579486743551282,0.7006494910968433
2020-21,2021-02-17,Burnley,Fulham,1,2020-21,1,1,1.323754613964393,1.1822100347849058
2020-21,2021-02-17,Everton,Man City,1,2020-21,1,3,0.969267964381437,1.3150251764929073
2020-21,2021-02-19,Wolves,Leeds,1,2020-21,1,0,1.7739290020482708,1.2564663416976196
2020-21,2021-02-20,Burnley,West Brom,1,2020-21,0,0,2.0611312745478245,0.6532166577928187
2020-21,2021-02-20,Fulham,Sheffield United,1,2020-21,1,0,1.6597461212403877,0.6602988181386331
2020-21,2021-02-20,Liverpool,Everton,1,2020-21,0,2,2.7182818590675497,0.6399223660795823
2020-21,2021-02-20,Southampton,Chelsea,1,2020-21,1,1,1.081198421831942,1.2009331989429992
2020-21,2021-02-21,Arsenal,Man City,1,2020-21,0,1,1.0383341873654466,1.850423889232018
2020-21,2021-02-21,Aston Villa,Leicester,1,2020-21,1,2,0.8720677534067166,1.285863522142703
2020-21,2021-02-21,Man United,Newcastle,1,2020-21,3,1,2.456693850357971,0.4747105202572675
2020-21,2021-02-21,West Ham,Tottenham,1,2020-21,2,1,1.851470227524651,1.0327493685216393
2020-21,2021-02-22,Brighton,Crystal Palace,1,2020-21,1,2,1.5190885322542689,1.0221178709315155
2020-21,2021-02-23,Leeds,Southampton,1,2020-21,3,0,1.3529844834543012,1.2774936635335583
2020-21,2021-02-27,Leeds,Aston Villa,1,2020-21,0,1,1.5876543025268859,1.0347664442313544
2020-21,2021-02-27,Man City,West Ham,1,2020-21,2,1,2.0742926613203676,0.7756541380510262
2020-21,2021-02-27,Newcastle,Wolves,1,2020-21,1,1,1.2115151496009555,1.5138103434988093
2020-21,2021-02-27,West Brom,Brighton,1,2020-21,1,0,1.2221542929043614,1.2048037239286666
2020-21,2021-02-28,Chelsea,Man United,1,2020-21,0,0,1.1476775753785033,1.4908275234386776
2020-21,2021-02-28,Crystal Palace,Fulham,1,2020-21,0,0,1.377220954796253,1.013554041654191
2020-21,2021-02-28,Leicester,Arsenal,1,2020-21,1,3,1.9943807133554143,0.8840719789380913
2020-21,2021-02-28,Sheffield United,Liverpool,1,2020-21,0,2,1.126945527238832,1.9583504478687632
2020-21,2021-02-28,Tottenham,Burnley,1,2020-21,4,0,1.6728856821521345,0.6972778331808104
2020-21,2021-03-01,Everton,Southampton,1,2020-21,1,0,1.6381060033607802,0.5834665416750083
2020-21,2021-03-02,Man City,Wolves,1,2020-21,4,1,2.7959982285744793,0.7558845799643368
2020-21,2021-03-03,Burnley,Leicester,1,2020-21,1,1,1.1492492905738008,1.5872985496237624
2020-21,2021-03-03,Crystal Palace,Man United,1,2020-21,0,0,0.7189995709042084,2.287994711453052
2020-21,2021-03-03,Sheffield United,Aston Villa,1,2020-21,1,0,1.7895554978348196,0.9865285765902592
2020-21,2021-03-04,Fulham,Tottenham,1,2020-21,0,1,1.1906013323972067,1.4567509126576572
2020-21,2021-03-04,Liverpool,Chelsea,1,2020-21,0,1,2.330705155724356,0.6556609675039612
2020-21,2021-03-04,West Brom,Everton,1,2020-21,0,1,1.0665886064900327,1.9110268831130808
2020-21,2021-03-06,Aston Villa,Wolves,1,2020-21,0,0,1.077602460621063,0.9783024410186694
2020-21,2021-03-06,Brighton,Leicester,1,2020-21,1,2,0.8540987009798557,1.7462827579263966
2020-21,2021-03-06,Burnley,Arsenal,1,2020-21,1,1,1.6736560604193909,1.1642179139827626
2020-21,2021-03-06,Sheffield United,Southampton,1,2020-21,0,2,1.5574733800020146,1.1550117274592826
2020-21,2021-03-07,Liverpool,Fulham,1,2020-21,0,1,2.379186846353402,0.4343873386463603
2020-21,2021-03-07,Man City,Man United,1,2020-21,0,2,1.8823409561751925,0.9074573318526342
2020-21,2021-03-07,Tottenham,Crystal Palace,1,2020-21,4,1,1.8794245986109592,0.5999261550737187
2020-21,2021-03-07,West Brom,Newcastle,1,2020-21,0,0,1.4903207477690779,1.037183976419976
2020-21,2021-03-08,Chelsea,Everton,1,2020-21,2,0,2.160822236225242,0.8679901592977226
2020-21,2021-03-08,West Ham,Leeds,1,2020-21,2,0,1.5234504180833823,1.0401569734044407
2020-21,2021-03-10,Man City,Southampton,1,2020-21,5,2,3.747222034206709,0.5182809611206743
2020-21,2021-03-12,Newcastle,Aston Villa,1,2020-21,1,1,1.5042737491081561,1.0052568815774736
2020-21,2021-03-13,Crystal Palace,West Brom,1,2020-21,1,0,1.6057279884294717,0.8808811076636391
2020-21,2021-03-13,Everton,Burnley,1,2020-21,1,2,1.6436868377583709,0.7341071639805133
2020-21,2021-03-13,Fulham,Man City,1,2020-21,0,3,0.6792797546275355,2.218705787563757
2020-21,2021-03-13,Leeds,Chelsea,1,2020-21,0,0,0.9342792153957673,1.2475589197497992
2020-21,2021-03-14,Arsenal,Tottenham,1,2020-21,2,1,1.402470890668035,0.9422255214983238
2020-21,2021-03-14,Leicester,Sheffield United,1,2020-21,5,0,2.5338886665451787,0.5024501879270385
2020-21,2021-03-14,Man United,West Ham,1,2020-21,1,0,2.3937459111207735,0.9436219759252976
2020-21,2021-03-14,Southampton,Brighton,1,2020-21,1,2,1.6301569625910017,1.1256799240883382
2020-21,2021-03-15,Wolves,Liverpool,1,2020-21,0,1,1.5060080802114733,1.3886845709046836
2020-21,2021-03-19,Fulham,Leeds,1,2020-21,1,2,1.5090445478766865,1.3745778327634557
2020-21,2021-03-20,Brighton,Newcastle,1,2020-21,3,0,1.5326619726286752,1.0096751174891028
2020-21,2021-03-21,Aston Villa,Tottenham,1,2020-21,0,2,0.9803660024426483,0.9873827308563696
2020-21,2021-03-21,West Ham,Arsenal,1,2020-21,3,3,1.3762389013900025,1.1671299380312394
2020-21,2021-04-03,Arsenal,Liverpool,1,2020-21,0,3,1.6021991155653623,1.2608734008098859
2020-21,2021-04-03,Chelsea,West Brom,1,2020-21,2,5,2.6063519233934858,0.5049438243015818
2020-21,2021-04-03,Leeds,Sheffield United,1,2020-21,2,1,1.8160200780867897,0.6940113031297376
2020-21,2021-04-03,Leicester,Man City,1,2020-21,0,2,1.1119491314668113,1.227869021781241
2020-21,2021-04-04,Aston Villa,Fulham,1,2020-21,3,1,1.3896498487820481,0.7792912902270872
2020-21,2021-04-04,Man United,Brighton,1,2020-21,2,1,2.279424029532053,0.6058742867394242
2020-21,2021-04-04,Newcastle,Tottenham,1,2020-21,2,2,1.0421402649528848,1.3990523450695478
2020-21,2021-04-04,Southampton,Burnley,1,2020-21,3,2,1.5044998937319436,0.9089991080963437
2020-21,2021-04-05,Everton,Crystal Palace,1,2020-21,1,1,1.3758458215259723,0.7365256429927578
2020-21,2021-04-05,Wolves,West Ham,1,2020-21,2,3,1.407009050538482,1.090803310142557
2020-21,2021-04-09,Fulham,Wolves,1,2020-21,0,1,1.4175012792003412,1.405025718476287
2020-21,2021-04-10,Crystal Palace,Chelsea,1,2020-21,1,4,1.0959854887188791,1.4941292898182545
2020-21,2021-04-10,Liverpool,Aston Villa,1,2020-21,2,1,2.283554889170498,0.49122467684882776
2020-21,2021-04-10,Man City,Leeds,1,2020-21,1,2,3.7814128695327285,0.5710666394102438
2020-21,2021-04-11,Burnley,Newcastle,1,2020-21,1,2,1.7172810179454243,1.00032900201072
2020-21,2021-04-11,Sheffield United,Arsenal,1,2020-21,0,3,1.1902300938738684,1.8453139158199041
2020-21,2021-04-11,Tottenham,Man United,1,2020-21,1,3,1.2496462080691724,1.294931666796052
2020-21,2021-04-11,West Ham,Leicester,1,2020-21,3,2,1.367623080901697,1.2843201127489126
2020-21,2021-04-12,Brighton,Everton,1,2020-21,0,0,1.4886274877574464,1.2922478412730072
2020-21,2021-04-12,West Brom,Southampton,1,2020-21,3,0,1.171495959132206,1.4434470309721252
2020-21,2021-04-16,Everton,Tottenham,1,2020-21,2,2,1.1463818036812485,0.9441923040911606
2020-21,2021-04-17,Newcastle,West Ham,1,2020-21,3,2,1.0482445398882223,1.6575503974147965
2020-21,2021-04-17,Wolves,Sheffield United,1,2020-21,1,0,2.0560634092572494,0.6515183690924011
2020-21,2021-04-18,Arsenal,Fulham,1,2020-21,1,1,1.94871488119538,0.5687104270354134
2020-21,2021-04-18,Man United,Burnley,1,2020-21,3,1,2.4231875491797976,0.7212485334268587
2020-21,2021-04-19,Leeds,Liverpool,1,2020-21,1,1,1.145572247142831,1.6053240652539569
2020-21,2021-04-20,Chelsea,Brighton,1,2020-21,0,0,2.2331267480061063,0.7711129809280757
2020-21,2021-04-21,Aston Villa,Man City,1,2020-21,1,2,0.8348331555721702,1.7377432135930346
2020-21,2021-04-21,Tottenham,Southampton,1,2020-21,2,1,2.2806392577365417,0.8222329011778046
2020-21,2021-04-22,Leicester,West Brom,1,2020-21,3,0,2.215627189332673,0.5616888791092495
2020-21,2021-04-23,Arsenal,Everton,1,2020-21,0,1,1.9053610066615236,0.9669320939923175
2020-21,2021-04-24,Liverpool,Newcastle,1,2020-21,1,1,2.2098589117294427,0.5469379097287181
2020-21,2021-04-24,Sheffield United,Brighton,1,2020-21,1,0,1.1650799608639248,1.3079887966510524
2020-21,2021-04-24,West Ham,Chelsea,1,2020-21,0,1,1.394676912374824,1.3989295726286752
2020-21,2021-04-25,Aston Villa,West Brom,1,2020-21,2,2,1.4119428779201832,0.8519730216918185
2020-21,2021-04-25,Leeds,Man United,1,2020-21,0,0,0.8614642157342917,1.6244922311558445
2020-21,2021-04-25,Wolves,Burnley,1,2020-21,0,4,1.5394456404519714,0.9621140213805853
2020-21,2021-04-26,Leicester,Crystal Palace,1,2020-21,2,1,2.409651852660816,0.8204312509614372
2020-21,2021-04-30,Southampton,Leicester,1,2020-21,1,1,0.8619637712487977,1.4819163608864538
2020-21,2021-05-01,Brighton,Leeds,1,2020-21,2,0,1.3322396844789923,1.1372255035124568
2020-21,2021-05-01,Chelsea,Fulham,1,2020-21,2,0,2.546823051330251,0.6115580908602124
2020-21,2021-05-01,Crystal Palace,Man City,1,2020-21,0,2,0.7577832760567091,2.019801008335405
2020-21,2021-05-01,Everton,Aston Villa,1,2020-21,1,2,1.6078670850041807,0.7682270743053409
2020-21,2021-05-02,Newcastle,Arsenal,1,2020-21,0,2,1.4480768152448074,1.8625287415866671
2020-21,2021-05-02,Tottenham,Sheffield United,1,2020-21,4,0,2.5726526995038563,0.5714028319141956
2020-21,2021-05-03,Burnley,West Ham,1,2020-21,1,2,1.4324816967687921,1.2802815210858047
2020-21,2021-05-03,West Brom,Wolves,1,2020-21,1,1,1.1654093348838053,1.680818372932279
2020-21,2021-05-07,Leicester,Newcastle,1,2020-21,2,4,1.9028160824476934,0.6866051849730933
2020-21,2021-05-08,Leeds,Tottenham,1,2020-21,3,1,1.2649847358012423,1.5296591220390376
2020-21,2021-05-08,Liverpool,Southampton,1,2020-21,2,0,2.447605680257864,0.5492086469533878
2020-21,2021-05-08,Man City,Chelsea,1,2020-21,1,2,2.190622834894701,0.6534678232941011
2020-21,2021-05-08,Sheffield United,Crystal Palace,1,2020-21,0,2,1.3532277721070265,1.474326241208572
2020-21,2021-05-09,Arsenal,West Brom,1,2020-21,3,1,1.6704640629051453,0.6758638404179349
2020-21,2021-05-09,Aston Villa,Man United,1,2020-21,1,3,1.1295571909330164,1.7631102302022936
2020-21,2021-05-09,West Ham,Everton,1,2020-21,0,1,1.9806724645318479,0.982855606908171
2020-21,2021-05-09,Wolves,Brighton,1,2020-21,2,1,1.6081967274704108,1.1330029122141
2020-21,2021-05-10,Fulham,Burnley,1,2020-21,0,2,1.277407952787418,1.15993182201495
2020-21,2021-05-11,Man United,Leicester,1,2020-21,1,2,1.9980200081184054,0.6962070861419986
2020-21,2021-05-11,Southampton,Crystal Palace,1,2020-21,3,1,1.5255161669319786,1.2619528771480062
2020-21,2021-05-12,Chelsea,Arsenal,1,2020-21,0,1,1.7183433705931734,1.1062406216600273
2020-21,2021-05-13,Aston Villa,Everton,1,2020-21,0,0,1.541050272152854,0.9350623426712016
2020-21,2021-05-13,Man United,Liverpool,1,2020-21,2,4,2.253227922104676,0.9295934031833023
2020-21,2021-05-14,Newcastle,Man City,1,2020-21,3,4,0.9315758174739062,2.1530340601726254
2020-21,2021-05-15,Brighton,West Ham,1,2020-21,1,1,1.3204900845231844,1.3607461722012644
2020-21,2021-05-15,Burnley,Leeds,1,2020-21,0,4,1.413025208995904,0.992693312844411
2020-21,2021-05-15,Southampton,Fulham,1,2020-21,3,1,1.563647879701707,1.0246052450520056
2020-21,2021-05-16,Crystal Palace,Aston Villa,1,2020-21,3,2,1.1815300675125107,1.3706957196473826
2020-21,2021-05-16,Everton,Sheffield United,1,2020-21,0,1,2.28777210330177,0.5039071588321135
2020-21,2021-05-16,Tottenham,Wolves,1,2020-21,2,0,1.9252056430639215,0.9807810622452248
2020-21,2021-05-16,West Brom,Liverpool,1,2020-21,1,2,0.8172299950178291,2.61169415412701
2020-21,2021-05-18,Brighton,Man City,1,2020-21,3,2,1.0779360419119464,1.7962135259482466
2020-21,2021-05-18,Chelsea,Leicester,1,2020-21,2,1,1.555616645053293,0.9776147932805392
2020-21,2021-05-18,Man United,Fulham,1,2020-21,1,1,2.648769696553323,0.5975745346006908
2020-21,2021-05-18,Southampton,Leeds,1,2020-21,0,2,1.268602717445023,1.4186162185408464
2020-21,2021-05-19,Burnley,Liverpool,1,2020-21,0,3,0.9914441657609384,1.9393172837881796
2020-21,2021-05-19,Crystal Palace,Arsenal,1,2020-21,1,3,1.2530201443828954,1.3036607577957597
2020-21,2021-05-19,Everton,Wolves,1,2020-21,1,0,1.4998498059902228,0.9670184140298415
2020-21,2021-05-19,Newcastle,Sheffield United,1,2020-21,1,0,1.641851162843579,1.0332890049821843
2020-21,2021-05-19,Tottenham,Aston Villa,1,2020-21,1,2,2.2861217716829367,0.8182430258269722
2020-21,2021-05-19,West Brom,West Ham,1,2020-21,1,3,1.3405601301814671,1.1943615004767336
2020-21,2021-05-23,Arsenal,Brighton,1,2020-21,2,0,1.67334444177897,0.874182672814232
2020-21,2021-05-23,Aston Villa,Chelsea,1,2020-21,2,1,1.204309453886757,1.7379937559264622
2020-21,2021-05-23,Fulham,Newcastle,1,2020-21,0,2,1.2503540173421077,1.2284326668233903
2020-21,2021-05-23,Leeds,West Brom,1,2020-21,3,1,1.6896863179722303,0.8046996296041845
2020-21,2021-05-23,Leicester,Tottenham,1,2020-21,2,4,1.5965064842350238,1.0723425354374783
2020-21,2021-05-23,Liverpool,Crystal Palace,1,2020-21,2,0,2.497308276430583,0.6066786752727772
2020-21,2021-05-23,Man City,Everton,1,2020-21,5,0,2.865486812072593,0.4007639644371073
2020-21,2021-05-23,Sheffield United,Burnley,1,2020-21,1,0,1.1446245202102,1.4231257484614848
2020-21,2021-05-23,West Ham,Southampton,1,2020-21,3,0,1.7936172886536221,0.9005061883398155
2020-21,2021-05-23,Wolves,Man United,1,2020-21,1,2,1.0675375045695585,1.5861298726818909
2021-22,2021-08-13,Brentford,Arsenal,2,2021-22,2,0,1.3736928690086896,1.8947684774740943
2021-22,2021-08-14,Burnley,Brighton,2,2021-22,1,2,1.4362893248875606,1.2864332842484898
2021-22,2021-08-14,Chelsea,Crystal Palace,2,2021-22,3,0,2.1075032864386367,1.0247126718480115
2021-22,2021-08-14,Everton,Southampton,2,2021-22,3,1,1.6103312819327011,1.0639370865608768
2021-22,2021-08-14,Leicester,Wolves,2,2021-22,1,0,1.5469585561609007,0.9138151911366943
2021-22,2021-08-14,Man United,Leeds,2,2021-22,5,1,1.8599515503227384,1.1975409903074217
2021-22,2021-08-14,Norwich,Liverpool,2,2021-22,0,3,0.7907791344043285,2.6494485676205493
2021-22,2021-08-14,Watford,Aston Villa,2,2021-22,3,2,1.1092031612113138,1.7424308769099066
2021-22,2021-08-15,Newcastle,West Ham,2,2021-22,2,4,1.279261074987368,1.5414926050779396
2021-22,2021-08-15,Tottenham,Man City,2,2021-22,1,0,1.2925148287678332,1.949615062214682
2021-22,2021-08-21,Aston Villa,Newcastle,2,2021-22,2,0,1.4349779978171917,1.3814232636437664
2021-22,2021-08-21,Brighton,Watford,2,2021-22,2,0,1.401178996714004,1.2186932013107012
2021-22,2021-08-21,Crystal Palace,Brentford,2,2021-22,0,0,1.2840685247368835,1.4193637405236017
2021-22,2021-08-21,Leeds,Everton,2,2021-22,2,2,1.357301775976626,1.5012563937370242
2021-22,2021-08-21,Liverpool,Burnley,2,2021-22,2,0,2.5555744065318056,0.8296348839721515
2021-22,2021-08-21,Man City,Norwich,2,2021-22,5,0,2.6357008222616507,0.5604485050295044
2021-22,2021-08-22,Arsenal,Chelsea,2,2021-22,0,2,1.3369432243264618,1.607452350126908
2021-22,2021-08-22,Southampton,Man United,2,2021-22,1,1,1.069887501924035,2.110066131673184
2021-22,2021-08-22,Wolves,Tottenham,2,2021-22,0,1,1.311561084129632,1.9025451267229871
2021-22,2021-08-23,West Ham,Leicester,2,2021-22,4,1,1.506867731855019,1.4001671859738414
2021-22,2021-08-28,Aston Villa,Brentford,2,2021-22,1,1,1.2866195961538902,1.4064455353824015
2021-22,2021-08-28,Brighton,Everton,2,2021-22,0,2,1.4483268800600662,1.359475249640334
2021-22,2021-08-28,Liverpool,Chelsea,2,2021-22,1,1,1.8827438736937965,1.2042229911577853
2021-22,2021-08-28,Man City,Arsenal,2,2021-22,5,0,1.981515676427852,0.8621427506217356
2021-22,2021-08-28,Newcastle,Southampton,2,2021-22,2,2,1.36193722674056,1.3635888454332687
2021-22,2021-08-28,Norwich,Leicester,2,2021-22,1,2,0.8737212728475815,2.220266038137019
2021-22,2021-08-28,West Ham,Crystal Palace,2,2021-22,2,2,2.0681136712008903,0.9592348950832714
2021-22,2021-08-29,Burnley,Leeds,2,2021-22,1,1,1.2210341447876187,1.4616051308101328
2021-22,2021-08-29,Tottenham,Watford,2,2021-22,1,0,2.0405992328195977,1.0559442078101473
2021-22,2021-08-29,Wolves,Man United,2,2021-22,0,1,1.0130253137538796,1.9209231994920517
2021-22,2021-09-11,Arsenal,Norwich,2,2021-22,1,0,1.7848142240996567,0.6839214267575404
2021-22,2021-09-11,Brentford,Brighton,2,2021-22,0,1,1.3560506686732414,1.1825477630462942
2021-22,2021-09-11,Chelsea,Aston Villa,2,2021-22,3,0,2.239677479337321,0.9448094591118866
2021-22,2021-09-11,Crystal Palace,Tottenham,2,2021-22,3,0,1.1025214173962814,2.0052223799481705
2021-22,2021-09-11,Leicester,Man City,2,2021-22,0,1,1.1184802129207898,1.8574263703623288
2021-22,2021-09-11,Man United,Newcastle,2,2021-22,4,1,2.2906674541757894,0.7461044008386551
2021-22,2021-09-11,Southampton,West Ham,2,2021-22,0,0,1.1451327517600578,1.8393504606642275
2021-22,2021-09-11,Watford,Wolves,2,2021-22,0,2,1.2929014398203416,1.2585664700104506
2021-22,2021-09-12,Leeds,Liverpool,2,2021-22,0,3,1.1280533937541326,2.149602305543076
2021-22,2021-09-13,Everton,Burnley,2,2021-22,3,1,1.6088365914674119,0.8738408113628121
2021-22,2021-09-17,Newcastle,Leeds,2,2021-22,1,1,1.1647328677625801,1.4703658919014895
2021-22,2021-09-18,Aston Villa,Everton,2,2021-22,3,0,1.1618506190864881,1.747941422272675
2021-22,2021-09-18,Burnley,Arsenal,2,2021-22,0,1,1.109738248904417,1.6063616038421833
2021-22,2021-09-18,Liverpool,Crystal Palace,2,2021-22,3,0,2.6026262848681894,0.8866522671361796
2021-22,2021-09-18,Man City,Southampton,2,2021-22,0,0,2.6193865723376626,0.830935661853429
2021-22,2021-09-18,Norwich,Watford,2,2021-22,1,3,0.9877823413308378,1.5946839946415587
2021-22,2021-09-18,Wolves,Brentford,2,2021-22,0,2,1.3655120950322543,1.3541954367298559
2021-22,2021-09-19,Brighton,Leicester,2,2021-22,2,1,1.450842024393498,1.5871917961117914
2021-22,2021-09-19,Tottenham,Chelsea,2,2021-22,0,3,1.2654310323076818,1.512619073349664
2021-22,2021-09-19,West Ham,Man United,2,2021-22,1,2,1.224963228792651,1.6623545057932356
2021-22,2021-09-25,Brentford,Liverpool,2,2021-22,3,3,0.7798975540416321,2.0660473684084506
2021-22,2021-09-25,Chelsea,Man City,2,2021-22,0,1,1.3601657802306237,1.5247701048580933
2021-22,2021-09-25,Everton,Norwich,2,2021-22,2,0,2.3028039975052312,0.5270625264227817
2021-22,2021-09-25,Leeds,West Ham,2,2021-22,1,2,1.2655907512687874,1.4162602366126282
2021-22,2021-09-25,Leicester,Burnley,2,2021-22,2,2,1.7745750466733794,0.8766393009489255
2021-22,2021-09-25,Man United,Aston Villa,2,2021-22,0,1,2.0226114941790394,0.7140217359305945
2021-22,2021-09-25,Watford,Newcastle,2,2021-22,1,1,1.4148750255870701,1.017711153119308
2021-22,2021-09-26,Arsenal,Tottenham,2,2021-22,3,1,1.6767382233912689,1.2358333882686277
2021-22,2021-09-26,Southampton,Wolves,2,2021-22,0,1,1.4507014126009041,1.1310716193513544
2021-22,2021-09-27,Crystal Palace,Brighton,2,2021-22,1,1,1.431520063859776,1.2243260485515954
2021-22,2021-10-02,Brighton,Arsenal,2,2021-22,0,0,1.398827269115572,1.2016264671620283
2021-22,2021-10-02,Burnley,Norwich,2,2021-22,0,0,1.7728980171896933,0.6463607890307185
2021-22,2021-10-02,Chelsea,Southampton,2,2021-22,3,1,2.167685691654426,0.7085217958633885
2021-22,2021-10-02,Leeds,Watford,2,2021-22,1,0,1.6705658957058098,0.9682610553470669
2021-22,2021-10-02,Man United,Everton,2,2021-22,1,1,1.9804737198582258,0.90393191881154
2021-22,2021-10-02,Wolves,Newcastle,2,2021-22,2,1,1.4508473696625779,1.178632982949772
2021-22,2021-10-03,Crystal Palace,Leicester,2,2021-22,2,2,1.267940232536616,1.253492362921363
2021-22,2021-10-03,Liverpool,Man City,2,2021-22,2,2,1.578974458618534,1.2768642537004606
2021-22,2021-10-03,Tottenham,Aston Villa,2,2021-22,2,1,1.6345910093046614,1.2358741272235771
2021-22,2021-10-03,West Ham,Brentford,2,2021-22,1,2,1.6058718476312719,0.9617681503593369
2021-22,2021-10-16,Aston Villa,Wolves,2,2021-22,2,3,1.4117833636091575,1.1584211271267122
2021-22,2021-10-16,Brentford,Chelsea,2,2021-22,0,1,1.0184092758825933,1.7152672007033103
2021-22,2021-10-16,Leicester,Man United,2,2021-22,4,2,1.1444511284993002,1.5908163682089398
2021-22,2021-10-16,Man City,Burnley,2,2021-22,2,0,2.8268920484717897,0.4819388383184097
2021-22,2021-10-16,Norwich,Brighton,2,2021-22,0,0,1.0090912305710262,1.5864229076242093
2021-22,2021-10-16,Southampton,Leeds,2,2021-22,1,0,1.2887609927387969,1.2048263450521897
2021-22,2021-10-16,Watford,Liverpool,2,2021-22,0,5,0.7463522714184745,2.460508393146796
2021-22,2021-10-17,Everton,West Ham,2,2021-22,0,1,1.4338470813678128,1.0395645409495007
2021-22,2021-10-17,Newcastle,Tottenham,2,2021-22,2,3,1.3335094755363608,1.1257438039371002
2021-22,2021-10-18,Arsenal,Crystal Palace,2,2021-22,2,2,1.6387489033322682,1.0774098916626145
2021-22,2021-10-22,Arsenal,Aston Villa,2,2021-22,3,1,1.5945277162812108,1.1629548602228217
2021-22,2021-10-23,Brighton,Man City,2,2021-22,1,4,1.0236415655574405,1.8186738762618344
2021-22,2021-10-23,Chelsea,Norwich,2,2021-22,7,0,2.8246885795328995,0.45661742229538
2021-22,2021-10-23,Crystal Palace,Newcastle,2,2021-22,1,1,1.458904742147039,0.9560497450833856
2021-22,2021-10-23,Everton,Watford,2,2021-22,2,5,1.7763537229055792,0.813895085462143
2021-22,2021-10-23,Leeds,Wolves,2,2021-22,1,1,1.3814397049340141,1.378848319527999
2021-22,2021-10-23,Southampton,Burnley,2,2021-22,2,2,1.4306972012674246,1.0165045691624723
2021-22,2021-10-24,Brentford,Leicester,2,2021-22,1,2,1.422142386747144,1.466765928013714
2021-22,2021-10-24,Man United,Liverpool,2,2021-22,0,5,1.1456015300439406,1.6661611196956652
2021-22,2021-10-24,West Ham,Tottenham,2,2021-22,1,0,1.6525247990261953,1.1345996316623856
2021-22,2021-10-30,Burnley,Brentford,2,2021-22,3,1,1.2541662726302445,1.3643507144239322
2021-22,2021-10-30,Leicester,Arsenal,2,2021-22,0,2,1.3126557236045753,1.0588281006959575
2021-22,2021-10-30,Liverpool,Brighton,2,2021-22,2,2,2.8941988410747213,0.6263612247963407
2021-22,2021-10-30,Man City,Crystal Palace,2,2021-22,0,2,2.767667673917588,0.588696953110725
2021-22,2021-10-30,Newcastle,Chelsea,2,2021-22,0,3,0.7651368583047813,2.2341283933069636
2021-22,2021-10-30,Tottenham,Man United,2,2021-22,0,3,1.5871910480947782,1.3722563328494204
2021-22,2021-10-30,Watford,Southampton,2,2021-22,0,1,1.326627131914202,1.2710103596943771
2021-22,2021-10-31,Aston Villa,West Ham,2,2021-22,1,4,1.1117271629118772,1.50891339376731
2021-22,2021-10-31,Norwich,Leeds,2,2021-22,1,2,0.9955904629724656,1.5279109958150028
2021-22,2021-11-01,Wolves,Everton,2,2021-22,2,1,1.5427077854561955,1.2011976681917038
2021-22,2021-11-05,Southampton,Aston Villa,2,2021-22,1,0,1.4907184536650606,1.1763135673442702
2021-22,2021-11-06,Brentford,Norwich,2,2021-22,1,2,1.8914591315067053,0.5649448543902718
2021-22,2021-11-06,Brighton,Newcastle,2,2021-22,1,1,1.4268999381715244,0.8184801827578199
2021-22,2021-11-06,Chelsea,Burnley,2,2021-22,1,1,2.2792146259111,0.5781550391822624
2021-22,2021-11-06,Crystal Palace,Wolves,2,2021-22,2,0,1.4366883998421434,1.2277104456229258
2021-22,2021-11-06,Man United,Man City,2,2021-22,0,2,1.4531655553289435,1.5697983188502542
2021-22,2021-11-07,Arsenal,Watford,2,2021-22,1,0,1.976715792830829,0.7555292506013566
2021-22,2021-11-07,Everton,Tottenham,2,2021-22,0,0,1.487144916066283,1.0571164182811428
2021-22,2021-11-07,Leeds,Leicester,2,2021-22,1,1,1.2168476041316814,1.3489170288315921
2021-22,2021-11-07,West Ham,Liverpool,2,2021-22,3,2,1.1973702956706138,1.8171070888356597
2021-22,2021-11-20,Aston Villa,Brighton,2,2021-22,2,0,1.3141531373168993,1.245891571874499
2021-22,2021-11-20,Burnley,Crystal Palace,2,2021-22,3,3,1.1226036477874946,1.1608203863748259
2021-22,2021-11-20,Leicester,Chelsea,2,2021-22,0,3,1.0012362740235958,1.9391435776814545
2021-22,2021-11-20,Liverpool,Arsenal,2,2021-22,4,0,2.307195184575763,0.8062521651829541
2021-22,2021-11-20,Newcastle,Brentford,2,2021-22,3,3,1.4654863008876984,1.0921872986666017
2021-22,2021-11-20,Norwich,Southampton,2,2021-22,2,1,0.9944789488173266,1.5372914894275345
2021-22,2021-11-20,Watford,Man United,2,2021-22,4,1,1.100284365428249,1.8092379928796245
2021-22,2021-11-20,Wolves,West Ham,2,2021-22,1,0,0.9868627920957627,1.4616515968244002
2021-22,2021-11-21,Man City,Everton,2,2021-22,3,0,2.6768400780716846,0.692587130979265
2021-22,2021-11-21,Tottenham,Leeds,2,2021-22,2,1,1.2215071889735796,1.0781431275766975
2021-22,2021-11-27,Arsenal,Newcastle,2,2021-22,2,0,1.6558485236066467,0.9061684515922289
2021-22,2021-11-27,Brighton,Leeds,2,2021-22,0,0,1.316368164060282,1.1101370245158027
2021-22,2021-11-27,Crystal Palace,Aston Villa,2,2021-22,1,2,1.5198585391791477,0.9779641236227026
2021-22,2021-11-27,Liverpool,Southampton,2,2021-22,4,0,2.8697112328694456,0.6488741854503463
2021-22,2021-11-27,Norwich,Wolves,2,2021-22,0,0,0.9588421998590525,1.685440096264649
2021-22,2021-11-28,Brentford,Everton,2,2021-22,1,0,1.573609365856218,1.195906821877164
2021-22,2021-11-28,Chelsea,Man United,2,2021-22,1,1,2.288746120072957,0.7882746591358852
2021-22,2021-11-28,Leicester,Watford,2,2021-22,4,2,1.9034024189364516,0.8859125754791842
2021-22,2021-11-28,Man City,West Ham,2,2021-22,2,1,1.896373102831819,0.8122985494096532
2021-22,2021-11-30,Leeds,Crystal Palace,2,2021-22,1,0,1.2740565840505398,1.4014878947529008
2021-22,2021-11-30,Newcastle,Norwich,2,2021-22,1,1,1.866682394984271,0.5853087064239494
2021-22,2021-12-01,Aston Villa,Man City,2,2021-22,1,2,0.7879789961484691,2.8317608235124525
2021-22,2021-12-01,Everton,Liverpool,2,2021-22,1,4,1.0570590982594725,2.4078739654631387
2021-22,2021-12-01,Southampton,Leicester,2,2021-22,2,2,0.9750160862555048,1.7293241993566204
2021-22,2021-12-01,Watford,Chelsea,2,2021-22,1,2,0.6946287928909662,2.4628588999376935
2021-22,2021-12-01,West Ham,Brighton,2,2021-22,1,1,2.0580661172204553,0.7161746514575786
2021-22,2021-12-01,Wolves,Burnley,2,2021-22,0,0,1.3502068401045075,1.0966499461164394
2021-22,2021-12-02,Man United,Arsenal,2,2021-22,3,2,1.5569117139478783,1.0969822392796305
2021-22,2021-12-02,Tottenham,Brentford,2,2021-22,2,0,1.3843172295430788,1.1265443887626942
2021-22,2021-12-04,Newcastle,Burnley,2,2021-22,1,0,1.1771875335907016,1.2842147190518494
2021-22,2021-12-04,Southampton,Brighton,2,2021-22,1,1,1.151031768438096,1.3617396779909576
2021-22,2021-12-04,Watford,Man City,2,2021-22,1,3,0.734589892910421,2.5132794825585343
2021-22,2021-12-04,West Ham,Chelsea,2,2021-22,3,2,1.2866172668741325,1.4416419882266824
2021-22,2021-12-04,Wolves,Liverpool,2,2021-22,0,1,0.7969662459239019,2.574357464471063
2021-22,2021-12-05,Aston Villa,Leicester,2,2021-22,2,1,1.2506969178777338,1.4707999471990398
2021-22,2021-12-05,Leeds,Brentford,2,2021-22,2,2,1.3001267863081574,1.6537852990576998
2021-22,2021-12-05,Man United,Crystal Palace,2,2021-22,1,0,1.97772674524721,0.8931973889992411
2021-22,2021-12-05,Tottenham,Norwich,2,2021-22,3,0,1.789150298407471,0.5513849306847322
2021-22,2021-12-06,Everton,Arsenal,2,2021-22,2,1,1.2831444881050267,1.4310985325734413
2021-22,2021-12-10,Brentford,Watford,2,2021-22,2,1,1.6909449806125347,0.9824479438622213
2021-22,2021-12-11,Arsenal,Southampton,2,2021-22,3,0,1.667115497507479,0.9554823773665864
2021-22,2021-12-11,Chelsea,Leeds,2,2021-22,3,2,2.4597293865863463,0.7076407610220501
2021-22,2021-12-11,Liverpool,Aston Villa,2,2021-22,1,0,3.136519536152403,0.6855718394614838
2021-22,2021-12-11,Man City,Wolves,2,2021-22,1,0,2.5243892903955807,0.7148772298411045
2021-22,2021-12-11,Norwich,Man United,2,2021-22,0,1,0.8615063564245572,2.1023438115374242
2021-22,2021-12-12,Burnley,West Ham,2,2021-22,0,0,1.154582212243197,1.2012953986106443
2021-22,2021-12-12,Crystal Palace,Everton,2,2021-22,3,1,1.5951294823353257,1.1206138165602917
2021-22,2021-12-12,Leicester,Newcastle,2,2021-22,4,0,1.8812921406103407,0.8487206576038178
2021-22,2021-12-14,Man City,Leeds,2,2021-22,7,0,2.5190634733399193,0.6945609111138081
2021-22,2021-12-14,Norwich,Aston Villa,2,2021-22,0,2,0.9370034352685009,1.475306341007218
2021-22,2021-12-15,Arsenal,West Ham,2,2021-22,2,0,1.2804786520182867,1.534550364990748
2021-22,2021-12-15,Brighton,Wolves,2,2021-22,0,1,1.4388921276106015,1.0215875787103013
2021-22,2021-12-15,Crystal Palace,Southampton,2,2021-22,2,2,1.9070605853978821,0.8342530380312615
2021-22,2021-12-16,Chelsea,Everton,2,2021-22,1,1,3.023281775732117,0.7052923293789358
2021-22,2021-12-16,Liverpool,Newcastle,2,2021-22,3,1,3.0308434010509178,0.4914469361484982
2021-22,2021-12-18,Leeds,Arsenal,2,2021-22,1,4,0.9458357136020353,2.108230240820144
2021-22,2021-12-19,Newcastle,Man City,2,2021-22,0,4,0.8353874870222697,2.54021078620895
2021-22,2021-12-19,Tottenham,Liverpool,2,2021-22,2,2,0.8258400963934333,1.7755892311737136
2021-22,2021-12-19,Wolves,Chelsea,2,2021-22,0,0,0.8509974029472567,1.910558690240866
2021-22,2021-12-26,Aston Villa,Chelsea,2,2021-22,1,3,0.9552444825139963,1.4129663193202628
2021-22,2021-12-26,Brighton,Brentford,2,2021-22,2,0,1.4936415562833063,1.4128248329532354
2021-22,2021-12-26,Man City,Leicester,2,2021-22,6,3,2.338948190956748,0.9407737101424283
2021-22,2021-12-26,Norwich,Arsenal,2,2021-22,0,5,0.6373050730379983,1.879556830890978
2021-22,2021-12-26,Tottenham,Crystal Palace,2,2021-22,3,0,1.44108105880506,0.9341687843436342
2021-22,2021-12-26,West Ham,Southampton,2,2021-22,2,3,2.1371886153415276,0.9281589056954407
2021-22,2021-12-27,Newcastle,Man United,2,2021-22,1,1,1.3529297036949122,2.4519889460327176
2021-22,2021-12-28,Crystal Palace,Norwich,2,2021-22,3,0,1.9631867936666796,0.6821581444403881
2021-22,2021-12-28,Leicester,Liverpool,2,2021-22,1,0,1.1663468472057859,1.3685700457413186
2021-22,2021-12-28,Southampton,Tottenham,2,2021-22,1,1,1.2755776851994285,1.973249617694178
2021-22,2021-12-28,Watford,West Ham,2,2021-22,1,4,0.9698739647654511,1.2003794695262855
2021-22,2021-12-29,Brentford,Man City,2,2021-22,0,1,0.6000008450001543,2.423611687297221
2021-22,2021-12-29,Chelsea,Brighton,2,2021-22,1,1,2.9361321114252954,1.0043418312588595
2021-22,2021-12-30,Man United,Burnley,2,2021-22,3,1,2.094691112693371,0.8107938124374378
2021-22,2022-01-01,Arsenal,Man City,2,2021-22,1,2,0.6936989844202427,2.0452046838331936
2021-22,2022-01-01,Crystal Palace,West Ham,2,2021-22,2,3,1.3929134841305306,1.4427320440663176
2021-22,2022-01-01,Watford,Tottenham,2,2021-22,0,1,0.910968954201791,1.684354007381838
2021-22,2022-01-02,Brentford,Aston Villa,2,2021-22,2,1,1.3723452223347594,1.3996667980069284
2021-22,2022-01-02,Chelsea,Liverpool,2,2021-22,2,2,1.994768739884966,1.2979813327273786
2021-22,2022-01-02,Everton,Brighton,2,2021-22,2,3,1.2211266431645225,1.0743027013473923
2021-22,2022-01-02,Leeds,Burnley,2,2021-22,3,1,1.4914924367334355,1.3693677048781874
2021-22,2022-01-03,Man United,Wolves,2,2021-22,0,1,1.6563410749708682,1.050583077429169
2021-22,2022-01-11,Southampton,Brentford,2,2021-22,4,1,1.6681924355256683,1.1512225457289702
2021-22,2022-01-12,West Ham,Norwich,2,2021-22,2,0,2.8289801829449024,0.578374017741103
2021-22,2022-01-14,Brighton,Crystal Palace,2,2021-22,1,1,1.336795235318766,0.9406396116347705
2021-22,2022-01-15,Aston Villa,Man United,2,2021-22,2,2,1.1508673099622102,1.540229366276707
2021-22,2022-01-15,Man City,Chelsea,2,2021-22,1,0,2.3880154356432532,0.8433509496254462
2021-22,2022-01-15,Newcastle,Watford,2,2021-22,1,1,1.8386316225417851,0.9905867369550331
2021-22,2022-01-15,Norwich,Everton,2,2021-22,2,1,1.0965858408814486,1.5040790574886982
2021-22,2022-01-15,Wolves,Southampton,2,2021-22,3,1,1.2410844806113615,1.1121185146260242
2021-22,2022-01-16,Liverpool,Brentford,2,2021-22,3,0,3.1412174821756,0.5853347321848836
2021-22,2022-01-16,West Ham,Leeds,2,2021-22,2,3,2.1918055124157183,0.8946535296399813
2021-22,2022-01-18,Brighton,Chelsea,2,2021-22,1,1,0.857291730383105,1.4566421899374558
2021-22,2022-01-19,Brentford,Man United,2,2021-22,1,3,1.2051957701768234,1.8640366935441655
2021-22,2022-01-19,Leicester,Tottenham,2,2021-22,2,3,1.1708491694183234,1.251662538268786
2021-22,2022-01-21,Watford,Norwich,2,2021-22,0,3,1.5823150691035202,0.5392037197907167
2021-22,2022-01-22,Brentford,Wolves,2,2021-22,1,2,1.4162663244171578,1.5195901955001174
2021-22,2022-01-22,Everton,Aston Villa,2,2021-22,0,1,1.5417351522593157,1.0403209210903026
2021-22,2022-01-22,Leeds,Newcastle,2,2021-22,0,1,1.8772326023615167,0.8947967263342319
2021-22,2022-01-22,Man United,West Ham,2,2021-22,1,0,1.3284670044180125,0.8480364153267852
2021-22,2022-01-22,Southampton,Man City,2,2021-22,1,1,0.9008475402317085,2.4618349726555024
2021-22,2022-01-23,Arsenal,Burnley,2,2021-22,0,0,1.6370944488184667,0.8058954884932538
2021-22,2022-01-23,Chelsea,Tottenham,2,2021-22,2,0,2.647243773497188,1.2479046788752475
2021-22,2022-01-23,Crystal Palace,Liverpool,2,2021-22,1,3,1.024966626419209,2.024812892996734
2021-22,2022-01-23,Leicester,Brighton,2,2021-22,1,1,1.3858709948370393,0.9189345543809281
2021-22,2022-02-05,Burnley,Watford,2,2021-22,0,0,1.7477454069185336,0.725655784098563
2021-22,2022-02-08,Burnley,Man United,2,2021-22,1,1,1.0022610617644925,1.2864520213092903
2021-22,2022-02-08,Newcastle,Everton,2,2021-22,3,1,1.4051390789335159,1.2366582176705638
2021-22,2022-02-08,West Ham,Watford,2,2021-22,1,0,2.180178490914531,0.7610033410431675
2021-22,2022-02-09,Aston Villa,Leeds,2,2021-22,3,3,1.6355899388532762,1.037735112496554
2021-22,2022-02-09,Man City,Brentford,2,2021-22,2,0,3.615907761171429,0.528361475694235
2021-22,2022-02-09,Norwich,Crystal Palace,2,2021-22,1,1,0.9540100246028601,1.558884378180377
2021-22,2022-02-09,Tottenham,Southampton,2,2021-22,2,3,1.4313919907656283,0.9614887864089046
2021-22,2022-02-10,Liverpool,Leicester,2,2021-22,2,0,2.6930422896382695,0.9568142707230787
2021-22,2022-02-10,Wolves,Arsenal,2,2021-22,0,1,1.2006526400708377,1.4812433186163556
2021-22,2022-02-12,Brentford,Crystal Palace,2,2021-22,0,0,1.3268021179458989,1.35614587308715
2021-22,2022-02-12,Everton,Leeds,2,2021-22,3,0,1.0436357026034508,1.3897060705571191
2021-22,2022-02-12,Man United,Southampton,2,2021-22,1,1,1.4069935830444904,1.1572147549355112
2021-22,2022-02-12,Norwich,Man City,2,2021-22,0,4,0.6041619870200422,2.50026916916469
2021-22,2022-02-12,Watford,Brighton,2,2021-22,0,2,0.9668606143819953,1.4012816028188053
2021-22,2022-02-13,Burnley,Liverpool,2,2021-22,0,1,0.7288767892580813,2.052288390432155
2021-22,2022-02-13,Leicester,West Ham,2,2021-22,2,2,1.488235117756393,0.925059623387001
2021-22,2022-02-13,Newcastle,Aston Villa,2,2021-22,1,0,1.320176813884042,1.4283910736802163
2021-22,2022-02-13,Tottenham,Wolves,2,2021-22,0,2,1.2859199979839133,1.0340128866701934
2021-22,2022-02-15,Man United,Brighton,2,2021-22,2,0,1.5878956064284586,1.083855968458125
2021-22,2022-02-19,Arsenal,Brentford,2,2021-22,2,1,1.740840652651255,0.6500406231748624
2021-22,2022-02-19,Aston Villa,Watford,2,2021-22,0,1,2.0267685253917014,0.684721653772151
2021-22,2022-02-19,Brighton,Burnley,2,2021-22,0,3,1.500457683723739,0.8684820955835572
2021-22,2022-02-19,Crystal Palace,Chelsea,2,2021-22,0,1,1.2073197638733346,1.7774561951217938
2021-22,2022-02-19,Liverpool,Norwich,2,2021-22,3,1,3.4228971439730924,0.41622532012591895
2021-22,2022-02-19,Man City,Tottenham,2,2021-22,2,3,3.0388169651952617,0.8273407151987149
2021-22,2022-02-19,Southampton,Everton,2,2021-22,2,0,1.6580478774157683,1.1719657043755838
2021-22,2022-02-19,West Ham,Newcastle,2,2021-22,1,1,1.8389052669155914,1.00026541009469
2021-22,2022-02-20,Leeds,Man United,2,2021-22,2,4,0.9288217612845875,1.4072225421321687
2021-22,2022-02-20,Wolves,Leicester,2,2021-22,2,1,1.4164873921868675,1.3798386768501372
2021-22,2022-02-23,Burnley,Tottenham,2,2021-22,1,0,1.1768063682238865,1.0929903285263223
2021-22,2022-02-23,Liverpool,Leeds,2,2021-22,6,0,2.4399961379360033,0.8811866773793436
2021-22,2022-02-23,Watford,Crystal Palace,2,2021-22,1,4,1.0823295426218407,1.046143692346314
2021-22,2022-02-24,Arsenal,Wolves,2,2021-22,2,1,1.3987328729752575,0.9055699563295854
2021-22,2022-02-25,Southampton,Norwich,2,2021-22,2,0,1.8931620216963776,0.6208818688032095
2021-22,2022-02-26,Brentford,Newcastle,2,2021-22,0,2,1.2890970761468346,1.2894791541029713
2021-22,2022-02-26,Brighton,Aston Villa,2,2021-22,0,2,1.5590255134039672,1.117437492416216
2021-22,2022-02-26,Crystal Palace,Burnley,2,2021-22,1,1,1.7113582906284799,1.0830365561883608
2021-22,2022-02-26,Everton,Man City,2,2021-22,0,1,0.7516891862124794,1.8585418010337311
2021-22,2022-02-26,Leeds,Tottenham,2,2021-22,0,4,1.4691262697875835,1.4052087964033986
2021-22,2022-02-26,Man United,Watford,2,2021-22,0,0,2.07921899928303,0.6452115163571892
2021-22,2022-02-27,West Ham,Wolves,2,2021-22,1,0,1.5255261136860694,1.1871845097865286
2021-22,2022-03-01,Burnley,Leicester,2,2021-22,0,2,1.5718394360488772,1.3566042100725892
2021-22,2022-03-05,Aston Villa,Southampton,2,2021-22,4,0,1.3317185975340986,1.1743779064361726
2021-22,2022-03-05,Burnley,Chelsea,2,2021-22,0,4,0.9047304021643604,1.8715299559355352
2021-22,2022-03-05,Leicester,Leeds,2,2021-22,1,0,1.8004835529477614,0.7544092677847416
2021-22,2022-03-05,Liverpool,West Ham,2,2021-22,1,0,2.947149089930389,0.7139510841056564
2021-22,2022-03-05,Newcastle,Brighton,2,2021-22,2,1,1.274885570485764,1.1356479036249607
2021-22,2022-03-05,Norwich,Brentford,2,2021-22,1,3,1.0832992936678423,1.3152001122808696
2021-22,2022-03-05,Wolves,Crystal Palace,2,2021-22,0,2,1.2858955598096387,1.1251263088089039
2021-22,2022-03-06,Man City,Man United,2,2021-22,4,1,2.4620248728113854,0.7891151777591107
2021-22,2022-03-06,Watford,Arsenal,2,2021-22,2,3,1.355044456562445,1.8281154126689223
2021-22,2022-03-07,Tottenham,Everton,2,2021-22,5,0,1.8952470730607998,0.9354372318728967
2021-22,2022-03-10,Leeds,Aston Villa,2,2021-22,0,3,1.4096876055588798,1.6247953724450264
2021-22,2022-03-10,Norwich,Chelsea,2,2021-22,1,3,0.715724529145136,2.939706482762334
2021-22,2022-03-10,Southampton,Newcastle,2,2021-22,1,2,1.3561715734159754,1.313221095766244
2021-22,2022-03-10,Wolves,Watford,2,2021-22,4,0,1.5333906044203038,0.7403016856878213
2021-22,2022-03-12,Brentford,Burnley,2,2021-22,2,0,1.3609450280895024,1.1014406360275262
2021-22,2022-03-12,Brighton,Liverpool,2,2021-22,0,2,0.8070379336898135,2.5723079421569923
2021-22,2022-03-12,Man United,Tottenham,2,2021-22,3,2,1.623463339828558,1.5087237565482838
2021-22,2022-03-13,Arsenal,Leicester,2,2021-22,2,0,1.835147428254544,1.0673288810293284
2021-22,2022-03-13,Chelsea,Newcastle,2,2021-22,1,0,2.577754545062173,0.7171748512639087
2021-22,2022-03-13,Everton,Wolves,2,2021-22,0,1,0.8802739323449623,1.0554198579556764
2021-22,2022-03-13,Leeds,Norwich,2,2021-22,2,1,1.9711573388276689,0.6764640554403164
2021-22,2022-03-13,Southampton,Watford,2,2021-22,1,2,1.4849944185075414,0.704835431786142
2021-22,2022-03-13,West Ham,Aston Villa,2,2021-22,2,1,1.41926664886686,1.3398874139058135
2021-22,2022-03-14,Crystal Palace,Man City,2,2021-22,0,0,0.8758159504207198,1.9708497132591065
2021-22,2022-03-16,Arsenal,Liverpool,2,2021-22,0,2,1.1005121693945066,1.2109812919016218
2021-22,2022-03-16,Brighton,Tottenham,2,2021-22,0,2,1.2462654522138215,1.7835509682630801
2021-22,2022-03-17,Everton,Newcastle,2,2021-22,1,0,1.0524272002884227,1.0580351169187328
2021-22,2022-03-18,Wolves,Leeds,2,2021-22,2,3,1.7904029340058427,0.8232473526955588
2021-22,2022-03-19,Aston Villa,Arsenal,2,2021-22,0,1,1.2100380058079074,1.5456737551787747
2021-22,2022-03-20,Leicester,Brentford,2,2021-22,2,1,1.6016464776687345,0.8439058996363364
2021-22,2022-03-20,Tottenham,West Ham,2,2021-22,3,1,1.715009009978555,1.0662954485453893
2021-22,2022-04-02,Brighton,Norwich,2,2021-22,0,0,2.0065587890900356,0.6742994211064325
2021-22,2022-04-02,Burnley,Man City,2,2021-22,0,2,0.678687938011601,1.9429879410534667
2021-22,2022-04-02,Chelsea,Brentford,2,2021-22,1,4,2.4639501889345508,0.5472852523683948
2021-22,2022-04-02,Leeds,Southampton,2,2021-22,1,1,1.3191054768947441,1.6429106845877852
2021-22,2022-04-02,Liverpool,Watford,2,2021-22,2,0,3.2268949252977333,0.4122573268545045
2021-22,2022-04-02,Man United,Leicester,2,2021-22,1,1,1.9190452621045522,1.0873565347768033
2021-22,2022-04-02,Wolves,Aston Villa,2,2021-22,2,1,1.2722130594952685,1.038025506864153
2021-22,2022-04-03,Tottenham,Newcastle,2,2021-22,5,1,1.849390455458568,0.8994074686065237
2021-22,2022-04-03,West Ham,Everton,2,2021-22,2,1,2.025940799134575,1.1211593797535857
2021-22,2022-04-04,Crystal Palace,Arsenal,2,2021-22,3,0,1.5718434356584927,1.3705014961684363
2021-22,2022-04-06,Burnley,Everton,2,2021-22,3,2,1.3074360935338234,1.1226914601806242
2021-22,2022-04-08,Newcastle,Wolves,2,2021-22,1,0,1.1669132499345862,1.469982247711427
2021-22,2022-04-09,Arsenal,Brighton,2,2021-22,1,2,2.021268714682923,1.0149442115735683
2021-22,2022-04-09,Aston Villa,Tottenham,2,2021-22,0,4,1.0789570385338452,1.6808134240395207
2021-22,2022-04-09,Everton,Man United,2,2021-22,1,0,1.0316806876150637,1.5766999142009428
2021-22,2022-04-09,Southampton,Chelsea,2,2021-22,0,6,1.0485004990887878,1.9015765951093706
2021-22,2022-04-09,Watford,Leeds,2,2021-22,0,3,1.1628674134001222,1.141287942176245
2021-22,2022-04-10,Brentford,West Ham,2,2021-22,2,0,1.2814176656043883,1.3844913584272789
2021-22,2022-04-10,Leicester,Crystal Palace,2,2021-22,2,1,1.1831939429168683,1.0893177877183364
2021-22,2022-04-10,Man City,Liverpool,2,2021-22,2,2,1.8416516134371808,1.1277766909009805
2021-22,2022-04-10,Norwich,Burnley,2,2021-22,2,0,1.1040419374679207,1.2287670040149024
2021-22,2022-04-16,Man United,Norwich,2,2021-22,3,2,2.464848769075189,0.5854479053410332
2021-22,2022-04-16,Southampton,Arsenal,2,2021-22,1,0,1.5501595483777961,1.6642086152038629
2021-22,2022-04-16,Tottenham,Brighton,2,2021-22,0,1,2.3441575406847304,0.7944449116093211
2021-22,2022-04-16,Watford,Brentford,2,2021-22,1,2,1.14308572859098,1.3827657856245548
2021-22,2022-04-17,Newcastle,Leicester,2,2021-22,2,1,1.320829404740386,1.9363576902693238
2021-22,2022-04-17,West Ham,Burnley,2,2021-22,1,1,1.8841240714148975,0.9818380458876643
2021-22,2022-04-19,Liverpool,Man United,2,2021-22,4,0,2.475390361465814,0.8102034007037212
2021-22,2022-04-20,Chelsea,Arsenal,2,2021-22,2,4,2.5536599687684944,0.6990299236218814
2021-22,2022-04-20,Everton,Leicester,2,2021-22,1,1,0.9366932983356915,1.5680279289118229
2021-22,2022-04-20,Man City,Brighton,2,2021-22,3,0,3.3098621358383626,0.46739592236273125
2021-22,2022-04-20,Newcastle,Crystal Palace,2,2021-22,1,0,1.3940679028344192,1.7107366332511988
2021-22,2022-04-21,Burnley,Southampton,2,2021-22,2,0,1.396879482254957,1.165256970468541
2021-22,2022-04-23,Arsenal,Man United,2,2021-22,3,1,1.7526843965455727,0.9979078635667439
2021-22,2022-04-23,Brentford,Tottenham,2,2021-22,0,0,1.0071805905045992,1.9163094358598125
2021-22,2022-04-23,Leicester,Aston Villa,2,2021-22,0,0,1.9759491961501143,0.9355482492695013
2021-22,2022-04-23,Man City,Watford,2,2021-22,5,1,4.482515594396805,0.30981310993033395
2021-22,2022-04-23,Norwich,Newcastle,2,2021-22,0,3,0.9052629279455287,1.7127360626950723
2021-22,2022-04-24,Brighton,Southampton,2,2021-22,2,2,1.382706885779081,1.2460543710461323
2021-22,2022-04-24,Burnley,Wolves,2,2021-22,1,0,1.3802516133864715,1.2318915841558007
2021-22,2022-04-24,Chelsea,West Ham,2,2021-22,1,0,2.447493922879554,0.6123709156052927
2021-22,2022-04-24,Liverpool,Everton,2,2021-22,2,0,3.4370878854473252,0.6478402222123985
2021-22,2022-04-25,Crystal Palace,Leeds,2,2021-22,0,0,1.4913938063195193,1.154566591436905
2021-22,2022-04-28,Man United,Chelsea,2,2021-22,1,1,1.629441777757818,2.0329968476007654
2021-22,2022-04-30,Aston Villa,Norwich,2,2021-22,2,0,1.8775851325132606,0.618761701784378
2021-22,2022-04-30,Leeds,Man City,2,2021-22,0,4,0.6508646370029504,2.2740548662644557
2021-22,2022-04-30,Newcastle,Liverpool,2,2021-22,0,1,0.6750924615573763,2.8964972452064557
2021-22,2022-04-30,Southampton,Crystal Palace,2,2021-22,1,2,1.514591649334557,1.5805068745435984
2021-22,2022-04-30,Watford,Burnley,2,2021-22,1,2,1.0936090107235787,1.125893506877001
2021-22,2022-04-30,Wolves,Brighton,2,2021-22,0,3,1.4960378497794802,0.8928145547900569
2021-22,2022-05-01,Everton,Chelsea,2,2021-22,1,0,0.7402687543509467,1.9643884616156502
2021-22,2022-05-01,Tottenham,Leicester,2,2021-22,3,1,1.849358580675751,0.9558154750908653
2021-22,2022-05-01,West Ham,Arsenal,2,2021-22,1,2,1.3753156168817438,1.4244532645083334
2021-22,2022-05-02,Man United,Brentford,2,2021-22,3,0,2.3496282285971404,1.4015947773382775
2021-22,2022-05-07,Brentford,Southampton,2,2021-22,3,0,1.3843008752932067,1.183286283372947
2021-22,2022-05-07,Brighton,Man United,2,2021-22,4,0,1.2382748364823923,1.0807073527985525
2021-22,2022-05-07,Burnley,Aston Villa,2,2021-22,1,3,1.4447325279781955,1.4279662987195816
2021-22,2022-05-07,Chelsea,Wolves,2,2021-22,2,2,2.6193592823983827,0.7033027467858011
2021-22,2022-05-07,Crystal Palace,Watford,2,2021-22,1,0,1.8555745116781914,0.7657520537329302
2021-22,2022-05-07,Liverpool,Tottenham,2,2021-22,1,1,2.6053907263653273,0.8999254579587805
2021-22,2022-05-08,Arsenal,Leeds,2,2021-22,2,1,1.8326547885384208,0.7390946716562874
2021-22,2022-05-08,Leicester,Everton,2,2021-22,1,2,1.6455476389857773,0.9583875687843609
2021-22,2022-05-08,Man City,Newcastle,2,2021-22,5,0,3.7029133076143754,0.5297848215109715
2021-22,2022-05-08,Norwich,West Ham,2,2021-22,0,4,0.853402524433452,1.4841596398765877
2021-22,2022-05-10,Aston Villa,Liverpool,2,2021-22,1,2,0.8200440398824321,1.7450092844033613
2021-22,2022-05-11,Leeds,Chelsea,2,2021-22,0,3,1.1974810356696906,1.3934812505192409
2021-22,2022-05-11,Leicester,Norwich,2,2021-22,3,0,2.0341990788177977,0.5906140284139603
2021-22,2022-05-11,Watford,Everton,2,2021-22,0,0,1.1185305794797098,1.5006753312315475
2021-22,2022-05-11,Wolves,Man City,2,2021-22,1,5,0.633157905262126,2.5058277094094517
2021-22,2022-05-12,Tottenham,Arsenal,2,2021-22,3,0,1.4969322016760045,1.0987829986555169
2021-22,2022-05-15,Aston Villa,Crystal Palace,2,2021-22,1,1,1.7114605426166776,1.3676765879796515
2021-22,2022-05-15,Everton,Brentford,2,2021-22,2,3,1.201005903052376,1.4124059921541603
2021-22,2022-05-15,Leeds,Brighton,2,2021-22,1,1,1.0740660185846147,1.441131907769032
2021-22,2022-05-15,Tottenham,Burnley,2,2021-22,1,0,2.3088654092789356,0.818126721611323
2021-22,2022-05-15,Watford,Leicester,2,2021-22,1,5,0.9819212523384322,1.5211972650461623
2021-22,2022-05-15,West Ham,Man City,2,2021-22,2,2,0.687525443429412,2.6089165333568785
2021-22,2022-05-15,Wolves,Norwich,2,2021-22,1,1,2.426986065691441,0.6012444797060529
2021-22,2022-05-16,Newcastle,Arsenal,2,2021-22,2,0,1.0988155195770024,1.6404812316802833
2021-22,2022-05-17,Southampton,Liverpool,2,2021-22,1,2,0.7269404096000018,2.1078136913536434
2021-22,2022-05-19,Aston Villa,Burnley,2,2021-22,1,1,1.495513028909793,0.9531057118925289
2021-22,2022-05-19,Chelsea,Leicester,2,2021-22,1,1,2.2716379770493376,0.837104924695208
2021-22,2022-05-19,Everton,Crystal Palace,2,2021-22,3,2,1.2767863450192427,1.5998586665945431
2021-22,2022-05-22,Arsenal,Everton,2,2021-22,5,1,1.5500095271931096,1.0527924388198724
2021-22,2022-05-22,Brentford,Leeds,2,2021-22,1,2,1.7207838560129503,0.8795210987254286
2021-22,2022-05-22,Brighton,West Ham,2,2021-22,3,1,1.286648405364776,1.0984980525003027
2021-22,2022-05-22,Burnley,Newcastle,2,2021-22,1,2,1.4366153193362996,1.232696598464383
2021-22,2022-05-22,Chelsea,Watford,2,2021-22,2,1,4.015960272802336,0.3772538061047421
2021-22,2022-05-22,Crystal Palace,Man United,2,2021-22,1,0,1.7634030677942674,1.266591518200339
2021-22,2022-05-22,Leicester,Southampton,2,2021-22,4,1,1.8105301776425762,0.9907809564944243
2021-22,2022-05-22,Liverpool,Wolves,2,2021-22,3,1,3.4210842376949886,0.584173495258558
2021-22,2022-05-22,Man City,Aston Villa,2,2021-22,3,2,3.3280239751511993,0.633657945061853
2021-22,2022-05-22,Norwich,Tottenham,2,2021-22,0,5,0.7133986726359989,2.347560311662954
2022-23,2022-08-05,Crystal Palace,Arsenal,3,2022-23,0,2,1.403642620297453,1.7670091586045995
2022-23,2022-08-06,Bournemouth,Aston Villa,3,2022-23,2,0,1.2445858530810834,1.5282558778645583
2022-23,2022-08-06,Everton,Chelsea,3,2022-23,0,1,1.2122119043881359,1.733599336933554
2022-23,2022-08-06,Fulham,Liverpool,3,2022-23,2,2,0.840426269541094,2.837010698275149
2022-23,2022-08-06,Leeds,Wolves,3,2022-23,2,1,1.3656825166224245,0.9726862044578062
2022-23,2022-08-06,Newcastle,Nott'm Forest,3,2022-23,2,0,1.623855916325704,1.162970284647476
2022-23,2022-08-06,Tottenham,Southampton,3,2022-23,4,1,1.9152404527221445,0.9077734215100358
2022-23,2022-08-07,Leicester,Brentford,3,2022-23,2,2,1.6587049817278783,1.1570421537458162
2022-23,2022-08-07,Man United,Brighton,3,2022-23,1,2,1.6624253946451026,1.1262663054558626
2022-23,2022-08-07,West Ham,Man City,3,2022-23,0,2,1.1435883659347428,2.334790757401387
2022-23,2022-08-13,Arsenal,Leicester,3,2022-23,4,2,2.06971442156225,1.1806399943767552
2022-23,2022-08-13,Aston Villa,Everton,3,2022-23,2,1,1.3008941995610466,1.3312576219705066
2022-23,2022-08-13,Brentford,Man United,3,2022-23,4,0,1.2102383203685483,1.574852871864614
2022-23,2022-08-13,Brighton,Newcastle,3,2022-23,0,0,1.526040336766461,1.3365104162290242
2022-23,2022-08-13,Man City,Bournemouth,3,2022-23,4,0,2.6389653370303896,0.7148831707807264
2022-23,2022-08-13,Southampton,Leeds,3,2022-23,2,2,1.1067040470872853,1.50967889594922
2022-23,2022-08-13,Wolves,Fulham,3,2022-23,0,0,1.45924426877194,1.068261246550834
2022-23,2022-08-14,Chelsea,Tottenham,3,2022-23,2,2,1.6027832566091273,1.2698643851874263
2022-23,2022-08-14,Nott'm Forest,West Ham,3,2022-23,1,0,1.267816460516965,1.2027479270950654
2022-23,2022-08-15,Liverpool,Crystal Palace,3,2022-23,1,1,2.5583638925245147,0.6503686622333901
2022-23,2022-08-20,Bournemouth,Arsenal,3,2022-23,0,3,0.9842905177902413,2.4261911287101627
2022-23,2022-08-20,Crystal Palace,Aston Villa,3,2022-23,3,1,1.2864677904251771,1.253427385617242
2022-23,2022-08-20,Everton,Nott'm Forest,3,2022-23,1,1,1.2072923538997986,1.303123658700145
2022-23,2022-08-20,Fulham,Brentford,3,2022-23,3,2,1.0114368515680203,1.8374942492492503
2022-23,2022-08-20,Leicester,Southampton,3,2022-23,1,2,1.5806016513711156,1.0587390189693637
2022-23,2022-08-20,Tottenham,Wolves,3,2022-23,1,0,2.051060406577807,0.9287585519479493
2022-23,2022-08-21,Leeds,Chelsea,3,2022-23,3,0,1.1725705523051442,1.801151727330176
2022-23,2022-08-21,Newcastle,Man City,3,2022-23,3,3,1.0080117139271485,2.223232189269466
2022-23,2022-08-21,West Ham,Brighton,3,2022-23,0,2,1.277510025056794,1.228333225200282
2022-23,2022-08-22,Man United,Liverpool,3,2022-23,2,1,1.1461433222973814,2.05260007039502
2022-23,2022-08-27,Arsenal,Fulham,3,2022-23,2,1,2.2955066369691917,0.8131812351970652
2022-23,2022-08-27,Brentford,Everton,3,2022-23,1,1,1.4268338958533506,1.0900720951734444
2022-23,2022-08-27,Brighton,Leeds,3,2022-23,1,0,1.4441910222863679,1.334129638564182
2022-23,2022-08-27,Chelsea,Leicester,3,2022-23,2,1,1.8042920270741836,0.9125365515144747
2022-23,2022-08-27,Liverpool,Bournemouth,3,2022-23,9,0,2.544021758954855,0.7253971308971012
2022-23,2022-08-27,Man City,Crystal Palace,3,2022-23,4,2,2.679268650666505,0.7348670124906077
2022-23,2022-08-27,Southampton,Man United,3,2022-23,0,1,1.2775663527743786,1.7291801533515647
2022-23,2022-08-28,Aston Villa,West Ham,3,2022-23,0,1,1.2645094867815556,1.1676287925512485
2022-23,2022-08-28,Nott'm Forest,Tottenham,3,2022-23,0,2,1.1310568015195017,1.9267718474575122
2022-23,2022-08-28,Wolves,Newcastle,3,2022-23,1,1,1.224156720685704,1.472270661228786
2022-23,2022-08-30,Crystal Palace,Brentford,3,2022-23,1,1,1.4387660131333,1.148010078813845
2022-23,2022-08-30,Fulham,Brighton,3,2022-23,2,1,1.0676772590912051,1.7380326174027179
2022-23,2022-08-30,Leeds,Everton,3,2022-23,1,1,1.5830249541807133,0.8570663883519952
2022-23,2022-08-30,Southampton,Chelsea,3,2022-23,2,1,1.1739538272918228,1.8042696943505026
2022-23,2022-08-31,Arsenal,Aston Villa,3,2022-23,2,1,2.128322565827045,0.9059211512223445
2022-23,2022-08-31,Bournemouth,Wolves,3,2022-23,0,0,1.00362191316798,1.3647699097563524
2022-23,2022-08-31,Liverpool,Newcastle,3,2022-23,2,1,2.0756882266737047,0.9349356950216833
2022-23,2022-08-31,Man City,Nott'm Forest,3,2022-23,6,0,2.841841063380365,0.7388208568322397
2022-23,2022-08-31,West Ham,Tottenham,3,2022-23,1,1,1.0524527853559538,1.8106607867641662
2022-23,2022-09-01,Leicester,Man United,3,2022-23,0,1,1.2732944663215076,1.606860035175784
2022-23,2022-09-03,Aston Villa,Man City,3,2022-23,1,1,0.553754945368744,3.2712804173647934
2022-23,2022-09-03,Brentford,Leeds,3,2022-23,5,2,1.2670732045480009,1.3248681702537126
2022-23,2022-09-03,Chelsea,West Ham,3,2022-23,2,1,1.554781716457035,1.134763522229583
2022-23,2022-09-03,Everton,Liverpool,3,2022-23,0,0,0.6282559616311102,2.920080041783322
2022-23,2022-09-03,Newcastle,Crystal Palace,3,2022-23,0,0,1.6252815053967262,1.0392415651636342
2022-23,2022-09-03,Nott'm Forest,Bournemouth,3,2022-23,2,3,1.8222195367042748,0.7995991069231023
2022-23,2022-09-03,Tottenham,Fulham,3,2022-23,2,1,2.1534018054507333,0.6409389957871274
2022-23,2022-09-03,Wolves,Southampton,3,2022-23,1,0,1.353126094455644,0.9451454281884146
2022-23,2022-09-04,Brighton,Leicester,3,2022-23,5,2,1.4012230553092877,0.9714588970148281
2022-23,2022-09-04,Man United,Arsenal,3,2022-23,3,1,1.322149714703144,1.4503211681855674
2022-23,2022-09-16,Aston Villa,Southampton,3,2022-23,1,0,1.409468206345375,1.2597031463597284
2022-23,2022-09-16,Nott'm Forest,Fulham,3,2022-23,2,3,1.3664330502634652,1.0635685669556016
2022-23,2022-09-17,Newcastle,Bournemouth,3,2022-23,1,1,2.4132314988154784,0.6458757139808847
2022-23,2022-09-17,Tottenham,Leicester,3,2022-23,6,2,2.0089058975051945,0.6523217757978806
2022-23,2022-09-17,Wolves,Man City,3,2022-23,0,3,0.6357828451485306,2.9506597000300343
2022-23,2022-09-18,Brentford,Arsenal,3,2022-23,0,3,0.9862887836965248,1.441190788502826
2022-23,2022-09-18,Everton,West Ham,3,2022-23,1,0,1.2491778034629166,1.0391840453803922
2022-23,2022-10-01,Arsenal,Tottenham,3,2022-23,3,1,1.4545550737608073,1.3597289318471808
2022-23,2022-10-01,Bournemouth,Brentford,3,2022-23,0,0,1.2039068044208316,1.4747854055576144
2022-23,2022-10-01,Crystal Palace,Chelsea,3,2022-23,1,2,1.1225745132184635,1.4302342458870971
2022-23,2022-10-01,Fulham,Newcastle,3,2022-23,1,4,1.103555630990002,1.412154613105502
2022-23,2022-10-01,Liverpool,Brighton,3,2022-23,3,3,1.7666781767069382,0.8074851765881456
2022-23,2022-10-01,Southampton,Everton,3,2022-23,1,2,1.3202883315847513,1.3718331650827895
2022-23,2022-10-01,West Ham,Wolves,3,2022-23,2,0,1.5550134591919325,1.047722080652081
2022-23,2022-10-02,Leeds,Aston Villa,3,2022-23,0,0,1.5151150339169766,1.0551273522218316
2022-23,2022-10-02,Man City,Man United,3,2022-23,6,3,2.8483626608028123,0.6994957793948706
2022-23,2022-10-03,Leicester,Nott'm Forest,3,2022-23,4,0,1.5911870507586632,0.829379973275168
2022-23,2022-10-08,Bournemouth,Leicester,3,2022-23,2,1,1.147855633178771,1.2527980890411783
2022-23,2022-10-08,Brighton,Tottenham,3,2022-23,0,1,1.1029741415246361,1.535651995206851
2022-23,2022-10-08,Chelsea,Wolves,3,2022-23,3,0,2.083953510602976,0.7169812459113178
2022-23,2022-10-08,Man City,Southampton,3,2022-23,4,0,3.1699365877390946,0.5690143670831713
2022-23,2022-10-08,Newcastle,Brentford,3,2022-23,5,1,1.3936746609830277,1.0240599246068791
2022-23,2022-10-09,Arsenal,Liverpool,3,2022-23,3,2,1.2226740661034223,1.8152197896119822
2022-23,2022-10-09,Crystal Palace,Leeds,3,2022-23,2,1,1.4445559571975588,1.3169588913375607
2022-23,2022-10-09,Everton,Man United,3,2022-23,1,2,1.3198122562353212,1.571010576216658
2022-23,2022-10-09,West Ham,Fulham,3,2022-23,3,1,1.5815993648465616,0.9440425590168597
2022-23,2022-10-10,Nott'm Forest,Aston Villa,3,2022-23,1,1,1.3291152851839403,1.3448469429556646
2022-23,2022-10-14,Brentford,Brighton,3,2022-23,2,0,1.2909759833081835,1.5876649917775234
2022-23,2022-10-15,Fulham,Bournemouth,3,2022-23,2,2,1.271138949552909,1.2701225470315072
2022-23,2022-10-15,Leicester,Crystal Palace,3,2022-23,0,0,1.3828944857750332,1.3641802037279995
2022-23,2022-10-15,Tottenham,Everton,3,2022-23,2,0,2.224549237650124,0.9097876233028089
2022-23,2022-10-15,Wolves,Nott'm Forest,3,2022-23,1,0,1.5154271173250349,0.851742604093591
2022-23,2022-10-16,Aston Villa,Chelsea,3,2022-23,0,2,0.9472024365173184,1.9375721458880828
2022-23,2022-10-16,Leeds,Arsenal,3,2022-23,0,1,0.9732237347777181,1.952648797889765
2022-23,2022-10-16,Liverpool,Man City,3,2022-23,1,0,1.0224569310842113,1.7032689109773442
2022-23,2022-10-16,Man United,Newcastle,3,2022-23,0,0,1.527365391626488,1.2170644417509813
2022-23,2022-10-16,Southampton,West Ham,3,2022-23,1,1,1.218029525708355,1.760554238434364
2022-23,2022-10-18,Brighton,Nott'm Forest,3,2022-23,0,0,1.171880723713155,1.5302557788599875
2022-23,2022-10-18,Crystal Palace,Wolves,3,2022-23,2,1,1.6508399676766496,0.7504325576232453
2022-23,2022-10-19,Bournemouth,Southampton,3,2022-23,0,1,1.2656827499341194,1.0492347612323532
2022-23,2022-10-19,Brentford,Chelsea,3,2022-23,0,0,0.9523938647492762,1.8500592874625654
2022-23,2022-10-19,Liverpool,West Ham,3,2022-23,1,0,2.4580241811861154,0.6466089925510711
2022-23,2022-10-19,Man United,Tottenham,3,2022-23,2,0,1.4973326576170538,1.1323286829179415
2022-23,2022-10-19,Newcastle,Everton,3,2022-23,1,0,2.099054343347169,0.7623363374312369
2022-23,2022-10-20,Fulham,Aston Villa,3,2022-23,3,0,1.5563928670519436,1.322279244688101
2022-23,2022-10-20,Leicester,Leeds,3,2022-23,2,0,1.5287858031636037,1.2644097287741205
2022-23,2022-10-22,Chelsea,Man United,3,2022-23,1,1,1.5540482848039512,1.5490777024728966
2022-23,2022-10-22,Everton,Crystal Palace,3,2022-23,3,0,1.228955532200044,1.6135576571256875
2022-23,2022-10-22,Man City,Brighton,3,2022-23,3,1,2.8996089979210256,0.65163916539894
2022-23,2022-10-22,Nott'm Forest,Liverpool,3,2022-23,1,0,0.856218028347756,2.018974281328071
2022-23,2022-10-23,Aston Villa,Brentford,3,2022-23,4,0,1.2367118926028893,1.076111117229102
2022-23,2022-10-23,Leeds,Fulham,3,2022-23,2,3,1.310453357327093,0.8581726820305269
2022-23,2022-10-23,Southampton,Arsenal,3,2022-23,1,1,0.9137152696156626,2.129935883727014
2022-23,2022-10-23,Tottenham,Newcastle,3,2022-23,1,2,1.7758990897936184,1.2162552208559683
2022-23,2022-10-23,Wolves,Leicester,3,2022-23,0,4,1.2131499464403732,1.2128288264157259
2022-23,2022-10-24,West Ham,Bournemouth,3,2022-23,2,0,1.4824508645954746,1.1644611248904146
2022-23,2022-10-29,Bournemouth,Tottenham,3,2022-23,2,3,0.8531074054062369,2.022487906138632
2022-23,2022-10-29,Brentford,Wolves,3,2022-23,1,1,1.7338461580523523,0.7772294176650834
2022-23,2022-10-29,Brighton,Chelsea,3,2022-23,4,1,1.1864828354284385,1.4076509066850842
2022-23,2022-10-29,Crystal Palace,Southampton,3,2022-23,1,0,1.57363746453094,0.9494627188013338
2022-23,2022-10-29,Fulham,Everton,3,2022-23,0,0,1.3460534050893715,1.4088515946202973
2022-23,2022-10-29,Leicester,Man City,3,2022-23,0,1,0.6682314884036084,2.816250642409743
2022-23,2022-10-29,Liverpool,Leeds,3,2022-23,1,2,2.677851339234949,0.571546169709834
2022-23,2022-10-29,Newcastle,Aston Villa,3,2022-23,4,0,1.9649385781350817,0.8832547886673108
2022-23,2022-10-30,Arsenal,Nott'm Forest,3,2022-23,5,0,2.2447920373734163,0.5666909593618569
2022-23,2022-10-30,Man United,West Ham,3,2022-23,1,0,1.7715320265843433,0.9916395732686545
2022-23,2022-11-05,Everton,Leicester,3,2022-23,0,2,1.4286311776182825,1.2079874586382466
2022-23,2022-11-05,Leeds,Bournemouth,3,2022-23,4,3,1.5068709879341247,1.1133320414081795
2022-23,2022-11-05,Man City,Fulham,3,2022-23,2,1,3.5458316742937916,0.5501059953549876
2022-23,2022-11-05,Nott'm Forest,Brentford,3,2022-23,2,2,1.2843047022520329,1.3412806660888548
2022-23,2022-11-05,Wolves,Brighton,3,2022-23,2,3,1.1659340225842287,1.653059699228572
2022-23,2022-11-06,Aston Villa,Man United,3,2022-23,3,1,1.2298244655954076,1.9092572316710295
2022-23,2022-11-06,Chelsea,Arsenal,3,2022-23,0,1,1.3255595563079958,1.4943769260519577
2022-23,2022-11-06,Southampton,Newcastle,3,2022-23,1,4,0.9343946429835748,1.7155952605330123
2022-23,2022-11-06,Tottenham,Liverpool,3,2022-23,1,2,1.6717128444630576,1.4784403641791994
2022-23,2022-11-06,West Ham,Crystal Palace,3,2022-23,1,2,1.5468917449410555,1.2475991576824543
2022-23,2022-11-12,Bournemouth,Everton,3,2022-23,3,0,1.1153853055197034,1.409498119598437
2022-23,2022-11-12,Liverpool,Southampton,3,2022-23,3,1,2.316677680020846,0.5175509127581042
2022-23,2022-11-12,Man City,Brentford,3,2022-23,1,2,3.1969529347055445,0.6657922639642775
2022-23,2022-11-12,Newcastle,Chelsea,3,2022-23,1,0,1.6355404974254175,1.2535033515461318
2022-23,2022-11-12,Nott'm Forest,Crystal Palace,3,2022-23,1,0,1.2024635764800207,1.3484138399306955
2022-23,2022-11-12,Tottenham,Leeds,3,2022-23,4,3,2.2649810052815496,0.9386466518645631
2022-23,2022-11-12,West Ham,Leicester,3,2022-23,0,2,1.4070812665987145,1.4922487769950223
2022-23,2022-11-12,Wolves,Arsenal,3,2022-23,0,2,0.8116707002534395,2.2924908347085213
2022-23,2022-11-13,Brighton,Aston Villa,3,2022-23,1,2,1.689516948024053,0.9229145439228561
2022-23,2022-11-13,Fulham,Man United,3,2022-23,1,2,1.264033532789179,1.7669090497199158
2022-23,2022-12-26,Arsenal,West Ham,3,2022-23,3,1,2.111971801529119,0.7136669636825281
2022-23,2022-12-26,Aston Villa,Liverpool,3,2022-23,1,3,1.0246828790251747,1.9438590448565576
2022-23,2022-12-26,Brentford,Tottenham,3,2022-23,2,2,0.9529670771084165,1.370580957083209
2022-23,2022-12-26,Crystal Palace,Fulham,3,2022-23,0,3,1.4442805045187916,1.007580786448898
2022-23,2022-12-26,Everton,Wolves,3,2022-23,1,2,1.151245665474444,0.8100605095079072
2022-23,2022-12-26,Leicester,Newcastle,3,2022-23,0,3,0.9634696423959791,1.3730165121332085
2022-23,2022-12-26,Southampton,Brighton,3,2022-23,1,3,1.0904954688974946,1.530624039969056
2022-23,2022-12-27,Chelsea,Bournemouth,3,2022-23,2,0,1.8088473654151818,0.7876583102462232
2022-23,2022-12-27,Man United,Nott'm Forest,3,2022-23,3,0,1.6715894193859973,0.6086239985407174
2022-23,2022-12-28,Leeds,Man City,3,2022-23,1,3,0.8155110030973143,2.1790299549966408
2022-23,2022-12-30,Liverpool,Leicester,3,2022-23,2,1,2.403501108896417,0.8892511703092455
2022-23,2022-12-30,West Ham,Brentford,3,2022-23,0,2,1.2016508306092033,1.2690816923446273
2022-23,2022-12-31,Bournemouth,Crystal Palace,3,2022-23,0,2,1.2987716339009394,1.5831904862962873
2022-23,2022-12-31,Brighton,Arsenal,3,2022-23,2,4,1.0369421178789129,1.7680280760202616
2022-23,2022-12-31,Fulham,Southampton,3,2022-23,2,1,1.3797461776716557,0.8383683587452013
2022-23,2022-12-31,Man City,Everton,3,2022-23,1,1,3.3778416917773333,0.49135707689585645
2022-23,2022-12-31,Newcastle,Leeds,3,2022-23,0,0,1.9011308611297197,0.9719852130916855
2022-23,2022-12-31,Wolves,Man United,3,2022-23,0,1,1.2151572799860082,1.8915159600993752
2022-23,2023-01-01,Nott'm Forest,Chelsea,3,2022-23,1,1,1.0354109693235385,1.9310943017225553
2022-23,2023-01-01,Tottenham,Aston Villa,3,2022-23,0,2,2.078830777899661,0.9498395259677053
2022-23,2023-01-02,Brentford,Liverpool,3,2022-23,3,1,1.0189167679088396,1.710257084057709
2022-23,2023-01-03,Arsenal,Newcastle,3,2022-23,0,0,1.7427537062679208,1.1295587233879332
2022-23,2023-01-03,Everton,Brighton,3,2022-23,1,4,1.109871240930067,1.3251895315471902
2022-23,2023-01-03,Leicester,Fulham,3,2022-23,0,1,1.4571091304968578,1.2157791527967707
2022-23,2023-01-03,Man United,Bournemouth,3,2022-23,3,0,1.9944865807832826,0.8118201655468539
2022-23,2023-01-04,Aston Villa,Wolves,3,2022-23,1,1,1.6592570686729067,0.8632810985030469
2022-23,2023-01-04,Crystal Palace,Tottenham,3,2022-23,0,4,1.1498905566067366,1.6681213243666961
2022-23,2023-01-04,Leeds,West Ham,3,2022-23,2,2,1.4253361681904824,1.060410768120895
2022-23,2023-01-04,Southampton,Nott'm Forest,3,2022-23,0,1,1.3105198872537143,1.036460808215216
2022-23,2023-01-05,Chelsea,Man City,3,2022-23,0,1,1.01280992615321,1.8705115996845496
2022-23,2023-01-12,Fulham,Chelsea,3,2022-23,2,1,1.1950926618980289,1.7449870319015648
2022-23,2023-01-13,Aston Villa,Leeds,3,2022-23,2,1,1.6602156766280982,1.232102021870518
2022-23,2023-01-14,Brentford,Bournemouth,3,2022-23,2,0,1.954360710139084,0.8181724512183323
2022-23,2023-01-14,Brighton,Liverpool,3,2022-23,3,0,1.2875384382558903,1.5389597052892918
2022-23,2023-01-14,Everton,Southampton,3,2022-23,1,2,1.5657034711430198,0.7748259339017105
2022-23,2023-01-14,Man United,Man City,3,2022-23,2,1,1.1463404891307283,1.7106202292299877
2022-23,2023-01-14,Nott'm Forest,Leicester,3,2022-23,2,0,1.5038388509140506,1.5321964684735307
2022-23,2023-01-14,Wolves,West Ham,3,2022-23,1,0,1.341554568904365,1.2070423619803432
2022-23,2023-01-15,Chelsea,Crystal Palace,3,2022-23,1,0,2.0289051674833427,0.8236316575547915
2022-23,2023-01-15,Newcastle,Fulham,3,2022-23,1,0,1.8485070569721485,0.7218493461167438
2022-23,2023-01-15,Tottenham,Arsenal,3,2022-23,0,2,1.5155813905994926,1.4748410408169537
2022-23,2023-01-18,Crystal Palace,Man United,3,2022-23,1,1,1.1638824253931752,1.8132339078887427
2022-23,2023-01-19,Man City,Tottenham,3,2022-23,4,2,2.568414730536168,0.7930557288852657
2022-23,2023-01-21,Bournemouth,Nott'm Forest,3,2022-23,1,1,1.0676610272001257,1.415883964011524
2022-23,2023-01-21,Crystal Palace,Newcastle,3,2022-23,0,0,1.1518290225103347,1.4899477477164778
2022-23,2023-01-21,Leicester,Brighton,3,2022-23,2,2,1.093020115624729,1.5019295505287313
2022-23,2023-01-21,Liverpool,Chelsea,3,2022-23,0,0,1.5553542990787206,0.8662249069770845
2022-23,2023-01-21,Southampton,Aston Villa,3,2022-23,0,1,1.1580943946586635,1.316641671829932
2022-23,2023-01-21,West Ham,Everton,3,2022-23,2,0,1.2943290699779235,0.7889288641782525
2022-23,2023-01-22,Arsenal,Man United,3,2022-23,3,2,1.6378768273910227,1.0140254697549196
2022-23,2023-01-22,Leeds,Brentford,3,2022-23,0,0,1.2354135504211037,1.1481329943529652
2022-23,2023-01-22,Man City,Wolves,3,2022-23,3,0,3.6006473536710084,0.4698848001321746
2022-23,2023-01-23,Fulham,Tottenham,3,2022-23,0,1,1.2520517463761756,1.6333158903054372
2022-23,2023-02-03,Chelsea,Fulham,3,2022-23,0,0,1.6620849796174286,0.7181627733138786
2022-23,2023-02-04,Aston Villa,Leicester,3,2022-23,2,4,1.6958465065258599,1.1527250119160475
2022-23,2023-02-04,Brentford,Southampton,3,2022-23,3,0,1.7319429371570056,0.6491887724129408
2022-23,2023-02-04,Brighton,Bournemouth,3,2022-23,1,0,2.2515021364730914,0.5216970430195155
2022-23,2023-02-04,Everton,Arsenal,3,2022-23,1,0,0.8409372055806899,1.9044252409156843
2022-23,2023-02-04,Man United,Crystal Palace,3,2022-23,2,1,2.0098452908798423,0.8712780439216044
2022-23,2023-02-04,Newcastle,West Ham,3,2022-23,1,1,1.8600299550631536,0.7427982099456402
2022-23,2023-02-04,Wolves,Liverpool,3,2022-23,3,0,0.887019981154635,1.715960596556634
2022-23,2023-02-05,Nott'm Forest,Leeds,3,2022-23,1,0,1.3355227232255762,1.2135453945157562
2022-23,2023-02-05,Tottenham,Man City,3,2022-23,1,0,1.1553572307768791,1.6594306338280018
2022-23,2023-02-08,Man United,Leeds,3,2022-23,2,2,1.889136865811909,0.9985362238932922
2022-23,2023-02-11,Arsenal,Brentford,3,2022-23,1,1,1.9248664369535295,0.9245527767934674
2022-23,2023-02-11,Bournemouth,Newcastle,3,2022-23,1,1,0.8237025305703137,1.9051161936976673
2022-23,2023-02-11,Crystal Palace,Brighton,3,2022-23,1,1,1.3668466694051222,1.576994849778856
2022-23,2023-02-11,Fulham,Nott'm Forest,3,2022-23,2,0,1.3148847360743199,1.2995728656396948
2022-23,2023-02-11,Leicester,Tottenham,3,2022-23,4,1,1.3140652325630275,1.3687635778923004
2022-23,2023-02-11,Southampton,Wolves,3,2022-23,1,2,1.1050730115691734,1.3572031147016028
2022-23,2023-02-11,West Ham,Chelsea,3,2022-23,1,1,1.0379845561059204,1.2950399896588063
2022-23,2023-02-12,Leeds,Man United,3,2022-23,0,2,1.0014967139031767,1.4886544911392119
2022-23,2023-02-12,Man City,Aston Villa,3,2022-23,3,1,2.847941690902283,0.6297406049365424
2022-23,2023-02-13,Liverpool,Everton,3,2022-23,2,0,2.0971184722505782,0.5235911945141108
2022-23,2023-02-15,Arsenal,Man City,3,2022-23,1,3,1.255451224734757,1.4735951595554908
2022-23,2023-02-18,Aston Villa,Arsenal,3,2022-23,2,4,1.0391526891441945,1.9324552037474005
2022-23,2023-02-18,Brentford,Crystal Palace,3,2022-23,1,1,1.6357860326983746,1.0797396218815314
2022-23,2023-02-18,Brighton,Fulham,3,2022-23,0,1,1.629936799222874,0.8157697616059757
2022-23,2023-02-18,Chelsea,Southampton,3,2022-23,0,1,1.6245286309137208,0.5675925969808614
2022-23,2023-02-18,Everton,Leeds,3,2022-23,1,0,1.2908409413131,1.1605627729398957
2022-23,2023-02-18,Newcastle,Liverpool,3,2022-23,0,2,1.4606664584531996,1.1551813264675403
2022-23,2023-02-18,Nott'm Forest,Man City,3,2022-23,1,1,0.6010467362043738,2.8061693012888753
2022-23,2023-02-18,Wolves,Bournemouth,3,2022-23,0,1,1.5177833414153954,0.7898759774631512
2022-23,2023-02-19,Man United,Leicester,3,2022-23,3,0,1.9916331960393199,1.0406621895982364
2022-23,2023-02-19,Tottenham,West Ham,3,2022-23,2,0,2.0408696817726937,0.8628810818746355
2022-23,2023-02-24,Fulham,Wolves,3,2022-23,1,1,1.3637924037633882,1.1872989084781258
2022-23,2023-02-25,Bournemouth,Man City,3,2022-23,1,4,0.5965750171294112,2.4523705394694537
2022-23,2023-02-25,Crystal Palace,Liverpool,3,2022-23,0,0,1.1831648731474982,1.674344014070856
2022-23,2023-02-25,Everton,Aston Villa,3,2022-23,0,2,1.1928144508362295,1.3113987032287449
2022-23,2023-02-25,Leeds,Southampton,3,2022-23,1,0,1.4768710169908312,0.7902649281410665
2022-23,2023-02-25,Leicester,Arsenal,3,2022-23,0,1,1.1189242196419418,1.5454773897246323
2022-23,2023-02-25,West Ham,Nott'm Forest,3,2022-23,4,0,1.327112206821976,1.1032934061162598
2022-23,2023-02-26,Tottenham,Chelsea,3,2022-23,2,0,1.6462965003636958,1.0950428545872135
2022-23,2023-03-01,Arsenal,Everton,3,2022-23,4,0,2.876716243458307,0.5912684302642771
2022-23,2023-03-01,Liverpool,Wolves,3,2022-23,2,0,2.003213336140338,0.7390909633796416
2022-23,2023-03-04,Arsenal,Bournemouth,3,2022-23,3,2,3.1607496071383756,0.4644269564980676
2022-23,2023-03-04,Aston Villa,Crystal Palace,3,2022-23,1,0,1.7425370234694024,1.3965231889653578
2022-23,2023-03-04,Brighton,West Ham,3,2022-23,4,0,1.3374882808045105,0.8887035755052857
2022-23,2023-03-04,Chelsea,Leeds,3,2022-23,1,0,1.4906558225913153,0.8260290811622073
2022-23,2023-03-04,Man City,Newcastle,3,2022-23,2,0,2.956306552296124,0.8091969004507231
2022-23,2023-03-04,Southampton,Leicester,3,2022-23,1,0,0.9798789814731609,1.467957703697185
2022-23,2023-03-04,Wolves,Tottenham,3,2022-23,1,0,1.095078331244072,1.4390759971904368
2022-23,2023-03-05,Liverpool,Man United,3,2022-23,7,0,1.521265214379037,1.130971211781319
2022-23,2023-03-05,Nott'm Forest,Everton,3,2022-23,2,2,1.431747389780341,0.8832266745359396
2022-23,2023-03-06,Brentford,Fulham,3,2022-23,3,2,1.4083377173735208,0.7823687804601202
2022-23,2023-03-11,Bournemouth,Liverpool,3,2022-23,1,0,0.6791111462472149,2.451629346049419
2022-23,2023-03-11,Crystal Palace,Man City,3,2022-23,0,1,0.8661784269239152,2.1004280314704475
2022-23,2023-03-11,Everton,Brentford,3,2022-23,1,0,1.0371542263678741,1.7766095837314868
2022-23,2023-03-11,Leeds,Brighton,3,2022-23,2,2,1.1265450155930563,1.8289149868274488
2022-23,2023-03-11,Leicester,Chelsea,3,2022-23,1,3,1.2379265843074236,1.2877480740941663
2022-23,2023-03-11,Tottenham,Nott'm Forest,3,2022-23,3,1,1.981522776939152,0.8895348408315599
2022-23,2023-03-12,Fulham,Arsenal,3,2022-23,0,3,0.8643289491721201,1.6112390930444909
2022-23,2023-03-12,Man United,Southampton,3,2022-23,0,0,2.32354042944201,0.6007987429930894
2022-23,2023-03-12,Newcastle,Wolves,3,2022-23,2,1,1.8599017464689034,0.7604364452899905
2022-23,2023-03-12,West Ham,Aston Villa,3,2022-23,1,1,1.4508851435800398,1.079735680211323
2022-23,2023-03-15,Brighton,Crystal Palace,3,2022-23,1,0,1.6281787341039147,0.9328512444923659
2022-23,2023-03-15,Southampton,Brentford,3,2022-23,0,2,0.9119899880970481,1.281123754474216
2022-23,2023-03-17,Nott'm Forest,Newcastle,3,2022-23,1,2,1.2517364113956564,1.6916776979504864
2022-23,2023-03-18,Aston Villa,Bournemouth,3,2022-23,3,0,1.8493111188995104,0.8489706756171997
2022-23,2023-03-18,Brentford,Leicester,3,2022-23,1,1,1.6891161818922615,0.8955329867228351
2022-23,2023-03-18,Chelsea,Everton,3,2022-23,2,2,1.5850677011075303,0.7903661115003026
2022-23,2023-03-18,Southampton,Tottenham,3,2022-23,3,3,0.818254247136188,1.5204837444993706
2022-23,2023-03-18,Wolves,Leeds,3,2022-23,2,4,1.3181415792331101,1.0079037861779827
2022-23,2023-03-19,Arsenal,Crystal Palace,3,2022-23,4,1,2.711499762555447,0.8761898351367099
2022-23,2023-04-01,Arsenal,Leeds,3,2022-23,4,1,2.8609955313970863,0.8099074111848689
2022-23,2023-04-01,Bournemouth,Fulham,3,2022-23,2,1,1.142674095254333,1.3038483360736555
2022-23,2023-04-01,Brighton,Brentford,3,2022-23,3,3,1.2216828244333522,0.8398977835015993
2022-23,2023-04-01,Chelsea,Aston Villa,3,2022-23,0,2,1.5541862887618767,1.039202076913501
2022-23,2023-04-01,Crystal Palace,Leicester,3,2022-23,2,1,1.6055030715553955,1.192884963998591
2022-23,2023-04-01,Man City,Liverpool,3,2022-23,4,1,1.9426133589841599,1.0717784193474353
2022-23,2023-04-01,Nott'm Forest,Wolves,3,2022-23,1,1,1.3567959271823153,1.2204069972408047
2022-23,2023-04-02,Newcastle,Man United,3,2022-23,2,0,1.5499301650024073,1.1441134871718295
2022-23,2023-04-02,West Ham,Southampton,3,2022-23,1,0,1.3716337816691353,0.6589139217566571
2022-23,2023-04-03,Everton,Tottenham,3,2022-23,1,1,1.0298502823975557,1.6150924986783177
2022-23,2023-04-04,Bournemouth,Brighton,3,2022-23,0,2,1.1099786229187543,2.062308393570255
2022-23,2023-04-04,Chelsea,Liverpool,3,2022-23,0,0,1.1228337025497013,1.6451103803042626
2022-23,2023-04-04,Leeds,Nott'm Forest,3,2022-23,2,1,1.5237210716662781,0.9927008581696762
2022-23,2023-04-04,Leicester,Aston Villa,3,2022-23,1,2,1.23300264999841,1.088809482418549
2022-23,2023-04-05,Man United,Brentford,3,2022-23,1,0,1.7783888180778713,0.9478001088571509
2022-23,2023-04-05,West Ham,Newcastle,3,2022-23,1,5,1.024111575460065,1.3867506025858267
2022-23,2023-04-08,Aston Villa,Nott'm Forest,3,2022-23,2,0,1.5035885573349494,1.1174714554101126
2022-23,2023-04-08,Brentford,Newcastle,3,2022-23,1,2,1.087913394282594,1.4513169378808133
2022-23,2023-04-08,Fulham,West Ham,3,2022-23,0,1,1.131927460394438,1.2869485948891788
2022-23,2023-04-08,Leicester,Bournemouth,3,2022-23,0,1,1.5910048800918006,0.7881681836704068
2022-23,2023-04-08,Man United,Everton,3,2022-23,2,0,2.1982961956037266,0.7819762257122057
2022-23,2023-04-08,Southampton,Man City,3,2022-23,1,4,0.602256567580306,2.7385414245829534
2022-23,2023-04-08,Tottenham,Brighton,3,2022-23,2,1,1.5521838821170824,1.36919116105745
2022-23,2023-04-08,Wolves,Chelsea,3,2022-23,1,0,1.1399699994626014,1.7344480066590795
2022-23,2023-04-09,Leeds,Crystal Palace,3,2022-23,1,5,1.4878726270279912,1.2358752372619342
2022-23,2023-04-09,Liverpool,Arsenal,3,2022-23,2,2,1.2663602346363523,1.173104282533856
2022-23,2023-04-15,Aston Villa,Newcastle,3,2022-23,3,0,1.1050028442952244,1.591797207493697
2022-23,2023-04-15,Chelsea,Brighton,3,2022-23,1,2,1.4944546433971602,1.3653684809431996
2022-23,2023-04-15,Everton,Fulham,3,2022-23,1,3,1.1476655467634354,1.1989866285820974
2022-23,2023-04-15,Man City,Leicester,3,2022-23,3,1,2.9096842648217485,0.49639658696105415
2022-23,2023-04-15,Southampton,Crystal Palace,3,2022-23,0,2,1.2064031535848176,1.5664092489424
2022-23,2023-04-15,Tottenham,Bournemouth,3,2022-23,2,3,2.2233290996533293,0.7361997831748126
2022-23,2023-04-15,Wolves,Brentford,3,2022-23,2,0,1.0935841848711876,1.3840290127788906
2022-23,2023-04-16,Nott'm Forest,Man United,3,2022-23,0,2,1.2492633090679055,1.5508135602591837
2022-23,2023-04-16,West Ham,Arsenal,3,2022-23,2,2,1.0400724227643698,2.081235835680812
2022-23,2023-04-17,Leeds,Liverpool,3,2022-23,1,6,0.9045340977977254,2.1581155782118286
2022-23,2023-04-21,Arsenal,Southampton,3,2022-23,3,3,2.9299209957695993,0.5003482367244279
2022-23,2023-04-22,Brentford,Aston Villa,3,2022-23,1,1,1.4482354755184828,1.2127452321641263
2022-23,2023-04-22,Crystal Palace,Everton,3,2022-23,0,0,1.6147279852422867,1.0990593923484462
2022-23,2023-04-22,Fulham,Leeds,3,2022-23,2,1,1.4859596712925427,0.8826970098238868
2022-23,2023-04-22,Leicester,Wolves,3,2022-23,2,1,1.3047713632731293,1.200411576275721
2022-23,2023-04-22,Liverpool,Nott'm Forest,3,2022-23,3,2,2.666154081915369,0.5343380226028396
2022-23,2023-04-23,Bournemouth,West Ham,3,2022-23,0,4,1.2573977808066454,1.6134452297680648
2022-23,2023-04-23,Newcastle,Tottenham,3,2022-23,6,1,1.7214726571929662,1.0417160398647833
2022-23,2023-04-25,Aston Villa,Fulham,3,2022-23,1,0,1.6313412144033685,0.9357380937635864
2022-23,2023-04-25,Leeds,Leicester,3,2022-23,1,1,1.4723364487062132,1.3246344940971972
2022-23,2023-04-25,Wolves,Crystal Palace,3,2022-23,2,0,1.323904434838226,1.3352814517433338
2022-23,2023-04-26,Chelsea,Brentford,3,2022-23,0,2,1.6119258330887558,1.0193560172681693
2022-23,2023-04-26,Man City,Arsenal,3,2022-23,4,1,1.9331061746838896,0.9501076756815399
2022-23,2023-04-26,Nott'm Forest,Brighton,3,2022-23,3,1,1.1388239796550432,1.8240978785743969
2022-23,2023-04-26,West Ham,Liverpool,3,2022-23,1,2,1.174693796133487,1.5976040022735074
2022-23,2023-04-27,Everton,Newcastle,3,2022-23,1,4,0.7783186018892936,2.0038534704878814
2022-23,2023-04-27,Southampton,Bournemouth,3,2022-23,0,1,1.4760284696398565,1.1068350972933374
2022-23,2023-04-27,Tottenham,Man United,3,2022-23,2,2,1.6110789623854749,1.4648392569130728
2022-23,2023-04-29,Brentford,Nott'm Forest,3,2022-23,2,1,1.8682245992591793,0.9201445313161697
2022-23,2023-04-29,Brighton,Wolves,3,2022-23,6,0,1.772160543689077,0.8193886051354904
2022-23,2023-04-29,Crystal Palace,West Ham,3,2022-23,4,3,1.1767470415898846,1.4753142876144119
2022-23,2023-04-30,Bournemouth,Leeds,3,2022-23,4,1,1.4348720626804066,1.0707751833071513
2022-23,2023-04-30,Fulham,Man City,3,2022-23,1,2,0.696306146986347,2.785520913159924
2022-23,2023-04-30,Liverpool,Tottenham,3,2022-23,4,3,2.1770966842855617,0.9558412755521057
2022-23,2023-04-30,Man United,Aston Villa,3,2022-23,1,0,1.9282626142251535,0.8489101120291281
2022-23,2023-04-30,Newcastle,Southampton,3,2022-23,3,1,2.3039608268251586,0.4936510264858052
2022-23,2023-05-01,Leicester,Everton,3,2022-23,2,2,1.3817980110305126,0.8793092486801842
2022-23,2023-05-02,Arsenal,Chelsea,3,2022-23,3,1,3.0134692469105064,1.0338912576275832
2022-23,2023-05-03,Liverpool,Fulham,3,2022-23,1,0,2.6861142573334136,0.6093443866619247
2022-23,2023-05-03,Man City,West Ham,3,2022-23,3,0,2.935720958604315,0.6071389655529883
2022-23,2023-05-04,Brighton,Man United,3,2022-23,1,0,1.3547966925614545,1.291482277300196
2022-23,2023-05-06,Bournemouth,Chelsea,3,2022-23,1,3,1.2957184607207062,2.0424416967690373
2022-23,2023-05-06,Liverpool,Brentford,3,2022-23,1,0,2.5804369324072796,0.7168946246767258
2022-23,2023-05-06,Man City,Leeds,3,2022-23,2,1,4.201643766862922,0.38768551382044963
2022-23,2023-05-06,Tottenham,Crystal Palace,3,2022-23,1,0,2.0171432260619735,1.2149278842341875
2022-23,2023-05-06,Wolves,Aston Villa,3,2022-23,1,0,1.1095119062351442,1.6105196811382354
2022-23,2023-05-07,Newcastle,Arsenal,3,2022-23,0,2,1.5612948758064351,1.1976546412931948
2022-23,2023-05-07,West Ham,Man United,3,2022-23,1,0,1.1961396999983624,1.9663460863949822
2022-23,2023-05-08,Brighton,Everton,3,2022-23,1,5,1.9944123975452797,0.7129656744395614
2022-23,2023-05-08,Fulham,Leicester,3,2022-23,5,3,1.293271565991517,1.2705586893637761
2022-23,2023-05-08,Nott'm Forest,Southampton,3,2022-23,4,3,1.5768840890299178,0.9271989307453004
2022-23,2023-05-13,Aston Villa,Tottenham,3,2022-23,2,1,1.391251500027331,1.3340274402301648
2022-23,2023-05-13,Chelsea,Nott'm Forest,3,2022-23,2,2,2.036523978172011,0.970856215081504
2022-23,2023-05-13,Crystal Palace,Bournemouth,3,2022-23,2,0,1.7547493115916857,1.0932017774233755
2022-23,2023-05-13,Leeds,Newcastle,3,2022-23,2,2,1.030221587766673,2.246822841397716
2022-23,2023-05-13,Man United,Wolves,3,2022-23,2,0,2.0283295553200653,0.9716263036095202
2022-23,2023-05-13,Southampton,Fulham,3,2022-23,0,2,1.142506024317569,1.2361607747282946
2022-23,2023-05-14,Arsenal,Brighton,3,2022-23,0,3,2.570329062881088,1.0087495307824388
2022-23,2023-05-14,Brentford,West Ham,3,2022-23,2,0,1.5686714885736175,1.222365526825579
2022-23,2023-05-14,Everton,Man City,3,2022-23,0,3,0.7012774784356773,2.3516327443597365
2022-23,2023-05-15,Leicester,Liverpool,3,2022-23,0,3,1.1148701767471485,1.4524855170380968
2022-23,2023-05-18,Newcastle,Brighton,3,2022-23,4,1,1.8796945339481845,1.0085371175232947
2022-23,2023-05-20,Bournemouth,Man United,3,2022-23,0,1,1.0477102072143678,2.189287720493668
2022-23,2023-05-20,Fulham,Crystal Palace,3,2022-23,2,2,1.4659239322856827,1.368624522116982
2022-23,2023-05-20,Liverpool,Aston Villa,3,2022-23,1,1,2.3370809818360145,0.9011887789940227
2022-23,2023-05-20,Nott'm Forest,Arsenal,3,2022-23,1,0,0.9771031716810804,1.9781166543313615
2022-23,2023-05-20,Tottenham,Brentford,3,2022-23,1,3,1.7130779964067293,1.144291491251497
2022-23,2023-05-20,Wolves,Everton,3,2022-23,1,1,1.421968380062225,1.456732437618245
2022-23,2023-05-21,Brighton,Southampton,3,2022-23,3,1,2.387923037980327,0.5848074089269519
2022-23,2023-05-21,Man City,Chelsea,3,2022-23,1,0,3.2574338478155993,0.726320265059994
2022-23,2023-05-21,West Ham,Leeds,3,2022-23,3,1,1.7455680166793535,1.0440283438733382
2022-23,2023-05-22,Newcastle,Leicester,3,2022-23,0,0,2.356424481031555,0.6888317127136689
2022-23,2023-05-24,Brighton,Man City,3,2022-23,1,1,1.2333308808162236,1.7448308300292643
2022-23,2023-05-25,Man United,Chelsea,3,2022-23,4,1,1.775210602448122,1.2833423179353147
2022-23,2023-05-28,Arsenal,Wolves,3,2022-23,5,0,3.5708016812492396,0.8372015447807092
2022-23,2023-05-28,Aston Villa,Brighton,3,2022-23,2,1,1.4202841731095113,1.2198988513790465
2022-23,2023-05-28,Brentford,Man City,3,2022-23,1,0,0.9408676588674263,2.1041076645912518
2022-23,2023-05-28,Chelsea,Newcastle,3,2022-23,1,1,1.3382012088910125,1.3441779845067963
2022-23,2023-05-28,Crystal Palace,Nott'm Forest,3,2022-23,1,1,1.8760922872343657,1.1578404109140747
2022-23,2023-05-28,Everton,Bournemouth,3,2022-23,1,0,1.594186344238448,1.1739333259526499
2022-23,2023-05-28,Leeds,Tottenham,3,2022-23,1,4,1.3064189787297193,1.654292150380702
2022-23,2023-05-28,Leicester,West Ham,3,2022-23,2,1,1.4398404717299456,1.2083545009619252
2022-23,2023-05-28,Man United,Fulham,3,2022-23,2,1,1.9771169901066958,0.8255204758766654
2022-23,2023-05-28,Southampton,Liverpool,3,2022-23,4,4,0.8880885626663693,2.015744368807775
2023-24,2023-08-11,Burnley,Man City,4,2023-24,0,3,1.0067348781526906,2.6029106200098204
2023-24,2023-08-12,Arsenal,Nott'm Forest,4,2023-24,2,1,2.6125012998938835,0.7713141278569046
2023-24,2023-08-12,Bournemouth,West Ham,4,2023-24,1,1,1.4229291637664818,1.0338080192883021
2023-24,2023-08-12,Brighton,Luton,4,2023-24,4,1,1.8420020273029298,1.0205708645343066
2023-24,2023-08-12,Everton,Fulham,4,2023-24,0,1,1.3212649642011638,1.1990771470243515
2023-24,2023-08-12,Newcastle,Aston Villa,4,2023-24,5,1,1.5538598379494175,1.4393447336707734
2023-24,2023-08-12,Sheffield United,Crystal Palace,4,2023-24,0,1,1.0847533409563064,1.6130800218777654
2023-24,2023-08-13,Brentford,Tottenham,4,2023-24,2,2,1.5744232862150236,1.2486414772492151
2023-24,2023-08-13,Chelsea,Liverpool,4,2023-24,1,1,1.2619968431432662,1.7462606613832599
2023-24,2023-08-14,Man United,Wolves,4,2023-24,1,0,2.1065458459116195,0.954569126801325
2023-24,2023-08-18,Nott'm Forest,Sheffield United,4,2023-24,2,1,1.4888603130946003,1.05696229470784
2023-24,2023-08-19,Fulham,Brentford,4,2023-24,0,3,1.2300325133023788,1.4086347520202123
2023-24,2023-08-19,Liverpool,Bournemouth,4,2023-24,3,1,2.3303740091734046,0.8977125840486793
2023-24,2023-08-19,Man City,Newcastle,4,2023-24,1,0,2.429814692648322,1.143756083190121
2023-24,2023-08-19,Tottenham,Man United,4,2023-24,2,0,1.3206132292418153,1.5100654983321198
2023-24,2023-08-19,Wolves,Brighton,4,2023-24,1,4,1.0564154141714002,1.922024192365605
2023-24,2023-08-20,Aston Villa,Everton,4,2023-24,4,0,1.701679315948368,0.9703546813672588
2023-24,2023-08-20,West Ham,Chelsea,4,2023-24,3,1,1.460242237985775,1.4533305032768706
2023-24,2023-08-21,Crystal Palace,Arsenal,4,2023-24,0,1,1.188083899145797,1.6725839040780786
2023-24,2023-08-25,Chelsea,Luton,4,2023-24,3,0,1.6100165594448304,1.1183848363603557
2023-24,2023-08-26,Arsenal,Fulham,4,2023-24,2,2,2.5673184065138646,0.7898758682065593
2023-24,2023-08-26,Bournemouth,Tottenham,4,2023-24,0,2,1.1313590981618586,1.7918191523458198
2023-24,2023-08-26,Brentford,Crystal Palace,4,2023-24,1,1,1.915876505253057,1.0515305963265316
2023-24,2023-08-26,Brighton,West Ham,4,2023-24,1,3,1.8776734547041791,1.088705293250869
2023-24,2023-08-26,Everton,Wolves,4,2023-24,0,1,1.2117259304523427,1.075449748961987
2023-24,2023-08-26,Man United,Nott'm Forest,4,2023-24,3,2,1.995036977917933,1.0158508356425
2023-24,2023-08-27,Burnley,Aston Villa,4,2023-24,1,3,1.1204519348536364,1.4839274628103627
2023-24,2023-08-27,Newcastle,Liverpool,4,2023-24,1,2,1.4879052885164534,1.5449691701019033
2023-24,2023-08-27,Sheffield United,Man City,4,2023-24,1,2,0.861066520922225,2.7564595464787853
2023-24,2023-09-01,Luton,West Ham,4,2023-24,1,2,1.026656493284643,1.5918947858470702
2023-24,2023-09-02,Brentford,Bournemouth,4,2023-24,2,2,1.8524608339284332,0.8598875697122843
2023-24,2023-09-02,Brighton,Newcastle,4,2023-24,3,1,1.5253148375995824,1.2996166755355896
2023-24,2023-09-02,Burnley,Tottenham,4,2023-24,2,5,0.8930332323760851,1.921119237260512
2023-24,2023-09-02,Chelsea,Nott'm Forest,4,2023-24,0,1,1.7422006753130272,1.0575969856611867
2023-24,2023-09-02,Man City,Fulham,4,2023-24,5,1,3.2544192654311135,0.7116142078875736
2023-24,2023-09-02,Sheffield United,Everton,4,2023-24,2,2,1.0941557374492157,1.1378894545805343
2023-24,2023-09-03,Arsenal,Man United,4,2023-24,3,1,1.9602942698760817,1.076914683928255
2023-24,2023-09-03,Crystal Palace,Wolves,4,2023-24,3,2,1.717598730432591,1.1478043787311212
2023-24,2023-09-03,Liverpool,Aston Villa,4,2023-24,3,0,1.9624074090616856,0.9985067748163219
2023-24,2023-09-16,Aston Villa,Crystal Palace,4,2023-24,3,1,1.5741707554508537,1.173778351499205
2023-24,2023-09-16,Fulham,Luton,4,2023-24,1,0,1.5243337456097457,1.0708177885046866
2023-24,2023-09-16,Man United,Brighton,4,2023-24,1,3,1.9637911820153422,1.2232167395730098
2023-24,2023-09-16,Newcastle,Brentford,4,2023-24,1,0,1.601840218394365,1.2954243739634694
2023-24,2023-09-16,Tottenham,Sheffield United,4,2023-24,2,1,2.482283396706191,0.7124429143323442
2023-24,2023-09-16,West Ham,Man City,4,2023-24,1,3,1.0888807983460127,2.3398290620052067
2023-24,2023-09-16,Wolves,Liverpool,4,2023-24,1,3,0.9705727339590884,2.323340996280673
2023-24,2023-09-17,Bournemouth,Chelsea,4,2023-24,0,0,1.1893899494415408,1.5256547183997626
2023-24,2023-09-17,Everton,Arsenal,4,2023-24,0,1,1.027162351246597,2.029334029347047
2023-24,2023-09-18,Nott'm Forest,Burnley,4,2023-24,1,1,1.5646280849010534,1.0001795517194867
2023-24,2023-09-23,Brentford,Everton,4,2023-24,1,3,1.808460361126816,0.8124952408107009
2023-24,2023-09-23,Burnley,Man United,4,2023-24,0,1,0.9975291637138538,1.6198054483934057
2023-24,2023-09-23,Crystal Palace,Fulham,4,2023-24,0,0,1.5018077840494524,1.03283872531554
2023-24,2023-09-23,Luton,Wolves,4,2023-24,1,1,1.3239887867078641,1.1430823666328642
2023-24,2023-09-23,Man City,Nott'm Forest,4,2023-24,2,0,2.8897156461609446,0.6861870939181528
2023-24,2023-09-24,Arsenal,Tottenham,4,2023-24,2,2,1.6125446720415733,1.1781179978306606
2023-24,2023-09-24,Brighton,Bournemouth,4,2023-24,3,1,2.2099848805499103,0.7399843738805104
2023-24,2023-09-24,Chelsea,Aston Villa,4,2023-24,0,1,1.2105406897183584,1.455695346739104
2023-24,2023-09-24,Liverpool,West Ham,4,2023-24,3,1,2.6245642509645286,0.7688261547056364
2023-24,2023-09-24,Sheffield United,Newcastle,4,2023-24,0,8,0.9808280824524621,1.9468649935628095
2023-24,2023-09-30,Aston Villa,Brighton,4,2023-24,6,1,1.2629150649397112,1.3820655221077869
2023-24,2023-09-30,Bournemouth,Arsenal,4,2023-24,0,4,1.0067476654940124,1.9526366212421724
2023-24,2023-09-30,Everton,Luton,4,2023-24,1,2,1.4120460845800769,1.1073086797734517
2023-24,2023-09-30,Man United,Crystal Palace,4,2023-24,0,1,1.8003110212447018,0.9777758792954054
2023-24,2023-09-30,Newcastle,Burnley,4,2023-24,2,0,2.230611922765656,0.6866309768220917
2023-24,2023-09-30,Tottenham,Liverpool,4,2023-24,2,1,1.2607371702920205,1.596640232990856
2023-24,2023-09-30,West Ham,Sheffield United,4,2023-24,2,0,1.8907440236946444,0.7125237392557129
2023-24,2023-09-30,Wolves,Man City,4,2023-24,2,1,0.7642305119106545,2.815971165921614
2023-24,2023-10-01,Nott'm Forest,Brentford,4,2023-24,1,1,1.3975503522856232,1.4324241823764414
2023-24,2023-10-02,Fulham,Chelsea,4,2023-24,0,2,1.452055473030283,1.299563754439868
2023-24,2023-10-03,Luton,Burnley,4,2023-24,1,2,1.4477461456489247,0.8733929317560598
2023-24,2023-10-07,Burnley,Chelsea,4,2023-24,1,4,1.088426171387216,1.6237809660918856
2023-24,2023-10-07,Crystal Palace,Nott'm Forest,4,2023-24,0,0,1.521978849592213,1.0957550599452899
2023-24,2023-10-07,Everton,Bournemouth,4,2023-24,3,0,1.4313954021737263,0.9448603757136573
2023-24,2023-10-07,Fulham,Sheffield United,4,2023-24,3,1,1.7372371682016154,0.8055675324901321
2023-24,2023-10-07,Luton,Tottenham,4,2023-24,0,1,0.864239675870431,2.051540834446341
2023-24,2023-10-07,Man United,Brentford,4,2023-24,2,1,1.7263595127632096,1.1002498895033876
2023-24,2023-10-08,Arsenal,Man City,4,2023-24,1,0,1.520890945493529,1.5867670565087342
2023-24,2023-10-08,Brighton,Liverpool,4,2023-24,2,2,1.2759712451582943,1.605324104477121
2023-24,2023-10-08,West Ham,Newcastle,4,2023-24,2,2,1.122290616445224,1.6500546778425844
2023-24,2023-10-08,Wolves,Aston Villa,4,2023-24,1,1,1.1917598046270321,1.5888484802054972
2023-24,2023-10-21,Bournemouth,Wolves,4,2023-24,1,2,1.2110256060724516,1.3700148180173728
2023-24,2023-10-21,Brentford,Burnley,4,2023-24,3,0,1.8667512536633144,0.8100061746899648
2023-24,2023-10-21,Chelsea,Arsenal,4,2023-24,2,2,1.0955268246200354,1.9367234580745414
2023-24,2023-10-21,Liverpool,Everton,4,2023-24,2,0,2.6145529955890683,0.683073391858298
2023-24,2023-10-21,Man City,Brighton,4,2023-24,2,1,2.932006714446111,0.7956833152820931
2023-24,2023-10-21,Newcastle,Crystal Palace,4,2023-24,4,0,1.8758921593490245,0.8848784798543348
2023-24,2023-10-21,Nott'm Forest,Luton,4,2023-24,2,2,1.5167740697228371,1.0559009312731418
2023-24,2023-10-21,Sheffield United,Man United,4,2023-24,1,2,0.946262080530088,1.909329847987006
2023-24,2023-10-22,Aston Villa,West Ham,4,2023-24,4,1,1.745090239825649,0.952206499009936
2023-24,2023-10-23,Tottenham,Fulham,4,2023-24,2,0,2.368614136317675,0.8098130685321907
2023-24,2023-10-27,Crystal Palace,Tottenham,4,2023-24,1,2,1.5372120493094354,1.542213277570327
2023-24,2023-10-28,Arsenal,Sheffield United,4,2023-24,5,0,2.757529129303084,0.5684136138538801
2023-24,2023-10-28,Bournemouth,Burnley,4,2023-24,2,1,1.9262648902644772,0.6979163235717661
2023-24,2023-10-28,Chelsea,Brentford,4,2023-24,0,2,1.3963612913269146,1.049229791834575
2023-24,2023-10-28,Wolves,Newcastle,4,2023-24,2,2,0.9739383108760765,1.9611525755252845
2023-24,2023-10-29,Aston Villa,Luton,4,2023-24,3,1,1.430643074689114,0.9266453325345929
2023-24,2023-10-29,Brighton,Fulham,4,2023-24,1,1,2.02034930771055,0.9187595073360124
2023-24,2023-10-29,Liverpool,Nott'm Forest,4,2023-24,3,0,2.539099459213763,0.6982606736019005
2023-24,2023-10-29,Man United,Man City,4,2023-24,0,3,1.16960212926029,1.8273985864339506
2023-24,2023-10-29,West Ham,Everton,4,2023-24,0,1,1.5386497571302102,1.0522478069568435
2023-24,2023-11-04,Brentford,West Ham,4,2023-24,3,2,1.6738574374765527,1.0364285728067149
2023-24,2023-11-04,Burnley,Crystal Palace,4,2023-24,0,2,1.1879296475794952,1.2638810494565005
2023-24,2023-11-04,Everton,Brighton,4,2023-24,1,1,1.216317373200117,1.3032883898351906
2023-24,2023-11-04,Fulham,Man United,4,2023-24,0,1,1.217009516754594,1.600832577057408
2023-24,2023-11-04,Man City,Bournemouth,4,2023-24,6,1,3.793779862098582,0.5434163761379669
2023-24,2023-11-04,Newcastle,Arsenal,4,2023-24,1,0,0.827064534505036,1.9107900583452324
2023-24,2023-11-04,Sheffield United,Wolves,4,2023-24,2,1,1.0986431648243835,1.576125582189279
2023-24,2023-11-05,Luton,Liverpool,4,2023-24,1,1,0.8887069399339981,2.3082515877036105
2023-24,2023-11-05,Nott'm Forest,Aston Villa,4,2023-24,2,0,0.8705020350607301,1.7766956314021765
2023-24,2023-11-06,Tottenham,Chelsea,4,2023-24,1,4,2.195541980164018,0.966130198763248
2023-24,2023-11-11,Arsenal,Burnley,4,2023-24,3,1,2.893116121571389,0.530467794278758
2023-24,2023-11-11,Bournemouth,Newcastle,4,2023-24,2,0,1.0438491267991674,2.168710808505248
2023-24,2023-11-11,Crystal Palace,Everton,4,2023-24,2,3,1.4535944801084166,1.0416235834369996
2023-24,2023-11-11,Man United,Luton,4,2023-24,1,0,1.8885584651275467,0.8650284705427354
2023-24,2023-11-11,Wolves,Tottenham,4,2023-24,2,1,1.1922397485920455,1.7123651279928005
2023-24,2023-11-12,Aston Villa,Fulham,4,2023-24,3,1,1.877351719000852,0.8526386818950986
2023-24,2023-11-12,Brighton,Sheffield United,4,2023-24,1,1,2.5535899827510393,0.5736267405620071
2023-24,2023-11-12,Chelsea,Man City,4,2023-24,4,4,0.8141119164907518,2.10389756677982
2023-24,2023-11-12,Liverpool,Brentford,4,2023-24,3,0,1.9020066010658858,0.922067221427444
2023-24,2023-11-12,West Ham,Nott'm Forest,4,2023-24,3,2,1.5988860947653074,1.069295600220304
2023-24,2023-11-25,Brentford,Arsenal,4,2023-24,0,1,1.1907130103705639,1.8971041689096675
2023-24,2023-11-25,Burnley,West Ham,4,2023-24,1,2,1.1710285579473394,1.4614554574525422
2023-24,2023-11-25,Luton,Crystal Palace,4,2023-24,2,1,1.31098602481283,1.166277098961485
2023-24,2023-11-25,Man City,Liverpool,4,2023-24,1,1,1.9487437176122073,1.2480826733534636
2023-24,2023-11-25,Newcastle,Chelsea,4,2023-24,4,1,1.4618173279283806,1.0687973293948616
2023-24,2023-11-25,Nott'm Forest,Brighton,4,2023-24,2,3,1.3061291494972065,1.5515695739672013
2023-24,2023-11-25,Sheffield United,Bournemouth,4,2023-24,1,3,1.400517953841169,1.1776932241225653
2023-24,2023-11-26,Everton,Man United,4,2023-24,0,3,1.0888024688920048,1.3414971595947136
2023-24,2023-11-26,Tottenham,Aston Villa,4,2023-24,1,2,1.616475854033692,1.195790980130345
2023-24,2023-11-27,Fulham,Wolves,4,2023-24,3,2,1.266204807012031,1.3246028034155632
2023-24,2023-12-02,Arsenal,Wolves,4,2023-24,2,1,2.6250071385767177,0.8835786500752497
2023-24,2023-12-02,Brentford,Luton,4,2023-24,3,1,1.7142255048211865,0.9345107114627241
2023-24,2023-12-02,Burnley,Sheffield United,4,2023-24,5,0,1.3633649816256463,0.9256752919084194
2023-24,2023-12-02,Newcastle,Man United,4,2023-24,1,0,1.575606906449891,1.1083123708759364
2023-24,2023-12-02,Nott'm Forest,Everton,4,2023-24,0,1,1.5804437980568846,1.1353140426544561
2023-24,2023-12-03,Bournemouth,Aston Villa,4,2023-24,2,2,0.8463729875100817,1.9411097387632599
2023-24,2023-12-03,Chelsea,Brighton,4,2023-24,3,2,1.5925859317805222,1.2797968013744043
2023-24,2023-12-03,Liverpool,Fulham,4,2023-24,4,3,2.611360144605619,0.7183822968445287
2023-24,2023-12-03,Man City,Tottenham,4,2023-24,3,3,3.1344944924154445,0.8261042261867031
2023-24,2023-12-03,West Ham,Crystal Palace,4,2023-24,1,1,1.6109956664881928,1.1479721567814212
2023-24,2023-12-05,Luton,Arsenal,4,2023-24,3,4,0.8229958427929331,2.0294831361102315
2023-24,2023-12-05,Wolves,Burnley,4,2023-24,1,0,1.5382760637828723,0.8981500084926228
2023-24,2023-12-06,Aston Villa,Man City,4,2023-24,1,0,1.1585387350202594,1.921155880476893
2023-24,2023-12-06,Brighton,Brentford,4,2023-24,2,1,1.8112327687296512,0.9729887811262026
2023-24,2023-12-06,Crystal Palace,Bournemouth,4,2023-24,0,2,1.6977982569538985,0.8746395907062279
2023-24,2023-12-06,Fulham,Nott'm Forest,4,2023-24,5,0,1.422594609147209,1.0253240791164016
2023-24,2023-12-06,Man United,Chelsea,4,2023-24,2,1,1.433046298194688,1.222146151869159
2023-24,2023-12-06,Sheffield United,Liverpool,4,2023-24,0,2,0.6324112451802515,3.43168081032385
2023-24,2023-12-07,Everton,Newcastle,4,2023-24,3,0,1.1225135186718236,1.8776087008844562
2023-24,2023-12-07,Tottenham,West Ham,4,2023-24,1,2,1.8086630126986945,0.9936842176497581
2023-24,2023-12-09,Aston Villa,Arsenal,4,2023-24,1,0,1.480744308479603,1.3910898136376522
2023-24,2023-12-09,Brighton,Burnley,4,2023-24,1,1,1.973209324194403,0.6522620003119439
2023-24,2023-12-09,Crystal Palace,Liverpool,4,2023-24,1,2,0.8824078831819568,2.0122220414806002
2023-24,2023-12-09,Man United,Bournemouth,4,2023-24,0,3,1.814000449764173,0.705967179503791
2023-24,2023-12-09,Sheffield United,Brentford,4,2023-24,1,0,0.8922636847035312,1.7773573054951302
2023-24,2023-12-09,Wolves,Nott'm Forest,4,2023-24,1,1,1.3398977815929305,1.326423447875324
2023-24,2023-12-10,Everton,Chelsea,4,2023-24,2,0,1.4494280830175637,1.2367845854924513
2023-24,2023-12-10,Fulham,West Ham,4,2023-24,5,0,1.115789873723786,1.493368124747971
2023-24,2023-12-10,Luton,Man City,4,2023-24,1,2,0.7836472385231735,2.7249714741018924
2023-24,2023-12-10,Tottenham,Newcastle,4,2023-24,4,1,1.6772981105197344,1.2187225951258693
2023-24,2023-12-15,Nott'm Forest,Tottenham,4,2023-24,0,2,1.226746380383402,1.8372068135319328
2023-24,2023-12-16,Burnley,Everton,4,2023-24,0,2,0.9800708198872126,1.1986417678469883
2023-24,2023-12-16,Chelsea,Sheffield United,4,2023-24,2,0,2.2527055552973327,0.6974927373398264
2023-24,2023-12-16,Man City,Crystal Palace,4,2023-24,2,2,3.136706225235473,0.6521535207526209
2023-24,2023-12-16,Newcastle,Fulham,4,2023-24,3,0,1.5569886919679081,1.3133419620358293
2023-24,2023-12-17,Arsenal,Brighton,4,2023-24,2,0,2.2565709976284154,0.9866234536744233
2023-24,2023-12-17,Brentford,Aston Villa,4,2023-24,1,2,1.2180698579665195,1.5489711846204157
2023-24,2023-12-17,Liverpool,Man United,4,2023-24,0,0,2.358494316148276,0.9209086251912982
2023-24,2023-12-17,West Ham,Wolves,4,2023-24,3,0,1.6031115925098278,1.1399445852832522
2023-24,2023-12-21,Crystal Palace,Brighton,4,2023-24,1,1,1.2755333140114717,1.3771759765823062
2023-24,2023-12-22,Aston Villa,Sheffield United,4,2023-24,1,1,2.5035713628008724,0.590278497671017
2023-24,2023-12-23,Fulham,Burnley,4,2023-24,0,2,1.4728577376563834,0.9799795351091977
2023-24,2023-12-23,Liverpool,Arsenal,4,2023-24,1,1,1.7505783296830035,1.2888180798650166
2023-24,2023-12-23,Luton,Newcastle,4,2023-24,1,0,1.1289496207159684,1.6571966976735755
2023-24,2023-12-23,Nott'm Forest,Bournemouth,4,2023-24,2,3,1.4017033013200955,1.2606748627414701
2023-24,2023-12-23,Tottenham,Everton,4,2023-24,2,1,1.8245247828143478,0.8084665734788473
2023-24,2023-12-23,West Ham,Man United,4,2023-24,2,0,1.2795532323294987,1.4491432354758187
2023-24,2023-12-24,Wolves,Chelsea,4,2023-24,2,1,1.4282621633399033,1.587124044603592
2023-24,2023-12-26,Bournemouth,Fulham,4,2023-24,3,0,1.2091087562682734,1.2844050824995867
2023-24,2023-12-26,Burnley,Liverpool,4,2023-24,0,2,0.7270414944744988,2.102082638453212
2023-24,2023-12-26,Man United,Aston Villa,4,2023-24,3,2,1.456050010381099,1.186788851895435
2023-24,2023-12-26,Newcastle,Nott'm Forest,4,2023-24,1,3,1.9881661033767042,0.8371259515620962
2023-24,2023-12-26,Sheffield United,Luton,4,2023-24,2,3,0.9328185877759276,1.5670706069115874
2023-24,2023-12-27,Brentford,Wolves,4,2023-24,1,4,1.5650757394981398,1.1927707385077646
2023-24,2023-12-27,Chelsea,Crystal Palace,4,2023-24,2,1,1.9704471544355533,1.0470057074515677
2023-24,2023-12-27,Everton,Man City,4,2023-24,1,3,1.0786943718623399,2.14638908040547
2023-24,2023-12-28,Arsenal,West Ham,4,2023-24,0,2,2.188741224569733,0.9019499428259392
2023-24,2023-12-28,Brighton,Tottenham,4,2023-24,4,2,1.6030091893576581,1.333322648861333
2023-24,2023-12-30,Aston Villa,Burnley,4,2023-24,3,2,2.2818974150836597,0.6420954377838942
2023-24,2023-12-30,Crystal Palace,Brentford,4,2023-24,3,1,1.4410124897950045,1.0319009744990186
2023-24,2023-12-30,Luton,Chelsea,4,2023-24,2,3,1.066742841315414,1.4996708710759719
2023-24,2023-12-30,Man City,Sheffield United,4,2023-24,2,0,3.9335348262757224,0.31823869633059326
2023-24,2023-12-30,Nott'm Forest,Man United,4,2023-24,2,1,1.005918094862889,1.4281354107843582
2023-24,2023-12-30,Wolves,Everton,4,2023-24,3,0,1.1736206360466666,1.0866246074836106
2023-24,2023-12-31,Fulham,Arsenal,4,2023-24,2,1,0.8176184672356553,1.8941966592944814
2023-24,2023-12-31,Tottenham,Bournemouth,4,2023-24,3,1,2.0523248936040086,0.7114839679731029
2023-24,2024-01-01,Liverpool,Newcastle,4,2023-24,4,2,2.2037595389838294,0.8582285541564677
2023-24,2024-01-02,West Ham,Brighton,4,2023-24,0,0,1.3479579897210545,1.1905568519583158
2023-24,2024-01-12,Burnley,Luton,4,2023-24,1,1,1.1260357292062395,1.0804266472011692
2023-24,2024-01-13,Chelsea,Fulham,4,2023-24,1,0,1.7409824730611476,1.0125765984769568
2023-24,2024-01-13,Newcastle,Man City,4,2023-24,2,3,1.1588366404297927,1.8689262256168233
2023-24,2024-01-14,Everton,Aston Villa,4,2023-24,0,0,1.1426747591875857,1.6238277258465723
2023-24,2024-01-14,Man United,Tottenham,4,2023-24,2,2,1.5336616050084406,1.2144927968043058
2023-24,2024-01-20,Arsenal,Crystal Palace,4,2023-24,5,0,2.28632130467658,0.8143705261071928
2023-24,2024-01-20,Brentford,Nott'm Forest,4,2023-24,3,2,1.4996881427526496,1.0085925147995936
2023-24,2024-01-21,Bournemouth,Liverpool,4,2023-24,0,4,0.8263640586205122,2.0040001979968425
2023-24,2024-01-21,Sheffield United,West Ham,4,2023-24,2,2,0.9290655046577238,1.4426985838976887
2023-24,2024-01-22,Brighton,Wolves,4,2023-24,0,0,1.864668793047508,0.9943450775010634
2023-24,2024-01-30,Aston Villa,Newcastle,4,2023-24,1,3,1.6199484857264401,1.097491527758274
2023-24,2024-01-30,Crystal Palace,Sheffield United,4,2023-24,3,2,1.6686666372548329,0.747086814956027
2023-24,2024-01-30,Fulham,Everton,4,2023-24,0,0,1.3950876228035407,1.291368005850785
2023-24,2024-01-30,Luton,Brighton,4,2023-24,4,0,1.026315142925525,1.3617567644322093
2023-24,2024-01-30,Nott'm Forest,Arsenal,4,2023-24,1,2,0.8817592640572948,1.9262836307756808
2023-24,2024-01-31,Liverpool,Chelsea,4,2023-24,4,1,2.7176260252713083,0.7135595534692649
2023-24,2024-01-31,Man City,Burnley,4,2023-24,3,1,3.5929182949556764,0.4593292587292111
2023-24,2024-01-31,Tottenham,Brentford,4,2023-24,3,2,1.8999801943986439,0.8314304500077982
2023-24,2024-02-01,West Ham,Bournemouth,4,2023-24,1,1,1.7928091414988592,0.8938163672848798
2023-24,2024-02-01,Wolves,Man United,4,2023-24,3,4,1.3772526623645065,1.4175460575333414
2023-24,2024-02-03,Brighton,Crystal Palace,4,2023-24,4,1,1.8287485541716486,0.9272703122981175
2023-24,2024-02-03,Burnley,Fulham,4,2023-24,2,2,1.3612367168296584,0.994161192124875
2023-24,2024-02-03,Everton,Tottenham,4,2023-24,2,2,1.0547675805685233,1.8441470482631017
2023-24,2024-02-03,Newcastle,Luton,4,2023-24,4,4,1.731861951453073,0.8551857208252365
2023-24,2024-02-03,Sheffield United,Aston Villa,4,2023-24,0,5,0.9775729903157422,1.763274779868192
2023-24,2024-02-04,Arsenal,Liverpool,4,2023-24,3,1,1.3142630561638147,1.4403446228843364
2023-24,2024-02-04,Bournemouth,Nott'm Forest,4,2023-24,1,1,1.4929977128967133,0.91213109213487
2023-24,2024-02-04,Chelsea,Wolves,4,2023-24,2,4,1.313815007615417,1.4180696648519828
2023-24,2024-02-04,Man United,West Ham,4,2023-24,3,0,1.694297016384016,0.9075982468747382
2023-24,2024-02-05,Brentford,Man City,4,2023-24,1,3,0.9059240735798696,2.2258825116757683
2023-24,2024-02-10,Fulham,Bournemouth,4,2023-24,3,1,1.4733666685264304,1.2090022118530666
2023-24,2024-02-10,Liverpool,Burnley,4,2023-24,3,1,3.3083996074774444,0.5608733057300006
2023-24,2024-02-10,Luton,Sheffield United,4,2023-24,1,3,1.5968114962999296,0.693713135075422
2023-24,2024-02-10,Man City,Everton,4,2023-24,2,0,3.3216002882272337,0.6204779161276301
2023-24,2024-02-10,Nott'm Forest,Newcastle,4,2023-24,2,3,0.9611704925145932,1.552484359570504
2023-24,2024-02-10,Tottenham,Brighton,4,2023-24,2,1,1.6231327404586096,1.0251575789337128
2023-24,2024-02-10,Wolves,Brentford,4,2023-24,0,2,1.539854259748549,1.0888560091037733
2023-24,2024-02-11,Aston Villa,Man United,4,2023-24,1,2,1.9359425675844946,1.051818349572394
2023-24,2024-02-11,West Ham,Arsenal,4,2023-24,0,6,1.0254378528759198,1.6537522459507188
2023-24,2024-02-12,Crystal Palace,Chelsea,4,2023-24,1,3,1.508817645757695,1.3125772643450795
2023-24,2024-02-17,Brentford,Liverpool,4,2023-24,1,4,0.9030558517418031,2.061217293999958
2023-24,2024-02-17,Burnley,Arsenal,4,2023-24,0,5,0.7118451242357104,2.3696477989091536
2023-24,2024-02-17,Fulham,Aston Villa,4,2023-24,1,2,1.2421538892509618,1.6131773826879412
2023-24,2024-02-17,Man City,Chelsea,4,2023-24,1,1,2.8233519199303103,0.6703582993211813
2023-24,2024-02-17,Newcastle,Bournemouth,4,2023-24,2,2,2.415390269802606,0.872437372987778
2023-24,2024-02-17,Nott'm Forest,West Ham,4,2023-24,2,0,1.29583969301268,1.186566114120762
2023-24,2024-02-17,Tottenham,Wolves,4,2023-24,1,2,1.9469917375873642,1.0532609957338692
2023-24,2024-02-18,Luton,Man United,4,2023-24,1,2,1.1588570722452074,1.3418027672567954
2023-24,2024-02-18,Sheffield United,Brighton,4,2023-24,0,5,0.9443243353691892,1.661976585960693
2023-24,2024-02-19,Everton,Crystal Palace,4,2023-24,1,1,1.7455880149757335,1.04364929825241
2023-24,2024-02-20,Man City,Brentford,4,2023-24,1,0,3.0839324280089304,0.6146751933541251
2023-24,2024-02-21,Liverpool,Luton,4,2023-24,4,1,2.7064694063629715,0.7499697835130223
2023-24,2024-02-24,Arsenal,Newcastle,4,2023-24,4,1,1.8962306522946593,0.9414918701928396
2023-24,2024-02-24,Aston Villa,Nott'm Forest,4,2023-24,4,2,2.1386631284941813,0.844753374127237
2023-24,2024-02-24,Bournemouth,Man City,4,2023-24,0,1,0.8319897266683408,2.095505550773628
2023-24,2024-02-24,Brighton,Everton,4,2023-24,1,1,1.8329379038495583,0.9855144937330236
2023-24,2024-02-24,Crystal Palace,Burnley,4,2023-24,3,0,1.7014562981623578,0.9631678108258219
2023-24,2024-02-24,Man United,Fulham,4,2023-24,1,2,2.0393505719718514,0.9127519485395855
2023-24,2024-02-25,Wolves,Sheffield United,4,2023-24,1,0,2.316333659330014,0.7282693343997638
2023-24,2024-02-26,West Ham,Brentford,4,2023-24,4,2,1.6269766846820135,1.135892359532688
2023-24,2024-03-02,Brentford,Chelsea,4,2023-24,2,2,1.6155268270011445,1.4847401481406772
2023-24,2024-03-02,Everton,West Ham,4,2023-24,1,3,1.5321751414005722,1.1042294263291403
2023-24,2024-03-02,Fulham,Brighton,4,2023-24,3,0,1.126345986339669,1.600159181650824
2023-24,2024-03-02,Luton,Aston Villa,4,2023-24,2,3,0.9843482595646952,1.624206692656328
2023-24,2024-03-02,Newcastle,Wolves,4,2023-24,3,0,1.7979588609088228,0.9681657327085463
2023-24,2024-03-02,Nott'm Forest,Liverpool,4,2023-24,0,1,0.7650458302625714,2.308704225316442
2023-24,2024-03-02,Tottenham,Crystal Palace,4,2023-24,3,1,1.9368509299384544,0.8655298102224166
2023-24,2024-03-03,Burnley,Bournemouth,4,2023-24,0,2,1.418836843133574,1.4650051098883676
2023-24,2024-03-03,Man City,Man United,4,2023-24,3,1,2.7666590898769745,0.7830057212749578
2023-24,2024-03-04,Sheffield United,Arsenal,4,2023-24,0,6,0.6693984377685264,3.120587041182262
2023-24,2024-03-09,Arsenal,Brentford,4,2023-24,2,1,2.7496288405640232,0.6970731871538761
2023-24,2024-03-09,Bournemouth,Sheffield United,4,2023-24,2,2,2.1628720723018984,0.6796021720006509
2023-24,2024-03-09,Crystal Palace,Luton,4,2023-24,1,1,1.500933847510613,1.3151902945430747
2023-24,2024-03-09,Man United,Everton,4,2023-24,2,0,2.0186436999822406,0.9296730338323763
2023-24,2024-03-09,Wolves,Fulham,4,2023-24,2,1,1.2907584345256482,1.2243503458080527
2023-24,2024-03-10,Aston Villa,Tottenham,4,2023-24,0,4,2.2920986719045473,1.159278477601353
2023-24,2024-03-10,Brighton,Nott'm Forest,4,2023-24,1,0,2.0067689249689606,0.9680313689339243
2023-24,2024-03-10,Liverpool,Man City,4,2023-24,1,1,1.9294837758394439,1.2105131870175765
2023-24,2024-03-10,West Ham,Burnley,4,2023-24,2,2,2.4297917919843273,0.7964175264364278
2023-24,2024-03-11,Chelsea,Newcastle,4,2023-24,3,2,1.3359450960749566,1.3511217238256228
2023-24,2024-03-13,Bournemouth,Luton,4,2023-24,4,3,1.5206563730177824,1.1575459682045184
2023-24,2024-03-16,Burnley,Brentford,4,2023-24,2,1,1.2671257837473169,1.5416587427873274
2023-24,2024-03-16,Fulham,Tottenham,4,2023-24,3,0,1.299571675309206,1.786977977987395
2023-24,2024-03-16,Luton,Nott'm Forest,4,2023-24,1,1,1.5159605866706038,1.0128326166975723
2023-24,2024-03-17,West Ham,Aston Villa,4,2023-24,1,1,1.5015376430114096,1.495024547169297
2023-24,2024-03-30,Aston Villa,Wolves,4,2023-24,2,0,2.3130537279421857,0.9578527923305697
2023-24,2024-03-30,Bournemouth,Everton,4,2023-24,2,1,1.5665705355408837,1.2082809119708486
2023-24,2024-03-30,Brentford,Man United,4,2023-24,1,1,1.662021571575202,1.545990407618903
2023-24,2024-03-30,Chelsea,Burnley,4,2023-24,2,2,1.9869297717063885,0.7404945705212365
2023-24,2024-03-30,Newcastle,West Ham,4,2023-24,4,3,1.791189651641298,0.9569110492254708
2023-24,2024-03-30,Nott'm Forest,Crystal Palace,4,2023-24,1,1,1.3445857939535646,1.3346389216393468
2023-24,2024-03-30,Sheffield United,Fulham,4,2023-24,3,3,0.980843126963007,1.716023788745406
2023-24,2024-03-30,Tottenham,Luton,4,2023-24,2,1,2.1282139182431945,0.8496906038701573
2023-24,2024-03-31,Liverpool,Brighton,4,2023-24,2,1,2.472601934792919,0.845231425809723
2023-24,2024-03-31,Man City,Arsenal,4,2023-24,0,0,1.683950889276832,1.5017473322721766
2023-24,2024-04-02,Bournemouth,Crystal Palace,4,2023-24,1,0,1.4556141399195348,1.1833497007383884
2023-24,2024-04-02,Burnley,Wolves,4,2023-24,1,1,1.1446130614443875,1.3017188941247149
2023-24,2024-04-02,Newcastle,Everton,4,2023-24,1,1,2.2004302303881413,0.8933585768096092
2023-24,2024-04-02,Nott'm Forest,Fulham,4,2023-24,3,1,1.1897245985081355,1.3432374956900803
2023-24,2024-04-02,West Ham,Tottenham,4,2023-24,1,1,1.7012988050699043,1.3803476663254248
2023-24,2024-04-03,Arsenal,Luton,4,2023-24,2,0,3.0463904661045342,0.5530137240919919
2023-24,2024-04-03,Brentford,Brighton,4,2023-24,0,0,1.260173546169348,1.6657289233213568
2023-24,2024-04-03,Man City,Aston Villa,4,2023-24,4,1,2.5341478224087237,0.7083603397817803
2023-24,2024-04-04,Chelsea,Man United,4,2023-24,4,3,1.569819885089127,1.335398033679698
2023-24,2024-04-04,Liverpool,Sheffield United,4,2023-24,3,1,4.110545411201104,0.4767635715840719
2023-24,2024-04-06,Aston Villa,Brentford,4,2023-24,3,3,2.0666247351941016,0.8698627471113389
2023-24,2024-04-06,Brighton,Arsenal,4,2023-24,0,3,1.0424241716398406,1.8689005942272936
2023-24,2024-04-06,Crystal Palace,Man City,4,2023-24,2,4,0.685207802965548,2.6061393825854364
2023-24,2024-04-06,Everton,Burnley,4,2023-24,1,0,1.611939163277586,0.9717797456337873
2023-24,2024-04-06,Fulham,Newcastle,4,2023-24,0,1,1.1203712563450334,1.7936162853918658
2023-24,2024-04-06,Luton,Bournemouth,4,2023-24,2,1,1.3911523867085684,1.132887994300948
2023-24,2024-04-06,Wolves,West Ham,4,2023-24,1,2,1.3132893996824702,1.4701456716956811
2023-24,2024-04-07,Man United,Liverpool,4,2023-24,2,2,1.3034477229087462,1.4030715997219754
2023-24,2024-04-07,Sheffield United,Chelsea,4,2023-24,2,2,1.0222532388233305,1.8195522834608604
2023-24,2024-04-07,Tottenham,Nott'm Forest,4,2023-24,3,1,2.0187038024583375,0.8768313024663793
2023-24,2024-04-13,Bournemouth,Man United,4,2023-24,2,2,1.3894711241842639,1.656748863387798
2023-24,2024-04-13,Brentford,Sheffield United,4,2023-24,2,0,2.2467755262236464,0.7902424830147783
2023-24,2024-04-13,Burnley,Brighton,4,2023-24,1,1,1.1723177784244723,1.5288649392673979
2023-24,2024-04-13,Man City,Luton,4,2023-24,5,1,3.2654135386857126,0.5463561163941547
2023-24,2024-04-13,Newcastle,Tottenham,4,2023-24,4,0,1.6730271555450624,1.3349082864563295
2023-24,2024-04-13,Nott'm Forest,Wolves,4,2023-24,2,2,1.3670768212419513,1.399546956540974
2023-24,2024-04-14,Arsenal,Aston Villa,4,2023-24,0,2,2.590277389274696,0.8426513204118835
2023-24,2024-04-14,Liverpool,Crystal Palace,4,2023-24,0,1,3.1285160785189348,0.6756180894477892
2023-24,2024-04-14,West Ham,Fulham,4,2023-24,0,2,1.9392117659700547,1.187840156007245
2023-24,2024-04-15,Chelsea,Everton,4,2023-24,6,0,1.9192216482182358,0.9577950397695832
2023-24,2024-04-20,Luton,Brentford,4,2023-24,1,5,1.3182854731192315,1.4356248288295677
2023-24,2024-04-20,Sheffield United,Burnley,4,2023-24,1,4,1.2397555843708088,1.2243619435656246
2023-24,2024-04-20,Wolves,Arsenal,4,2023-24,0,2,1.1722512061818735,2.08886392891767
2023-24,2024-04-21,Aston Villa,Bournemouth,4,2023-24,3,1,2.4048848886980294,0.9299478633950868
2023-24,2024-04-21,Crystal Palace,West Ham,4,2023-24,5,2,1.3435985267492527,1.3458480408809945
2023-24,2024-04-21,Everton,Nott'm Forest,4,2023-24,2,0,1.4430050850694167,1.2191847317853317
2023-24,2024-04-21,Fulham,Liverpool,4,2023-24,1,3,0.9658950792718708,2.0747946383746645
2023-24,2024-04-23,Arsenal,Chelsea,4,2023-24,5,0,2.3731377147904325,0.9067067088813301
2023-24,2024-04-24,Crystal Palace,Newcastle,4,2023-24,2,0,1.3931005863459118,1.4287847641986773
2023-24,2024-04-24,Everton,Liverpool,4,2023-24,2,0,0.9490817787290431,2.0194104020480297
2023-24,2024-04-24,Man United,Sheffield United,4,2023-24,4,2,2.6564804627569245,0.589602370874105
2023-24,2024-04-24,Wolves,Bournemouth,4,2023-24,0,1,1.5199441593813505,1.323015061511226
2023-24,2024-04-25,Brighton,Man City,4,2023-24,0,4,0.9871479003783599,2.1120562859959966
2023-24,2024-04-27,Aston Villa,Chelsea,4,2023-24,2,2,1.9104393399560904,1.294468547048201
2023-24,2024-04-27,Everton,Brentford,4,2023-24,1,0,1.4037759589717533,1.30695915354583
2023-24,2024-04-27,Fulham,Crystal Palace,4,2023-24,1,1,1.2417212972859075,1.3959003014410485
2023-24,2024-04-27,Man United,Burnley,4,2023-24,1,1,2.261739413259461,0.6109764422357006
2023-24,2024-04-27,Newcastle,Sheffield United,4,2023-24,5,1,2.6646779668290264,0.6002973562775668
2023-24,2024-04-27,West Ham,Liverpool,4,2023-24,2,2,1.0519663157578585,2.0266208209419267
2023-24,2024-04-27,Wolves,Luton,4,2023-24,2,1,1.7466862025692258,0.869263433749218
2023-24,2024-04-28,Bournemouth,Brighton,4,2023-24,3,0,1.4973821665679627,1.864770611336631
2023-24,2024-04-28,Nott'm Forest,Man City,4,2023-24,0,2,0.6296338418738583,3.181766687464654
2023-24,2024-04-28,Tottenham,Arsenal,4,2023-24,2,3,1.1331074023870111,1.6257739988488675
2023-24,2024-05-02,Chelsea,Tottenham,4,2023-24,2,0,1.8607770184646826,1.2657117663194657
2023-24,2024-05-03,Luton,Everton,4,2023-24,1,1,1.3569105457804964,1.3778132312977807
2023-24,2024-05-04,Arsenal,Bournemouth,4,2023-24,3,0,2.795434452330993,0.7279151340499703
2023-24,2024-05-04,Brentford,Fulham,4,2023-24,0,0,1.6117803507394133,1.2448104006888763
2023-24,2024-05-04,Burnley,Newcastle,4,2023-24,1,4,0.8563147595604275,1.920272695897559
2023-24,2024-05-04,Man City,Wolves,4,2023-24,5,1,3.209726708335837,0.6945478318959332
2023-24,2024-05-04,Sheffield United,Nott'm Forest,4,2023-24,1,3,1.2899230480228279,1.6758844539927638
2023-24,2024-05-05,Brighton,Aston Villa,4,2023-24,1,0,1.1992590339302198,1.5121340099078358
2023-24,2024-05-05,Chelsea,West Ham,4,2023-24,5,0,2.1257209843456604,0.8391061156184588
2023-24,2024-05-05,Liverpool,Tottenham,4,2023-24,4,2,2.893457192805808,0.9939959462458079
2023-24,2024-05-06,Crystal Palace,Man United,4,2023-24,4,0,1.3710804986169511,1.7060005082239957
2023-24,2024-05-11,Bournemouth,Brentford,4,2023-24,1,2,1.383290946613455,1.4987492005823089
2023-24,2024-05-11,Everton,Sheffield United,4,2023-24,1,0,2.098195591937274,0.9260300656243114
2023-24,2024-05-11,Fulham,Man City,4,2023-24,0,4,0.7201938829302206,2.6532857330222983
2023-24,2024-05-11,Newcastle,Brighton,4,2023-24,1,1,2.116538107748727,1.0174272347587534
2023-24,2024-05-11,Nott'm Forest,Chelsea,4,2023-24,2,3,0.9852296931703739,2.0652465976948595
2023-24,2024-05-11,Tottenham,Burnley,4,2023-24,2,1,2.2591788591593147,0.859265343423661
2023-24,2024-05-11,West Ham,Luton,4,2023-24,3,1,2.0475093153795307,0.9560897321754288
2023-24,2024-05-11,Wolves,Crystal Palace,4,2023-24,1,3,1.243797476458914,1.4136171736738012
2023-24,2024-05-12,Man United,Arsenal,4,2023-24,0,1,1.070854533071492,1.6735471267720827
2023-24,2024-05-13,Aston Villa,Liverpool,4,2023-24,3,3,1.6070993136426188,1.4758050770601976
2023-24,2024-05-14,Tottenham,Man City,4,2023-24,0,2,1.0483488418427245,2.105077049514228
2023-24,2024-05-15,Brighton,Chelsea,4,2023-24,1,2,1.242990198626007,1.5103835596914983
2023-24,2024-05-15,Man United,Newcastle,4,2023-24,3,2,1.5909303925100633,1.1649318671342113
2023-24,2024-05-19,Arsenal,Everton,4,2023-24,2,1,2.720571109811965,0.763633047233647
2023-24,2024-05-19,Brentford,Newcastle,4,2023-24,2,4,1.2240029877967593,1.6916235643912048
2023-24,2024-05-19,Brighton,Man United,4,2023-24,0,2,1.5023485145782836,1.4412657004998752
2023-24,2024-05-19,Burnley,Nott'm Forest,4,2023-24,1,2,1.3155107422886696,1.3447857606453455
2023-24,2024-05-19,Chelsea,Bournemouth,4,2023-24,2,1,2.177552464436471,0.9480389879671197
2023-24,2024-05-19,Crystal Palace,Aston Villa,4,2023-24,5,0,1.2829459247813415,1.5640571013262605
2023-24,2024-05-19,Liverpool,Wolves,4,2023-24,2,0,3.2376648851470193,0.7475405548050754
2023-24,2024-05-19,Luton,Fulham,4,2023-24,2,4,1.5503390337630865,1.440819378931738
2023-24,2024-05-19,Man City,West Ham,4,2023-24,3,1,3.8204492088460342,0.6405749703672883
2023-24,2024-05-19,Sheffield United,Tottenham,4,2023-24,0,3,1.1385417588678528,2.115552017030343
2024-25,2024-08-16,Man United,Fulham,5,2024-25,1,0,1.9255564193159522,1.1599382544084311
2024-25,2024-08-17,Arsenal,Wolves,5,2024-25,2,0,2.8128497574375744,0.6256306290540924
2024-25,2024-08-17,Everton,Brighton,5,2024-25,0,3,1.4866198313507455,1.2858792138631772
2024-25,2024-08-17,Ipswich,Liverpool,5,2024-25,0,2,1.0994990871245311,1.9470411298784478
2024-25,2024-08-17,Newcastle,Southampton,5,2024-25,1,0,2.095677326757235,0.8058334009346656
2024-25,2024-08-17,Nott'm Forest,Bournemouth,5,2024-25,1,1,1.1792574448459892,1.5163256254780701
2024-25,2024-08-17,West Ham,Aston Villa,5,2024-25,1,2,1.1361237227953696,1.8123291316979777
2024-25,2024-08-18,Brentford,Crystal Palace,5,2024-25,2,1,1.4020003676419117,1.3668532569221936
2024-25,2024-08-18,Chelsea,Man City,5,2024-25,0,2,1.298444310889279,1.8752376098883885
2024-25,2024-08-19,Leicester,Tottenham,5,2024-25,1,1,1.2677954913279028,1.7063380948092663
2024-25,2024-08-24,Aston Villa,Arsenal,5,2024-25,0,2,1.2745148453504893,1.9206194669957632
2024-25,2024-08-24,Brighton,Man United,5,2024-25,2,1,1.422961813266921,1.4365814176065617
2024-25,2024-08-24,Crystal Palace,West Ham,5,2024-25,0,2,1.4872412674595805,1.2462153109118708
2024-25,2024-08-24,Fulham,Leicester,5,2024-25,2,1,1.4330181043005699,1.2060022669112738
2024-25,2024-08-24,Man City,Ipswich,5,2024-25,4,1,3.083093343586564,0.5738440398861935
2024-25,2024-08-24,Southampton,Nott'm Forest,5,2024-25,0,1,1.1156617944669702,1.4694105343019916
2024-25,2024-08-24,Tottenham,Everton,5,2024-25,4,0,1.737758264179136,0.8770192257518376
2024-25,2024-08-25,Bournemouth,Newcastle,5,2024-25,1,1,1.2497251402940939,1.547700394737926
2024-25,2024-08-25,Liverpool,Brentford,5,2024-25,2,0,2.4702168616265023,0.851209952817542
2024-25,2024-08-25,Wolves,Chelsea,5,2024-25,2,6,1.2536883879818985,1.5317333053280613
2024-25,2024-08-31,Arsenal,Brighton,5,2024-25,1,1,2.317239385892338,0.9979772205946066
2024-25,2024-08-31,Brentford,Southampton,5,2024-25,3,1,1.6487840348325284,0.9359147901149633
2024-25,2024-08-31,Everton,Bournemouth,5,2024-25,2,3,1.2819576553830379,1.247365264993126
2024-25,2024-08-31,Ipswich,Fulham,5,2024-25,1,1,1.2168763612600544,1.3226908588980921
2024-25,2024-08-31,Leicester,Aston Villa,5,2024-25,1,2,1.1577072872561562,1.663955797920312
2024-25,2024-08-31,Nott'm Forest,Wolves,5,2024-25,1,1,1.3255250895016422,0.979546539072493
2024-25,2024-08-31,West Ham,Man City,5,2024-25,1,3,0.9063198871814122,2.5899279176778505
2024-25,2024-09-01,Chelsea,Crystal Palace,5,2024-25,1,1,1.7363426091225551,0.8861385341951923
2024-25,2024-09-01,Man United,Liverpool,5,2024-25,0,3,1.3099793244981783,1.9455972770884526
2024-25,2024-09-01,Newcastle,Tottenham,5,2024-25,2,1,1.421741597532176,1.1969812870222096
2024-25,2024-09-14,Aston Villa,Everton,5,2024-25,3,2,1.9233680152848498,0.7608588949873206
2024-25,2024-09-14,Bournemouth,Chelsea,5,2024-25,0,1,1.2939281139256635,1.5378408613385375
2024-25,2024-09-14,Brighton,Ipswich,5,2024-25,0,0,1.882214343948449,0.9323414168016284
2024-25,2024-09-14,Crystal Palace,Leicester,5,2024-25,2,2,1.575732935153272,1.064224561726467
2024-25,2024-09-14,Fulham,West Ham,5,2024-25,1,1,1.4700293834920457,1.3136952247173852
2024-25,2024-09-14,Liverpool,Nott'm Forest,5,2024-25,0,1,2.766204390310772,0.7363307766587606
2024-25,2024-09-14,Man City,Brentford,5,2024-25,2,1,3.4950728315059716,0.7125642325451941
2024-25,2024-09-14,Southampton,Man United,5,2024-25,0,3,0.9296278885590735,1.8190505094789875
2024-25,2024-09-15,Tottenham,Arsenal,5,2024-25,0,1,1.4449086698987659,1.7908138716401958
2024-25,2024-09-15,Wolves,Newcastle,5,2024-25,1,2,1.0801385533574879,1.6714556905949596
2024-25,2024-09-21,Aston Villa,Wolves,5,2024-25,3,1,1.9549297575059388,0.7919995062000386
2024-25,2024-09-21,Crystal Palace,Man United,5,2024-25,0,0,1.225290185586059,1.4880733504247574
2024-25,2024-09-21,Fulham,Newcastle,5,2024-25,3,1,1.1350968358953304,1.847822129283638
2024-25,2024-09-21,Leicester,Everton,5,2024-25,1,1,1.285956728343895,1.0514092281066643
2024-25,2024-09-21,Liverpool,Bournemouth,5,2024-25,3,0,2.5282824765075103,0.8793847790016328
2024-25,2024-09-21,Southampton,Ipswich,5,2024-25,1,1,0.9887407912902717,1.4594764559500828
2024-25,2024-09-21,Tottenham,Brentford,5,2024-25,3,1,1.6402236837569533,1.1502597151410885
2024-25,2024-09-21,West Ham,Chelsea,5,2024-25,0,3,1.2244516439011062,1.6177333189946779
2024-25,2024-09-22,Brighton,Nott'm Forest,5,2024-25,2,2,1.671973509517837,1.0393126196395928
2024-25,2024-09-22,Man City,Arsenal,5,2024-25,2,2,2.6913208181435824,1.2401454119888338
2024-25,2024-09-28,Arsenal,Leicester,5,2024-25,4,2,2.8602842390044465,0.675381526768483
2024-25,2024-09-28,Brentford,West Ham,5,2024-25,1,1,1.5447217170520946,1.3225699116541958
2024-25,2024-09-28,Chelsea,Brighton,5,2024-25,4,2,1.7751872255718286,1.0235860949616904
2024-25,2024-09-28,Everton,Crystal Palace,5,2024-25,2,1,1.3400550027895595,1.387629558998089
2024-25,2024-09-28,Newcastle,Man City,5,2024-25,1,1,1.0955787350189317,2.103078377739034
2024-25,2024-09-28,Nott'm Forest,Fulham,5,2024-25,0,1,1.23770218203113,1.1709274939905008
2024-25,2024-09-28,Wolves,Liverpool,5,2024-25,1,2,0.8034478626513388,2.708942406631943
2024-25,2024-09-29,Ipswich,Aston Villa,5,2024-25,2,2,1.2600448429201365,1.5655196589647766
2024-25,2024-09-29,Man United,Tottenham,5,2024-25,0,3,1.5265348403889702,1.3583209330149837
2024-25,2024-09-30,Bournemouth,Southampton,5,2024-25,3,1,1.74580559455661,0.8410712360262357
2024-25,2024-10-05,Arsenal,Southampton,5,2024-25,3,1,3.3630110370912174,0.4765637201937098
2024-25,2024-10-05,Brentford,Wolves,5,2024-25,5,3,1.6459948167993255,1.0152323637749745
2024-25,2024-10-05,Crystal Palace,Liverpool,5,2024-25,0,1,0.8840343632770709,2.363588949059148
2024-25,2024-10-05,Everton,Newcastle,5,2024-25,0,0,1.2471089500136376,1.6027269133234094
2024-25,2024-10-05,Leicester,Bournemouth,5,2024-25,1,0,1.3838175931943935,1.3774518024581475
2024-25,2024-10-05,Man City,Fulham,5,2024-25,3,2,3.272751122933772,0.6631176882932341
2024-25,2024-10-05,West Ham,Ipswich,5,2024-25,4,1,1.5892729038288538,1.108916441764301
2024-25,2024-10-06,Aston Villa,Man United,5,2024-25,0,0,1.869481263034423,1.1346733045478896
2024-25,2024-10-06,Brighton,Tottenham,5,2024-25,3,2,1.283560388732572,1.5688003252601512
2024-25,2024-10-06,Chelsea,Nott'm Forest,5,2024-25,1,1,2.2820718532301947,0.8377163089503282
2024-25,2024-10-19,Bournemouth,Arsenal,5,2024-25,2,0,0.9709189343836463,2.356487844581195
2024-25,2024-10-19,Fulham,Aston Villa,5,2024-25,1,3,1.4377082849835736,1.335275979868727
2024-25,2024-10-19,Ipswich,Everton,5,2024-25,0,2,1.4267890317127951,1.1749462704502154
2024-25,2024-10-19,Man United,Brentford,5,2024-25,2,1,1.809136800020775,1.1816681749981666
2024-25,2024-10-19,Newcastle,Brighton,5,2024-25,0,1,1.8970401591830617,1.0570456853316617
2024-25,2024-10-19,Southampton,Leicester,5,2024-25,2,3,1.1311815125178375,1.517440849584887
2024-25,2024-10-19,Tottenham,West Ham,5,2024-25,4,1,1.9248120773399062,1.0888547372747457
2024-25,2024-10-20,Liverpool,Chelsea,5,2024-25,2,1,2.3333089497898887,0.9726907133411858
2024-25,2024-10-20,Wolves,Man City,5,2024-25,1,2,0.8197533492754016,3.0224474683141844
2024-25,2024-10-21,Nott'm Forest,Crystal Palace,5,2024-25,1,0,1.3417837077801738,1.1666929225264402
2024-25,2024-10-25,Leicester,Nott'm Forest,5,2024-25,1,3,1.3329341183232044,1.2604496120462982
2024-25,2024-10-26,Aston Villa,Bournemouth,5,2024-25,1,1,2.035579820280188,1.0334752657632904
2024-25,2024-10-26,Brentford,Ipswich,5,2024-25,4,3,1.699057709592031,1.148440633776133
2024-25,2024-10-26,Brighton,Wolves,5,2024-25,2,2,1.8411633024563365,0.8915284662738334
2024-25,2024-10-26,Everton,Fulham,5,2024-25,1,1,1.298169309232889,1.2811719346350012
2024-25,2024-10-26,Man City,Southampton,5,2024-25,1,0,3.909950843918239,0.46727221646671896
2024-25,2024-10-27,Arsenal,Liverpool,5,2024-25,2,2,1.9367290119498748,1.38319359825676
2024-25,2024-10-27,Chelsea,Newcastle,5,2024-25,2,1,1.7441935758051503,1.1398658011280272
2024-25,2024-10-27,Crystal Palace,Tottenham,5,2024-25,1,0,1.036043685564884,1.7969059788988375
2024-25,2024-10-27,West Ham,Man United,5,2024-25,2,1,1.4410569518950531,1.4113162185160353
2024-25,2024-11-02,Bournemouth,Man City,5,2024-25,2,1,0.9573650319736438,2.51506338775595
2024-25,2024-11-02,Ipswich,Leicester,5,2024-25,1,1,1.3984207198928442,1.2181849643623097
2024-25,2024-11-02,Liverpool,Brighton,5,2024-25,2,1,2.694984807042997,0.8346618233648033
2024-25,2024-11-02,Newcastle,Arsenal,5,2024-25,1,0,1.2260197291349098,2.1009631378441895
2024-25,2024-11-02,Nott'm Forest,West Ham,5,2024-25,3,0,1.5579819814024825,1.2258629081884849
2024-25,2024-11-02,Southampton,Everton,5,2024-25,1,0,1.0205860202606978,1.4903954468287317
2024-25,2024-11-02,Wolves,Crystal Palace,5,2024-25,2,2,1.2678789242895947,1.4676411547803043
2024-25,2024-11-03,Man United,Chelsea,5,2024-25,1,1,1.478920682527483,1.4576592337087448
2024-25,2024-11-03,Tottenham,Aston Villa,5,2024-25,4,1,1.6223188053374007,1.2263835388152167
2024-25,2024-11-04,Fulham,Brentford,5,2024-25,2,1,1.6442252928557914,1.3771505156856947
2024-25,2024-11-09,Brentford,Bournemouth,5,2024-25,3,2,1.4059385935509392,1.4161751637379743
2024-25,2024-11-09,Brighton,Man City,5,2024-25,2,1,1.1210809308163525,2.1497596088158923
2024-25,2024-11-09,Crystal Palace,Fulham,5,2024-25,0,2,1.360921676877546,1.1635238246000328
2024-25,2024-11-09,Liverpool,Aston Villa,5,2024-25,2,0,2.3025602637868676,0.9652445406014584
2024-25,2024-11-09,West Ham,Everton,5,2024-25,0,0,1.533687799266113,1.092696069732156
2024-25,2024-11-09,Wolves,Southampton,5,2024-25,2,0,1.6699154091760116,0.8718765872138355
2024-25,2024-11-10,Chelsea,Arsenal,5,2024-25,1,1,1.5925501927798607,1.378299774594209
2024-25,2024-11-10,Man United,Leicester,5,2024-25,3,0,1.9300815327655745,1.0235215390061911
2024-25,2024-11-10,Nott'm Forest,Newcastle,5,2024-25,1,3,1.4341532540340232,1.2994689559648283
2024-25,2024-11-10,Tottenham,Ipswich,5,2024-25,1,2,1.9615533050343867,0.7928349216694012
2024-25,2024-11-23,Arsenal,Nott'm Forest,5,2024-25,3,0,2.742345652854549,0.8101959119798823
2024-25,2024-11-23,Aston Villa,Crystal Palace,5,2024-25,2,2,1.9075557996932446,0.876524289406011
2024-25,2024-11-23,Bournemouth,Brighton,5,2024-25,1,2,1.4668489603400698,1.343959321331164
2024-25,2024-11-23,Everton,Brentford,5,2024-25,0,0,1.4780634598287101,1.2508125001389687
2024-25,2024-11-23,Fulham,Wolves,5,2024-25,1,4,1.7261576987693132,1.0171621517010843
2024-25,2024-11-23,Leicester,Chelsea,5,2024-25,1,2,1.1169661005748193,1.8337387913976728
2024-25,2024-11-23,Man City,Tottenham,5,2024-25,0,4,2.5584716705575623,1.0348242741681115
2024-25,2024-11-24,Ipswich,Man United,5,2024-25,1,1,1.3111777211516058,1.5218724073266263
2024-25,2024-11-24,Southampton,Liverpool,5,2024-25,2,3,0.6675029863113955,2.6476357624682505
2024-25,2024-11-25,Newcastle,West Ham,5,2024-25,0,2,1.7143088295735927,1.0214373257364346
2024-25,2024-11-29,Brighton,Southampton,5,2024-25,1,1,2.1895339387437174,0.7021340866867981
2024-25,2024-11-30,Brentford,Leicester,5,2024-25,4,1,1.7637847481631606,1.3395209680114417
2024-25,2024-11-30,Crystal Palace,Newcastle,5,2024-25,1,1,1.1473904542081328,1.4459190964235131
2024-25,2024-11-30,Nott'm Forest,Ipswich,5,2024-25,1,0,1.424758562496914,1.0397663157200374
2024-25,2024-11-30,West Ham,Arsenal,5,2024-25,2,5,1.1638150024557152,2.071541926528579
2024-25,2024-11-30,Wolves,Bournemouth,5,2024-25,2,4,1.3536156735426785,1.2807009101067253
2024-25,2024-12-01,Chelsea,Aston Villa,5,2024-25,3,0,2.005398295926058,1.1011332305517654
2024-25,2024-12-01,Liverpool,Man City,5,2024-25,2,0,1.750820731000581,1.40396773599617
2024-25,2024-12-01,Man United,Everton,5,2024-25,4,0,1.7693209350053887,0.971826020201015
2024-25,2024-12-01,Tottenham,Fulham,5,2024-25,1,1,1.9822491585204676,0.9487311480501404
2024-25,2024-12-03,Ipswich,Crystal Palace,5,2024-25,0,1,1.4690102895015655,1.0806869478664667
2024-25,2024-12-03,Leicester,West Ham,5,2024-25,3,1,1.389777921634432,1.174461320731981
2024-25,2024-12-04,Arsenal,Man United,5,2024-25,2,0,2.124107411423367,1.1022101549792462
2024-25,2024-12-04,Aston Villa,Brentford,5,2024-25,3,1,2.0574837409048214,0.9845993044135556
2024-25,2024-12-04,Everton,Wolves,5,2024-25,4,0,1.5814701022272621,0.9101660373148649
2024-25,2024-12-04,Man City,Nott'm Forest,5,2024-25,3,0,3.1994848330680865,0.6919551679860783
2024-25,2024-12-04,Newcastle,Liverpool,5,2024-25,3,3,1.0447512797492413,2.0725006890172755
2024-25,2024-12-04,Southampton,Chelsea,5,2024-25,1,5,0.6835929013907611,2.291316027270362
2024-25,2024-12-05,Bournemouth,Tottenham,5,2024-25,1,0,1.1959986060136227,1.7386982085713787
2024-25,2024-12-05,Fulham,Brighton,5,2024-25,3,1,1.5267657595192987,1.4074338529777928
2024-25,2024-12-07,Aston Villa,Southampton,5,2024-25,1,0,2.278308575842746,0.5573280621435514
2024-25,2024-12-07,Brentford,Newcastle,5,2024-25,4,2,1.4507600957416056,1.4352432106545696
2024-25,2024-12-07,Crystal Palace,Man City,5,2024-25,2,2,0.8607650643845642,2.2926932009066454
2024-25,2024-12-07,Man United,Nott'm Forest,5,2024-25,2,3,1.6863014454263237,0.964160163048831
2024-25,2024-12-08,Fulham,Arsenal,5,2024-25,1,1,1.0212051184351967,1.8310548945521274
2024-25,2024-12-08,Ipswich,Bournemouth,5,2024-25,1,2,1.1588269949310468,1.4128422129625848
2024-25,2024-12-08,Leicester,Brighton,5,2024-25,2,2,1.1045106783179843,1.6347133184736524
2024-25,2024-12-08,Tottenham,Chelsea,5,2024-25,3,4,1.4239042749516473,1.3954972303326107
2024-25,2024-12-09,West Ham,Wolves,5,2024-25,2,1,1.7334913869270543,1.1133437422760755
2024-25,2024-12-14,Arsenal,Everton,5,2024-25,0,0,2.713034716659156,0.7301192985853293
2024-25,2024-12-14,Liverpool,Fulham,5,2024-25,2,2,2.430657727556537,0.7953331330138493
2024-25,2024-12-14,Newcastle,Leicester,5,2024-25,4,0,2.1113289511886677,1.0175318092771357
2024-25,2024-12-14,Nott'm Forest,Aston Villa,5,2024-25,2,1,1.4485165410602248,1.3814475088862044
2024-25,2024-12-14,Wolves,Ipswich,5,2024-25,1,2,1.3738207211469133,1.156647303269812
2024-25,2024-12-15,Brighton,Crystal Palace,5,2024-25,1,3,1.7837874488317045,1.0281621953613609
2024-25,2024-12-15,Chelsea,Brentford,5,2024-25,2,1,2.211922085097115,0.8674960516596261
2024-25,2024-12-15,Man City,Man United,5,2024-25,1,2,2.5843232400063862,1.005624884246291
2024-25,2024-12-15,Southampton,Tottenham,5,2024-25,0,5,1.0032627748984673,2.251563188760061
2024-25,2024-12-16,Bournemouth,West Ham,5,2024-25,1,1,1.6199009929702686,1.2173357835298475
2024-25,2024-12-21,Aston Villa,Man City,5,2024-25,2,1,1.5279926662232057,1.7955916829497514
2024-25,2024-12-21,Brentford,Nott'm Forest,5,2024-25,0,2,1.4979222051593253,1.4732927315781688
2024-25,2024-12-21,Crystal Palace,Arsenal,5,2024-25,1,5,0.9991808221900579,2.0402889026957722
2024-25,2024-12-21,Ipswich,Newcastle,5,2024-25,0,4,1.1961564597230052,1.6919003845168956
2024-25,2024-12-21,West Ham,Brighton,5,2024-25,1,1,1.4360630274677648,1.4460352509950072
2024-25,2024-12-22,Everton,Chelsea,5,2024-25,0,0,1.0098837023546912,1.9240231376754862
2024-25,2024-12-22,Fulham,Southampton,5,2024-25,0,0,2.303083222572734,0.6909873649918279
2024-25,2024-12-22,Leicester,Wolves,5,2024-25,0,3,1.5870440888929995,1.2153215540732354
2024-25,2024-12-22,Man United,Bournemouth,5,2024-25,0,3,1.6755259245496148,1.1653251472759498
2024-25,2024-12-22,Tottenham,Liverpool,5,2024-25,3,6,1.36304065831848,1.9208471490448258
2024-25,2024-12-26,Bournemouth,Crystal Palace,5,2024-25,0,0,1.59273517698537,1.0546645452880306
2024-25,2024-12-26,Chelsea,Fulham,5,2024-25,1,2,2.142534550790491,0.9940626444153906
2024-25,2024-12-26,Liverpool,Leicester,5,2024-25,3,1,3.252201423779808,0.6867932599574164
2024-25,2024-12-26,Man City,Everton,5,2024-25,1,1,2.4344073164607996,0.848315165671376
2024-25,2024-12-26,Newcastle,Aston Villa,5,2024-25,3,0,1.8199965041307382,1.1451942880591526
2024-25,2024-12-26,Nott'm Forest,Tottenham,5,2024-25,1,0,1.410844011454672,1.6839935504861996
2024-25,2024-12-26,Southampton,West Ham,5,2024-25,0,1,1.1022449860212196,1.728622378717107
2024-25,2024-12-26,Wolves,Man United,5,2024-25,2,0,1.2189233311381935,1.7419389640731902
2024-25,2024-12-27,Arsenal,Ipswich,5,2024-25,1,0,2.905199935698381,0.6144578166345487
2024-25,2024-12-27,Brighton,Brentford,5,2024-25,0,0,1.7613716785849947,1.2599013994419377
2024-25,2024-12-29,Crystal Palace,Southampton,5,2024-25,2,1,2.0769831842354978,0.6283204992208041
2024-25,2024-12-29,Everton,Nott'm Forest,5,2024-25,0,2,1.1808649945054437,1.0097298020822958
2024-25,2024-12-29,Fulham,Bournemouth,5,2024-25,2,2,1.5293313732625184,1.017511709035638
2024-25,2024-12-29,Leicester,Man City,5,2024-25,0,2,0.9295172751397197,2.1574673730846894
2024-25,2024-12-29,Tottenham,Wolves,5,2024-25,2,2,2.2535987431779914,0.9520436381420877
2024-25,2024-12-29,West Ham,Liverpool,5,2024-25,0,5,1.1099519832605014,2.414956154347436
2024-25,2024-12-30,Aston Villa,Brighton,5,2024-25,2,2,1.564930364480676,1.3054155058670545
2024-25,2024-12-30,Ipswich,Chelsea,5,2024-25,2,0,1.0471625919581722,1.7242405618590761
2024-25,2024-12-30,Man United,Newcastle,5,2024-25,0,2,1.4592511889993829,1.7349363519115784
2024-25,2025-01-01,Brentford,Arsenal,5,2024-25,1,3,1.061841565633628,2.5631526023660625
2024-25,2025-01-04,Aston Villa,Leicester,5,2024-25,2,1,2.0742736521062928,0.770056111544778
2024-25,2025-01-04,Bournemouth,Everton,5,2024-25,1,0,1.496761849947323,0.9777447853198389
2024-25,2025-01-04,Brighton,Arsenal,5,2024-25,1,1,1.0714086757862806,2.0032217901889373
2024-25,2025-01-04,Crystal Palace,Chelsea,5,2024-25,1,1,1.300001522347779,1.5363992583797421
2024-25,2025-01-04,Man City,West Ham,5,2024-25,4,1,2.7577708072389693,0.656574633435013
2024-25,2025-01-04,Southampton,Brentford,5,2024-25,0,5,0.9502029667391437,1.8112364578856246
2024-25,2025-01-04,Tottenham,Newcastle,5,2024-25,1,2,1.887406582844099,1.4697790460278224
2024-25,2025-01-05,Fulham,Ipswich,5,2024-25,2,2,1.8171688925743081,0.7734470129431507
2024-25,2025-01-05,Liverpool,Man United,5,2024-25,2,2,2.89559570756939,0.7966130507181741
2024-25,2025-01-06,Wolves,Nott'm Forest,5,2024-25,0,3,1.1593471604490653,1.265387148967694
2024-25,2025-01-14,Brentford,Man City,5,2024-25,2,2,1.349580980818305,2.007133431893705
2024-25,2025-01-14,Chelsea,Bournemouth,5,2024-25,2,2,1.9856183569972943,1.009489092694291
2024-25,2025-01-14,Nott'm Forest,Liverpool,5,2024-25,1,1,1.1635935954616872,2.370969362294511
2024-25,2025-01-14,West Ham,Fulham,5,2024-25,3,2,1.521531260416379,1.337431220462025
2024-25,2025-01-15,Arsenal,Tottenham,5,2024-25,2,1,2.586196209727019,0.8910394328734047
2024-25,2025-01-15,Everton,Aston Villa,5,2024-25,0,1,1.2968561188285572,1.21901171071591
2024-25,2025-01-15,Leicester,Crystal Palace,5,2024-25,0,2,1.2827462291087093,1.4579991853075724
2024-25,2025-01-15,Newcastle,Wolves,5,2024-25,3,0,2.2275929062040056,0.7932400399807432
2024-25,2025-01-16,Ipswich,Brighton,5,2024-25,0,2,1.3478059736135048,1.4509931003521952
2024-25,2025-01-16,Man United,Southampton,5,2024-25,3,1,2.340229657786988,0.6119998501151187
2024-25,2025-01-18,Arsenal,Aston Villa,5,2024-25,2,2,2.3202505344350888,0.6984554212392622
2024-25,2025-01-18,Brentford,Liverpool,5,2024-25,0,2,1.1579992055441886,2.6355850368221123
2024-25,2025-01-18,Leicester,Fulham,5,2024-25,0,2,1.263850989561686,1.2815157635092689
2024-25,2025-01-18,Newcastle,Bournemouth,5,2024-25,1,4,2.0937658081104003,0.7731150082409396
2024-25,2025-01-18,West Ham,Crystal Palace,5,2024-25,0,2,1.4521106918328817,1.405906746740418
2024-25,2025-01-19,Everton,Tottenham,5,2024-25,3,2,1.2974055453871143,1.356727580845309
2024-25,2025-01-19,Ipswich,Man City,5,2024-25,0,6,1.0087871795650956,1.7779048748278228
2024-25,2025-01-19,Man United,Brighton,5,2024-25,1,3,1.646812889356041,1.0604676584770565
2024-25,2025-01-19,Nott'm Forest,Southampton,5,2024-25,3,2,2.025566171994755,0.7067609738627194
2024-25,2025-01-20,Chelsea,Wolves,5,2024-25,3,1,2.2223435650782655,0.7886359053664742
2024-25,2025-01-25,Bournemouth,Nott'm Forest,5,2024-25,5,0,1.3223357700768579,1.0964695659667485
2024-25,2025-01-25,Brighton,Everton,5,2024-25,0,1,1.7244970870061387,0.9568928674006689
2024-25,2025-01-25,Liverpool,Ipswich,5,2024-25,4,1,3.2474884086116242,0.5346068069174075
2024-25,2025-01-25,Man City,Chelsea,5,2024-25,3,1,2.1428059115260147,1.0365597183928494
2024-25,2025-01-25,Southampton,Newcastle,5,2024-25,1,3,0.9445276955696872,2.238005319144052
2024-25,2025-01-25,Wolves,Arsenal,5,2024-25,0,1,0.9035329899604247,2.388134319541124
2024-25,2025-01-26,Aston Villa,West Ham,5,2024-25,1,1,2.0969570071597046,0.9191729450849617
2024-25,2025-01-26,Crystal Palace,Brentford,5,2024-25,1,2,1.8342715483766847,1.2204363441421997
2024-25,2025-01-26,Fulham,Man United,5,2024-25,0,1,1.7814659997102378,1.2208088570087796
2024-25,2025-01-26,Tottenham,Leicester,5,2024-25,1,2,2.2666618247875276,0.7997463831181788
2024-25,2025-02-01,Bournemouth,Liverpool,5,2024-25,0,2,1.1431694284923675,2.0835726250847997
2024-25,2025-02-01,Everton,Leicester,5,2024-25,4,0,1.5838561958148782,0.9963061721104144
2024-25,2025-02-01,Ipswich,Southampton,5,2024-25,1,2,1.722052654725076,0.9623579225382609
2024-25,2025-02-01,Newcastle,Fulham,5,2024-25,1,2,1.9022503481967508,0.9971988919582628
2024-25,2025-02-01,Nott'm Forest,Brighton,5,2024-25,7,0,1.4747928063740858,1.3728711740784347
2024-25,2025-02-01,Wolves,Aston Villa,5,2024-25,2,0,1.1097531386150867,1.5219586083491201
2024-25,2025-02-02,Arsenal,Man City,5,2024-25,5,1,1.803282570154151,1.489874586495593
2024-25,2025-02-02,Brentford,Tottenham,5,2024-25,0,2,1.6310076019429385,1.3899843247512804
2024-25,2025-02-02,Man United,Crystal Palace,5,2024-25,0,2,1.5949612092210652,1.1618695703567745
2024-25,2025-02-03,Chelsea,West Ham,5,2024-25,2,1,2.502368986293316,0.823008791293084
2024-25,2025-02-12,Everton,Liverpool,5,2024-25,2,2,1.0055356996677018,2.0362837325373393
2024-25,2025-02-14,Brighton,Chelsea,5,2024-25,3,0,1.3526473231694383,1.3650733499623766
2024-25,2025-02-15,Aston Villa,Ipswich,5,2024-25,1,1,2.137623078243659,0.7675273268038265
2024-25,2025-02-15,Crystal Palace,Everton,5,2024-25,1,2,1.4814067641770075,1.2185300918063904
2024-25,2025-02-15,Fulham,Nott'm Forest,5,2024-25,2,1,1.4401384675933704,1.2340786261184307
2024-25,2025-02-15,Leicester,Arsenal,5,2024-25,0,2,0.8053488201967107,2.5805310857124106
2024-25,2025-02-15,Man City,Newcastle,5,2024-25,4,0,2.5994656093937336,0.9229801578209798
2024-25,2025-02-15,Southampton,Bournemouth,5,2024-25,1,3,0.9359322985992691,2.3064221068781796
2024-25,2025-02-15,West Ham,Brentford,5,2024-25,0,1,1.5846470633022192,1.5270296743489842
2024-25,2025-02-16,Liverpool,Wolves,5,2024-25,2,1,3.466079912707295,0.6768442806167493
2024-25,2025-02-16,Tottenham,Man United,5,2024-25,1,0,1.8962066126574162,1.1010698962771055
2024-25,2025-02-19,Aston Villa,Liverpool,5,2024-25,2,2,1.0663994463071396,2.0639719617676002
2024-25,2025-02-21,Leicester,Brentford,5,2024-25,0,4,1.1446348626996565,1.5360640108739891
2024-25,2025-02-22,Arsenal,West Ham,5,2024-25,0,1,2.998315936589544,0.7310951504294834
2024-25,2025-02-22,Aston Villa,Chelsea,5,2024-25,2,1,1.8752194984168884,0.9619600289797725
2024-25,2025-02-22,Bournemouth,Wolves,5,2024-25,0,1,2.037579447123652,0.9398526465429441
2024-25,2025-02-22,Everton,Man United,5,2024-25,2,2,1.4556672606148948,1.182150663233478
2024-25,2025-02-22,Fulham,Crystal Palace,5,2024-25,0,2,1.5094811473542455,1.1987521371476453
2024-25,2025-02-22,Ipswich,Tottenham,5,2024-25,1,4,1.1650021252235927,1.994509309255857
2024-25,2025-02-22,Southampton,Brighton,5,2024-25,0,4,0.9720042449986023,2.0467575388656307
2024-25,2025-02-23,Man City,Liverpool,5,2024-25,0,2,1.8823309372669539,1.3628901440502834
2024-25,2025-02-23,Newcastle,Nott'm Forest,5,2024-25,4,3,1.6359104847869503,1.223300816462238
2024-25,2025-02-25,Brighton,Bournemouth,5,2024-25,2,1,1.6406230473634127,1.1492653524397718
2024-25,2025-02-25,Chelsea,Southampton,5,2024-25,4,0,2.640453305733796,0.5919600675256073
2024-25,2025-02-25,Crystal Palace,Aston Villa,5,2024-25,4,1,1.5817866592491454,1.0784436582292332
2024-25,2025-02-25,Wolves,Fulham,5,2024-25,1,2,1.1693789136765054,1.1441904721371101
2024-25,2025-02-26,Brentford,Everton,5,2024-25,1,1,1.5024669717606138,1.1067834928197835
2024-25,2025-02-26,Liverpool,Newcastle,5,2024-25,2,0,3.0686548108982987,0.7327353475687557
2024-25,2025-02-26,Man United,Ipswich,5,2024-25,3,2,2.0460527330168903,0.8740915044485612
2024-25,2025-02-26,Nott'm Forest,Arsenal,5,2024-25,0,0,1.3231898146926542,1.7093309887676864
2024-25,2025-02-26,Tottenham,Man City,5,2024-25,0,1,1.3916064199301499,2.0311728208744873
2024-25,2025-02-27,West Ham,Leicester,5,2024-25,2,0,1.860228995923608,0.8687077373424685
2024-25,2025-03-08,Brentford,Aston Villa,5,2024-25,0,1,1.6369714665919404,1.1112996969706288
2024-25,2025-03-08,Brighton,Fulham,5,2024-25,2,1,1.627990797393421,1.017507326771935
2024-25,2025-03-08,Crystal Palace,Ipswich,5,2024-25,1,0,2.201135329077012,0.9096125431228453
2024-25,2025-03-08,Liverpool,Southampton,5,2024-25,3,1,4.451930714184904,0.45615433729627486
2024-25,2025-03-08,Nott'm Forest,Man City,5,2024-25,1,0,1.416533829474513,1.8641822043012723
2024-25,2025-03-08,Wolves,Everton,5,2024-25,1,1,1.174952892895063,1.2485459726298505
2024-25,2025-03-09,Chelsea,Leicester,5,2024-25,1,0,2.6980289086099596,0.6401031419768629
2024-25,2025-03-09,Man United,Arsenal,5,2024-25,1,1,1.0192525671556458,1.9738983604801097
2024-25,2025-03-09,Tottenham,Bournemouth,5,2024-25,2,2,1.5644293605728017,1.2881629326923338
2024-25,2025-03-10,West Ham,Newcastle,5,2024-25,0,1,1.2979520913095988,1.4204745179207376
2024-25,2025-03-15,Bournemouth,Brentford,5,2024-25,1,2,1.547578905871658,1.1536962504938573
2024-25,2025-03-15,Everton,West Ham,5,2024-25,1,1,1.5563256347548247,1.1137157126646902
2024-25,2025-03-15,Ipswich,Nott'm Forest,5,2024-25,2,4,0.9909477919308868,2.273426858166998
2024-25,2025-03-15,Man City,Brighton,5,2024-25,2,2,2.309395447979498,0.944571840693233
2024-25,2025-03-15,Southampton,Wolves,5,2024-25,1,2,0.9977340253548934,1.7819504918072464
2024-25,2025-03-16,Arsenal,Chelsea,5,2024-25,1,0,2.045701219585261,1.0472498600379125
2024-25,2025-03-16,Fulham,Tottenham,5,2024-25,2,0,1.5242724088412387,1.3172011530801944
2024-25,2025-03-16,Leicester,Man United,5,2024-25,0,3,1.07067399714748,1.7710064313593774
2024-25,2025-04-01,Arsenal,Fulham,5,2024-25,2,1,2.4727879987904133,0.8077645651831447
2024-25,2025-04-01,Nott'm Forest,Man United,5,2024-25,1,0,1.8194665130925376,1.2403797803472218
2024-25,2025-04-01,Wolves,West Ham,5,2024-25,1,0,1.3425868923733677,1.211048664022341
2024-25,2025-04-02,Bournemouth,Ipswich,5,2024-25,1,2,1.9258544273973675,0.9013895740873809
2024-25,2025-04-02,Brighton,Aston Villa,5,2024-25,0,3,1.5656958541533943,1.0936465240496416
2024-25,2025-04-02,Liverpool,Everton,5,2024-25,1,0,2.778729723596205,0.7190217696715935
2024-25,2025-04-02,Man City,Leicester,5,2024-25,2,0,3.235767085361388,0.5488724413131766
2024-25,2025-04-02,Newcastle,Brentford,5,2024-25,2,1,1.8734044181705147,1.0621596255780696
2024-25,2025-04-02,Southampton,Crystal Palace,5,2024-25,1,1,0.8676114080930033,2.230229802232823
2024-25,2025-04-03,Chelsea,Tottenham,5,2024-25,1,0,1.748873376421988,1.1946583657258503
2024-25,2025-04-05,Aston Villa,Nott'm Forest,5,2024-25,2,1,1.8611683636386258,1.0826272609407903
2024-25,2025-04-05,Crystal Palace,Brighton,5,2024-25,2,1,1.4943060984080292,1.1098739476891075
2024-25,2025-04-05,Everton,Arsenal,5,2024-25,1,1,1.1481121164598904,1.5579526318604564
2024-25,2025-04-05,Ipswich,Wolves,5,2024-25,1,2,1.4822467539406923,1.120489169632776
2024-25,2025-04-05,West Ham,Bournemouth,5,2024-25,2,2,1.1623740852163116,1.6501487973851783
2024-25,2025-04-06,Brentford,Chelsea,5,2024-25,0,0,1.163595640600073,1.6813918679841335
2024-25,2025-04-06,Fulham,Liverpool,5,2024-25,3,2,1.0070218213498796,1.8928414173169854
2024-25,2025-04-06,Man United,Man City,5,2024-25,0,0,1.4211311963402313,1.8230559807472613
2024-25,2025-04-06,Tottenham,Southampton,5,2024-25,3,1,2.494872867665656,0.5729995493826664
2024-25,2025-04-07,Leicester,Newcastle,5,2024-25,0,3,0.9485704672686229,1.948585873241927
2024-25,2025-04-12,Arsenal,Brentford,5,2024-25,1,1,2.493961188601193,0.8065611328201673
2024-25,2025-04-12,Brighton,Leicester,5,2024-25,2,2,1.977729724821425,0.7849082712554022
2024-25,2025-04-12,Man City,Crystal Palace,5,2024-25,5,2,2.1147520846756205,0.8770936201386992
2024-25,2025-04-12,Nott'm Forest,Everton,5,2024-25,0,1,1.621974066267427,1.096324631664112
2024-25,2025-04-12,Southampton,Aston Villa,5,2024-25,0,3,0.8772163957921388,2.076758067044493
2024-25,2025-04-13,Chelsea,Ipswich,5,2024-25,2,2,1.928234309231577,0.8237772555653504
2024-25,2025-04-13,Liverpool,West Ham,5,2024-25,2,1,2.793624748972511,0.7355760150596059
2024-25,2025-04-13,Newcastle,Man United,5,2024-25,4,1,1.773606097297356,1.0909528393211707
2024-25,2025-04-13,Wolves,Tottenham,5,2024-25,4,2,1.2299024046441547,1.4376568579290776
2024-25,2025-04-14,Bournemouth,Fulham,5,2024-25,1,0,1.5361350591908363,1.076850102490676
2024-25,2025-04-16,Newcastle,Crystal Palace,5,2024-25,5,0,2.2577195622406956,0.8515965366855691
2024-25,2025-04-19,Aston Villa,Newcastle,5,2024-25,4,1,1.1981148103118298,1.6377575636542283
2024-25,2025-04-19,Brentford,Brighton,5,2024-25,4,2,1.59888675160295,1.2246203566402274
2024-25,2025-04-19,Crystal Palace,Bournemouth,5,2024-25,0,0,1.6292658361431207,1.152882431847635
2024-25,2025-04-19,Everton,Man City,5,2024-25,0,2,1.3703070300925893,1.7195213062337094
2024-25,2025-04-19,West Ham,Southampton,5,2024-25,1,1,1.90986965732643,0.8563572047472601
2024-25,2025-04-20,Fulham,Chelsea,5,2024-25,1,2,1.3428732970611008,1.313141728205603
2024-25,2025-04-20,Ipswich,Arsenal,5,2024-25,0,4,0.8400913095872315,2.3147251949741
2024-25,2025-04-20,Leicester,Liverpool,5,2024-25,0,1,0.7877996782198599,2.8482895096561465
2024-25,2025-04-20,Man United,Wolves,5,2024-25,0,1,1.6930661167185033,0.9944500771493335
2024-25,2025-04-21,Tottenham,Nott'm Forest,5,2024-25,1,2,1.7769646884173298,1.2202177375146206
2024-25,2025-04-22,Man City,Aston Villa,5,2024-25,2,1,2.1348757717574354,0.7897353486473823
2024-25,2025-04-23,Arsenal,Crystal Palace,5,2024-25,2,2,3.00358232125238,0.6758614231381561
2024-25,2025-04-26,Brighton,West Ham,5,2024-25,3,2,1.8118995504797826,1.110717445156792
2024-25,2025-04-26,Chelsea,Everton,5,2024-25,1,0,1.7236056415280514,1.0678617784420317
2024-25,2025-04-26,Newcastle,Ipswich,5,2024-25,3,0,2.5779306195351253,0.7735817439339174
2024-25,2025-04-26,Southampton,Fulham,5,2024-25,1,2,0.8682289262291846,1.9680885515183564
2024-25,2025-04-26,Wolves,Leicester,5,2024-25,3,0,1.692012295045135,0.9188544729468501
2024-25,2025-04-27,Bournemouth,Man United,5,2024-25,1,1,1.6499733429808243,1.129997431801817
2024-25,2025-04-27,Liverpool,Tottenham,5,2024-25,5,1,2.4910040881358757,0.9533355764603458
2024-25,2025-05-01,Nott'm Forest,Brentford,5,2024-25,0,2,1.6668877079863234,1.1393361689842658
2024-25,2025-05-02,Man City,Wolves,5,2024-25,1,0,2.5581224295371725,0.7559440632528197
2024-25,2025-05-03,Arsenal,Bournemouth,5,2024-25,1,2,2.6903580639464924,0.8323336827037884
2024-25,2025-05-03,Aston Villa,Fulham,5,2024-25,1,0,1.9310357642260094,1.1598912778743646
2024-25,2025-05-03,Everton,Ipswich,5,2024-25,2,2,2.094122771751432,0.9040638686318063
2024-25,2025-05-03,Leicester,Southampton,5,2024-25,2,0,1.3723731432971786,1.1774528235362558
2024-25,2025-05-04,Brentford,Man United,5,2024-25,4,3,1.9165657451617981,1.016977973148241
2024-25,2025-05-04,Brighton,Newcastle,5,2024-25,1,1,1.2280604926313448,1.8379665162253565
2024-25,2025-05-04,Chelsea,Liverpool,5,2024-25,3,1,1.2538634497873138,1.6463826615366508
2024-25,2025-05-04,West Ham,Tottenham,5,2024-25,1,1,1.4527455612425961,1.5169428222799455
2024-25,2025-05-05,Crystal Palace,Nott'm Forest,5,2024-25,1,1,1.8736474529479605,1.3174840350752028
2024-25,2025-05-10,Bournemouth,Aston Villa,5,2024-25,0,1,1.3757891553780264,1.1963286410807197
2024-25,2025-05-10,Fulham,Everton,5,2024-25,1,3,1.5533951131083008,1.3492937109558683
2024-25,2025-05-10,Ipswich,Brentford,5,2024-25,0,1,1.1248081364181102,1.660019203264836
2024-25,2025-05-10,Southampton,Man City,5,2024-25,0,0,0.5871254862025209,2.850181427747391
2024-25,2025-05-10,Wolves,Brighton,5,2024-25,0,2,1.5128790656697881,1.4905638790967883
2024-25,2025-05-11,Liverpool,Arsenal,5,2024-25,2,2,1.8996857673257104,1.4313887018940263
2024-25,2025-05-11,Man United,West Ham,5,2024-25,0,2,1.8113307685883684,1.1525357385872452
2024-25,2025-05-11,Newcastle,Chelsea,5,2024-25,2,0,1.8535139710358628,1.1445469985584613
2024-25,2025-05-11,Nott'm Forest,Leicester,5,2024-25,2,2,1.9884192396120632,0.7956004407886992
2024-25,2025-05-11,Tottenham,Crystal Palace,5,2024-25,0,2,1.689490745005987,1.385486359433137
2024-25,2025-05-16,Aston Villa,Tottenham,5,2024-25,2,0,1.9420944552739792,1.1220869797658615
2024-25,2025-05-16,Chelsea,Man United,5,2024-25,1,0,2.0685205233784196,1.1307955632719033
2024-25,2025-05-18,Arsenal,Newcastle,5,2024-25,1,0,1.9464456884638708,1.1975424002364365
2024-25,2025-05-18,Brentford,Fulham,5,2024-25,2,3,1.9419667922930803,1.1333910200471708
2024-25,2025-05-18,Everton,Southampton,5,2024-25,2,0,2.438852516043389,0.7958470306254911
2024-25,2025-05-18,Leicester,Ipswich,5,2024-25,2,0,1.2392917475115708,1.3292288981293263
2024-25,2025-05-18,West Ham,Nott'm Forest,5,2024-25,1,2,1.514351482899245,1.4042076111292652
2024-25,2025-05-19,Brighton,Liverpool,5,2024-25,3,2,1.2649320378710303,1.862788935787955
2024-25,2025-05-20,Crystal Palace,Wolves,5,2024-25,4,2,1.6023972263474484,1.1910984456630354
2024-25,2025-05-20,Man City,Bournemouth,5,2024-25,3,1,2.396413966351255,0.9151184071595417
2024-25,2025-05-25,Bournemouth,Leicester,5,2024-25,2,0,1.9120071362733544,0.9021242002121066
2024-25,2025-05-25,Fulham,Man City,5,2024-25,0,2,1.0168827284880484,1.7352656091000125
2024-25,2025-05-25,Ipswich,West Ham,5,2024-25,1,3,1.2635444442321089,1.6266875271842784
2024-25,2025-05-25,Liverpool,Crystal Palace,5,2024-25,1,1,2.7185278052612447,1.059054156068134
2024-25,2025-05-25,Man United,Aston Villa,5,2024-25,2,0,1.5205038884355695,1.3582506490832251
2024-25,2025-05-25,Newcastle,Everton,5,2024-25,0,1,1.88503314443889,1.1147785664801357
2024-25,2025-05-25,Nott'm Forest,Chelsea,5,2024-25,0,1,1.4648341651916514,1.1547097994894115
2024-25,2025-05-25,Southampton,Arsenal,5,2024-25,1,2,0.5933567048552703,3.2073235480946116
2024-25,2025-05-25,Tottenham,Brighton,5,2024-25,1,4,1.6579291446841518,1.3554420030951717
2024-25,2025-05-25,Wolves,Brentford,5,2024-25,1,1,1.1762790856729812,1.5583120686052259
