Season,Date,HomeTeam,AwayTeam,EvaluationSeason,ActualOutcome,Fold,Model,CalibrationMethod,CalibrationTrainingStart,CalibrationTrainingEnd,PredictedOutcome,Probability_H,Probability_D,Probability_A
2021-22,2021-08-13,Brentford,Arsenal,2021-22,H,1,Tuned Random Forest,Isotonic,2020-21,2020-21,A,0.14241698048613488,0.2122560766860664,0.6453269428277987
2021-22,2021-08-14,Burnley,Brighton,2021-22,A,1,Tuned Random Forest,Isotonic,2020-21,2020-21,A,0.24233429788502375,0.24135318736727063,0.5163125147477056
2021-22,2021-08-14,Chelsea,Crystal Palace,2021-22,H,1,Tuned Random Forest,Isotonic,2020-21,2020-21,H,0.549648762109149,0.1672508953613376,0.28310034252951344
2021-22,2021-08-14,Everton,Southampton,2021-22,H,1,Tuned Random Forest,Isotonic,2020-21,2020-21,H,0.43042038727801746,0.2317648239189325,0.3378147888030501
2021-22,2021-08-14,Leicester,Wolves,2021-22,H,1,Tuned Random Forest,Isotonic,2020-21,2020-21,H,0.43042038727801746,0.2317648239189325,0.3378147888030501
2021-22,2021-08-14,Man United,Leeds,2021-22,H,1,Tuned Random Forest,Isotonic,2020-21,2020-21,H,0.43042038727801746,0.2317648239189325,0.3378147888030501
2021-22,2021-08-14,Norwich,Liverpool,2021-22,A,1,Tuned Random Forest,Isotonic,2020-21,2020-21,A,0.11662928548542133,0.2085869913489266,0.674783723165652
2021-22,2021-08-14,Watford,Aston Villa,2021-22,H,1,Tuned Random Forest,Isotonic,2020-21,2020-21,A,0.24233429788502375,0.24135318736727063,0.5163125147477056
2021-22,2021-08-15,Newcastle,West Ham,2021-22,A,1,Tuned Random Forest,Isotonic,2020-21,2020-21,A,0.18703332726279362,0.25896922236386816,0.5539974503733383
2021-22,2021-08-15,Tottenham,Man City,2021-22,H,1,Tuned Random Forest,Isotonic,2020-21,2020-21,A,0.13676498215292127,0.20383242532406534,0.6594025925230134
2021-22,2021-08-21,Aston Villa,Newcastle,2021-22,H,1,Tuned Random Forest,Isotonic,2020-21,2020-21,A,0.24233429788502375,0.24135318736727063,0.5163125147477056
2021-22,2021-08-21,Brighton,Watford,2021-22,H,1,Tuned Random Forest,Isotonic,2020-21,2020-21,H,0.4135936370209689,0.2386117136659436,0.34779464931308746
2021-22,2021-08-21,Crystal Palace,Brentford,2021-22,D,1,Tuned Random Forest,Isotonic,2020-21,2020-21,A,0.24233429788502375,0.24135318736727063,0.5163125147477056
2021-22,2021-08-21,Leeds,Everton,2021-22,D,1,Tuned Random Forest,Isotonic,2020-21,2020-21,A,0.24233429788502375,0.24135318736727063,0.5163125147477056
2021-22,2021-08-21,Liverpool,Burnley,2021-22,H,1,Tuned Random Forest,Isotonic,2020-21,2020-21,H,0.6452688620258441,0.157565652355148,0.19716548561900793
2021-22,2021-08-21,Man City,Norwich,2021-22,H,1,Tuned Random Forest,Isotonic,2020-21,2020-21,H,0.549648762109149,0.1672508953613376,0.28310034252951344
2021-22,2021-08-22,Arsenal,Chelsea,2021-22,A,1,Tuned Random Forest,Isotonic,2020-21,2020-21,A,0.24233429788502375,0.24135318736727063,0.5163125147477056
2021-22,2021-08-22,Southampton,Man United,2021-22,D,1,Tuned Random Forest,Isotonic,2020-21,2020-21,A,0.044566074801987314,0.22113730404017856,0.7342966211578342
2021-22,2021-08-22,Wolves,Tottenham,2021-22,A,1,Tuned Random Forest,Isotonic,2020-21,2020-21,A,0.14241698048613488,0.2122560766860664,0.6453269428277987
2021-22,2021-08-23,West Ham,Leicester,2021-22,H,1,Tuned Random Forest,Isotonic,2020-21,2020-21,A,0.24233429788502375,0.24135318736727063,0.5163125147477056
2021-22,2021-08-28,Aston Villa,Brentford,2021-22,D,1,Tuned Random Forest,Isotonic,2020-21,2020-21,A,0.24233429788502375,0.24135318736727063,0.5163125147477056
2021-22,2021-08-28,Brighton,Everton,2021-22,A,1,Tuned Random Forest,Isotonic,2020-21,2020-21,A,0.24233429788502375,0.24135318736727063,0.5163125147477056
2021-22,2021-08-28,Liverpool,Chelsea,2021-22,D,1,Tuned Random Forest,Isotonic,2020-21,2020-21,H,0.43042038727801746,0.2317648239189325,0.3378147888030501
2021-22,2021-08-28,Man City,Arsenal,2021-22,H,1,Tuned Random Forest,Isotonic,2020-21,2020-21,H,0.549648762109149,0.1672508953613376,0.28310034252951344
2021-22,2021-08-28,Newcastle,Southampton,2021-22,D,1,Tuned Random Forest,Isotonic,2020-21,2020-21,A,0.24233429788502375,0.24135318736727063,0.5163125147477056
2021-22,2021-08-28,Norwich,Leicester,2021-22,A,1,Tuned Random Forest,Isotonic,2020-21,2020-21,A,0.14241698048613488,0.2122560766860664,0.6453269428277987
2021-22,2021-08-28,West Ham,Crystal Palace,2021-22,D,1,Tuned Random Forest,Isotonic,2020-21,2020-21,H,0.549648762109149,0.1672508953613376,0.28310034252951344
2021-22,2021-08-29,Burnley,Leeds,2021-22,D,1,Tuned Random Forest,Isotonic,2020-21,2020-21,A,0.1857142857142857,0.2571428571428572,0.5571428571428572
2021-22,2021-08-29,Tottenham,Watford,2021-22,H,1,Tuned Random Forest,Isotonic,2020-21,2020-21,H,0.549648762109149,0.1672508953613376,0.28310034252951344
2021-22,2021-08-29,Wolves,Man United,2021-22,A,1,Tuned Random Forest,Isotonic,2020-21,2020-21,A,0.09025948189926956,0.21481359350147822,0.6949269245992522
2021-22,2021-09-11,Arsenal,Norwich,2021-22,H,1,Tuned Random Forest,Isotonic,2020-21,2020-21,H,0.4447362510150837,0.20621317621853238,0.34905057276638385
2021-22,2021-09-11,Brentford,Brighton,2021-22,A,1,Tuned Random Forest,Isotonic,2020-21,2020-21,A,0.32353188124158805,0.22398361009033022,0.4524845086680819
2021-22,2021-09-11,Chelsea,Aston Villa,2021-22,H,1,Tuned Random Forest,Isotonic,2020-21,2020-21,H,0.549648762109149,0.1672508953613376,0.28310034252951344
2021-22,2021-09-11,Crystal Palace,Tottenham,2021-22,H,1,Tuned Random Forest,Isotonic,2020-21,2020-21,A,0.14241698048613488,0.2122560766860664,0.6453269428277987
2021-22,2021-09-11,Leicester,Man City,2021-22,A,1,Tuned Random Forest,Isotonic,2020-21,2020-21,A,0.13676498215292127,0.20383242532406534,0.6594025925230134
2021-22,2021-09-11,Man United,Newcastle,2021-22,H,1,Tuned Random Forest,Isotonic,2020-21,2020-21,H,0.6452688620258441,0.157565652355148,0.19716548561900793
2021-22,2021-09-11,Southampton,West Ham,2021-22,D,1,Tuned Random Forest,Isotonic,2020-21,2020-21,A,0.14241698048613488,0.2122560766860664,0.6453269428277987
2021-22,2021-09-11,Watford,Wolves,2021-22,A,1,Tuned Random Forest,Isotonic,2020-21,2020-21,A,0.24233429788502375,0.24135318736727063,0.5163125147477056
2021-22,2021-09-12,Leeds,Liverpool,2021-22,A,1,Tuned Random Forest,Isotonic,2020-21,2020-21,A,0.11662928548542133,0.2085869913489266,0.674783723165652
2021-22,2021-09-13,Everton,Burnley,2021-22,H,1,Tuned Random Forest,Isotonic,2020-21,2020-21,H,0.4447362510150837,0.20621317621853238,0.34905057276638385
2021-22,2021-09-17,Newcastle,Leeds,2021-22,D,1,Tuned Random Forest,Isotonic,2020-21,2020-21,A,0.24233429788502375,0.24135318736727063,0.5163125147477056
2021-22,2021-09-18,Aston Villa,Everton,2021-22,H,1,Tuned Random Forest,Isotonic,2020-21,2020-21,A,0.1377027474346243,0.23833167825223436,0.6239655743131413
2021-22,2021-09-18,Burnley,Arsenal,2021-22,A,1,Tuned Random Forest,Isotonic,2020-21,2020-21,A,0.16080402010050254,0.20770519262981574,0.6314907872696818
2021-22,2021-09-18,Liverpool,Crystal Palace,2021-22,H,1,Tuned Random Forest,Isotonic,2020-21,2020-21,H,0.6452688620258441,0.157565652355148,0.19716548561900793
2021-22,2021-09-18,Man City,Southampton,2021-22,D,1,Tuned Random Forest,Isotonic,2020-21,2020-21,H,0.6452688620258441,0.157565652355148,0.19716548561900793
2021-22,2021-09-18,Norwich,Watford,2021-22,A,1,Tuned Random Forest,Isotonic,2020-21,2020-21,A,0.14241698048613488,0.2122560766860664,0.6453269428277987
2021-22,2021-09-18,Wolves,Brentford,2021-22,A,1,Tuned Random Forest,Isotonic,2020-21,2020-21,A,0.24233429788502375,0.24135318736727063,0.5163125147477056
2021-22,2021-09-19,Brighton,Leicester,2021-22,H,1,Tuned Random Forest,Isotonic,2020-21,2020-21,A,0.24233429788502375,0.24135318736727063,0.5163125147477056
2021-22,2021-09-19,Tottenham,Chelsea,2021-22,A,1,Tuned Random Forest,Isotonic,2020-21,2020-21,A,0.24233429788502375,0.24135318736727063,0.5163125147477056
2021-22,2021-09-19,West Ham,Man United,2021-22,A,1,Tuned Random Forest,Isotonic,2020-21,2020-21,A,0.14241698048613488,0.2122560766860664,0.6453269428277987
2021-22,2021-09-25,Brentford,Liverpool,2021-22,D,1,Tuned Random Forest,Isotonic,2020-21,2020-21,A,1.1223021582721216e-12,0.22302158273356262,0.776978417265315
2021-22,2021-09-25,Chelsea,Man City,2021-22,A,1,Tuned Random Forest,Isotonic,2020-21,2020-21,A,0.24233429788502375,0.24135318736727063,0.5163125147477056
2021-22,2021-09-25,Everton,Norwich,2021-22,H,1,Tuned Random Forest,Isotonic,2020-21,2020-21,H,0.549648762109149,0.1672508953613376,0.28310034252951344
2021-22,2021-09-25,Leeds,West Ham,2021-22,A,1,Tuned Random Forest,Isotonic,2020-21,2020-21,A,0.23097835379407036,0.2769038744314879,0.49211777177444177
2021-22,2021-09-25,Leicester,Burnley,2021-22,D,1,Tuned Random Forest,Isotonic,2020-21,2020-21,H,0.4830537101677739,0.1919828848102691,0.324963405021957
2021-22,2021-09-25,Man United,Aston Villa,2021-22,A,1,Tuned Random Forest,Isotonic,2020-21,2020-21,H,0.6452688620258441,0.157565652355148,0.19716548561900793
2021-22,2021-09-25,Watford,Newcastle,2021-22,D,1,Tuned Random Forest,Isotonic,2020-21,2020-21,H,0.4135936370209689,0.2386117136659436,0.34779464931308746
2021-22,2021-09-26,Arsenal,Tottenham,2021-22,H,1,Tuned Random Forest,Isotonic,2020-21,2020-21,A,0.24233429788502375,0.24135318736727063,0.5163125147477056
2021-22,2021-09-26,Southampton,Wolves,2021-22,A,1,Tuned Random Forest,Isotonic,2020-21,2020-21,A,0.29563684339128043,0.22437374746810018,0.47998940914061944
2021-22,2021-09-27,Crystal Palace,Brighton,2021-22,D,1,Tuned Random Forest,Isotonic,2020-21,2020-21,A,0.23097835379407036,0.2769038744314879,0.49211777177444177
2021-22,2021-10-02,Brighton,Arsenal,2021-22,D,1,Tuned Random Forest,Isotonic,2020-21,2020-21,A,0.24233429788502375,0.24135318736727063,0.5163125147477056
2021-22,2021-10-02,Burnley,Norwich,2021-22,D,1,Tuned Random Forest,Isotonic,2020-21,2020-21,H,0.43042038727801746,0.2317648239189325,0.3378147888030501
2021-22,2021-10-02,Chelsea,Southampton,2021-22,H,1,Tuned Random Forest,Isotonic,2020-21,2020-21,H,0.6452688620258441,0.157565652355148,0.19716548561900793
2021-22,2021-10-02,Leeds,Watford,2021-22,H,1,Tuned Random Forest,Isotonic,2020-21,2020-21,H,0.43042038727801746,0.2317648239189325,0.3378147888030501
2021-22,2021-10-02,Man United,Everton,2021-22,D,1,Tuned Random Forest,Isotonic,2020-21,2020-21,H,0.4447362510150837,0.20621317621853238,0.34905057276638385
2021-22,2021-10-02,Wolves,Newcastle,2021-22,H,1,Tuned Random Forest,Isotonic,2020-21,2020-21,H,0.43042038727801746,0.2317648239189325,0.3378147888030501
2021-22,2021-10-03,Crystal Palace,Leicester,2021-22,D,1,Tuned Random Forest,Isotonic,2020-21,2020-21,A,0.24233429788502375,0.24135318736727063,0.5163125147477056
2021-22,2021-10-03,Liverpool,Man City,2021-22,D,1,Tuned Random Forest,Isotonic,2020-21,2020-21,D,0.17678989203454765,0.48749540772300604,0.33571470024244626
2021-22,2021-10-03,Tottenham,Aston Villa,2021-22,H,1,Tuned Random Forest,Isotonic,2020-21,2020-21,H,0.4135936370209689,0.2386117136659436,0.34779464931308746
2021-22,2021-10-03,West Ham,Brentford,2021-22,A,1,Tuned Random Forest,Isotonic,2020-21,2020-21,H,0.43042038727801746,0.2317648239189325,0.3378147888030501
2021-22,2021-10-16,Aston Villa,Wolves,2021-22,A,1,Tuned Random Forest,Isotonic,2020-21,2020-21,A,0.24233429788502375,0.24135318736727063,0.5163125147477056
2021-22,2021-10-16,Brentford,Chelsea,2021-22,A,1,Tuned Random Forest,Isotonic,2020-21,2020-21,A,0.14241698048613488,0.2122560766860664,0.6453269428277987
2021-22,2021-10-16,Leicester,Man United,2021-22,H,1,Tuned Random Forest,Isotonic,2020-21,2020-21,A,0.13676498215292127,0.20383242532406534,0.6594025925230134
2021-22,2021-10-16,Man City,Burnley,2021-22,H,1,Tuned Random Forest,Isotonic,2020-21,2020-21,H,0.6452688620258441,0.157565652355148,0.19716548561900793
2021-22,2021-10-16,Norwich,Brighton,2021-22,D,1,Tuned Random Forest,Isotonic,2020-21,2020-21,A,0.14241698048613488,0.2122560766860664,0.6453269428277987
2021-22,2021-10-16,Southampton,Leeds,2021-22,H,1,Tuned Random Forest,Isotonic,2020-21,2020-21,A,0.24233429788502375,0.24135318736727063,0.5163125147477056
2021-22,2021-10-16,Watford,Liverpool,2021-22,A,1,Tuned Random Forest,Isotonic,2020-21,2020-21,A,1.1223021582721216e-12,0.22302158273356262,0.776978417265315
2021-22,2021-10-17,Everton,West Ham,2021-22,A,1,Tuned Random Forest,Isotonic,2020-21,2020-21,A,0.24233429788502375,0.24135318736727063,0.5163125147477056
2021-22,2021-10-17,Newcastle,Tottenham,2021-22,A,1,Tuned Random Forest,Isotonic,2020-21,2020-21,A,0.14241698048613488,0.2122560766860664,0.6453269428277987
2021-22,2021-10-18,Arsenal,Crystal Palace,2021-22,D,1,Tuned Random Forest,Isotonic,2020-21,2020-21,H,0.43042038727801746,0.2317648239189325,0.3378147888030501
2021-22,2021-10-22,Arsenal,Aston Villa,2021-22,H,1,Tuned Random Forest,Isotonic,2020-21,2020-21,H,0.43042038727801746,0.2317648239189325,0.3378147888030501
2021-22,2021-10-23,Brighton,Man City,2021-22,A,1,Tuned Random Forest,Isotonic,2020-21,2020-21,A,0.11662928548542133,0.2085869913489266,0.674783723165652
2021-22,2021-10-23,Chelsea,Norwich,2021-22,H,1,Tuned Random Forest,Isotonic,2020-21,2020-21,H,0.6465375551932435,0.15787544952393157,0.19558699528282505
2021-22,2021-10-23,Crystal Palace,Newcastle,2021-22,D,1,Tuned Random Forest,Isotonic,2020-21,2020-21,H,0.43042038727801746,0.2317648239189325,0.3378147888030501
2021-22,2021-10-23,Everton,Watford,2021-22,A,1,Tuned Random Forest,Isotonic,2020-21,2020-21,H,0.4447362510150837,0.20621317621853238,0.34905057276638385
2021-22,2021-10-23,Leeds,Wolves,2021-22,D,1,Tuned Random Forest,Isotonic,2020-21,2020-21,A,0.23097835379407036,0.2769038744314879,0.49211777177444177
2021-22,2021-10-23,Southampton,Burnley,2021-22,D,1,Tuned Random Forest,Isotonic,2020-21,2020-21,H,0.43042038727801746,0.2317648239189325,0.3378147888030501
2021-22,2021-10-24,Brentford,Leicester,2021-22,A,1,Tuned Random Forest,Isotonic,2020-21,2020-21,A,0.24233429788502375,0.24135318736727063,0.5163125147477056
2021-22,2021-10-24,Man United,Liverpool,2021-22,A,1,Tuned Random Forest,Isotonic,2020-21,2020-21,A,0.23097835379407036,0.2769038744314879,0.49211777177444177
2021-22,2021-10-24,West Ham,Tottenham,2021-22,H,1,Tuned Random Forest,Isotonic,2020-21,2020-21,A,0.37356321839080464,0.21551724137931036,0.4109195402298851
2021-22,2021-10-30,Burnley,Brentford,2021-22,H,1,Tuned Random Forest,Isotonic,2020-21,2020-21,A,0.24233429788502375,0.24135318736727063,0.5163125147477056
2021-22,2021-10-30,Leicester,Arsenal,2021-22,A,1,Tuned Random Forest,Isotonic,2020-21,2020-21,A,0.2440347071583514,0.29255622787989494,0.4634090649617536
2021-22,2021-10-30,Liverpool,Brighton,2021-22,D,1,Tuned Random Forest,Isotonic,2020-21,2020-21,H,0.6452688620258441,0.157565652355148,0.19716548561900793
2021-22,2021-10-30,Man City,Crystal Palace,2021-22,A,1,Tuned Random Forest,Isotonic,2020-21,2020-21,H,0.6475903614457832,0.15813253012048195,0.19427710843373497
2021-22,2021-10-30,Newcastle,Chelsea,2021-22,A,1,Tuned Random Forest,Isotonic,2020-21,2020-21,A,1.1223021582721216e-12,0.22302158273356262,0.776978417265315
2021-22,2021-10-30,Tottenham,Man United,2021-22,A,1,Tuned Random Forest,Isotonic,2020-21,2020-21,A,0.31512733967474676,0.21816508131328627,0.46670757901196686
2021-22,2021-10-30,Watford,Southampton,2021-22,A,1,Tuned Random Forest,Isotonic,2020-21,2020-21,A,0.24233429788502375,0.24135318736727063,0.5163125147477056
2021-22,2021-10-31,Aston Villa,West Ham,2021-22,A,1,Tuned Random Forest,Isotonic,2020-21,2020-21,A,0.14241698048613488,0.2122560766860664,0.6453269428277987
2021-22,2021-10-31,Norwich,Leeds,2021-22,A,1,Tuned Random Forest,Isotonic,2020-21,2020-21,A,0.14241698048613488,0.2122560766860664,0.6453269428277987
2021-22,2021-11-01,Wolves,Everton,2021-22,H,1,Tuned Random Forest,Isotonic,2020-21,2020-21,A,0.31512733967474676,0.21816508131328627,0.46670757901196686
2021-22,2021-11-05,Southampton,Aston Villa,2021-22,H,1,Tuned Random Forest,Isotonic,2020-21,2020-21,H,0.4447362510150837,0.20621317621853238,0.34905057276638385
2021-22,2021-11-06,Brentford,Norwich,2021-22,A,1,Tuned Random Forest,Isotonic,2020-21,2020-21,H,0.549648762109149,0.1672508953613376,0.28310034252951344
2021-22,2021-11-06,Brighton,Newcastle,2021-22,D,1,Tuned Random Forest,Isotonic,2020-21,2020-21,H,0.43042038727801746,0.2317648239189325,0.3378147888030501
2021-22,2021-11-06,Chelsea,Burnley,2021-22,D,1,Tuned Random Forest,Isotonic,2020-21,2020-21,H,0.6475903614457832,0.15813253012048195,0.19427710843373497
2021-22,2021-11-06,Crystal Palace,Wolves,2021-22,H,1,Tuned Random Forest,Isotonic,2020-21,2020-21,A,0.24233429788502375,0.24135318736727063,0.5163125147477056
2021-22,2021-11-06,Man United,Man City,2021-22,A,1,Tuned Random Forest,Isotonic,2020-21,2020-21,A,0.24233429788502375,0.24135318736727063,0.5163125147477056
2021-22,2021-11-07,Arsenal,Watford,2021-22,H,1,Tuned Random Forest,Isotonic,2020-21,2020-21,H,0.549648762109149,0.1672508953613376,0.28310034252951344
2021-22,2021-11-07,Everton,Tottenham,2021-22,D,1,Tuned Random Forest,Isotonic,2020-21,2020-21,A,0.37356321839080464,0.21551724137931036,0.4109195402298851
2021-22,2021-11-07,Leeds,Leicester,2021-22,D,1,Tuned Random Forest,Isotonic,2020-21,2020-21,A,0.24233429788502375,0.24135318736727063,0.5163125147477056
2021-22,2021-11-07,West Ham,Liverpool,2021-22,H,1,Tuned Random Forest,Isotonic,2020-21,2020-21,A,0.14241698048613488,0.2122560766860664,0.6453269428277987
2021-22,2021-11-20,Aston Villa,Brighton,2021-22,H,1,Tuned Random Forest,Isotonic,2020-21,2020-21,A,0.24233429788502375,0.24135318736727063,0.5163125147477056
2021-22,2021-11-20,Burnley,Crystal Palace,2021-22,D,1,Tuned Random Forest,Isotonic,2020-21,2020-21,A,0.24233429788502375,0.24135318736727063,0.5163125147477056
2021-22,2021-11-20,Leicester,Chelsea,2021-22,A,1,Tuned Random Forest,Isotonic,2020-21,2020-21,A,0.14241698048613488,0.2122560766860664,0.6453269428277987
2021-22,2021-11-20,Liverpool,Arsenal,2021-22,H,1,Tuned Random Forest,Isotonic,2020-21,2020-21,H,0.549648762109149,0.1672508953613376,0.28310034252951344
2021-22,2021-11-20,Newcastle,Brentford,2021-22,D,1,Tuned Random Forest,Isotonic,2020-21,2020-21,A,0.37356321839080464,0.21551724137931036,0.4109195402298851
2021-22,2021-11-20,Norwich,Southampton,2021-22,H,1,Tuned Random Forest,Isotonic,2020-21,2020-21,A,0.1377027474346243,0.23833167825223436,0.6239655743131413
2021-22,2021-11-20,Watford,Man United,2021-22,H,1,Tuned Random Forest,Isotonic,2020-21,2020-21,A,0.14241698048613488,0.2122560766860664,0.6453269428277987
2021-22,2021-11-20,Wolves,West Ham,2021-22,H,1,Tuned Random Forest,Isotonic,2020-21,2020-21,A,0.1751662971175166,0.2627494456762749,0.5620842572062084
2021-22,2021-11-21,Man City,Everton,2021-22,H,1,Tuned Random Forest,Isotonic,2020-21,2020-21,H,0.6452688620258441,0.157565652355148,0.19716548561900793
2021-22,2021-11-21,Tottenham,Leeds,2021-22,H,1,Tuned Random Forest,Isotonic,2020-21,2020-21,H,0.43042038727801746,0.2317648239189325,0.3378147888030501
2021-22,2021-11-27,Arsenal,Newcastle,2021-22,H,1,Tuned Random Forest,Isotonic,2020-21,2020-21,H,0.549648762109149,0.1672508953613376,0.28310034252951344
2021-22,2021-11-27,Brighton,Leeds,2021-22,D,1,Tuned Random Forest,Isotonic,2020-21,2020-21,A,0.31512733967474676,0.21816508131328627,0.46670757901196686
2021-22,2021-11-27,Crystal Palace,Aston Villa,2021-22,A,1,Tuned Random Forest,Isotonic,2020-21,2020-21,H,0.43042038727801746,0.2317648239189325,0.3378147888030501
2021-22,2021-11-27,Liverpool,Southampton,2021-22,H,1,Tuned Random Forest,Isotonic,2020-21,2020-21,H,0.6452688620258441,0.157565652355148,0.19716548561900793
2021-22,2021-11-27,Norwich,Wolves,2021-22,D,1,Tuned Random Forest,Isotonic,2020-21,2020-21,A,0.1377027474346243,0.23833167825223436,0.6239655743131413
2021-22,2021-11-28,Brentford,Everton,2021-22,H,1,Tuned Random Forest,Isotonic,2020-21,2020-21,A,0.40155129217146585,0.18618938119916256,0.4122593266293716
2021-22,2021-11-28,Chelsea,Man United,2021-22,D,1,Tuned Random Forest,Isotonic,2020-21,2020-21,H,0.549648762109149,0.1672508953613376,0.28310034252951344
2021-22,2021-11-28,Leicester,Watford,2021-22,H,1,Tuned Random Forest,Isotonic,2020-21,2020-21,H,0.4447362510150837,0.20621317621853238,0.34905057276638385
2021-22,2021-11-28,Man City,West Ham,2021-22,H,1,Tuned Random Forest,Isotonic,2020-21,2020-21,H,0.549648762109149,0.1672508953613376,0.28310034252951344
2021-22,2021-11-30,Leeds,Crystal Palace,2021-22,H,1,Tuned Random Forest,Isotonic,2020-21,2020-21,A,0.3319713993871297,0.22982635342185906,0.43820224719101125
2021-22,2021-11-30,Newcastle,Norwich,2021-22,D,1,Tuned Random Forest,Isotonic,2020-21,2020-21,H,0.549648762109149,0.1672508953613376,0.28310034252951344
2021-22,2021-12-01,Aston Villa,Man City,2021-22,A,1,Tuned Random Forest,Isotonic,2020-21,2020-21,A,1.1634643845622526e-12,0.19452465684035394,0.8054753431584826
2021-22,2021-12-01,Everton,Liverpool,2021-22,A,1,Tuned Random Forest,Isotonic,2020-21,2020-21,A,0.06922976608896561,0.2190372124729872,0.7117330214380472
2021-22,2021-12-01,Southampton,Leicester,2021-22,D,1,Tuned Random Forest,Isotonic,2020-21,2020-21,A,0.15559157212317667,0.233387358184765,0.6110210696920583
2021-22,2021-12-01,Watford,Chelsea,2021-22,A,1,Tuned Random Forest,Isotonic,2020-21,2020-21,A,1.169456066944239e-12,0.19037656903743427,0.8096234309613962
2021-22,2021-12-01,West Ham,Brighton,2021-22,D,1,Tuned Random Forest,Isotonic,2020-21,2020-21,H,0.549648762109149,0.1672508953613376,0.28310034252951344
2021-22,2021-12-01,Wolves,Burnley,2021-22,D,1,Tuned Random Forest,Isotonic,2020-21,2020-21,H,0.43042038727801746,0.2317648239189325,0.3378147888030501
2021-22,2021-12-02,Man United,Arsenal,2021-22,H,1,Tuned Random Forest,Isotonic,2020-21,2020-21,H,0.4135936370209689,0.2386117136659436,0.34779464931308746
2021-22,2021-12-02,Tottenham,Brentford,2021-22,H,1,Tuned Random Forest,Isotonic,2020-21,2020-21,H,0.43042038727801746,0.2317648239189325,0.3378147888030501
2021-22,2021-12-04,Newcastle,Burnley,2021-22,H,1,Tuned Random Forest,Isotonic,2020-21,2020-21,A,0.31512733967474676,0.21816508131328627,0.46670757901196686
2021-22,2021-12-04,Southampton,Brighton,2021-22,D,1,Tuned Random Forest,Isotonic,2020-21,2020-21,A,0.24233429788502375,0.24135318736727063,0.5163125147477056
2021-22,2021-12-04,Watford,Man City,2021-22,A,1,Tuned Random Forest,Isotonic,2020-21,2020-21,A,1.169456066944239e-12,0.19037656903743427,0.8096234309613962
2021-22,2021-12-04,West Ham,Chelsea,2021-22,H,1,Tuned Random Forest,Isotonic,2020-21,2020-21,A,0.18703332726279362,0.25896922236386816,0.5539974503733383
2021-22,2021-12-04,Wolves,Liverpool,2021-22,A,1,Tuned Random Forest,Isotonic,2020-21,2020-21,A,0.11662928548542133,0.2085869913489266,0.674783723165652
2021-22,2021-12-05,Aston Villa,Leicester,2021-22,H,1,Tuned Random Forest,Isotonic,2020-21,2020-21,A,0.24233429788502375,0.24135318736727063,0.5163125147477056
2021-22,2021-12-05,Leeds,Brentford,2021-22,D,1,Tuned Random Forest,Isotonic,2020-21,2020-21,H,0.43042038727801746,0.2317648239189325,0.3378147888030501
2021-22,2021-12-05,Man United,Crystal Palace,2021-22,H,1,Tuned Random Forest,Isotonic,2020-21,2020-21,H,0.549648762109149,0.1672508953613376,0.28310034252951344
2021-22,2021-12-05,Tottenham,Norwich,2021-22,H,1,Tuned Random Forest,Isotonic,2020-21,2020-21,H,0.549648762109149,0.1672508953613376,0.28310034252951344
2021-22,2021-12-06,Everton,Arsenal,2021-22,H,1,Tuned Random Forest,Isotonic,2020-21,2020-21,A,0.18703332726279362,0.25896922236386816,0.5539974503733383
2021-22,2021-12-10,Brentford,Watford,2021-22,H,1,Tuned Random Forest,Isotonic,2020-21,2020-21,H,0.43042038727801746,0.2317648239189325,0.3378147888030501
2021-22,2021-12-11,Arsenal,Southampton,2021-22,H,1,Tuned Random Forest,Isotonic,2020-21,2020-21,H,0.549648762109149,0.1672508953613376,0.28310034252951344
2021-22,2021-12-11,Chelsea,Leeds,2021-22,H,1,Tuned Random Forest,Isotonic,2020-21,2020-21,H,0.6452688620258441,0.157565652355148,0.19716548561900793
2021-22,2021-12-11,Liverpool,Aston Villa,2021-22,H,1,Tuned Random Forest,Isotonic,2020-21,2020-21,H,0.6452688620258441,0.157565652355148,0.19716548561900793
2021-22,2021-12-11,Man City,Wolves,2021-22,H,1,Tuned Random Forest,Isotonic,2020-21,2020-21,H,0.6452688620258441,0.157565652355148,0.19716548561900793
2021-22,2021-12-11,Norwich,Man United,2021-22,A,1,Tuned Random Forest,Isotonic,2020-21,2020-21,A,0.14241698048613488,0.2122560766860664,0.6453269428277987
2021-22,2021-12-12,Burnley,West Ham,2021-22,D,1,Tuned Random Forest,Isotonic,2020-21,2020-21,A,0.1377027474346243,0.23833167825223436,0.6239655743131413
2021-22,2021-12-12,Crystal Palace,Everton,2021-22,H,1,Tuned Random Forest,Isotonic,2020-21,2020-21,H,0.4447362510150837,0.20621317621853238,0.34905057276638385
2021-22,2021-12-12,Leicester,Newcastle,2021-22,H,1,Tuned Random Forest,Isotonic,2020-21,2020-21,H,0.43042038727801746,0.2317648239189325,0.3378147888030501
2021-22,2021-12-14,Man City,Leeds,2021-22,H,1,Tuned Random Forest,Isotonic,2020-21,2020-21,H,0.6452688620258441,0.157565652355148,0.19716548561900793
2021-22,2021-12-14,Norwich,Aston Villa,2021-22,A,1,Tuned Random Forest,Isotonic,2020-21,2020-21,A,0.14241698048613488,0.2122560766860664,0.6453269428277987
2021-22,2021-12-15,Arsenal,West Ham,2021-22,H,1,Tuned Random Forest,Isotonic,2020-21,2020-21,A,0.24233429788502375,0.24135318736727063,0.5163125147477056
2021-22,2021-12-15,Brighton,Wolves,2021-22,A,1,Tuned Random Forest,Isotonic,2020-21,2020-21,A,0.24233429788502375,0.24135318736727063,0.5163125147477056
2021-22,2021-12-15,Crystal Palace,Southampton,2021-22,D,1,Tuned Random Forest,Isotonic,2020-21,2020-21,H,0.43042038727801746,0.2317648239189325,0.3378147888030501
2021-22,2021-12-16,Chelsea,Everton,2021-22,D,1,Tuned Random Forest,Isotonic,2020-21,2020-21,H,0.6452688620258441,0.157565652355148,0.19716548561900793
2021-22,2021-12-16,Liverpool,Newcastle,2021-22,H,1,Tuned Random Forest,Isotonic,2020-21,2020-21,H,0.6475903614457832,0.15813253012048195,0.19427710843373497
2021-22,2021-12-18,Leeds,Arsenal,2021-22,A,1,Tuned Random Forest,Isotonic,2020-21,2020-21,A,0.18703332726279362,0.25896922236386816,0.5539974503733383
2021-22,2021-12-19,Newcastle,Man City,2021-22,A,1,Tuned Random Forest,Isotonic,2020-21,2020-21,A,1.169456066944239e-12,0.19037656903743427,0.8096234309613962
2021-22,2021-12-19,Tottenham,Liverpool,2021-22,D,1,Tuned Random Forest,Isotonic,2020-21,2020-21,A,0.13676498215292127,0.20383242532406534,0.6594025925230134
2021-22,2021-12-19,Wolves,Chelsea,2021-22,D,1,Tuned Random Forest,Isotonic,2020-21,2020-21,A,0.14241698048613488,0.2122560766860664,0.6453269428277987
2021-22,2021-12-26,Aston Villa,Chelsea,2021-22,A,1,Tuned Random Forest,Isotonic,2020-21,2020-21,A,0.14241698048613488,0.2122560766860664,0.6453269428277987
2021-22,2021-12-26,Brighton,Brentford,2021-22,H,1,Tuned Random Forest,Isotonic,2020-21,2020-21,A,0.24233429788502375,0.24135318736727063,0.5163125147477056
2021-22,2021-12-26,Man City,Leicester,2021-22,H,1,Tuned Random Forest,Isotonic,2020-21,2020-21,H,0.6452688620258441,0.157565652355148,0.19716548561900793
2021-22,2021-12-26,Norwich,Arsenal,2021-22,A,1,Tuned Random Forest,Isotonic,2020-21,2020-21,A,0.11662928548542133,0.2085869913489266,0.674783723165652
2021-22,2021-12-26,Tottenham,Crystal Palace,2021-22,H,1,Tuned Random Forest,Isotonic,2020-21,2020-21,H,0.43042038727801746,0.2317648239189325,0.3378147888030501
2021-22,2021-12-26,West Ham,Southampton,2021-22,A,1,Tuned Random Forest,Isotonic,2020-21,2020-21,H,0.4447362510150837,0.20621317621853238,0.34905057276638385
2021-22,2021-12-27,Newcastle,Man United,2021-22,D,1,Tuned Random Forest,Isotonic,2020-21,2020-21,A,0.14241698048613488,0.2122560766860664,0.6453269428277987
2021-22,2021-12-28,Crystal Palace,Norwich,2021-22,H,1,Tuned Random Forest,Isotonic,2020-21,2020-21,H,0.6187321829424484,0.18827207249390607,0.19299574456364565
2021-22,2021-12-28,Leicester,Liverpool,2021-22,H,1,Tuned Random Forest,Isotonic,2020-21,2020-21,A,0.11662928548542133,0.2085869913489266,0.674783723165652
2021-22,2021-12-28,Southampton,Tottenham,2021-22,D,1,Tuned Random Forest,Isotonic,2020-21,2020-21,A,0.14241698048613488,0.2122560766860664,0.6453269428277987
2021-22,2021-12-28,Watford,West Ham,2021-22,A,1,Tuned Random Forest,Isotonic,2020-21,2020-21,A,0.15457383003368252,0.2675316289044506,0.5778945410618669
2021-22,2021-12-29,Brentford,Man City,2021-22,A,1,Tuned Random Forest,Isotonic,2020-21,2020-21,A,1.169456066944239e-12,0.19037656903743427,0.8096234309613962
2021-22,2021-12-29,Chelsea,Brighton,2021-22,D,1,Tuned Random Forest,Isotonic,2020-21,2020-21,H,0.6452688620258441,0.157565652355148,0.19716548561900793
2021-22,2021-12-30,Man United,Burnley,2021-22,H,1,Tuned Random Forest,Isotonic,2020-21,2020-21,H,0.549648762109149,0.1672508953613376,0.28310034252951344
2021-22,2022-01-01,Arsenal,Man City,2021-22,A,1,Tuned Random Forest,Isotonic,2020-21,2020-21,A,0.13676498215292127,0.20383242532406534,0.6594025925230134
2021-22,2022-01-01,Crystal Palace,West Ham,2021-22,A,1,Tuned Random Forest,Isotonic,2020-21,2020-21,A,0.18703332726279362,0.25896922236386816,0.5539974503733383
2021-22,2022-01-01,Watford,Tottenham,2021-22,A,1,Tuned Random Forest,Isotonic,2020-21,2020-21,A,0.1377027474346243,0.23833167825223436,0.6239655743131413
2021-22,2022-01-02,Brentford,Aston Villa,2021-22,H,1,Tuned Random Forest,Isotonic,2020-21,2020-21,A,0.24233429788502375,0.24135318736727063,0.5163125147477056
2021-22,2022-01-02,Chelsea,Liverpool,2021-22,D,1,Tuned Random Forest,Isotonic,2020-21,2020-21,A,0.3319713993871297,0.22982635342185906,0.43820224719101125
2021-22,2022-01-02,Everton,Brighton,2021-22,A,1,Tuned Random Forest,Isotonic,2020-21,2020-21,A,0.3319713993871297,0.22982635342185906,0.43820224719101125
2021-22,2022-01-02,Leeds,Burnley,2021-22,H,1,Tuned Random Forest,Isotonic,2020-21,2020-21,H,0.43042038727801746,0.2317648239189325,0.3378147888030501
2021-22,2022-01-03,Man United,Wolves,2021-22,A,1,Tuned Random Forest,Isotonic,2020-21,2020-21,H,0.549648762109149,0.1672508953613376,0.28310034252951344
2021-22,2022-01-11,Southampton,Brentford,2021-22,H,1,Tuned Random Forest,Isotonic,2020-21,2020-21,A,0.24233429788502375,0.24135318736727063,0.5163125147477056
2021-22,2022-01-12,West Ham,Norwich,2021-22,H,1,Tuned Random Forest,Isotonic,2020-21,2020-21,H,0.6235842771485677,0.1858760826115923,0.19053964023984013
2021-22,2022-01-14,Brighton,Crystal Palace,2021-22,D,1,Tuned Random Forest,Isotonic,2020-21,2020-21,H,0.43042038727801746,0.2317648239189325,0.3378147888030501
2021-22,2022-01-15,Aston Villa,Man United,2021-22,D,1,Tuned Random Forest,Isotonic,2020-21,2020-21,A,0.1377027474346243,0.23833167825223436,0.6239655743131413
2021-22,2022-01-15,Man City,Chelsea,2021-22,H,1,Tuned Random Forest,Isotonic,2020-21,2020-21,H,0.549648762109149,0.1672508953613376,0.28310034252951344
2021-22,2022-01-15,Newcastle,Watford,2021-22,D,1,Tuned Random Forest,Isotonic,2020-21,2020-21,H,0.43042038727801746,0.2317648239189325,0.3378147888030501
2021-22,2022-01-15,Norwich,Everton,2021-22,H,1,Tuned Random Forest,Isotonic,2020-21,2020-21,A,0.171900826446281,0.2049586776859504,0.6231404958677687
2021-22,2022-01-15,Wolves,Southampton,2021-22,H,1,Tuned Random Forest,Isotonic,2020-21,2020-21,H,0.43042038727801746,0.2317648239189325,0.3378147888030501
2021-22,2022-01-16,Liverpool,Brentford,2021-22,H,1,Tuned Random Forest,Isotonic,2020-21,2020-21,H,0.6452688620258441,0.157565652355148,0.19716548561900793
2021-22,2022-01-16,West Ham,Leeds,2021-22,A,1,Tuned Random Forest,Isotonic,2020-21,2020-21,H,0.6187321829424484,0.18827207249390607,0.19299574456364565
2021-22,2022-01-18,Brighton,Chelsea,2021-22,D,1,Tuned Random Forest,Isotonic,2020-21,2020-21,A,0.16080402010050254,0.20770519262981574,0.6314907872696818
2021-22,2022-01-19,Brentford,Man United,2021-22,A,1,Tuned Random Forest,Isotonic,2020-21,2020-21,A,0.13676498215292127,0.20383242532406534,0.6594025925230134
2021-22,2022-01-19,Leicester,Tottenham,2021-22,A,1,Tuned Random Forest,Isotonic,2020-21,2020-21,D,0.13860519404735458,0.5981908374669321,0.2632039684857133
2021-22,2022-01-21,Watford,Norwich,2021-22,A,1,Tuned Random Forest,Isotonic,2020-21,2020-21,H,0.4447362510150837,0.20621317621853238,0.34905057276638385
2021-22,2022-01-22,Brentford,Wolves,2021-22,A,1,Tuned Random Forest,Isotonic,2020-21,2020-21,A,0.24233429788502375,0.24135318736727063,0.5163125147477056
2021-22,2022-01-22,Everton,Aston Villa,2021-22,A,1,Tuned Random Forest,Isotonic,2020-21,2020-21,A,0.3319713993871297,0.22982635342185906,0.43820224719101125
2021-22,2022-01-22,Leeds,Newcastle,2021-22,A,1,Tuned Random Forest,Isotonic,2020-21,2020-21,H,0.43042038727801746,0.2317648239189325,0.3378147888030501
2021-22,2022-01-22,Man United,West Ham,2021-22,H,1,Tuned Random Forest,Isotonic,2020-21,2020-21,H,0.4135936370209689,0.2386117136659436,0.34779464931308746
2021-22,2022-01-22,Southampton,Man City,2021-22,D,1,Tuned Random Forest,Isotonic,2020-21,2020-21,A,1.169456066944239e-12,0.19037656903743427,0.8096234309613962
2021-22,2022-01-23,Arsenal,Burnley,2021-22,D,1,Tuned Random Forest,Isotonic,2020-21,2020-21,H,0.549648762109149,0.1672508953613376,0.28310034252951344
2021-22,2022-01-23,Chelsea,Tottenham,2021-22,H,1,Tuned Random Forest,Isotonic,2020-21,2020-21,H,0.4447362510150837,0.20621317621853238,0.34905057276638385
2021-22,2022-01-23,Crystal Palace,Liverpool,2021-22,A,1,Tuned Random Forest,Isotonic,2020-21,2020-21,A,0.11662928548542133,0.2085869913489266,0.674783723165652
2021-22,2022-01-23,Leicester,Brighton,2021-22,D,1,Tuned Random Forest,Isotonic,2020-21,2020-21,H,0.3944223107569721,0.2739043824701195,0.33167330677290835
2021-22,2022-02-05,Burnley,Watford,2021-22,D,1,Tuned Random Forest,Isotonic,2020-21,2020-21,H,0.43042038727801746,0.2317648239189325,0.3378147888030501
2021-22,2022-02-08,Burnley,Man United,2021-22,D,1,Tuned Random Forest,Isotonic,2020-21,2020-21,A,0.11662928548542133,0.2085869913489266,0.674783723165652
2021-22,2022-02-08,Newcastle,Everton,2021-22,H,1,Tuned Random Forest,Isotonic,2020-21,2020-21,H,0.4447362510150837,0.20621317621853238,0.34905057276638385
2021-22,2022-02-08,West Ham,Watford,2021-22,H,1,Tuned Random Forest,Isotonic,2020-21,2020-21,H,0.6187321829424484,0.18827207249390607,0.19299574456364565
2021-22,2022-02-09,Aston Villa,Leeds,2021-22,D,1,Tuned Random Forest,Isotonic,2020-21,2020-21,H,0.4447362510150837,0.20621317621853238,0.34905057276638385
2021-22,2022-02-09,Man City,Brentford,2021-22,H,1,Tuned Random Forest,Isotonic,2020-21,2020-21,H,0.6475903614457832,0.15813253012048195,0.19427710843373497
2021-22,2022-02-09,Norwich,Crystal Palace,2021-22,D,1,Tuned Random Forest,Isotonic,2020-21,2020-21,A,0.171900826446281,0.2049586776859504,0.6231404958677687
2021-22,2022-02-09,Tottenham,Southampton,2021-22,A,1,Tuned Random Forest,Isotonic,2020-21,2020-21,H,0.4830537101677739,0.1919828848102691,0.324963405021957
2021-22,2022-02-10,Liverpool,Leicester,2021-22,H,1,Tuned Random Forest,Isotonic,2020-21,2020-21,H,0.6452688620258441,0.157565652355148,0.19716548561900793
2021-22,2022-02-10,Wolves,Arsenal,2021-22,A,1,Tuned Random Forest,Isotonic,2020-21,2020-21,D,0.13429363872245415,0.5795830723805383,0.2861232888970076
2021-22,2022-02-12,Brentford,Crystal Palace,2021-22,D,1,Tuned Random Forest,Isotonic,2020-21,2020-21,A,0.2526570381692482,0.23806489509931203,0.5092780667314397
2021-22,2022-02-12,Everton,Leeds,2021-22,H,1,Tuned Random Forest,Isotonic,2020-21,2020-21,A,0.36616998202427464,0.18191136927488002,0.45191864870084536
2021-22,2022-02-12,Man United,Southampton,2021-22,D,1,Tuned Random Forest,Isotonic,2020-21,2020-21,H,0.43042038727801746,0.2317648239189325,0.3378147888030501
2021-22,2022-02-12,Norwich,Man City,2021-22,A,1,Tuned Random Forest,Isotonic,2020-21,2020-21,A,1.169456066944239e-12,0.19037656903743427,0.8096234309613962
2021-22,2022-02-12,Watford,Brighton,2021-22,A,1,Tuned Random Forest,Isotonic,2020-21,2020-21,A,0.1739130434782609,0.26086956521739135,0.5652173913043479
2021-22,2022-02-13,Burnley,Liverpool,2021-22,A,1,Tuned Random Forest,Isotonic,2020-21,2020-21,A,0.01443253192550856,0.22889165962029442,0.756675808454197
2021-22,2022-02-13,Leicester,West Ham,2021-22,D,1,Tuned Random Forest,Isotonic,2020-21,2020-21,A,0.23097835379407036,0.2769038744314879,0.49211777177444177
2021-22,2022-02-13,Newcastle,Aston Villa,2021-22,H,1,Tuned Random Forest,Isotonic,2020-21,2020-21,A,0.24233429788502375,0.24135318736727063,0.5163125147477056
2021-22,2022-02-13,Tottenham,Wolves,2021-22,A,1,Tuned Random Forest,Isotonic,2020-21,2020-21,H,0.4135936370209689,0.2386117136659436,0.34779464931308746
2021-22,2022-02-15,Man United,Brighton,2021-22,H,1,Tuned Random Forest,Isotonic,2020-21,2020-21,H,0.43042038727801746,0.2317648239189325,0.3378147888030501
2021-22,2022-02-19,Arsenal,Brentford,2021-22,H,1,Tuned Random Forest,Isotonic,2020-21,2020-21,H,0.6187321829424484,0.18827207249390607,0.19299574456364565
2021-22,2022-02-19,Aston Villa,Watford,2021-22,A,1,Tuned Random Forest,Isotonic,2020-21,2020-21,H,0.43042038727801746,0.2317648239189325,0.3378147888030501
2021-22,2022-02-19,Brighton,Burnley,2021-22,A,1,Tuned Random Forest,Isotonic,2020-21,2020-21,H,0.43042038727801746,0.2317648239189325,0.3378147888030501
2021-22,2022-02-19,Crystal Palace,Chelsea,2021-22,A,1,Tuned Random Forest,Isotonic,2020-21,2020-21,A,0.13676498215292127,0.20383242532406534,0.6594025925230134
2021-22,2022-02-19,Liverpool,Norwich,2021-22,H,1,Tuned Random Forest,Isotonic,2020-21,2020-21,H,0.6475903614457832,0.15813253012048195,0.19427710843373497
2021-22,2022-02-19,Man City,Tottenham,2021-22,A,1,Tuned Random Forest,Isotonic,2020-21,2020-21,H,0.6475903614457832,0.15813253012048195,0.19427710843373497
2021-22,2022-02-19,Southampton,Everton,2021-22,H,1,Tuned Random Forest,Isotonic,2020-21,2020-21,H,0.43042038727801746,0.2317648239189325,0.3378147888030501
2021-22,2022-02-19,West Ham,Newcastle,2021-22,D,1,Tuned Random Forest,Isotonic,2020-21,2020-21,H,0.6235842771485677,0.1858760826115923,0.19053964023984013
2021-22,2022-02-20,Leeds,Man United,2021-22,A,1,Tuned Random Forest,Isotonic,2020-21,2020-21,A,0.1377027474346243,0.23833167825223436,0.6239655743131413
2021-22,2022-02-20,Wolves,Leicester,2021-22,H,1,Tuned Random Forest,Isotonic,2020-21,2020-21,A,0.3319713993871297,0.22982635342185906,0.43820224719101125
2021-22,2022-02-23,Burnley,Tottenham,2021-22,H,1,Tuned Random Forest,Isotonic,2020-21,2020-21,A,0.14241698048613488,0.2122560766860664,0.6453269428277987
2021-22,2022-02-23,Liverpool,Leeds,2021-22,H,1,Tuned Random Forest,Isotonic,2020-21,2020-21,H,0.6475903614457832,0.15813253012048195,0.19427710843373497
2021-22,2022-02-23,Watford,Crystal Palace,2021-22,A,1,Tuned Random Forest,Isotonic,2020-21,2020-21,A,0.24233429788502375,0.24135318736727063,0.5163125147477056
2021-22,2022-02-24,Arsenal,Wolves,2021-22,H,1,Tuned Random Forest,Isotonic,2020-21,2020-21,H,0.43042038727801746,0.2317648239189325,0.3378147888030501
2021-22,2022-02-25,Southampton,Norwich,2021-22,H,1,Tuned Random Forest,Isotonic,2020-21,2020-21,H,0.6187321829424484,0.18827207249390607,0.19299574456364565
2021-22,2022-02-26,Brentford,Newcastle,2021-22,A,1,Tuned Random Forest,Isotonic,2020-21,2020-21,A,0.3319713993871297,0.22982635342185906,0.43820224719101125
2021-22,2022-02-26,Brighton,Aston Villa,2021-22,A,1,Tuned Random Forest,Isotonic,2020-21,2020-21,H,0.43042038727801746,0.2317648239189325,0.3378147888030501
2021-22,2022-02-26,Crystal Palace,Burnley,2021-22,D,1,Tuned Random Forest,Isotonic,2020-21,2020-21,A,0.3319713993871297,0.22982635342185906,0.43820224719101125
2021-22,2022-02-26,Everton,Man City,2021-22,A,1,Tuned Random Forest,Isotonic,2020-21,2020-21,A,1.169456066944239e-12,0.19037656903743427,0.8096234309613962
2021-22,2022-02-26,Leeds,Tottenham,2021-22,A,1,Tuned Random Forest,Isotonic,2020-21,2020-21,A,0.24233429788502375,0.24135318736727063,0.5163125147477056
2021-22,2022-02-26,Man United,Watford,2021-22,D,1,Tuned Random Forest,Isotonic,2020-21,2020-21,H,0.6235842771485677,0.1858760826115923,0.19053964023984013
2021-22,2022-02-27,West Ham,Wolves,2021-22,H,1,Tuned Random Forest,Isotonic,2020-21,2020-21,A,0.3319713993871297,0.22982635342185906,0.43820224719101125
2021-22,2022-03-01,Burnley,Leicester,2021-22,A,1,Tuned Random Forest,Isotonic,2020-21,2020-21,A,0.3249742900087018,0.193734672889803,0.4812910371014952
2021-22,2022-03-05,Aston Villa,Southampton,2021-22,H,1,Tuned Random Forest,Isotonic,2020-21,2020-21,A,0.23097835379407036,0.2769038744314879,0.49211777177444177
2021-22,2022-03-05,Burnley,Chelsea,2021-22,A,1,Tuned Random Forest,Isotonic,2020-21,2020-21,A,0.13796813849959194,0.20562559103304567,0.6564062704673624
2021-22,2022-03-05,Leicester,Leeds,2021-22,H,1,Tuned Random Forest,Isotonic,2020-21,2020-21,H,0.549648762109149,0.1672508953613376,0.28310034252951344
2021-22,2022-03-05,Liverpool,West Ham,2021-22,H,1,Tuned Random Forest,Isotonic,2020-21,2020-21,H,0.6452688620258441,0.157565652355148,0.19716548561900793
2021-22,2022-03-05,Newcastle,Brighton,2021-22,H,1,Tuned Random Forest,Isotonic,2020-21,2020-21,A,0.32254716274573675,0.2233018819008947,0.4541509553533686
2021-22,2022-03-05,Norwich,Brentford,2021-22,A,1,Tuned Random Forest,Isotonic,2020-21,2020-21,A,0.24233429788502375,0.24135318736727063,0.5163125147477056
2021-22,2022-03-05,Wolves,Crystal Palace,2021-22,A,1,Tuned Random Forest,Isotonic,2020-21,2020-21,H,0.43042038727801746,0.2317648239189325,0.3378147888030501
2021-22,2022-03-06,Man City,Man United,2021-22,H,1,Tuned Random Forest,Isotonic,2020-21,2020-21,H,0.6452688620258441,0.157565652355148,0.19716548561900793
2021-22,2022-03-06,Watford,Arsenal,2021-22,A,1,Tuned Random Forest,Isotonic,2020-21,2020-21,A,0.13676498215292127,0.20383242532406534,0.6594025925230134
2021-22,2022-03-07,Tottenham,Everton,2021-22,H,1,Tuned Random Forest,Isotonic,2020-21,2020-21,H,0.549648762109149,0.1672508953613376,0.28310034252951344
2021-22,2022-03-10,Leeds,Aston Villa,2021-22,A,1,Tuned Random Forest,Isotonic,2020-21,2020-21,A,0.24233429788502375,0.24135318736727063,0.5163125147477056
2021-22,2022-03-10,Norwich,Chelsea,2021-22,A,1,Tuned Random Forest,Isotonic,2020-21,2020-21,A,0.06063830146524509,0.22156966578061468,0.7177920327541402
2021-22,2022-03-10,Southampton,Newcastle,2021-22,A,1,Tuned Random Forest,Isotonic,2020-21,2020-21,A,0.37017861765467247,0.2562775045301579,0.3735438778151695
2021-22,2022-03-10,Wolves,Watford,2021-22,H,1,Tuned Random Forest,Isotonic,2020-21,2020-21,H,0.549648762109149,0.1672508953613376,0.28310034252951344
2021-22,2022-03-12,Brentford,Burnley,2021-22,H,1,Tuned Random Forest,Isotonic,2020-21,2020-21,A,0.31512733967474676,0.21816508131328627,0.46670757901196686
2021-22,2022-03-12,Brighton,Liverpool,2021-22,A,1,Tuned Random Forest,Isotonic,2020-21,2020-21,A,1.1223021582721216e-12,0.22302158273356262,0.776978417265315
2021-22,2022-03-12,Man United,Tottenham,2021-22,H,1,Tuned Random Forest,Isotonic,2020-21,2020-21,H,0.4135936370209689,0.2386117136659436,0.34779464931308746
2021-22,2022-03-13,Arsenal,Leicester,2021-22,H,1,Tuned Random Forest,Isotonic,2020-21,2020-21,H,0.43042038727801746,0.2317648239189325,0.3378147888030501
2021-22,2022-03-13,Chelsea,Newcastle,2021-22,H,1,Tuned Random Forest,Isotonic,2020-21,2020-21,H,0.6452688620258441,0.157565652355148,0.19716548561900793
2021-22,2022-03-13,Everton,Wolves,2021-22,A,1,Tuned Random Forest,Isotonic,2020-21,2020-21,A,0.18703332726279362,0.25896922236386816,0.5539974503733383
2021-22,2022-03-13,Leeds,Norwich,2021-22,H,1,Tuned Random Forest,Isotonic,2020-21,2020-21,H,0.4447362510150837,0.20621317621853238,0.34905057276638385
2021-22,2022-03-13,Southampton,Watford,2021-22,A,1,Tuned Random Forest,Isotonic,2020-21,2020-21,H,0.4447362510150837,0.20621317621853238,0.34905057276638385
2021-22,2022-03-13,West Ham,Aston Villa,2021-22,H,1,Tuned Random Forest,Isotonic,2020-21,2020-21,H,0.43042038727801746,0.2317648239189325,0.3378147888030501
2021-22,2022-03-14,Crystal Palace,Man City,2021-22,D,1,Tuned Random Forest,Isotonic,2020-21,2020-21,A,1.169456066944239e-12,0.19037656903743427,0.8096234309613962
2021-22,2022-03-16,Arsenal,Liverpool,2021-22,A,1,Tuned Random Forest,Isotonic,2020-21,2020-21,A,0.16670092729694022,0.20624567867301283,0.627053394030047
2021-22,2022-03-16,Brighton,Tottenham,2021-22,A,1,Tuned Random Forest,Isotonic,2020-21,2020-21,A,0.1377027474346243,0.23833167825223436,0.6239655743131413
2021-22,2022-03-17,Everton,Newcastle,2021-22,H,1,Tuned Random Forest,Isotonic,2020-21,2020-21,A,0.24233429788502375,0.24135318736727063,0.5163125147477056
2021-22,2022-03-18,Wolves,Leeds,2021-22,A,1,Tuned Random Forest,Isotonic,2020-21,2020-21,H,0.549648762109149,0.1672508953613376,0.28310034252951344
2021-22,2022-03-19,Aston Villa,Arsenal,2021-22,A,1,Tuned Random Forest,Isotonic,2020-21,2020-21,A,0.16084001054285854,0.2076962848157396,0.6314637046414019
2021-22,2022-03-20,Leicester,Brentford,2021-22,H,1,Tuned Random Forest,Isotonic,2020-21,2020-21,H,0.43042038727801746,0.2317648239189325,0.3378147888030501
2021-22,2022-03-20,Tottenham,West Ham,2021-22,H,1,Tuned Random Forest,Isotonic,2020-21,2020-21,A,0.37017861765467247,0.2562775045301579,0.3735438778151695
2021-22,2022-04-02,Brighton,Norwich,2021-22,D,1,Tuned Random Forest,Isotonic,2020-21,2020-21,H,0.549648762109149,0.1672508953613376,0.28310034252951344
2021-22,2022-04-02,Burnley,Man City,2021-22,A,1,Tuned Random Forest,Isotonic,2020-21,2020-21,A,1.169456066944239e-12,0.19037656903743427,0.8096234309613962
2021-22,2022-04-02,Chelsea,Brentford,2021-22,A,1,Tuned Random Forest,Isotonic,2020-21,2020-21,H,0.6452688620258441,0.157565652355148,0.19716548561900793
2021-22,2022-04-02,Leeds,Southampton,2021-22,D,1,Tuned Random Forest,Isotonic,2020-21,2020-21,A,0.31512733967474676,0.21816508131328627,0.46670757901196686
2021-22,2022-04-02,Liverpool,Watford,2021-22,H,1,Tuned Random Forest,Isotonic,2020-21,2020-21,H,0.6475903614457832,0.15813253012048195,0.19427710843373497
2021-22,2022-04-02,Man United,Leicester,2021-22,D,1,Tuned Random Forest,Isotonic,2020-21,2020-21,H,0.43042038727801746,0.2317648239189325,0.3378147888030501
2021-22,2022-04-02,Wolves,Aston Villa,2021-22,H,1,Tuned Random Forest,Isotonic,2020-21,2020-21,H,0.4135936370209689,0.2386117136659436,0.34779464931308746
2021-22,2022-04-03,Tottenham,Newcastle,2021-22,H,1,Tuned Random Forest,Isotonic,2020-21,2020-21,H,0.6187321829424484,0.18827207249390607,0.19299574456364565
2021-22,2022-04-03,West Ham,Everton,2021-22,H,1,Tuned Random Forest,Isotonic,2020-21,2020-21,H,0.6187321829424484,0.18827207249390607,0.19299574456364565
2021-22,2022-04-04,Crystal Palace,Arsenal,2021-22,H,1,Tuned Random Forest,Isotonic,2020-21,2020-21,A,0.14241698048613488,0.2122560766860664,0.6453269428277987
2021-22,2022-04-06,Burnley,Everton,2021-22,H,1,Tuned Random Forest,Isotonic,2020-21,2020-21,A,0.40155129217146585,0.18618938119916256,0.4122593266293716
2021-22,2022-04-08,Newcastle,Wolves,2021-22,H,1,Tuned Random Forest,Isotonic,2020-21,2020-21,A,0.24233429788502375,0.24135318736727063,0.5163125147477056
2021-22,2022-04-09,Arsenal,Brighton,2021-22,A,1,Tuned Random Forest,Isotonic,2020-21,2020-21,H,0.549648762109149,0.1672508953613376,0.28310034252951344
2021-22,2022-04-09,Aston Villa,Tottenham,2021-22,A,1,Tuned Random Forest,Isotonic,2020-21,2020-21,A,0.14241698048613488,0.2122560766860664,0.6453269428277987
2021-22,2022-04-09,Everton,Man United,2021-22,H,1,Tuned Random Forest,Isotonic,2020-21,2020-21,A,0.11662928548542133,0.2085869913489266,0.674783723165652
2021-22,2022-04-09,Southampton,Chelsea,2021-22,A,1,Tuned Random Forest,Isotonic,2020-21,2020-21,A,0.11662928548542133,0.2085869913489266,0.674783723165652
2021-22,2022-04-09,Watford,Leeds,2021-22,A,1,Tuned Random Forest,Isotonic,2020-21,2020-21,A,0.3249742900087018,0.193734672889803,0.4812910371014952
2021-22,2022-04-10,Brentford,West Ham,2021-22,H,1,Tuned Random Forest,Isotonic,2020-21,2020-21,A,0.14241698048613488,0.2122560766860664,0.6453269428277987
2021-22,2022-04-10,Leicester,Crystal Palace,2021-22,H,1,Tuned Random Forest,Isotonic,2020-21,2020-21,A,0.3518123667377398,0.2931769722814499,0.3550106609808102
2021-22,2022-04-10,Man City,Liverpool,2021-22,D,1,Tuned Random Forest,Isotonic,2020-21,2020-21,H,0.43042038727801746,0.2317648239189325,0.3378147888030501
2021-22,2022-04-10,Norwich,Burnley,2021-22,H,1,Tuned Random Forest,Isotonic,2020-21,2020-21,A,0.24233429788502375,0.24135318736727063,0.5163125147477056
2021-22,2022-04-16,Man United,Norwich,2021-22,H,1,Tuned Random Forest,Isotonic,2020-21,2020-21,H,0.6235842771485677,0.1858760826115923,0.19053964023984013
2021-22,2022-04-16,Southampton,Arsenal,2021-22,H,1,Tuned Random Forest,Isotonic,2020-21,2020-21,A,0.14241698048613488,0.2122560766860664,0.6453269428277987
2021-22,2022-04-16,Tottenham,Brighton,2021-22,A,1,Tuned Random Forest,Isotonic,2020-21,2020-21,H,0.6452688620258441,0.157565652355148,0.19716548561900793
2021-22,2022-04-16,Watford,Brentford,2021-22,A,1,Tuned Random Forest,Isotonic,2020-21,2020-21,A,0.18703332726279362,0.25896922236386816,0.5539974503733383
2021-22,2022-04-17,Newcastle,Leicester,2021-22,H,1,Tuned Random Forest,Isotonic,2020-21,2020-21,A,0.24233429788502375,0.24135318736727063,0.5163125147477056
2021-22,2022-04-17,West Ham,Burnley,2021-22,D,1,Tuned Random Forest,Isotonic,2020-21,2020-21,H,0.6187321829424484,0.18827207249390607,0.19299574456364565
2021-22,2022-04-19,Liverpool,Man United,2021-22,H,1,Tuned Random Forest,Isotonic,2020-21,2020-21,H,0.6452688620258441,0.157565652355148,0.19716548561900793
2021-22,2022-04-20,Chelsea,Arsenal,2021-22,A,1,Tuned Random Forest,Isotonic,2020-21,2020-21,H,0.549648762109149,0.1672508953613376,0.28310034252951344
2021-22,2022-04-20,Everton,Leicester,2021-22,D,1,Tuned Random Forest,Isotonic,2020-21,2020-21,A,0.1664,0.23040000000000002,0.6032
2021-22,2022-04-20,Man City,Brighton,2021-22,H,1,Tuned Random Forest,Isotonic,2020-21,2020-21,H,0.6452688620258441,0.157565652355148,0.19716548561900793
2021-22,2022-04-20,Newcastle,Crystal Palace,2021-22,H,1,Tuned Random Forest,Isotonic,2020-21,2020-21,A,0.24233429788502375,0.24135318736727063,0.5163125147477056
2021-22,2022-04-21,Burnley,Southampton,2021-22,H,1,Tuned Random Forest,Isotonic,2020-21,2020-21,A,0.37694353058664865,0.1872636129517004,0.4357928564616509
2021-22,2022-04-23,Arsenal,Man United,2021-22,H,1,Tuned Random Forest,Isotonic,2020-21,2020-21,A,0.37356321839080464,0.21551724137931036,0.4109195402298851
2021-22,2022-04-23,Brentford,Tottenham,2021-22,D,1,Tuned Random Forest,Isotonic,2020-21,2020-21,A,0.14241698048613488,0.2122560766860664,0.6453269428277987
2021-22,2022-04-23,Leicester,Aston Villa,2021-22,D,1,Tuned Random Forest,Isotonic,2020-21,2020-21,H,0.43042038727801746,0.2317648239189325,0.3378147888030501
2021-22,2022-04-23,Man City,Watford,2021-22,H,1,Tuned Random Forest,Isotonic,2020-21,2020-21,H,0.6452688620258441,0.157565652355148,0.19716548561900793
2021-22,2022-04-23,Norwich,Newcastle,2021-22,A,1,Tuned Random Forest,Isotonic,2020-21,2020-21,A,0.1377027474346243,0.23833167825223436,0.6239655743131413
2021-22,2022-04-24,Brighton,Southampton,2021-22,D,1,Tuned Random Forest,Isotonic,2020-21,2020-21,H,0.4447362510150837,0.20621317621853238,0.34905057276638385
2021-22,2022-04-24,Burnley,Wolves,2021-22,H,1,Tuned Random Forest,Isotonic,2020-21,2020-21,A,0.24233429788502375,0.24135318736727063,0.5163125147477056
2021-22,2022-04-24,Chelsea,West Ham,2021-22,H,1,Tuned Random Forest,Isotonic,2020-21,2020-21,H,0.549648762109149,0.1672508953613376,0.28310034252951344
2021-22,2022-04-24,Liverpool,Everton,2021-22,H,1,Tuned Random Forest,Isotonic,2020-21,2020-21,H,0.6475903614457832,0.15813253012048195,0.19427710843373497
2021-22,2022-04-25,Crystal Palace,Leeds,2021-22,D,1,Tuned Random Forest,Isotonic,2020-21,2020-21,H,0.4447362510150837,0.20621317621853238,0.34905057276638385
2021-22,2022-04-28,Man United,Chelsea,2021-22,D,1,Tuned Random Forest,Isotonic,2020-21,2020-21,A,0.24233429788502375,0.24135318736727063,0.5163125147477056
2021-22,2022-04-30,Aston Villa,Norwich,2021-22,H,1,Tuned Random Forest,Isotonic,2020-21,2020-21,H,0.549648762109149,0.1672508953613376,0.28310034252951344
2021-22,2022-04-30,Leeds,Man City,2021-22,A,1,Tuned Random Forest,Isotonic,2020-21,2020-21,A,0.010652171808952152,0.22064591851742793,0.7687019096736198
2021-22,2022-04-30,Newcastle,Liverpool,2021-22,A,1,Tuned Random Forest,Isotonic,2020-21,2020-21,A,0.023579678103256653,0.18588755082134656,0.7905327710753968
2021-22,2022-04-30,Southampton,Crystal Palace,2021-22,A,1,Tuned Random Forest,Isotonic,2020-21,2020-21,A,0.24233429788502375,0.24135318736727063,0.5163125147477056
2021-22,2022-04-30,Watford,Burnley,2021-22,A,1,Tuned Random Forest,Isotonic,2020-21,2020-21,A,0.24233429788502375,0.24135318736727063,0.5163125147477056
2021-22,2022-04-30,Wolves,Brighton,2021-22,A,1,Tuned Random Forest,Isotonic,2020-21,2020-21,H,0.43042038727801746,0.2317648239189325,0.3378147888030501
2021-22,2022-05-01,Everton,Chelsea,2021-22,H,1,Tuned Random Forest,Isotonic,2020-21,2020-21,A,0.11532330719580174,0.19651129749339494,0.6881653953108035
2021-22,2022-05-01,Tottenham,Leicester,2021-22,H,1,Tuned Random Forest,Isotonic,2020-21,2020-21,H,0.549648762109149,0.1672508953613376,0.28310034252951344
2021-22,2022-05-01,West Ham,Arsenal,2021-22,A,1,Tuned Random Forest,Isotonic,2020-21,2020-21,A,0.24998848282977829,0.23891495909857868,0.5110965580716431
2021-22,2022-05-02,Man United,Brentford,2021-22,H,1,Tuned Random Forest,Isotonic,2020-21,2020-21,H,0.43042038727801746,0.2317648239189325,0.3378147888030501
2021-22,2022-05-07,Brentford,Southampton,2021-22,H,1,Tuned Random Forest,Isotonic,2020-21,2020-21,H,0.43042038727801746,0.2317648239189325,0.3378147888030501
2021-22,2022-05-07,Brighton,Man United,2021-22,H,1,Tuned Random Forest,Isotonic,2020-21,2020-21,A,0.2506139846176366,0.2149327762813874,0.534453239100976
2021-22,2022-05-07,Burnley,Aston Villa,2021-22,A,1,Tuned Random Forest,Isotonic,2020-21,2020-21,A,0.31512733967474676,0.21816508131328627,0.46670757901196686
2021-22,2022-05-07,Chelsea,Wolves,2021-22,D,1,Tuned Random Forest,Isotonic,2020-21,2020-21,H,0.6187321829424484,0.18827207249390607,0.19299574456364565
2021-22,2022-05-07,Crystal Palace,Watford,2021-22,H,1,Tuned Random Forest,Isotonic,2020-21,2020-21,H,0.549648762109149,0.1672508953613376,0.28310034252951344
2021-22,2022-05-07,Liverpool,Tottenham,2021-22,D,1,Tuned Random Forest,Isotonic,2020-21,2020-21,H,0.5718430756211086,0.1396360998609684,0.288520824517923
2021-22,2022-05-08,Arsenal,Leeds,2021-22,H,1,Tuned Random Forest,Isotonic,2020-21,2020-21,H,0.549648762109149,0.1672508953613376,0.28310034252951344
2021-22,2022-05-08,Leicester,Everton,2021-22,A,1,Tuned Random Forest,Isotonic,2020-21,2020-21,H,0.43042038727801746,0.2317648239189325,0.3378147888030501
2021-22,2022-05-08,Man City,Newcastle,2021-22,H,1,Tuned Random Forest,Isotonic,2020-21,2020-21,H,0.6452688620258441,0.157565652355148,0.19716548561900793
2021-22,2022-05-08,Norwich,West Ham,2021-22,A,1,Tuned Random Forest,Isotonic,2020-21,2020-21,A,0.14241698048613488,0.2122560766860664,0.6453269428277987
2021-22,2022-05-10,Aston Villa,Liverpool,2021-22,A,1,Tuned Random Forest,Isotonic,2020-21,2020-21,A,1.169456066944239e-12,0.19037656903743427,0.8096234309613962
2021-22,2022-05-11,Leeds,Chelsea,2021-22,A,1,Tuned Random Forest,Isotonic,2020-21,2020-21,A,0.14241698048613488,0.2122560766860664,0.6453269428277987
2021-22,2022-05-11,Leicester,Norwich,2021-22,H,1,Tuned Random Forest,Isotonic,2020-21,2020-21,H,0.549648762109149,0.1672508953613376,0.28310034252951344
2021-22,2022-05-11,Watford,Everton,2021-22,D,1,Tuned Random Forest,Isotonic,2020-21,2020-21,A,0.24233429788502375,0.24135318736727063,0.5163125147477056
2021-22,2022-05-11,Wolves,Man City,2021-22,A,1,Tuned Random Forest,Isotonic,2020-21,2020-21,A,1.169456066944239e-12,0.19037656903743427,0.8096234309613962
2021-22,2022-05-12,Tottenham,Arsenal,2021-22,H,1,Tuned Random Forest,Isotonic,2020-21,2020-21,H,0.4135936370209689,0.2386117136659436,0.34779464931308746
2021-22,2022-05-15,Aston Villa,Crystal Palace,2021-22,D,1,Tuned Random Forest,Isotonic,2020-21,2020-21,A,0.24233429788502375,0.24135318736727063,0.5163125147477056
2021-22,2022-05-15,Everton,Brentford,2021-22,A,1,Tuned Random Forest,Isotonic,2020-21,2020-21,A,0.24233429788502375,0.24135318736727063,0.5163125147477056
2021-22,2022-05-15,Leeds,Brighton,2021-22,D,1,Tuned Random Forest,Isotonic,2020-21,2020-21,A,0.24233429788502375,0.24135318736727063,0.5163125147477056
2021-22,2022-05-15,Tottenham,Burnley,2021-22,H,1,Tuned Random Forest,Isotonic,2020-21,2020-21,H,0.6187321829424484,0.18827207249390607,0.19299574456364565
2021-22,2022-05-15,Watford,Leicester,2021-22,A,1,Tuned Random Forest,Isotonic,2020-21,2020-21,A,0.14241698048613488,0.2122560766860664,0.6453269428277987
2021-22,2022-05-15,West Ham,Man City,2021-22,D,1,Tuned Random Forest,Isotonic,2020-21,2020-21,A,1.169456066944239e-12,0.19037656903743427,0.8096234309613962
2021-22,2022-05-15,Wolves,Norwich,2021-22,D,1,Tuned Random Forest,Isotonic,2020-21,2020-21,H,0.549648762109149,0.1672508953613376,0.28310034252951344
2021-22,2022-05-16,Newcastle,Arsenal,2021-22,H,1,Tuned Random Forest,Isotonic,2020-21,2020-21,A,0.14241698048613488,0.2122560766860664,0.6453269428277987
2021-22,2022-05-17,Southampton,Liverpool,2021-22,A,1,Tuned Random Forest,Isotonic,2020-21,2020-21,A,1.169456066944239e-12,0.19037656903743427,0.8096234309613962
2021-22,2022-05-19,Aston Villa,Burnley,2021-22,D,1,Tuned Random Forest,Isotonic,2020-21,2020-21,H,0.43042038727801746,0.2317648239189325,0.3378147888030501
2021-22,2022-05-19,Chelsea,Leicester,2021-22,D,1,Tuned Random Forest,Isotonic,2020-21,2020-21,H,0.549648762109149,0.1672508953613376,0.28310034252951344
2021-22,2022-05-19,Everton,Crystal Palace,2021-22,H,1,Tuned Random Forest,Isotonic,2020-21,2020-21,A,0.24233429788502375,0.24135318736727063,0.5163125147477056
2021-22,2022-05-22,Arsenal,Everton,2021-22,H,1,Tuned Random Forest,Isotonic,2020-21,2020-21,H,0.549648762109149,0.1672508953613376,0.28310034252951344
2021-22,2022-05-22,Brentford,Leeds,2021-22,A,1,Tuned Random Forest,Isotonic,2020-21,2020-21,H,0.43042038727801746,0.2317648239189325,0.3378147888030501
2021-22,2022-05-22,Brighton,West Ham,2021-22,H,1,Tuned Random Forest,Isotonic,2020-21,2020-21,A,0.23097835379407036,0.2769038744314879,0.49211777177444177
2021-22,2022-05-22,Burnley,Newcastle,2021-22,A,1,Tuned Random Forest,Isotonic,2020-21,2020-21,A,0.24233429788502375,0.24135318736727063,0.5163125147477056
2021-22,2022-05-22,Chelsea,Watford,2021-22,H,1,Tuned Random Forest,Isotonic,2020-21,2020-21,H,0.6452688620258441,0.157565652355148,0.19716548561900793
2021-22,2022-05-22,Crystal Palace,Man United,2021-22,H,1,Tuned Random Forest,Isotonic,2020-21,2020-21,A,0.24903377583599398,0.21357754999159806,0.537388674172408
2021-22,2022-05-22,Leicester,Southampton,2021-22,H,1,Tuned Random Forest,Isotonic,2020-21,2020-21,H,0.43042038727801746,0.2317648239189325,0.3378147888030501
2021-22,2022-05-22,Liverpool,Wolves,2021-22,H,1,Tuned Random Forest,Isotonic,2020-21,2020-21,H,0.6452688620258441,0.157565652355148,0.19716548561900793
2021-22,2022-05-22,Man City,Aston Villa,2021-22,H,1,Tuned Random Forest,Isotonic,2020-21,2020-21,H,0.6452688620258441,0.157565652355148,0.19716548561900793
2021-22,2022-05-22,Norwich,Tottenham,2021-22,A,1,Tuned Random Forest,Isotonic,2020-21,2020-21,A,0.11111393889370413,0.20988930931454425,0.6789967517917516
2022-23,2022-08-05,Crystal Palace,Arsenal,2022-23,A,2,Tuned Random Forest,Isotonic,2020-21,2021-22,A,0.22705867069388289,0.2062608596807457,0.5666804696253714
2022-23,2022-08-06,Bournemouth,Aston Villa,2022-23,H,2,Tuned Random Forest,Isotonic,2020-21,2021-22,A,0.23271574488498284,0.27198178913593435,0.4953024659790829
2022-23,2022-08-06,Everton,Chelsea,2022-23,A,2,Tuned Random Forest,Isotonic,2020-21,2021-22,A,0.17835597754812985,0.1849131826050464,0.6367308398468237
2022-23,2022-08-06,Fulham,Liverpool,2022-23,D,2,Tuned Random Forest,Isotonic,2020-21,2021-22,A,0.01427838205590179,0.22183928386981713,0.7638823340742811
2022-23,2022-08-06,Leeds,Wolves,2022-23,H,2,Tuned Random Forest,Isotonic,2020-21,2021-22,A,0.29959040245006163,0.2547603821140191,0.44564921543591934
2022-23,2022-08-06,Newcastle,Nott'm Forest,2022-23,H,2,Tuned Random Forest,Isotonic,2020-21,2021-22,H,0.47657353242431694,0.2598872429141584,0.2635392246615245
2022-23,2022-08-06,Tottenham,Southampton,2022-23,H,2,Tuned Random Forest,Isotonic,2020-21,2021-22,H,0.5917885899271031,0.1771247493091953,0.23108666076370163
2022-23,2022-08-07,Leicester,Brentford,2022-23,D,2,Tuned Random Forest,Isotonic,2020-21,2021-22,H,0.47657353242431694,0.2598872429141584,0.2635392246615245
2022-23,2022-08-07,Man United,Brighton,2022-23,A,2,Tuned Random Forest,Isotonic,2020-21,2021-22,H,0.47657353242431694,0.2598872429141584,0.2635392246615245
2022-23,2022-08-07,West Ham,Man City,2022-23,A,2,Tuned Random Forest,Isotonic,2020-21,2021-22,A,1.139628423672327e-12,0.22505267190167802,0.7749473280971824
2022-23,2022-08-13,Arsenal,Leicester,2022-23,H,2,Tuned Random Forest,Isotonic,2020-21,2021-22,H,0.47657353242431694,0.2598872429141584,0.2635392246615245
2022-23,2022-08-13,Aston Villa,Everton,2022-23,H,2,Tuned Random Forest,Isotonic,2020-21,2021-22,A,0.29959040245006163,0.2547603821140191,0.44564921543591934
2022-23,2022-08-13,Brentford,Man United,2022-23,H,2,Tuned Random Forest,Isotonic,2020-21,2021-22,A,0.22497435702617483,0.2135470880978612,0.561478554875964
2022-23,2022-08-13,Brighton,Newcastle,2022-23,D,2,Tuned Random Forest,Isotonic,2020-21,2021-22,A,0.29420885982649553,0.2501841211793214,0.45560701899418315
2022-23,2022-08-13,Man City,Bournemouth,2022-23,H,2,Tuned Random Forest,Isotonic,2020-21,2021-22,H,0.6683942954635889,0.17148676615143657,0.16011893838497443
2022-23,2022-08-13,Southampton,Leeds,2022-23,D,2,Tuned Random Forest,Isotonic,2020-21,2021-22,A,0.29420885982649553,0.2501841211793214,0.45560701899418315
2022-23,2022-08-13,Wolves,Fulham,2022-23,D,2,Tuned Random Forest,Isotonic,2020-21,2021-22,H,0.47657353242431694,0.2598872429141584,0.2635392246615245
2022-23,2022-08-14,Chelsea,Tottenham,2022-23,D,2,Tuned Random Forest,Isotonic,2020-21,2021-22,A,0.3135643741844575,0.2666433207849219,0.41979230503062065
2022-23,2022-08-14,Nott'm Forest,West Ham,2022-23,H,2,Tuned Random Forest,Isotonic,2020-21,2021-22,A,0.23271574488498284,0.27198178913593435,0.4953024659790829
2022-23,2022-08-15,Liverpool,Crystal Palace,2022-23,D,2,Tuned Random Forest,Isotonic,2020-21,2021-22,H,0.6555399561039911,0.18742046029587955,0.1570395836001293
2022-23,2022-08-20,Bournemouth,Arsenal,2022-23,A,2,Tuned Random Forest,Isotonic,2020-21,2021-22,A,1.139628423672327e-12,0.22505267190167802,0.7749473280971824
2022-23,2022-08-20,Crystal Palace,Aston Villa,2022-23,H,2,Tuned Random Forest,Isotonic,2020-21,2021-22,A,0.3055477130130462,0.25982625439492696,0.43462603259202687
2022-23,2022-08-20,Everton,Nott'm Forest,2022-23,D,2,Tuned Random Forest,Isotonic,2020-21,2021-22,A,0.29420885982649553,0.2501841211793214,0.45560701899418315
2022-23,2022-08-20,Fulham,Brentford,2022-23,H,2,Tuned Random Forest,Isotonic,2020-21,2021-22,A,0.2027682904907424,0.2196656480316376,0.5775660614776199
2022-23,2022-08-20,Leicester,Southampton,2022-23,A,2,Tuned Random Forest,Isotonic,2020-21,2021-22,H,0.47657353242431694,0.2598872429141584,0.2635392246615245
2022-23,2022-08-20,Tottenham,Wolves,2022-23,H,2,Tuned Random Forest,Isotonic,2020-21,2021-22,H,0.5991819392247582,0.179337609041864,0.22148045173337794
2022-23,2022-08-21,Leeds,Chelsea,2022-23,H,2,Tuned Random Forest,Isotonic,2020-21,2021-22,A,0.18061088977423642,0.18725099601593628,0.6321381142098275
2022-23,2022-08-21,Newcastle,Man City,2022-23,D,2,Tuned Random Forest,Isotonic,2020-21,2021-22,A,1.139628423672327e-12,0.22505267190167802,0.7749473280971824
2022-23,2022-08-21,West Ham,Brighton,2022-23,A,2,Tuned Random Forest,Isotonic,2020-21,2021-22,A,0.29959040245006163,0.2547603821140191,0.44564921543591934
2022-23,2022-08-22,Man United,Liverpool,2022-23,H,2,Tuned Random Forest,Isotonic,2020-21,2021-22,A,0.09398101368891762,0.20415203393769077,0.7018669523733916
2022-23,2022-08-27,Arsenal,Fulham,2022-23,H,2,Tuned Random Forest,Isotonic,2020-21,2021-22,H,0.6683942954635889,0.17148676615143657,0.16011893838497443
2022-23,2022-08-27,Brentford,Everton,2022-23,D,2,Tuned Random Forest,Isotonic,2020-21,2021-22,H,0.47657353242431694,0.2598872429141584,0.2635392246615245
2022-23,2022-08-27,Brighton,Leeds,2022-23,H,2,Tuned Random Forest,Isotonic,2020-21,2021-22,H,0.4327538222431055,0.2565511258900495,0.31069505186684504
2022-23,2022-08-27,Chelsea,Leicester,2022-23,H,2,Tuned Random Forest,Isotonic,2020-21,2021-22,H,0.5010312736377659,0.22190467558714835,0.2770640507750858
2022-23,2022-08-27,Liverpool,Bournemouth,2022-23,H,2,Tuned Random Forest,Isotonic,2020-21,2021-22,H,0.6555399561039911,0.18742046029587955,0.1570395836001293
2022-23,2022-08-27,Man City,Crystal Palace,2022-23,H,2,Tuned Random Forest,Isotonic,2020-21,2021-22,H,0.6683942954635889,0.17148676615143657,0.16011893838497443
2022-23,2022-08-27,Southampton,Man United,2022-23,A,2,Tuned Random Forest,Isotonic,2020-21,2021-22,A,0.22705867069388289,0.2062608596807457,0.5666804696253714
2022-23,2022-08-28,Aston Villa,West Ham,2022-23,A,2,Tuned Random Forest,Isotonic,2020-21,2021-22,A,0.29959040245006163,0.2547603821140191,0.44564921543591934
2022-23,2022-08-28,Nott'm Forest,Tottenham,2022-23,A,2,Tuned Random Forest,Isotonic,2020-21,2021-22,A,0.20470121052968682,0.21222699032857237,0.5830717991417409
2022-23,2022-08-28,Wolves,Newcastle,2022-23,D,2,Tuned Random Forest,Isotonic,2020-21,2021-22,A,0.23271574488498284,0.27198178913593435,0.4953024659790829
2022-23,2022-08-30,Crystal Palace,Brentford,2022-23,D,2,Tuned Random Forest,Isotonic,2020-21,2021-22,A,0.3055477130130462,0.25982625439492696,0.43462603259202687
2022-23,2022-08-30,Fulham,Brighton,2022-23,H,2,Tuned Random Forest,Isotonic,2020-21,2021-22,A,0.22497435702617483,0.2135470880978612,0.561478554875964
2022-23,2022-08-30,Leeds,Everton,2022-23,D,2,Tuned Random Forest,Isotonic,2020-21,2021-22,H,0.47657353242431694,0.2598872429141584,0.2635392246615245
2022-23,2022-08-30,Southampton,Chelsea,2022-23,H,2,Tuned Random Forest,Isotonic,2020-21,2021-22,A,0.09518730835888549,0.206772430342621,0.6980402612984935
2022-23,2022-08-31,Arsenal,Aston Villa,2022-23,H,2,Tuned Random Forest,Isotonic,2020-21,2021-22,H,0.6555399561039911,0.18742046029587955,0.1570395836001293
2022-23,2022-08-31,Bournemouth,Wolves,2022-23,D,2,Tuned Random Forest,Isotonic,2020-21,2021-22,A,0.29420885982649553,0.2501841211793214,0.45560701899418315
2022-23,2022-08-31,Liverpool,Newcastle,2022-23,H,2,Tuned Random Forest,Isotonic,2020-21,2021-22,H,0.5917885899271031,0.1771247493091953,0.23108666076370163
2022-23,2022-08-31,Man City,Nott'm Forest,2022-23,H,2,Tuned Random Forest,Isotonic,2020-21,2021-22,H,0.6683942954635889,0.17148676615143657,0.16011893838497443
2022-23,2022-08-31,West Ham,Tottenham,2022-23,D,2,Tuned Random Forest,Isotonic,2020-21,2021-22,A,0.20470121052968682,0.21222699032857237,0.5830717991417409
2022-23,2022-09-01,Leicester,Man United,2022-23,A,2,Tuned Random Forest,Isotonic,2020-21,2021-22,A,0.23271574488498284,0.27198178913593435,0.4953024659790829
2022-23,2022-09-03,Aston Villa,Man City,2022-23,D,2,Tuned Random Forest,Isotonic,2020-21,2021-22,A,1.078498293514195e-12,0.1911262798632751,0.8088737201356464
2022-23,2022-09-03,Brentford,Leeds,2022-23,H,2,Tuned Random Forest,Isotonic,2020-21,2021-22,A,0.29420885982649553,0.2501841211793214,0.45560701899418315
2022-23,2022-09-03,Chelsea,West Ham,2022-23,H,2,Tuned Random Forest,Isotonic,2020-21,2021-22,H,0.47657353242431694,0.2598872429141584,0.2635392246615245
2022-23,2022-09-03,Everton,Liverpool,2022-23,D,2,Tuned Random Forest,Isotonic,2020-21,2021-22,A,1.0554323725044292e-12,0.20842572062062256,0.7915742793783219
2022-23,2022-09-03,Newcastle,Crystal Palace,2022-23,D,2,Tuned Random Forest,Isotonic,2020-21,2021-22,H,0.47657353242431694,0.2598872429141584,0.2635392246615245
2022-23,2022-09-03,Nott'm Forest,Bournemouth,2022-23,A,2,Tuned Random Forest,Isotonic,2020-21,2021-22,H,0.47657353242431694,0.2598872429141584,0.2635392246615245
2022-23,2022-09-03,Tottenham,Fulham,2022-23,H,2,Tuned Random Forest,Isotonic,2020-21,2021-22,H,0.6683942954635889,0.17148676615143657,0.16011893838497443
2022-23,2022-09-03,Wolves,Southampton,2022-23,H,2,Tuned Random Forest,Isotonic,2020-21,2021-22,A,0.3135643741844575,0.2666433207849219,0.41979230503062065
2022-23,2022-09-04,Brighton,Leicester,2022-23,H,2,Tuned Random Forest,Isotonic,2020-21,2021-22,H,0.47657353242431694,0.2598872429141584,0.2635392246615245
2022-23,2022-09-04,Man United,Arsenal,2022-23,H,2,Tuned Random Forest,Isotonic,2020-21,2021-22,A,0.225,0.31500000000000006,0.46
2022-23,2022-09-16,Aston Villa,Southampton,2022-23,H,2,Tuned Random Forest,Isotonic,2020-21,2021-22,A,0.29959040245006163,0.2547603821140191,0.44564921543591934
2022-23,2022-09-16,Nott'm Forest,Fulham,2022-23,A,2,Tuned Random Forest,Isotonic,2020-21,2021-22,H,0.45578885493609717,0.27020707361032476,0.2740040714535781
2022-23,2022-09-17,Newcastle,Bournemouth,2022-23,D,2,Tuned Random Forest,Isotonic,2020-21,2021-22,H,0.47657353242431694,0.2598872429141584,0.2635392246615245
2022-23,2022-09-17,Tottenham,Leicester,2022-23,H,2,Tuned Random Forest,Isotonic,2020-21,2021-22,H,0.5917885899271031,0.1771247493091953,0.23108666076370163
2022-23,2022-09-17,Wolves,Man City,2022-23,A,2,Tuned Random Forest,Isotonic,2020-21,2021-22,A,1.0554323725044292e-12,0.20842572062062256,0.7915742793783219
2022-23,2022-09-18,Brentford,Arsenal,2022-23,A,2,Tuned Random Forest,Isotonic,2020-21,2021-22,A,0.20470121052968682,0.21222699032857237,0.5830717991417409
2022-23,2022-09-18,Everton,West Ham,2022-23,H,2,Tuned Random Forest,Isotonic,2020-21,2021-22,A,0.29959040245006163,0.2547603821140191,0.44564921543591934
2022-23,2022-10-01,Arsenal,Tottenham,2022-23,H,2,Tuned Random Forest,Isotonic,2020-21,2021-22,D,0.22570244127130354,0.45324735145094425,0.3210502072777522
2022-23,2022-10-01,Bournemouth,Brentford,2022-23,D,2,Tuned Random Forest,Isotonic,2020-21,2021-22,A,0.29959040245006163,0.2547603821140191,0.44564921543591934
2022-23,2022-10-01,Crystal Palace,Chelsea,2022-23,A,2,Tuned Random Forest,Isotonic,2020-21,2021-22,A,0.22705867069388289,0.2062608596807457,0.5666804696253714
2022-23,2022-10-01,Fulham,Newcastle,2022-23,A,2,Tuned Random Forest,Isotonic,2020-21,2021-22,A,0.23533806499813223,0.2233843855061636,0.5412775494957042
2022-23,2022-10-01,Liverpool,Brighton,2022-23,D,2,Tuned Random Forest,Isotonic,2020-21,2021-22,H,0.5058565833194112,0.21441102978162377,0.27973238689896507
2022-23,2022-10-01,Southampton,Everton,2022-23,A,2,Tuned Random Forest,Isotonic,2020-21,2021-22,A,0.29959040245006163,0.2547603821140191,0.44564921543591934
2022-23,2022-10-01,West Ham,Wolves,2022-23,H,2,Tuned Random Forest,Isotonic,2020-21,2021-22,H,0.47657353242431694,0.2598872429141584,0.2635392246615245
2022-23,2022-10-02,Leeds,Aston Villa,2022-23,D,2,Tuned Random Forest,Isotonic,2020-21,2021-22,H,0.47657353242431694,0.2598872429141584,0.2635392246615245
2022-23,2022-10-02,Man City,Man United,2022-23,H,2,Tuned Random Forest,Isotonic,2020-21,2021-22,H,0.6683942954635889,0.17148676615143657,0.16011893838497443
2022-23,2022-10-03,Leicester,Nott'm Forest,2022-23,H,2,Tuned Random Forest,Isotonic,2020-21,2021-22,H,0.47657353242431694,0.2598872429141584,0.2635392246615245
2022-23,2022-10-08,Bournemouth,Leicester,2022-23,H,2,Tuned Random Forest,Isotonic,2020-21,2021-22,A,0.29959040245006163,0.2547603821140191,0.44564921543591934
2022-23,2022-10-08,Brighton,Tottenham,2022-23,A,2,Tuned Random Forest,Isotonic,2020-21,2021-22,A,0.21438643046370406,0.25055977605986,0.5350537934764359
2022-23,2022-10-08,Chelsea,Wolves,2022-23,H,2,Tuned Random Forest,Isotonic,2020-21,2021-22,H,0.5917885899271031,0.1771247493091953,0.23108666076370163
2022-23,2022-10-08,Man City,Southampton,2022-23,H,2,Tuned Random Forest,Isotonic,2020-21,2021-22,H,0.7140715119399552,0.11486722497209892,0.1710612630879459
2022-23,2022-10-08,Newcastle,Brentford,2022-23,H,2,Tuned Random Forest,Isotonic,2020-21,2021-22,H,0.47657353242431694,0.2598872429141584,0.2635392246615245
2022-23,2022-10-09,Arsenal,Liverpool,2022-23,H,2,Tuned Random Forest,Isotonic,2020-21,2021-22,A,0.23271574488498284,0.27198178913593435,0.4953024659790829
2022-23,2022-10-09,Crystal Palace,Leeds,2022-23,H,2,Tuned Random Forest,Isotonic,2020-21,2021-22,A,0.3055477130130462,0.25982625439492696,0.43462603259202687
2022-23,2022-10-09,Everton,Man United,2022-23,A,2,Tuned Random Forest,Isotonic,2020-21,2021-22,A,0.22705867069388289,0.2062608596807457,0.5666804696253714
2022-23,2022-10-09,West Ham,Fulham,2022-23,H,2,Tuned Random Forest,Isotonic,2020-21,2021-22,H,0.47657353242431694,0.2598872429141584,0.2635392246615245
2022-23,2022-10-10,Nott'm Forest,Aston Villa,2022-23,D,2,Tuned Random Forest,Isotonic,2020-21,2021-22,A,0.28521215870427125,0.29052667097826396,0.42426117031746474
2022-23,2022-10-14,Brentford,Brighton,2022-23,H,2,Tuned Random Forest,Isotonic,2020-21,2021-22,A,0.23271574488498284,0.27198178913593435,0.4953024659790829
2022-23,2022-10-15,Fulham,Bournemouth,2022-23,D,2,Tuned Random Forest,Isotonic,2020-21,2021-22,A,0.3055477130130462,0.25982625439492696,0.43462603259202687
2022-23,2022-10-15,Leicester,Crystal Palace,2022-23,D,2,Tuned Random Forest,Isotonic,2020-21,2021-22,A,0.29959040245006163,0.2547603821140191,0.44564921543591934
2022-23,2022-10-15,Tottenham,Everton,2022-23,H,2,Tuned Random Forest,Isotonic,2020-21,2021-22,H,0.6555399561039911,0.18742046029587955,0.1570395836001293
2022-23,2022-10-15,Wolves,Nott'm Forest,2022-23,H,2,Tuned Random Forest,Isotonic,2020-21,2021-22,H,0.47657353242431694,0.2598872429141584,0.2635392246615245
2022-23,2022-10-16,Aston Villa,Chelsea,2022-23,A,2,Tuned Random Forest,Isotonic,2020-21,2021-22,A,0.09518730835888549,0.206772430342621,0.6980402612984935
2022-23,2022-10-16,Leeds,Arsenal,2022-23,A,2,Tuned Random Forest,Isotonic,2020-21,2021-22,A,1.0554323725044292e-12,0.20842572062062256,0.7915742793783219
2022-23,2022-10-16,Liverpool,Man City,2022-23,H,2,Tuned Random Forest,Isotonic,2020-21,2021-22,A,0.23271574488498284,0.27198178913593435,0.4953024659790829
2022-23,2022-10-16,Man United,Newcastle,2022-23,D,2,Tuned Random Forest,Isotonic,2020-21,2021-22,H,0.47657353242431694,0.2598872429141584,0.2635392246615245
2022-23,2022-10-16,Southampton,West Ham,2022-23,D,2,Tuned Random Forest,Isotonic,2020-21,2021-22,A,0.21438643046370406,0.25055977605986,0.5350537934764359
2022-23,2022-10-18,Brighton,Nott'm Forest,2022-23,D,2,Tuned Random Forest,Isotonic,2020-21,2021-22,H,0.5058565833194112,0.21441102978162377,0.27973238689896507
2022-23,2022-10-18,Crystal Palace,Wolves,2022-23,H,2,Tuned Random Forest,Isotonic,2020-21,2021-22,H,0.47657353242431694,0.2598872429141584,0.2635392246615245
2022-23,2022-10-19,Bournemouth,Southampton,2022-23,A,2,Tuned Random Forest,Isotonic,2020-21,2021-22,H,0.5010312736377659,0.22190467558714835,0.2770640507750858
2022-23,2022-10-19,Brentford,Chelsea,2022-23,D,2,Tuned Random Forest,Isotonic,2020-21,2021-22,A,0.19368996912739742,0.2008109238747282,0.6054991069978745
2022-23,2022-10-19,Liverpool,West Ham,2022-23,H,2,Tuned Random Forest,Isotonic,2020-21,2021-22,H,0.645123429009847,0.19308808514022402,0.16178848584992903
2022-23,2022-10-19,Man United,Tottenham,2022-23,H,2,Tuned Random Forest,Isotonic,2020-21,2021-22,A,0.28521215870427125,0.29052667097826396,0.42426117031746474
2022-23,2022-10-19,Newcastle,Everton,2022-23,H,2,Tuned Random Forest,Isotonic,2020-21,2021-22,H,0.47657353242431694,0.2598872429141584,0.2635392246615245
2022-23,2022-10-20,Fulham,Aston Villa,2022-23,H,2,Tuned Random Forest,Isotonic,2020-21,2021-22,A,0.29959040245006163,0.2547603821140191,0.44564921543591934
2022-23,2022-10-20,Leicester,Leeds,2022-23,H,2,Tuned Random Forest,Isotonic,2020-21,2021-22,H,0.47657353242431694,0.2598872429141584,0.2635392246615245
2022-23,2022-10-22,Chelsea,Man United,2022-23,D,2,Tuned Random Forest,Isotonic,2020-21,2021-22,H,0.47657353242431694,0.2598872429141584,0.2635392246615245
2022-23,2022-10-22,Everton,Crystal Palace,2022-23,H,2,Tuned Random Forest,Isotonic,2020-21,2021-22,A,0.29959040245006163,0.2547603821140191,0.44564921543591934
2022-23,2022-10-22,Man City,Brighton,2022-23,H,2,Tuned Random Forest,Isotonic,2020-21,2021-22,H,0.6683942954635889,0.17148676615143657,0.16011893838497443
2022-23,2022-10-22,Nott'm Forest,Liverpool,2022-23,H,2,Tuned Random Forest,Isotonic,2020-21,2021-22,A,1.0554323725044292e-12,0.20842572062062256,0.7915742793783219
2022-23,2022-10-23,Aston Villa,Brentford,2022-23,H,2,Tuned Random Forest,Isotonic,2020-21,2021-22,H,0.4159974088983191,0.22685359614507528,0.3571489949566057
2022-23,2022-10-23,Leeds,Fulham,2022-23,A,2,Tuned Random Forest,Isotonic,2020-21,2021-22,H,0.47657353242431694,0.2598872429141584,0.2635392246615245
2022-23,2022-10-23,Southampton,Arsenal,2022-23,D,2,Tuned Random Forest,Isotonic,2020-21,2021-22,A,1.0554323725044292e-12,0.20842572062062256,0.7915742793783219
2022-23,2022-10-23,Tottenham,Newcastle,2022-23,A,2,Tuned Random Forest,Isotonic,2020-21,2021-22,H,0.47657353242431694,0.2598872429141584,0.2635392246615245
2022-23,2022-10-23,Wolves,Leicester,2022-23,A,2,Tuned Random Forest,Isotonic,2020-21,2021-22,H,0.38692195393486184,0.22938044174640018,0.383697604318738
2022-23,2022-10-24,West Ham,Bournemouth,2022-23,H,2,Tuned Random Forest,Isotonic,2020-21,2021-22,H,0.47657353242431694,0.2598872429141584,0.2635392246615245
2022-23,2022-10-29,Bournemouth,Tottenham,2022-23,A,2,Tuned Random Forest,Isotonic,2020-21,2021-22,A,0.20470121052968682,0.21222699032857237,0.5830717991417409
2022-23,2022-10-29,Brentford,Wolves,2022-23,D,2,Tuned Random Forest,Isotonic,2020-21,2021-22,H,0.47657353242431694,0.2598872429141584,0.2635392246615245
2022-23,2022-10-29,Brighton,Chelsea,2022-23,H,2,Tuned Random Forest,Isotonic,2020-21,2021-22,A,0.20470121052968682,0.21222699032857237,0.5830717991417409
2022-23,2022-10-29,Crystal Palace,Southampton,2022-23,H,2,Tuned Random Forest,Isotonic,2020-21,2021-22,H,0.47657353242431694,0.2598872429141584,0.2635392246615245
2022-23,2022-10-29,Fulham,Everton,2022-23,D,2,Tuned Random Forest,Isotonic,2020-21,2021-22,A,0.29959040245006163,0.2547603821140191,0.44564921543591934
2022-23,2022-10-29,Leicester,Man City,2022-23,A,2,Tuned Random Forest,Isotonic,2020-21,2021-22,A,1.139628423672327e-12,0.22505267190167802,0.7749473280971824
2022-23,2022-10-29,Liverpool,Leeds,2022-23,A,2,Tuned Random Forest,Isotonic,2020-21,2021-22,H,0.6683942954635889,0.17148676615143657,0.16011893838497443
2022-23,2022-10-29,Newcastle,Aston Villa,2022-23,H,2,Tuned Random Forest,Isotonic,2020-21,2021-22,H,0.5917885899271031,0.1771247493091953,0.23108666076370163
2022-23,2022-10-30,Arsenal,Nott'm Forest,2022-23,H,2,Tuned Random Forest,Isotonic,2020-21,2021-22,H,0.6683942954635889,0.17148676615143657,0.16011893838497443
2022-23,2022-10-30,Man United,West Ham,2022-23,H,2,Tuned Random Forest,Isotonic,2020-21,2021-22,H,0.47657353242431694,0.2598872429141584,0.2635392246615245
2022-23,2022-11-05,Everton,Leicester,2022-23,A,2,Tuned Random Forest,Isotonic,2020-21,2021-22,A,0.3055477130130462,0.25982625439492696,0.43462603259202687
2022-23,2022-11-05,Leeds,Bournemouth,2022-23,H,2,Tuned Random Forest,Isotonic,2020-21,2021-22,H,0.47657353242431694,0.2598872429141584,0.2635392246615245
2022-23,2022-11-05,Man City,Fulham,2022-23,H,2,Tuned Random Forest,Isotonic,2020-21,2021-22,H,0.7351836380261955,0.08869752846833452,0.17611883350547
2022-23,2022-11-05,Nott'm Forest,Brentford,2022-23,D,2,Tuned Random Forest,Isotonic,2020-21,2021-22,H,0.5058565833194112,0.21441102978162377,0.27973238689896507
2022-23,2022-11-05,Wolves,Brighton,2022-23,A,2,Tuned Random Forest,Isotonic,2020-21,2021-22,A,0.2531590039654647,0.2647351994354257,0.48210579659910957
2022-23,2022-11-06,Aston Villa,Man United,2022-23,H,2,Tuned Random Forest,Isotonic,2020-21,2021-22,A,0.20470121052968682,0.21222699032857237,0.5830717991417409
2022-23,2022-11-06,Chelsea,Arsenal,2022-23,A,2,Tuned Random Forest,Isotonic,2020-21,2021-22,A,0.2906062246976612,0.29602124751811454,0.4133725277842242
2022-23,2022-11-06,Southampton,Newcastle,2022-23,A,2,Tuned Random Forest,Isotonic,2020-21,2021-22,A,0.19296524078027286,0.2573917462525138,0.5496430129672133
2022-23,2022-11-06,Tottenham,Liverpool,2022-23,A,2,Tuned Random Forest,Isotonic,2020-21,2021-22,A,0.29959040245006163,0.2547603821140191,0.44564921543591934
2022-23,2022-11-06,West Ham,Crystal Palace,2022-23,A,2,Tuned Random Forest,Isotonic,2020-21,2021-22,H,0.38692195393486184,0.22938044174640018,0.383697604318738
2022-23,2022-11-12,Bournemouth,Everton,2022-23,H,2,Tuned Random Forest,Isotonic,2020-21,2021-22,A,0.29959040245006163,0.2547603821140191,0.44564921543591934
2022-23,2022-11-12,Liverpool,Southampton,2022-23,H,2,Tuned Random Forest,Isotonic,2020-21,2021-22,H,0.6555399561039911,0.18742046029587955,0.1570395836001293
2022-23,2022-11-12,Man City,Brentford,2022-23,A,2,Tuned Random Forest,Isotonic,2020-21,2021-22,H,0.7351836380261955,0.08869752846833452,0.17611883350547
2022-23,2022-11-12,Newcastle,Chelsea,2022-23,H,2,Tuned Random Forest,Isotonic,2020-21,2021-22,H,0.47657353242431694,0.2598872429141584,0.2635392246615245
2022-23,2022-11-12,Nott'm Forest,Crystal Palace,2022-23,H,2,Tuned Random Forest,Isotonic,2020-21,2021-22,A,0.29420885982649553,0.2501841211793214,0.45560701899418315
2022-23,2022-11-12,Tottenham,Leeds,2022-23,H,2,Tuned Random Forest,Isotonic,2020-21,2021-22,H,0.5917885899271031,0.1771247493091953,0.23108666076370163
2022-23,2022-11-12,West Ham,Leicester,2022-23,A,2,Tuned Random Forest,Isotonic,2020-21,2021-22,A,0.3055477130130462,0.25982625439492696,0.43462603259202687
2022-23,2022-11-12,Wolves,Arsenal,2022-23,A,2,Tuned Random Forest,Isotonic,2020-21,2021-22,A,1.0554323725044292e-12,0.20842572062062256,0.7915742793783219
2022-23,2022-11-13,Brighton,Aston Villa,2022-23,A,2,Tuned Random Forest,Isotonic,2020-21,2021-22,H,0.5010312736377659,0.22190467558714835,0.2770640507750858
2022-23,2022-11-13,Fulham,Man United,2022-23,A,2,Tuned Random Forest,Isotonic,2020-21,2021-22,A,0.20470121052968682,0.21222699032857237,0.5830717991417409
2022-23,2022-12-26,Arsenal,West Ham,2022-23,H,2,Tuned Random Forest,Isotonic,2020-21,2021-22,H,0.6555399561039911,0.18742046029587955,0.1570395836001293
2022-23,2022-12-26,Aston Villa,Liverpool,2022-23,A,2,Tuned Random Forest,Isotonic,2020-21,2021-22,A,1.139628423672327e-12,0.22505267190167802,0.7749473280971824
2022-23,2022-12-26,Brentford,Tottenham,2022-23,D,2,Tuned Random Forest,Isotonic,2020-21,2021-22,A,0.22705867069388289,0.2062608596807457,0.5666804696253714
2022-23,2022-12-26,Crystal Palace,Fulham,2022-23,A,2,Tuned Random Forest,Isotonic,2020-21,2021-22,H,0.47657353242431694,0.2598872429141584,0.2635392246615245
2022-23,2022-12-26,Everton,Wolves,2022-23,A,2,Tuned Random Forest,Isotonic,2020-21,2021-22,H,0.47657353242431694,0.2598872429141584,0.2635392246615245
2022-23,2022-12-26,Leicester,Newcastle,2022-23,A,2,Tuned Random Forest,Isotonic,2020-21,2021-22,A,0.2208305866842452,0.3091628213579433,0.47000659195781147
2022-23,2022-12-26,Southampton,Brighton,2022-23,A,2,Tuned Random Forest,Isotonic,2020-21,2021-22,A,0.21438643046370406,0.25055977605986,0.5350537934764359
2022-23,2022-12-27,Chelsea,Bournemouth,2022-23,H,2,Tuned Random Forest,Isotonic,2020-21,2021-22,H,0.5917885899271031,0.1771247493091953,0.23108666076370163
2022-23,2022-12-27,Man United,Nott'm Forest,2022-23,H,2,Tuned Random Forest,Isotonic,2020-21,2021-22,H,0.5917885899271031,0.1771247493091953,0.23108666076370163
2022-23,2022-12-28,Leeds,Man City,2022-23,A,2,Tuned Random Forest,Isotonic,2020-21,2021-22,A,1.0554323725044292e-12,0.20842572062062256,0.7915742793783219
2022-23,2022-12-30,Liverpool,Leicester,2022-23,H,2,Tuned Random Forest,Isotonic,2020-21,2021-22,H,0.6683942954635889,0.17148676615143657,0.16011893838497443
2022-23,2022-12-30,West Ham,Brentford,2022-23,A,2,Tuned Random Forest,Isotonic,2020-21,2021-22,H,0.38692195393486184,0.22938044174640018,0.383697604318738
2022-23,2022-12-31,Bournemouth,Crystal Palace,2022-23,A,2,Tuned Random Forest,Isotonic,2020-21,2021-22,A,0.29420885982649553,0.2501841211793214,0.45560701899418315
2022-23,2022-12-31,Brighton,Arsenal,2022-23,A,2,Tuned Random Forest,Isotonic,2020-21,2021-22,A,0.2027682904907424,0.2196656480316376,0.5775660614776199
2022-23,2022-12-31,Fulham,Southampton,2022-23,H,2,Tuned Random Forest,Isotonic,2020-21,2021-22,H,0.5010312736377659,0.22190467558714835,0.2770640507750858
2022-23,2022-12-31,Man City,Everton,2022-23,D,2,Tuned Random Forest,Isotonic,2020-21,2021-22,H,0.6683942954635889,0.17148676615143657,0.16011893838497443
2022-23,2022-12-31,Newcastle,Leeds,2022-23,D,2,Tuned Random Forest,Isotonic,2020-21,2021-22,H,0.645123429009847,0.19308808514022402,0.16178848584992903
2022-23,2022-12-31,Wolves,Man United,2022-23,A,2,Tuned Random Forest,Isotonic,2020-21,2021-22,A,0.2027682904907424,0.2196656480316376,0.5775660614776199
2022-23,2023-01-01,Nott'm Forest,Chelsea,2022-23,D,2,Tuned Random Forest,Isotonic,2020-21,2021-22,A,0.20470121052968682,0.21222699032857237,0.5830717991417409
2022-23,2023-01-01,Tottenham,Aston Villa,2022-23,A,2,Tuned Random Forest,Isotonic,2020-21,2021-22,H,0.5917885899271031,0.1771247493091953,0.23108666076370163
2022-23,2023-01-02,Brentford,Liverpool,2022-23,H,2,Tuned Random Forest,Isotonic,2020-21,2021-22,A,0.09518730835888549,0.206772430342621,0.6980402612984935
2022-23,2023-01-03,Arsenal,Newcastle,2022-23,D,2,Tuned Random Forest,Isotonic,2020-21,2021-22,H,0.5058565833194112,0.21441102978162377,0.27973238689896507
2022-23,2023-01-03,Everton,Brighton,2022-23,A,2,Tuned Random Forest,Isotonic,2020-21,2021-22,A,0.2307637887885675,0.2697004801867688,0.49953573102466375
2022-23,2023-01-03,Leicester,Fulham,2022-23,A,2,Tuned Random Forest,Isotonic,2020-21,2021-22,H,0.47657353242431694,0.2598872429141584,0.2635392246615245
2022-23,2023-01-03,Man United,Bournemouth,2022-23,H,2,Tuned Random Forest,Isotonic,2020-21,2021-22,H,0.645123429009847,0.19308808514022402,0.16178848584992903
2022-23,2023-01-04,Aston Villa,Wolves,2022-23,D,2,Tuned Random Forest,Isotonic,2020-21,2021-22,H,0.47657353242431694,0.2598872429141584,0.2635392246615245
2022-23,2023-01-04,Crystal Palace,Tottenham,2022-23,A,2,Tuned Random Forest,Isotonic,2020-21,2021-22,A,0.22497435702617483,0.2135470880978612,0.561478554875964
2022-23,2023-01-04,Leeds,West Ham,2022-23,D,2,Tuned Random Forest,Isotonic,2020-21,2021-22,H,0.5010312736377659,0.22190467558714835,0.2770640507750858
2022-23,2023-01-04,Southampton,Nott'm Forest,2022-23,A,2,Tuned Random Forest,Isotonic,2020-21,2021-22,H,0.5058565833194112,0.21441102978162377,0.27973238689896507
2022-23,2023-01-05,Chelsea,Man City,2022-23,A,2,Tuned Random Forest,Isotonic,2020-21,2021-22,A,0.22705867069388289,0.2062608596807457,0.5666804696253714
2022-23,2023-01-12,Fulham,Chelsea,2022-23,H,2,Tuned Random Forest,Isotonic,2020-21,2021-22,A,0.2430776214253291,0.23073082160689967,0.5261915569677712
2022-23,2023-01-13,Aston Villa,Leeds,2022-23,H,2,Tuned Random Forest,Isotonic,2020-21,2021-22,H,0.47657353242431694,0.2598872429141584,0.2635392246615245
2022-23,2023-01-14,Brentford,Bournemouth,2022-23,H,2,Tuned Random Forest,Isotonic,2020-21,2021-22,H,0.5917885899271031,0.1771247493091953,0.23108666076370163
2022-23,2023-01-14,Brighton,Liverpool,2022-23,H,2,Tuned Random Forest,Isotonic,2020-21,2021-22,A,0.20470121052968682,0.21222699032857237,0.5830717991417409
2022-23,2023-01-14,Everton,Southampton,2022-23,A,2,Tuned Random Forest,Isotonic,2020-21,2021-22,H,0.47657353242431694,0.2598872429141584,0.2635392246615245
2022-23,2023-01-14,Man United,Man City,2022-23,H,2,Tuned Random Forest,Isotonic,2020-21,2021-22,A,0.2430776214253291,0.23073082160689967,0.5261915569677712
2022-23,2023-01-14,Nott'm Forest,Leicester,2022-23,H,2,Tuned Random Forest,Isotonic,2020-21,2021-22,A,0.29959040245006163,0.2547603821140191,0.44564921543591934
2022-23,2023-01-14,Wolves,West Ham,2022-23,H,2,Tuned Random Forest,Isotonic,2020-21,2021-22,H,0.5010312736377659,0.22190467558714835,0.2770640507750858
2022-23,2023-01-15,Chelsea,Crystal Palace,2022-23,H,2,Tuned Random Forest,Isotonic,2020-21,2021-22,H,0.47657353242431694,0.2598872429141584,0.2635392246615245
2022-23,2023-01-15,Newcastle,Fulham,2022-23,H,2,Tuned Random Forest,Isotonic,2020-21,2021-22,H,0.5917885899271031,0.1771247493091953,0.23108666076370163
2022-23,2023-01-15,Tottenham,Arsenal,2022-23,A,2,Tuned Random Forest,Isotonic,2020-21,2021-22,A,0.29420885982649553,0.2501841211793214,0.45560701899418315
2022-23,2023-01-18,Crystal Palace,Man United,2022-23,D,2,Tuned Random Forest,Isotonic,2020-21,2021-22,A,0.19296524078027286,0.2573917462525138,0.5496430129672133
2022-23,2023-01-19,Man City,Tottenham,2022-23,H,2,Tuned Random Forest,Isotonic,2020-21,2021-22,H,0.5917885899271031,0.1771247493091953,0.23108666076370163
2022-23,2023-01-21,Bournemouth,Nott'm Forest,2022-23,D,2,Tuned Random Forest,Isotonic,2020-21,2021-22,A,0.29420885982649553,0.2501841211793214,0.45560701899418315
2022-23,2023-01-21,Crystal Palace,Newcastle,2022-23,D,2,Tuned Random Forest,Isotonic,2020-21,2021-22,A,0.20470121052968682,0.21222699032857237,0.5830717991417409
2022-23,2023-01-21,Leicester,Brighton,2022-23,D,2,Tuned Random Forest,Isotonic,2020-21,2021-22,A,0.23271574488498284,0.27198178913593435,0.4953024659790829
2022-23,2023-01-21,Liverpool,Chelsea,2022-23,D,2,Tuned Random Forest,Isotonic,2020-21,2021-22,H,0.5058565833194112,0.21441102978162377,0.27973238689896507
2022-23,2023-01-21,Southampton,Aston Villa,2022-23,A,2,Tuned Random Forest,Isotonic,2020-21,2021-22,A,0.29420885982649553,0.2501841211793214,0.45560701899418315
2022-23,2023-01-21,West Ham,Everton,2022-23,H,2,Tuned Random Forest,Isotonic,2020-21,2021-22,H,0.47657353242431694,0.2598872429141584,0.2635392246615245
2022-23,2023-01-22,Arsenal,Man United,2022-23,H,2,Tuned Random Forest,Isotonic,2020-21,2021-22,H,0.5917885899271031,0.1771247493091953,0.23108666076370163
2022-23,2023-01-22,Leeds,Brentford,2022-23,D,2,Tuned Random Forest,Isotonic,2020-21,2021-22,A,0.23271574488498284,0.27198178913593435,0.4953024659790829
2022-23,2023-01-22,Man City,Wolves,2022-23,H,2,Tuned Random Forest,Isotonic,2020-21,2021-22,H,0.6683942954635889,0.17148676615143657,0.16011893838497443
2022-23,2023-01-23,Fulham,Tottenham,2022-23,A,2,Tuned Random Forest,Isotonic,2020-21,2021-22,A,0.2748653409977103,0.22104104777862899,0.5040936112236607
2022-23,2023-02-03,Chelsea,Fulham,2022-23,D,2,Tuned Random Forest,Isotonic,2020-21,2021-22,H,0.5010312736377659,0.22190467558714835,0.2770640507750858
2022-23,2023-02-04,Aston Villa,Leicester,2022-23,A,2,Tuned Random Forest,Isotonic,2020-21,2021-22,H,0.47657353242431694,0.2598872429141584,0.2635392246615245
2022-23,2023-02-04,Brentford,Southampton,2022-23,H,2,Tuned Random Forest,Isotonic,2020-21,2021-22,H,0.5010312736377659,0.22190467558714835,0.2770640507750858
2022-23,2023-02-04,Brighton,Bournemouth,2022-23,H,2,Tuned Random Forest,Isotonic,2020-21,2021-22,H,0.645123429009847,0.19308808514022402,0.16178848584992903
2022-23,2023-02-04,Everton,Arsenal,2022-23,H,2,Tuned Random Forest,Isotonic,2020-21,2021-22,A,9.230769230769232e-13,0.07692307692307693,0.9230769230760001
2022-23,2023-02-04,Man United,Crystal Palace,2022-23,H,2,Tuned Random Forest,Isotonic,2020-21,2021-22,H,0.5917885899271031,0.1771247493091953,0.23108666076370163
2022-23,2023-02-04,Newcastle,West Ham,2022-23,D,2,Tuned Random Forest,Isotonic,2020-21,2021-22,H,0.645123429009847,0.19308808514022402,0.16178848584992903
2022-23,2023-02-04,Wolves,Liverpool,2022-23,H,2,Tuned Random Forest,Isotonic,2020-21,2021-22,A,0.20470121052968682,0.21222699032857237,0.5830717991417409
2022-23,2023-02-05,Nott'm Forest,Leeds,2022-23,H,2,Tuned Random Forest,Isotonic,2020-21,2021-22,H,0.45578885493609717,0.27020707361032476,0.2740040714535781
2022-23,2023-02-05,Tottenham,Man City,2022-23,H,2,Tuned Random Forest,Isotonic,2020-21,2021-22,A,0.22705867069388289,0.2062608596807457,0.5666804696253714
2022-23,2023-02-08,Man United,Leeds,2022-23,D,2,Tuned Random Forest,Isotonic,2020-21,2021-22,H,0.6453559470074004,0.19296157226623245,0.16168248072636712
2022-23,2023-02-11,Arsenal,Brentford,2022-23,D,2,Tuned Random Forest,Isotonic,2020-21,2021-22,H,0.5917885899271031,0.1771247493091953,0.23108666076370163
2022-23,2023-02-11,Bournemouth,Newcastle,2022-23,D,2,Tuned Random Forest,Isotonic,2020-21,2021-22,A,0.18061088977423642,0.18725099601593628,0.6321381142098275
2022-23,2023-02-11,Crystal Palace,Brighton,2022-23,D,2,Tuned Random Forest,Isotonic,2020-21,2021-22,A,0.2835387188417199,0.2539664013656089,0.4624948797926712
2022-23,2023-02-11,Fulham,Nott'm Forest,2022-23,H,2,Tuned Random Forest,Isotonic,2020-21,2021-22,H,0.39585661480271644,0.23467721138141498,0.3694661738158687
2022-23,2023-02-11,Leicester,Tottenham,2022-23,H,2,Tuned Random Forest,Isotonic,2020-21,2021-22,A,0.22705867069388289,0.2062608596807457,0.5666804696253714
2022-23,2023-02-11,Southampton,Wolves,2022-23,A,2,Tuned Random Forest,Isotonic,2020-21,2021-22,A,0.29420885982649553,0.2501841211793214,0.45560701899418315
2022-23,2023-02-11,West Ham,Chelsea,2022-23,D,2,Tuned Random Forest,Isotonic,2020-21,2021-22,A,0.21438643046370406,0.25055977605986,0.5350537934764359
2022-23,2023-02-12,Leeds,Man United,2022-23,A,2,Tuned Random Forest,Isotonic,2020-21,2021-22,A,0.20470121052968682,0.21222699032857237,0.5830717991417409
2022-23,2023-02-12,Man City,Aston Villa,2022-23,H,2,Tuned Random Forest,Isotonic,2020-21,2021-22,H,0.7351836380261955,0.08869752846833452,0.17611883350547
2022-23,2023-02-13,Liverpool,Everton,2022-23,H,2,Tuned Random Forest,Isotonic,2020-21,2021-22,H,0.5917885899271031,0.1771247493091953,0.23108666076370163
2022-23,2023-02-15,Arsenal,Man City,2022-23,A,2,Tuned Random Forest,Isotonic,2020-21,2021-22,A,0.29420885982649553,0.2501841211793214,0.45560701899418315
2022-23,2023-02-18,Aston Villa,Arsenal,2022-23,A,2,Tuned Random Forest,Isotonic,2020-21,2021-22,A,0.09387671384168757,0.20392546662248937,0.702197819535823
2022-23,2023-02-18,Brentford,Crystal Palace,2022-23,D,2,Tuned Random Forest,Isotonic,2020-21,2021-22,H,0.47657353242431694,0.2598872429141584,0.2635392246615245
2022-23,2023-02-18,Brighton,Fulham,2022-23,A,2,Tuned Random Forest,Isotonic,2020-21,2021-22,H,0.47657353242431694,0.2598872429141584,0.2635392246615245
2022-23,2023-02-18,Chelsea,Southampton,2022-23,A,2,Tuned Random Forest,Isotonic,2020-21,2021-22,H,0.645123429009847,0.19308808514022402,0.16178848584992903
2022-23,2023-02-18,Everton,Leeds,2022-23,H,2,Tuned Random Forest,Isotonic,2020-21,2021-22,H,0.47657353242431694,0.2598872429141584,0.2635392246615245
2022-23,2023-02-18,Newcastle,Liverpool,2022-23,A,2,Tuned Random Forest,Isotonic,2020-21,2021-22,A,0.39705882352941174,0.19117647058823528,0.4117647058823529
2022-23,2023-02-18,Nott'm Forest,Man City,2022-23,D,2,Tuned Random Forest,Isotonic,2020-21,2021-22,A,1.0554323725044292e-12,0.20842572062062256,0.7915742793783219
2022-23,2023-02-18,Wolves,Bournemouth,2022-23,A,2,Tuned Random Forest,Isotonic,2020-21,2021-22,H,0.47657353242431694,0.2598872429141584,0.2635392246615245
2022-23,2023-02-19,Man United,Leicester,2022-23,H,2,Tuned Random Forest,Isotonic,2020-21,2021-22,H,0.5917885899271031,0.1771247493091953,0.23108666076370163
2022-23,2023-02-19,Tottenham,West Ham,2022-23,H,2,Tuned Random Forest,Isotonic,2020-21,2021-22,H,0.5058565833194112,0.21441102978162377,0.27973238689896507
2022-23,2023-02-24,Fulham,Wolves,2022-23,D,2,Tuned Random Forest,Isotonic,2020-21,2021-22,H,0.45578885493609717,0.27020707361032476,0.2740040714535781
2022-23,2023-02-25,Bournemouth,Man City,2022-23,A,2,Tuned Random Forest,Isotonic,2020-21,2021-22,A,1.0554323725044292e-12,0.20842572062062256,0.7915742793783219
2022-23,2023-02-25,Crystal Palace,Liverpool,2022-23,D,2,Tuned Random Forest,Isotonic,2020-21,2021-22,A,0.20470121052968682,0.21222699032857237,0.5830717991417409
2022-23,2023-02-25,Everton,Aston Villa,2022-23,A,2,Tuned Random Forest,Isotonic,2020-21,2021-22,H,0.4159974088983191,0.22685359614507528,0.3571489949566057
2022-23,2023-02-25,Leeds,Southampton,2022-23,H,2,Tuned Random Forest,Isotonic,2020-21,2021-22,H,0.47657353242431694,0.2598872429141584,0.2635392246615245
2022-23,2023-02-25,Leicester,Arsenal,2022-23,A,2,Tuned Random Forest,Isotonic,2020-21,2021-22,A,0.17835597754812985,0.1849131826050464,0.6367308398468237
2022-23,2023-02-25,West Ham,Nott'm Forest,2022-23,H,2,Tuned Random Forest,Isotonic,2020-21,2021-22,H,0.4159974088983191,0.22685359614507528,0.3571489949566057
2022-23,2023-02-26,Tottenham,Chelsea,2022-23,H,2,Tuned Random Forest,Isotonic,2020-21,2021-22,H,0.47657353242431694,0.2598872429141584,0.2635392246615245
2022-23,2023-03-01,Arsenal,Everton,2022-23,H,2,Tuned Random Forest,Isotonic,2020-21,2021-22,H,0.6683942954635889,0.17148676615143657,0.16011893838497443
2022-23,2023-03-01,Liverpool,Wolves,2022-23,H,2,Tuned Random Forest,Isotonic,2020-21,2021-22,H,0.6683942954635889,0.17148676615143657,0.16011893838497443
2022-23,2023-03-04,Arsenal,Bournemouth,2022-23,H,2,Tuned Random Forest,Isotonic,2020-21,2021-22,H,0.7323564845567136,0.09220194805941137,0.17544156738387504
2022-23,2023-03-04,Aston Villa,Crystal Palace,2022-23,H,2,Tuned Random Forest,Isotonic,2020-21,2021-22,A,0.3055477130130462,0.25982625439492696,0.43462603259202687
2022-23,2023-03-04,Brighton,West Ham,2022-23,H,2,Tuned Random Forest,Isotonic,2020-21,2021-22,H,0.47657353242431694,0.2598872429141584,0.2635392246615245
2022-23,2023-03-04,Chelsea,Leeds,2022-23,H,2,Tuned Random Forest,Isotonic,2020-21,2021-22,H,0.5010312736377659,0.22190467558714835,0.2770640507750858
2022-23,2023-03-04,Man City,Newcastle,2022-23,H,2,Tuned Random Forest,Isotonic,2020-21,2021-22,H,0.6136591001601865,0.15744361572218654,0.22889728411762678
2022-23,2023-03-04,Southampton,Leicester,2022-23,H,2,Tuned Random Forest,Isotonic,2020-21,2021-22,A,0.2307637887885675,0.2697004801867688,0.49953573102466375
2022-23,2023-03-04,Wolves,Tottenham,2022-23,H,2,Tuned Random Forest,Isotonic,2020-21,2021-22,A,0.20470121052968682,0.21222699032857237,0.5830717991417409
2022-23,2023-03-05,Liverpool,Man United,2022-23,H,2,Tuned Random Forest,Isotonic,2020-21,2021-22,H,0.47657353242431694,0.2598872429141584,0.2635392246615245
2022-23,2023-03-05,Nott'm Forest,Everton,2022-23,D,2,Tuned Random Forest,Isotonic,2020-21,2021-22,H,0.47657353242431694,0.2598872429141584,0.2635392246615245
2022-23,2023-03-06,Brentford,Fulham,2022-23,H,2,Tuned Random Forest,Isotonic,2020-21,2021-22,H,0.47657353242431694,0.2598872429141584,0.2635392246615245
2022-23,2023-03-11,Bournemouth,Liverpool,2022-23,H,2,Tuned Random Forest,Isotonic,2020-21,2021-22,A,1.078498293514195e-12,0.1911262798632751,0.8088737201356464
2022-23,2023-03-11,Crystal Palace,Man City,2022-23,A,2,Tuned Random Forest,Isotonic,2020-21,2021-22,A,1.078498293514195e-12,0.1911262798632751,0.8088737201356464
2022-23,2023-03-11,Everton,Brentford,2022-23,H,2,Tuned Random Forest,Isotonic,2020-21,2021-22,A,0.21438643046370406,0.25055977605986,0.5350537934764359
2022-23,2023-03-11,Leeds,Brighton,2022-23,D,2,Tuned Random Forest,Isotonic,2020-21,2021-22,A,0.22497435702617483,0.2135470880978612,0.561478554875964
2022-23,2023-03-11,Leicester,Chelsea,2022-23,A,2,Tuned Random Forest,Isotonic,2020-21,2021-22,A,0.2307637887885675,0.2697004801867688,0.49953573102466375
2022-23,2023-03-11,Tottenham,Nott'm Forest,2022-23,H,2,Tuned Random Forest,Isotonic,2020-21,2021-22,H,0.645123429009847,0.19308808514022402,0.16178848584992903
2022-23,2023-03-12,Fulham,Arsenal,2022-23,A,2,Tuned Random Forest,Isotonic,2020-21,2021-22,A,0.18061088977423642,0.18725099601593628,0.6321381142098275
2022-23,2023-03-12,Man United,Southampton,2022-23,D,2,Tuned Random Forest,Isotonic,2020-21,2021-22,H,0.6683942954635889,0.17148676615143657,0.16011893838497443
2022-23,2023-03-12,Newcastle,Wolves,2022-23,H,2,Tuned Random Forest,Isotonic,2020-21,2021-22,H,0.645123429009847,0.19308808514022402,0.16178848584992903
2022-23,2023-03-12,West Ham,Aston Villa,2022-23,D,2,Tuned Random Forest,Isotonic,2020-21,2021-22,H,0.39585661480271644,0.23467721138141498,0.3694661738158687
2022-23,2023-03-15,Brighton,Crystal Palace,2022-23,H,2,Tuned Random Forest,Isotonic,2020-21,2021-22,H,0.5917885899271031,0.1771247493091953,0.23108666076370163
2022-23,2023-03-15,Southampton,Brentford,2022-23,A,2,Tuned Random Forest,Isotonic,2020-21,2021-22,A,0.2307637887885675,0.2697004801867688,0.49953573102466375
2022-23,2023-03-17,Nott'm Forest,Newcastle,2022-23,A,2,Tuned Random Forest,Isotonic,2020-21,2021-22,A,0.20470121052968682,0.21222699032857237,0.5830717991417409
2022-23,2023-03-18,Aston Villa,Bournemouth,2022-23,H,2,Tuned Random Forest,Isotonic,2020-21,2021-22,H,0.47657353242431694,0.2598872429141584,0.2635392246615245
2022-23,2023-03-18,Brentford,Leicester,2022-23,D,2,Tuned Random Forest,Isotonic,2020-21,2021-22,H,0.47657353242431694,0.2598872429141584,0.2635392246615245
2022-23,2023-03-18,Chelsea,Everton,2022-23,D,2,Tuned Random Forest,Isotonic,2020-21,2021-22,H,0.5917885899271031,0.1771247493091953,0.23108666076370163
2022-23,2023-03-18,Southampton,Tottenham,2022-23,D,2,Tuned Random Forest,Isotonic,2020-21,2021-22,A,0.20470121052968682,0.21222699032857237,0.5830717991417409
2022-23,2023-03-18,Wolves,Leeds,2022-23,A,2,Tuned Random Forest,Isotonic,2020-21,2021-22,H,0.47657353242431694,0.2598872429141584,0.2635392246615245
2022-23,2023-03-19,Arsenal,Crystal Palace,2022-23,H,2,Tuned Random Forest,Isotonic,2020-21,2021-22,H,0.6683942954635889,0.17148676615143657,0.16011893838497443
2022-23,2023-04-01,Arsenal,Leeds,2022-23,H,2,Tuned Random Forest,Isotonic,2020-21,2021-22,H,0.7351836380261955,0.08869752846833452,0.17611883350547
2022-23,2023-04-01,Bournemouth,Fulham,2022-23,H,2,Tuned Random Forest,Isotonic,2020-21,2021-22,A,0.29959040245006163,0.2547603821140191,0.44564921543591934
2022-23,2023-04-01,Brighton,Brentford,2022-23,D,2,Tuned Random Forest,Isotonic,2020-21,2021-22,H,0.47657353242431694,0.2598872429141584,0.2635392246615245
2022-23,2023-04-01,Chelsea,Aston Villa,2022-23,A,2,Tuned Random Forest,Isotonic,2020-21,2021-22,H,0.47657353242431694,0.2598872429141584,0.2635392246615245
2022-23,2023-04-01,Crystal Palace,Leicester,2022-23,H,2,Tuned Random Forest,Isotonic,2020-21,2021-22,H,0.4754414034292834,0.210571028077081,0.3139875684936356
2022-23,2023-04-01,Man City,Liverpool,2022-23,H,2,Tuned Random Forest,Isotonic,2020-21,2021-22,H,0.6683942954635889,0.17148676615143657,0.16011893838497443
2022-23,2023-04-01,Nott'm Forest,Wolves,2022-23,D,2,Tuned Random Forest,Isotonic,2020-21,2021-22,H,0.4159974088983191,0.22685359614507528,0.3571489949566057
2022-23,2023-04-02,Newcastle,Man United,2022-23,H,2,Tuned Random Forest,Isotonic,2020-21,2021-22,H,0.4327538222431055,0.2565511258900495,0.31069505186684504
2022-23,2023-04-02,West Ham,Southampton,2022-23,H,2,Tuned Random Forest,Isotonic,2020-21,2021-22,H,0.47657353242431694,0.2598872429141584,0.2635392246615245
2022-23,2023-04-03,Everton,Tottenham,2022-23,D,2,Tuned Random Forest,Isotonic,2020-21,2021-22,A,0.18061088977423642,0.18725099601593628,0.6321381142098275
2022-23,2023-04-04,Bournemouth,Brighton,2022-23,A,2,Tuned Random Forest,Isotonic,2020-21,2021-22,A,0.2027682904907424,0.2196656480316376,0.5775660614776199
2022-23,2023-04-04,Chelsea,Liverpool,2022-23,D,2,Tuned Random Forest,Isotonic,2020-21,2021-22,A,0.22705867069388289,0.2062608596807457,0.5666804696253714
2022-23,2023-04-04,Leeds,Nott'm Forest,2022-23,H,2,Tuned Random Forest,Isotonic,2020-21,2021-22,H,0.5058565833194112,0.21441102978162377,0.27973238689896507
2022-23,2023-04-04,Leicester,Aston Villa,2022-23,A,2,Tuned Random Forest,Isotonic,2020-21,2021-22,A,0.2906062246976612,0.29602124751811454,0.4133725277842242
2022-23,2023-04-05,Man United,Brentford,2022-23,H,2,Tuned Random Forest,Isotonic,2020-21,2021-22,H,0.47657353242431694,0.2598872429141584,0.2635392246615245
2022-23,2023-04-05,West Ham,Newcastle,2022-23,A,2,Tuned Random Forest,Isotonic,2020-21,2021-22,A,0.22497435702617483,0.2135470880978612,0.561478554875964
2022-23,2023-04-08,Aston Villa,Nott'm Forest,2022-23,H,2,Tuned Random Forest,Isotonic,2020-21,2021-22,H,0.5917885899271031,0.1771247493091953,0.23108666076370163
2022-23,2023-04-08,Brentford,Newcastle,2022-23,A,2,Tuned Random Forest,Isotonic,2020-21,2021-22,A,0.29420885982649553,0.2501841211793214,0.45560701899418315
2022-23,2023-04-08,Fulham,West Ham,2022-23,A,2,Tuned Random Forest,Isotonic,2020-21,2021-22,H,0.5010312736377659,0.22190467558714835,0.2770640507750858
2022-23,2023-04-08,Leicester,Bournemouth,2022-23,A,2,Tuned Random Forest,Isotonic,2020-21,2021-22,H,0.47657353242431694,0.2598872429141584,0.2635392246615245
2022-23,2023-04-08,Man United,Everton,2022-23,H,2,Tuned Random Forest,Isotonic,2020-21,2021-22,H,0.5917885899271031,0.1771247493091953,0.23108666076370163
2022-23,2023-04-08,Southampton,Man City,2022-23,A,2,Tuned Random Forest,Isotonic,2020-21,2021-22,A,1.078498293514195e-12,0.1911262798632751,0.8088737201356464
2022-23,2023-04-08,Tottenham,Brighton,2022-23,H,2,Tuned Random Forest,Isotonic,2020-21,2021-22,H,0.47657353242431694,0.2598872429141584,0.2635392246615245
2022-23,2023-04-08,Wolves,Chelsea,2022-23,H,2,Tuned Random Forest,Isotonic,2020-21,2021-22,A,0.22497435702617483,0.2135470880978612,0.561478554875964
2022-23,2023-04-09,Leeds,Crystal Palace,2022-23,A,2,Tuned Random Forest,Isotonic,2020-21,2021-22,H,0.5010312736377659,0.22190467558714835,0.2770640507750858
2022-23,2023-04-09,Liverpool,Arsenal,2022-23,D,2,Tuned Random Forest,Isotonic,2020-21,2021-22,A,0.28636346569257254,0.29169943089181305,0.42193710341561425
2022-23,2023-04-15,Aston Villa,Newcastle,2022-23,H,2,Tuned Random Forest,Isotonic,2020-21,2021-22,A,0.29420885982649553,0.2501841211793214,0.45560701899418315
2022-23,2023-04-15,Chelsea,Brighton,2022-23,A,2,Tuned Random Forest,Isotonic,2020-21,2021-22,A,0.3055477130130462,0.25982625439492696,0.43462603259202687
2022-23,2023-04-15,Everton,Fulham,2022-23,A,2,Tuned Random Forest,Isotonic,2020-21,2021-22,H,0.4533631454560063,0.24723004928974557,0.29940680525424807
2022-23,2023-04-15,Man City,Leicester,2022-23,H,2,Tuned Random Forest,Isotonic,2020-21,2021-22,H,0.8067394317384895,1.167966042964679e-12,0.19326056826034255
2022-23,2023-04-15,Southampton,Crystal Palace,2022-23,A,2,Tuned Random Forest,Isotonic,2020-21,2021-22,A,0.2307637887885675,0.2697004801867688,0.49953573102466375
2022-23,2023-04-15,Tottenham,Bournemouth,2022-23,A,2,Tuned Random Forest,Isotonic,2020-21,2021-22,H,0.6555399561039911,0.18742046029587955,0.1570395836001293
2022-23,2023-04-15,Wolves,Brentford,2022-23,H,2,Tuned Random Forest,Isotonic,2020-21,2021-22,A,0.29959040245006163,0.2547603821140191,0.44564921543591934
2022-23,2023-04-16,Nott'm Forest,Man United,2022-23,A,2,Tuned Random Forest,Isotonic,2020-21,2021-22,A,0.18061088977423642,0.18725099601593628,0.6321381142098275
2022-23,2023-04-16,West Ham,Arsenal,2022-23,D,2,Tuned Random Forest,Isotonic,2020-21,2021-22,A,1.0554323725044292e-12,0.20842572062062256,0.7915742793783219
2022-23,2023-04-17,Leeds,Liverpool,2022-23,A,2,Tuned Random Forest,Isotonic,2020-21,2021-22,A,0.17835597754812985,0.1849131826050464,0.6367308398468237
2022-23,2023-04-21,Arsenal,Southampton,2022-23,D,2,Tuned Random Forest,Isotonic,2020-21,2021-22,H,0.6683942954635889,0.17148676615143657,0.16011893838497443
2022-23,2023-04-22,Brentford,Aston Villa,2022-23,D,2,Tuned Random Forest,Isotonic,2020-21,2021-22,A,0.2906062246976612,0.29602124751811454,0.4133725277842242
2022-23,2023-04-22,Crystal Palace,Everton,2022-23,D,2,Tuned Random Forest,Isotonic,2020-21,2021-22,H,0.47657353242431694,0.2598872429141584,0.2635392246615245
2022-23,2023-04-22,Fulham,Leeds,2022-23,H,2,Tuned Random Forest,Isotonic,2020-21,2021-22,H,0.47657353242431694,0.2598872429141584,0.2635392246615245
2022-23,2023-04-22,Leicester,Wolves,2022-23,H,2,Tuned Random Forest,Isotonic,2020-21,2021-22,H,0.38692195393486184,0.22938044174640018,0.383697604318738
2022-23,2023-04-22,Liverpool,Nott'm Forest,2022-23,H,2,Tuned Random Forest,Isotonic,2020-21,2021-22,H,0.6683942954635889,0.17148676615143657,0.16011893838497443
2022-23,2023-04-23,Bournemouth,West Ham,2022-23,A,2,Tuned Random Forest,Isotonic,2020-21,2021-22,H,0.38692195393486184,0.22938044174640018,0.383697604318738
2022-23,2023-04-23,Newcastle,Tottenham,2022-23,H,2,Tuned Random Forest,Isotonic,2020-21,2021-22,H,0.47657353242431694,0.2598872429141584,0.2635392246615245
2022-23,2023-04-25,Aston Villa,Fulham,2022-23,H,2,Tuned Random Forest,Isotonic,2020-21,2021-22,H,0.47657353242431694,0.2598872429141584,0.2635392246615245
2022-23,2023-04-25,Leeds,Leicester,2022-23,D,2,Tuned Random Forest,Isotonic,2020-21,2021-22,H,0.5010312736377659,0.22190467558714835,0.2770640507750858
2022-23,2023-04-25,Wolves,Crystal Palace,2022-23,H,2,Tuned Random Forest,Isotonic,2020-21,2021-22,A,0.3055477130130462,0.25982625439492696,0.43462603259202687
2022-23,2023-04-26,Chelsea,Brentford,2022-23,A,2,Tuned Random Forest,Isotonic,2020-21,2021-22,H,0.47657353242431694,0.2598872429141584,0.2635392246615245
2022-23,2023-04-26,Man City,Arsenal,2022-23,H,2,Tuned Random Forest,Isotonic,2020-21,2021-22,H,0.5058565833194112,0.21441102978162377,0.27973238689896507
2022-23,2023-04-26,Nott'm Forest,Brighton,2022-23,H,2,Tuned Random Forest,Isotonic,2020-21,2021-22,A,0.2027682904907424,0.2196656480316376,0.5775660614776199
2022-23,2023-04-26,West Ham,Liverpool,2022-23,A,2,Tuned Random Forest,Isotonic,2020-21,2021-22,A,0.20470121052968682,0.21222699032857237,0.5830717991417409
2022-23,2023-04-27,Everton,Newcastle,2022-23,A,2,Tuned Random Forest,Isotonic,2020-21,2021-22,A,0.09518730835888549,0.206772430342621,0.6980402612984935
2022-23,2023-04-27,Southampton,Bournemouth,2022-23,A,2,Tuned Random Forest,Isotonic,2020-21,2021-22,H,0.4533631454560063,0.24723004928974557,0.29940680525424807
2022-23,2023-04-27,Tottenham,Man United,2022-23,D,2,Tuned Random Forest,Isotonic,2020-21,2021-22,H,0.39585661480271644,0.23467721138141498,0.3694661738158687
2022-23,2023-04-29,Brentford,Nott'm Forest,2022-23,H,2,Tuned Random Forest,Isotonic,2020-21,2021-22,H,0.5058565833194112,0.21441102978162377,0.27973238689896507
2022-23,2023-04-29,Brighton,Wolves,2022-23,H,2,Tuned Random Forest,Isotonic,2020-21,2021-22,H,0.5917885899271031,0.1771247493091953,0.23108666076370163
2022-23,2023-04-29,Crystal Palace,West Ham,2022-23,H,2,Tuned Random Forest,Isotonic,2020-21,2021-22,A,0.3055477130130462,0.25982625439492696,0.43462603259202687
2022-23,2023-04-30,Bournemouth,Leeds,2022-23,H,2,Tuned Random Forest,Isotonic,2020-21,2021-22,H,0.47657353242431694,0.2598872429141584,0.2635392246615245
2022-23,2023-04-30,Fulham,Man City,2022-23,A,2,Tuned Random Forest,Isotonic,2020-21,2021-22,A,1.078498293514195e-12,0.1911262798632751,0.8088737201356464
2022-23,2023-04-30,Liverpool,Tottenham,2022-23,H,2,Tuned Random Forest,Isotonic,2020-21,2021-22,H,0.5058565833194112,0.21441102978162377,0.27973238689896507
2022-23,2023-04-30,Man United,Aston Villa,2022-23,H,2,Tuned Random Forest,Isotonic,2020-21,2021-22,H,0.47657353242431694,0.2598872429141584,0.2635392246615245
2022-23,2023-04-30,Newcastle,Southampton,2022-23,H,2,Tuned Random Forest,Isotonic,2020-21,2021-22,H,0.6555399561039911,0.18742046029587955,0.1570395836001293
2022-23,2023-05-01,Leicester,Everton,2022-23,D,2,Tuned Random Forest,Isotonic,2020-21,2021-22,H,0.47657353242431694,0.2598872429141584,0.2635392246615245
2022-23,2023-05-02,Arsenal,Chelsea,2022-23,H,2,Tuned Random Forest,Isotonic,2020-21,2021-22,H,0.6555399561039911,0.18742046029587955,0.1570395836001293
2022-23,2023-05-03,Liverpool,Fulham,2022-23,H,2,Tuned Random Forest,Isotonic,2020-21,2021-22,H,0.6683942954635889,0.17148676615143657,0.16011893838497443
2022-23,2023-05-03,Man City,West Ham,2022-23,H,2,Tuned Random Forest,Isotonic,2020-21,2021-22,H,0.7351836380261955,0.08869752846833452,0.17611883350547
2022-23,2023-05-04,Brighton,Man United,2022-23,H,2,Tuned Random Forest,Isotonic,2020-21,2021-22,A,0.29420885982649553,0.2501841211793214,0.45560701899418315
2022-23,2023-05-06,Bournemouth,Chelsea,2022-23,A,2,Tuned Random Forest,Isotonic,2020-21,2021-22,A,0.29959040245006163,0.2547603821140191,0.44564921543591934
2022-23,2023-05-06,Liverpool,Brentford,2022-23,H,2,Tuned Random Forest,Isotonic,2020-21,2021-22,H,0.5917885899271031,0.1771247493091953,0.23108666076370163
2022-23,2023-05-06,Man City,Leeds,2022-23,H,2,Tuned Random Forest,Isotonic,2020-21,2021-22,H,0.7351836380261955,0.08869752846833452,0.17611883350547
2022-23,2023-05-06,Tottenham,Crystal Palace,2022-23,H,2,Tuned Random Forest,Isotonic,2020-21,2021-22,H,0.47657353242431694,0.2598872429141584,0.2635392246615245
2022-23,2023-05-06,Wolves,Aston Villa,2022-23,H,2,Tuned Random Forest,Isotonic,2020-21,2021-22,A,0.29420885982649553,0.2501841211793214,0.45560701899418315
2022-23,2023-05-07,Newcastle,Arsenal,2022-23,A,2,Tuned Random Forest,Isotonic,2020-21,2021-22,A,0.3055477130130462,0.25982625439492696,0.43462603259202687
2022-23,2023-05-07,West Ham,Man United,2022-23,H,2,Tuned Random Forest,Isotonic,2020-21,2021-22,A,0.22705867069388289,0.2062608596807457,0.5666804696253714
2022-23,2023-05-08,Brighton,Everton,2022-23,A,2,Tuned Random Forest,Isotonic,2020-21,2021-22,H,0.645123429009847,0.19308808514022402,0.16178848584992903
2022-23,2023-05-08,Fulham,Leicester,2022-23,H,2,Tuned Random Forest,Isotonic,2020-21,2021-22,H,0.39585661480271644,0.23467721138141498,0.3694661738158687
2022-23,2023-05-08,Nott'm Forest,Southampton,2022-23,H,2,Tuned Random Forest,Isotonic,2020-21,2021-22,H,0.47657353242431694,0.2598872429141584,0.2635392246615245
2022-23,2023-05-13,Aston Villa,Tottenham,2022-23,H,2,Tuned Random Forest,Isotonic,2020-21,2021-22,H,0.4345119940786596,0.1924435622245399,0.3730444436968005
2022-23,2023-05-13,Chelsea,Nott'm Forest,2022-23,D,2,Tuned Random Forest,Isotonic,2020-21,2021-22,H,0.5058565833194112,0.21441102978162377,0.27973238689896507
2022-23,2023-05-13,Crystal Palace,Bournemouth,2022-23,H,2,Tuned Random Forest,Isotonic,2020-21,2021-22,H,0.47657353242431694,0.2598872429141584,0.2635392246615245
2022-23,2023-05-13,Leeds,Newcastle,2022-23,D,2,Tuned Random Forest,Isotonic,2020-21,2021-22,A,0.09387671384168757,0.20392546662248937,0.702197819535823
2022-23,2023-05-13,Man United,Wolves,2022-23,H,2,Tuned Random Forest,Isotonic,2020-21,2021-22,H,0.645123429009847,0.19308808514022402,0.16178848584992903
2022-23,2023-05-13,Southampton,Fulham,2022-23,A,2,Tuned Random Forest,Isotonic,2020-21,2021-22,A,0.2307637887885675,0.2697004801867688,0.49953573102466375
2022-23,2023-05-14,Arsenal,Brighton,2022-23,A,2,Tuned Random Forest,Isotonic,2020-21,2021-22,H,0.6683942954635889,0.17148676615143657,0.16011893838497443
2022-23,2023-05-14,Brentford,West Ham,2022-23,H,2,Tuned Random Forest,Isotonic,2020-21,2021-22,H,0.47657353242431694,0.2598872429141584,0.2635392246615245
2022-23,2023-05-14,Everton,Man City,2022-23,A,2,Tuned Random Forest,Isotonic,2020-21,2021-22,A,9.230769230769232e-13,0.07692307692307693,0.9230769230760001
2022-23,2023-05-15,Leicester,Liverpool,2022-23,A,2,Tuned Random Forest,Isotonic,2020-21,2021-22,A,1.0554323725044292e-12,0.20842572062062256,0.7915742793783219
2022-23,2023-05-18,Newcastle,Brighton,2022-23,H,2,Tuned Random Forest,Isotonic,2020-21,2021-22,H,0.5058565833194112,0.21441102978162377,0.27973238689896507
2022-23,2023-05-20,Bournemouth,Man United,2022-23,A,2,Tuned Random Forest,Isotonic,2020-21,2021-22,A,0.18061088977423642,0.18725099601593628,0.6321381142098275
2022-23,2023-05-20,Fulham,Crystal Palace,2022-23,D,2,Tuned Random Forest,Isotonic,2020-21,2021-22,A,0.3135643741844575,0.2666433207849219,0.41979230503062065
2022-23,2023-05-20,Liverpool,Aston Villa,2022-23,D,2,Tuned Random Forest,Isotonic,2020-21,2021-22,H,0.5917885899271031,0.1771247493091953,0.23108666076370163
2022-23,2023-05-20,Nott'm Forest,Arsenal,2022-23,H,2,Tuned Random Forest,Isotonic,2020-21,2021-22,A,0.18025882615445926,0.18688598888072616,0.6328551849648146
2022-23,2023-05-20,Tottenham,Brentford,2022-23,A,2,Tuned Random Forest,Isotonic,2020-21,2021-22,H,0.47657353242431694,0.2598872429141584,0.2635392246615245
2022-23,2023-05-20,Wolves,Everton,2022-23,D,2,Tuned Random Forest,Isotonic,2020-21,2021-22,H,0.47657353242431694,0.2598872429141584,0.2635392246615245
2022-23,2023-05-21,Brighton,Southampton,2022-23,H,2,Tuned Random Forest,Isotonic,2020-21,2021-22,H,0.6555399561039911,0.18742046029587955,0.1570395836001293
2022-23,2023-05-21,Man City,Chelsea,2022-23,H,2,Tuned Random Forest,Isotonic,2020-21,2021-22,H,0.7351836380261955,0.08869752846833452,0.17611883350547
2022-23,2023-05-21,West Ham,Leeds,2022-23,H,2,Tuned Random Forest,Isotonic,2020-21,2021-22,H,0.47657353242431694,0.2598872429141584,0.2635392246615245
2022-23,2023-05-22,Newcastle,Leicester,2022-23,D,2,Tuned Random Forest,Isotonic,2020-21,2021-22,H,0.6683942954635889,0.17148676615143657,0.16011893838497443
2022-23,2023-05-24,Brighton,Man City,2022-23,D,2,Tuned Random Forest,Isotonic,2020-21,2021-22,A,1.139628423672327e-12,0.22505267190167802,0.7749473280971824
2022-23,2023-05-25,Man United,Chelsea,2022-23,H,2,Tuned Random Forest,Isotonic,2020-21,2021-22,H,0.47657353242431694,0.2598872429141584,0.2635392246615245
2022-23,2023-05-28,Arsenal,Wolves,2022-23,H,2,Tuned Random Forest,Isotonic,2020-21,2021-22,H,0.6683942954635889,0.17148676615143657,0.16011893838497443
2022-23,2023-05-28,Aston Villa,Brighton,2022-23,H,2,Tuned Random Forest,Isotonic,2020-21,2021-22,H,0.39585661480271644,0.23467721138141498,0.3694661738158687
2022-23,2023-05-28,Brentford,Man City,2022-23,H,2,Tuned Random Forest,Isotonic,2020-21,2021-22,A,1.0757431267458491e-12,0.2124366678867853,0.787563332112139
2022-23,2023-05-28,Chelsea,Newcastle,2022-23,D,2,Tuned Random Forest,Isotonic,2020-21,2021-22,A,0.22705867069388289,0.2062608596807457,0.5666804696253714
2022-23,2023-05-28,Crystal Palace,Nott'm Forest,2022-23,D,2,Tuned Random Forest,Isotonic,2020-21,2021-22,H,0.47657353242431694,0.2598872429141584,0.2635392246615245
2022-23,2023-05-28,Everton,Bournemouth,2022-23,H,2,Tuned Random Forest,Isotonic,2020-21,2021-22,H,0.47657353242431694,0.2598872429141584,0.2635392246615245
2022-23,2023-05-28,Leeds,Tottenham,2022-23,A,2,Tuned Random Forest,Isotonic,2020-21,2021-22,A,0.22705867069388289,0.2062608596807457,0.5666804696253714
2022-23,2023-05-28,Leicester,West Ham,2022-23,H,2,Tuned Random Forest,Isotonic,2020-21,2021-22,H,0.39585661480271644,0.23467721138141498,0.3694661738158687
2022-23,2023-05-28,Man United,Fulham,2022-23,H,2,Tuned Random Forest,Isotonic,2020-21,2021-22,H,0.5917885899271031,0.1771247493091953,0.23108666076370163
2022-23,2023-05-28,Southampton,Liverpool,2022-23,D,2,Tuned Random Forest,Isotonic,2020-21,2021-22,A,1.078498293514195e-12,0.1911262798632751,0.8088737201356464
2023-24,2023-08-11,Burnley,Man City,2023-24,A,3,Tuned Random Forest,Isotonic,2020-21,2022-23,A,0.1981363199787577,0.21029878209423367,0.5915648979270086
2023-24,2023-08-12,Arsenal,Nott'm Forest,2023-24,H,3,Tuned Random Forest,Isotonic,2020-21,2022-23,H,0.6679914044946684,0.19397459242373172,0.1380340030815999
2023-24,2023-08-12,Bournemouth,West Ham,2023-24,D,3,Tuned Random Forest,Isotonic,2020-21,2022-23,A,0.32137618874887636,0.2518570504833851,0.42676676076773856
2023-24,2023-08-12,Brighton,Luton,2023-24,H,3,Tuned Random Forest,Isotonic,2020-21,2022-23,H,0.4961908316238094,0.25353805532224694,0.25027111305394373
2023-24,2023-08-12,Everton,Fulham,2023-24,A,3,Tuned Random Forest,Isotonic,2020-21,2022-23,A,0.32252221032071077,0.25768697624598325,0.41979081343330593
2023-24,2023-08-12,Newcastle,Aston Villa,2023-24,H,3,Tuned Random Forest,Isotonic,2020-21,2022-23,H,0.495198621967058,0.2540373771342248,0.25076400089871714
2023-24,2023-08-12,Sheffield United,Crystal Palace,2023-24,A,3,Tuned Random Forest,Isotonic,2020-21,2022-23,A,0.26235375824691476,0.2149348951589604,0.5227113465941249
2023-24,2023-08-13,Brentford,Tottenham,2023-24,D,3,Tuned Random Forest,Isotonic,2020-21,2022-23,A,0.3484863723222368,0.24485082209976175,0.40666280557800155
2023-24,2023-08-13,Chelsea,Liverpool,2023-24,D,3,Tuned Random Forest,Isotonic,2020-21,2022-23,A,0.21539561656778183,0.22861752876755467,0.5559868546646635
2023-24,2023-08-14,Man United,Wolves,2023-24,H,3,Tuned Random Forest,Isotonic,2020-21,2022-23,H,0.6563003347104864,0.2008050496079274,0.1428946156815862
2023-24,2023-08-18,Nott'm Forest,Sheffield United,2023-24,H,3,Tuned Random Forest,Isotonic,2020-21,2022-23,H,0.495198621967058,0.2540373771342248,0.25076400089871714
2023-24,2023-08-19,Fulham,Brentford,2023-24,A,3,Tuned Random Forest,Isotonic,2020-21,2022-23,A,0.29617687261129655,0.20507953749784,0.4987435898908634
2023-24,2023-08-19,Liverpool,Bournemouth,2023-24,H,3,Tuned Random Forest,Isotonic,2020-21,2022-23,H,0.6242173160576555,0.19098876305217585,0.18479392089016847
2023-24,2023-08-19,Man City,Newcastle,2023-24,H,3,Tuned Random Forest,Isotonic,2020-21,2022-23,H,0.5245198555058849,0.22657473093877653,0.24890541355533866
2023-24,2023-08-19,Tottenham,Man United,2023-24,H,3,Tuned Random Forest,Isotonic,2020-21,2022-23,A,0.32137618874887636,0.2518570504833851,0.42676676076773856
2023-24,2023-08-19,Wolves,Brighton,2023-24,A,3,Tuned Random Forest,Isotonic,2020-21,2022-23,A,0.2259181545261605,0.22555147831562633,0.5485303671582131
2023-24,2023-08-20,Aston Villa,Everton,2023-24,H,3,Tuned Random Forest,Isotonic,2020-21,2022-23,H,0.4961908316238094,0.25353805532224694,0.25027111305394373
2023-24,2023-08-20,West Ham,Chelsea,2023-24,H,3,Tuned Random Forest,Isotonic,2020-21,2022-23,A,0.319804578255015,0.25551565790836583,0.42467976383661904
2023-24,2023-08-21,Crystal Palace,Arsenal,2023-24,A,3,Tuned Random Forest,Isotonic,2020-21,2022-23,A,0.21539561656778183,0.22861752876755467,0.5559868546646635
2023-24,2023-08-25,Chelsea,Luton,2023-24,H,3,Tuned Random Forest,Isotonic,2020-21,2022-23,H,0.495198621967058,0.2540373771342248,0.25076400089871714
2023-24,2023-08-26,Arsenal,Fulham,2023-24,D,3,Tuned Random Forest,Isotonic,2020-21,2022-23,H,0.6847987076753682,0.17369422159062226,0.1415070707340095
2023-24,2023-08-26,Bournemouth,Tottenham,2023-24,A,3,Tuned Random Forest,Isotonic,2020-21,2022-23,A,0.21539561656778183,0.22861752876755467,0.5559868546646635
2023-24,2023-08-26,Brentford,Crystal Palace,2023-24,D,3,Tuned Random Forest,Isotonic,2020-21,2022-23,H,0.4961908316238094,0.25353805532224694,0.25027111305394373
2023-24,2023-08-26,Brighton,West Ham,2023-24,A,3,Tuned Random Forest,Isotonic,2020-21,2022-23,H,0.4961908316238094,0.25353805532224694,0.25027111305394373
2023-24,2023-08-26,Everton,Wolves,2023-24,A,3,Tuned Random Forest,Isotonic,2020-21,2022-23,A,0.32252221032071077,0.25768697624598325,0.41979081343330593
2023-24,2023-08-26,Man United,Nott'm Forest,2023-24,H,3,Tuned Random Forest,Isotonic,2020-21,2022-23,H,0.6242173160576555,0.19098876305217585,0.18479392089016847
2023-24,2023-08-27,Burnley,Aston Villa,2023-24,A,3,Tuned Random Forest,Isotonic,2020-21,2022-23,A,0.26235375824691476,0.2149348951589604,0.5227113465941249
2023-24,2023-08-27,Newcastle,Liverpool,2023-24,A,3,Tuned Random Forest,Isotonic,2020-21,2022-23,A,0.32137618874887636,0.2518570504833851,0.42676676076773856
2023-24,2023-08-27,Sheffield United,Man City,2023-24,A,3,Tuned Random Forest,Isotonic,2020-21,2022-23,A,0.09423563595463492,0.2375480363670447,0.6682163276783204
2023-24,2023-09-01,Luton,West Ham,2023-24,A,3,Tuned Random Forest,Isotonic,2020-21,2022-23,A,0.32252221032071077,0.25768697624598325,0.41979081343330593
2023-24,2023-09-02,Brentford,Bournemouth,2023-24,D,3,Tuned Random Forest,Isotonic,2020-21,2022-23,H,0.6563003347104864,0.2008050496079274,0.1428946156815862
2023-24,2023-09-02,Brighton,Newcastle,2023-24,H,3,Tuned Random Forest,Isotonic,2020-21,2022-23,A,0.3484863723222368,0.24485082209976175,0.40666280557800155
2023-24,2023-09-02,Burnley,Tottenham,2023-24,A,3,Tuned Random Forest,Isotonic,2020-21,2022-23,A,0.21539561656778183,0.22861752876755467,0.5559868546646635
2023-24,2023-09-02,Chelsea,Nott'm Forest,2023-24,A,3,Tuned Random Forest,Isotonic,2020-21,2022-23,H,0.495198621967058,0.2540373771342248,0.25076400089871714
2023-24,2023-09-02,Man City,Fulham,2023-24,H,3,Tuned Random Forest,Isotonic,2020-21,2022-23,H,0.7435631510123101,0.10278667087523109,0.15365017811245885
2023-24,2023-09-02,Sheffield United,Everton,2023-24,D,3,Tuned Random Forest,Isotonic,2020-21,2022-23,A,0.3484863723222368,0.24485082209976175,0.40666280557800155
2023-24,2023-09-03,Arsenal,Man United,2023-24,H,3,Tuned Random Forest,Isotonic,2020-21,2022-23,H,0.495198621967058,0.2540373771342248,0.25076400089871714
2023-24,2023-09-03,Crystal Palace,Wolves,2023-24,H,3,Tuned Random Forest,Isotonic,2020-21,2022-23,H,0.4927561152143574,0.2577167467099607,0.2495271380756819
2023-24,2023-09-03,Liverpool,Aston Villa,2023-24,H,3,Tuned Random Forest,Isotonic,2020-21,2022-23,H,0.6242173160576555,0.19098876305217585,0.18479392089016847
2023-24,2023-09-16,Aston Villa,Crystal Palace,2023-24,H,3,Tuned Random Forest,Isotonic,2020-21,2022-23,H,0.495198621967058,0.2540373771342248,0.25076400089871714
2023-24,2023-09-16,Fulham,Luton,2023-24,H,3,Tuned Random Forest,Isotonic,2020-21,2022-23,H,0.49196213526020144,0.2581201462124002,0.24991771852739839
2023-24,2023-09-16,Man United,Brighton,2023-24,A,3,Tuned Random Forest,Isotonic,2020-21,2022-23,H,0.495198621967058,0.2540373771342248,0.25076400089871714
2023-24,2023-09-16,Newcastle,Brentford,2023-24,H,3,Tuned Random Forest,Isotonic,2020-21,2022-23,H,0.4006300506779893,0.2706478564580194,0.32872209286399123
2023-24,2023-09-16,Tottenham,Sheffield United,2023-24,H,3,Tuned Random Forest,Isotonic,2020-21,2022-23,H,0.6847987076753682,0.17369422159062226,0.1415070707340095
2023-24,2023-09-16,West Ham,Man City,2023-24,A,3,Tuned Random Forest,Isotonic,2020-21,2022-23,A,0.21539561656778183,0.22861752876755467,0.5559868546646635
2023-24,2023-09-16,Wolves,Liverpool,2023-24,A,3,Tuned Random Forest,Isotonic,2020-21,2022-23,A,0.15135867519759125,0.22256680466691756,0.6260745201354911
2023-24,2023-09-17,Bournemouth,Chelsea,2023-24,D,3,Tuned Random Forest,Isotonic,2020-21,2022-23,A,0.2524307686167692,0.24462836304134178,0.5029408683418891
2023-24,2023-09-17,Everton,Arsenal,2023-24,A,3,Tuned Random Forest,Isotonic,2020-21,2022-23,A,0.09423563595463492,0.2375480363670447,0.6682163276783204
2023-24,2023-09-18,Nott'm Forest,Burnley,2023-24,D,3,Tuned Random Forest,Isotonic,2020-21,2022-23,H,0.4927561152143574,0.2577167467099607,0.2495271380756819
2023-24,2023-09-23,Brentford,Everton,2023-24,A,3,Tuned Random Forest,Isotonic,2020-21,2022-23,H,0.5405636652531038,0.23350511086348513,0.22593122388341105
2023-24,2023-09-23,Burnley,Man United,2023-24,A,3,Tuned Random Forest,Isotonic,2020-21,2022-23,A,0.21539561656778183,0.22861752876755467,0.5559868546646635
2023-24,2023-09-23,Crystal Palace,Fulham,2023-24,D,3,Tuned Random Forest,Isotonic,2020-21,2022-23,H,0.4927561152143574,0.2577167467099607,0.2495271380756819
2023-24,2023-09-23,Luton,Wolves,2023-24,D,3,Tuned Random Forest,Isotonic,2020-21,2022-23,H,0.46549805036157577,0.23880095486779562,0.2957009947706288
2023-24,2023-09-23,Man City,Nott'm Forest,2023-24,H,3,Tuned Random Forest,Isotonic,2020-21,2022-23,H,0.7877274503843315,0.04949624354019195,0.1627763060754766
2023-24,2023-09-24,Arsenal,Tottenham,2023-24,D,3,Tuned Random Forest,Isotonic,2020-21,2022-23,H,0.4927561152143574,0.2577167467099607,0.2495271380756819
2023-24,2023-09-24,Brighton,Bournemouth,2023-24,H,3,Tuned Random Forest,Isotonic,2020-21,2022-23,H,0.6563003347104864,0.2008050496079274,0.1428946156815862
2023-24,2023-09-24,Chelsea,Aston Villa,2023-24,A,3,Tuned Random Forest,Isotonic,2020-21,2022-23,A,0.319804578255015,0.25551565790836583,0.42467976383661904
2023-24,2023-09-24,Liverpool,West Ham,2023-24,H,3,Tuned Random Forest,Isotonic,2020-21,2022-23,H,0.6847987076753682,0.17369422159062226,0.1415070707340095
2023-24,2023-09-24,Sheffield United,Newcastle,2023-24,A,3,Tuned Random Forest,Isotonic,2020-21,2022-23,A,0.21539561656778183,0.22861752876755467,0.5559868546646635
2023-24,2023-09-30,Aston Villa,Brighton,2023-24,H,3,Tuned Random Forest,Isotonic,2020-21,2022-23,A,0.30353944036073877,0.3013774785348075,0.39508308110445356
2023-24,2023-09-30,Bournemouth,Arsenal,2023-24,A,3,Tuned Random Forest,Isotonic,2020-21,2022-23,A,0.06885951650018707,0.22661862760674256,0.7045218558930704
2023-24,2023-09-30,Everton,Luton,2023-24,A,3,Tuned Random Forest,Isotonic,2020-21,2022-23,H,0.4689648849362795,0.24057944439350876,0.29045567067021183
2023-24,2023-09-30,Man United,Crystal Palace,2023-24,A,3,Tuned Random Forest,Isotonic,2020-21,2022-23,H,0.5405636652531038,0.23350511086348513,0.22593122388341105
2023-24,2023-09-30,Newcastle,Burnley,2023-24,H,3,Tuned Random Forest,Isotonic,2020-21,2022-23,H,0.6679914044946684,0.19397459242373172,0.1380340030815999
2023-24,2023-09-30,Tottenham,Liverpool,2023-24,H,3,Tuned Random Forest,Isotonic,2020-21,2022-23,A,0.26235375824691476,0.2149348951589604,0.5227113465941249
2023-24,2023-09-30,West Ham,Sheffield United,2023-24,H,3,Tuned Random Forest,Isotonic,2020-21,2022-23,H,0.5184238163133803,0.2648984177935889,0.2166777658930308
2023-24,2023-09-30,Wolves,Man City,2023-24,H,3,Tuned Random Forest,Isotonic,2020-21,2022-23,A,0.06671018199296237,0.21954510660265955,0.713744711404378
2023-24,2023-10-01,Nott'm Forest,Brentford,2023-24,D,3,Tuned Random Forest,Isotonic,2020-21,2022-23,A,0.32137618874887636,0.2518570504833851,0.42676676076773856
2023-24,2023-10-02,Fulham,Chelsea,2023-24,A,3,Tuned Random Forest,Isotonic,2020-21,2022-23,A,0.34682936830355454,0.24844145095031633,0.4047291807461293
2023-24,2023-10-03,Luton,Burnley,2023-24,A,3,Tuned Random Forest,Isotonic,2020-21,2022-23,H,0.4927561152143574,0.2577167467099607,0.2495271380756819
2023-24,2023-10-07,Burnley,Chelsea,2023-24,A,3,Tuned Random Forest,Isotonic,2020-21,2022-23,A,0.2524307686167692,0.24462836304134178,0.5029408683418891
2023-24,2023-10-07,Crystal Palace,Nott'm Forest,2023-24,D,3,Tuned Random Forest,Isotonic,2020-21,2022-23,H,0.495198621967058,0.2540373771342248,0.25076400089871714
2023-24,2023-10-07,Everton,Bournemouth,2023-24,H,3,Tuned Random Forest,Isotonic,2020-21,2022-23,H,0.4927561152143574,0.2577167467099607,0.2495271380756819
2023-24,2023-10-07,Fulham,Sheffield United,2023-24,H,3,Tuned Random Forest,Isotonic,2020-21,2022-23,H,0.4961908316238094,0.25353805532224694,0.25027111305394373
2023-24,2023-10-07,Luton,Tottenham,2023-24,A,3,Tuned Random Forest,Isotonic,2020-21,2022-23,A,0.06885951650018707,0.22661862760674256,0.7045218558930704
2023-24,2023-10-07,Man United,Brentford,2023-24,H,3,Tuned Random Forest,Isotonic,2020-21,2022-23,H,0.4961908316238094,0.25353805532224694,0.25027111305394373
2023-24,2023-10-08,Arsenal,Man City,2023-24,H,3,Tuned Random Forest,Isotonic,2020-21,2022-23,A,0.3054630159004272,0.20237374694227928,0.4921632371572936
2023-24,2023-10-08,Brighton,Liverpool,2023-24,D,3,Tuned Random Forest,Isotonic,2020-21,2022-23,A,0.26235375824691476,0.2149348951589604,0.5227113465941249
2023-24,2023-10-08,West Ham,Newcastle,2023-24,D,3,Tuned Random Forest,Isotonic,2020-21,2022-23,A,0.26235375824691476,0.2149348951589604,0.5227113465941249
2023-24,2023-10-08,Wolves,Aston Villa,2023-24,D,3,Tuned Random Forest,Isotonic,2020-21,2022-23,A,0.21539561656778183,0.22861752876755467,0.5559868546646635
2023-24,2023-10-21,Bournemouth,Wolves,2023-24,A,3,Tuned Random Forest,Isotonic,2020-21,2022-23,A,0.32137618874887636,0.2518570504833851,0.42676676076773856
2023-24,2023-10-21,Brentford,Burnley,2023-24,H,3,Tuned Random Forest,Isotonic,2020-21,2022-23,H,0.5036493453666376,0.25734912346262845,0.2390015311707338
2023-24,2023-10-21,Chelsea,Arsenal,2023-24,D,3,Tuned Random Forest,Isotonic,2020-21,2022-23,A,0.08804737171144462,0.22194873569274445,0.690003892595811
2023-24,2023-10-21,Liverpool,Everton,2023-24,H,3,Tuned Random Forest,Isotonic,2020-21,2022-23,H,0.6847987076753682,0.17369422159062226,0.1415070707340095
2023-24,2023-10-21,Man City,Brighton,2023-24,H,3,Tuned Random Forest,Isotonic,2020-21,2022-23,H,0.6679914044946684,0.19397459242373172,0.1380340030815999
2023-24,2023-10-21,Newcastle,Crystal Palace,2023-24,H,3,Tuned Random Forest,Isotonic,2020-21,2022-23,H,0.6242173160576555,0.19098876305217585,0.18479392089016847
2023-24,2023-10-21,Nott'm Forest,Luton,2023-24,D,3,Tuned Random Forest,Isotonic,2020-21,2022-23,H,0.4927561152143574,0.2577167467099607,0.2495271380756819
2023-24,2023-10-21,Sheffield United,Man United,2023-24,A,3,Tuned Random Forest,Isotonic,2020-21,2022-23,A,0.21539561656778183,0.22861752876755467,0.5559868546646635
2023-24,2023-10-22,Aston Villa,West Ham,2023-24,H,3,Tuned Random Forest,Isotonic,2020-21,2022-23,H,0.4961908316238094,0.25353805532224694,0.25027111305394373
2023-24,2023-10-23,Tottenham,Fulham,2023-24,H,3,Tuned Random Forest,Isotonic,2020-21,2022-23,H,0.6679914044946684,0.19397459242373172,0.1380340030815999
2023-24,2023-10-27,Crystal Palace,Tottenham,2023-24,A,3,Tuned Random Forest,Isotonic,2020-21,2022-23,A,0.21539561656778183,0.22861752876755467,0.5559868546646635
2023-24,2023-10-28,Arsenal,Sheffield United,2023-24,H,3,Tuned Random Forest,Isotonic,2020-21,2022-23,H,0.6847987076753682,0.17369422159062226,0.1415070707340095
2023-24,2023-10-28,Bournemouth,Burnley,2023-24,H,3,Tuned Random Forest,Isotonic,2020-21,2022-23,H,0.5164353551506415,0.22308250185814993,0.2604821429912085
2023-24,2023-10-28,Chelsea,Brentford,2023-24,A,3,Tuned Random Forest,Isotonic,2020-21,2022-23,H,0.39085349641052913,0.22892847646902417,0.38021802712044667
2023-24,2023-10-28,Wolves,Newcastle,2023-24,D,3,Tuned Random Forest,Isotonic,2020-21,2022-23,A,0.21539561656778183,0.22861752876755467,0.5559868546646635
2023-24,2023-10-29,Aston Villa,Luton,2023-24,H,3,Tuned Random Forest,Isotonic,2020-21,2022-23,H,0.6679914044946684,0.19397459242373172,0.1380340030815999
2023-24,2023-10-29,Brighton,Fulham,2023-24,D,3,Tuned Random Forest,Isotonic,2020-21,2022-23,H,0.6242173160576555,0.19098876305217585,0.18479392089016847
2023-24,2023-10-29,Liverpool,Nott'm Forest,2023-24,H,3,Tuned Random Forest,Isotonic,2020-21,2022-23,H,0.6847987076753682,0.17369422159062226,0.1415070707340095
2023-24,2023-10-29,Man United,Man City,2023-24,A,3,Tuned Random Forest,Isotonic,2020-21,2022-23,A,0.26235375824691476,0.2149348951589604,0.5227113465941249
2023-24,2023-10-29,West Ham,Everton,2023-24,A,3,Tuned Random Forest,Isotonic,2020-21,2022-23,H,0.495198621967058,0.2540373771342248,0.25076400089871714
2023-24,2023-11-04,Brentford,West Ham,2023-24,H,3,Tuned Random Forest,Isotonic,2020-21,2022-23,H,0.4961908316238094,0.25353805532224694,0.25027111305394373
2023-24,2023-11-04,Burnley,Crystal Palace,2023-24,A,3,Tuned Random Forest,Isotonic,2020-21,2022-23,A,0.2524307686167692,0.24462836304134178,0.5029408683418891
2023-24,2023-11-04,Everton,Brighton,2023-24,D,3,Tuned Random Forest,Isotonic,2020-21,2022-23,A,0.26235375824691476,0.2149348951589604,0.5227113465941249
2023-24,2023-11-04,Fulham,Man United,2023-24,A,3,Tuned Random Forest,Isotonic,2020-21,2022-23,A,0.2572784948722846,0.21641372218956753,0.5263077829381478
2023-24,2023-11-04,Man City,Bournemouth,2023-24,H,3,Tuned Random Forest,Isotonic,2020-21,2022-23,H,0.6847987076753682,0.17369422159062226,0.1415070707340095
2023-24,2023-11-04,Newcastle,Arsenal,2023-24,H,3,Tuned Random Forest,Isotonic,2020-21,2022-23,A,0.2945606144963706,0.23084214124400879,0.4745972442596205
2023-24,2023-11-04,Sheffield United,Wolves,2023-24,H,3,Tuned Random Forest,Isotonic,2020-21,2022-23,A,0.2524307686167692,0.24462836304134178,0.5029408683418891
2023-24,2023-11-05,Luton,Liverpool,2023-24,D,3,Tuned Random Forest,Isotonic,2020-21,2022-23,A,0.06885951650018707,0.22661862760674256,0.7045218558930704
2023-24,2023-11-05,Nott'm Forest,Aston Villa,2023-24,H,3,Tuned Random Forest,Isotonic,2020-21,2022-23,A,0.21539561656778183,0.22861752876755467,0.5559868546646635
2023-24,2023-11-06,Tottenham,Chelsea,2023-24,A,3,Tuned Random Forest,Isotonic,2020-21,2022-23,H,0.6563003347104864,0.2008050496079274,0.1428946156815862
2023-24,2023-11-11,Arsenal,Burnley,2023-24,H,3,Tuned Random Forest,Isotonic,2020-21,2022-23,H,0.6679914044946684,0.19397459242373172,0.1380340030815999
2023-24,2023-11-11,Bournemouth,Newcastle,2023-24,H,3,Tuned Random Forest,Isotonic,2020-21,2022-23,A,0.1981363199787577,0.21029878209423367,0.5915648979270086
2023-24,2023-11-11,Crystal Palace,Everton,2023-24,A,3,Tuned Random Forest,Isotonic,2020-21,2022-23,H,0.4961908316238094,0.25353805532224694,0.25027111305394373
2023-24,2023-11-11,Man United,Luton,2023-24,H,3,Tuned Random Forest,Isotonic,2020-21,2022-23,H,0.6242173160576555,0.19098876305217585,0.18479392089016847
2023-24,2023-11-11,Wolves,Tottenham,2023-24,H,3,Tuned Random Forest,Isotonic,2020-21,2022-23,A,0.26235375824691476,0.2149348951589604,0.5227113465941249
2023-24,2023-11-12,Aston Villa,Fulham,2023-24,H,3,Tuned Random Forest,Isotonic,2020-21,2022-23,H,0.6563003347104864,0.2008050496079274,0.1428946156815862
2023-24,2023-11-12,Brighton,Sheffield United,2023-24,D,3,Tuned Random Forest,Isotonic,2020-21,2022-23,H,0.6679914044946684,0.19397459242373172,0.1380340030815999
2023-24,2023-11-12,Chelsea,Man City,2023-24,D,3,Tuned Random Forest,Isotonic,2020-21,2022-23,A,0.15135867519759125,0.22256680466691756,0.6260745201354911
2023-24,2023-11-12,Liverpool,Brentford,2023-24,H,3,Tuned Random Forest,Isotonic,2020-21,2022-23,H,0.6563003347104864,0.2008050496079274,0.1428946156815862
2023-24,2023-11-12,West Ham,Nott'm Forest,2023-24,H,3,Tuned Random Forest,Isotonic,2020-21,2022-23,H,0.43271516880646693,0.2534474560152163,0.3138373751783167
2023-24,2023-11-25,Brentford,Arsenal,2023-24,A,3,Tuned Random Forest,Isotonic,2020-21,2022-23,A,0.26235375824691476,0.2149348951589604,0.5227113465941249
2023-24,2023-11-25,Burnley,West Ham,2023-24,A,3,Tuned Random Forest,Isotonic,2020-21,2022-23,A,0.2524307686167692,0.24462836304134178,0.5029408683418891
2023-24,2023-11-25,Luton,Crystal Palace,2023-24,H,3,Tuned Random Forest,Isotonic,2020-21,2022-23,H,0.39085349641052913,0.22892847646902417,0.38021802712044667
2023-24,2023-11-25,Man City,Liverpool,2023-24,D,3,Tuned Random Forest,Isotonic,2020-21,2022-23,H,0.4961908316238094,0.25353805532224694,0.25027111305394373
2023-24,2023-11-25,Newcastle,Chelsea,2023-24,H,3,Tuned Random Forest,Isotonic,2020-21,2022-23,H,0.5245198555058849,0.22657473093877653,0.24890541355533866
2023-24,2023-11-25,Nott'm Forest,Brighton,2023-24,A,3,Tuned Random Forest,Isotonic,2020-21,2022-23,A,0.26235375824691476,0.2149348951589604,0.5227113465941249
2023-24,2023-11-25,Sheffield United,Bournemouth,2023-24,A,3,Tuned Random Forest,Isotonic,2020-21,2022-23,H,0.5164353551506415,0.22308250185814993,0.2604821429912085
2023-24,2023-11-26,Everton,Man United,2023-24,A,3,Tuned Random Forest,Isotonic,2020-21,2022-23,A,0.26235375824691476,0.2149348951589604,0.5227113465941249
2023-24,2023-11-26,Tottenham,Aston Villa,2023-24,A,3,Tuned Random Forest,Isotonic,2020-21,2022-23,H,0.4927561152143574,0.2577167467099607,0.2495271380756819
2023-24,2023-11-27,Fulham,Wolves,2023-24,H,3,Tuned Random Forest,Isotonic,2020-21,2022-23,A,0.34682936830355454,0.24844145095031633,0.4047291807461293
2023-24,2023-12-02,Arsenal,Wolves,2023-24,H,3,Tuned Random Forest,Isotonic,2020-21,2022-23,H,0.6847987076753682,0.17369422159062226,0.1415070707340095
2023-24,2023-12-02,Brentford,Luton,2023-24,H,3,Tuned Random Forest,Isotonic,2020-21,2022-23,H,0.4961908316238094,0.25353805532224694,0.25027111305394373
2023-24,2023-12-02,Burnley,Sheffield United,2023-24,H,3,Tuned Random Forest,Isotonic,2020-21,2022-23,H,0.5164353551506415,0.22308250185814993,0.2604821429912085
2023-24,2023-12-02,Newcastle,Man United,2023-24,H,3,Tuned Random Forest,Isotonic,2020-21,2022-23,H,0.495198621967058,0.2540373771342248,0.25076400089871714
2023-24,2023-12-02,Nott'm Forest,Everton,2023-24,A,3,Tuned Random Forest,Isotonic,2020-21,2022-23,H,0.495198621967058,0.2540373771342248,0.25076400089871714
2023-24,2023-12-03,Bournemouth,Aston Villa,2023-24,D,3,Tuned Random Forest,Isotonic,2020-21,2022-23,A,0.1981363199787577,0.21029878209423367,0.5915648979270086
2023-24,2023-12-03,Chelsea,Brighton,2023-24,H,3,Tuned Random Forest,Isotonic,2020-21,2022-23,A,0.3484863723222368,0.24485082209976175,0.40666280557800155
2023-24,2023-12-03,Liverpool,Fulham,2023-24,H,3,Tuned Random Forest,Isotonic,2020-21,2022-23,H,0.6847987076753682,0.17369422159062226,0.1415070707340095
2023-24,2023-12-03,Man City,Tottenham,2023-24,D,3,Tuned Random Forest,Isotonic,2020-21,2022-23,H,0.6847987076753682,0.17369422159062226,0.1415070707340095
2023-24,2023-12-03,West Ham,Crystal Palace,2023-24,D,3,Tuned Random Forest,Isotonic,2020-21,2022-23,H,0.495198621967058,0.2540373771342248,0.25076400089871714
2023-24,2023-12-05,Luton,Arsenal,2023-24,A,3,Tuned Random Forest,Isotonic,2020-21,2022-23,A,0.0686162617520766,0.19724552307936394,0.7341382151685595
2023-24,2023-12-05,Wolves,Burnley,2023-24,H,3,Tuned Random Forest,Isotonic,2020-21,2022-23,H,0.4927561152143574,0.2577167467099607,0.2495271380756819
2023-24,2023-12-06,Aston Villa,Man City,2023-24,H,3,Tuned Random Forest,Isotonic,2020-21,2022-23,A,0.26235375824691476,0.2149348951589604,0.5227113465941249
2023-24,2023-12-06,Brighton,Brentford,2023-24,H,3,Tuned Random Forest,Isotonic,2020-21,2022-23,H,0.495198621967058,0.2540373771342248,0.25076400089871714
2023-24,2023-12-06,Crystal Palace,Bournemouth,2023-24,A,3,Tuned Random Forest,Isotonic,2020-21,2022-23,H,0.4961908316238094,0.25353805532224694,0.25027111305394373
2023-24,2023-12-06,Fulham,Nott'm Forest,2023-24,H,3,Tuned Random Forest,Isotonic,2020-21,2022-23,H,0.495198621967058,0.2540373771342248,0.25076400089871714
2023-24,2023-12-06,Man United,Chelsea,2023-24,H,3,Tuned Random Forest,Isotonic,2020-21,2022-23,H,0.4961908316238094,0.25353805532224694,0.25027111305394373
2023-24,2023-12-06,Sheffield United,Liverpool,2023-24,A,3,Tuned Random Forest,Isotonic,2020-21,2022-23,A,0.06671018199296237,0.21954510660265955,0.713744711404378
2023-24,2023-12-07,Everton,Newcastle,2023-24,H,3,Tuned Random Forest,Isotonic,2020-21,2022-23,A,0.26235375824691476,0.2149348951589604,0.5227113465941249
2023-24,2023-12-07,Tottenham,West Ham,2023-24,A,3,Tuned Random Forest,Isotonic,2020-21,2022-23,H,0.6242173160576555,0.19098876305217585,0.18479392089016847
2023-24,2023-12-09,Aston Villa,Arsenal,2023-24,H,3,Tuned Random Forest,Isotonic,2020-21,2022-23,A,0.3054630159004272,0.20237374694227928,0.4921632371572936
2023-24,2023-12-09,Brighton,Burnley,2023-24,D,3,Tuned Random Forest,Isotonic,2020-21,2022-23,H,0.6563003347104864,0.2008050496079274,0.1428946156815862
2023-24,2023-12-09,Crystal Palace,Liverpool,2023-24,A,3,Tuned Random Forest,Isotonic,2020-21,2022-23,A,0.06885951650018707,0.22661862760674256,0.7045218558930704
2023-24,2023-12-09,Man United,Bournemouth,2023-24,A,3,Tuned Random Forest,Isotonic,2020-21,2022-23,H,0.6563003347104864,0.2008050496079274,0.1428946156815862
2023-24,2023-12-09,Sheffield United,Brentford,2023-24,H,3,Tuned Random Forest,Isotonic,2020-21,2022-23,A,0.21539561656778183,0.22861752876755467,0.5559868546646635
2023-24,2023-12-09,Wolves,Nott'm Forest,2023-24,D,3,Tuned Random Forest,Isotonic,2020-21,2022-23,H,0.495198621967058,0.2540373771342248,0.25076400089871714
2023-24,2023-12-10,Everton,Chelsea,2023-24,H,3,Tuned Random Forest,Isotonic,2020-21,2022-23,A,0.3484863723222368,0.24485082209976175,0.40666280557800155
2023-24,2023-12-10,Fulham,West Ham,2023-24,H,3,Tuned Random Forest,Isotonic,2020-21,2022-23,A,0.32252221032071077,0.25768697624598325,0.41979081343330593
2023-24,2023-12-10,Luton,Man City,2023-24,A,3,Tuned Random Forest,Isotonic,2020-21,2022-23,A,0.08804737171144462,0.22194873569274445,0.690003892595811
2023-24,2023-12-10,Tottenham,Newcastle,2023-24,H,3,Tuned Random Forest,Isotonic,2020-21,2022-23,H,0.38664551682643,0.2769626276853232,0.33639185548824685
2023-24,2023-12-15,Nott'm Forest,Tottenham,2023-24,A,3,Tuned Random Forest,Isotonic,2020-21,2022-23,A,0.26235375824691476,0.2149348951589604,0.5227113465941249
2023-24,2023-12-16,Burnley,Everton,2023-24,A,3,Tuned Random Forest,Isotonic,2020-21,2022-23,A,0.2524307686167692,0.24462836304134178,0.5029408683418891
2023-24,2023-12-16,Chelsea,Sheffield United,2023-24,H,3,Tuned Random Forest,Isotonic,2020-21,2022-23,H,0.6242173160576555,0.19098876305217585,0.18479392089016847
2023-24,2023-12-16,Man City,Crystal Palace,2023-24,D,3,Tuned Random Forest,Isotonic,2020-21,2022-23,H,0.6847987076753682,0.17369422159062226,0.1415070707340095
2023-24,2023-12-16,Newcastle,Fulham,2023-24,H,3,Tuned Random Forest,Isotonic,2020-21,2022-23,H,0.6242173160576555,0.19098876305217585,0.18479392089016847
2023-24,2023-12-17,Arsenal,Brighton,2023-24,H,3,Tuned Random Forest,Isotonic,2020-21,2022-23,H,0.6242173160576555,0.19098876305217585,0.18479392089016847
2023-24,2023-12-17,Brentford,Aston Villa,2023-24,A,3,Tuned Random Forest,Isotonic,2020-21,2022-23,A,0.21539561656778183,0.22861752876755467,0.5559868546646635
2023-24,2023-12-17,Liverpool,Man United,2023-24,D,3,Tuned Random Forest,Isotonic,2020-21,2022-23,H,0.6679914044946684,0.19397459242373172,0.1380340030815999
2023-24,2023-12-17,West Ham,Wolves,2023-24,H,3,Tuned Random Forest,Isotonic,2020-21,2022-23,H,0.4927561152143574,0.2577167467099607,0.2495271380756819
2023-24,2023-12-21,Crystal Palace,Brighton,2023-24,D,3,Tuned Random Forest,Isotonic,2020-21,2022-23,A,0.2524307686167692,0.24462836304134178,0.5029408683418891
2023-24,2023-12-22,Aston Villa,Sheffield United,2023-24,D,3,Tuned Random Forest,Isotonic,2020-21,2022-23,H,0.6847987076753682,0.17369422159062226,0.1415070707340095
2023-24,2023-12-23,Fulham,Burnley,2023-24,A,3,Tuned Random Forest,Isotonic,2020-21,2022-23,H,0.4961908316238094,0.25353805532224694,0.25027111305394373
2023-24,2023-12-23,Liverpool,Arsenal,2023-24,D,3,Tuned Random Forest,Isotonic,2020-21,2022-23,H,0.4927561152143574,0.2577167467099607,0.2495271380756819
2023-24,2023-12-23,Luton,Newcastle,2023-24,H,3,Tuned Random Forest,Isotonic,2020-21,2022-23,A,0.1981363199787577,0.21029878209423367,0.5915648979270086
2023-24,2023-12-23,Nott'm Forest,Bournemouth,2023-24,A,3,Tuned Random Forest,Isotonic,2020-21,2022-23,H,0.36229356492027337,0.322501423690205,0.31520501138952167
2023-24,2023-12-23,Tottenham,Everton,2023-24,H,3,Tuned Random Forest,Isotonic,2020-21,2022-23,H,0.6242173160576555,0.19098876305217585,0.18479392089016847
2023-24,2023-12-23,West Ham,Man United,2023-24,H,3,Tuned Random Forest,Isotonic,2020-21,2022-23,A,0.3054630159004272,0.20237374694227928,0.4921632371572936
2023-24,2023-12-24,Wolves,Chelsea,2023-24,H,3,Tuned Random Forest,Isotonic,2020-21,2022-23,A,0.3484863723222368,0.24485082209976175,0.40666280557800155
2023-24,2023-12-26,Bournemouth,Fulham,2023-24,H,3,Tuned Random Forest,Isotonic,2020-21,2022-23,H,0.39085349641052913,0.22892847646902417,0.38021802712044667
2023-24,2023-12-26,Burnley,Liverpool,2023-24,A,3,Tuned Random Forest,Isotonic,2020-21,2022-23,A,0.06885951650018707,0.22661862760674256,0.7045218558930704
2023-24,2023-12-26,Man United,Aston Villa,2023-24,H,3,Tuned Random Forest,Isotonic,2020-21,2022-23,A,0.30353944036073877,0.3013774785348075,0.39508308110445356
2023-24,2023-12-26,Newcastle,Nott'm Forest,2023-24,A,3,Tuned Random Forest,Isotonic,2020-21,2022-23,H,0.6679914044946684,0.19397459242373172,0.1380340030815999
2023-24,2023-12-26,Sheffield United,Luton,2023-24,A,3,Tuned Random Forest,Isotonic,2020-21,2022-23,A,0.32137618874887636,0.2518570504833851,0.42676676076773856
2023-24,2023-12-27,Brentford,Wolves,2023-24,A,3,Tuned Random Forest,Isotonic,2020-21,2022-23,H,0.495198621967058,0.2540373771342248,0.25076400089871714
2023-24,2023-12-27,Chelsea,Crystal Palace,2023-24,H,3,Tuned Random Forest,Isotonic,2020-21,2022-23,H,0.495198621967058,0.2540373771342248,0.25076400089871714
2023-24,2023-12-27,Everton,Man City,2023-24,A,3,Tuned Random Forest,Isotonic,2020-21,2022-23,A,0.1981363199787577,0.21029878209423367,0.5915648979270086
2023-24,2023-12-28,Arsenal,West Ham,2023-24,A,3,Tuned Random Forest,Isotonic,2020-21,2022-23,H,0.6847987076753682,0.17369422159062226,0.1415070707340095
2023-24,2023-12-28,Brighton,Tottenham,2023-24,H,3,Tuned Random Forest,Isotonic,2020-21,2022-23,A,0.30353944036073877,0.3013774785348075,0.39508308110445356
2023-24,2023-12-30,Aston Villa,Burnley,2023-24,H,3,Tuned Random Forest,Isotonic,2020-21,2022-23,H,0.6679914044946684,0.19397459242373172,0.1380340030815999
2023-24,2023-12-30,Crystal Palace,Brentford,2023-24,H,3,Tuned Random Forest,Isotonic,2020-21,2022-23,H,0.495198621967058,0.2540373771342248,0.25076400089871714
2023-24,2023-12-30,Luton,Chelsea,2023-24,A,3,Tuned Random Forest,Isotonic,2020-21,2022-23,A,0.32137618874887636,0.2518570504833851,0.42676676076773856
2023-24,2023-12-30,Man City,Sheffield United,2023-24,H,3,Tuned Random Forest,Isotonic,2020-21,2022-23,H,0.6847987076753682,0.17369422159062226,0.1415070707340095
2023-24,2023-12-30,Nott'm Forest,Man United,2023-24,H,3,Tuned Random Forest,Isotonic,2020-21,2022-23,A,0.21539561656778183,0.22861752876755467,0.5559868546646635
2023-24,2023-12-30,Wolves,Everton,2023-24,H,3,Tuned Random Forest,Isotonic,2020-21,2022-23,A,0.34682936830355454,0.24844145095031633,0.4047291807461293
2023-24,2023-12-31,Fulham,Arsenal,2023-24,H,3,Tuned Random Forest,Isotonic,2020-21,2022-23,A,0.1981363199787577,0.21029878209423367,0.5915648979270086
2023-24,2023-12-31,Tottenham,Bournemouth,2023-24,H,3,Tuned Random Forest,Isotonic,2020-21,2022-23,H,0.6242173160576555,0.19098876305217585,0.18479392089016847
2023-24,2024-01-01,Liverpool,Newcastle,2023-24,H,3,Tuned Random Forest,Isotonic,2020-21,2022-23,H,0.6242173160576555,0.19098876305217585,0.18479392089016847
2023-24,2024-01-02,West Ham,Brighton,2023-24,D,3,Tuned Random Forest,Isotonic,2020-21,2022-23,A,0.3484863723222368,0.24485082209976175,0.40666280557800155
2023-24,2024-01-12,Burnley,Luton,2023-24,D,3,Tuned Random Forest,Isotonic,2020-21,2022-23,H,0.46549805036157577,0.23880095486779562,0.2957009947706288
2023-24,2024-01-13,Chelsea,Fulham,2023-24,H,3,Tuned Random Forest,Isotonic,2020-21,2022-23,H,0.4961908316238094,0.25353805532224694,0.25027111305394373
2023-24,2024-01-13,Newcastle,Man City,2023-24,A,3,Tuned Random Forest,Isotonic,2020-21,2022-23,A,0.21539561656778183,0.22861752876755467,0.5559868546646635
2023-24,2024-01-14,Everton,Aston Villa,2023-24,D,3,Tuned Random Forest,Isotonic,2020-21,2022-23,A,0.2524307686167692,0.24462836304134178,0.5029408683418891
2023-24,2024-01-14,Man United,Tottenham,2023-24,D,3,Tuned Random Forest,Isotonic,2020-21,2022-23,D,0.28190158465387827,0.44453711426188486,0.2735613010842369
2023-24,2024-01-20,Arsenal,Crystal Palace,2023-24,H,3,Tuned Random Forest,Isotonic,2020-21,2022-23,H,0.6847987076753682,0.17369422159062226,0.1415070707340095
2023-24,2024-01-20,Brentford,Nott'm Forest,2023-24,H,3,Tuned Random Forest,Isotonic,2020-21,2022-23,H,0.495198621967058,0.2540373771342248,0.25076400089871714
2023-24,2024-01-21,Bournemouth,Liverpool,2023-24,A,3,Tuned Random Forest,Isotonic,2020-21,2022-23,A,0.06885951650018707,0.22661862760674256,0.7045218558930704
2023-24,2024-01-21,Sheffield United,West Ham,2023-24,D,3,Tuned Random Forest,Isotonic,2020-21,2022-23,A,0.21539561656778183,0.22861752876755467,0.5559868546646635
2023-24,2024-01-22,Brighton,Wolves,2023-24,D,3,Tuned Random Forest,Isotonic,2020-21,2022-23,H,0.4961908316238094,0.25353805532224694,0.25027111305394373
2023-24,2024-01-30,Aston Villa,Newcastle,2023-24,A,3,Tuned Random Forest,Isotonic,2020-21,2022-23,H,0.5245198555058849,0.22657473093877653,0.24890541355533866
2023-24,2024-01-30,Crystal Palace,Sheffield United,2023-24,H,3,Tuned Random Forest,Isotonic,2020-21,2022-23,H,0.6242173160576555,0.19098876305217585,0.18479392089016847
2023-24,2024-01-30,Fulham,Everton,2023-24,D,3,Tuned Random Forest,Isotonic,2020-21,2022-23,A,0.36190509347909344,0.23980781951745986,0.3982870870034467
2023-24,2024-01-30,Luton,Brighton,2023-24,H,3,Tuned Random Forest,Isotonic,2020-21,2022-23,A,0.26235375824691476,0.2149348951589604,0.5227113465941249
2023-24,2024-01-30,Nott'm Forest,Arsenal,2023-24,A,3,Tuned Random Forest,Isotonic,2020-21,2022-23,A,0.18653020335780407,0.19798023196424303,0.6154895646779528
2023-24,2024-01-31,Liverpool,Chelsea,2023-24,H,3,Tuned Random Forest,Isotonic,2020-21,2022-23,H,0.6847987076753682,0.17369422159062226,0.1415070707340095
2023-24,2024-01-31,Man City,Burnley,2023-24,H,3,Tuned Random Forest,Isotonic,2020-21,2022-23,H,0.6847987076753682,0.17369422159062226,0.1415070707340095
2023-24,2024-01-31,Tottenham,Brentford,2023-24,H,3,Tuned Random Forest,Isotonic,2020-21,2022-23,H,0.6242173160576555,0.19098876305217585,0.18479392089016847
2023-24,2024-02-01,West Ham,Bournemouth,2023-24,D,3,Tuned Random Forest,Isotonic,2020-21,2022-23,H,0.4927561152143574,0.2577167467099607,0.2495271380756819
2023-24,2024-02-01,Wolves,Man United,2023-24,A,3,Tuned Random Forest,Isotonic,2020-21,2022-23,A,0.32137618874887636,0.2518570504833851,0.42676676076773856
2023-24,2024-02-03,Brighton,Crystal Palace,2023-24,H,3,Tuned Random Forest,Isotonic,2020-21,2022-23,H,0.4961908316238094,0.25353805532224694,0.25027111305394373
2023-24,2024-02-03,Burnley,Fulham,2023-24,D,3,Tuned Random Forest,Isotonic,2020-21,2022-23,A,0.3591255720819719,0.21331294827052613,0.4275614796475019
2023-24,2024-02-03,Everton,Tottenham,2023-24,D,3,Tuned Random Forest,Isotonic,2020-21,2022-23,A,0.26235375824691476,0.2149348951589604,0.5227113465941249
2023-24,2024-02-03,Newcastle,Luton,2023-24,D,3,Tuned Random Forest,Isotonic,2020-21,2022-23,H,0.6242173160576555,0.19098876305217585,0.18479392089016847
2023-24,2024-02-03,Sheffield United,Aston Villa,2023-24,A,3,Tuned Random Forest,Isotonic,2020-21,2022-23,A,0.1981363199787577,0.21029878209423367,0.5915648979270086
2023-24,2024-02-04,Arsenal,Liverpool,2023-24,H,3,Tuned Random Forest,Isotonic,2020-21,2022-23,H,0.36229356492027337,0.322501423690205,0.31520501138952167
2023-24,2024-02-04,Bournemouth,Nott'm Forest,2023-24,D,3,Tuned Random Forest,Isotonic,2020-21,2022-23,H,0.4637506925786926,0.3014102470284454,0.23483906039286198
2023-24,2024-02-04,Chelsea,Wolves,2023-24,A,3,Tuned Random Forest,Isotonic,2020-21,2022-23,H,0.4927561152143574,0.2577167467099607,0.2495271380756819
2023-24,2024-02-04,Man United,West Ham,2023-24,H,3,Tuned Random Forest,Isotonic,2020-21,2022-23,H,0.4927561152143574,0.2577167467099607,0.2495271380756819
2023-24,2024-02-05,Brentford,Man City,2023-24,A,3,Tuned Random Forest,Isotonic,2020-21,2022-23,A,0.06885951650018707,0.22661862760674256,0.7045218558930704
2023-24,2024-02-10,Fulham,Bournemouth,2023-24,H,3,Tuned Random Forest,Isotonic,2020-21,2022-23,H,0.43271516880646693,0.2534474560152163,0.3138373751783167
2023-24,2024-02-10,Liverpool,Burnley,2023-24,H,3,Tuned Random Forest,Isotonic,2020-21,2022-23,H,0.6847987076753682,0.17369422159062226,0.1415070707340095
2023-24,2024-02-10,Luton,Sheffield United,2023-24,A,3,Tuned Random Forest,Isotonic,2020-21,2022-23,H,0.6242173160576555,0.19098876305217585,0.18479392089016847
2023-24,2024-02-10,Man City,Everton,2023-24,H,3,Tuned Random Forest,Isotonic,2020-21,2022-23,H,0.6847987076753682,0.17369422159062226,0.1415070707340095
2023-24,2024-02-10,Nott'm Forest,Newcastle,2023-24,A,3,Tuned Random Forest,Isotonic,2020-21,2022-23,A,0.3054630159004272,0.20237374694227928,0.4921632371572936
2023-24,2024-02-10,Tottenham,Brighton,2023-24,H,3,Tuned Random Forest,Isotonic,2020-21,2022-23,H,0.5245198555058849,0.22657473093877653,0.24890541355533866
2023-24,2024-02-10,Wolves,Brentford,2023-24,A,3,Tuned Random Forest,Isotonic,2020-21,2022-23,H,0.495198621967058,0.2540373771342248,0.25076400089871714
2023-24,2024-02-11,Aston Villa,Man United,2023-24,A,3,Tuned Random Forest,Isotonic,2020-21,2022-23,H,0.4961908316238094,0.25353805532224694,0.25027111305394373
2023-24,2024-02-11,West Ham,Arsenal,2023-24,A,3,Tuned Random Forest,Isotonic,2020-21,2022-23,A,0.26235375824691476,0.2149348951589604,0.5227113465941249
2023-24,2024-02-12,Crystal Palace,Chelsea,2023-24,A,3,Tuned Random Forest,Isotonic,2020-21,2022-23,A,0.3484863723222368,0.24485082209976175,0.40666280557800155
2023-24,2024-02-17,Brentford,Liverpool,2023-24,A,3,Tuned Random Forest,Isotonic,2020-21,2022-23,A,0.06671018199296237,0.21954510660265955,0.713744711404378
2023-24,2024-02-17,Burnley,Arsenal,2023-24,A,3,Tuned Random Forest,Isotonic,2020-21,2022-23,A,0.06671018199296237,0.21954510660265955,0.713744711404378
2023-24,2024-02-17,Fulham,Aston Villa,2023-24,A,3,Tuned Random Forest,Isotonic,2020-21,2022-23,A,0.26235375824691476,0.2149348951589604,0.5227113465941249
2023-24,2024-02-17,Man City,Chelsea,2023-24,D,3,Tuned Random Forest,Isotonic,2020-21,2022-23,H,0.7877274503843315,0.04949624354019195,0.1627763060754766
2023-24,2024-02-17,Newcastle,Bournemouth,2023-24,D,3,Tuned Random Forest,Isotonic,2020-21,2022-23,H,0.6242173160576555,0.19098876305217585,0.18479392089016847
2023-24,2024-02-17,Nott'm Forest,West Ham,2023-24,H,3,Tuned Random Forest,Isotonic,2020-21,2022-23,A,0.334397838600067,0.22154349313749597,0.44405866826243706
2023-24,2024-02-17,Tottenham,Wolves,2023-24,A,3,Tuned Random Forest,Isotonic,2020-21,2022-23,H,0.6242173160576555,0.19098876305217585,0.18479392089016847
2023-24,2024-02-18,Luton,Man United,2023-24,A,3,Tuned Random Forest,Isotonic,2020-21,2022-23,A,0.21539561656778183,0.22861752876755467,0.5559868546646635
2023-24,2024-02-18,Sheffield United,Brighton,2023-24,A,3,Tuned Random Forest,Isotonic,2020-21,2022-23,A,0.21539561656778183,0.22861752876755467,0.5559868546646635
2023-24,2024-02-19,Everton,Crystal Palace,2023-24,D,3,Tuned Random Forest,Isotonic,2020-21,2022-23,H,0.495198621967058,0.2540373771342248,0.25076400089871714
2023-24,2024-02-20,Man City,Brentford,2023-24,H,3,Tuned Random Forest,Isotonic,2020-21,2022-23,H,0.6847987076753682,0.17369422159062226,0.1415070707340095
2023-24,2024-02-21,Liverpool,Luton,2023-24,H,3,Tuned Random Forest,Isotonic,2020-21,2022-23,H,0.7743314440309251,0.06566040584564382,0.160008150123431
2023-24,2024-02-24,Arsenal,Newcastle,2023-24,H,3,Tuned Random Forest,Isotonic,2020-21,2022-23,H,0.6679914044946684,0.19397459242373172,0.1380340030815999
2023-24,2024-02-24,Aston Villa,Nott'm Forest,2023-24,H,3,Tuned Random Forest,Isotonic,2020-21,2022-23,H,0.6679914044946684,0.19397459242373172,0.1380340030815999
2023-24,2024-02-24,Bournemouth,Man City,2023-24,A,3,Tuned Random Forest,Isotonic,2020-21,2022-23,A,0.06671018199296237,0.21954510660265955,0.713744711404378
2023-24,2024-02-24,Brighton,Everton,2023-24,D,3,Tuned Random Forest,Isotonic,2020-21,2022-23,H,0.5245198555058849,0.22657473093877653,0.24890541355533866
2023-24,2024-02-24,Crystal Palace,Burnley,2023-24,H,3,Tuned Random Forest,Isotonic,2020-21,2022-23,H,0.4961908316238094,0.25353805532224694,0.25027111305394373
2023-24,2024-02-24,Man United,Fulham,2023-24,A,3,Tuned Random Forest,Isotonic,2020-21,2022-23,H,0.6563003347104864,0.2008050496079274,0.1428946156815862
2023-24,2024-02-25,Wolves,Sheffield United,2023-24,H,3,Tuned Random Forest,Isotonic,2020-21,2022-23,H,0.6563003347104864,0.2008050496079274,0.1428946156815862
2023-24,2024-02-26,West Ham,Brentford,2023-24,H,3,Tuned Random Forest,Isotonic,2020-21,2022-23,H,0.495198621967058,0.2540373771342248,0.25076400089871714
2023-24,2024-03-02,Brentford,Chelsea,2023-24,D,3,Tuned Random Forest,Isotonic,2020-21,2022-23,A,0.3484863723222368,0.24485082209976175,0.40666280557800155
2023-24,2024-03-02,Everton,West Ham,2023-24,A,3,Tuned Random Forest,Isotonic,2020-21,2022-23,H,0.48334404975920847,0.20961853897935886,0.3070374112614327
2023-24,2024-03-02,Fulham,Brighton,2023-24,H,3,Tuned Random Forest,Isotonic,2020-21,2022-23,A,0.31366613911419183,0.2458148157813316,0.44051904510447654
2023-24,2024-03-02,Luton,Aston Villa,2023-24,A,3,Tuned Random Forest,Isotonic,2020-21,2022-23,A,0.1981363199787577,0.21029878209423367,0.5915648979270086
2023-24,2024-03-02,Newcastle,Wolves,2023-24,H,3,Tuned Random Forest,Isotonic,2020-21,2022-23,H,0.5164353551506415,0.22308250185814993,0.2604821429912085
2023-24,2024-03-02,Nott'm Forest,Liverpool,2023-24,A,3,Tuned Random Forest,Isotonic,2020-21,2022-23,A,0.0686162617520766,0.19724552307936394,0.7341382151685595
2023-24,2024-03-02,Tottenham,Crystal Palace,2023-24,H,3,Tuned Random Forest,Isotonic,2020-21,2022-23,H,0.6679914044946684,0.19397459242373172,0.1380340030815999
2023-24,2024-03-03,Burnley,Bournemouth,2023-24,A,3,Tuned Random Forest,Isotonic,2020-21,2022-23,A,0.26235375824691476,0.2149348951589604,0.5227113465941249
2023-24,2024-03-03,Man City,Man United,2023-24,H,3,Tuned Random Forest,Isotonic,2020-21,2022-23,H,0.6847987076753682,0.17369422159062226,0.1415070707340095
2023-24,2024-03-04,Sheffield United,Arsenal,2023-24,A,3,Tuned Random Forest,Isotonic,2020-21,2022-23,A,0.0686162617520766,0.19724552307936394,0.7341382151685595
2023-24,2024-03-09,Arsenal,Brentford,2023-24,H,3,Tuned Random Forest,Isotonic,2020-21,2022-23,H,0.7713427213090492,0.06926671939073334,0.1593905593002174
2023-24,2024-03-09,Bournemouth,Sheffield United,2023-24,D,3,Tuned Random Forest,Isotonic,2020-21,2022-23,H,0.6242173160576555,0.19098876305217585,0.18479392089016847
2023-24,2024-03-09,Crystal Palace,Luton,2023-24,D,3,Tuned Random Forest,Isotonic,2020-21,2022-23,H,0.4927561152143574,0.2577167467099607,0.2495271380756819
2023-24,2024-03-09,Man United,Everton,2023-24,H,3,Tuned Random Forest,Isotonic,2020-21,2022-23,H,0.6242173160576555,0.19098876305217585,0.18479392089016847
2023-24,2024-03-09,Wolves,Fulham,2023-24,H,3,Tuned Random Forest,Isotonic,2020-21,2022-23,H,0.48345061245764925,0.26244461819129533,0.2541047693510555
2023-24,2024-03-10,Aston Villa,Tottenham,2023-24,A,3,Tuned Random Forest,Isotonic,2020-21,2022-23,H,0.495198621967058,0.2540373771342248,0.25076400089871714
2023-24,2024-03-10,Brighton,Nott'm Forest,2023-24,H,3,Tuned Random Forest,Isotonic,2020-21,2022-23,H,0.5405636652531038,0.23350511086348513,0.22593122388341105
2023-24,2024-03-10,Liverpool,Man City,2023-24,D,3,Tuned Random Forest,Isotonic,2020-21,2022-23,H,0.493243660764339,0.2569823126039325,0.24977402663172857
2023-24,2024-03-10,West Ham,Burnley,2023-24,D,3,Tuned Random Forest,Isotonic,2020-21,2022-23,H,0.6242173160576555,0.19098876305217585,0.18479392089016847
2023-24,2024-03-11,Chelsea,Newcastle,2023-24,H,3,Tuned Random Forest,Isotonic,2020-21,2022-23,A,0.3484863723222368,0.24485082209976175,0.40666280557800155
2023-24,2024-03-13,Bournemouth,Luton,2023-24,H,3,Tuned Random Forest,Isotonic,2020-21,2022-23,H,0.4961908316238094,0.25353805532224694,0.25027111305394373
2023-24,2024-03-16,Burnley,Brentford,2023-24,H,3,Tuned Random Forest,Isotonic,2020-21,2022-23,A,0.3054630159004272,0.20237374694227928,0.4921632371572936
2023-24,2024-03-16,Fulham,Tottenham,2023-24,H,3,Tuned Random Forest,Isotonic,2020-21,2022-23,A,0.26235375824691476,0.2149348951589604,0.5227113465941249
2023-24,2024-03-16,Luton,Nott'm Forest,2023-24,D,3,Tuned Random Forest,Isotonic,2020-21,2022-23,H,0.495198621967058,0.2540373771342248,0.25076400089871714
2023-24,2024-03-17,West Ham,Aston Villa,2023-24,D,3,Tuned Random Forest,Isotonic,2020-21,2022-23,A,0.32137618874887636,0.2518570504833851,0.42676676076773856
2023-24,2024-03-30,Aston Villa,Wolves,2023-24,H,3,Tuned Random Forest,Isotonic,2020-21,2022-23,H,0.6242173160576555,0.19098876305217585,0.18479392089016847
2023-24,2024-03-30,Bournemouth,Everton,2023-24,H,3,Tuned Random Forest,Isotonic,2020-21,2022-23,H,0.5154440803812984,0.2235398058772286,0.2610161137414731
2023-24,2024-03-30,Brentford,Man United,2023-24,D,3,Tuned Random Forest,Isotonic,2020-21,2022-23,A,0.26235375824691476,0.2149348951589604,0.5227113465941249
2023-24,2024-03-30,Chelsea,Burnley,2023-24,D,3,Tuned Random Forest,Isotonic,2020-21,2022-23,H,0.6242173160576555,0.19098876305217585,0.18479392089016847
2023-24,2024-03-30,Newcastle,West Ham,2023-24,H,3,Tuned Random Forest,Isotonic,2020-21,2022-23,H,0.4961908316238094,0.25353805532224694,0.25027111305394373
2023-24,2024-03-30,Nott'm Forest,Crystal Palace,2023-24,D,3,Tuned Random Forest,Isotonic,2020-21,2022-23,H,0.4562443026435734,0.2429352780309936,0.300820419325433
2023-24,2024-03-30,Sheffield United,Fulham,2023-24,D,3,Tuned Random Forest,Isotonic,2020-21,2022-23,A,0.21539561656778183,0.22861752876755467,0.5559868546646635
2023-24,2024-03-30,Tottenham,Luton,2023-24,H,3,Tuned Random Forest,Isotonic,2020-21,2022-23,H,0.6563003347104864,0.2008050496079274,0.1428946156815862
2023-24,2024-03-31,Liverpool,Brighton,2023-24,H,3,Tuned Random Forest,Isotonic,2020-21,2022-23,H,0.6847987076753682,0.17369422159062226,0.1415070707340095
2023-24,2024-03-31,Man City,Arsenal,2023-24,D,3,Tuned Random Forest,Isotonic,2020-21,2022-23,H,0.4961908316238094,0.25353805532224694,0.25027111305394373
2023-24,2024-04-02,Bournemouth,Crystal Palace,2023-24,H,3,Tuned Random Forest,Isotonic,2020-21,2022-23,H,0.4927561152143574,0.2577167467099607,0.2495271380756819
2023-24,2024-04-02,Burnley,Wolves,2023-24,D,3,Tuned Random Forest,Isotonic,2020-21,2022-23,A,0.26235375824691476,0.2149348951589604,0.5227113465941249
2023-24,2024-04-02,Newcastle,Everton,2023-24,D,3,Tuned Random Forest,Isotonic,2020-21,2022-23,H,0.6242173160576555,0.19098876305217585,0.18479392089016847
2023-24,2024-04-02,Nott'm Forest,Fulham,2023-24,H,3,Tuned Random Forest,Isotonic,2020-21,2022-23,A,0.30353944036073877,0.3013774785348075,0.39508308110445356
2023-24,2024-04-02,West Ham,Tottenham,2023-24,D,3,Tuned Random Forest,Isotonic,2020-21,2022-23,A,0.334397838600067,0.22154349313749597,0.44405866826243706
2023-24,2024-04-03,Arsenal,Luton,2023-24,H,3,Tuned Random Forest,Isotonic,2020-21,2022-23,H,0.7877274503843315,0.04949624354019195,0.1627763060754766
2023-24,2024-04-03,Brentford,Brighton,2023-24,D,3,Tuned Random Forest,Isotonic,2020-21,2022-23,A,0.32137618874887636,0.2518570504833851,0.42676676076773856
2023-24,2024-04-03,Man City,Aston Villa,2023-24,H,3,Tuned Random Forest,Isotonic,2020-21,2022-23,H,0.6242173160576555,0.19098876305217585,0.18479392089016847
2023-24,2024-04-04,Chelsea,Man United,2023-24,H,3,Tuned Random Forest,Isotonic,2020-21,2022-23,A,0.32137618874887636,0.2518570504833851,0.42676676076773856
2023-24,2024-04-04,Liverpool,Sheffield United,2023-24,H,3,Tuned Random Forest,Isotonic,2020-21,2022-23,H,0.7877274503843315,0.04949624354019195,0.1627763060754766
2023-24,2024-04-06,Aston Villa,Brentford,2023-24,D,3,Tuned Random Forest,Isotonic,2020-21,2022-23,H,0.6242173160576555,0.19098876305217585,0.18479392089016847
2023-24,2024-04-06,Brighton,Arsenal,2023-24,A,3,Tuned Random Forest,Isotonic,2020-21,2022-23,A,0.06885951650018707,0.22661862760674256,0.7045218558930704
2023-24,2024-04-06,Crystal Palace,Man City,2023-24,A,3,Tuned Random Forest,Isotonic,2020-21,2022-23,A,0.06885951650018707,0.22661862760674256,0.7045218558930704
2023-24,2024-04-06,Everton,Burnley,2023-24,H,3,Tuned Random Forest,Isotonic,2020-21,2022-23,H,0.5245198555058849,0.22657473093877653,0.24890541355533866
2023-24,2024-04-06,Fulham,Newcastle,2023-24,A,3,Tuned Random Forest,Isotonic,2020-21,2022-23,A,0.26235375824691476,0.2149348951589604,0.5227113465941249
2023-24,2024-04-06,Luton,Bournemouth,2023-24,H,3,Tuned Random Forest,Isotonic,2020-21,2022-23,A,0.32137618874887636,0.2518570504833851,0.42676676076773856
2023-24,2024-04-06,Wolves,West Ham,2023-24,A,3,Tuned Random Forest,Isotonic,2020-21,2022-23,H,0.39085349641052913,0.22892847646902417,0.38021802712044667
2023-24,2024-04-07,Man United,Liverpool,2023-24,D,3,Tuned Random Forest,Isotonic,2020-21,2022-23,A,0.26235375824691476,0.2149348951589604,0.5227113465941249
2023-24,2024-04-07,Sheffield United,Chelsea,2023-24,D,3,Tuned Random Forest,Isotonic,2020-21,2022-23,A,0.1981363199787577,0.21029878209423367,0.5915648979270086
2023-24,2024-04-07,Tottenham,Nott'm Forest,2023-24,H,3,Tuned Random Forest,Isotonic,2020-21,2022-23,H,0.6563003347104864,0.2008050496079274,0.1428946156815862
2023-24,2024-04-13,Bournemouth,Man United,2023-24,D,3,Tuned Random Forest,Isotonic,2020-21,2022-23,A,0.26235375824691476,0.2149348951589604,0.5227113465941249
2023-24,2024-04-13,Brentford,Sheffield United,2023-24,H,3,Tuned Random Forest,Isotonic,2020-21,2022-23,H,0.6242173160576555,0.19098876305217585,0.18479392089016847
2023-24,2024-04-13,Burnley,Brighton,2023-24,D,3,Tuned Random Forest,Isotonic,2020-21,2022-23,A,0.26235375824691476,0.2149348951589604,0.5227113465941249
2023-24,2024-04-13,Man City,Luton,2023-24,H,3,Tuned Random Forest,Isotonic,2020-21,2022-23,H,0.7435631510123101,0.10278667087523109,0.15365017811245885
2023-24,2024-04-13,Newcastle,Tottenham,2023-24,H,3,Tuned Random Forest,Isotonic,2020-21,2022-23,H,0.36517115940677175,0.32506296054472533,0.3097658800485029
2023-24,2024-04-13,Nott'm Forest,Wolves,2023-24,D,3,Tuned Random Forest,Isotonic,2020-21,2022-23,H,0.39085349641052913,0.22892847646902417,0.38021802712044667
2023-24,2024-04-14,Arsenal,Aston Villa,2023-24,A,3,Tuned Random Forest,Isotonic,2020-21,2022-23,H,0.6847987076753682,0.17369422159062226,0.1415070707340095
2023-24,2024-04-14,Liverpool,Crystal Palace,2023-24,A,3,Tuned Random Forest,Isotonic,2020-21,2022-23,H,0.6847987076753682,0.17369422159062226,0.1415070707340095
2023-24,2024-04-14,West Ham,Fulham,2023-24,A,3,Tuned Random Forest,Isotonic,2020-21,2022-23,H,0.4961908316238094,0.25353805532224694,0.25027111305394373
2023-24,2024-04-15,Chelsea,Everton,2023-24,H,3,Tuned Random Forest,Isotonic,2020-21,2022-23,H,0.4961908316238094,0.25353805532224694,0.25027111305394373
2023-24,2024-04-20,Luton,Brentford,2023-24,A,3,Tuned Random Forest,Isotonic,2020-21,2022-23,A,0.3484863723222368,0.24485082209976175,0.40666280557800155
2023-24,2024-04-20,Sheffield United,Burnley,2023-24,A,3,Tuned Random Forest,Isotonic,2020-21,2022-23,H,0.41376663254861823,0.22031729785056292,0.3659160696008188
2023-24,2024-04-20,Wolves,Arsenal,2023-24,A,3,Tuned Random Forest,Isotonic,2020-21,2022-23,A,0.06885951650018707,0.22661862760674256,0.7045218558930704
2023-24,2024-04-21,Aston Villa,Bournemouth,2023-24,H,3,Tuned Random Forest,Isotonic,2020-21,2022-23,H,0.6242173160576555,0.19098876305217585,0.18479392089016847
2023-24,2024-04-21,Crystal Palace,West Ham,2023-24,H,3,Tuned Random Forest,Isotonic,2020-21,2022-23,A,0.3484863723222368,0.24485082209976175,0.40666280557800155
2023-24,2024-04-21,Everton,Nott'm Forest,2023-24,H,3,Tuned Random Forest,Isotonic,2020-21,2022-23,H,0.495198621967058,0.2540373771342248,0.25076400089871714
2023-24,2024-04-21,Fulham,Liverpool,2023-24,A,3,Tuned Random Forest,Isotonic,2020-21,2022-23,A,0.1981363199787577,0.21029878209423367,0.5915648979270086
2023-24,2024-04-23,Arsenal,Chelsea,2023-24,H,3,Tuned Random Forest,Isotonic,2020-21,2022-23,H,0.6847987076753682,0.17369422159062226,0.1415070707340095
2023-24,2024-04-24,Crystal Palace,Newcastle,2023-24,H,3,Tuned Random Forest,Isotonic,2020-21,2022-23,A,0.2524307686167692,0.24462836304134178,0.5029408683418891
2023-24,2024-04-24,Everton,Liverpool,2023-24,H,3,Tuned Random Forest,Isotonic,2020-21,2022-23,A,0.08804737171144462,0.22194873569274445,0.690003892595811
2023-24,2024-04-24,Man United,Sheffield United,2023-24,H,3,Tuned Random Forest,Isotonic,2020-21,2022-23,H,0.6679914044946684,0.19397459242373172,0.1380340030815999
2023-24,2024-04-24,Wolves,Bournemouth,2023-24,A,3,Tuned Random Forest,Isotonic,2020-21,2022-23,H,0.495198621967058,0.2540373771342248,0.25076400089871714
2023-24,2024-04-25,Brighton,Man City,2023-24,A,3,Tuned Random Forest,Isotonic,2020-21,2022-23,A,0.08804737171144462,0.22194873569274445,0.690003892595811
2023-24,2024-04-27,Aston Villa,Chelsea,2023-24,D,3,Tuned Random Forest,Isotonic,2020-21,2022-23,H,0.6242173160576555,0.19098876305217585,0.18479392089016847
2023-24,2024-04-27,Everton,Brentford,2023-24,H,3,Tuned Random Forest,Isotonic,2020-21,2022-23,A,0.34682936830355454,0.24844145095031633,0.4047291807461293
2023-24,2024-04-27,Fulham,Crystal Palace,2023-24,D,3,Tuned Random Forest,Isotonic,2020-21,2022-23,H,0.43271516880646693,0.2534474560152163,0.3138373751783167
2023-24,2024-04-27,Man United,Burnley,2023-24,D,3,Tuned Random Forest,Isotonic,2020-21,2022-23,H,0.6563003347104864,0.2008050496079274,0.1428946156815862
2023-24,2024-04-27,Newcastle,Sheffield United,2023-24,H,3,Tuned Random Forest,Isotonic,2020-21,2022-23,H,0.6679914044946684,0.19397459242373172,0.1380340030815999
2023-24,2024-04-27,West Ham,Liverpool,2023-24,D,3,Tuned Random Forest,Isotonic,2020-21,2022-23,A,0.21539561656778183,0.22861752876755467,0.5559868546646635
2023-24,2024-04-27,Wolves,Luton,2023-24,H,3,Tuned Random Forest,Isotonic,2020-21,2022-23,H,0.4961908316238094,0.25353805532224694,0.25027111305394373
2023-24,2024-04-28,Bournemouth,Brighton,2023-24,H,3,Tuned Random Forest,Isotonic,2020-21,2022-23,H,0.39085349641052913,0.22892847646902417,0.38021802712044667
2023-24,2024-04-28,Nott'm Forest,Man City,2023-24,A,3,Tuned Random Forest,Isotonic,2020-21,2022-23,A,0.06671018199296237,0.21954510660265955,0.713744711404378
2023-24,2024-04-28,Tottenham,Arsenal,2023-24,A,3,Tuned Random Forest,Isotonic,2020-21,2022-23,A,0.26235375824691476,0.2149348951589604,0.5227113465941249
2023-24,2024-05-02,Chelsea,Tottenham,2023-24,H,3,Tuned Random Forest,Isotonic,2020-21,2022-23,A,0.34682936830355454,0.24844145095031633,0.4047291807461293
2023-24,2024-05-03,Luton,Everton,2023-24,D,3,Tuned Random Forest,Isotonic,2020-21,2022-23,A,0.2524307686167692,0.24462836304134178,0.5029408683418891
2023-24,2024-05-04,Arsenal,Bournemouth,2023-24,H,3,Tuned Random Forest,Isotonic,2020-21,2022-23,H,0.6847987076753682,0.17369422159062226,0.1415070707340095
2023-24,2024-05-04,Brentford,Fulham,2023-24,D,3,Tuned Random Forest,Isotonic,2020-21,2022-23,H,0.4562443026435734,0.2429352780309936,0.300820419325433
2023-24,2024-05-04,Burnley,Newcastle,2023-24,A,3,Tuned Random Forest,Isotonic,2020-21,2022-23,A,0.1981363199787577,0.21029878209423367,0.5915648979270086
2023-24,2024-05-04,Man City,Wolves,2023-24,H,3,Tuned Random Forest,Isotonic,2020-21,2022-23,H,0.7877274503843315,0.04949624354019195,0.1627763060754766
2023-24,2024-05-04,Sheffield United,Nott'm Forest,2023-24,A,3,Tuned Random Forest,Isotonic,2020-21,2022-23,A,0.3054630159004272,0.20237374694227928,0.4921632371572936
2023-24,2024-05-05,Brighton,Aston Villa,2023-24,H,3,Tuned Random Forest,Isotonic,2020-21,2022-23,A,0.2524307686167692,0.24462836304134178,0.5029408683418891
2023-24,2024-05-05,Chelsea,West Ham,2023-24,H,3,Tuned Random Forest,Isotonic,2020-21,2022-23,H,0.5164353551506415,0.22308250185814993,0.2604821429912085
2023-24,2024-05-05,Liverpool,Tottenham,2023-24,H,3,Tuned Random Forest,Isotonic,2020-21,2022-23,H,0.6242173160576555,0.19098876305217585,0.18479392089016847
2023-24,2024-05-06,Crystal Palace,Man United,2023-24,H,3,Tuned Random Forest,Isotonic,2020-21,2022-23,A,0.2901114559983583,0.2068468747524826,0.5030416692491592
2023-24,2024-05-11,Bournemouth,Brentford,2023-24,A,3,Tuned Random Forest,Isotonic,2020-21,2022-23,H,0.38664551682643,0.2769626276853232,0.33639185548824685
2023-24,2024-05-11,Everton,Sheffield United,2023-24,H,3,Tuned Random Forest,Isotonic,2020-21,2022-23,H,0.6242173160576555,0.19098876305217585,0.18479392089016847
2023-24,2024-05-11,Fulham,Man City,2023-24,A,3,Tuned Random Forest,Isotonic,2020-21,2022-23,A,0.06671018199296237,0.21954510660265955,0.713744711404378
2023-24,2024-05-11,Newcastle,Brighton,2023-24,D,3,Tuned Random Forest,Isotonic,2020-21,2022-23,H,0.6242173160576555,0.19098876305217585,0.18479392089016847
2023-24,2024-05-11,Nott'm Forest,Chelsea,2023-24,A,3,Tuned Random Forest,Isotonic,2020-21,2022-23,A,0.21539561656778183,0.22861752876755467,0.5559868546646635
2023-24,2024-05-11,Tottenham,Burnley,2023-24,H,3,Tuned Random Forest,Isotonic,2020-21,2022-23,H,0.6563003347104864,0.2008050496079274,0.1428946156815862
2023-24,2024-05-11,West Ham,Luton,2023-24,H,3,Tuned Random Forest,Isotonic,2020-21,2022-23,H,0.4961908316238094,0.25353805532224694,0.25027111305394373
2023-24,2024-05-11,Wolves,Crystal Palace,2023-24,A,3,Tuned Random Forest,Isotonic,2020-21,2022-23,H,0.36229356492027337,0.322501423690205,0.31520501138952167
2023-24,2024-05-12,Man United,Arsenal,2023-24,A,3,Tuned Random Forest,Isotonic,2020-21,2022-23,A,0.21539561656778183,0.22861752876755467,0.5559868546646635
2023-24,2024-05-13,Aston Villa,Liverpool,2023-24,D,3,Tuned Random Forest,Isotonic,2020-21,2022-23,A,0.3591255720819719,0.21331294827052613,0.4275614796475019
2023-24,2024-05-14,Tottenham,Man City,2023-24,A,3,Tuned Random Forest,Isotonic,2020-21,2022-23,A,0.1981363199787577,0.21029878209423367,0.5915648979270086
2023-24,2024-05-15,Brighton,Chelsea,2023-24,A,3,Tuned Random Forest,Isotonic,2020-21,2022-23,H,0.38664551682643,0.2769626276853232,0.33639185548824685
2023-24,2024-05-15,Man United,Newcastle,2023-24,H,3,Tuned Random Forest,Isotonic,2020-21,2022-23,H,0.38703810785100073,0.3445281751879279,0.26843371696107143
2023-24,2024-05-19,Arsenal,Everton,2023-24,H,3,Tuned Random Forest,Isotonic,2020-21,2022-23,H,0.7877274503843315,0.04949624354019195,0.1627763060754766
2023-24,2024-05-19,Brentford,Newcastle,2023-24,A,3,Tuned Random Forest,Isotonic,2020-21,2022-23,A,0.3054630159004272,0.20237374694227928,0.4921632371572936
2023-24,2024-05-19,Brighton,Man United,2023-24,A,3,Tuned Random Forest,Isotonic,2020-21,2022-23,A,0.3484863723222368,0.24485082209976175,0.40666280557800155
2023-24,2024-05-19,Burnley,Nott'm Forest,2023-24,A,3,Tuned Random Forest,Isotonic,2020-21,2022-23,H,0.48334404975920847,0.20961853897935886,0.3070374112614327
2023-24,2024-05-19,Chelsea,Bournemouth,2023-24,H,3,Tuned Random Forest,Isotonic,2020-21,2022-23,H,0.6563003347104864,0.2008050496079274,0.1428946156815862
2023-24,2024-05-19,Crystal Palace,Aston Villa,2023-24,H,3,Tuned Random Forest,Isotonic,2020-21,2022-23,A,0.3054630159004272,0.20237374694227928,0.4921632371572936
2023-24,2024-05-19,Liverpool,Wolves,2023-24,H,3,Tuned Random Forest,Isotonic,2020-21,2022-23,H,0.6847987076753682,0.17369422159062226,0.1415070707340095
2023-24,2024-05-19,Luton,Fulham,2023-24,A,3,Tuned Random Forest,Isotonic,2020-21,2022-23,A,0.34564104123817163,0.24285165739660042,0.41150730136522795
2023-24,2024-05-19,Man City,West Ham,2023-24,H,3,Tuned Random Forest,Isotonic,2020-21,2022-23,H,0.7877274503843315,0.04949624354019195,0.1627763060754766
2023-24,2024-05-19,Sheffield United,Tottenham,2023-24,A,3,Tuned Random Forest,Isotonic,2020-21,2022-23,A,0.1981363199787577,0.21029878209423367,0.5915648979270086
2024-25,2024-08-16,Man United,Fulham,2024-25,H,4,Tuned Random Forest,Isotonic,2020-21,2023-24,H,0.6264034219228257,0.2040017342574078,0.16959484381976664
2024-25,2024-08-17,Arsenal,Wolves,2024-25,H,4,Tuned Random Forest,Isotonic,2020-21,2023-24,H,0.7091838259466244,0.16586473805325602,0.12495143600011953
2024-25,2024-08-17,Everton,Brighton,2024-25,A,4,Tuned Random Forest,Isotonic,2020-21,2023-24,A,0.3415901351574684,0.251190242631999,0.4072196222105326
2024-25,2024-08-17,Ipswich,Liverpool,2024-25,A,4,Tuned Random Forest,Isotonic,2020-21,2023-24,A,0.1820739675493169,0.21288023259449151,0.6050457998561916
2024-25,2024-08-17,Newcastle,Southampton,2024-25,H,4,Tuned Random Forest,Isotonic,2020-21,2023-24,H,0.657486680626607,0.19778938160998752,0.14472393776340547
2024-25,2024-08-17,Nott'm Forest,Bournemouth,2024-25,D,4,Tuned Random Forest,Isotonic,2020-21,2023-24,A,0.3415901351574684,0.251190242631999,0.4072196222105326
2024-25,2024-08-17,West Ham,Aston Villa,2024-25,A,4,Tuned Random Forest,Isotonic,2020-21,2023-24,A,0.25989557766968624,0.2236452615764499,0.5164591607538638
2024-25,2024-08-18,Brentford,Crystal Palace,2024-25,H,4,Tuned Random Forest,Isotonic,2020-21,2023-24,A,0.3415901351574684,0.251190242631999,0.4072196222105326
2024-25,2024-08-18,Chelsea,Man City,2024-25,A,4,Tuned Random Forest,Isotonic,2020-21,2023-24,A,0.25989557766968624,0.2236452615764499,0.5164591607538638
2024-25,2024-08-19,Leicester,Tottenham,2024-25,D,4,Tuned Random Forest,Isotonic,2020-21,2023-24,A,0.25989557766968624,0.2236452615764499,0.5164591607538638
2024-25,2024-08-24,Aston Villa,Arsenal,2024-25,A,4,Tuned Random Forest,Isotonic,2020-21,2023-24,A,0.25989557766968624,0.2236452615764499,0.5164591607538638
2024-25,2024-08-24,Brighton,Man United,2024-25,H,4,Tuned Random Forest,Isotonic,2020-21,2023-24,A,0.35260059921864545,0.22420105913247057,0.4231983416488839
2024-25,2024-08-24,Crystal Palace,West Ham,2024-25,A,4,Tuned Random Forest,Isotonic,2020-21,2023-24,H,0.47196935150830666,0.267193480315122,0.2608371681765714
2024-25,2024-08-24,Fulham,Leicester,2024-25,H,4,Tuned Random Forest,Isotonic,2020-21,2023-24,H,0.43506274966120273,0.24629974354467699,0.31863750679412034
2024-25,2024-08-24,Man City,Ipswich,2024-25,H,4,Tuned Random Forest,Isotonic,2020-21,2023-24,H,0.724907063197026,0.14737121614445034,0.1277217206585236
2024-25,2024-08-24,Southampton,Nott'm Forest,2024-25,A,4,Tuned Random Forest,Isotonic,2020-21,2023-24,A,0.25110712643202987,0.2498979428376541,0.49899493073031587
2024-25,2024-08-24,Tottenham,Everton,2024-25,H,4,Tuned Random Forest,Isotonic,2020-21,2023-24,H,0.563342649415415,0.2295204846828597,0.20713686590172528
2024-25,2024-08-25,Bournemouth,Newcastle,2024-25,D,4,Tuned Random Forest,Isotonic,2020-21,2023-24,A,0.25989557766968624,0.2236452615764499,0.5164591607538638
2024-25,2024-08-25,Liverpool,Brentford,2024-25,H,4,Tuned Random Forest,Isotonic,2020-21,2023-24,H,0.6899173870993938,0.18261216233176572,0.12747045056884038
2024-25,2024-08-25,Wolves,Chelsea,2024-25,A,4,Tuned Random Forest,Isotonic,2020-21,2023-24,A,0.25989557766968624,0.2236452615764499,0.5164591607538638
2024-25,2024-08-31,Arsenal,Brighton,2024-25,D,4,Tuned Random Forest,Isotonic,2020-21,2023-24,H,0.6760051160498961,0.183447956225201,0.1405469277249029
2024-25,2024-08-31,Brentford,Southampton,2024-25,H,4,Tuned Random Forest,Isotonic,2020-21,2023-24,H,0.5375093233972955,0.21899531405215744,0.243495362550547
2024-25,2024-08-31,Everton,Bournemouth,2024-25,A,4,Tuned Random Forest,Isotonic,2020-21,2023-24,A,0.3406486712459601,0.25049793180676977,0.4088533969472702
2024-25,2024-08-31,Ipswich,Fulham,2024-25,D,4,Tuned Random Forest,Isotonic,2020-21,2023-24,A,0.3415901351574684,0.251190242631999,0.4072196222105326
2024-25,2024-08-31,Leicester,Aston Villa,2024-25,A,4,Tuned Random Forest,Isotonic,2020-21,2023-24,A,0.25989557766968624,0.2236452615764499,0.5164591607538638
2024-25,2024-08-31,Nott'm Forest,Wolves,2024-25,D,4,Tuned Random Forest,Isotonic,2020-21,2023-24,H,0.40729873301583014,0.24477150183166418,0.34792976515250573
2024-25,2024-08-31,West Ham,Man City,2024-25,A,4,Tuned Random Forest,Isotonic,2020-21,2023-24,A,0.062434934575714196,0.226431160606901,0.7111339048173848
2024-25,2024-09-01,Chelsea,Crystal Palace,2024-25,D,4,Tuned Random Forest,Isotonic,2020-21,2023-24,H,0.563342649415415,0.2295204846828597,0.20713686590172528
2024-25,2024-09-01,Man United,Liverpool,2024-25,A,4,Tuned Random Forest,Isotonic,2020-21,2023-24,A,0.25989557766968624,0.2236452615764499,0.5164591607538638
2024-25,2024-09-01,Newcastle,Tottenham,2024-25,H,4,Tuned Random Forest,Isotonic,2020-21,2023-24,H,0.4126152015536073,0.24257592699334132,0.34480887145305134
2024-25,2024-09-14,Aston Villa,Everton,2024-25,H,4,Tuned Random Forest,Isotonic,2020-21,2023-24,H,0.657486680626607,0.19778938160998752,0.14472393776340547
2024-25,2024-09-14,Bournemouth,Chelsea,2024-25,A,4,Tuned Random Forest,Isotonic,2020-21,2023-24,A,0.25989557766968624,0.2236452615764499,0.5164591607538638
2024-25,2024-09-14,Brighton,Ipswich,2024-25,D,4,Tuned Random Forest,Isotonic,2020-21,2023-24,H,0.5196986627257327,0.24487432458987035,0.23542701268439703
2024-25,2024-09-14,Crystal Palace,Leicester,2024-25,D,4,Tuned Random Forest,Isotonic,2020-21,2023-24,H,0.4846723329635078,0.2607655317952984,0.25456213524119375
2024-25,2024-09-14,Fulham,West Ham,2024-25,D,4,Tuned Random Forest,Isotonic,2020-21,2023-24,A,0.3415901351574684,0.251190242631999,0.4072196222105326
2024-25,2024-09-14,Liverpool,Nott'm Forest,2024-25,A,4,Tuned Random Forest,Isotonic,2020-21,2023-24,H,0.724907063197026,0.14737121614445034,0.1277217206585236
2024-25,2024-09-14,Man City,Brentford,2024-25,H,4,Tuned Random Forest,Isotonic,2020-21,2023-24,H,0.7091838259466244,0.16586473805325602,0.12495143600011953
2024-25,2024-09-14,Southampton,Man United,2024-25,A,4,Tuned Random Forest,Isotonic,2020-21,2023-24,A,0.15607037101550253,0.21964814492248738,0.6242814840620101
2024-25,2024-09-15,Tottenham,Arsenal,2024-25,A,4,Tuned Random Forest,Isotonic,2020-21,2023-24,A,0.20091632193970357,0.23491064605360878,0.5641730320066877
2024-25,2024-09-15,Wolves,Newcastle,2024-25,A,4,Tuned Random Forest,Isotonic,2020-21,2023-24,A,0.20537269643348305,0.24012102319611256,0.5545062803704044
2024-25,2024-09-21,Aston Villa,Wolves,2024-25,H,4,Tuned Random Forest,Isotonic,2020-21,2023-24,H,0.6899173870993938,0.18261216233176572,0.12747045056884038
2024-25,2024-09-21,Crystal Palace,Man United,2024-25,D,4,Tuned Random Forest,Isotonic,2020-21,2023-24,A,0.25989557766968624,0.2236452615764499,0.5164591607538638
2024-25,2024-09-21,Fulham,Newcastle,2024-25,H,4,Tuned Random Forest,Isotonic,2020-21,2023-24,A,0.20537269643348305,0.24012102319611256,0.5545062803704044
2024-25,2024-09-21,Leicester,Everton,2024-25,D,4,Tuned Random Forest,Isotonic,2020-21,2023-24,H,0.40729873301583014,0.24477150183166418,0.34792976515250573
2024-25,2024-09-21,Liverpool,Bournemouth,2024-25,H,4,Tuned Random Forest,Isotonic,2020-21,2023-24,H,0.7091838259466244,0.16586473805325602,0.12495143600011953
2024-25,2024-09-21,Southampton,Ipswich,2024-25,D,4,Tuned Random Forest,Isotonic,2020-21,2023-24,A,0.25989557766968624,0.2236452615764499,0.5164591607538638
2024-25,2024-09-21,Tottenham,Brentford,2024-25,H,4,Tuned Random Forest,Isotonic,2020-21,2023-24,H,0.5196986627257327,0.24487432458987035,0.23542701268439703
2024-25,2024-09-21,West Ham,Chelsea,2024-25,A,4,Tuned Random Forest,Isotonic,2020-21,2023-24,A,0.25989557766968624,0.2236452615764499,0.5164591607538638
2024-25,2024-09-22,Brighton,Nott'm Forest,2024-25,D,4,Tuned Random Forest,Isotonic,2020-21,2023-24,H,0.4846723329635078,0.2607655317952984,0.25456213524119375
2024-25,2024-09-22,Man City,Arsenal,2024-25,D,4,Tuned Random Forest,Isotonic,2020-21,2023-24,H,0.5196986627257327,0.24487432458987035,0.23542701268439703
2024-25,2024-09-28,Arsenal,Leicester,2024-25,H,4,Tuned Random Forest,Isotonic,2020-21,2023-24,H,0.724907063197026,0.14737121614445034,0.1277217206585236
2024-25,2024-09-28,Brentford,West Ham,2024-25,D,4,Tuned Random Forest,Isotonic,2020-21,2023-24,H,0.4126152015536073,0.24257592699334132,0.34480887145305134
2024-25,2024-09-28,Chelsea,Brighton,2024-25,H,4,Tuned Random Forest,Isotonic,2020-21,2023-24,H,0.5196986627257327,0.24487432458987035,0.23542701268439703
2024-25,2024-09-28,Everton,Crystal Palace,2024-25,H,4,Tuned Random Forest,Isotonic,2020-21,2023-24,H,0.38831626148014753,0.23336373723622345,0.3783200012836289
2024-25,2024-09-28,Newcastle,Man City,2024-25,D,4,Tuned Random Forest,Isotonic,2020-21,2023-24,A,0.1963404154280737,0.2295605125027344,0.5740990720691919
2024-25,2024-09-28,Nott'm Forest,Fulham,2024-25,A,4,Tuned Random Forest,Isotonic,2020-21,2023-24,A,0.3415901351574684,0.251190242631999,0.4072196222105326
2024-25,2024-09-28,Wolves,Liverpool,2024-25,A,4,Tuned Random Forest,Isotonic,2020-21,2023-24,A,0.06129597197898423,0.2053415061295972,0.7333625218914186
2024-25,2024-09-29,Ipswich,Aston Villa,2024-25,D,4,Tuned Random Forest,Isotonic,2020-21,2023-24,A,0.20537269643348305,0.24012102319611256,0.5545062803704044
2024-25,2024-09-29,Man United,Tottenham,2024-25,A,4,Tuned Random Forest,Isotonic,2020-21,2023-24,H,0.43506274966120273,0.24629974354467699,0.31863750679412034
2024-25,2024-09-30,Bournemouth,Southampton,2024-25,H,4,Tuned Random Forest,Isotonic,2020-21,2023-24,H,0.5196986627257327,0.24487432458987035,0.23542701268439703
2024-25,2024-10-05,Arsenal,Southampton,2024-25,H,4,Tuned Random Forest,Isotonic,2020-21,2023-24,H,0.724907063197026,0.14737121614445034,0.1277217206585236
2024-25,2024-10-05,Brentford,Wolves,2024-25,H,4,Tuned Random Forest,Isotonic,2020-21,2023-24,H,0.48654895327327463,0.2617751992753091,0.25167584745141613
2024-25,2024-10-05,Crystal Palace,Liverpool,2024-25,A,4,Tuned Random Forest,Isotonic,2020-21,2023-24,A,0.062434934575714196,0.226431160606901,0.7111339048173848
2024-25,2024-10-05,Everton,Newcastle,2024-25,D,4,Tuned Random Forest,Isotonic,2020-21,2023-24,A,0.20537269643348305,0.24012102319611256,0.5545062803704044
2024-25,2024-10-05,Leicester,Bournemouth,2024-25,H,4,Tuned Random Forest,Isotonic,2020-21,2023-24,A,0.3415901351574684,0.251190242631999,0.4072196222105326
2024-25,2024-10-05,Man City,Fulham,2024-25,H,4,Tuned Random Forest,Isotonic,2020-21,2023-24,H,0.7091838259466244,0.16586473805325602,0.12495143600011953
2024-25,2024-10-05,West Ham,Ipswich,2024-25,H,4,Tuned Random Forest,Isotonic,2020-21,2023-24,H,0.4846723329635078,0.2607655317952984,0.25456213524119375
2024-25,2024-10-06,Aston Villa,Man United,2024-25,D,4,Tuned Random Forest,Isotonic,2020-21,2023-24,H,0.5196986627257327,0.24487432458987035,0.23542701268439703
2024-25,2024-10-06,Brighton,Tottenham,2024-25,H,4,Tuned Random Forest,Isotonic,2020-21,2023-24,A,0.3406486712459601,0.25049793180676977,0.4088533969472702
2024-25,2024-10-06,Chelsea,Nott'm Forest,2024-25,D,4,Tuned Random Forest,Isotonic,2020-21,2023-24,H,0.6869158125347785,0.1818176845697993,0.13126650289542227
2024-25,2024-10-19,Bournemouth,Arsenal,2024-25,H,4,Tuned Random Forest,Isotonic,2020-21,2023-24,A,0.06027378830177256,0.21859338737344858,0.7211328243247789
2024-25,2024-10-19,Fulham,Aston Villa,2024-25,A,4,Tuned Random Forest,Isotonic,2020-21,2023-24,A,0.25989557766968624,0.2236452615764499,0.5164591607538638
2024-25,2024-10-19,Ipswich,Everton,2024-25,A,4,Tuned Random Forest,Isotonic,2020-21,2023-24,H,0.38831626148014753,0.23336373723622345,0.3783200012836289
2024-25,2024-10-19,Man United,Brentford,2024-25,H,4,Tuned Random Forest,Isotonic,2020-21,2023-24,H,0.5196986627257327,0.24487432458987035,0.23542701268439703
2024-25,2024-10-19,Newcastle,Brighton,2024-25,A,4,Tuned Random Forest,Isotonic,2020-21,2023-24,H,0.48654895327327463,0.2617751992753091,0.25167584745141613
2024-25,2024-10-19,Southampton,Leicester,2024-25,A,4,Tuned Random Forest,Isotonic,2020-21,2023-24,A,0.25989557766968624,0.2236452615764499,0.5164591607538638
2024-25,2024-10-19,Tottenham,West Ham,2024-25,H,4,Tuned Random Forest,Isotonic,2020-21,2023-24,H,0.5196986627257327,0.24487432458987035,0.23542701268439703
2024-25,2024-10-20,Liverpool,Chelsea,2024-25,H,4,Tuned Random Forest,Isotonic,2020-21,2023-24,H,0.572693158856923,0.23333012604637735,0.19397671509669967
2024-25,2024-10-20,Wolves,Man City,2024-25,A,4,Tuned Random Forest,Isotonic,2020-21,2023-24,A,0.06059885931558935,0.20300617870722434,0.7363949619771863
2024-25,2024-10-21,Nott'm Forest,Crystal Palace,2024-25,H,4,Tuned Random Forest,Isotonic,2020-21,2023-24,H,0.4126152015536073,0.24257592699334132,0.34480887145305134
2024-25,2024-10-25,Leicester,Nott'm Forest,2024-25,A,4,Tuned Random Forest,Isotonic,2020-21,2023-24,A,0.3415901351574684,0.251190242631999,0.4072196222105326
2024-25,2024-10-26,Aston Villa,Bournemouth,2024-25,D,4,Tuned Random Forest,Isotonic,2020-21,2023-24,H,0.657486680626607,0.19778938160998752,0.14472393776340547
2024-25,2024-10-26,Brentford,Ipswich,2024-25,H,4,Tuned Random Forest,Isotonic,2020-21,2023-24,H,0.48654895327327463,0.2617751992753091,0.25167584745141613
2024-25,2024-10-26,Brighton,Wolves,2024-25,D,4,Tuned Random Forest,Isotonic,2020-21,2023-24,H,0.5438099524684824,0.25623520775970526,0.19995483977181247
2024-25,2024-10-26,Everton,Fulham,2024-25,D,4,Tuned Random Forest,Isotonic,2020-21,2023-24,A,0.3415901351574684,0.251190242631999,0.4072196222105326
2024-25,2024-10-26,Man City,Southampton,2024-25,H,4,Tuned Random Forest,Isotonic,2020-21,2023-24,H,0.7571758495546024,0.1138238205212801,0.12900032992411745
2024-25,2024-10-27,Arsenal,Liverpool,2024-25,D,4,Tuned Random Forest,Isotonic,2020-21,2023-24,H,0.41307131677548886,0.2727617662403364,0.31416691698417465
2024-25,2024-10-27,Chelsea,Newcastle,2024-25,H,4,Tuned Random Forest,Isotonic,2020-21,2023-24,H,0.5196986627257327,0.24487432458987035,0.23542701268439703
2024-25,2024-10-27,Crystal Palace,Tottenham,2024-25,H,4,Tuned Random Forest,Isotonic,2020-21,2023-24,A,0.20537269643348305,0.24012102319611256,0.5545062803704044
2024-25,2024-10-27,West Ham,Man United,2024-25,H,4,Tuned Random Forest,Isotonic,2020-21,2023-24,A,0.25110712643202987,0.2498979428376541,0.49899493073031587
2024-25,2024-11-02,Bournemouth,Man City,2024-25,H,4,Tuned Random Forest,Isotonic,2020-21,2023-24,A,0.062434934575714196,0.226431160606901,0.7111339048173848
2024-25,2024-11-02,Ipswich,Leicester,2024-25,D,4,Tuned Random Forest,Isotonic,2020-21,2023-24,H,0.39093359783063886,0.23236519607207087,0.3767012060972904
2024-25,2024-11-02,Liverpool,Brighton,2024-25,H,4,Tuned Random Forest,Isotonic,2020-21,2023-24,H,0.690585499642261,0.16937242342679978,0.14004207693093934
2024-25,2024-11-02,Newcastle,Arsenal,2024-25,H,4,Tuned Random Forest,Isotonic,2020-21,2023-24,A,0.20537269643348305,0.24012102319611256,0.5545062803704044
2024-25,2024-11-02,Nott'm Forest,West Ham,2024-25,H,4,Tuned Random Forest,Isotonic,2020-21,2023-24,H,0.4126152015536073,0.24257592699334132,0.34480887145305134
2024-25,2024-11-02,Southampton,Everton,2024-25,H,4,Tuned Random Forest,Isotonic,2020-21,2023-24,A,0.25989557766968624,0.2236452615764499,0.5164591607538638
2024-25,2024-11-02,Wolves,Crystal Palace,2024-25,D,4,Tuned Random Forest,Isotonic,2020-21,2023-24,A,0.3415901351574684,0.251190242631999,0.4072196222105326
2024-25,2024-11-03,Man United,Chelsea,2024-25,D,4,Tuned Random Forest,Isotonic,2020-21,2023-24,H,0.39537610990115596,0.26687887418328027,0.3377450159155637
2024-25,2024-11-03,Tottenham,Aston Villa,2024-25,H,4,Tuned Random Forest,Isotonic,2020-21,2023-24,H,0.42581058575799974,0.2503334757781694,0.3238559384638308
2024-25,2024-11-04,Fulham,Brentford,2024-25,H,4,Tuned Random Forest,Isotonic,2020-21,2023-24,H,0.4126152015536073,0.24257592699334132,0.34480887145305134
2024-25,2024-11-09,Brentford,Bournemouth,2024-25,H,4,Tuned Random Forest,Isotonic,2020-21,2023-24,A,0.35963138749727996,0.2644569798301716,0.3759116326725484
2024-25,2024-11-09,Brighton,Man City,2024-25,H,4,Tuned Random Forest,Isotonic,2020-21,2023-24,A,0.14646936893933943,0.20613602034878017,0.6473946107118803
2024-25,2024-11-09,Crystal Palace,Fulham,2024-25,A,4,Tuned Random Forest,Isotonic,2020-21,2023-24,H,0.39354947482919206,0.23136721166593016,0.37508331350487784
2024-25,2024-11-09,Liverpool,Aston Villa,2024-25,H,4,Tuned Random Forest,Isotonic,2020-21,2023-24,H,0.6715016730849209,0.1859978341671894,0.14250049274788973
2024-25,2024-11-09,West Ham,Everton,2024-25,D,4,Tuned Random Forest,Isotonic,2020-21,2023-24,H,0.4846723329635078,0.2607655317952984,0.25456213524119375
2024-25,2024-11-09,Wolves,Southampton,2024-25,H,4,Tuned Random Forest,Isotonic,2020-21,2023-24,H,0.5375093233972955,0.21899531405215744,0.243495362550547
2024-25,2024-11-10,Chelsea,Arsenal,2024-25,D,4,Tuned Random Forest,Isotonic,2020-21,2023-24,A,0.35260059921864545,0.22420105913247057,0.4231983416488839
2024-25,2024-11-10,Man United,Leicester,2024-25,H,4,Tuned Random Forest,Isotonic,2020-21,2023-24,H,0.563342649415415,0.2295204846828597,0.20713686590172528
2024-25,2024-11-10,Nott'm Forest,Newcastle,2024-25,A,4,Tuned Random Forest,Isotonic,2020-21,2023-24,A,0.35260059921864545,0.22420105913247057,0.4231983416488839
2024-25,2024-11-10,Tottenham,Ipswich,2024-25,A,4,Tuned Random Forest,Isotonic,2020-21,2023-24,H,0.6469190739903097,0.21068309718537717,0.14239782882431323
2024-25,2024-11-23,Arsenal,Nott'm Forest,2024-25,H,4,Tuned Random Forest,Isotonic,2020-21,2023-24,H,0.6899173870993938,0.18261216233176572,0.12747045056884038
2024-25,2024-11-23,Aston Villa,Crystal Palace,2024-25,D,4,Tuned Random Forest,Isotonic,2020-21,2023-24,H,0.6264034219228257,0.2040017342574078,0.16959484381976664
2024-25,2024-11-23,Bournemouth,Brighton,2024-25,A,4,Tuned Random Forest,Isotonic,2020-21,2023-24,A,0.3406486712459601,0.25049793180676977,0.4088533969472702
2024-25,2024-11-23,Everton,Brentford,2024-25,D,4,Tuned Random Forest,Isotonic,2020-21,2023-24,H,0.4126152015536073,0.24257592699334132,0.34480887145305134
2024-25,2024-11-23,Fulham,Wolves,2024-25,A,4,Tuned Random Forest,Isotonic,2020-21,2023-24,H,0.48654895327327463,0.2617751992753091,0.25167584745141613
2024-25,2024-11-23,Leicester,Chelsea,2024-25,A,4,Tuned Random Forest,Isotonic,2020-21,2023-24,A,0.20537269643348305,0.24012102319611256,0.5545062803704044
2024-25,2024-11-23,Man City,Tottenham,2024-25,A,4,Tuned Random Forest,Isotonic,2020-21,2023-24,H,0.6814428671662616,0.1803690670878275,0.1381880657459109
2024-25,2024-11-24,Ipswich,Man United,2024-25,D,4,Tuned Random Forest,Isotonic,2020-21,2023-24,A,0.25110712643202987,0.2498979428376541,0.49899493073031587
2024-25,2024-11-24,Southampton,Liverpool,2024-25,A,4,Tuned Random Forest,Isotonic,2020-21,2023-24,A,0.06204797062868925,0.18394752354522917,0.7540045058260816
2024-25,2024-11-25,Newcastle,West Ham,2024-25,A,4,Tuned Random Forest,Isotonic,2020-21,2023-24,H,0.563342649415415,0.2295204846828597,0.20713686590172528
2024-25,2024-11-29,Brighton,Southampton,2024-25,D,4,Tuned Random Forest,Isotonic,2020-21,2023-24,H,0.657486680626607,0.19778938160998752,0.14472393776340547
2024-25,2024-11-30,Brentford,Leicester,2024-25,H,4,Tuned Random Forest,Isotonic,2020-21,2023-24,H,0.48654895327327463,0.2617751992753091,0.25167584745141613
2024-25,2024-11-30,Crystal Palace,Newcastle,2024-25,D,4,Tuned Random Forest,Isotonic,2020-21,2023-24,A,0.25110712643202987,0.2498979428376541,0.49899493073031587
2024-25,2024-11-30,Nott'm Forest,Ipswich,2024-25,H,4,Tuned Random Forest,Isotonic,2020-21,2023-24,H,0.4846723329635078,0.2607655317952984,0.25456213524119375
2024-25,2024-11-30,West Ham,Arsenal,2024-25,A,4,Tuned Random Forest,Isotonic,2020-21,2023-24,A,0.1820739675493169,0.21288023259449151,0.6050457998561916
2024-25,2024-11-30,Wolves,Bournemouth,2024-25,A,4,Tuned Random Forest,Isotonic,2020-21,2023-24,H,0.4126152015536073,0.24257592699334132,0.34480887145305134
2024-25,2024-12-01,Chelsea,Aston Villa,2024-25,H,4,Tuned Random Forest,Isotonic,2020-21,2023-24,H,0.5196986627257327,0.24487432458987035,0.23542701268439703
2024-25,2024-12-01,Liverpool,Man City,2024-25,H,4,Tuned Random Forest,Isotonic,2020-21,2023-24,H,0.5023999579716895,0.23372691094948622,0.2638731310788243
2024-25,2024-12-01,Man United,Everton,2024-25,H,4,Tuned Random Forest,Isotonic,2020-21,2023-24,H,0.563342649415415,0.2295204846828597,0.20713686590172528
2024-25,2024-12-01,Tottenham,Fulham,2024-25,D,4,Tuned Random Forest,Isotonic,2020-21,2023-24,H,0.563342649415415,0.2295204846828597,0.20713686590172528
2024-25,2024-12-03,Ipswich,Crystal Palace,2024-25,A,4,Tuned Random Forest,Isotonic,2020-21,2023-24,H,0.42179126742785017,0.2387864304120818,0.3394223021600681
2024-25,2024-12-03,Leicester,West Ham,2024-25,H,4,Tuned Random Forest,Isotonic,2020-21,2023-24,A,0.3406486712459601,0.25049793180676977,0.4088533969472702
2024-25,2024-12-04,Arsenal,Man United,2024-25,H,4,Tuned Random Forest,Isotonic,2020-21,2023-24,H,0.6363062684055533,0.19141775347076143,0.17227597812368528
2024-25,2024-12-04,Aston Villa,Brentford,2024-25,H,4,Tuned Random Forest,Isotonic,2020-21,2023-24,H,0.48654895327327463,0.2617751992753091,0.25167584745141613
2024-25,2024-12-04,Everton,Wolves,2024-25,H,4,Tuned Random Forest,Isotonic,2020-21,2023-24,H,0.4846723329635078,0.2607655317952984,0.25456213524119375
2024-25,2024-12-04,Man City,Nott'm Forest,2024-25,H,4,Tuned Random Forest,Isotonic,2020-21,2023-24,H,0.657486680626607,0.19778938160998752,0.14472393776340547
2024-25,2024-12-04,Newcastle,Liverpool,2024-25,D,4,Tuned Random Forest,Isotonic,2020-21,2023-24,A,0.14646936893933943,0.20613602034878017,0.6473946107118803
2024-25,2024-12-04,Southampton,Chelsea,2024-25,A,4,Tuned Random Forest,Isotonic,2020-21,2023-24,A,0.07907241969207374,0.23968827219159855,0.6812393081163277
2024-25,2024-12-05,Bournemouth,Tottenham,2024-25,H,4,Tuned Random Forest,Isotonic,2020-21,2023-24,A,0.25110712643202987,0.2498979428376541,0.49899493073031587
2024-25,2024-12-05,Fulham,Brighton,2024-25,H,4,Tuned Random Forest,Isotonic,2020-21,2023-24,H,0.38831626148014753,0.23336373723622345,0.3783200012836289
2024-25,2024-12-07,Aston Villa,Southampton,2024-25,H,4,Tuned Random Forest,Isotonic,2020-21,2023-24,H,0.6469190739903097,0.21068309718537717,0.14239782882431323
2024-25,2024-12-07,Brentford,Newcastle,2024-25,H,4,Tuned Random Forest,Isotonic,2020-21,2023-24,A,0.3406486712459601,0.25049793180676977,0.4088533969472702
2024-25,2024-12-07,Crystal Palace,Man City,2024-25,D,4,Tuned Random Forest,Isotonic,2020-21,2023-24,A,0.1820739675493169,0.21288023259449151,0.6050457998561916
2024-25,2024-12-07,Man United,Nott'm Forest,2024-25,A,4,Tuned Random Forest,Isotonic,2020-21,2023-24,H,0.5196986627257327,0.24487432458987035,0.23542701268439703
2024-25,2024-12-08,Fulham,Arsenal,2024-25,D,4,Tuned Random Forest,Isotonic,2020-21,2023-24,A,0.18956962153494641,0.22164412446429674,0.5887862540007568
2024-25,2024-12-08,Ipswich,Bournemouth,2024-25,A,4,Tuned Random Forest,Isotonic,2020-21,2023-24,A,0.3406486712459601,0.25049793180676977,0.4088533969472702
2024-25,2024-12-08,Leicester,Brighton,2024-25,D,4,Tuned Random Forest,Isotonic,2020-21,2023-24,A,0.20537269643348305,0.24012102319611256,0.5545062803704044
2024-25,2024-12-08,Tottenham,Chelsea,2024-25,A,4,Tuned Random Forest,Isotonic,2020-21,2023-24,H,0.38831626148014753,0.23336373723622345,0.3783200012836289
2024-25,2024-12-09,West Ham,Wolves,2024-25,H,4,Tuned Random Forest,Isotonic,2020-21,2023-24,H,0.48654895327327463,0.2617751992753091,0.25167584745141613
2024-25,2024-12-14,Arsenal,Everton,2024-25,D,4,Tuned Random Forest,Isotonic,2020-21,2023-24,H,0.690585499642261,0.16937242342679978,0.14004207693093934
2024-25,2024-12-14,Liverpool,Fulham,2024-25,D,4,Tuned Random Forest,Isotonic,2020-21,2023-24,H,0.7091838259466244,0.16586473805325602,0.12495143600011953
2024-25,2024-12-14,Newcastle,Leicester,2024-25,H,4,Tuned Random Forest,Isotonic,2020-21,2023-24,H,0.563342649415415,0.2295204846828597,0.20713686590172528
2024-25,2024-12-14,Nott'm Forest,Aston Villa,2024-25,H,4,Tuned Random Forest,Isotonic,2020-21,2023-24,A,0.3221437413529454,0.20483506881234978,0.47302118983470476
2024-25,2024-12-14,Wolves,Ipswich,2024-25,A,4,Tuned Random Forest,Isotonic,2020-21,2023-24,H,0.43506274966120273,0.24629974354467699,0.31863750679412034
2024-25,2024-12-15,Brighton,Crystal Palace,2024-25,A,4,Tuned Random Forest,Isotonic,2020-21,2023-24,H,0.5196986627257327,0.24487432458987035,0.23542701268439703
2024-25,2024-12-15,Chelsea,Brentford,2024-25,H,4,Tuned Random Forest,Isotonic,2020-21,2023-24,H,0.6363062684055533,0.19141775347076143,0.17227597812368528
2024-25,2024-12-15,Man City,Man United,2024-25,A,4,Tuned Random Forest,Isotonic,2020-21,2023-24,H,0.6363062684055533,0.19141775347076143,0.17227597812368528
2024-25,2024-12-15,Southampton,Tottenham,2024-25,A,4,Tuned Random Forest,Isotonic,2020-21,2023-24,A,0.20537269643348305,0.24012102319611256,0.5545062803704044
2024-25,2024-12-16,Bournemouth,West Ham,2024-25,D,4,Tuned Random Forest,Isotonic,2020-21,2023-24,H,0.4846723329635078,0.2607655317952984,0.25456213524119375
2024-25,2024-12-21,Aston Villa,Man City,2024-25,H,4,Tuned Random Forest,Isotonic,2020-21,2023-24,A,0.3221437413529454,0.20483506881234978,0.47302118983470476
2024-25,2024-12-21,Brentford,Nott'm Forest,2024-25,A,4,Tuned Random Forest,Isotonic,2020-21,2023-24,H,0.4126152015536073,0.24257592699334132,0.34480887145305134
2024-25,2024-12-21,Crystal Palace,Arsenal,2024-25,A,4,Tuned Random Forest,Isotonic,2020-21,2023-24,A,0.19029819046809957,0.2224959646589075,0.587205844872993
2024-25,2024-12-21,Ipswich,Newcastle,2024-25,A,4,Tuned Random Forest,Isotonic,2020-21,2023-24,A,0.25110712643202987,0.2498979428376541,0.49899493073031587
2024-25,2024-12-21,West Ham,Brighton,2024-25,D,4,Tuned Random Forest,Isotonic,2020-21,2023-24,H,0.4126152015536073,0.24257592699334132,0.34480887145305134
2024-25,2024-12-22,Everton,Chelsea,2024-25,D,4,Tuned Random Forest,Isotonic,2020-21,2023-24,A,0.09115151124850082,0.23654446735100937,0.6723040214004897
2024-25,2024-12-22,Fulham,Southampton,2024-25,D,4,Tuned Random Forest,Isotonic,2020-21,2023-24,H,0.6264034219228257,0.2040017342574078,0.16959484381976664
2024-25,2024-12-22,Leicester,Wolves,2024-25,A,4,Tuned Random Forest,Isotonic,2020-21,2023-24,H,0.4846723329635078,0.2607655317952984,0.25456213524119375
2024-25,2024-12-22,Man United,Bournemouth,2024-25,A,4,Tuned Random Forest,Isotonic,2020-21,2023-24,H,0.4846723329635078,0.2607655317952984,0.25456213524119375
2024-25,2024-12-22,Tottenham,Liverpool,2024-25,A,4,Tuned Random Forest,Isotonic,2020-21,2023-24,A,0.20537269643348305,0.24012102319611256,0.5545062803704044
2024-25,2024-12-26,Bournemouth,Crystal Palace,2024-25,D,4,Tuned Random Forest,Isotonic,2020-21,2023-24,H,0.4846723329635078,0.2607655317952984,0.25456213524119375
2024-25,2024-12-26,Chelsea,Fulham,2024-25,A,4,Tuned Random Forest,Isotonic,2020-21,2023-24,H,0.6264034219228257,0.2040017342574078,0.16959484381976664
2024-25,2024-12-26,Liverpool,Leicester,2024-25,H,4,Tuned Random Forest,Isotonic,2020-21,2023-24,H,0.724907063197026,0.14737121614445034,0.1277217206585236
2024-25,2024-12-26,Man City,Everton,2024-25,D,4,Tuned Random Forest,Isotonic,2020-21,2023-24,H,0.6633837712280133,0.19059424163612892,0.14602198713585773
2024-25,2024-12-26,Newcastle,Aston Villa,2024-25,H,4,Tuned Random Forest,Isotonic,2020-21,2023-24,H,0.4846723329635078,0.2607655317952984,0.25456213524119375
2024-25,2024-12-26,Nott'm Forest,Tottenham,2024-25,H,4,Tuned Random Forest,Isotonic,2020-21,2023-24,H,0.4126152015536073,0.24257592699334132,0.34480887145305134
2024-25,2024-12-26,Southampton,West Ham,2024-25,A,4,Tuned Random Forest,Isotonic,2020-21,2023-24,A,0.25989557766968624,0.2236452615764499,0.5164591607538638
2024-25,2024-12-26,Wolves,Man United,2024-25,H,4,Tuned Random Forest,Isotonic,2020-21,2023-24,A,0.25110712643202987,0.2498979428376541,0.49899493073031587
2024-25,2024-12-27,Arsenal,Ipswich,2024-25,H,4,Tuned Random Forest,Isotonic,2020-21,2023-24,H,0.7091838259466244,0.16586473805325602,0.12495143600011953
2024-25,2024-12-27,Brighton,Brentford,2024-25,D,4,Tuned Random Forest,Isotonic,2020-21,2023-24,H,0.4846723329635078,0.2607655317952984,0.25456213524119375
2024-25,2024-12-29,Crystal Palace,Southampton,2024-25,H,4,Tuned Random Forest,Isotonic,2020-21,2023-24,H,0.5375093233972955,0.21899531405215744,0.243495362550547
2024-25,2024-12-29,Everton,Nott'm Forest,2024-25,A,4,Tuned Random Forest,Isotonic,2020-21,2023-24,H,0.38831626148014753,0.23336373723622345,0.3783200012836289
2024-25,2024-12-29,Fulham,Bournemouth,2024-25,D,4,Tuned Random Forest,Isotonic,2020-21,2023-24,H,0.42581058575799974,0.2503334757781694,0.3238559384638308
2024-25,2024-12-29,Leicester,Man City,2024-25,A,4,Tuned Random Forest,Isotonic,2020-21,2023-24,A,0.1820739675493169,0.21288023259449151,0.6050457998561916
2024-25,2024-12-29,Tottenham,Wolves,2024-25,D,4,Tuned Random Forest,Isotonic,2020-21,2023-24,H,0.6264034219228257,0.2040017342574078,0.16959484381976664
2024-25,2024-12-29,West Ham,Liverpool,2024-25,A,4,Tuned Random Forest,Isotonic,2020-21,2023-24,A,0.06481159482627728,0.21254281935766425,0.7226455858160584
2024-25,2024-12-30,Aston Villa,Brighton,2024-25,D,4,Tuned Random Forest,Isotonic,2020-21,2023-24,H,0.48654895327327463,0.2617751992753091,0.25167584745141613
2024-25,2024-12-30,Ipswich,Chelsea,2024-25,H,4,Tuned Random Forest,Isotonic,2020-21,2023-24,A,0.20091632193970357,0.23491064605360878,0.5641730320066877
2024-25,2024-12-30,Man United,Newcastle,2024-25,A,4,Tuned Random Forest,Isotonic,2020-21,2023-24,H,0.3600648360642583,0.2973953234581374,0.34253984047760433
2024-25,2025-01-01,Brentford,Arsenal,2024-25,A,4,Tuned Random Forest,Isotonic,2020-21,2023-24,A,0.06137412938862967,0.2056033334519094,0.7330225371594609
2024-25,2025-01-04,Aston Villa,Leicester,2024-25,H,4,Tuned Random Forest,Isotonic,2020-21,2023-24,H,0.563342649415415,0.2295204846828597,0.20713686590172528
2024-25,2025-01-04,Bournemouth,Everton,2024-25,H,4,Tuned Random Forest,Isotonic,2020-21,2023-24,H,0.48654895327327463,0.2617751992753091,0.25167584745141613
2024-25,2025-01-04,Brighton,Arsenal,2024-25,D,4,Tuned Random Forest,Isotonic,2020-21,2023-24,A,0.07227153254802732,0.21084737896635744,0.7168810884856153
2024-25,2025-01-04,Crystal Palace,Chelsea,2024-25,D,4,Tuned Random Forest,Isotonic,2020-21,2023-24,A,0.25110712643202987,0.2498979428376541,0.49899493073031587
2024-25,2025-01-04,Man City,West Ham,2024-25,H,4,Tuned Random Forest,Isotonic,2020-21,2023-24,H,0.6814428671662616,0.1803690670878275,0.1381880657459109
2024-25,2025-01-04,Southampton,Brentford,2024-25,A,4,Tuned Random Forest,Isotonic,2020-21,2023-24,A,0.25989557766968624,0.2236452615764499,0.5164591607538638
2024-25,2025-01-04,Tottenham,Newcastle,2024-25,A,4,Tuned Random Forest,Isotonic,2020-21,2023-24,A,0.3482841717883096,0.2876650912555342,0.3640507369561563
2024-25,2025-01-05,Fulham,Ipswich,2024-25,D,4,Tuned Random Forest,Isotonic,2020-21,2023-24,H,0.5196986627257327,0.24487432458987035,0.23542701268439703
2024-25,2025-01-05,Liverpool,Man United,2024-25,D,4,Tuned Random Forest,Isotonic,2020-21,2023-24,H,0.6899173870993938,0.18261216233176572,0.12747045056884038
2024-25,2025-01-06,Wolves,Nott'm Forest,2024-25,A,4,Tuned Random Forest,Isotonic,2020-21,2023-24,A,0.25110712643202987,0.2498979428376541,0.49899493073031587
2024-25,2025-01-14,Brentford,Man City,2024-25,D,4,Tuned Random Forest,Isotonic,2020-21,2023-24,A,0.1820739675493169,0.21288023259449151,0.6050457998561916
2024-25,2025-01-14,Chelsea,Bournemouth,2024-25,D,4,Tuned Random Forest,Isotonic,2020-21,2023-24,H,0.5375093233972955,0.21899531405215744,0.243495362550547
2024-25,2025-01-14,Nott'm Forest,Liverpool,2024-25,D,4,Tuned Random Forest,Isotonic,2020-21,2023-24,A,0.25989557766968624,0.2236452615764499,0.5164591607538638
2024-25,2025-01-14,West Ham,Fulham,2024-25,H,4,Tuned Random Forest,Isotonic,2020-21,2023-24,A,0.3415901351574684,0.251190242631999,0.4072196222105326
2024-25,2025-01-15,Arsenal,Tottenham,2024-25,H,4,Tuned Random Forest,Isotonic,2020-21,2023-24,H,0.690585499642261,0.16937242342679978,0.14004207693093934
2024-25,2025-01-15,Everton,Aston Villa,2024-25,A,4,Tuned Random Forest,Isotonic,2020-21,2023-24,A,0.25989557766968624,0.2236452615764499,0.5164591607538638
2024-25,2025-01-15,Leicester,Crystal Palace,2024-25,A,4,Tuned Random Forest,Isotonic,2020-21,2023-24,A,0.3406486712459601,0.25049793180676977,0.4088533969472702
2024-25,2025-01-15,Newcastle,Wolves,2024-25,H,4,Tuned Random Forest,Isotonic,2020-21,2023-24,H,0.6840390879478827,0.18957654723127038,0.1263843648208469
2024-25,2025-01-16,Ipswich,Brighton,2024-25,A,4,Tuned Random Forest,Isotonic,2020-21,2023-24,A,0.25110712643202987,0.2498979428376541,0.49899493073031587
2024-25,2025-01-16,Man United,Southampton,2024-25,H,4,Tuned Random Forest,Isotonic,2020-21,2023-24,H,0.6264034219228257,0.2040017342574078,0.16959484381976664
2024-25,2025-01-18,Arsenal,Aston Villa,2024-25,D,4,Tuned Random Forest,Isotonic,2020-21,2023-24,H,0.657486680626607,0.19778938160998752,0.14472393776340547
2024-25,2025-01-18,Brentford,Liverpool,2024-25,A,4,Tuned Random Forest,Isotonic,2020-21,2023-24,A,0.06115684662956925,0.19566755143561623,0.7431756019348146
2024-25,2025-01-18,Leicester,Fulham,2024-25,A,4,Tuned Random Forest,Isotonic,2020-21,2023-24,A,0.25110712643202987,0.2498979428376541,0.49899493073031587
2024-25,2025-01-18,Newcastle,Bournemouth,2024-25,A,4,Tuned Random Forest,Isotonic,2020-21,2023-24,H,0.5375093233972955,0.21899531405215744,0.243495362550547
2024-25,2025-01-18,West Ham,Crystal Palace,2024-25,A,4,Tuned Random Forest,Isotonic,2020-21,2023-24,H,0.43506274966120273,0.24629974354467699,0.31863750679412034
2024-25,2025-01-19,Everton,Tottenham,2024-25,H,4,Tuned Random Forest,Isotonic,2020-21,2023-24,H,0.4025921496660293,0.22791733673604786,0.3694905135979228
2024-25,2025-01-19,Ipswich,Man City,2024-25,A,4,Tuned Random Forest,Isotonic,2020-21,2023-24,A,0.1820739675493169,0.21288023259449151,0.6050457998561916
2024-25,2025-01-19,Man United,Brighton,2024-25,A,4,Tuned Random Forest,Isotonic,2020-21,2023-24,H,0.43506274966120273,0.24629974354467699,0.31863750679412034
2024-25,2025-01-19,Nott'm Forest,Southampton,2024-25,H,4,Tuned Random Forest,Isotonic,2020-21,2023-24,H,0.6899173870993938,0.18261216233176572,0.12747045056884038
2024-25,2025-01-20,Chelsea,Wolves,2024-25,H,4,Tuned Random Forest,Isotonic,2020-21,2023-24,H,0.66320847626201,0.1944852461022197,0.1423062776357705
2024-25,2025-01-25,Bournemouth,Nott'm Forest,2024-25,H,4,Tuned Random Forest,Isotonic,2020-21,2023-24,H,0.47196935150830666,0.267193480315122,0.2608371681765714
2024-25,2025-01-25,Brighton,Everton,2024-25,A,4,Tuned Random Forest,Isotonic,2020-21,2023-24,H,0.5375093233972955,0.21899531405215744,0.243495362550547
2024-25,2025-01-25,Liverpool,Ipswich,2024-25,H,4,Tuned Random Forest,Isotonic,2020-21,2023-24,H,0.7571758495546024,0.1138238205212801,0.12900032992411745
2024-25,2025-01-25,Man City,Chelsea,2024-25,H,4,Tuned Random Forest,Isotonic,2020-21,2023-24,H,0.563342649415415,0.2295204846828597,0.20713686590172528
2024-25,2025-01-25,Southampton,Newcastle,2024-25,A,4,Tuned Random Forest,Isotonic,2020-21,2023-24,A,0.06445307880883888,0.22594375897705066,0.7096031622141105
2024-25,2025-01-25,Wolves,Arsenal,2024-25,A,4,Tuned Random Forest,Isotonic,2020-21,2023-24,A,0.06204797062868925,0.18394752354522917,0.7540045058260816
2024-25,2025-01-26,Aston Villa,West Ham,2024-25,D,4,Tuned Random Forest,Isotonic,2020-21,2023-24,H,0.5438099524684824,0.25623520775970526,0.19995483977181247
2024-25,2025-01-26,Crystal Palace,Brentford,2024-25,A,4,Tuned Random Forest,Isotonic,2020-21,2023-24,H,0.4846723329635078,0.2607655317952984,0.25456213524119375
2024-25,2025-01-26,Fulham,Man United,2024-25,A,4,Tuned Random Forest,Isotonic,2020-21,2023-24,H,0.4846723329635078,0.2607655317952984,0.25456213524119375
2024-25,2025-01-26,Tottenham,Leicester,2024-25,A,4,Tuned Random Forest,Isotonic,2020-21,2023-24,H,0.6264034219228257,0.2040017342574078,0.16959484381976664
2024-25,2025-02-01,Bournemouth,Liverpool,2024-25,A,4,Tuned Random Forest,Isotonic,2020-21,2023-24,A,0.20537269643348305,0.24012102319611256,0.5545062803704044
2024-25,2025-02-01,Everton,Leicester,2024-25,H,4,Tuned Random Forest,Isotonic,2020-21,2023-24,H,0.5196986627257327,0.24487432458987035,0.23542701268439703
2024-25,2025-02-01,Ipswich,Southampton,2024-25,A,4,Tuned Random Forest,Isotonic,2020-21,2023-24,H,0.5375093233972955,0.21899531405215744,0.243495362550547
2024-25,2025-02-01,Newcastle,Fulham,2024-25,A,4,Tuned Random Forest,Isotonic,2020-21,2023-24,H,0.563342649415415,0.2295204846828597,0.20713686590172528
2024-25,2025-02-01,Nott'm Forest,Brighton,2024-25,H,4,Tuned Random Forest,Isotonic,2020-21,2023-24,H,0.414300255456447,0.24188003987880205,0.3438197046647509
2024-25,2025-02-01,Wolves,Aston Villa,2024-25,H,4,Tuned Random Forest,Isotonic,2020-21,2023-24,A,0.20537269643348305,0.24012102319611256,0.5545062803704044
2024-25,2025-02-02,Arsenal,Man City,2024-25,H,4,Tuned Random Forest,Isotonic,2020-21,2023-24,H,0.47196935150830666,0.267193480315122,0.2608371681765714
2024-25,2025-02-02,Brentford,Tottenham,2024-25,A,4,Tuned Random Forest,Isotonic,2020-21,2023-24,H,0.4846723329635078,0.2607655317952984,0.25456213524119375
2024-25,2025-02-02,Man United,Crystal Palace,2024-25,A,4,Tuned Random Forest,Isotonic,2020-21,2023-24,H,0.4846723329635078,0.2607655317952984,0.25456213524119375
2024-25,2025-02-03,Chelsea,West Ham,2024-25,H,4,Tuned Random Forest,Isotonic,2020-21,2023-24,H,0.6469190739903097,0.21068309718537717,0.14239782882431323
2024-25,2025-02-12,Everton,Liverpool,2024-25,D,4,Tuned Random Forest,Isotonic,2020-21,2023-24,A,0.06204797062868925,0.18394752354522917,0.7540045058260816
2024-25,2025-02-14,Brighton,Chelsea,2024-25,H,4,Tuned Random Forest,Isotonic,2020-21,2023-24,A,0.3406486712459601,0.25049793180676977,0.4088533969472702
2024-25,2025-02-15,Aston Villa,Ipswich,2024-25,D,4,Tuned Random Forest,Isotonic,2020-21,2023-24,H,0.6264034219228257,0.2040017342574078,0.16959484381976664
2024-25,2025-02-15,Crystal Palace,Everton,2024-25,A,4,Tuned Random Forest,Isotonic,2020-21,2023-24,H,0.4846723329635078,0.2607655317952984,0.25456213524119375
2024-25,2025-02-15,Fulham,Nott'm Forest,2024-25,H,4,Tuned Random Forest,Isotonic,2020-21,2023-24,A,0.35963138749727996,0.2644569798301716,0.3759116326725484
2024-25,2025-02-15,Leicester,Arsenal,2024-25,A,4,Tuned Random Forest,Isotonic,2020-21,2023-24,A,0.06357730204013137,0.16383381679572318,0.7725888811641455
2024-25,2025-02-15,Man City,Newcastle,2024-25,H,4,Tuned Random Forest,Isotonic,2020-21,2023-24,H,0.563342649415415,0.2295204846828597,0.20713686590172528
2024-25,2025-02-15,Southampton,Bournemouth,2024-25,A,4,Tuned Random Forest,Isotonic,2020-21,2023-24,A,0.20091632193970357,0.23491064605360878,0.5641730320066877
2024-25,2025-02-15,West Ham,Brentford,2024-25,A,4,Tuned Random Forest,Isotonic,2020-21,2023-24,A,0.3415901351574684,0.251190242631999,0.4072196222105326
2024-25,2025-02-16,Liverpool,Wolves,2024-25,H,4,Tuned Random Forest,Isotonic,2020-21,2023-24,H,0.9040049637772434,0.044427594373667945,0.05156744184908872
2024-25,2025-02-16,Tottenham,Man United,2024-25,H,4,Tuned Random Forest,Isotonic,2020-21,2023-24,H,0.4846723329635078,0.2607655317952984,0.25456213524119375
2024-25,2025-02-19,Aston Villa,Liverpool,2024-25,D,4,Tuned Random Forest,Isotonic,2020-21,2023-24,A,0.06353240152477763,0.2128335451080051,0.7236340533672173
2024-25,2025-02-21,Leicester,Brentford,2024-25,A,4,Tuned Random Forest,Isotonic,2020-21,2023-24,A,0.25110712643202987,0.2498979428376541,0.49899493073031587
2024-25,2025-02-22,Arsenal,West Ham,2024-25,A,4,Tuned Random Forest,Isotonic,2020-21,2023-24,H,0.750946571308372,0.11674379469920067,0.13230963399242743
2024-25,2025-02-22,Aston Villa,Chelsea,2024-25,H,4,Tuned Random Forest,Isotonic,2020-21,2023-24,H,0.4846723329635078,0.2607655317952984,0.25456213524119375
2024-25,2025-02-22,Bournemouth,Wolves,2024-25,A,4,Tuned Random Forest,Isotonic,2020-21,2023-24,H,0.6469190739903097,0.21068309718537717,0.14239782882431323
2024-25,2025-02-22,Everton,Man United,2024-25,D,4,Tuned Random Forest,Isotonic,2020-21,2023-24,H,0.43506274966120273,0.24629974354467699,0.31863750679412034
2024-25,2025-02-22,Fulham,Crystal Palace,2024-25,A,4,Tuned Random Forest,Isotonic,2020-21,2023-24,H,0.4846723329635078,0.2607655317952984,0.25456213524119375
2024-25,2025-02-22,Ipswich,Tottenham,2024-25,A,4,Tuned Random Forest,Isotonic,2020-21,2023-24,A,0.25110712643202987,0.2498979428376541,0.49899493073031587
2024-25,2025-02-22,Southampton,Brighton,2024-25,A,4,Tuned Random Forest,Isotonic,2020-21,2023-24,A,0.20537269643348305,0.24012102319611256,0.5545062803704044
2024-25,2025-02-23,Man City,Liverpool,2024-25,A,4,Tuned Random Forest,Isotonic,2020-21,2023-24,H,0.43506274966120273,0.24629974354467699,0.31863750679412034
2024-25,2025-02-23,Newcastle,Nott'm Forest,2024-25,H,4,Tuned Random Forest,Isotonic,2020-21,2023-24,H,0.4846723329635078,0.2607655317952984,0.25456213524119375
2024-25,2025-02-25,Brighton,Bournemouth,2024-25,H,4,Tuned Random Forest,Isotonic,2020-21,2023-24,H,0.47196935150830666,0.267193480315122,0.2608371681765714
2024-25,2025-02-25,Chelsea,Southampton,2024-25,H,4,Tuned Random Forest,Isotonic,2020-21,2023-24,H,0.6899173870993938,0.18261216233176572,0.12747045056884038
2024-25,2025-02-25,Crystal Palace,Aston Villa,2024-25,H,4,Tuned Random Forest,Isotonic,2020-21,2023-24,H,0.4126152015536073,0.24257592699334132,0.34480887145305134
2024-25,2025-02-25,Wolves,Fulham,2024-25,A,4,Tuned Random Forest,Isotonic,2020-21,2023-24,A,0.25110712643202987,0.2498979428376541,0.49899493073031587
2024-25,2025-02-26,Brentford,Everton,2024-25,D,4,Tuned Random Forest,Isotonic,2020-21,2023-24,H,0.4846723329635078,0.2607655317952984,0.25456213524119375
2024-25,2025-02-26,Liverpool,Newcastle,2024-25,H,4,Tuned Random Forest,Isotonic,2020-21,2023-24,H,0.6814428671662616,0.1803690670878275,0.1381880657459109
2024-25,2025-02-26,Man United,Ipswich,2024-25,H,4,Tuned Random Forest,Isotonic,2020-21,2023-24,H,0.563342649415415,0.2295204846828597,0.20713686590172528
2024-25,2025-02-26,Nott'm Forest,Arsenal,2024-25,D,4,Tuned Random Forest,Isotonic,2020-21,2023-24,A,0.2644067796610169,0.21016949152542372,0.5254237288135594
2024-25,2025-02-26,Tottenham,Man City,2024-25,A,4,Tuned Random Forest,Isotonic,2020-21,2023-24,A,0.25989557766968624,0.2236452615764499,0.5164591607538638
2024-25,2025-02-27,West Ham,Leicester,2024-25,H,4,Tuned Random Forest,Isotonic,2020-21,2023-24,H,0.5375093233972955,0.21899531405215744,0.243495362550547
2024-25,2025-03-08,Brentford,Aston Villa,2024-25,A,4,Tuned Random Forest,Isotonic,2020-21,2023-24,H,0.43587515450819786,0.21336901002905184,0.35075583546275024
2024-25,2025-03-08,Brighton,Fulham,2024-25,H,4,Tuned Random Forest,Isotonic,2020-21,2023-24,H,0.4846723329635078,0.2607655317952984,0.25456213524119375
2024-25,2025-03-08,Crystal Palace,Ipswich,2024-25,H,4,Tuned Random Forest,Isotonic,2020-21,2023-24,H,0.6264034219228257,0.2040017342574078,0.16959484381976664
2024-25,2025-03-08,Liverpool,Southampton,2024-25,H,4,Tuned Random Forest,Isotonic,2020-21,2023-24,H,0.8199976638243196,0.04029903048709263,0.13970330568858777
2024-25,2025-03-08,Nott'm Forest,Man City,2024-25,H,4,Tuned Random Forest,Isotonic,2020-21,2023-24,A,0.25989557766968624,0.2236452615764499,0.5164591607538638
2024-25,2025-03-08,Wolves,Everton,2024-25,D,4,Tuned Random Forest,Isotonic,2020-21,2023-24,A,0.34120409930798434,0.2509063689813391,0.4078895317106765
2024-25,2025-03-09,Chelsea,Leicester,2024-25,H,4,Tuned Random Forest,Isotonic,2020-21,2023-24,H,0.6840390879478827,0.18957654723127038,0.1263843648208469
2024-25,2025-03-09,Man United,Arsenal,2024-25,D,4,Tuned Random Forest,Isotonic,2020-21,2023-24,A,0.0618669314796425,0.19793942403177756,0.7401936444885799
2024-25,2025-03-09,Tottenham,Bournemouth,2024-25,D,4,Tuned Random Forest,Isotonic,2020-21,2023-24,H,0.4126152015536073,0.24257592699334132,0.34480887145305134
2024-25,2025-03-10,West Ham,Newcastle,2024-25,A,4,Tuned Random Forest,Isotonic,2020-21,2023-24,A,0.3406486712459601,0.25049793180676977,0.4088533969472702
2024-25,2025-03-15,Bournemouth,Brentford,2024-25,A,4,Tuned Random Forest,Isotonic,2020-21,2023-24,H,0.5196986627257327,0.24487432458987035,0.23542701268439703
2024-25,2025-03-15,Everton,West Ham,2024-25,D,4,Tuned Random Forest,Isotonic,2020-21,2023-24,H,0.4846723329635078,0.2607655317952984,0.25456213524119375
2024-25,2025-03-15,Ipswich,Nott'm Forest,2024-25,A,4,Tuned Random Forest,Isotonic,2020-21,2023-24,A,0.197934868943606,0.2676409849086576,0.5344241461477364
2024-25,2025-03-15,Man City,Brighton,2024-25,D,4,Tuned Random Forest,Isotonic,2020-21,2023-24,H,0.6264034219228257,0.2040017342574078,0.16959484381976664
2024-25,2025-03-15,Southampton,Wolves,2024-25,A,4,Tuned Random Forest,Isotonic,2020-21,2023-24,A,0.25110712643202987,0.2498979428376541,0.49899493073031587
2024-25,2025-03-16,Arsenal,Chelsea,2024-25,H,4,Tuned Random Forest,Isotonic,2020-21,2023-24,H,0.6363062684055533,0.19141775347076143,0.17227597812368528
2024-25,2025-03-16,Fulham,Tottenham,2024-25,H,4,Tuned Random Forest,Isotonic,2020-21,2023-24,H,0.43506274966120273,0.24629974354467699,0.31863750679412034
2024-25,2025-03-16,Leicester,Man United,2024-25,A,4,Tuned Random Forest,Isotonic,2020-21,2023-24,A,0.25110712643202987,0.2498979428376541,0.49899493073031587
2024-25,2025-04-01,Arsenal,Fulham,2024-25,H,4,Tuned Random Forest,Isotonic,2020-21,2023-24,H,0.7091838259466244,0.16586473805325602,0.12495143600011953
2024-25,2025-04-01,Nott'm Forest,Man United,2024-25,H,4,Tuned Random Forest,Isotonic,2020-21,2023-24,H,0.5375093233972955,0.21899531405215744,0.243495362550547
2024-25,2025-04-01,Wolves,West Ham,2024-25,H,4,Tuned Random Forest,Isotonic,2020-21,2023-24,H,0.42179126742785017,0.2387864304120818,0.3394223021600681
2024-25,2025-04-02,Bournemouth,Ipswich,2024-25,A,4,Tuned Random Forest,Isotonic,2020-21,2023-24,H,0.6469190739903097,0.21068309718537717,0.14239782882431323
2024-25,2025-04-02,Brighton,Aston Villa,2024-25,A,4,Tuned Random Forest,Isotonic,2020-21,2023-24,H,0.4846723329635078,0.2607655317952984,0.25456213524119375
2024-25,2025-04-02,Liverpool,Everton,2024-25,H,4,Tuned Random Forest,Isotonic,2020-21,2023-24,H,0.8199976638243196,0.04029903048709263,0.13970330568858777
2024-25,2025-04-02,Man City,Leicester,2024-25,H,4,Tuned Random Forest,Isotonic,2020-21,2023-24,H,0.6992903955867793,0.1715073789429016,0.1292022254703192
2024-25,2025-04-02,Newcastle,Brentford,2024-25,H,4,Tuned Random Forest,Isotonic,2020-21,2023-24,H,0.5375093233972955,0.21899531405215744,0.243495362550547
2024-25,2025-04-02,Southampton,Crystal Palace,2024-25,D,4,Tuned Random Forest,Isotonic,2020-21,2023-24,A,0.06353240152477763,0.2128335451080051,0.7236340533672173
2024-25,2025-04-03,Chelsea,Tottenham,2024-25,H,4,Tuned Random Forest,Isotonic,2020-21,2023-24,H,0.5375093233972955,0.21899531405215744,0.243495362550547
2024-25,2025-04-05,Aston Villa,Nott'm Forest,2024-25,H,4,Tuned Random Forest,Isotonic,2020-21,2023-24,H,0.48654895327327463,0.2617751992753091,0.25167584745141613
2024-25,2025-04-05,Crystal Palace,Brighton,2024-25,H,4,Tuned Random Forest,Isotonic,2020-21,2023-24,H,0.43506274966120273,0.24629974354467699,0.31863750679412034
2024-25,2025-04-05,Everton,Arsenal,2024-25,D,4,Tuned Random Forest,Isotonic,2020-21,2023-24,A,0.07507507507507506,0.2102102102102102,0.7147147147147147
2024-25,2025-04-05,Ipswich,Wolves,2024-25,A,4,Tuned Random Forest,Isotonic,2020-21,2023-24,H,0.43506274966120273,0.24629974354467699,0.31863750679412034
2024-25,2025-04-05,West Ham,Bournemouth,2024-25,D,4,Tuned Random Forest,Isotonic,2020-21,2023-24,H,0.42179126742785017,0.2387864304120818,0.3394223021600681
2024-25,2025-04-06,Brentford,Chelsea,2024-25,D,4,Tuned Random Forest,Isotonic,2020-21,2023-24,A,0.3406486712459601,0.25049793180676977,0.4088533969472702
2024-25,2025-04-06,Fulham,Liverpool,2024-25,H,4,Tuned Random Forest,Isotonic,2020-21,2023-24,A,0.06059885931558935,0.20300617870722434,0.7363949619771863
2024-25,2025-04-06,Man United,Man City,2024-25,D,4,Tuned Random Forest,Isotonic,2020-21,2023-24,A,0.25989557766968624,0.2236452615764499,0.5164591607538638
2024-25,2025-04-06,Tottenham,Southampton,2024-25,H,4,Tuned Random Forest,Isotonic,2020-21,2023-24,H,0.6469190739903097,0.21068309718537717,0.14239782882431323
2024-25,2025-04-07,Leicester,Newcastle,2024-25,A,4,Tuned Random Forest,Isotonic,2020-21,2023-24,A,0.20537269643348305,0.24012102319611256,0.5545062803704044
2024-25,2025-04-12,Arsenal,Brentford,2024-25,D,4,Tuned Random Forest,Isotonic,2020-21,2023-24,H,0.7078939253600547,0.16660042279844797,0.12550565184149748
2024-25,2025-04-12,Brighton,Leicester,2024-25,D,4,Tuned Random Forest,Isotonic,2020-21,2023-24,H,0.6264034219228257,0.2040017342574078,0.16959484381976664
2024-25,2025-04-12,Man City,Crystal Palace,2024-25,H,4,Tuned Random Forest,Isotonic,2020-21,2023-24,H,0.6399579306985609,0.19251627006138522,0.1675257992400539
2024-25,2025-04-12,Nott'm Forest,Everton,2024-25,A,4,Tuned Random Forest,Isotonic,2020-21,2023-24,H,0.563342649415415,0.2295204846828597,0.20713686590172528
2024-25,2025-04-12,Southampton,Aston Villa,2024-25,A,4,Tuned Random Forest,Isotonic,2020-21,2023-24,A,0.15607037101550253,0.21964814492248738,0.6242814840620101
2024-25,2025-04-13,Chelsea,Ipswich,2024-25,D,4,Tuned Random Forest,Isotonic,2020-21,2023-24,H,0.6899173870993938,0.18261216233176572,0.12747045056884038
2024-25,2025-04-13,Liverpool,West Ham,2024-25,H,4,Tuned Random Forest,Isotonic,2020-21,2023-24,H,0.8149861929994776,0.041421001567281145,0.1435928054332413
2024-25,2025-04-13,Newcastle,Man United,2024-25,H,4,Tuned Random Forest,Isotonic,2020-21,2023-24,H,0.6174431200614393,0.20108361942083544,0.18147326051772517
2024-25,2025-04-13,Wolves,Tottenham,2024-25,H,4,Tuned Random Forest,Isotonic,2020-21,2023-24,H,0.39354947482919206,0.23136721166593016,0.37508331350487784
2024-25,2025-04-14,Bournemouth,Fulham,2024-25,H,4,Tuned Random Forest,Isotonic,2020-21,2023-24,H,0.43506274966120273,0.24629974354467699,0.31863750679412034
2024-25,2025-04-16,Newcastle,Crystal Palace,2024-25,H,4,Tuned Random Forest,Isotonic,2020-21,2023-24,H,0.563342649415415,0.2295204846828597,0.20713686590172528
2024-25,2025-04-19,Aston Villa,Newcastle,2024-25,H,4,Tuned Random Forest,Isotonic,2020-21,2023-24,H,0.45692842558357705,0.2905468793112963,0.25252469510512665
2024-25,2025-04-19,Brentford,Brighton,2024-25,H,4,Tuned Random Forest,Isotonic,2020-21,2023-24,H,0.43506274966120273,0.24629974354467699,0.31863750679412034
2024-25,2025-04-19,Crystal Palace,Bournemouth,2024-25,D,4,Tuned Random Forest,Isotonic,2020-21,2023-24,H,0.47196935150830666,0.267193480315122,0.2608371681765714
2024-25,2025-04-19,Everton,Man City,2024-25,A,4,Tuned Random Forest,Isotonic,2020-21,2023-24,A,0.20091632193970357,0.23491064605360878,0.5641730320066877
2024-25,2025-04-19,West Ham,Southampton,2024-25,D,4,Tuned Random Forest,Isotonic,2020-21,2023-24,H,0.6264034219228257,0.2040017342574078,0.16959484381976664
2024-25,2025-04-20,Fulham,Chelsea,2024-25,A,4,Tuned Random Forest,Isotonic,2020-21,2023-24,H,0.43506274966120273,0.24629974354467699,0.31863750679412034
2024-25,2025-04-20,Ipswich,Arsenal,2024-25,A,4,Tuned Random Forest,Isotonic,2020-21,2023-24,A,0.06204797062868925,0.18394752354522917,0.7540045058260816
2024-25,2025-04-20,Leicester,Liverpool,2024-25,A,4,Tuned Random Forest,Isotonic,2020-21,2023-24,A,0.06357730204013137,0.16383381679572318,0.7725888811641455
2024-25,2025-04-20,Man United,Wolves,2024-25,A,4,Tuned Random Forest,Isotonic,2020-21,2023-24,H,0.5196986627257327,0.24487432458987035,0.23542701268439703
2024-25,2025-04-21,Tottenham,Nott'm Forest,2024-25,A,4,Tuned Random Forest,Isotonic,2020-21,2023-24,H,0.39354947482919206,0.23136721166593016,0.37508331350487784
2024-25,2025-04-22,Man City,Aston Villa,2024-25,H,4,Tuned Random Forest,Isotonic,2020-21,2023-24,H,0.563342649415415,0.2295204846828597,0.20713686590172528
2024-25,2025-04-23,Arsenal,Crystal Palace,2024-25,D,4,Tuned Random Forest,Isotonic,2020-21,2023-24,H,0.724907063197026,0.14737121614445034,0.1277217206585236
2024-25,2025-04-26,Brighton,West Ham,2024-25,H,4,Tuned Random Forest,Isotonic,2020-21,2023-24,H,0.5196986627257327,0.24487432458987035,0.23542701268439703
2024-25,2025-04-26,Chelsea,Everton,2024-25,H,4,Tuned Random Forest,Isotonic,2020-21,2023-24,H,0.6264034219228257,0.2040017342574078,0.16959484381976664
2024-25,2025-04-26,Newcastle,Ipswich,2024-25,H,4,Tuned Random Forest,Isotonic,2020-21,2023-24,H,0.6840390879478827,0.18957654723127038,0.1263843648208469
2024-25,2025-04-26,Southampton,Fulham,2024-25,A,4,Tuned Random Forest,Isotonic,2020-21,2023-24,A,0.20537269643348305,0.24012102319611256,0.5545062803704044
2024-25,2025-04-26,Wolves,Leicester,2024-25,H,4,Tuned Random Forest,Isotonic,2020-21,2023-24,H,0.6174431200614393,0.20108361942083544,0.18147326051772517
2024-25,2025-04-27,Bournemouth,Man United,2024-25,D,4,Tuned Random Forest,Isotonic,2020-21,2023-24,H,0.5023999579716895,0.23372691094948622,0.2638731310788243
2024-25,2025-04-27,Liverpool,Tottenham,2024-25,H,4,Tuned Random Forest,Isotonic,2020-21,2023-24,H,0.8149861929994776,0.041421001567281145,0.1435928054332413
2024-25,2025-05-01,Nott'm Forest,Brentford,2024-25,A,4,Tuned Random Forest,Isotonic,2020-21,2023-24,H,0.5196986627257327,0.24487432458987035,0.23542701268439703
2024-25,2025-05-02,Man City,Wolves,2024-25,H,4,Tuned Random Forest,Isotonic,2020-21,2023-24,H,0.7091838259466244,0.16586473805325602,0.12495143600011953
2024-25,2025-05-03,Arsenal,Bournemouth,2024-25,A,4,Tuned Random Forest,Isotonic,2020-21,2023-24,H,0.6992903955867793,0.1715073789429016,0.1292022254703192
2024-25,2025-05-03,Aston Villa,Fulham,2024-25,H,4,Tuned Random Forest,Isotonic,2020-21,2023-24,H,0.5196986627257327,0.24487432458987035,0.23542701268439703
2024-25,2025-05-03,Everton,Ipswich,2024-25,D,4,Tuned Random Forest,Isotonic,2020-21,2023-24,H,0.6264034219228257,0.2040017342574078,0.16959484381976664
2024-25,2025-05-03,Leicester,Southampton,2024-25,H,4,Tuned Random Forest,Isotonic,2020-21,2023-24,H,0.5375093233972955,0.21899531405215744,0.243495362550547
2024-25,2025-05-04,Brentford,Man United,2024-25,H,4,Tuned Random Forest,Isotonic,2020-21,2023-24,H,0.5375093233972955,0.21899531405215744,0.243495362550547
2024-25,2025-05-04,Brighton,Newcastle,2024-25,D,4,Tuned Random Forest,Isotonic,2020-21,2023-24,A,0.3406486712459601,0.25049793180676977,0.4088533969472702
2024-25,2025-05-04,Chelsea,Liverpool,2024-25,H,4,Tuned Random Forest,Isotonic,2020-21,2023-24,A,0.35260059921864545,0.22420105913247057,0.4231983416488839
2024-25,2025-05-04,West Ham,Tottenham,2024-25,D,4,Tuned Random Forest,Isotonic,2020-21,2023-24,H,0.4626926492006052,0.21525424495116235,0.3220531058482325
2024-25,2025-05-05,Crystal Palace,Nott'm Forest,2024-25,D,4,Tuned Random Forest,Isotonic,2020-21,2023-24,H,0.39354947482919206,0.23136721166593016,0.37508331350487784
2024-25,2025-05-10,Bournemouth,Aston Villa,2024-25,A,4,Tuned Random Forest,Isotonic,2020-21,2023-24,H,0.38831626148014753,0.23336373723622345,0.3783200012836289
2024-25,2025-05-10,Fulham,Everton,2024-25,A,4,Tuned Random Forest,Isotonic,2020-21,2023-24,H,0.4846723329635078,0.2607655317952984,0.25456213524119375
2024-25,2025-05-10,Ipswich,Brentford,2024-25,A,4,Tuned Random Forest,Isotonic,2020-21,2023-24,A,0.197934868943606,0.2676409849086576,0.5344241461477364
2024-25,2025-05-10,Southampton,Man City,2024-25,D,4,Tuned Random Forest,Isotonic,2020-21,2023-24,A,0.06204797062868925,0.18394752354522917,0.7540045058260816
2024-25,2025-05-10,Wolves,Brighton,2024-25,A,4,Tuned Random Forest,Isotonic,2020-21,2023-24,H,0.39427653026264675,0.23108983242165038,0.37463363731570304
2024-25,2025-05-11,Liverpool,Arsenal,2024-25,D,4,Tuned Random Forest,Isotonic,2020-21,2023-24,H,0.563342649415415,0.2295204846828597,0.20713686590172528
2024-25,2025-05-11,Man United,West Ham,2024-25,A,4,Tuned Random Forest,Isotonic,2020-21,2023-24,H,0.5375093233972955,0.21899531405215744,0.243495362550547
2024-25,2025-05-11,Newcastle,Chelsea,2024-25,H,4,Tuned Random Forest,Isotonic,2020-21,2023-24,H,0.47196935150830666,0.267193480315122,0.2608371681765714
2024-25,2025-05-11,Nott'm Forest,Leicester,2024-25,D,4,Tuned Random Forest,Isotonic,2020-21,2023-24,H,0.657486680626607,0.19778938160998752,0.14472393776340547
2024-25,2025-05-11,Tottenham,Crystal Palace,2024-25,A,4,Tuned Random Forest,Isotonic,2020-21,2023-24,H,0.4626926492006052,0.21525424495116235,0.3220531058482325
2024-25,2025-05-16,Aston Villa,Tottenham,2024-25,H,4,Tuned Random Forest,Isotonic,2020-21,2023-24,H,0.6264034219228257,0.2040017342574078,0.16959484381976664
2024-25,2025-05-16,Chelsea,Man United,2024-25,H,4,Tuned Random Forest,Isotonic,2020-21,2023-24,H,0.6264034219228257,0.2040017342574078,0.16959484381976664
2024-25,2025-05-18,Arsenal,Newcastle,2024-25,H,4,Tuned Random Forest,Isotonic,2020-21,2023-24,H,0.563342649415415,0.2295204846828597,0.20713686590172528
2024-25,2025-05-18,Brentford,Fulham,2024-25,A,4,Tuned Random Forest,Isotonic,2020-21,2023-24,H,0.5196986627257327,0.24487432458987035,0.23542701268439703
2024-25,2025-05-18,Everton,Southampton,2024-25,H,4,Tuned Random Forest,Isotonic,2020-21,2023-24,H,0.6363062684055533,0.19141775347076143,0.17227597812368528
2024-25,2025-05-18,Leicester,Ipswich,2024-25,H,4,Tuned Random Forest,Isotonic,2020-21,2023-24,H,0.5355032839163076,0.21817800125958428,0.24631871482410797
2024-25,2025-05-18,West Ham,Nott'm Forest,2024-25,A,4,Tuned Random Forest,Isotonic,2020-21,2023-24,H,0.39354947482919206,0.23136721166593016,0.37508331350487784
2024-25,2025-05-19,Brighton,Liverpool,2024-25,H,4,Tuned Random Forest,Isotonic,2020-21,2023-24,A,0.19029819046809957,0.2224959646589075,0.587205844872993
2024-25,2025-05-20,Crystal Palace,Wolves,2024-25,H,4,Tuned Random Forest,Isotonic,2020-21,2023-24,H,0.5375093233972955,0.21899531405215744,0.243495362550547
2024-25,2025-05-20,Man City,Bournemouth,2024-25,H,4,Tuned Random Forest,Isotonic,2020-21,2023-24,H,0.6814428671662616,0.1803690670878275,0.1381880657459109
2024-25,2025-05-25,Bournemouth,Leicester,2024-25,H,4,Tuned Random Forest,Isotonic,2020-21,2023-24,H,0.657486680626607,0.19778938160998752,0.14472393776340547
2024-25,2025-05-25,Fulham,Man City,2024-25,A,4,Tuned Random Forest,Isotonic,2020-21,2023-24,A,0.1820739675493169,0.21288023259449151,0.6050457998561916
2024-25,2025-05-25,Ipswich,West Ham,2024-25,A,4,Tuned Random Forest,Isotonic,2020-21,2023-24,A,0.25110712643202987,0.2498979428376541,0.49899493073031587
2024-25,2025-05-25,Liverpool,Crystal Palace,2024-25,D,4,Tuned Random Forest,Isotonic,2020-21,2023-24,H,0.7091838259466244,0.16586473805325602,0.12495143600011953
2024-25,2025-05-25,Man United,Aston Villa,2024-25,H,4,Tuned Random Forest,Isotonic,2020-21,2023-24,A,0.25110712643202987,0.2498979428376541,0.49899493073031587
2024-25,2025-05-25,Newcastle,Everton,2024-25,A,4,Tuned Random Forest,Isotonic,2020-21,2023-24,H,0.6264034219228257,0.2040017342574078,0.16959484381976664
2024-25,2025-05-25,Nott'm Forest,Chelsea,2024-25,A,4,Tuned Random Forest,Isotonic,2020-21,2023-24,H,0.39354947482919206,0.23136721166593016,0.37508331350487784
2024-25,2025-05-25,Southampton,Arsenal,2024-25,A,4,Tuned Random Forest,Isotonic,2020-21,2023-24,A,0.06204797062868925,0.18394752354522917,0.7540045058260816
2024-25,2025-05-25,Tottenham,Brighton,2024-25,A,4,Tuned Random Forest,Isotonic,2020-21,2023-24,A,0.25110712643202987,0.2498979428376541,0.49899493073031587
2024-25,2025-05-25,Wolves,Brentford,2024-25,D,4,Tuned Random Forest,Isotonic,2020-21,2023-24,A,0.3406486712459601,0.25049793180676977,0.4088533969472702
