Season,Date,HomeTeam,AwayTeam,Fold,EvaluationSeason,Model,ActualOutcome,PredictedOutcome,Probability_H,Probability_D,Probability_A
2020-21,2020-09-12,Crystal Palace,Southampton,1,2020-21,Independent Poisson,H,A,0.3537809833695609,0.2461180206514139,0.4001009959790252
2020-21,2020-09-12,Fulham,Arsenal,1,2020-21,Independent Poisson,A,A,0.2030143687767847,0.2126931657926678,0.5842924654305472
2020-21,2020-09-12,Liverpool,Leeds,1,2020-21,Independent Poisson,H,H,0.830040387255834,0.1098603704109345,0.0600992423332315
2020-21,2020-09-12,West Ham,Newcastle,1,2020-21,Independent Poisson,A,H,0.3839570784061846,0.2488969350587638,0.3671459865350515
2020-21,2020-09-13,Tottenham,Everton,1,2020-21,Independent Poisson,A,H,0.5306869706563574,0.235549298792248,0.2337637305513945
2020-21,2020-09-13,West Brom,Leicester,1,2020-21,Independent Poisson,A,A,0.2652824672511168,0.2508377541740961,0.483879778574787
2020-21,2020-09-14,Brighton,Chelsea,1,2020-21,Independent Poisson,A,A,0.2831729628918444,0.260498095387268,0.4563289417208874
2020-21,2020-09-14,Sheffield United,Wolves,1,2020-21,Independent Poisson,A,A,0.3716943825373646,0.2507091284809677,0.3775964889816675
2020-21,2020-09-19,Arsenal,West Ham,1,2020-21,Independent Poisson,H,H,0.683111149938293,0.202690469299741,0.1141983807619661
2020-21,2020-09-19,Everton,West Brom,1,2020-21,Independent Poisson,H,H,0.5557110268012864,0.2646979352467039,0.1795910379520096
2020-21,2020-09-19,Leeds,Fulham,1,2020-21,Independent Poisson,H,H,0.5088424045222708,0.2660093279067555,0.2251482675709737
2020-21,2020-09-19,Man United,Crystal Palace,1,2020-21,Independent Poisson,A,H,0.6135603242889137,0.2228032662217711,0.163636409489315
2020-21,2020-09-20,Chelsea,Liverpool,1,2020-21,Independent Poisson,A,A,0.3488830661828082,0.2387973316827625,0.4123196021344292
2020-21,2020-09-20,Leicester,Burnley,1,2020-21,Independent Poisson,H,H,0.5041188539406436,0.2304751176836194,0.265406028375737
2020-21,2020-09-20,Newcastle,Brighton,1,2020-21,Independent Poisson,A,H,0.475362565624765,0.2611545568833863,0.2634828774918484
2020-21,2020-09-20,Southampton,Tottenham,1,2020-21,Independent Poisson,A,A,0.3213541041990272,0.2505949824599399,0.4280509133410328
2020-21,2020-09-21,Aston Villa,Sheffield United,1,2020-21,Independent Poisson,H,A,0.2693465754901546,0.2744937262105704,0.4561596982992749
2020-21,2020-09-21,Wolves,Man City,1,2020-21,Independent Poisson,A,A,0.2800577178217418,0.2248984884428978,0.4950437937353602
2020-21,2020-09-26,Brighton,Man United,1,2020-21,Independent Poisson,A,A,0.2434001073498566,0.2352188995950873,0.5213809930550559
2020-21,2020-09-26,Burnley,Southampton,1,2020-21,Independent Poisson,A,H,0.4380859892551758,0.2874383190260621,0.2744756917187618
2020-21,2020-09-26,Crystal Palace,Everton,1,2020-21,Independent Poisson,A,A,0.3148826759477547,0.2543043645936527,0.4308129594585925
2020-21,2020-09-26,West Brom,Chelsea,1,2020-21,Independent Poisson,D,A,0.1473783209454419,0.1918146498170081,0.6608070292375499
2020-21,2020-09-27,Man City,Leicester,1,2020-21,Independent Poisson,A,H,0.6104032649527291,0.2243547358124412,0.1652419992348295
2020-21,2020-09-27,Sheffield United,Leeds,1,2020-21,Independent Poisson,A,H,0.4004268048685236,0.2585820092045074,0.3409911859269688
2020-21,2020-09-27,Tottenham,Newcastle,1,2020-21,Independent Poisson,D,H,0.5379559647811702,0.2440610242671664,0.2179830109516633
2020-21,2020-09-27,West Ham,Wolves,1,2020-21,Independent Poisson,H,A,0.2927060331850981,0.2497156864010133,0.4575782804138885
2020-21,2020-09-28,Fulham,Aston Villa,1,2020-21,Independent Poisson,A,A,0.3356238267795824,0.2526321715599134,0.411744001660504
2020-21,2020-09-28,Liverpool,Arsenal,1,2020-21,Independent Poisson,H,H,0.7516958517034134,0.1528299270081283,0.0954742212884582
2020-21,2020-10-03,Chelsea,Crystal Palace,1,2020-21,Independent Poisson,H,H,0.5346689932648145,0.2438809345467683,0.2214500721884172
2020-21,2020-10-03,Everton,Brighton,1,2020-21,Independent Poisson,H,H,0.555479867830447,0.2399318378513844,0.2045882943181686
2020-21,2020-10-03,Leeds,Man City,1,2020-21,Independent Poisson,D,A,0.2033936931448928,0.2131982504305939,0.5834080564245132
2020-21,2020-10-03,Newcastle,Burnley,1,2020-21,Independent Poisson,H,H,0.394445444125962,0.2758625596351655,0.3296919962388726
2020-21,2020-10-04,Arsenal,Sheffield United,1,2020-21,Independent Poisson,H,H,0.5686069136473388,0.2511106862542373,0.180282400098424
2020-21,2020-10-04,Aston Villa,Liverpool,1,2020-21,Independent Poisson,H,A,0.0603263387454896,0.1239003345883074,0.815773326666203
2020-21,2020-10-04,Leicester,West Ham,1,2020-21,Independent Poisson,A,H,0.5836100556874735,0.2262261638084748,0.1901637805040515
2020-21,2020-10-04,Man United,Tottenham,1,2020-21,Independent Poisson,A,H,0.4953590353388371,0.258155093804887,0.2464858708562757
2020-21,2020-10-04,Southampton,West Brom,1,2020-21,Independent Poisson,H,H,0.4591605755662868,0.2581363204054128,0.2827031040283003
2020-21,2020-10-04,Wolves,Fulham,1,2020-21,Independent Poisson,H,H,0.5618809922641879,0.2489891111934268,0.1891298965423852
2020-21,2020-10-17,Chelsea,Southampton,1,2020-21,Independent Poisson,D,H,0.5674195956531172,0.2286795044270143,0.2039008999198685
2020-21,2020-10-17,Everton,Liverpool,1,2020-21,Independent Poisson,D,A,0.3056709387925464,0.2382365039836458,0.4560925572238076
2020-21,2020-10-17,Man City,Arsenal,1,2020-21,Independent Poisson,H,H,0.5383110687190911,0.2347407884032568,0.2269481428776518
2020-21,2020-10-17,Newcastle,Man United,1,2020-21,Independent Poisson,A,A,0.3051101246103576,0.2541427787798831,0.4407470966097593
2020-21,2020-10-18,Crystal Palace,Brighton,1,2020-21,Independent Poisson,D,H,0.4096097187912588,0.2673178317800549,0.3230724494286863
2020-21,2020-10-18,Leicester,Aston Villa,1,2020-21,Independent Poisson,A,H,0.5683177224946078,0.2291126765310258,0.2025696009743666
2020-21,2020-10-18,Sheffield United,Fulham,1,2020-21,Independent Poisson,D,H,0.5496215622611926,0.2537927318520348,0.1965857058867726
2020-21,2020-10-18,Tottenham,West Ham,1,2020-21,Independent Poisson,D,H,0.5924667791418168,0.2239778107270059,0.1835554101311773
2020-21,2020-10-19,Leeds,Wolves,1,2020-21,Independent Poisson,A,A,0.3577556435263378,0.2722389419185668,0.3700054145550951
2020-21,2020-10-19,West Brom,Burnley,1,2020-21,Independent Poisson,D,A,0.3458713906774818,0.270613718277602,0.3835148910449162
2020-21,2020-10-23,Aston Villa,Leeds,1,2020-21,Independent Poisson,A,H,0.4373911156463654,0.287554634357375,0.2750542499962595
2020-21,2020-10-24,Fulham,Crystal Palace,1,2020-21,Independent Poisson,A,A,0.33618544095404,0.2667243103374916,0.3970902487084685
2020-21,2020-10-24,Liverpool,Sheffield United,1,2020-21,Independent Poisson,H,H,0.9072584302591342,0.0695863987985484,0.0231551709423174
2020-21,2020-10-24,Man United,Chelsea,1,2020-21,Independent Poisson,D,A,0.3480873052079384,0.2696160445514222,0.3822966502406393
2020-21,2020-10-24,West Ham,Man City,1,2020-21,Independent Poisson,D,A,0.2229705677512978,0.2203520973928054,0.5566773348558967
2020-21,2020-10-25,Arsenal,Leicester,1,2020-21,Independent Poisson,A,H,0.4644356726643108,0.2649814185955984,0.2705829087400907
2020-21,2020-10-25,Southampton,Everton,1,2020-21,Independent Poisson,H,A,0.2875080014299879,0.2436598014467839,0.4688321971232281
2020-21,2020-10-25,Wolves,Newcastle,1,2020-21,Independent Poisson,D,H,0.5323540289619737,0.2470000845350703,0.2206458865029561
2020-21,2020-10-26,Brighton,West Brom,1,2020-21,Independent Poisson,D,H,0.5402302333491457,0.2488837197791246,0.2108860468717296
2020-21,2020-10-26,Burnley,Tottenham,1,2020-21,Independent Poisson,A,A,0.1713347120918868,0.2097138070947236,0.6189514808133894
2020-21,2020-10-30,Wolves,Crystal Palace,1,2020-21,Independent Poisson,H,H,0.5403714367740127,0.2487205562712952,0.2109080069546921
2020-21,2020-10-31,Burnley,Chelsea,1,2020-21,Independent Poisson,A,A,0.3103267411229878,0.2720562961747325,0.4176169627022796
2020-21,2020-10-31,Liverpool,West Ham,1,2020-21,Independent Poisson,H,H,0.8155882269351543,0.1239964261249855,0.0604153469398602
2020-21,2020-10-31,Sheffield United,Man City,1,2020-21,Independent Poisson,A,A,0.2348184032955592,0.2190818246044632,0.5460997720999776
2020-21,2020-11-01,Aston Villa,Southampton,1,2020-21,Independent Poisson,A,A,0.3462340833944322,0.2874598466556868,0.3663060699498809
2020-21,2020-11-01,Man United,Arsenal,1,2020-21,Independent Poisson,A,H,0.5249033736287986,0.2378361829489905,0.2372604434222108
2020-21,2020-11-01,Newcastle,Everton,1,2020-21,Independent Poisson,H,A,0.2565890983340109,0.2448141991200914,0.4985967025458978
2020-21,2020-11-01,Tottenham,Brighton,1,2020-21,Independent Poisson,H,H,0.6366373609900707,0.2200214185927211,0.1433412204172081
2020-21,2020-11-02,Fulham,West Brom,1,2020-21,Independent Poisson,H,H,0.4373712789782185,0.2773837186851468,0.2852450023366346
2020-21,2020-11-02,Leeds,Leicester,1,2020-21,Independent Poisson,A,H,0.3821852838515205,0.2566429302379352,0.3611717859105442
2020-21,2020-11-06,Brighton,Burnley,1,2020-21,Independent Poisson,D,H,0.5173110164469166,0.2451123651903757,0.2375766183627077
2020-21,2020-11-06,Southampton,Newcastle,1,2020-21,Independent Poisson,H,H,0.5098210809176229,0.2429679000081289,0.2472110190742482
2020-21,2020-11-07,Chelsea,Sheffield United,1,2020-21,Independent Poisson,H,H,0.7009571610744431,0.1943609107875624,0.1046819281379947
2020-21,2020-11-07,Crystal Palace,Leeds,1,2020-21,Independent Poisson,H,H,0.3901237229700728,0.2511103101137882,0.3587659669161388
2020-21,2020-11-07,Everton,Man United,1,2020-21,Independent Poisson,A,H,0.4977025322774154,0.2393161598407676,0.262981307881817
2020-21,2020-11-07,West Ham,Fulham,1,2020-21,Independent Poisson,H,H,0.5636994946613922,0.2417469119813208,0.1945535933572867
2020-21,2020-11-08,Arsenal,Aston Villa,1,2020-21,Independent Poisson,A,H,0.5193630356744315,0.2553118974076181,0.2253250669179504
2020-21,2020-11-08,Leicester,Wolves,1,2020-21,Independent Poisson,H,H,0.5784091903923438,0.2290438967051925,0.1925469129024635
2020-21,2020-11-08,Man City,Liverpool,1,2020-21,Independent Poisson,D,H,0.4470560744270432,0.2394544590126785,0.3134894665602781
2020-21,2020-11-08,West Brom,Tottenham,1,2020-21,Independent Poisson,A,A,0.1762795931188221,0.215206429011202,0.6085139778699761
2020-21,2020-11-21,Aston Villa,Brighton,1,2020-21,Independent Poisson,A,H,0.4608509621126839,0.2696376741675989,0.2695113637197172
2020-21,2020-11-21,Man United,West Brom,1,2020-21,Independent Poisson,H,H,0.7384821064646164,0.1720838504092666,0.0894340431261167
2020-21,2020-11-21,Newcastle,Chelsea,1,2020-21,Independent Poisson,A,A,0.2260604722541143,0.2306613688349431,0.5432781589109427
2020-21,2020-11-21,Tottenham,Man City,1,2020-21,Independent Poisson,H,H,0.549992848327716,0.2221444438357064,0.2278627078365774
2020-21,2020-11-22,Fulham,Everton,1,2020-21,Independent Poisson,A,A,0.2226251445500988,0.2415980238949707,0.5357768315549304
2020-21,2020-11-22,Leeds,Arsenal,1,2020-21,Independent Poisson,D,H,0.4050358027026949,0.2522802834217744,0.3426839138755307
2020-21,2020-11-22,Liverpool,Leicester,1,2020-21,Independent Poisson,H,H,0.8053024715034127,0.1278999969356575,0.0667975315609295
2020-21,2020-11-22,Sheffield United,West Ham,1,2020-21,Independent Poisson,A,H,0.4052376782846227,0.2593058065433919,0.3354565151719855
2020-21,2020-11-23,Burnley,Crystal Palace,1,2020-21,Independent Poisson,H,H,0.4612662024410741,0.2729001501632419,0.2658336473956841
2020-21,2020-11-23,Wolves,Southampton,1,2020-21,Independent Poisson,D,H,0.4012087301993807,0.2578949000373995,0.3408963697632198
2020-21,2020-11-27,Crystal Palace,Newcastle,1,2020-21,Independent Poisson,A,H,0.4789610479732874,0.253904910432397,0.2671340415943154
2020-21,2020-11-28,Brighton,Liverpool,1,2020-21,Independent Poisson,D,A,0.0792332956542992,0.1306027073281962,0.7901639970175043
2020-21,2020-11-28,Everton,Leeds,1,2020-21,Independent Poisson,A,H,0.5888389592271516,0.2281747373577593,0.182986303415089
2020-21,2020-11-28,Man City,Burnley,1,2020-21,Independent Poisson,H,H,0.7670657542581625,0.1482428992864066,0.0846913464554306
2020-21,2020-11-28,West Brom,Sheffield United,1,2020-21,Independent Poisson,H,H,0.3818879480987071,0.2809075605345169,0.3372044913667762
2020-21,2020-11-29,Arsenal,Wolves,1,2020-21,Independent Poisson,A,H,0.458029540703628,0.2545585502784107,0.2874119090179611
2020-21,2020-11-29,Chelsea,Tottenham,1,2020-21,Independent Poisson,D,H,0.5490511191326658,0.2309584731774242,0.2199904076899101
2020-21,2020-11-29,Southampton,Man United,1,2020-21,Independent Poisson,A,H,0.4269466375569501,0.2394742864760389,0.3335790759670109
2020-21,2020-11-30,Leicester,Fulham,1,2020-21,Independent Poisson,A,H,0.7139757290564794,0.1876812768813878,0.0983429940621327
2020-21,2020-11-30,West Ham,Aston Villa,1,2020-21,Independent Poisson,H,H,0.5835343655252996,0.2219322685630445,0.1945333659116557
2020-21,2020-12-05,Burnley,Everton,1,2020-21,Independent Poisson,D,H,0.3975981494571629,0.2637818236044603,0.3386200269383769
2020-21,2020-12-05,Chelsea,Leeds,1,2020-21,Independent Poisson,H,H,0.7172553493144349,0.1726850231315359,0.1100596275540292
2020-21,2020-12-05,Man City,Fulham,1,2020-21,Independent Poisson,H,H,0.7765335804213415,0.1506648648396983,0.0728015547389601
2020-21,2020-12-05,West Ham,Man United,1,2020-21,Independent Poisson,A,A,0.3170197690579943,0.2446821343494128,0.4382980965925926
2020-21,2020-12-06,Liverpool,Wolves,1,2020-21,Independent Poisson,H,H,0.7858461607166574,0.1408567905358814,0.0732970487474611
2020-21,2020-12-06,Sheffield United,Leicester,1,2020-21,Independent Poisson,A,H,0.3956733485617626,0.2641863353614506,0.3401403160767868
2020-21,2020-12-06,Tottenham,Arsenal,1,2020-21,Independent Poisson,H,H,0.6738799280465683,0.1933176935472484,0.1328023784061833
2020-21,2020-12-06,West Brom,Crystal Palace,1,2020-21,Independent Poisson,A,H,0.3808167721620272,0.2764336341169643,0.3427495937210084
2020-21,2020-12-07,Brighton,Southampton,1,2020-21,Independent Poisson,A,A,0.3547703424159102,0.2614428890910558,0.383786768493034
2020-21,2020-12-11,Leeds,West Ham,1,2020-21,Independent Poisson,A,H,0.4724681909151889,0.2464458731682237,0.2810859359165873
2020-21,2020-12-12,Everton,Chelsea,1,2020-21,Independent Poisson,H,A,0.2059397562896875,0.2264112759919369,0.5676489677183756
2020-21,2020-12-12,Man United,Man City,1,2020-21,Independent Poisson,D,A,0.3412461654499051,0.266100132235638,0.3926537023144567
2020-21,2020-12-12,Newcastle,West Brom,1,2020-21,Independent Poisson,H,H,0.5998620457591202,0.2527167242291628,0.1474212300117171
2020-21,2020-12-12,Wolves,Aston Villa,1,2020-21,Independent Poisson,A,H,0.5208593175884502,0.228437225819914,0.2507034565916358
2020-21,2020-12-13,Arsenal,Burnley,1,2020-21,Independent Poisson,A,H,0.5909166030433994,0.2199197208386836,0.1891636761179173
2020-21,2020-12-13,Crystal Palace,Tottenham,1,2020-21,Independent Poisson,D,A,0.2116437653189258,0.2212129366554581,0.5671432980256159
2020-21,2020-12-13,Fulham,Liverpool,1,2020-21,Independent Poisson,D,A,0.0179581620134535,0.0469139863507098,0.9351278516358366
2020-21,2020-12-13,Leicester,Brighton,1,2020-21,Independent Poisson,H,H,0.5899856970484932,0.2302873700244296,0.1797269329270772
2020-21,2020-12-13,Southampton,Sheffield United,1,2020-21,Independent Poisson,H,H,0.6413964204563823,0.2130043397371298,0.1455992398064879
2020-21,2020-12-15,Man City,West Brom,1,2020-21,Independent Poisson,D,H,0.8424470670502542,0.1174798118431614,0.0400731211065845
2020-21,2020-12-15,Wolves,Chelsea,1,2020-21,Independent Poisson,H,A,0.3115270781899911,0.2401263602816517,0.4483465615283571
2020-21,2020-12-16,Arsenal,Southampton,1,2020-21,Independent Poisson,D,A,0.3335281290372025,0.2631678569917911,0.4033040139710062
2020-21,2020-12-16,Fulham,Brighton,1,2020-21,Independent Poisson,D,H,0.4167209064493624,0.2647336984245914,0.3185453951260461
2020-21,2020-12-16,Leeds,Newcastle,1,2020-21,Independent Poisson,H,H,0.4449813355167733,0.2484531697608344,0.3065654947223923
2020-21,2020-12-16,Leicester,Everton,1,2020-21,Independent Poisson,A,H,0.6572407071827249,0.2115311618192103,0.1312281309980647
2020-21,2020-12-16,Liverpool,Tottenham,1,2020-21,Independent Poisson,H,H,0.6695493007055087,0.1837104922600498,0.1467402070344415
2020-21,2020-12-16,West Ham,Crystal Palace,1,2020-21,Independent Poisson,D,A,0.2876813493385629,0.2482190042182863,0.4640996464431508
2020-21,2020-12-17,Aston Villa,Burnley,1,2020-21,Independent Poisson,D,H,0.4633894821906763,0.2851503108515167,0.2514602069578069
2020-21,2020-12-17,Sheffield United,Man United,1,2020-21,Independent Poisson,A,A,0.287797422909185,0.2435789745656572,0.4686236025251576
2020-21,2020-12-19,Crystal Palace,Liverpool,1,2020-21,Independent Poisson,A,A,0.0609617871692257,0.1086529992396791,0.830385213591095
2020-21,2020-12-19,Everton,Arsenal,1,2020-21,Independent Poisson,H,H,0.5250529838693823,0.2466202138929003,0.2283268022377176
2020-21,2020-12-19,Newcastle,Fulham,1,2020-21,Independent Poisson,D,H,0.5216805278531954,0.2735939817433984,0.2047254904034061
2020-21,2020-12-19,Southampton,Man City,1,2020-21,Independent Poisson,A,A,0.3577067392921827,0.2624285843003855,0.3798646764074316
2020-21,2020-12-20,Brighton,Sheffield United,1,2020-21,Independent Poisson,D,H,0.4169732573707447,0.2708430227122542,0.3121837199170009
2020-21,2020-12-20,Man United,Leeds,1,2020-21,Independent Poisson,H,H,0.6738036405874722,0.2102821610893915,0.1159141983231363
2020-21,2020-12-20,Tottenham,Leicester,1,2020-21,Independent Poisson,A,H,0.5525629839481174,0.2308032065950353,0.2166338094568474
2020-21,2020-12-20,West Brom,Aston Villa,1,2020-21,Independent Poisson,A,A,0.29382081299232,0.2230338570453581,0.4831453299623217
2020-21,2020-12-21,Burnley,Wolves,1,2020-21,Independent Poisson,H,H,0.3766771056490923,0.2755966238347362,0.3477262705161714
2020-21,2020-12-21,Chelsea,West Ham,1,2020-21,Independent Poisson,H,H,0.6039098719150436,0.2201851354063524,0.1759049926786038
2020-21,2020-12-26,Arsenal,Chelsea,1,2020-21,Independent Poisson,H,H,0.3714425887595594,0.2631975936993184,0.3653598175411222
2020-21,2020-12-26,Aston Villa,Crystal Palace,1,2020-21,Independent Poisson,H,H,0.4044289889831989,0.297092824225854,0.298478186790947
2020-21,2020-12-26,Fulham,Southampton,1,2020-21,Independent Poisson,D,A,0.1989233098855135,0.2203503608136448,0.5807263293008416
2020-21,2020-12-26,Leicester,Man United,1,2020-21,Independent Poisson,D,A,0.3221622358876657,0.252476822510022,0.4253609416023122
2020-21,2020-12-26,Man City,Newcastle,1,2020-21,Independent Poisson,H,H,0.6712659270202672,0.1939162555559248,0.1348178174238078
2020-21,2020-12-26,Sheffield United,Everton,1,2020-21,Independent Poisson,A,A,0.2937524024061286,0.2613934276526093,0.444854169941262
2020-21,2020-12-27,Leeds,Burnley,1,2020-21,Independent Poisson,H,H,0.4755442694937437,0.2560688149886809,0.2683869155175754
2020-21,2020-12-27,Liverpool,West Brom,1,2020-21,Independent Poisson,D,H,0.9286189838128592,0.0552073228743229,0.0161736933128177
2020-21,2020-12-27,West Ham,Brighton,1,2020-21,Independent Poisson,D,H,0.4881952782275481,0.2628114706481313,0.2489932511243205
2020-21,2020-12-27,Wolves,Tottenham,1,2020-21,Independent Poisson,D,H,0.3977260471399578,0.2589219631140192,0.3433519897460226
2020-21,2020-12-28,Chelsea,Aston Villa,1,2020-21,Independent Poisson,D,H,0.6956069260048219,0.1733009947010272,0.1310920792941509
2020-21,2020-12-28,Crystal Palace,Leicester,1,2020-21,Independent Poisson,D,A,0.317258538895964,0.2449596199692866,0.4377818411347493
2020-21,2020-12-29,Brighton,Arsenal,1,2020-21,Independent Poisson,A,H,0.4024821754112992,0.2571992674977563,0.3403185570909447
2020-21,2020-12-29,Burnley,Sheffield United,1,2020-21,Independent Poisson,H,H,0.4541216378243717,0.2797596080263316,0.2661187541492967
2020-21,2020-12-29,Man United,Wolves,1,2020-21,Independent Poisson,H,H,0.6903323396154709,0.1918491775206434,0.1178184828638856
2020-21,2020-12-29,Southampton,West Ham,1,2020-21,Independent Poisson,D,H,0.4978275761799121,0.2663316102225577,0.2358408135975302
2020-21,2020-12-29,West Brom,Leeds,1,2020-21,Independent Poisson,A,A,0.3437918040213744,0.259500191081319,0.3967080048973067
2020-21,2020-12-30,Newcastle,Liverpool,1,2020-21,Independent Poisson,D,A,0.0131387683678736,0.0349280781667533,0.9519331534653728
2020-21,2021-01-01,Everton,West Ham,1,2020-21,Independent Poisson,A,H,0.4812721203351323,0.2833793378972143,0.2353485417676531
2020-21,2021-01-01,Man United,Aston Villa,1,2020-21,Independent Poisson,H,H,0.7704608981391967,0.1492750161287006,0.0802640857321028
2020-21,2021-01-02,Brighton,Wolves,1,2020-21,Independent Poisson,D,A,0.3171354117026812,0.2578562015149444,0.4250083867823743
2020-21,2021-01-02,Crystal Palace,Sheffield United,1,2020-21,Independent Poisson,H,H,0.5241558510601623,0.2501257613061828,0.2257183876336549
2020-21,2021-01-02,Tottenham,Leeds,1,2020-21,Independent Poisson,H,H,0.4953046190375627,0.2614682517461111,0.243227129216326
2020-21,2021-01-02,West Brom,Arsenal,1,2020-21,Independent Poisson,A,A,0.2505464449758134,0.2580994197335342,0.4913541352906524
2020-21,2021-01-03,Chelsea,Man City,1,2020-21,Independent Poisson,A,H,0.4109938078442479,0.2179542813341242,0.3710519108216279
2020-21,2021-01-03,Newcastle,Leicester,1,2020-21,Independent Poisson,A,A,0.2345104405158502,0.2486015833133069,0.5168879761708428
2020-21,2021-01-04,Southampton,Liverpool,1,2020-21,Independent Poisson,H,A,0.0862595303105252,0.1416248263545063,0.7721156433349685
2020-21,2021-01-12,Burnley,Man United,1,2020-21,Independent Poisson,A,A,0.107953408885918,0.1683963835336311,0.7236502075804507
2020-21,2021-01-12,Sheffield United,Newcastle,1,2020-21,Independent Poisson,H,H,0.4577917341291441,0.2560410307523664,0.2861672351184894
2020-21,2021-01-12,Wolves,Everton,1,2020-21,Independent Poisson,A,H,0.4687137460127887,0.2349427915303323,0.2963434624568791
2020-21,2021-01-13,Man City,Brighton,1,2020-21,Independent Poisson,H,H,0.7296926010352265,0.1754393004565347,0.0948680985082383
2020-21,2021-01-13,Tottenham,Fulham,1,2020-21,Independent Poisson,D,H,0.7899708140696312,0.136134273913791,0.0738949120165778
2020-21,2021-01-14,Arsenal,Crystal Palace,1,2020-21,Independent Poisson,D,H,0.6660466897214887,0.1946880992377387,0.1392652110407727
2020-21,2021-01-16,Fulham,Chelsea,1,2020-21,Independent Poisson,A,H,0.3815198542833826,0.272474142461396,0.3460060032552212
2020-21,2021-01-16,Leeds,Brighton,1,2020-21,Independent Poisson,A,H,0.3997077503193122,0.2737246315281365,0.3265676181525513
2020-21,2021-01-16,Leicester,Southampton,1,2020-21,Independent Poisson,H,H,0.5546657168211399,0.2320648663759517,0.2132694168029084
2020-21,2021-01-16,West Ham,Burnley,1,2020-21,Independent Poisson,H,H,0.4922408588706906,0.2571258816981859,0.2506332594311235
2020-21,2021-01-16,Wolves,West Brom,1,2020-21,Independent Poisson,A,H,0.7498853041010938,0.1587130454649239,0.0914016504339823
2020-21,2021-01-17,Liverpool,Man United,1,2020-21,Independent Poisson,D,H,0.5747565568459588,0.2180809906008482,0.2071624525531929
2020-21,2021-01-17,Man City,Crystal Palace,1,2020-21,Independent Poisson,H,H,0.6926928001776613,0.187137229470891,0.1201699703514475
2020-21,2021-01-17,Sheffield United,Tottenham,1,2020-21,Independent Poisson,A,A,0.2131261011962135,0.2232773707590842,0.5635965280447023
2020-21,2021-01-18,Arsenal,Newcastle,1,2020-21,Independent Poisson,H,H,0.6100966407806766,0.2090243520735616,0.1808790071457618
2020-21,2021-01-19,Leicester,Chelsea,1,2020-21,Independent Poisson,H,H,0.5855086850770866,0.2299375538015713,0.1845537611213419
2020-21,2021-01-19,West Ham,West Brom,1,2020-21,Independent Poisson,H,H,0.6865699246038572,0.1973008897234829,0.1161291856726598
2020-21,2021-01-20,Fulham,Man United,1,2020-21,Independent Poisson,A,A,0.0970260991958692,0.1604177476991564,0.7425561531049744
2020-21,2021-01-20,Man City,Aston Villa,1,2020-21,Independent Poisson,H,H,0.8350202793673469,0.1041639234683575,0.0608157971642956
2020-21,2021-01-21,Liverpool,Burnley,1,2020-21,Independent Poisson,A,H,0.8615484826832822,0.0984572656392305,0.0399942516774872
2020-21,2021-01-23,Aston Villa,Newcastle,1,2020-21,Independent Poisson,H,H,0.5932639031908665,0.2467917303742619,0.1599443664348714
2020-21,2021-01-26,Crystal Palace,West Ham,1,2020-21,Independent Poisson,A,H,0.45364163811018,0.2675558595859147,0.2788025023039053
2020-21,2021-01-26,Newcastle,Leeds,1,2020-21,Independent Poisson,A,H,0.4659586957261778,0.24040183759495,0.2936394666788722
2020-21,2021-01-26,Southampton,Arsenal,1,2020-21,Independent Poisson,A,H,0.377859795108588,0.294484259022452,0.3276559458689598
2020-21,2021-01-26,West Brom,Man City,1,2020-21,Independent Poisson,A,A,0.1101327353018904,0.1708858599089745,0.718981404789135
2020-21,2021-01-27,Brighton,Fulham,1,2020-21,Independent Poisson,D,H,0.5978582375818704,0.2289624827104053,0.1731792797077244
2020-21,2021-01-27,Burnley,Aston Villa,1,2020-21,Independent Poisson,H,A,0.3508249554409343,0.2652874390049123,0.3838876055541533
2020-21,2021-01-27,Chelsea,Wolves,1,2020-21,Independent Poisson,D,H,0.573409829961615,0.2242208486487798,0.202369321389605
2020-21,2021-01-27,Everton,Leicester,1,2020-21,Independent Poisson,D,A,0.3157722339778195,0.3150235321318473,0.3692042338903332
2020-21,2021-01-27,Man United,Sheffield United,1,2020-21,Independent Poisson,A,H,0.7820231055938281,0.1478751954410413,0.0701016989651304
2020-21,2021-01-28,Tottenham,Liverpool,1,2020-21,Independent Poisson,A,H,0.4640552116343415,0.2434282770599312,0.2925165113057273
2020-21,2021-01-30,Arsenal,Man United,1,2020-21,Independent Poisson,D,A,0.2512911722241994,0.2500395878768411,0.4986692398989595
2020-21,2021-01-30,Crystal Palace,Wolves,1,2020-21,Independent Poisson,H,A,0.2866030625769694,0.2408255031686088,0.4725714342544216
2020-21,2021-01-30,Everton,Newcastle,1,2020-21,Independent Poisson,A,H,0.6469019638288531,0.247218043788547,0.1058799923825999
2020-21,2021-01-30,Man City,Sheffield United,1,2020-21,Independent Poisson,H,H,0.7972603239850957,0.1427385504248074,0.0600011255900968
2020-21,2021-01-30,Southampton,Aston Villa,1,2020-21,Independent Poisson,A,H,0.5242659389969269,0.2497287940019934,0.2260052670010796
2020-21,2021-01-30,West Brom,Fulham,1,2020-21,Independent Poisson,D,H,0.4258338312009374,0.2553747391790279,0.3187914296200347
2020-21,2021-01-31,Brighton,Tottenham,1,2020-21,Independent Poisson,H,A,0.2160865874487732,0.218865414026986,0.5650479985242407
2020-21,2021-01-31,Chelsea,Burnley,1,2020-21,Independent Poisson,H,H,0.6436725431676806,0.2095470450441962,0.1467804117881232
2020-21,2021-01-31,Leicester,Leeds,1,2020-21,Independent Poisson,A,H,0.6025915308670825,0.2107692078830631,0.1866392612498544
2020-21,2021-01-31,West Ham,Liverpool,1,2020-21,Independent Poisson,A,A,0.1869560014330066,0.197745864161057,0.6152981344059363
2020-21,2021-02-02,Man United,Southampton,1,2020-21,Independent Poisson,H,H,0.6901983160986662,0.1823049290538093,0.1274967548475243
2020-21,2021-02-02,Newcastle,Crystal Palace,1,2020-21,Independent Poisson,A,H,0.3742417507601369,0.2651528794543619,0.360605369785501
2020-21,2021-02-02,Sheffield United,West Brom,1,2020-21,Independent Poisson,H,H,0.590542767756278,0.2462504414670127,0.1632067907767092
2020-21,2021-02-02,Wolves,Arsenal,1,2020-21,Independent Poisson,H,H,0.4407317296316161,0.2751590315278504,0.2841092388405335
2020-21,2021-02-03,Aston Villa,West Ham,1,2020-21,Independent Poisson,A,A,0.2706866026391376,0.2843787407602424,0.4449346566006201
2020-21,2021-02-03,Burnley,Man City,1,2020-21,Independent Poisson,A,A,0.1321846701446695,0.1855596512893915,0.682255678565939
2020-21,2021-02-03,Fulham,Leicester,1,2020-21,Independent Poisson,A,A,0.1640108073963277,0.2327585450732045,0.6032306475304676
2020-21,2021-02-03,Leeds,Everton,1,2020-21,Independent Poisson,A,H,0.5730168309986531,0.2348994416312229,0.1920837273701239
2020-21,2021-02-03,Liverpool,Brighton,1,2020-21,Independent Poisson,A,H,0.8521957825059944,0.107458683632633,0.0403455338613726
2020-21,2021-02-04,Tottenham,Chelsea,1,2020-21,Independent Poisson,A,H,0.5706460896943166,0.2519277084601728,0.1774262018455101
2020-21,2021-02-06,Aston Villa,Arsenal,1,2020-21,Independent Poisson,H,H,0.4010801835251132,0.3072960487283199,0.2916237677465669
2020-21,2021-02-06,Burnley,Brighton,1,2020-21,Independent Poisson,D,H,0.3699684111795078,0.2892604583964558,0.3407711304240364
2020-21,2021-02-06,Fulham,West Ham,1,2020-21,Independent Poisson,D,A,0.3342424135371362,0.2977508653862291,0.3680067210766347
2020-21,2021-02-06,Man United,Everton,1,2020-21,Independent Poisson,D,H,0.6790936688214424,0.1870438975294392,0.1338624336491183
2020-21,2021-02-06,Newcastle,Southampton,1,2020-21,Independent Poisson,H,H,0.3970832855092755,0.2633352747680549,0.3395814397226697
2020-21,2021-02-07,Liverpool,Man City,1,2020-21,Independent Poisson,A,H,0.4931625771870617,0.2412198142601182,0.2656176085528201
2020-21,2021-02-07,Sheffield United,Chelsea,1,2020-21,Independent Poisson,A,A,0.2442039660406512,0.2463810661506564,0.5094149678086923
2020-21,2021-02-07,Tottenham,West Brom,1,2020-21,Independent Poisson,H,H,0.7871775982694487,0.157528774784656,0.0552936269458954
2020-21,2021-02-07,Wolves,Leicester,1,2020-21,Independent Poisson,D,A,0.3005946666055044,0.2637066190649546,0.435698714329541
2020-21,2021-02-08,Leeds,Crystal Palace,1,2020-21,Independent Poisson,H,H,0.4551562288978251,0.2771625611490569,0.2676812099531178
2020-21,2021-02-13,Brighton,Aston Villa,1,2020-21,Independent Poisson,D,H,0.4814058225368913,0.2413177948010032,0.2772763826621054
2020-21,2021-02-13,Crystal Palace,Burnley,1,2020-21,Independent Poisson,A,H,0.4823417601533698,0.2526397654395121,0.2650184744071181
2020-21,2021-02-13,Leicester,Liverpool,1,2020-21,Independent Poisson,H,H,0.3981641647343541,0.2559899977187557,0.3458458375468899
2020-21,2021-02-13,Man City,Tottenham,1,2020-21,Independent Poisson,H,H,0.7237905000442313,0.1734070024756675,0.1028024974801011
2020-21,2021-02-14,Arsenal,Leeds,1,2020-21,Independent Poisson,H,H,0.5775465521078883,0.2201713834518066,0.2022820644403049
2020-21,2021-02-14,Everton,Fulham,1,2020-21,Independent Poisson,A,H,0.6116358403276414,0.241846081927561,0.1465180777447978
2020-21,2021-02-14,Southampton,Wolves,1,2020-21,Independent Poisson,A,H,0.4761446319813582,0.2630768524600088,0.2607785155586329
2020-21,2021-02-14,West Brom,Man United,1,2020-21,Independent Poisson,D,A,0.0941222478687883,0.1646236191737387,0.7412541329574729
2020-21,2021-02-15,Chelsea,Newcastle,1,2020-21,Independent Poisson,H,H,0.7330790731177996,0.1728756310718123,0.0940452958103879
2020-21,2021-02-15,West Ham,Sheffield United,1,2020-21,Independent Poisson,H,H,0.6708542827944575,0.2045740226288903,0.1245716945766521
2020-21,2021-02-17,Burnley,Fulham,1,2020-21,Independent Poisson,D,H,0.3992459268605566,0.2688442449183885,0.3319098282210548
2020-21,2021-02-17,Everton,Man City,1,2020-21,Independent Poisson,A,A,0.2751256094757734,0.279375583071009,0.4454988074532176
2020-21,2021-02-19,Wolves,Leeds,1,2020-21,Independent Poisson,H,H,0.495592328851256,0.2330486929945565,0.2713589781541872
2020-21,2021-02-20,Burnley,West Brom,1,2020-21,Independent Poisson,D,H,0.7032592190677329,0.1903566361613739,0.1063841447708931
2020-21,2021-02-20,Fulham,Sheffield United,1,2020-21,Independent Poisson,H,H,0.6154504644868135,0.2393225253378218,0.1452270101753643
2020-21,2021-02-20,Liverpool,Everton,1,2020-21,Independent Poisson,A,H,0.8095438716781822,0.1273481515764196,0.0631079767453981
2020-21,2021-02-20,Southampton,Chelsea,1,2020-21,Independent Poisson,D,A,0.3281699026121604,0.2843517570082116,0.3874783403796278
2020-21,2021-02-21,Arsenal,Man City,1,2020-21,Independent Poisson,A,A,0.2099240098264057,0.226302893094626,0.5637730970789682
2020-21,2021-02-21,Aston Villa,Leicester,1,2020-21,Independent Poisson,A,A,0.2526726955953891,0.2863400446928201,0.4609872597117906
2020-21,2021-02-21,Man United,Newcastle,1,2020-21,Independent Poisson,H,H,0.8104560818528925,0.1361737292278884,0.0533701889192189
2020-21,2021-02-21,West Ham,Tottenham,1,2020-21,Independent Poisson,H,H,0.5653464186441299,0.226133057553984,0.208520523801886
2020-21,2021-02-22,Brighton,Crystal Palace,1,2020-21,Independent Poisson,A,H,0.4875575107072672,0.2575919881863146,0.254850501106418
2020-21,2021-02-23,Leeds,Southampton,1,2020-21,Independent Poisson,H,H,0.3866394514978399,0.2619052051004991,0.3514553434016609
2020-21,2021-02-27,Leeds,Aston Villa,1,2020-21,Independent Poisson,A,H,0.5019532548162234,0.2508733005789868,0.2471734446047896
2020-21,2021-02-27,Man City,West Ham,1,2020-21,Independent Poisson,H,H,0.6753263165210461,0.1957701448822855,0.1289035385966682
2020-21,2021-02-27,Newcastle,Wolves,1,2020-21,Independent Poisson,D,A,0.3041809358970447,0.2534118099204505,0.4424072541825048
2020-21,2021-02-27,West Brom,Brighton,1,2020-21,Independent Poisson,H,H,0.3667930277319119,0.2747902888615351,0.3584166834065528
2020-21,2021-02-28,Chelsea,Man United,1,2020-21,Independent Poisson,D,A,0.2919478051885735,0.2571380741393543,0.4509141206720721
2020-21,2021-02-28,Crystal Palace,Fulham,1,2020-21,Independent Poisson,D,H,0.4520734114433831,0.2715210788821006,0.2764055096745162
2020-21,2021-02-28,Leicester,Arsenal,1,2020-21,Independent Poisson,A,H,0.6325268812628617,0.2086209987482125,0.1588521199889256
2020-21,2021-02-28,Sheffield United,Liverpool,1,2020-21,Independent Poisson,A,A,0.2151489175494396,0.2179897927953414,0.5668612896552189
2020-21,2021-02-28,Tottenham,Burnley,1,2020-21,Independent Poisson,H,H,0.6086534967412798,0.2387189010030683,0.152627602255652
2020-21,2021-03-01,Everton,Southampton,1,2020-21,Independent Poisson,H,H,0.6313009798543826,0.239640384204432,0.1290586359411855
2020-21,2021-03-02,Man City,Wolves,1,2020-21,Independent Poisson,H,H,0.7960500156458685,0.1299015124125635,0.0740484719415678
2020-21,2021-03-03,Burnley,Leicester,1,2020-21,Independent Poisson,D,A,0.2758625317307475,0.2491612179578711,0.4749762503113814
2020-21,2021-03-03,Crystal Palace,Man United,1,2020-21,Independent Poisson,D,A,0.1008227084518079,0.1710123048995993,0.7281649866485929
2020-21,2021-03-03,Sheffield United,Aston Villa,1,2020-21,Independent Poisson,H,H,0.5623451440723354,0.231416314305748,0.2062385416219164
2020-21,2021-03-04,Fulham,Tottenham,1,2020-21,Independent Poisson,A,A,0.3091025055217703,0.2584358201902377,0.4324616742879918
2020-21,2021-03-04,Liverpool,Chelsea,1,2020-21,Independent Poisson,A,H,0.7501470479003955,0.1625792211508396,0.0872737309487647
2020-21,2021-03-04,West Brom,Everton,1,2020-21,Independent Poisson,A,A,0.2081800989068081,0.2212080276837791,0.5706118734094128
2020-21,2021-03-06,Aston Villa,Wolves,1,2020-21,Independent Poisson,D,H,0.3742480424158423,0.3029022917044536,0.3228496658797043
2020-21,2021-03-06,Brighton,Leicester,1,2020-21,Independent Poisson,A,A,0.181022756138511,0.2337936558715498,0.5851835879899391
2020-21,2021-03-06,Burnley,Arsenal,1,2020-21,Independent Poisson,D,H,0.4927316868472835,0.2418261938627258,0.2654421192899905
2020-21,2021-03-06,Sheffield United,Southampton,1,2020-21,Independent Poisson,A,H,0.4661883900030302,0.2514937195763395,0.2823178904206304
2020-21,2021-03-07,Liverpool,Fulham,1,2020-21,Independent Poisson,A,H,0.8089130561899099,0.1399771682621007,0.0511097755479893
2020-21,2021-03-07,Man City,Man United,1,2020-21,Independent Poisson,A,H,0.6027286478416873,0.2206623045374728,0.1766090476208397
2020-21,2021-03-07,Tottenham,Crystal Palace,1,2020-21,Independent Poisson,H,H,0.6808192656188694,0.2084971668056385,0.110683567575492
2020-21,2021-03-07,West Brom,Newcastle,1,2020-21,Independent Poisson,D,H,0.4765111315634238,0.2600341398147469,0.2634547286218294
2020-21,2021-03-08,Chelsea,Everton,1,2020-21,Independent Poisson,H,H,0.6697133514742876,0.1916316970105378,0.1386549515151746
2020-21,2021-03-08,West Ham,Leeds,1,2020-21,Independent Poisson,H,H,0.4843649661557665,0.2568515958409075,0.2587834380033261
2020-21,2021-03-10,Man City,Southampton,1,2020-21,Independent Poisson,H,H,0.9209885543109896,0.0578985073820061,0.0211129383070041
2020-21,2021-03-12,Newcastle,Aston Villa,1,2020-21,Independent Poisson,D,H,0.4877854581416785,0.2593316379611309,0.2528829038971904
2020-21,2021-03-13,Crystal Palace,West Brom,1,2020-21,Independent Poisson,H,H,0.5444154852443588,0.2496243084925101,0.2059602062631311
2020-21,2021-03-13,Everton,Burnley,1,2020-21,Independent Poisson,A,H,0.5918171883499903,0.243324831094115,0.1648579805558946
2020-21,2021-03-13,Fulham,Man City,1,2020-21,Independent Poisson,A,A,0.0990636751382142,0.1753077141244726,0.7256286107373133
2020-21,2021-03-13,Leeds,Chelsea,1,2020-21,Independent Poisson,D,A,0.2772275593865266,0.2880142919119159,0.4347581487015572
2020-21,2021-03-14,Arsenal,Tottenham,1,2020-21,Independent Poisson,H,H,0.4761285613924151,0.2711075360357797,0.2527639025718051
2020-21,2021-03-14,Leicester,Sheffield United,1,2020-21,Independent Poisson,H,H,0.8146673712772585,0.131581886270396,0.0537507424523456
2020-21,2021-03-14,Man United,West Ham,1,2020-21,Independent Poisson,H,H,0.6947429822210149,0.1742482313246335,0.1310087864543515
2020-21,2021-03-14,Southampton,Brighton,1,2020-21,Independent Poisson,A,H,0.4910383406457217,0.2459438352593775,0.2630178240949006
2020-21,2021-03-15,Wolves,Liverpool,1,2020-21,Independent Poisson,A,H,0.4024293822175702,0.2475437517656818,0.350026866016748
2020-21,2021-03-19,Fulham,Leeds,1,2020-21,Independent Poisson,A,H,0.4061065800793194,0.2479383870287852,0.3459550328918954
2020-21,2021-03-20,Brighton,Newcastle,1,2020-21,Independent Poisson,H,H,0.4940407322401136,0.2564817753410831,0.2494774924188031
2020-21,2021-03-21,Aston Villa,Tottenham,1,2020-21,Independent Poisson,A,A,0.3423729824188801,0.3115542572112014,0.3460727603699184
2020-21,2021-03-21,West Ham,Arsenal,1,2020-21,Independent Poisson,D,H,0.4165847054626421,0.2655704925250862,0.3178448020122716
2020-21,2021-04-03,Arsenal,Liverpool,1,2020-21,Independent Poisson,A,H,0.453510021678969,0.2455487036983582,0.3009412746226727
2020-21,2021-04-03,Chelsea,West Brom,1,2020-21,Independent Poisson,A,H,0.8234433023203289,0.1255283375543289,0.0510283601253421
2020-21,2021-04-03,Leeds,Sheffield United,1,2020-21,Independent Poisson,H,H,0.6423973035019005,0.220854221633722,0.1367484748643773
2020-21,2021-04-03,Leicester,Man City,1,2020-21,Independent Poisson,A,A,0.3314863658388008,0.2802133067325125,0.3883003274286867
2020-21,2021-04-04,Aston Villa,Fulham,1,2020-21,Independent Poisson,H,H,0.5139147033886367,0.2759061036935523,0.2101791929178109
2020-21,2021-04-04,Man United,Brighton,1,2020-21,Independent Poisson,H,H,0.7535093683097623,0.1640407710053956,0.082449860684842
2020-21,2021-04-04,Newcastle,Tottenham,1,2020-21,Independent Poisson,D,A,0.2803076657137373,0.2684727262049191,0.4512196080813436
2020-21,2021-04-04,Southampton,Burnley,1,2020-21,Independent Poisson,H,H,0.51150088533204,0.2606853336276931,0.227813781040267
2020-21,2021-04-05,Everton,Crystal Palace,1,2020-21,Independent Poisson,D,H,0.5213809179249649,0.2782927219435031,0.200326360131532
2020-21,2021-04-05,Wolves,West Ham,1,2020-21,Independent Poisson,A,H,0.4420222999533596,0.2660708165655419,0.2919068834810984
2020-21,2021-04-09,Fulham,Wolves,1,2020-21,Independent Poisson,A,H,0.3770013503545873,0.2516353980744664,0.3713632515709461
2020-21,2021-04-10,Crystal Palace,Chelsea,1,2020-21,Independent Poisson,A,A,0.2780541305099633,0.258283119675657,0.4636627498143796
2020-21,2021-04-10,Liverpool,Aston Villa,1,2020-21,Independent Poisson,H,H,0.781497144133556,0.1545650788616505,0.0639377770047935
2020-21,2021-04-10,Man City,Leeds,1,2020-21,Independent Poisson,A,H,0.91645660890511,0.0599300674809496,0.0236133236139401
2020-21,2021-04-11,Burnley,Newcastle,1,2020-21,Independent Poisson,A,H,0.5420039591422392,0.2385503234849257,0.2194457173728352
2020-21,2021-04-11,Sheffield United,Arsenal,1,2020-21,Independent Poisson,A,A,0.245155591705411,0.227790172719196,0.5270542355753931
2020-21,2021-04-11,Tottenham,Man United,1,2020-21,Independent Poisson,A,A,0.3557022734447164,0.2671779268103372,0.3771197997449466
2020-21,2021-04-11,West Ham,Leicester,1,2020-21,Independent Poisson,H,H,0.3890314633098559,0.2606222462629816,0.3503462904271625
2020-21,2021-04-12,Brighton,Everton,1,2020-21,Independent Poisson,D,H,0.418390224870279,0.252415566586309,0.3291942085434122
2020-21,2021-04-12,West Brom,Southampton,1,2020-21,Independent Poisson,H,A,0.306568100319698,0.260153698463094,0.4332782012172079
2020-21,2021-04-16,Everton,Tottenham,1,2020-21,Independent Poisson,D,H,0.4027441903295928,0.2982883273587758,0.2989674823116313
2020-21,2021-04-17,Newcastle,West Ham,1,2020-21,Independent Poisson,H,A,0.2397609375654301,0.2442136438157224,0.5160254186188473
2020-21,2021-04-17,Wolves,Sheffield United,1,2020-21,Independent Poisson,H,H,0.702720989952819,0.1908142350934511,0.10646477495373
2020-21,2021-04-18,Arsenal,Fulham,1,2020-21,Independent Poisson,D,H,0.7031271013937254,0.1981083168839202,0.0987645817223546
2020-21,2021-04-18,Man United,Burnley,1,2020-21,Independent Poisson,H,H,0.7499021885188958,0.1584551317082893,0.091642679772815
2020-21,2021-04-19,Leeds,Liverpool,1,2020-21,Independent Poisson,D,A,0.2719656730659859,0.2477330646127221,0.480301262321292
2020-21,2021-04-20,Chelsea,Brighton,1,2020-21,Independent Poisson,D,H,0.7062158476310381,0.1795458307505704,0.1142383216183914
2020-21,2021-04-21,Aston Villa,Man City,1,2020-21,Independent Poisson,A,A,0.1775662841350064,0.2343480702781293,0.5880856455868644
2020-21,2021-04-21,Tottenham,Southampton,1,2020-21,Independent Poisson,H,H,0.7026589370439149,0.1779177085554605,0.1194233544006246
2020-21,2021-04-22,Leicester,West Brom,1,2020-21,Independent Poisson,H,H,0.7535733081070608,0.1673108959757231,0.0791157959172162
2020-21,2021-04-23,Arsenal,Everton,1,2020-21,Independent Poisson,A,H,0.5932403185517816,0.2198389210826493,0.186920760365569
2020-21,2021-04-24,Liverpool,Newcastle,1,2020-21,Independent Poisson,D,H,0.7562043910859395,0.1667919166242883,0.0770036922897721
2020-21,2021-04-24,Sheffield United,Brighton,1,2020-21,Independent Poisson,H,A,0.3303543841483375,0.2709175774816245,0.3987280383700381
2020-21,2021-04-24,West Ham,Chelsea,1,2020-21,Independent Poisson,A,A,0.372465352976029,0.2531385864410396,0.3743960605829313
2020-21,2021-04-25,Aston Villa,West Brom,1,2020-21,Independent Poisson,D,H,0.5012552751578303,0.2720046489320948,0.2267400759100749
2020-21,2021-04-25,Leeds,Man United,1,2020-21,Independent Poisson,D,A,0.1985643742190777,0.2474261547293609,0.5540094710515613
2020-21,2021-04-25,Wolves,Burnley,1,2020-21,Independent Poisson,A,H,0.5073632638741497,0.2564175305706283,0.236219205555222
2020-21,2021-04-26,Leicester,Crystal Palace,1,2020-21,Independent Poisson,H,H,0.7252489738110226,0.1660324449148359,0.1087185812741412
2020-21,2021-04-30,Southampton,Leicester,1,2020-21,Independent Poisson,D,A,0.218861944132868,0.263686267682602,0.5174517881845297
2020-21,2021-05-01,Brighton,Leeds,1,2020-21,Independent Poisson,H,H,0.4114383842826052,0.2704130278530322,0.3181485878643625
2020-21,2021-05-01,Chelsea,Fulham,1,2020-21,Independent Poisson,H,H,0.7926906412520742,0.1393853273770413,0.0679240313708844
2020-21,2021-05-01,Crystal Palace,Man City,1,2020-21,Independent Poisson,A,A,0.1304213739268847,0.2006202471220958,0.6689583789510195
2020-21,2021-05-01,Everton,Aston Villa,1,2020-21,Independent Poisson,A,H,0.5740071833771135,0.2483783398417083,0.1776144767811783
2020-21,2021-05-02,Newcastle,Arsenal,1,2020-21,Independent Poisson,A,A,0.3009007476552553,0.2249210830605715,0.4741781692841732
2020-21,2021-05-02,Tottenham,Sheffield United,1,2020-21,Independent Poisson,H,H,0.804904283258214,0.1339505390408243,0.0611451777009615
2020-21,2021-05-03,Burnley,West Ham,1,2020-21,Independent Poisson,A,H,0.4066606953330191,0.2566116456035187,0.3367276590634621
2020-21,2021-05-03,West Brom,Wolves,1,2020-21,Independent Poisson,D,A,0.2645857599556029,0.2412267468118463,0.4941874932325505
2020-21,2021-05-07,Leicester,Newcastle,1,2020-21,Independent Poisson,A,H,0.6630323855019644,0.2102152874587319,0.1267523270393038
2020-21,2021-05-08,Leeds,Tottenham,1,2020-21,Independent Poisson,H,A,0.3148117249417037,0.2505764207925314,0.4346118542657647
2020-21,2021-05-08,Liverpool,Southampton,1,2020-21,Independent Poisson,H,H,0.7924653008562841,0.1433249041091618,0.0642097950345541
2020-21,2021-05-08,Man City,Chelsea,1,2020-21,Independent Poisson,A,H,0.7269368529525355,0.1764855616403514,0.0965775854071132
2020-21,2021-05-08,Sheffield United,Crystal Palace,1,2020-21,Independent Poisson,A,A,0.3472412977702468,0.2508644389762373,0.4018942632535159
2020-21,2021-05-09,Arsenal,West Brom,1,2020-21,Independent Poisson,H,H,0.6138141233137149,0.2384003471184569,0.1477855295678283
2020-21,2021-05-09,Aston Villa,Man United,1,2020-21,Independent Poisson,A,A,0.2433446327748556,0.2345786524826267,0.5220767147425176
2020-21,2021-05-09,West Ham,Everton,1,2020-21,Independent Poisson,A,H,0.6056960155389601,0.2130562735750908,0.181247710885949
2020-21,2021-05-09,Wolves,Brighton,1,2020-21,Independent Poisson,H,H,0.4839179875554476,0.2477007672386345,0.2683812452059179
2020-21,2021-05-10,Fulham,Burnley,1,2020-21,Independent Poisson,A,H,0.3915259401009001,0.2735241443450951,0.3349499155540048
2020-21,2021-05-11,Man United,Leicester,1,2020-21,Independent Poisson,A,H,0.6800866389428053,0.1998399933230729,0.1200733677341219
2020-21,2021-05-11,Southampton,Crystal Palace,1,2020-21,Independent Poisson,H,H,0.4342351933104195,0.2509648908138858,0.3147999158756944
2020-21,2021-05-12,Chelsea,Arsenal,1,2020-21,Independent Poisson,A,H,0.5169468539750182,0.2384933800073926,0.244559766017589
2020-21,2021-05-13,Aston Villa,Everton,1,2020-21,Independent Poisson,D,H,0.5144558755783677,0.2565068703059139,0.2290372541157182
2020-21,2021-05-13,Man United,Liverpool,1,2020-21,Independent Poisson,A,H,0.6726585663561634,0.1859103400082404,0.141431093635596
2020-21,2021-05-14,Newcastle,Man City,1,2020-21,Independent Poisson,A,A,0.1517257144268683,0.1951659692669794,0.653108316306152
2020-21,2021-05-15,Brighton,West Ham,1,2020-21,Independent Poisson,D,A,0.3611124544796182,0.2591662491194725,0.3797212964009091
2020-21,2021-05-15,Burnley,Leeds,1,2020-21,Independent Poisson,A,H,0.4667252712402173,0.2686510687094006,0.264623660050382
2020-21,2021-05-15,Southampton,Fulham,1,2020-21,Independent Poisson,H,H,0.498341854283971,0.2532790435685116,0.2483791021475173
2020-21,2021-05-16,Crystal Palace,Aston Villa,1,2020-21,Independent Poisson,H,A,0.3227142448876249,0.265352887987246,0.4119328671251291
2020-21,2021-05-16,Everton,Sheffield United,1,2020-21,Independent Poisson,A,H,0.7791256379394801,0.1551912409137167,0.0656831211468032
2020-21,2021-05-16,Tottenham,Wolves,1,2020-21,Independent Poisson,H,H,0.5942346882900829,0.2182533558678563,0.1875119558420607
2020-21,2021-05-16,West Brom,Liverpool,1,2020-21,Independent Poisson,A,A,0.0937099031968733,0.148589558132045,0.7577005386710816
2020-21,2021-05-18,Brighton,Man City,1,2020-21,Independent Poisson,H,A,0.2264831958987295,0.2315853767441129,0.5419314273571575
2020-21,2021-05-18,Chelsea,Leicester,1,2020-21,Independent Poisson,H,H,0.5076955060319182,0.2546088736711449,0.2376956202969367
2020-21,2021-05-18,Man United,Fulham,1,2020-21,Independent Poisson,D,H,0.8093781473466113,0.1296413686688872,0.0609804839845015
2020-21,2021-05-18,Southampton,Leeds,1,2020-21,Independent Poisson,A,A,0.33636965655051,0.2580434329620645,0.4055869104874254
2020-21,2021-05-19,Burnley,Liverpool,1,2020-21,Independent Poisson,A,A,0.1880982914925719,0.2171641339294116,0.5947375745780162
2020-21,2021-05-19,Crystal Palace,Arsenal,1,2020-21,Independent Poisson,A,A,0.3548418000407395,0.2664161069699186,0.3787420929893418
2020-21,2021-05-19,Everton,Wolves,1,2020-21,Independent Poisson,H,H,0.4959280186205825,0.2604208173585173,0.2436511640209001
2020-21,2021-05-19,Newcastle,Sheffield United,1,2020-21,Independent Poisson,H,H,0.5157658986349907,0.2457619146940358,0.2384721866709736
2020-21,2021-05-19,Tottenham,Aston Villa,1,2020-21,Independent Poisson,A,H,0.704564143714167,0.1771808576806361,0.1182549986051968
2020-21,2021-05-19,West Brom,West Ham,1,2020-21,Independent Poisson,A,H,0.4011053406439741,0.2669898117463284,0.3319048476096974
2020-21,2021-05-23,Arsenal,Brighton,1,2020-21,Independent Poisson,H,H,0.5627362584896274,0.2421161275317913,0.1951476139785812
2020-21,2021-05-23,Aston Villa,Chelsea,1,2020-21,Independent Poisson,H,A,0.2648051184258601,0.2362586696762913,0.4989362118978487
2020-21,2021-05-23,Fulham,Newcastle,1,2020-21,Independent Poisson,A,H,0.3695520451848324,0.2713827018512447,0.3590652529639229
2020-21,2021-05-23,Leeds,West Brom,1,2020-21,Independent Poisson,H,H,0.5844455910773247,0.2392198535791159,0.1763345553435593
2020-21,2021-05-23,Leicester,Tottenham,1,2020-21,Independent Poisson,A,H,0.4952161365107291,0.2496028758513964,0.2551809876378743
2020-21,2021-05-23,Liverpool,Crystal Palace,1,2020-21,Independent Poisson,H,H,0.7867635337306627,0.1433793276517471,0.0698571386175902
2020-21,2021-05-23,Man City,Everton,1,2020-21,Independent Poisson,H,H,0.8727792593906964,0.0962814593750044,0.030939281234299
2020-21,2021-05-23,Sheffield United,Burnley,1,2020-21,Independent Poisson,H,A,0.3032345275992972,0.262757891266978,0.4340075811337247
2020-21,2021-05-23,West Ham,Southampton,1,2020-21,Independent Poisson,H,H,0.5844802218395788,0.2296439826263959,0.1858757955340252
2020-21,2021-05-23,Wolves,Man United,1,2020-21,Independent Poisson,A,A,0.2556314595980834,0.2506096963535228,0.493758844048394
2021-22,2021-08-13,Brentford,Arsenal,2,2021-22,Independent Poisson,H,A,0.2790291873343766,0.2236304854897817,0.4973403271758416
2021-22,2021-08-14,Burnley,Brighton,2,2021-22,Independent Poisson,A,H,0.4063257446543319,0.2560956009875924,0.3375786543580757
2021-22,2021-08-14,Chelsea,Crystal Palace,2,2021-22,Independent Poisson,H,H,0.6221283443778529,0.2026896284253807,0.1751820271967661
2021-22,2021-08-14,Everton,Southampton,2,2021-22,Independent Poisson,H,H,0.5006519669450666,0.2484440334999413,0.250903999554992
2021-22,2021-08-14,Leicester,Wolves,2,2021-22,Independent Poisson,H,H,0.5212647374703454,0.2560245542293907,0.2227107083002636
2021-22,2021-08-14,Man United,Leeds,2,2021-22,Independent Poisson,H,H,0.5287078103034064,0.2266328546238005,0.2446593350727929
2021-22,2021-08-14,Norwich,Liverpool,2,2021-22,Independent Poisson,A,A,0.0873940361789452,0.1437731052280027,0.768832858593052
2021-22,2021-08-14,Watford,Aston Villa,2,2021-22,Independent Poisson,H,A,0.2416420516265232,0.2363876234268155,0.5219703249466612
2021-22,2021-08-15,Newcastle,West Ham,2,2021-22,Independent Poisson,A,A,0.3162434707761377,0.2492983494667044,0.4344581797571579
2021-22,2021-08-15,Tottenham,Man City,2,2021-22,Independent Poisson,H,A,0.2526648406088871,0.2200034256394064,0.5273317337517065
2021-22,2021-08-21,Aston Villa,Newcastle,2,2021-22,Independent Poisson,H,H,0.3861848545091577,0.2518540106992725,0.3619611347915697
2021-22,2021-08-21,Brighton,Watford,2,2021-22,Independent Poisson,H,H,0.4118270384115275,0.2614481867749587,0.3267247748135137
2021-22,2021-08-21,Crystal Palace,Brentford,2,2021-22,Independent Poisson,D,A,0.3402115186591579,0.2573046380293888,0.4024838433114533
2021-22,2021-08-21,Leeds,Everton,2,2021-22,Independent Poisson,D,A,0.343136200511122,0.2490885469468831,0.407775252541995
2021-22,2021-08-21,Liverpool,Burnley,2,2021-22,Independent Poisson,H,H,0.7465418623384988,0.1540202810036794,0.0994378566578216
2021-22,2021-08-21,Man City,Norwich,2,2021-22,Independent Poisson,H,H,0.8154754940785869,0.1277219617809858,0.0568025441404275
2021-22,2021-08-22,Arsenal,Chelsea,2,2021-22,Independent Poisson,A,A,0.3186054064833409,0.2431594918506836,0.4382351016659755
2021-22,2021-08-22,Southampton,Man United,2,2021-22,Independent Poisson,D,A,0.1840677694760579,0.2038100291882478,0.6121222013356942
2021-22,2021-08-22,Wolves,Tottenham,2,2021-22,Independent Poisson,A,A,0.2639372474038122,0.2233858759123924,0.5126768766837955
2021-22,2021-08-23,West Ham,Leicester,2,2021-22,Independent Poisson,H,H,0.4002744009259218,0.2470233493233392,0.3527022497507389
2021-22,2021-08-28,Aston Villa,Brentford,2,2021-22,Independent Poisson,D,A,0.3433599688626081,0.2580255202407108,0.398614510896681
2021-22,2021-08-28,Brighton,Everton,2,2021-22,Independent Poisson,A,H,0.3940584022343101,0.2521185488921975,0.3538230488734922
2021-22,2021-08-28,Liverpool,Chelsea,2,2021-22,Independent Poisson,D,H,0.5323277376924758,0.2248422920703086,0.2428299702372155
2021-22,2021-08-28,Man City,Arsenal,2,2021-22,Independent Poisson,H,H,0.6352233248771211,0.2091179095522438,0.1556587655706351
2021-22,2021-08-28,Newcastle,Southampton,2,2021-22,Independent Poisson,D,A,0.3712332200905113,0.2567755117762658,0.3719912681332229
2021-22,2021-08-28,Norwich,Leicester,2,2021-22,Independent Poisson,A,A,0.1341385065800394,0.186276207548975,0.6795852858709855
2021-22,2021-08-28,West Ham,Crystal Palace,2,2021-22,Independent Poisson,D,H,0.6295862586851397,0.2041300602858489,0.1662836810290113
2021-22,2021-08-29,Burnley,Leeds,2,2021-22,Independent Poisson,D,A,0.3160573786682966,0.2569649963223649,0.4269776250093386
2021-22,2021-08-29,Tottenham,Watford,2,2021-22,Independent Poisson,H,H,0.6010210118079504,0.2094947859694764,0.189484202222573
2021-22,2021-08-29,Wolves,Man United,2,2021-22,Independent Poisson,A,A,0.1951013118510588,0.2193559032770237,0.5855427848719175
2021-22,2021-09-11,Arsenal,Norwich,2,2021-22,Independent Poisson,H,H,0.6381091651074859,0.2242440709949441,0.1376467638975697
2021-22,2021-09-11,Brentford,Brighton,2,2021-22,Independent Poisson,A,H,0.4078154948472998,0.266410916668516,0.3257735884841842
2021-22,2021-09-11,Chelsea,Aston Villa,2,2021-22,Independent Poisson,H,H,0.6665942538716982,0.1878189915232032,0.1455867546050984
2021-22,2021-09-11,Crystal Palace,Tottenham,2,2021-22,Independent Poisson,H,A,0.203748583726631,0.2135974107495197,0.5826540055238494
2021-22,2021-09-11,Leicester,Man City,2,2021-22,Independent Poisson,A,A,0.2271082573138156,0.2264842934385689,0.5464074492476155
2021-22,2021-09-11,Man United,Newcastle,2,2021-22,Independent Poisson,H,H,0.7222506268791028,0.172472553814119,0.105276819306778
2021-22,2021-09-11,Southampton,West Ham,2,2021-22,Independent Poisson,D,A,0.2357452652081118,0.2281643354061382,0.5360903993857498
2021-22,2021-09-11,Watford,Wolves,2,2021-22,Independent Poisson,A,H,0.3747148556013012,0.2667903549501481,0.3584947894485507
2021-22,2021-09-12,Leeds,Liverpool,2,2021-22,Independent Poisson,A,A,0.1911792115609699,0.2020576752221787,0.6067631132168515
2021-22,2021-09-13,Everton,Burnley,2,2021-22,Independent Poisson,H,H,0.5469751942600755,0.2492507771083616,0.2037740286315628
2021-22,2021-09-17,Newcastle,Leeds,2,2021-22,Independent Poisson,D,A,0.2999643295106681,0.25825987731137,0.4417757931779617
2021-22,2021-09-18,Aston Villa,Everton,2,2021-22,Independent Poisson,H,A,0.2532364738905895,0.2357479362256918,0.5110155898837189
2021-22,2021-09-18,Burnley,Arsenal,2,2021-22,Independent Poisson,A,A,0.2629104157586571,0.2482140130485333,0.4888755711928095
2021-22,2021-09-18,Liverpool,Crystal Palace,2,2021-22,Independent Poisson,H,H,0.7414870942519959,0.1536757924054376,0.1048371133425665
2021-22,2021-09-18,Man City,Southampton,2,2021-22,Independent Poisson,D,H,0.7559201893087921,0.1488484191978994,0.0952313914933085
2021-22,2021-09-18,Norwich,Watford,2,2021-22,Independent Poisson,A,A,0.2343110729160343,0.2506083222075072,0.5150806048764587
2021-22,2021-09-18,Wolves,Brentford,2,2021-22,Independent Poisson,A,H,0.3740549525471807,0.2570889979908947,0.3688560494619245
2021-22,2021-09-19,Brighton,Leicester,2,2021-22,Independent Poisson,H,A,0.3498731470622951,0.2406641725435218,0.4094626803941831
2021-22,2021-09-19,Tottenham,Chelsea,2,2021-22,Independent Poisson,A,A,0.3180145187789188,0.251750762411784,0.430234718809297
2021-22,2021-09-19,West Ham,Man United,2,2021-22,Independent Poisson,A,A,0.2819757207449894,0.2418463842110302,0.4761778950439804
2021-22,2021-09-25,Brentford,Liverpool,2,2021-22,Independent Poisson,D,A,0.130499468132003,0.1968378052236176,0.6726627266443792
2021-22,2021-09-25,Chelsea,Man City,2,2021-22,Independent Poisson,A,A,0.3394223805943119,0.2475635138551337,0.4130141055505544
2021-22,2021-09-25,Everton,Norwich,2,2021-22,Independent Poisson,H,H,0.7759598313224789,0.1555610935173938,0.0684790751601271
2021-22,2021-09-25,Leeds,West Ham,2,2021-22,Independent Poisson,A,A,0.3360424762263029,0.2583346646365509,0.4056228591371463
2021-22,2021-09-25,Leicester,Burnley,2,2021-22,Independent Poisson,D,H,0.5860691067110907,0.231179550993233,0.1827513422956763
2021-22,2021-09-25,Man United,Aston Villa,2,2021-22,Independent Poisson,A,H,0.6804819428943736,0.1980775390738754,0.1214405180317509
2021-22,2021-09-25,Watford,Newcastle,2,2021-22,Independent Poisson,D,H,0.4612385050971275,0.2677425474343025,0.2710189474685698
2021-22,2021-09-26,Arsenal,Tottenham,2,2021-22,Independent Poisson,H,H,0.4772051153516127,0.2405787302368024,0.2822161544115848
2021-22,2021-09-26,Southampton,Wolves,2,2021-22,Independent Poisson,A,H,0.4443041666475726,0.2609655100597809,0.2947303232926465
2021-22,2021-09-27,Crystal Palace,Brighton,2,2021-22,Independent Poisson,D,H,0.4184940156598518,0.2590237517880709,0.3224822325520773
2021-22,2021-10-02,Brighton,Arsenal,2,2021-22,Independent Poisson,D,H,0.4149408153161136,0.2623600179773949,0.3226991667064915
2021-22,2021-10-02,Burnley,Norwich,2,2021-22,Independent Poisson,D,H,0.6454169698523502,0.2241742032784948,0.1304088268691548
2021-22,2021-10-02,Chelsea,Southampton,2,2021-22,Independent Poisson,H,H,0.7094262201923002,0.1823723647284373,0.1082014150792625
2021-22,2021-10-02,Leeds,Watford,2,2021-22,Independent Poisson,H,H,0.5385925970939516,0.2430497504284413,0.2183576524776072
2021-22,2021-10-02,Man United,Everton,2,2021-22,Independent Poisson,D,H,0.624756908324972,0.2106980113930421,0.1645450802819857
2021-22,2021-10-02,Wolves,Newcastle,2,2021-22,Independent Poisson,H,H,0.4336034175317504,0.2593192439335913,0.3070773385346582
2021-22,2021-10-03,Crystal Palace,Leicester,2,2021-22,Independent Poisson,D,H,0.3690864362768608,0.2686879055644263,0.362225658158713
2021-22,2021-10-03,Liverpool,Man City,2,2021-22,Independent Poisson,D,H,0.4442779563574882,0.2467718477555968,0.308950195886915
2021-22,2021-10-03,Tottenham,Aston Villa,2,2021-22,Independent Poisson,H,H,0.466989808273097,0.2437372550527606,0.2892729366741424
2021-22,2021-10-03,West Ham,Brentford,2,2021-22,Independent Poisson,A,H,0.5242547243491478,0.2496110848542314,0.2261341907966205
2021-22,2021-10-16,Aston Villa,Wolves,2,2021-22,Independent Poisson,A,H,0.4279222730997108,0.2631430493748559,0.3089346775254332
2021-22,2021-10-16,Brentford,Chelsea,2,2021-22,Independent Poisson,A,A,0.2240481907227475,0.2388102275830056,0.5371415816942469
2021-22,2021-10-16,Leicester,Man United,2,2021-22,Independent Poisson,H,A,0.2740831322740405,0.2489600861142376,0.4769567816117219
2021-22,2021-10-16,Man City,Burnley,2,2021-22,Independent Poisson,H,H,0.8535661981156949,0.1061484813649875,0.0402853205193175
2021-22,2021-10-16,Norwich,Brighton,2,2021-22,Independent Poisson,D,A,0.2409182940657841,0.2512518935670167,0.5078298123671992
2021-22,2021-10-16,Southampton,Leeds,2,2021-22,Independent Poisson,H,H,0.3849377923170025,0.2701624683799233,0.3448997393030743
2021-22,2021-10-16,Watford,Liverpool,2,2021-22,Independent Poisson,A,A,0.0930753980304625,0.1567931083249903,0.7501314936445471
2021-22,2021-10-17,Everton,West Ham,2,2021-22,Independent Poisson,A,H,0.4611127922098457,0.2652928930510376,0.2735943147391168
2021-22,2021-10-17,Newcastle,Tottenham,2,2021-22,Independent Poisson,A,H,0.4143456438632298,0.2708537851427668,0.3148005709940035
2021-22,2021-10-18,Arsenal,Crystal Palace,2,2021-22,Independent Poisson,D,H,0.5044783774491693,0.2457301584549485,0.2497914640958822
2021-22,2021-10-22,Arsenal,Aston Villa,2,2021-22,Independent Poisson,H,H,0.4736301183957238,0.2483035157987212,0.2780663658055549
2021-22,2021-10-23,Brighton,Man City,2,2021-22,Independent Poisson,A,A,0.2108581915207847,0.2290734321801893,0.560068376299026
2021-22,2021-10-23,Chelsea,Norwich,2,2021-22,Independent Poisson,H,H,0.8581807177856535,0.1041262752808379,0.0376930069335086
2021-22,2021-10-23,Crystal Palace,Newcastle,2,2021-22,Independent Poisson,D,H,0.4878614812086667,0.2648493880564501,0.2472891307348833
2021-22,2021-10-23,Everton,Watford,2,2021-22,Independent Poisson,A,H,0.60239055713491,0.2295282026996895,0.1680812401654003
2021-22,2021-10-23,Leeds,Wolves,2,2021-22,Independent Poisson,D,H,0.3731418395376302,0.2548990662699725,0.3719590941923971
2021-22,2021-10-23,Southampton,Burnley,2,2021-22,Independent Poisson,D,H,0.4657503599337618,0.2662472643143597,0.2680023757518783
2021-22,2021-10-24,Brentford,Leicester,2,2021-22,Independent Poisson,A,A,0.3659046876303545,0.2482324172240173,0.3858628951456284
2021-22,2021-10-24,Man United,Liverpool,2,2021-22,Independent Poisson,A,A,0.2621283774961498,0.2426602105631826,0.4952114119406674
2021-22,2021-10-24,West Ham,Tottenham,2,2021-22,Independent Poisson,H,H,0.49444404442482,0.2439325381283988,0.2616234174467811
2021-22,2021-10-30,Burnley,Brentford,2,2021-22,Independent Poisson,H,A,0.3431037780054051,0.2623502041880839,0.3945460178065108
2021-22,2021-10-30,Leicester,Arsenal,2,2021-22,Independent Poisson,A,H,0.4238263515921183,0.2757559977511958,0.3004176506566858
2021-22,2021-10-30,Liverpool,Brighton,2,2021-22,Independent Poisson,D,H,0.8333317242423339,0.1130325513868926,0.0536357243707736
2021-22,2021-10-30,Man City,Crystal Palace,2,2021-22,Independent Poisson,A,H,0.825987294308756,0.1194612200133792,0.0545514856778648
2021-22,2021-10-30,Newcastle,Chelsea,2,2021-22,Independent Poisson,A,A,0.1130847908784875,0.1790990897085392,0.7078161194129731
2021-22,2021-10-30,Tottenham,Man United,2,2021-22,Independent Poisson,A,H,0.4257907440117031,0.2433563677943626,0.3308528881939342
2021-22,2021-10-30,Watford,Southampton,2,2021-22,Independent Poisson,A,H,0.3810673383049923,0.2639323297405789,0.3550003319544288
2021-22,2021-10-31,Aston Villa,West Ham,2,2021-22,Independent Poisson,A,A,0.2795844644862746,0.2565998621260733,0.4638156733876521
2021-22,2021-10-31,Norwich,Leeds,2,2021-22,Independent Poisson,A,A,0.2466133430267177,0.2571585524066407,0.4962281045666415
2021-22,2021-11-01,Wolves,Everton,2,2021-22,Independent Poisson,H,H,0.4520089327385332,0.2515134038150837,0.2964776634463829
2021-22,2021-11-05,Southampton,Aston Villa,2,2021-22,Independent Poisson,H,H,0.4444025743169238,0.2562791523338452,0.299318273349231
2021-22,2021-11-06,Brentford,Norwich,2,2021-22,Independent Poisson,A,H,0.6925835393934092,0.2049507122563959,0.1024657483501947
2021-22,2021-11-06,Brighton,Newcastle,2,2021-22,Independent Poisson,D,H,0.5139034121596582,0.2707025573459192,0.2153940304944225
2021-22,2021-11-06,Chelsea,Burnley,2,2021-22,Independent Poisson,D,H,0.760074820648528,0.1619810661366334,0.0779441132148385
2021-22,2021-11-06,Crystal Palace,Wolves,2,2021-22,Independent Poisson,H,H,0.41909207577576,0.2585151391263103,0.3223927850979297
2021-22,2021-11-06,Man United,Man City,2,2021-22,Independent Poisson,A,A,0.3536990985258847,0.241505763566595,0.4047951379075201
2021-22,2021-11-07,Arsenal,Watford,2,2021-22,Independent Poisson,H,H,0.6607827762436912,0.2051626528911006,0.1340545708652083
2021-22,2021-11-07,Everton,Tottenham,2,2021-22,Independent Poisson,D,H,0.4709611043323484,0.2598731265269983,0.2691657691406534
2021-22,2021-11-07,Leeds,Leicester,2,2021-22,Independent Poisson,D,A,0.3362676429795879,0.2652692572451464,0.3984630997752659
2021-22,2021-11-07,West Ham,Liverpool,2,2021-22,Independent Poisson,H,A,0.2509961057766791,0.2300396384874435,0.5189642557358771
2021-22,2021-11-20,Aston Villa,Brighton,2,2021-22,Independent Poisson,H,H,0.3830340630909877,0.2661271995642394,0.350838737344773
2021-22,2021-11-20,Burnley,Crystal Palace,2,2021-22,Independent Poisson,D,A,0.3481069710047023,0.2848494769651219,0.3670435520301758
2021-22,2021-11-20,Leicester,Chelsea,2,2021-22,Independent Poisson,A,A,0.1902474037091819,0.2174046267208096,0.5923479695700085
2021-22,2021-11-20,Liverpool,Arsenal,2,2021-22,Independent Poisson,H,H,0.7110633689008685,0.1745267015901346,0.1144099295089966
2021-22,2021-11-20,Newcastle,Brentford,2,2021-22,Independent Poisson,D,H,0.4571100406298481,0.2609002663454357,0.281989693024716
2021-22,2021-11-20,Norwich,Southampton,2,2021-22,Independent Poisson,H,A,0.2448501855678042,0.2562440278572389,0.4989057865749569
2021-22,2021-11-20,Watford,Man United,2,2021-22,Independent Poisson,H,A,0.2297892920135382,0.2305465931119528,0.539664114874509
2021-22,2021-11-20,Wolves,West Ham,2,2021-22,Independent Poisson,H,A,0.2549907219765744,0.2639282359539492,0.4810810420694763
2021-22,2021-11-21,Man City,Everton,2,2021-22,Independent Poisson,H,H,0.7932438159546342,0.134636098244827,0.0721200858005389
2021-22,2021-11-21,Tottenham,Leeds,2,2021-22,Independent Poisson,H,H,0.3939912555762329,0.2827797632319253,0.3232289811918416
2021-22,2021-11-27,Arsenal,Newcastle,2,2021-22,Independent Poisson,H,H,0.5504202703819414,0.2442946451696486,0.2052850844484099
2021-22,2021-11-27,Brighton,Leeds,2,2021-22,Independent Poisson,D,H,0.413184791891169,0.2730146921761073,0.3138005159327235
2021-22,2021-11-27,Crystal Palace,Aston Villa,2,2021-22,Independent Poisson,A,H,0.4984413949919181,0.2582187986295208,0.2433398063785609
2021-22,2021-11-27,Liverpool,Southampton,2,2021-22,Independent Poisson,H,H,0.8262046108460591,0.1165369381335739,0.0572584510203669
2021-22,2021-11-27,Norwich,Wolves,2,2021-22,Independent Poisson,D,A,0.2139739532398826,0.2415120877455856,0.5445139590145316
2021-22,2021-11-28,Brentford,Everton,2,2021-22,Independent Poisson,H,H,0.4609367764054928,0.2492588096793366,0.2898044139151705
2021-22,2021-11-28,Chelsea,Man United,2,2021-22,Independent Poisson,D,H,0.7120315817818667,0.1752092749919405,0.1127591432261928
2021-22,2021-11-28,Leicester,Watford,2,2021-22,Independent Poisson,H,H,0.6126739996010218,0.2179083875023265,0.1694176128966518
2021-22,2021-11-28,Man City,West Ham,2,2021-22,Independent Poisson,H,H,0.629540820195633,0.2162389966541823,0.1542201831501845
2021-22,2021-11-30,Leeds,Crystal Palace,2,2021-22,Independent Poisson,H,A,0.3410713361653051,0.2589317866291436,0.3999968772055511
2021-22,2021-11-30,Newcastle,Norwich,2,2021-22,Independent Poisson,D,H,0.6820367938954962,0.2092631295199038,0.1087000765845999
2021-22,2021-12-01,Aston Villa,Man City,2,2021-22,Independent Poisson,A,A,0.0762540979273394,0.12946712812974,0.7942787739429205
2021-22,2021-12-01,Everton,Liverpool,2,2021-22,Independent Poisson,A,A,0.1497034877847496,0.1783924997766421,0.6719040124386082
2021-22,2021-12-01,Southampton,Leicester,2,2021-22,Independent Poisson,D,A,0.2117400927183588,0.2372155425617932,0.5510443647198479
2021-22,2021-12-01,Watford,Chelsea,2,2021-22,Independent Poisson,A,A,0.0849083130260059,0.1530179762141778,0.7620737107598161
2021-22,2021-12-01,West Ham,Brighton,2,2021-22,Independent Poisson,D,H,0.6868988476216447,0.1943495318019884,0.1187516205763668
2021-22,2021-12-01,Wolves,Burnley,2,2021-22,Independent Poisson,D,H,0.4254358072746929,0.2707644527427127,0.3037997399825943
2021-22,2021-12-02,Man United,Arsenal,2,2021-22,Independent Poisson,H,H,0.4794720125785035,0.2527476300970077,0.2677803573244887
2021-22,2021-12-02,Tottenham,Brentford,2,2021-22,Independent Poisson,H,H,0.4278200171949653,0.2666382519360687,0.3055417308689658
2021-22,2021-12-04,Newcastle,Burnley,2,2021-22,Independent Poisson,H,A,0.3383107425602331,0.2720472935305001,0.3896419639092668
2021-22,2021-12-04,Southampton,Brighton,2,2021-22,Independent Poisson,D,A,0.316282013229958,0.2674208076073895,0.4162971791626524
2021-22,2021-12-04,Watford,Man City,2,2021-22,Independent Poisson,A,A,0.0877751749773251,0.1513541555104827,0.7608706695121921
2021-22,2021-12-04,West Ham,Chelsea,2,2021-22,Independent Poisson,H,A,0.3366063049850156,0.2557373154532781,0.4076563795617062
2021-22,2021-12-04,Wolves,Liverpool,2,2021-22,Independent Poisson,A,A,0.0931763853401854,0.1503483969529121,0.7564752177069024
2021-22,2021-12-05,Aston Villa,Leicester,2,2021-22,Independent Poisson,H,A,0.3219578372927364,0.2551997415453016,0.4228424211619619
2021-22,2021-12-05,Leeds,Brentford,2,2021-22,Independent Poisson,D,A,0.301572280560892,0.2409964416773883,0.4574312777617197
2021-22,2021-12-05,Man United,Crystal Palace,2,2021-22,Independent Poisson,H,H,0.6268026604687792,0.2106086299527584,0.1625887095784624
2021-22,2021-12-05,Tottenham,Norwich,2,2021-22,Independent Poisson,H,H,0.6746349105753199,0.2174104545038733,0.107954634920807
2021-22,2021-12-06,Everton,Arsenal,2,2021-22,Independent Poisson,H,A,0.3377262070109464,0.2565782693052694,0.4056955236837842
2021-22,2021-12-10,Brentford,Watford,2,2021-22,Independent Poisson,H,H,0.5400477901805988,0.2410593842456991,0.2188928255737024
2021-22,2021-12-11,Arsenal,Southampton,2,2021-22,Independent Poisson,H,H,0.540899980031821,0.2433605364165607,0.215739483551618
2021-22,2021-12-11,Chelsea,Leeds,2,2021-22,Independent Poisson,H,H,0.7586787956613925,0.1542144107054597,0.0871067936331477
2021-22,2021-12-11,Liverpool,Aston Villa,2,2021-22,Independent Poisson,H,H,0.8484256334704455,0.1012023254787995,0.0503720410507549
2021-22,2021-12-11,Man City,Wolves,2,2021-22,Independent Poisson,H,H,0.7668730295637987,0.1490150413196116,0.0841119291165897
2021-22,2021-12-11,Norwich,Man United,2,2021-22,Independent Poisson,A,A,0.1430869716683644,0.1970055089116928,0.6599075194199426
2021-22,2021-12-12,Burnley,West Ham,2,2021-22,Independent Poisson,D,A,0.3487897943033929,0.2795808826695395,0.3716293230270675
2021-22,2021-12-12,Crystal Palace,Everton,2,2021-22,Independent Poisson,H,H,0.483548260176399,0.2490136622038267,0.2674380776197742
2021-22,2021-12-12,Leicester,Newcastle,2,2021-22,Independent Poisson,H,H,0.6171050641806888,0.2190801640155058,0.1638147718038056
2021-22,2021-12-14,Man City,Leeds,2,2021-22,Independent Poisson,H,H,0.7705455886735,0.1480331151619199,0.0814212961645803
2021-22,2021-12-14,Norwich,Aston Villa,2,2021-22,Independent Poisson,A,A,0.2396529064689632,0.2634643936303629,0.4968826999006738
2021-22,2021-12-15,Arsenal,West Ham,2,2021-22,Independent Poisson,H,A,0.3178027974396475,0.2497358327095202,0.4324613698508324
2021-22,2021-12-15,Brighton,Wolves,2,2021-22,Independent Poisson,A,H,0.4667168085969227,0.2653171970705795,0.2679659943324977
2021-22,2021-12-15,Crystal Palace,Southampton,2,2021-22,Independent Poisson,D,H,0.6263328116966854,0.2158662597816728,0.1578009285216417
2021-22,2021-12-16,Chelsea,Everton,2,2021-22,Independent Poisson,D,H,0.8329650168152651,0.1100161356833979,0.0570188475013369
2021-22,2021-12-16,Liverpool,Newcastle,2,2021-22,Independent Poisson,H,H,0.8720727723115003,0.0929074595123996,0.0350197681761002
2021-22,2021-12-18,Leeds,Arsenal,2,2021-22,Independent Poisson,A,A,0.1592211129933324,0.1998997825783295,0.640879104428338
2021-22,2021-12-19,Newcastle,Man City,2,2021-22,Independent Poisson,A,A,0.1014206413761399,0.1556673070644015,0.7429120515594586
2021-22,2021-12-19,Tottenham,Liverpool,2,2021-22,Independent Poisson,D,A,0.1709154276708187,0.2299197974895059,0.5991647748396753
2021-22,2021-12-19,Wolves,Chelsea,2,2021-22,Independent Poisson,D,A,0.1610312311829148,0.2160655145207478,0.6229032542963375
2021-22,2021-12-26,Aston Villa,Chelsea,2,2021-22,Independent Poisson,A,A,0.2545535168101125,0.2696652469777394,0.4757812362121479
2021-22,2021-12-26,Brighton,Brentford,2,2021-22,Independent Poisson,H,H,0.3944126530760813,0.2472167059473755,0.3583706409765432
2021-22,2021-12-26,Man City,Leicester,2,2021-22,Independent Poisson,H,H,0.685716221375084,0.1788406347214786,0.1354431439034373
2021-22,2021-12-26,Norwich,Arsenal,2,2021-22,Independent Poisson,A,A,0.1185034600697996,0.2105037594438767,0.6709927804863236
2021-22,2021-12-26,Tottenham,Crystal Palace,2,2021-22,Independent Poisson,H,H,0.4885026121980509,0.267171074764773,0.244326313037176
2021-22,2021-12-26,West Ham,Southampton,2,2021-22,Independent Poisson,A,H,0.6508147545314416,0.196502298065036,0.1526829474035224
2021-22,2021-12-27,Newcastle,Man United,2,2021-22,Independent Poisson,D,A,0.1988822637106851,0.1853016228230102,0.6158161134663047
2021-22,2021-12-28,Crystal Palace,Norwich,2,2021-22,Independent Poisson,H,H,0.6766494625718326,0.2030196571362426,0.1203308802919247
2021-22,2021-12-28,Leicester,Liverpool,2,2021-22,Independent Poisson,H,A,0.3190810435649298,0.266199780427683,0.4147191760073872
2021-22,2021-12-28,Southampton,Tottenham,2,2021-22,Independent Poisson,D,A,0.2455093378023604,0.2182100471729184,0.536280615024721
2021-22,2021-12-28,Watford,West Ham,2,2021-22,Independent Poisson,A,A,0.2962403510406923,0.2911068622186114,0.4126527867406963
2021-22,2021-12-29,Brentford,Man City,2,2021-22,Independent Poisson,A,A,0.0729293888547815,0.1496011637463405,0.7774694473988779
2021-22,2021-12-29,Chelsea,Brighton,2,2021-22,Independent Poisson,D,H,0.7656005502675141,0.1357811505662819,0.0986182991662037
2021-22,2021-12-30,Man United,Burnley,2,2021-22,Independent Poisson,H,H,0.670707691341751,0.1954169036998388,0.1338754049584102
2021-22,2022-01-01,Arsenal,Man City,2,2021-22,Independent Poisson,A,A,0.1154873653187429,0.1944911444822886,0.6900214901989685
2021-22,2022-01-01,Crystal Palace,West Ham,2,2021-22,Independent Poisson,A,A,0.3633256188054026,0.2508825407788125,0.3857918404157848
2021-22,2022-01-01,Watford,Tottenham,2,2021-22,Independent Poisson,A,A,0.2025660544015416,0.2412953870154409,0.5561385585830175
2021-22,2022-01-02,Brentford,Aston Villa,2,2021-22,Independent Poisson,H,A,0.366652535840393,0.2542486714451951,0.3790987927144118
2021-22,2022-01-02,Chelsea,Liverpool,2,2021-22,Independent Poisson,D,H,0.5359782588182136,0.2167435311629064,0.24727821001888
2021-22,2022-01-02,Everton,Brighton,2,2021-22,Independent Poisson,A,H,0.3947406330457811,0.283042049486122,0.3222173174680965
2021-22,2022-01-02,Leeds,Burnley,2,2021-22,Independent Poisson,H,H,0.4028270706441692,0.2491759800942788,0.3479969492615519
2021-22,2022-01-03,Man United,Wolves,2,2021-22,Independent Poisson,A,H,0.5151707874388336,0.2443138950619857,0.2405153174991807
2021-22,2022-01-11,Southampton,Brentford,2,2021-22,Independent Poisson,H,H,0.4944044142709536,0.2424273909223981,0.2631681948066482
2021-22,2022-01-12,West Ham,Norwich,2,2021-22,Independent Poisson,H,H,0.835172230903409,0.1139990431733745,0.0508287259232164
2021-22,2022-01-14,Brighton,Crystal Palace,2,2021-22,Independent Poisson,D,H,0.4584795468104361,0.2781614251431321,0.2633590280464316
2021-22,2022-01-15,Aston Villa,Man United,2,2021-22,Independent Poisson,D,A,0.2842092230080296,0.2530039198386986,0.4627868571532717
2021-22,2022-01-15,Man City,Chelsea,2,2021-22,Independent Poisson,H,H,0.7164261062941915,0.1693115355065995,0.114262358199209
2021-22,2022-01-15,Newcastle,Watford,2,2021-22,Independent Poisson,D,H,0.5726004373903746,0.2267298050043616,0.2006697576052638
2021-22,2022-01-15,Norwich,Everton,2,2021-22,Independent Poisson,H,A,0.2765157656610459,0.2573957624245012,0.4660884719144529
2021-22,2022-01-15,Wolves,Southampton,2,2021-22,Independent Poisson,H,H,0.3919590210696169,0.2791270209354822,0.3289139579949008
2021-22,2022-01-16,Liverpool,Brentford,2,2021-22,Independent Poisson,H,H,0.8661453663219975,0.0934025564026205,0.040452077275382
2021-22,2022-01-16,West Ham,Leeds,2,2021-22,Independent Poisson,A,H,0.6692973073310632,0.1899374424142848,0.1407652502546521
2021-22,2022-01-18,Brighton,Chelsea,2,2021-22,Independent Poisson,D,A,0.2213885390983732,0.2666720215640807,0.5119394393375458
2021-22,2022-01-19,Brentford,Man United,2,2021-22,Independent Poisson,A,A,0.2457915230758414,0.2263222970030021,0.5278861799211563
2021-22,2022-01-19,Leicester,Tottenham,2,2021-22,Independent Poisson,A,A,0.3430725961036729,0.2748204485783077,0.3821069553180194
2021-22,2022-01-21,Watford,Norwich,2,2021-22,Independent Poisson,A,H,0.6301480710609395,0.2460964149296461,0.1237555140094144
2021-22,2022-01-22,Brentford,Wolves,2,2021-22,Independent Poisson,A,A,0.3542377703314471,0.2456585022333283,0.4001037274352244
2021-22,2022-01-22,Everton,Aston Villa,2,2021-22,Independent Poisson,A,H,0.4890065268824705,0.2551285727170667,0.2558649004004626
2021-22,2022-01-22,Leeds,Newcastle,2,2021-22,Independent Poisson,A,H,0.6047324901678703,0.2208476852650457,0.174419824567084
2021-22,2022-01-22,Man United,West Ham,2,2021-22,Independent Poisson,H,H,0.4791307850302459,0.2820662035593638,0.2388030114103901
2021-22,2022-01-22,Southampton,Man City,2,2021-22,Independent Poisson,D,A,0.1179460193605303,0.1661627089402446,0.715891271699225
2021-22,2022-01-23,Arsenal,Burnley,2,2021-22,Independent Poisson,D,H,0.5713933044040207,0.2453921846258552,0.1832145109701244
2021-22,2022-01-23,Chelsea,Tottenham,2,2021-22,Independent Poisson,H,H,0.672398467711953,0.1682319782943837,0.1593695539936633
2021-22,2022-01-23,Crystal Palace,Liverpool,2,2021-22,Independent Poisson,A,A,0.1848875964957592,0.2101085930763239,0.6050038104279168
2021-22,2022-01-23,Leicester,Brighton,2,2021-22,Independent Poisson,D,H,0.4773415323085011,0.2735094303206788,0.2491490373708201
2021-22,2022-02-05,Burnley,Watford,2,2021-22,Independent Poisson,D,H,0.618686156183794,0.230282986055322,0.1510308577608837
2021-22,2022-02-08,Burnley,Man United,2,2021-22,Independent Poisson,D,A,0.2895020157825475,0.2808257537923157,0.4296722304251366
2021-22,2022-02-08,Newcastle,Everton,2,2021-22,Independent Poisson,H,H,0.4089619416098932,0.2603778257660705,0.3306602326240363
2021-22,2022-02-08,West Ham,Watford,2,2021-22,Independent Poisson,H,H,0.6990078216019214,0.1841932493209111,0.1167989290771674
2021-22,2022-02-09,Aston Villa,Leeds,2,2021-22,Independent Poisson,D,H,0.5131575055804856,0.2463261001899324,0.2405163942295821
2021-22,2022-02-09,Man City,Brentford,2,2021-22,Independent Poisson,H,H,0.9117240090796944,0.0641659018986646,0.0241100890216409
2021-22,2022-02-09,Norwich,Crystal Palace,2,2021-22,Independent Poisson,D,A,0.2311892662667122,0.2544866002520521,0.5143241334812354
2021-22,2022-02-09,Tottenham,Southampton,2,2021-22,Independent Poisson,A,H,0.4792069498049556,0.2675923478975514,0.253200702297493
2021-22,2022-02-10,Liverpool,Leicester,2,2021-22,Independent Poisson,H,H,0.7404211676122994,0.1507071819608335,0.1088716504268672
2021-22,2022-02-10,Wolves,Arsenal,2,2021-22,Independent Poisson,A,A,0.3072515237633063,0.2562217271563703,0.4365267490803234
2021-22,2022-02-12,Brentford,Crystal Palace,2,2021-22,Independent Poisson,D,A,0.3636699641694061,0.259098953491631,0.3772310823389631
2021-22,2022-02-12,Everton,Leeds,2,2021-22,Independent Poisson,H,A,0.2823507573739505,0.2692937432599521,0.4483554993660973
2021-22,2022-02-12,Man United,Southampton,2,2021-22,Independent Poisson,D,H,0.4269310551119757,0.2635706722927924,0.3094982725952319
2021-22,2022-02-12,Norwich,Man City,2,2021-22,Independent Poisson,A,A,0.0693382464608481,0.1429178473077771,0.7877439062313748
2021-22,2022-02-12,Watford,Brighton,2,2021-22,Independent Poisson,A,A,0.2596336415049884,0.2705686142511526,0.469797744243859
2021-22,2022-02-13,Burnley,Liverpool,2,2021-22,Independent Poisson,A,A,0.1217349542942724,0.1956593300248672,0.6826057156808604
2021-22,2022-02-13,Leicester,West Ham,2,2021-22,Independent Poisson,D,H,0.5032420637428459,0.2622584412966648,0.2344994949604891
2021-22,2022-02-13,Newcastle,Aston Villa,2,2021-22,Independent Poisson,H,A,0.347721344547792,0.2550977652589391,0.3971808901932688
2021-22,2022-02-13,Tottenham,Wolves,2,2021-22,Independent Poisson,A,H,0.4221265758699967,0.2793793660074831,0.2984940581225204
2021-22,2022-02-15,Man United,Brighton,2,2021-22,Independent Poisson,H,H,0.4903455415929271,0.2502193670857173,0.2594350913213555
2021-22,2022-02-19,Arsenal,Brentford,2,2021-22,Independent Poisson,H,H,0.6371776515786214,0.2284142097840306,0.134408138637348
2021-22,2022-02-19,Aston Villa,Watford,2,2021-22,Independent Poisson,A,H,0.6886815133658964,0.1960133250541085,0.1153051615799949
2021-22,2022-02-19,Brighton,Burnley,2,2021-22,Independent Poisson,A,H,0.5206628419471904,0.2614994828393173,0.2178376752134924
2021-22,2022-02-19,Crystal Palace,Chelsea,2,2021-22,Independent Poisson,A,A,0.259349975190943,0.2331375075187627,0.5075125172902941
2021-22,2022-02-19,Liverpool,Norwich,2,2021-22,Independent Poisson,H,H,0.9145929456061304,0.0650241129225065,0.0203829414713629
2021-22,2022-02-19,Man City,Tottenham,2,2021-22,Independent Poisson,A,H,0.8122499019239344,0.1175595123964605,0.070190585679605
2021-22,2022-02-19,Southampton,Everton,2,2021-22,Independent Poisson,H,H,0.4871690969460165,0.2429976171798007,0.2698332858741828
2021-22,2022-02-19,West Ham,Newcastle,2,2021-22,Independent Poisson,D,H,0.5703186489107152,0.2268524243492725,0.2028289267400122
2021-22,2022-02-20,Leeds,Man United,2,2021-22,Independent Poisson,A,A,0.2483530230198226,0.2709343588217899,0.4807126181583873
2021-22,2022-02-20,Wolves,Leicester,2,2021-22,Independent Poisson,H,H,0.3818407442727852,0.2529489667614893,0.3652102889657255
2021-22,2022-02-23,Burnley,Tottenham,2,2021-22,Independent Poisson,H,H,0.3780089944577121,0.2856083374358789,0.3363826681064089
2021-22,2022-02-23,Liverpool,Leeds,2,2021-22,Independent Poisson,H,H,0.7166359082802991,0.1669239922722742,0.1164400994474265
2021-22,2022-02-23,Watford,Crystal Palace,2,2021-22,Independent Poisson,A,H,0.3606936594786863,0.2970820561416342,0.3422242843796793
2021-22,2022-02-24,Arsenal,Wolves,2,2021-22,Independent Poisson,H,H,0.4841667202118843,0.2724222626128127,0.2434110171753031
2021-22,2022-02-25,Southampton,Norwich,2,2021-22,Independent Poisson,H,H,0.6781538770473234,0.2079710206260047,0.1138751023266716
2021-22,2022-02-26,Brentford,Newcastle,2,2021-22,Independent Poisson,A,A,0.3673137257727612,0.2651928723105012,0.3674934019167375
2021-22,2022-02-26,Brighton,Aston Villa,2,2021-22,Independent Poisson,A,H,0.4752391102416447,0.2521664757324938,0.2725944140258616
2021-22,2022-02-26,Crystal Palace,Burnley,2,2021-22,Independent Poisson,D,H,0.5207500387497852,0.2391808717644185,0.240069089485796
2021-22,2022-02-26,Everton,Man City,2,2021-22,Independent Poisson,A,A,0.145066023228205,0.2181803329308864,0.6367536438409085
2021-22,2022-02-26,Leeds,Tottenham,2,2021-22,Independent Poisson,A,H,0.3898842029355074,0.2488811167204609,0.3612346803440315
2021-22,2022-02-26,Man United,Watford,2,2021-22,Independent Poisson,D,H,0.7086900724910479,0.1878642255538486,0.1034457019551034
2021-22,2022-02-27,West Ham,Wolves,2,2021-22,Independent Poisson,H,H,0.4508224221729902,0.2532303680496719,0.2959472097773378
2021-22,2022-03-01,Burnley,Leicester,2,2021-22,Independent Poisson,A,H,0.4253532780177578,0.2448102563507701,0.3298364656314721
2021-22,2022-03-05,Aston Villa,Southampton,2,2021-22,Independent Poisson,H,H,0.4030958432155544,0.2686419266679962,0.3282622301164495
2021-22,2022-03-05,Burnley,Chelsea,2,2021-22,Independent Poisson,A,A,0.1772955482976612,0.2216929981613248,0.6010114535410142
2021-22,2022-03-05,Leicester,Leeds,2,2021-22,Independent Poisson,H,H,0.6231881990141199,0.2249751152273966,0.1518366857584837
2021-22,2022-03-05,Liverpool,West Ham,2,2021-22,Independent Poisson,H,H,0.8227672319009717,0.1158726389450775,0.0613601291539508
2021-22,2022-03-05,Newcastle,Brighton,2,2021-22,Independent Poisson,H,H,0.396144432125726,0.275070586109643,0.3287849817646309
2021-22,2022-03-05,Norwich,Brentford,2,2021-22,Independent Poisson,A,A,0.3066749132364821,0.2743935885288165,0.4189314982347013
2021-22,2022-03-05,Wolves,Crystal Palace,2,2021-22,Independent Poisson,A,H,0.4014936710240434,0.2747594152881545,0.3237469136878019
2021-22,2022-03-06,Man City,Man United,2,2021-22,Independent Poisson,H,H,0.7408106731429341,0.1594572962496717,0.0997320306073942
2021-22,2022-03-06,Watford,Arsenal,2,2021-22,Independent Poisson,A,A,0.2854252388424826,0.2282429086350935,0.4863318525224237
2021-22,2022-03-07,Tottenham,Everton,2,2021-22,Independent Poisson,H,H,0.5986933707005846,0.2200795329313203,0.181227096368095
2021-22,2022-03-10,Leeds,Aston Villa,2,2021-22,Independent Poisson,A,A,0.333054995356661,0.2399319343829783,0.4270130702603606
2021-22,2022-03-10,Norwich,Chelsea,2,2021-22,Independent Poisson,A,A,0.0619078487586099,0.116524328424413,0.821567822816977
2021-22,2022-03-10,Southampton,Newcastle,2,2021-22,Independent Poisson,A,H,0.3800338530266272,0.2598250910275179,0.360141055945855
2021-22,2022-03-10,Wolves,Watford,2,2021-22,Independent Poisson,H,H,0.5625597348812785,0.2574292614118754,0.1800110037068459
2021-22,2022-03-12,Brentford,Burnley,2,2021-22,Independent Poisson,H,H,0.427246933131715,0.269640342811103,0.303112724057182
2021-22,2022-03-12,Brighton,Liverpool,2,2021-22,Independent Poisson,A,A,0.0948328026078573,0.1511772098846936,0.7539899875074492
2021-22,2022-03-12,Man United,Tottenham,2,2021-22,Independent Poisson,H,H,0.406379686405987,0.2367134864199814,0.3569068271740315
2021-22,2022-03-13,Arsenal,Leicester,2,2021-22,Independent Poisson,H,H,0.5533941025286513,0.2280155703423246,0.218590327129024
2021-22,2022-03-13,Chelsea,Newcastle,2,2021-22,Independent Poisson,H,H,0.7742039749297538,0.1446054221312095,0.0811906029390368
2021-22,2022-03-13,Everton,Wolves,2,2021-22,Independent Poisson,A,A,0.2971040744241877,0.3129616726285334,0.3899342529472789
2021-22,2022-03-13,Leeds,Norwich,2,2021-22,Independent Poisson,H,H,0.6797197958932792,0.2018061780492891,0.1184740260574317
2021-22,2022-03-13,Southampton,Watford,2,2021-22,Independent Poisson,A,H,0.5594565748725036,0.2635624797264413,0.1769809454010549
2021-22,2022-03-13,West Ham,Aston Villa,2,2021-22,Independent Poisson,H,H,0.3907486044698567,0.2547298147986629,0.3545215807314804
2021-22,2022-03-14,Crystal Palace,Man City,2,2021-22,Independent Poisson,D,A,0.1596832261959826,0.2106975614869814,0.6296192123170359
2021-22,2022-03-16,Arsenal,Liverpool,2,2021-22,Independent Poisson,A,A,0.3316367191299652,0.2822990798892024,0.3860642009808325
2021-22,2022-03-16,Brighton,Tottenham,2,2021-22,Independent Poisson,A,A,0.2674658193606145,0.2324133273387466,0.5001208533006388
2021-22,2022-03-17,Everton,Newcastle,2,2021-22,Independent Poisson,H,A,0.3492299318665619,0.2986674921456349,0.3521025759878032
2021-22,2022-03-18,Wolves,Leeds,2,2021-22,Independent Poisson,A,H,0.6032187050840957,0.2282055925100141,0.1685757024058903
2021-22,2022-03-19,Aston Villa,Arsenal,2,2021-22,Independent Poisson,A,A,0.2981802958131474,0.2510459445943129,0.4507737595925395
2021-22,2022-03-20,Leicester,Brentford,2,2021-22,Independent Poisson,H,H,0.5528151205866247,0.2499008915645482,0.1972839878488268
2021-22,2022-03-20,Tottenham,West Ham,2,2021-22,Independent Poisson,H,H,0.5255958536372654,0.238880228418478,0.2355239179442567
2021-22,2022-04-02,Brighton,Norwich,2,2021-22,Independent Poisson,D,H,0.6873421694823474,0.1976803578399514,0.1149774726777012
2021-22,2022-04-02,Burnley,Man City,2,2021-22,Independent Poisson,A,A,0.1214281834158371,0.2051540116268115,0.6734178049573513
2021-22,2022-04-02,Chelsea,Brentford,2,2021-22,Independent Poisson,A,H,0.7952251451765494,0.1416576283981225,0.063117226425328
2021-22,2022-04-02,Leeds,Southampton,2,2021-22,Independent Poisson,D,A,0.308031427407504,0.2412947508068409,0.4506738217856551
2021-22,2022-04-02,Liverpool,Watford,2,2021-22,Independent Poisson,H,H,0.9015312200056722,0.0747615563900675,0.02370722360426
2021-22,2022-04-02,Man United,Leicester,2,2021-22,Independent Poisson,D,H,0.5674870129868691,0.2208062244465297,0.2117067625666011
2021-22,2022-04-02,Wolves,Aston Villa,2,2021-22,Independent Poisson,H,H,0.4173641153165182,0.2804575358509317,0.3021783488325502
2021-22,2022-04-03,Tottenham,Newcastle,2,2021-22,Independent Poisson,H,H,0.5973987676572327,0.2238316511390167,0.1787695812037506
2021-22,2022-04-03,West Ham,Everton,2,2021-22,Independent Poisson,H,H,0.5827395590136112,0.2121957869435234,0.2050646540428654
2021-22,2022-04-04,Crystal Palace,Arsenal,2,2021-22,Independent Poisson,H,H,0.4224182729213933,0.2443470183128269,0.3332347087657795
2021-22,2022-04-06,Burnley,Everton,2,2021-22,Independent Poisson,H,H,0.4079358364905043,0.2731341151166724,0.3189300483928231
2021-22,2022-04-08,Newcastle,Wolves,2,2021-22,Independent Poisson,H,A,0.3005959634054583,0.2582187897157971,0.4411852468787445
2021-22,2022-04-09,Arsenal,Brighton,2,2021-22,Independent Poisson,A,H,0.6066323778978636,0.2101630007651842,0.1832046213369521
2021-22,2022-04-09,Aston Villa,Tottenham,2,2021-22,Independent Poisson,A,A,0.2436975294306097,0.241934028059536,0.5143684425098543
2021-22,2022-04-09,Everton,Man United,2,2021-22,Independent Poisson,H,A,0.2481137092083033,0.2519468110982035,0.499939479693493
2021-22,2022-04-09,Southampton,Chelsea,2,2021-22,Independent Poisson,A,A,0.2054168522289028,0.2217751530212561,0.572807994749841
2021-22,2022-04-09,Watford,Leeds,2,2021-22,Independent Poisson,A,H,0.363642408700442,0.2833673624126365,0.3529902288869213
2021-22,2022-04-10,Brentford,West Ham,2,2021-22,Independent Poisson,H,A,0.3462816241222235,0.2596877089545197,0.3940306669232568
2021-22,2022-04-10,Leicester,Crystal Palace,2,2021-22,Independent Poisson,H,H,0.3806363765754241,0.2853223500355458,0.3340412733890299
2021-22,2022-04-10,Man City,Liverpool,2,2021-22,Independent Poisson,D,H,0.540652997852153,0.2278899858185742,0.2314570163292727
2021-22,2022-04-10,Norwich,Burnley,2,2021-22,Independent Poisson,H,A,0.3290907609407129,0.2806165029948022,0.390292736064485
2021-22,2022-04-16,Man United,Norwich,2,2021-22,Independent Poisson,H,H,0.7868150663503662,0.1446504128961652,0.0685345207534683
2021-22,2022-04-16,Southampton,Arsenal,2,2021-22,Independent Poisson,H,A,0.359053416594653,0.2332887146825244,0.4076578687228225
2021-22,2022-04-16,Tottenham,Brighton,2,2021-22,Independent Poisson,A,H,0.7201710036101021,0.1704007509672321,0.1094282454226656
2021-22,2022-04-16,Watford,Brentford,2,2021-22,Independent Poisson,A,A,0.310234279116819,0.2660838200142979,0.4236819008688829
2021-22,2022-04-17,Newcastle,Leicester,2,2021-22,Independent Poisson,H,A,0.2608807145413654,0.2209754832926567,0.518143802165978
2021-22,2022-04-17,West Ham,Burnley,2,2021-22,Independent Poisson,D,H,0.5849322455947286,0.2222042685923499,0.1928634858129215
2021-22,2022-04-19,Liverpool,Man United,2,2021-22,Independent Poisson,H,H,0.7382432689171422,0.1596246636353434,0.1021320674475144
2021-22,2022-04-20,Chelsea,Arsenal,2,2021-22,Independent Poisson,A,H,0.7746416112192459,0.1453589169293857,0.0799994718513683
2021-22,2022-04-20,Everton,Leicester,2,2021-22,Independent Poisson,D,A,0.2254215127241287,0.2536462138932822,0.5209322733825891
2021-22,2022-04-20,Man City,Brighton,2,2021-22,Independent Poisson,H,H,0.8992566654660817,0.0746266850339269,0.0261166494999912
2021-22,2022-04-20,Newcastle,Crystal Palace,2,2021-22,Independent Poisson,H,A,0.3141007650379736,0.2351726956345512,0.4507265393274752
2021-22,2022-04-21,Burnley,Southampton,2,2021-22,Independent Poisson,H,H,0.4224666879317307,0.2640423392560948,0.3134909728121747
2021-22,2022-04-23,Arsenal,Man United,2,2021-22,Independent Poisson,H,H,0.5509766861042518,0.2351058591600736,0.2139174547356745
2021-22,2022-04-23,Brentford,Tottenham,2,2021-22,Independent Poisson,D,A,0.1944008049649882,0.2196675177697008,0.5859316772653107
2021-22,2022-04-23,Leicester,Aston Villa,2,2021-22,Independent Poisson,D,H,0.6161053496597131,0.2121528451986976,0.1717418051415893
2021-22,2022-04-23,Man City,Watford,2,2021-22,Independent Poisson,H,H,0.9698250074668404,0.0246421959755041,0.0055327965576555
2021-22,2022-04-23,Norwich,Newcastle,2,2021-22,Independent Poisson,A,A,0.1974002784348573,0.2382282865716838,0.5643714349934588
2021-22,2022-04-24,Brighton,Southampton,2,2021-22,Independent Poisson,D,H,0.4010856801273655,0.2615017153360769,0.3374126045365574
2021-22,2022-04-24,Burnley,Wolves,2,2021-22,Independent Poisson,H,H,0.403486548220781,0.2623370889951679,0.3341763627840512
2021-22,2022-04-24,Chelsea,West Ham,2,2021-22,Independent Poisson,H,H,0.7782294203934118,0.1483420190356001,0.0734285605709879
2021-22,2022-04-24,Liverpool,Everton,2,2021-22,Independent Poisson,H,H,0.8818262712465115,0.0811585008260648,0.0370152279274235
2021-22,2022-04-25,Crystal Palace,Leeds,2,2021-22,Independent Poisson,D,H,0.449492945465566,0.2568881029464731,0.2936189515879608
2021-22,2022-04-28,Man United,Chelsea,2,2021-22,Independent Poisson,D,A,0.3127848615805266,0.2131988815715037,0.4740162568479694
2021-22,2022-04-30,Aston Villa,Norwich,2,2021-22,Independent Poisson,H,H,0.6754586677735677,0.2097610131019154,0.1147803191245172
2021-22,2022-04-30,Leeds,Man City,2,2021-22,Independent Poisson,A,A,0.0902679246225982,0.1678109288221862,0.7419211465552155
2021-22,2022-04-30,Newcastle,Liverpool,2,2021-22,Independent Poisson,A,A,0.0591323799126814,0.1165873479642612,0.8242802721230573
2021-22,2022-04-30,Southampton,Crystal Palace,2,2021-22,Independent Poisson,A,A,0.366413227584638,0.2385902480165786,0.3949965243987832
2021-22,2022-04-30,Watford,Burnley,2,2021-22,Independent Poisson,A,A,0.3470374140625513,0.2897341686377311,0.3632284172997175
2021-22,2022-04-30,Wolves,Brighton,2,2021-22,Independent Poisson,A,H,0.5133526848018111,0.261786069814771,0.2248612453834178
2021-22,2022-05-01,Everton,Chelsea,2,2021-22,Independent Poisson,H,A,0.1320999763110079,0.2057974121910952,0.6621026114978967
2021-22,2022-05-01,Tottenham,Leicester,2,2021-22,Independent Poisson,H,H,0.5834921153916295,0.2250721873549359,0.1914356972534344
2021-22,2022-05-01,West Ham,Arsenal,2,2021-22,Independent Poisson,A,A,0.362492131501648,0.2527311638622305,0.3847767046361214
2021-22,2022-05-02,Man United,Brentford,2,2021-22,Independent Poisson,H,H,0.5861236655271759,0.1933312086286597,0.2205451258441643
2021-22,2022-05-07,Brentford,Southampton,2,2021-22,Independent Poisson,H,H,0.4151486879858101,0.2642440604905507,0.320607251523639
2021-22,2022-05-07,Brighton,Man United,2,2021-22,Independent Poisson,H,H,0.398146804537445,0.2811875956371327,0.3206655998254223
2021-22,2022-05-07,Burnley,Aston Villa,2,2021-22,Independent Poisson,A,H,0.3792118664838581,0.2490943877805906,0.3716937457355511
2021-22,2022-05-07,Chelsea,Wolves,2,2021-22,Independent Poisson,D,H,0.783095731703808,0.1401236401628335,0.0767806281333584
2021-22,2022-05-07,Crystal Palace,Watford,2,2021-22,Independent Poisson,H,H,0.6324948082938284,0.2190535472951923,0.1484516444109791
2021-22,2022-05-07,Liverpool,Tottenham,2,2021-22,Independent Poisson,D,H,0.7390736137905535,0.1542484374440955,0.106677948765351
2021-22,2022-05-08,Arsenal,Leeds,2,2021-22,Independent Poisson,H,H,0.6343224786748911,0.2206781224036375,0.1449993989214712
2021-22,2022-05-08,Leicester,Everton,2,2021-22,Independent Poisson,A,H,0.5349109045436247,0.2455658151156358,0.2195232803407396
2021-22,2022-05-08,Man City,Newcastle,2,2021-22,Independent Poisson,H,H,0.9169377533785716,0.0604911012752594,0.0225711453461689
2021-22,2022-05-08,Norwich,West Ham,2,2021-22,Independent Poisson,A,A,0.2162744716755316,0.2634995889870748,0.5202259393373935
2021-22,2022-05-10,Aston Villa,Liverpool,2,2021-22,Independent Poisson,A,A,0.1732262792727427,0.2332088323803074,0.59356488834695
2021-22,2022-05-11,Leeds,Chelsea,2,2021-22,Independent Poisson,A,A,0.3226180895485395,0.2629357366011618,0.4144461738502986
2021-22,2022-05-11,Leicester,Norwich,2,2021-22,Independent Poisson,H,H,0.7140177469032272,0.1894129594519015,0.0965692936448713
2021-22,2022-05-11,Watford,Everton,2,2021-22,Independent Poisson,D,A,0.282742903074772,0.2571298158174001,0.4601272811078279
2021-22,2022-05-11,Wolves,Man City,2,2021-22,Independent Poisson,A,A,0.0732042404215007,0.1446583171787026,0.7821374423997967
2021-22,2022-05-12,Tottenham,Arsenal,2,2021-22,Independent Poisson,H,H,0.4637358047690654,0.2579661555461703,0.2782980396847643
2021-22,2022-05-15,Aston Villa,Crystal Palace,2,2021-22,Independent Poisson,D,H,0.456536441704782,0.2357011752603472,0.3077623830348707
2021-22,2022-05-15,Everton,Brentford,2,2021-22,Independent Poisson,A,A,0.3199878774944222,0.2613791700699695,0.4186329524356083
2021-22,2022-05-15,Leeds,Brighton,2,2021-22,Independent Poisson,D,A,0.2814609347618508,0.263599220875975,0.454939844362174
2021-22,2022-05-15,Tottenham,Burnley,2,2021-22,Independent Poisson,H,H,0.708595992972423,0.175055054323209,0.1163489527043677
2021-22,2022-05-15,Watford,Leicester,2,2021-22,Independent Poisson,A,A,0.2441508289503728,0.2580272452574145,0.4978219257922125
2021-22,2022-05-15,West Ham,Man City,2,2021-22,Independent Poisson,D,A,0.0751635286534927,0.1398413490093771,0.7849951223371302
2021-22,2022-05-15,Wolves,Norwich,2,2021-22,Independent Poisson,D,H,0.7776915926162679,0.1493826660284556,0.0729257413552764
2021-22,2022-05-16,Newcastle,Arsenal,2,2021-22,Independent Poisson,H,A,0.2547765142653625,0.2453680649930437,0.4998554207415939
2021-22,2022-05-17,Southampton,Liverpool,2,2021-22,Independent Poisson,A,A,0.1165484234245776,0.1896699205294177,0.6937816560460044
2021-22,2022-05-19,Aston Villa,Burnley,2,2021-22,Independent Poisson,D,H,0.4982111634076268,0.2610832748840123,0.2407055617083608
2021-22,2022-05-19,Chelsea,Leicester,2,2021-22,Independent Poisson,D,H,0.6975738921384549,0.1795775473760207,0.1228485604855241
2021-22,2022-05-19,Everton,Crystal Palace,2,2021-22,Independent Poisson,H,A,0.3052550300292627,0.2453116082569739,0.4494333617137635
2021-22,2022-05-22,Arsenal,Everton,2,2021-22,Independent Poisson,H,H,0.4881427506130856,0.2541509485950493,0.2577063007918652
2021-22,2022-05-22,Brentford,Leeds,2,2021-22,Independent Poisson,A,H,0.5727515081878645,0.2370163030616556,0.1902321887504799
2021-22,2022-05-22,Brighton,West Ham,2,2021-22,Independent Poisson,H,H,0.4076388063805776,0.2760935998119448,0.3162675938074774
2021-22,2022-05-22,Burnley,Newcastle,2,2021-22,Independent Poisson,A,H,0.4179853861608003,0.2583196691893371,0.3236949446498627
2021-22,2022-05-22,Chelsea,Watford,2,2021-22,Independent Poisson,H,H,0.9495561108559424,0.0396114492390381,0.0108324399050191
2021-22,2022-05-22,Crystal Palace,Man United,2,2021-22,Independent Poisson,H,H,0.4908719646296176,0.2337273863703407,0.2754006490000418
2021-22,2022-05-22,Leicester,Southampton,2,2021-22,Independent Poisson,H,H,0.5661440499298098,0.2294388626842162,0.2044170873859738
2021-22,2022-05-22,Liverpool,Wolves,2,2021-22,Independent Poisson,H,H,0.8901275104683855,0.0774769002192448,0.0323955893123695
2021-22,2022-05-22,Man City,Aston Villa,2,2021-22,Independent Poisson,H,H,0.8749296304907244,0.0860513601851758,0.0390190093240997
2021-22,2022-05-22,Norwich,Tottenham,2,2021-22,Independent Poisson,A,A,0.0955827855636478,0.1649409030869508,0.7394763113494012
2022-23,2022-08-05,Crystal Palace,Arsenal,3,2022-23,Independent Poisson,A,A,0.3066966108975374,0.2314857451292504,0.4618176439732121
2022-23,2022-08-06,Bournemouth,Aston Villa,3,2022-23,Independent Poisson,H,A,0.3099450930111195,0.2513228714042338,0.4387320355846464
2022-23,2022-08-06,Everton,Chelsea,3,2022-23,Independent Poisson,A,A,0.267368321836452,0.2365300565412708,0.4961016216222773
2022-23,2022-08-06,Fulham,Liverpool,3,2022-23,Independent Poisson,D,A,0.0828283490713047,0.132629483445937,0.7845421674827581
2022-23,2022-08-06,Leeds,Wolves,3,2022-23,Independent Poisson,H,H,0.4586949230112442,0.2740505624412232,0.2672545145475325
2022-23,2022-08-06,Newcastle,Nott'm Forest,3,2022-23,Independent Poisson,H,H,0.480873749606139,0.2459134400451798,0.2732128103486811
2022-23,2022-08-06,Tottenham,Southampton,3,2022-23,Independent Poisson,H,H,0.6098554007303938,0.2173416467160412,0.1728029525535648
2022-23,2022-08-07,Leicester,Brentford,3,2022-23,Independent Poisson,D,H,0.4907583871994545,0.2431418427234837,0.2660997700770616
2022-23,2022-08-07,Man United,Brighton,3,2022-23,Independent Poisson,A,H,0.4987933886194916,0.2431831810880723,0.258023430292436
2022-23,2022-08-07,West Ham,Man City,3,2022-23,Independent Poisson,A,A,0.1730703848842659,0.1876027806752159,0.6393268344405181
2022-23,2022-08-13,Arsenal,Leicester,3,2022-23,Independent Poisson,H,H,0.5783310095106853,0.2096986264417901,0.2119703640475245
2022-23,2022-08-13,Aston Villa,Everton,3,2022-23,Independent Poisson,H,A,0.3619281192933807,0.261993322688474,0.3760785580181453
2022-23,2022-08-13,Brentford,Man United,3,2022-23,Independent Poisson,H,A,0.2931596826256288,0.2488186849714988,0.4580216324028723
2022-23,2022-08-13,Brighton,Newcastle,3,2022-23,Independent Poisson,D,H,0.4183187551858853,0.2483613776850901,0.3333198671290245
2022-23,2022-08-13,Man City,Bournemouth,3,2022-23,Independent Poisson,H,H,0.7833789075948545,0.1393428540270618,0.0772782383780834
2022-23,2022-08-13,Southampton,Leeds,3,2022-23,Independent Poisson,D,A,0.2781649990990699,0.2566586959488304,0.4651763049520995
2022-23,2022-08-13,Wolves,Fulham,3,2022-23,Independent Poisson,D,H,0.4610577951847873,0.2621342448326894,0.2768079599825234
2022-23,2022-08-14,Chelsea,Tottenham,3,2022-23,Independent Poisson,D,H,0.4516716290679851,0.2452822379359487,0.3030461329960662
2022-23,2022-08-14,Nott'm Forest,West Ham,3,2022-23,Independent Poisson,H,H,0.3797054160366417,0.2717564572550248,0.3485381267083335
2022-23,2022-08-15,Liverpool,Crystal Palace,3,2022-23,Independent Poisson,D,H,0.7858819174187122,0.1413649997872101,0.0727530827940777
2022-23,2022-08-20,Bournemouth,Arsenal,3,2022-23,Independent Poisson,A,A,0.1351787851546332,0.1735344374928999,0.691286777352467
2022-23,2022-08-20,Crystal Palace,Aston Villa,3,2022-23,Independent Poisson,H,H,0.3740671299139955,0.2675051989887744,0.35842767109723
2022-23,2022-08-20,Everton,Nott'm Forest,3,2022-23,Independent Poisson,D,A,0.3427068986399377,0.2690105476397026,0.3882825537203596
2022-23,2022-08-20,Fulham,Brentford,3,2022-23,Independent Poisson,H,A,0.2055512980199241,0.2271480239734749,0.567300678006601
2022-23,2022-08-20,Leicester,Southampton,3,2022-23,Independent Poisson,A,H,0.4944595961147264,0.2512358565875977,0.2543045472976758
2022-23,2022-08-20,Tottenham,Wolves,3,2022-23,Independent Poisson,H,H,0.6333982292143865,0.2046762014686455,0.1619255693169678
2022-23,2022-08-21,Leeds,Chelsea,3,2022-23,Independent Poisson,H,A,0.2476715058637641,0.2313574863871447,0.5209710077490914
2022-23,2022-08-21,Newcastle,Man City,3,2022-23,Independent Poisson,D,A,0.1592541628898136,0.1919051343222208,0.6488407027879656
2022-23,2022-08-21,West Ham,Brighton,3,2022-23,Independent Poisson,A,H,0.3769180901281473,0.2695768054400848,0.3535051044317678
2022-23,2022-08-22,Man United,Liverpool,3,2022-23,Independent Poisson,H,A,0.2069297816563755,0.2104541786650083,0.582616039678616
2022-23,2022-08-27,Arsenal,Fulham,3,2022-23,Independent Poisson,H,H,0.7074019613124848,0.1760163625338077,0.1165816761537075
2022-23,2022-08-27,Brentford,Everton,3,2022-23,Independent Poisson,D,H,0.4474489132286962,0.2643596331300212,0.2881914536412825
2022-23,2022-08-27,Brighton,Leeds,3,2022-23,Independent Poisson,H,H,0.3982803029590124,0.2535038805565132,0.3482158164844745
2022-23,2022-08-27,Chelsea,Leicester,3,2022-23,Independent Poisson,H,H,0.5839329463480124,0.2287724558586888,0.1872945977932985
2022-23,2022-08-27,Liverpool,Bournemouth,3,2022-23,Independent Poisson,H,H,0.7674862048407812,0.1480595963178305,0.0844541988413883
2022-23,2022-08-27,Man City,Crystal Palace,3,2022-23,Independent Poisson,H,H,0.7847585730387436,0.1375028402887036,0.0777385866725528
2022-23,2022-08-27,Southampton,Man United,3,2022-23,Independent Poisson,A,A,0.2835267320932492,0.2360828313959967,0.4803904365107539
2022-23,2022-08-28,Aston Villa,West Ham,3,2022-23,Independent Poisson,A,H,0.3863263478707152,0.2740567266195826,0.3396169255097022
2022-23,2022-08-28,Nott'm Forest,Tottenham,3,2022-23,Independent Poisson,A,A,0.2203127413333814,0.220707046588414,0.5589802120782046
2022-23,2022-08-28,Wolves,Newcastle,3,2022-23,Independent Poisson,D,A,0.3149024906894496,0.2560710779790645,0.4290264313314857
2022-23,2022-08-30,Crystal Palace,Brentford,3,2022-23,Independent Poisson,D,H,0.4373414902458244,0.2613670872021862,0.3012914225519895
2022-23,2022-08-30,Fulham,Brighton,3,2022-23,Independent Poisson,H,A,0.2324671901632919,0.2367900480709383,0.5307427617657696
2022-23,2022-08-30,Leeds,Everton,3,2022-23,Independent Poisson,D,H,0.544774446084538,0.2520938779905299,0.2031316759249318
2022-23,2022-08-30,Southampton,Chelsea,3,2022-23,Independent Poisson,H,A,0.2475243217786529,0.2311020978870543,0.5213735803342926
2022-23,2022-08-31,Arsenal,Aston Villa,3,2022-23,Independent Poisson,H,H,0.6543618041319572,0.1964175674444967,0.1492206284235459
2022-23,2022-08-31,Bournemouth,Wolves,3,2022-23,Independent Poisson,D,A,0.2758757741976263,0.2730830483454777,0.4510411774568956
2022-23,2022-08-31,Liverpool,Newcastle,3,2022-23,Independent Poisson,H,H,0.636930568503028,0.2025539125906616,0.1605155189063103
2022-23,2022-08-31,Man City,Nott'm Forest,3,2022-23,Independent Poisson,H,H,0.8052865018242868,0.1252570932607514,0.0694564049149618
2022-23,2022-08-31,West Ham,Tottenham,3,2022-23,Independent Poisson,D,A,0.2185712826194518,0.2301026664951955,0.5513260508853525
2022-23,2022-09-01,Leicester,Man United,3,2022-23,Independent Poisson,A,A,0.3031763308188248,0.2449073160539708,0.4519163531272044
2022-23,2022-09-03,Aston Villa,Man City,3,2022-23,Independent Poisson,D,A,0.0338659238942359,0.0833297653793703,0.8828043107263939
2022-23,2022-09-03,Brentford,Leeds,3,2022-23,Independent Poisson,H,A,0.3543127136584306,0.2642609846894948,0.3814263016520745
2022-23,2022-09-03,Chelsea,West Ham,3,2022-23,Independent Poisson,H,H,0.4701608519866164,0.2521655733068928,0.2776735747064907
2022-23,2022-09-03,Everton,Liverpool,3,2022-23,Independent Poisson,D,A,0.0527901863479313,0.1113367352151302,0.8358730784369383
2022-23,2022-09-03,Newcastle,Crystal Palace,3,2022-23,Independent Poisson,D,H,0.5102519912585644,0.2472847993497217,0.2424632093917139
2022-23,2022-09-03,Nott'm Forest,Bournemouth,3,2022-23,Independent Poisson,A,H,0.6164445352767153,0.2239725626090137,0.1595829021142708
2022-23,2022-09-03,Tottenham,Fulham,3,2022-23,Independent Poisson,H,H,0.7233769504272064,0.1795625838550988,0.0970604657176948
2022-23,2022-09-03,Wolves,Southampton,3,2022-23,Independent Poisson,H,H,0.4619099906006283,0.2762684686635863,0.2618215407357853
2022-23,2022-09-04,Brighton,Leicester,3,2022-23,Independent Poisson,H,H,0.4686672514227107,0.2704454230700551,0.2608873255072341
2022-23,2022-09-04,Man United,Arsenal,3,2022-23,Independent Poisson,H,A,0.3439990126646928,0.253655628359271,0.4023453589760363
2022-23,2022-09-16,Aston Villa,Southampton,3,2022-23,Independent Poisson,H,H,0.4051263849813085,0.2590546222772346,0.3358189927414569
2022-23,2022-09-16,Nott'm Forest,Fulham,3,2022-23,Independent Poisson,A,H,0.4374255104545134,0.2706942345862017,0.2918802549592849
2022-23,2022-09-17,Newcastle,Bournemouth,3,2022-23,Independent Poisson,D,H,0.7654635242810126,0.1540339959692363,0.0805024797497511
2022-23,2022-09-17,Tottenham,Leicester,3,2022-23,Independent Poisson,H,H,0.6933942993827402,0.1961533120147367,0.110452388602523
2022-23,2022-09-17,Wolves,Man City,3,2022-23,Independent Poisson,A,A,0.0523883684506092,0.1097732588546353,0.8378383726947555
2022-23,2022-09-18,Brentford,Arsenal,3,2022-23,Independent Poisson,A,A,0.2582037213681082,0.2659976737179911,0.4757986049139004
2022-23,2022-09-18,Everton,West Ham,3,2022-23,Independent Poisson,H,H,0.4106140072094515,0.2825268168134642,0.3068591759770843
2022-23,2022-10-01,Arsenal,Tottenham,3,2022-23,Independent Poisson,H,H,0.3955749857247858,0.2517451401284795,0.3526798741467347
2022-23,2022-10-01,Bournemouth,Brentford,3,2022-23,Independent Poisson,D,A,0.3092536755578496,0.2565988311574164,0.434147493284734
2022-23,2022-10-01,Crystal Palace,Chelsea,3,2022-23,Independent Poisson,A,A,0.2961564059091743,0.2629628516762505,0.440880742414575
2022-23,2022-10-01,Fulham,Newcastle,3,2022-23,Independent Poisson,A,A,0.2943733830924846,0.2651692719936925,0.4404573449138229
2022-23,2022-10-01,Liverpool,Brighton,3,2022-23,Independent Poisson,D,H,0.6018069306447782,0.2304521030349084,0.1677409663203133
2022-23,2022-10-01,Southampton,Everton,3,2022-23,Independent Poisson,A,A,0.3588489247380588,0.2585183639684232,0.3826327112935178
2022-23,2022-10-01,West Ham,Wolves,3,2022-23,Independent Poisson,H,H,0.4906201659161934,0.2537667721717448,0.2556130619120617
2022-23,2022-10-02,Leeds,Aston Villa,3,2022-23,Independent Poisson,D,H,0.4786646436088226,0.2573372615297716,0.2639980948614058
2022-23,2022-10-02,Man City,Man United,3,2022-23,Independent Poisson,H,H,0.8138171665722653,0.1219102429668801,0.0642725904608546
2022-23,2022-10-03,Leicester,Nott'm Forest,3,2022-23,Independent Poisson,H,H,0.5539285960814987,0.2510168446356964,0.1950545592828048
2022-23,2022-10-08,Bournemouth,Leicester,3,2022-23,Independent Poisson,H,A,0.3365115573480194,0.276099924209324,0.3873885184426565
2022-23,2022-10-08,Brighton,Tottenham,3,2022-23,Independent Poisson,A,A,0.2728303336013746,0.2544881929617704,0.4726814734368547
2022-23,2022-10-08,Chelsea,Wolves,3,2022-23,Independent Poisson,H,H,0.691693761192359,0.1916260435979045,0.1166801952097364
2022-23,2022-10-08,Man City,Southampton,3,2022-23,Independent Poisson,H,H,0.8715331886881494,0.0903993801828678,0.0380674311289826
2022-23,2022-10-08,Newcastle,Brentford,3,2022-23,Independent Poisson,H,H,0.4540362821749675,0.2695819785834945,0.2763817392415378
2022-23,2022-10-09,Arsenal,Liverpool,3,2022-23,Independent Poisson,H,A,0.2571042989498455,0.2301243528452603,0.5127713482048942
2022-23,2022-10-09,Crystal Palace,Leeds,3,2022-23,Independent Poisson,H,H,0.4019732251289832,0.2542403622146038,0.3437864126564129
2022-23,2022-10-09,Everton,Man United,3,2022-23,Independent Poisson,A,A,0.3209572091165701,0.2460418760704573,0.4330009148129725
2022-23,2022-10-09,West Ham,Fulham,3,2022-23,Independent Poisson,H,H,0.5225423356878831,0.2521868427001133,0.2252708216120034
2022-23,2022-10-10,Nott'm Forest,Aston Villa,3,2022-23,Independent Poisson,D,A,0.366545534432078,0.2596276914020484,0.3738267741658734
2022-23,2022-10-14,Brentford,Brighton,3,2022-23,Independent Poisson,H,A,0.3108868293452682,0.245776218632105,0.4433369520226268
2022-23,2022-10-15,Fulham,Bournemouth,3,2022-23,Independent Poisson,D,H,0.3665079692545445,0.2674650790993719,0.3660269516460834
2022-23,2022-10-15,Leicester,Crystal Palace,3,2022-23,Independent Poisson,D,H,0.3764823445902737,0.2555947644091016,0.3679228910006246
2022-23,2022-10-15,Tottenham,Everton,3,2022-23,Independent Poisson,H,H,0.6719197850895169,0.1876025904521847,0.1404776244582984
2022-23,2022-10-15,Wolves,Nott'm Forest,3,2022-23,Independent Poisson,H,H,0.5288323254400986,0.2598703912687093,0.211297283291192
2022-23,2022-10-16,Aston Villa,Chelsea,3,2022-23,Independent Poisson,A,A,0.1787218076153195,0.216222634204561,0.6050555581801194
2022-23,2022-10-16,Leeds,Arsenal,3,2022-23,Independent Poisson,A,A,0.1825363030778717,0.2154545003933679,0.6020091965287603
2022-23,2022-10-16,Liverpool,Man City,3,2022-23,Independent Poisson,H,A,0.2267471068160763,0.2399610574151744,0.5332918357687491
2022-23,2022-10-16,Man United,Newcastle,3,2022-23,Independent Poisson,D,H,0.4445990428598534,0.2522263615065632,0.3031745956335832
2022-23,2022-10-16,Southampton,West Ham,3,2022-23,Independent Poisson,D,A,0.2644856716800651,0.2343857755900383,0.5011285527298965
2022-23,2022-10-18,Brighton,Nott'm Forest,3,2022-23,Independent Poisson,D,A,0.2912466509803952,0.2532761191799391,0.4554772298396654
2022-23,2022-10-18,Crystal Palace,Wolves,3,2022-23,Independent Poisson,H,H,0.5892428774645381,0.2427826987967447,0.167974423738717
2022-23,2022-10-19,Bournemouth,Southampton,3,2022-23,Independent Poisson,A,H,0.4129617073091114,0.28048427041973,0.3065540222711583
2022-23,2022-10-19,Brentford,Chelsea,3,2022-23,Independent Poisson,D,A,0.1905773845417233,0.2249356075726833,0.5844870078855933
2022-23,2022-10-19,Liverpool,West Ham,3,2022-23,Independent Poisson,H,H,0.7721041161306672,0.1499676142185001,0.0779282696508326
2022-23,2022-10-19,Man United,Tottenham,3,2022-23,Independent Poisson,H,H,0.4560942310159012,0.2570383357306203,0.2868674332534786
2022-23,2022-10-19,Newcastle,Everton,3,2022-23,Independent Poisson,H,H,0.6834068173507665,0.1925181844799446,0.1240749981692888
2022-23,2022-10-20,Fulham,Aston Villa,3,2022-23,Independent Poisson,H,H,0.4288685678667996,0.2469159951746978,0.3242154369585027
2022-23,2022-10-20,Leicester,Leeds,3,2022-23,Independent Poisson,H,H,0.4345185575231951,0.2506560999970452,0.3148253424797596
2022-23,2022-10-22,Chelsea,Man United,3,2022-23,Independent Poisson,D,H,0.3818886532539639,0.23837596906718,0.3797353776788559
2022-23,2022-10-22,Everton,Crystal Palace,3,2022-23,Independent Poisson,H,A,0.2911504378309835,0.2454569568618922,0.4633926053071242
2022-23,2022-10-22,Man City,Brighton,3,2022-23,Independent Poisson,H,H,0.8291256638182973,0.1145890632924818,0.0562852728892208
2022-23,2022-10-22,Nott'm Forest,Liverpool,3,2022-23,Independent Poisson,H,A,0.1504781495365768,0.2050855146995699,0.6444363357638532
2022-23,2022-10-23,Aston Villa,Brentford,3,2022-23,Independent Poisson,H,H,0.3987359824822249,0.2815868201508035,0.3196771973669715
2022-23,2022-10-23,Leeds,Fulham,3,2022-23,Independent Poisson,A,H,0.471475859069111,0.283914331665892,0.2446098092649969
2022-23,2022-10-23,Southampton,Arsenal,3,2022-23,Independent Poisson,D,A,0.1505879598877176,0.1965903197392579,0.6528217203730243
2022-23,2022-10-23,Tottenham,Newcastle,3,2022-23,Independent Poisson,A,H,0.5051185099730544,0.2332066310218552,0.2616748590050906
2022-23,2022-10-23,Wolves,Leicester,3,2022-23,Independent Poisson,A,H,0.3626432044763756,0.2748686473696995,0.3624881481539247
2022-23,2022-10-24,West Ham,Bournemouth,3,2022-23,Independent Poisson,H,H,0.4449524081276776,0.2573050591051602,0.2977425327671621
2022-23,2022-10-29,Bournemouth,Tottenham,3,2022-23,Independent Poisson,A,A,0.1494766808425169,0.2046047544277234,0.6459185647297596
2022-23,2022-10-29,Brentford,Wolves,3,2022-23,Independent Poisson,D,H,0.6019964978279573,0.2334463123907391,0.1645571897813035
2022-23,2022-10-29,Brighton,Chelsea,3,2022-23,Independent Poisson,H,A,0.3170727191354348,0.2623365927865895,0.4205906880779757
2022-23,2022-10-29,Crystal Palace,Southampton,3,2022-23,Independent Poisson,H,H,0.5191902624883455,0.2529877063358837,0.2278220311757708
2022-23,2022-10-29,Fulham,Everton,3,2022-23,Independent Poisson,D,A,0.3581375307958258,0.2550428786659212,0.3868195905382531
2022-23,2022-10-29,Leicester,Man City,3,2022-23,Independent Poisson,A,A,0.0619841816434513,0.1219616611541334,0.8160541572024154
2022-23,2022-10-29,Liverpool,Leeds,3,2022-23,Independent Poisson,A,H,0.8184927520212472,0.1251695226903325,0.0563377252884201
2022-23,2022-10-29,Newcastle,Aston Villa,3,2022-23,Independent Poisson,H,H,0.6265423121262053,0.2115543856172118,0.1619033022565827
2022-23,2022-10-30,Arsenal,Nott'm Forest,3,2022-23,Independent Poisson,H,H,0.7572017020484711,0.1646390055360691,0.0781592924154597
2022-23,2022-10-30,Man United,West Ham,3,2022-23,Independent Poisson,H,H,0.5569141609896735,0.2332233050108988,0.2098625339994278
2022-23,2022-11-05,Everton,Leicester,3,2022-23,Independent Poisson,A,H,0.4213262519679999,0.2598921236490082,0.3187816243829922
2022-23,2022-11-05,Leeds,Bournemouth,3,2022-23,Independent Poisson,H,H,0.4629200470313241,0.2567348349851406,0.2803451179835351
2022-23,2022-11-05,Man City,Fulham,3,2022-23,Independent Poisson,H,H,0.9041283524039748,0.0688869891392493,0.0269846584567758
2022-23,2022-11-05,Nott'm Forest,Brentford,3,2022-23,Independent Poisson,D,A,0.3555680836123904,0.2622845705998393,0.3821473457877701
2022-23,2022-11-05,Wolves,Brighton,3,2022-23,Independent Poisson,A,A,0.2691741138319933,0.2434863696956918,0.4873395164723149
2022-23,2022-11-06,Aston Villa,Man United,3,2022-23,Independent Poisson,H,A,0.2446963307055673,0.222854923837382,0.5324487454570505
2022-23,2022-11-06,Chelsea,Arsenal,3,2022-23,Independent Poisson,A,A,0.3364998020359063,0.2507630723322474,0.4127371256318464
2022-23,2022-11-06,Southampton,Newcastle,3,2022-23,Independent Poisson,A,A,0.2039583874747944,0.2382487670336664,0.5577928454915391
2022-23,2022-11-06,Tottenham,Liverpool,3,2022-23,Independent Poisson,A,H,0.4239181441126122,0.2352077700864901,0.3408740858008978
2022-23,2022-11-06,West Ham,Crystal Palace,3,2022-23,Independent Poisson,A,H,0.4427384804199867,0.2498880945643001,0.3073734250157129
2022-23,2022-11-12,Bournemouth,Everton,3,2022-23,Independent Poisson,H,A,0.2979868998349593,0.2649657793186979,0.4370473208463426
2022-23,2022-11-12,Liverpool,Southampton,3,2022-23,Independent Poisson,H,H,0.7803505438136932,0.1533810285360328,0.0662684276502739
2022-23,2022-11-12,Man City,Brentford,3,2022-23,Independent Poisson,A,H,0.8577695282752185,0.0960193651355117,0.0462111065892697
2022-23,2022-11-12,Newcastle,Chelsea,3,2022-23,Independent Poisson,H,H,0.4632919338725133,0.2433031317421057,0.2934049343853808
2022-23,2022-11-12,Nott'm Forest,Crystal Palace,3,2022-23,Independent Poisson,H,A,0.3325442011051484,0.2660164814701501,0.4014393174247014
2022-23,2022-11-12,Tottenham,Leeds,3,2022-23,Independent Poisson,H,H,0.6727419519954327,0.1852725240233484,0.1419855239812186
2022-23,2022-11-12,West Ham,Leicester,3,2022-23,Independent Poisson,A,A,0.3572184960553075,0.2475401749445892,0.3952413290001032
2022-23,2022-11-12,Wolves,Arsenal,3,2022-23,Independent Poisson,A,A,0.1165646442161505,0.176212215550468,0.7072231402333815
2022-23,2022-11-13,Brighton,Aston Villa,3,2022-23,Independent Poisson,A,H,0.5544004422597827,0.2408544361193164,0.2047451216209009
2022-23,2022-11-13,Fulham,Man United,3,2022-23,Independent Poisson,A,A,0.2742419761725573,0.2334959316319448,0.4922620921954977
2022-23,2022-12-26,Arsenal,West Ham,3,2022-23,Independent Poisson,H,H,0.6978373029309042,0.18847356852708,0.1136891285420158
2022-23,2022-12-26,Aston Villa,Liverpool,3,2022-23,Independent Poisson,A,A,0.1947573498797248,0.2174768457976679,0.5877658043226074
2022-23,2022-12-26,Brentford,Tottenham,3,2022-23,Independent Poisson,D,A,0.2610147239712126,0.2741743780256517,0.4648108980031357
2022-23,2022-12-26,Crystal Palace,Fulham,3,2022-23,Independent Poisson,A,H,0.4714933903839061,0.2651620969406703,0.2633445126754236
2022-23,2022-12-26,Everton,Wolves,3,2022-23,Independent Poisson,A,H,0.4366470718667292,0.3058120701274388,0.2575408580058321
2022-23,2022-12-26,Leicester,Newcastle,3,2022-23,Independent Poisson,A,A,0.2634783813492752,0.2735921794363624,0.4629294392143626
2022-23,2022-12-26,Southampton,Brighton,3,2022-23,Independent Poisson,A,A,0.2704898970074775,0.255196807694082,0.4743132952984404
2022-23,2022-12-27,Chelsea,Bournemouth,3,2022-23,Independent Poisson,H,H,0.6164987023550654,0.2251032732210162,0.1583980244239184
2022-23,2022-12-27,Man United,Nott'm Forest,3,2022-23,Independent Poisson,H,H,0.6323302414275775,0.2359521841929424,0.1317175743794799
2022-23,2022-12-28,Leeds,Man City,3,2022-23,Independent Poisson,A,A,0.127023775932309,0.1872741754079827,0.6857020486597083
2022-23,2022-12-30,Liverpool,Leicester,3,2022-23,Independent Poisson,H,H,0.708669267371172,0.1705353459944621,0.1207953866343656
2022-23,2022-12-30,West Ham,Brentford,3,2022-23,Independent Poisson,A,A,0.3479850518439684,0.271732464688541,0.3802824834674907
2022-23,2022-12-31,Bournemouth,Crystal Palace,3,2022-23,Independent Poisson,A,A,0.3135979039732082,0.2458604238875439,0.4405416721392478
2022-23,2022-12-31,Brighton,Arsenal,3,2022-23,Independent Poisson,A,A,0.2209299738659539,0.2339223725014896,0.5451476536325564
2022-23,2022-12-31,Fulham,Southampton,3,2022-23,Independent Poisson,H,H,0.4959013374426713,0.2761152311240858,0.2279834314332429
2022-23,2022-12-31,Man City,Everton,3,2022-23,Independent Poisson,D,H,0.9006722092996265,0.0728994898919375,0.0264283008084359
2022-23,2022-12-31,Newcastle,Leeds,3,2022-23,Independent Poisson,D,H,0.5910834399712634,0.2203609016226685,0.188555658406068
2022-23,2022-12-31,Wolves,Man United,3,2022-23,Independent Poisson,A,A,0.2440051949439798,0.2241861726874383,0.5318086323685819
2022-23,2023-01-01,Nott'm Forest,Chelsea,3,2022-23,Independent Poisson,D,A,0.1987145779990358,0.2188601670395746,0.5824252549613895
2022-23,2023-01-01,Tottenham,Aston Villa,3,2022-23,Independent Poisson,A,H,0.6340070717811725,0.2027973017795014,0.163195626439326
2022-23,2023-01-02,Brentford,Liverpool,3,2022-23,Independent Poisson,H,A,0.2248895423626016,0.2392891512292895,0.5358213064081088
2022-23,2023-01-03,Arsenal,Newcastle,3,2022-23,Independent Poisson,D,H,0.5172836398609807,0.2363117548197208,0.2464046053192982
2022-23,2023-01-03,Everton,Brighton,3,2022-23,Independent Poisson,A,A,0.3120607017891782,0.2722895707245191,0.4156497274863027
2022-23,2023-01-03,Leicester,Fulham,3,2022-23,Independent Poisson,A,H,0.4269779878054153,0.2574900162675655,0.3155319959270192
2022-23,2023-01-03,Man United,Bournemouth,3,2022-23,Independent Poisson,H,H,0.6503591709900975,0.2057729619037118,0.1438678671061906
2022-23,2023-01-04,Aston Villa,Wolves,3,2022-23,Independent Poisson,D,H,0.5620813260022713,0.2435549428899364,0.1943637311077923
2022-23,2023-01-04,Crystal Palace,Tottenham,3,2022-23,Independent Poisson,A,A,0.2628566027793428,0.2424484596779307,0.4946949375427263
2022-23,2023-01-04,Leeds,West Ham,3,2022-23,Independent Poisson,D,H,0.4539515500936707,0.2654519004300961,0.2805965494762333
2022-23,2023-01-04,Southampton,Nott'm Forest,3,2022-23,Independent Poisson,A,H,0.4284024508060069,0.2769673437695464,0.2946302054244465
2022-23,2023-01-05,Chelsea,Man City,3,2022-23,Independent Poisson,A,A,0.2015202681245884,0.2240612188037235,0.574418513071688
2022-23,2023-01-12,Fulham,Chelsea,3,2022-23,Independent Poisson,H,A,0.2615316522522566,0.2357807345337185,0.5026876132140249
2022-23,2023-01-13,Aston Villa,Leeds,3,2022-23,Independent Poisson,H,H,0.4740566304616325,0.2418856458284551,0.2840577237099124
2022-23,2023-01-14,Brentford,Bournemouth,3,2022-23,Independent Poisson,H,H,0.6404315245503696,0.2102557050995076,0.1493127703501225
2022-23,2023-01-14,Brighton,Liverpool,3,2022-23,Independent Poisson,H,A,0.3187648050627364,0.2492053132535982,0.4320298816836656
2022-23,2023-01-14,Everton,Southampton,3,2022-23,Independent Poisson,A,H,0.5616899568438919,0.2536529689474646,0.1846570742086434
2022-23,2023-01-14,Man United,Man City,3,2022-23,Independent Poisson,H,A,0.2553166590618076,0.2389375941644854,0.5057457467737069
2022-23,2023-01-14,Nott'm Forest,Leicester,3,2022-23,Independent Poisson,H,A,0.3731332974946599,0.2413279655944448,0.3855387369108952
2022-23,2023-01-14,Wolves,West Ham,3,2022-23,Independent Poisson,H,H,0.3986223838449213,0.2662845303593317,0.335093085795747
2022-23,2023-01-15,Chelsea,Crystal Palace,3,2022-23,Independent Poisson,H,H,0.6544676125164464,0.2027114305440005,0.1428209569395533
2022-23,2023-01-15,Newcastle,Fulham,3,2022-23,Independent Poisson,H,H,0.6422681831494274,0.2181461417422336,0.139585675108339
2022-23,2023-01-15,Tottenham,Arsenal,3,2022-23,Independent Poisson,A,H,0.3872768344874029,0.2433894080220539,0.3693337574905428
2022-23,2023-01-18,Crystal Palace,Man United,3,2022-23,Independent Poisson,D,A,0.2438653567658279,0.2303716157862979,0.5257630274478741
2022-23,2023-01-19,Man City,Tottenham,3,2022-23,Independent Poisson,H,H,0.7564269727825257,0.1505879114740151,0.0929851157434591
2022-23,2023-01-21,Bournemouth,Nott'm Forest,3,2022-23,Independent Poisson,D,A,0.2841767002479123,0.2660769244859352,0.4497463752661524
2022-23,2023-01-21,Crystal Palace,Newcastle,3,2022-23,Independent Poisson,D,A,0.2931696155579738,0.2570870298986739,0.4497433545433522
2022-23,2023-01-21,Leicester,Brighton,3,2022-23,Independent Poisson,D,A,0.2759621769012017,0.2576723432323245,0.4663654798664738
2022-23,2023-01-21,Liverpool,Chelsea,3,2022-23,Independent Poisson,D,H,0.5354205564476184,0.2552513155342533,0.209328128018128
2022-23,2023-01-21,Southampton,Aston Villa,3,2022-23,Independent Poisson,A,A,0.3267841203896476,0.2706137483362241,0.4026021312741281
2022-23,2023-01-21,West Ham,Everton,3,2022-23,Independent Poisson,H,H,0.4845256242675383,0.2880679714556036,0.2274064042768581
2022-23,2023-01-22,Arsenal,Man United,3,2022-23,Independent Poisson,H,H,0.519434009832443,0.2462343101790398,0.234331679988517
2022-23,2023-01-22,Leeds,Brentford,3,2022-23,Independent Poisson,D,H,0.3825170628700188,0.277416729129228,0.3400662080007532
2022-23,2023-01-22,Man City,Wolves,3,2022-23,Independent Poisson,H,H,0.91847288689426,0.0607940467018834,0.0207330664038566
2022-23,2023-01-23,Fulham,Tottenham,3,2022-23,Independent Poisson,A,A,0.2934304883848578,0.2434964959466378,0.4630730156685043
2022-23,2023-02-03,Chelsea,Fulham,3,2022-23,Independent Poisson,D,H,0.6005001343292438,0.2406449991885577,0.1588548664821982
2022-23,2023-02-04,Aston Villa,Leicester,3,2022-23,Independent Poisson,A,H,0.5007292279122649,0.2401168241493159,0.259153947938419
2022-23,2023-02-04,Brentford,Southampton,3,2022-23,Independent Poisson,H,H,0.63536907813767,0.2295242026620547,0.1351067192002754
2022-23,2023-02-04,Brighton,Bournemouth,3,2022-23,Independent Poisson,H,H,0.7691391773451408,0.1604063344826454,0.0704544881722137
2022-23,2023-02-04,Everton,Arsenal,3,2022-23,Independent Poisson,H,A,0.1595354513076038,0.2163744964620022,0.6240900522303939
2022-23,2023-02-04,Man United,Crystal Palace,3,2022-23,Independent Poisson,H,H,0.6388683688803225,0.2065947069162279,0.1545369242034496
2022-23,2023-02-04,Newcastle,West Ham,3,2022-23,Independent Poisson,D,H,0.6393657096877987,0.2176596874998445,0.1429746028123566
2022-23,2023-02-04,Wolves,Liverpool,3,2022-23,Independent Poisson,H,A,0.1926364740042948,0.2376458341102255,0.5697176918854797
2022-23,2023-02-05,Nott'm Forest,Leeds,3,2022-23,Independent Poisson,H,H,0.3956136209174198,0.2663852551878388,0.3380011238947413
2022-23,2023-02-05,Tottenham,Man City,3,2022-23,Independent Poisson,H,A,0.2655735689011994,0.2431032653688319,0.4913231657299686
2022-23,2023-02-08,Man United,Leeds,3,2022-23,Independent Poisson,D,H,0.5820102649980006,0.2220528795405016,0.1959368554614976
2022-23,2023-02-11,Arsenal,Brentford,3,2022-23,Independent Poisson,D,H,0.6078284285861074,0.2168526785315335,0.175318892882359
2022-23,2023-02-11,Bournemouth,Newcastle,3,2022-23,Independent Poisson,D,A,0.1557363640116008,0.2157042051761026,0.6285594308122964
2022-23,2023-02-11,Crystal Palace,Brighton,3,2022-23,Independent Poisson,D,A,0.3313974840986782,0.24415515067787,0.4244473652234518
2022-23,2023-02-11,Fulham,Nott'm Forest,3,2022-23,Independent Poisson,H,H,0.3720524548029665,0.2630522657515096,0.3648952794455239
2022-23,2023-02-11,Leicester,Tottenham,3,2022-23,Independent Poisson,H,A,0.3578490383650904,0.2590250232471893,0.3831259383877203
2022-23,2023-02-11,Southampton,Wolves,3,2022-23,Independent Poisson,A,A,0.304782953881451,0.2698050948989943,0.4254119512195545
2022-23,2023-02-11,West Ham,Chelsea,3,2022-23,Independent Poisson,D,A,0.2979086074988674,0.27834001293157,0.4237513795695624
2022-23,2023-02-12,Leeds,Man United,3,2022-23,Independent Poisson,A,A,0.2544317178776779,0.2609386036856647,0.4846296784366574
2022-23,2023-02-12,Man City,Aston Villa,3,2022-23,Independent Poisson,H,H,0.8273740495024,0.1166563383008167,0.0559696121967833
2022-23,2023-02-13,Liverpool,Everton,3,2022-23,Independent Poisson,H,H,0.7426145043568099,0.1774325934507077,0.0799529021924824
2022-23,2023-02-15,Arsenal,Man City,3,2022-23,Independent Poisson,A,A,0.3226529379897034,0.254825568580785,0.4225214934295115
2022-23,2023-02-18,Aston Villa,Arsenal,3,2022-23,Independent Poisson,A,A,0.1993595423220854,0.2188076323451459,0.5818328253327687
2022-23,2023-02-18,Brentford,Crystal Palace,3,2022-23,Independent Poisson,D,H,0.5031987277289722,0.2459752248693375,0.2508260474016902
2022-23,2023-02-18,Brighton,Fulham,3,2022-23,Independent Poisson,A,H,0.567077833100329,0.2463602713215181,0.1865618955781529
2022-23,2023-02-18,Chelsea,Southampton,3,2022-23,Independent Poisson,A,H,0.6324523255718248,0.2409716856521714,0.1265759887760036
2022-23,2023-02-18,Everton,Leeds,3,2022-23,Independent Poisson,H,H,0.3950556380916911,0.2724659875755526,0.3324783743327563
2022-23,2023-02-18,Newcastle,Liverpool,3,2022-23,Independent Poisson,A,H,0.4414223043478384,0.2593518524325892,0.2992258432195723
2022-23,2023-02-18,Nott'm Forest,Man City,3,2022-23,Independent Poisson,D,A,0.0543867544680227,0.1175152969915686,0.8280979485404089
2022-23,2023-02-18,Wolves,Bournemouth,3,2022-23,Independent Poisson,A,H,0.5454455570861916,0.2596597294228545,0.1948947134909538
2022-23,2023-02-19,Man United,Leicester,3,2022-23,Independent Poisson,H,H,0.5942649117200931,0.2134877097163938,0.1922473785635128
2022-23,2023-02-19,Tottenham,West Ham,3,2022-23,Independent Poisson,H,H,0.6472758673660604,0.2031529935642238,0.1495711390697157
2022-23,2023-02-24,Fulham,Wolves,3,2022-23,Independent Poisson,D,H,0.4088334546397333,0.2656076573488194,0.3255588880114473
2022-23,2023-02-25,Bournemouth,Man City,3,2022-23,Independent Poisson,A,A,0.0708279088724212,0.1466697465935745,0.7825023445340042
2022-23,2023-02-25,Crystal Palace,Liverpool,3,2022-23,Independent Poisson,D,A,0.2699106785764562,0.2415353559392163,0.4885539654843274
2022-23,2023-02-25,Everton,Aston Villa,3,2022-23,Independent Poisson,A,A,0.3371773981842759,0.269200125358304,0.3936224764574202
2022-23,2023-02-25,Leeds,Southampton,3,2022-23,Independent Poisson,H,H,0.5346168587612029,0.2647404989810089,0.2006426422577882
2022-23,2023-02-25,Leicester,Arsenal,3,2022-23,Independent Poisson,A,A,0.2752337507022393,0.2532959725884812,0.4714702767092794
2022-23,2023-02-25,West Ham,Nott'm Forest,3,2022-23,Independent Poisson,H,H,0.4176567592433192,0.2724358919500961,0.3099073488065846
2022-23,2023-02-26,Tottenham,Chelsea,3,2022-23,Independent Poisson,H,H,0.5021680468006806,0.2448929817354732,0.2529389714638461
2022-23,2023-03-01,Arsenal,Everton,3,2022-23,Independent Poisson,H,H,0.8380657602109005,0.1115358601464333,0.0503983796426663
2022-23,2023-03-01,Liverpool,Wolves,3,2022-23,Independent Poisson,H,H,0.6703053681566614,0.2014856573318718,0.1282089745114667
2022-23,2023-03-04,Arsenal,Bournemouth,3,2022-23,Independent Poisson,H,H,0.8880247779957194,0.0827165399357384,0.0292586820685419
2022-23,2023-03-04,Aston Villa,Crystal Palace,3,2022-23,Independent Poisson,H,H,0.4576499430648232,0.2331459393820684,0.3092041175531083
2022-23,2023-03-04,Brighton,West Ham,3,2022-23,Independent Poisson,H,H,0.471456760420585,0.2797907155802147,0.2487525239992001
2022-23,2023-03-04,Chelsea,Leeds,3,2022-23,Independent Poisson,H,H,0.5289634074166405,0.2629086923308736,0.2081279002524859
2022-23,2023-03-04,Man City,Newcastle,3,2022-23,Independent Poisson,H,H,0.8057891439315138,0.1219683191571612,0.072242536911325
2022-23,2023-03-04,Southampton,Leicester,3,2022-23,Independent Poisson,H,A,0.2521223158382834,0.2634398211625319,0.4844378629991847
2022-23,2023-03-04,Wolves,Tottenham,3,2022-23,Independent Poisson,H,A,0.2873542847619528,0.2631252237101096,0.4495204915279374
2022-23,2023-03-05,Liverpool,Man United,3,2022-23,Independent Poisson,H,H,0.4625340467024618,0.2550681844818079,0.2823977688157303
2022-23,2023-03-05,Nott'm Forest,Everton,3,2022-23,Independent Poisson,D,H,0.4987006113681884,0.2691624255932115,0.2321369630386
2022-23,2023-03-06,Brentford,Fulham,3,2022-23,Independent Poisson,H,H,0.5182422229022763,0.2734639917892842,0.2082937853084392
2022-23,2023-03-11,Bournemouth,Liverpool,3,2022-23,Independent Poisson,H,A,0.0832384866402216,0.1529242600446692,0.763837253315109
2022-23,2023-03-11,Crystal Palace,Man City,3,2022-23,Independent Poisson,A,A,0.1441983542142927,0.1973993711814438,0.6584022746042635
2022-23,2023-03-11,Everton,Brentford,3,2022-23,Independent Poisson,H,A,0.2197743956241846,0.2331249287409922,0.5471006756348233
2022-23,2023-03-11,Leeds,Brighton,3,2022-23,Independent Poisson,D,A,0.2330006403705415,0.228968302767054,0.5380310568624044
2022-23,2023-03-11,Leicester,Chelsea,3,2022-23,Independent Poisson,A,A,0.3540153990055666,0.2683303433864914,0.377654257607942
2022-23,2023-03-11,Tottenham,Nott'm Forest,3,2022-23,Independent Poisson,H,H,0.6284978639123384,0.2101023324297074,0.1613998036579538
2022-23,2023-03-12,Fulham,Arsenal,3,2022-23,Independent Poisson,A,A,0.2010751140379822,0.2489339466540324,0.5499909393079854
2022-23,2023-03-12,Man United,Southampton,3,2022-23,Independent Poisson,D,H,0.761838641813412,0.1592644727516067,0.0788968854349813
2022-23,2023-03-12,Newcastle,Wolves,3,2022-23,Independent Poisson,H,H,0.634804245277272,0.2183624598939426,0.1468332948287855
2022-23,2023-03-12,West Ham,Aston Villa,3,2022-23,Independent Poisson,D,H,0.4561842831557082,0.2625561163203147,0.2812596005239769
2022-23,2023-03-15,Brighton,Crystal Palace,3,2022-23,Independent Poisson,H,H,0.5369539720166367,0.2473314393140372,0.2157145886693261
2022-23,2023-03-15,Southampton,Brentford,3,2022-23,Independent Poisson,A,A,0.2648968448052401,0.2853194809701716,0.4497836742245883
2022-23,2023-03-17,Nott'm Forest,Newcastle,3,2022-23,Independent Poisson,A,A,0.2835615400104613,0.2392094117420973,0.4772290482474413
2022-23,2023-03-18,Aston Villa,Bournemouth,3,2022-23,Independent Poisson,H,H,0.6099816431952886,0.2224960352011582,0.1675223216035531
2022-23,2023-03-18,Brentford,Leicester,3,2022-23,Independent Poisson,D,H,0.5611569442240368,0.2406360755407396,0.1982069802352235
2022-23,2023-03-18,Chelsea,Everton,3,2022-23,Independent Poisson,D,H,0.5625104892409702,0.2514270369908316,0.1860624737681981
2022-23,2023-03-18,Southampton,Tottenham,3,2022-23,Independent Poisson,D,A,0.201887255906362,0.2593506516288574,0.5387620924647802
2022-23,2023-03-18,Wolves,Leeds,3,2022-23,Independent Poisson,A,H,0.4371918274214394,0.2774806995842222,0.2853274729943383
2022-23,2023-03-19,Arsenal,Crystal Palace,3,2022-23,Independent Poisson,H,H,0.7599065051980924,0.14442301256857,0.0956704822333373
2022-23,2023-04-01,Arsenal,Leeds,3,2022-23,Independent Poisson,H,H,0.7937149964594137,0.1288202319674587,0.0774647715731275
2022-23,2023-04-01,Bournemouth,Fulham,3,2022-23,Independent Poisson,H,A,0.3250711484589745,0.2724041377653236,0.4025247137757015
2022-23,2023-04-01,Brighton,Brentford,3,2022-23,Independent Poisson,D,H,0.4503518419800224,0.2953939497102819,0.2542542083096958
2022-23,2023-04-01,Chelsea,Aston Villa,3,2022-23,Independent Poisson,A,H,0.4924431830715794,0.2539742550687995,0.2535825618596213
2022-23,2023-04-01,Crystal Palace,Leicester,3,2022-23,Independent Poisson,H,H,0.4695311288494218,0.2468328078785298,0.2836360632720485
2022-23,2023-04-01,Man City,Liverpool,3,2022-23,Independent Poisson,H,H,0.576330376561181,0.2184863350843734,0.2051832883544454
2022-23,2023-04-01,Nott'm Forest,Wolves,3,2022-23,Independent Poisson,D,H,0.3997830866711714,0.2645360080188675,0.3356809053099608
2022-23,2023-04-02,Newcastle,Man United,3,2022-23,Independent Poisson,H,H,0.4667859277034498,0.252362572825599,0.2808514994709513
2022-23,2023-04-02,West Ham,Southampton,3,2022-23,Independent Poisson,H,H,0.5411934083532448,0.2795528491957445,0.1792537424510106
2022-23,2023-04-03,Everton,Tottenham,3,2022-23,Independent Poisson,D,A,0.2416983686370763,0.2483192476979928,0.5099823836649306
2022-23,2023-04-04,Bournemouth,Brighton,3,2022-23,Independent Poisson,A,A,0.1981205161919287,0.2088975881051855,0.5929818957028858
2022-23,2023-04-04,Chelsea,Liverpool,3,2022-23,Independent Poisson,D,A,0.2599293974080148,0.2447012029172592,0.495369399674726
2022-23,2023-04-04,Leeds,Nott'm Forest,3,2022-23,Independent Poisson,H,H,0.4958508125303144,0.257617202577319,0.2465319848923665
2022-23,2023-04-04,Leicester,Aston Villa,3,2022-23,Independent Poisson,A,H,0.3948569916139708,0.2811667790546535,0.3239762293313756
2022-23,2023-04-05,Man United,Brentford,3,2022-23,Independent Poisson,H,H,0.5692418704940455,0.2320112370899045,0.1987468924160499
2022-23,2023-04-05,West Ham,Newcastle,3,2022-23,Independent Poisson,A,A,0.2776019860163844,0.2702428299734944,0.4521551840101211
2022-23,2023-04-08,Aston Villa,Nott'm Forest,3,2022-23,Independent Poisson,H,H,0.4611204524468454,0.2569092369784754,0.2819703105746792
2022-23,2023-04-08,Brentford,Newcastle,3,2022-23,Independent Poisson,A,A,0.2833305562033992,0.2622736001938912,0.4543958436027097
2022-23,2023-04-08,Fulham,West Ham,3,2022-23,Independent Poisson,A,A,0.3254096888287084,0.2743122745755701,0.4002780365957214
2022-23,2023-04-08,Leicester,Bournemouth,3,2022-23,Independent Poisson,A,H,0.5645750643464298,0.2506849167590809,0.1847400188944892
2022-23,2023-04-08,Man United,Everton,3,2022-23,Independent Poisson,H,H,0.6973016868949895,0.1835760794144916,0.1191222336905188
2022-23,2023-04-08,Southampton,Man City,3,2022-23,Independent Poisson,A,A,0.0574591052602182,0.1228038401164973,0.8197370546232843
2022-23,2023-04-08,Tottenham,Brighton,3,2022-23,Independent Poisson,H,H,0.4178781300913262,0.2455807024015399,0.3365411675071338
2022-23,2023-04-08,Wolves,Chelsea,3,2022-23,Independent Poisson,H,A,0.2501304784490369,0.2369752767915003,0.5128942447594629
2022-23,2023-04-09,Leeds,Crystal Palace,3,2022-23,Independent Poisson,A,H,0.4304334716608587,0.2545226265508493,0.315043901788292
2022-23,2023-04-09,Liverpool,Arsenal,3,2022-23,Independent Poisson,D,H,0.385651971448733,0.2736010037699209,0.3407470247813462
2022-23,2023-04-15,Aston Villa,Newcastle,3,2022-23,Independent Poisson,H,A,0.2640891123755277,0.249553344134422,0.4863575434900503
2022-23,2023-04-15,Chelsea,Brighton,3,2022-23,Independent Poisson,A,H,0.404396998250512,0.2491668404049788,0.346436161344509
2022-23,2023-04-15,Everton,Fulham,3,2022-23,Independent Poisson,A,A,0.3473270776220952,0.2802117310806777,0.372461191297227
2022-23,2023-04-15,Man City,Leicester,3,2022-23,Independent Poisson,H,H,0.8594264191380345,0.1014467584750943,0.039126822386871
2022-23,2023-04-15,Southampton,Crystal Palace,3,2022-23,Independent Poisson,A,A,0.293662157582096,0.2495593392531333,0.4567785031647706
2022-23,2023-04-15,Tottenham,Bournemouth,3,2022-23,Independent Poisson,A,H,0.7127861974375233,0.1784348677903742,0.1087789347721023
2022-23,2023-04-15,Wolves,Brentford,3,2022-23,Independent Poisson,H,A,0.2967837989727353,0.2679692981777749,0.4352469028494896
2022-23,2023-04-16,Nott'm Forest,Man United,3,2022-23,Independent Poisson,A,A,0.3070922696348525,0.249556686238262,0.4433510441268855
2022-23,2023-04-16,West Ham,Arsenal,3,2022-23,Independent Poisson,D,A,0.1813484511005896,0.2054800550639685,0.6131714938354418
2022-23,2023-04-17,Leeds,Liverpool,3,2022-23,Independent Poisson,A,A,0.1459573909499799,0.1935425799067162,0.6605000291433039
2022-23,2023-04-21,Arsenal,Southampton,3,2022-23,Independent Poisson,D,H,0.8607377403537109,0.1003732376685533,0.0388890219777357
2022-23,2023-04-22,Brentford,Aston Villa,3,2022-23,Independent Poisson,D,H,0.4253580241405154,0.2582584747405142,0.3163835011189704
2022-23,2023-04-22,Crystal Palace,Everton,3,2022-23,Independent Poisson,D,H,0.4934500892806284,0.2476302921567108,0.2589196185626607
2022-23,2023-04-22,Fulham,Leeds,3,2022-23,Independent Poisson,H,H,0.5132593757038464,0.2630211514821247,0.2237194728140287
2022-23,2023-04-22,Leicester,Wolves,3,2022-23,Independent Poisson,H,H,0.3902016446331686,0.2692695853255386,0.3405287700412928
2022-23,2023-04-22,Liverpool,Nott'm Forest,3,2022-23,Independent Poisson,H,H,0.8247296585570013,0.1230508664217441,0.0522194750212544
2022-23,2023-04-23,Bournemouth,West Ham,3,2022-23,Independent Poisson,A,A,0.2981421376638656,0.2448221424523309,0.4570357198838034
2022-23,2023-04-23,Newcastle,Tottenham,3,2022-23,Independent Poisson,H,H,0.5330105265553864,0.2382771183811305,0.2287123550634831
2022-23,2023-04-25,Aston Villa,Fulham,3,2022-23,Independent Poisson,H,H,0.5370180210957922,0.2470045087984814,0.2159774701057264
2022-23,2023-04-25,Leeds,Leicester,3,2022-23,Independent Poisson,D,H,0.4073901000813287,0.2521812996326391,0.340428600286032
2022-23,2023-04-25,Wolves,Crystal Palace,3,2022-23,Independent Poisson,H,A,0.3671257160302478,0.2604699833167938,0.3724043006529584
2022-23,2023-04-26,Chelsea,Brentford,3,2022-23,Independent Poisson,A,H,0.5117237936915977,0.2487013023771956,0.2395749039312066
2022-23,2023-04-26,Man City,Arsenal,3,2022-23,Independent Poisson,H,H,0.6033827332285073,0.2167345191905922,0.1798827475809004
2022-23,2023-04-26,Nott'm Forest,Brighton,3,2022-23,Independent Poisson,H,A,0.2365108559337226,0.2294227085599414,0.5340664355063358
2022-23,2023-04-26,West Ham,Liverpool,3,2022-23,Independent Poisson,A,A,0.280463774683751,0.2478244925643511,0.4717117327518978
2022-23,2023-04-27,Everton,Newcastle,3,2022-23,Independent Poisson,A,A,0.1360881180471563,0.2032989022368514,0.6606129797159924
2022-23,2023-04-27,Southampton,Bournemouth,3,2022-23,Independent Poisson,A,H,0.4564604390763461,0.2595636147212019,0.2839759462024518
2022-23,2023-04-27,Tottenham,Man United,3,2022-23,Independent Poisson,D,H,0.4123293482524735,0.2388921127976076,0.3487785389499187
2022-23,2023-04-29,Brentford,Nott'm Forest,3,2022-23,Independent Poisson,H,H,0.5964718342274709,0.2224116343032827,0.1811165314692463
2022-23,2023-04-29,Brighton,Wolves,3,2022-23,Independent Poisson,H,H,0.6000226020680983,0.2301402223874821,0.1698371755444196
2022-23,2023-04-29,Crystal Palace,West Ham,3,2022-23,Independent Poisson,H,A,0.3021772231692929,0.257474614557185,0.4403481622735219
2022-23,2023-04-30,Bournemouth,Leeds,3,2022-23,Independent Poisson,H,H,0.4540552872353747,0.2642634069403726,0.2816813058242525
2022-23,2023-04-30,Fulham,Man City,3,2022-23,Independent Poisson,A,A,0.0669591207127384,0.1263865161410626,0.8066543631461988
2022-23,2023-04-30,Liverpool,Tottenham,3,2022-23,Independent Poisson,H,H,0.6520759728364024,0.1939465167476974,0.1539775104159002
2022-23,2023-04-30,Man United,Aston Villa,3,2022-23,Independent Poisson,H,H,0.6272312863892694,0.2141397023697535,0.158629011240977
2022-23,2023-04-30,Newcastle,Southampton,3,2022-23,Independent Poisson,H,H,0.7840543126703987,0.1526769589922782,0.0632687283373229
2022-23,2023-05-01,Leicester,Everton,3,2022-23,Independent Poisson,D,H,0.4860969314254316,0.2749616852781958,0.2389413832963726
2022-23,2023-05-02,Arsenal,Chelsea,3,2022-23,Independent Poisson,H,H,0.770266322104767,0.1322459820282978,0.0974876958669353
2022-23,2023-05-03,Liverpool,Fulham,3,2022-23,Independent Poisson,H,H,0.8117306755628299,0.1275309914327431,0.0607383330044271
2022-23,2023-05-03,Man City,West Ham,3,2022-23,Independent Poisson,H,H,0.8415556989032389,0.1085952349690852,0.049849066127676
2022-23,2023-05-04,Brighton,Man United,3,2022-23,Independent Poisson,H,H,0.3841873432863461,0.261059167412789,0.3547534893008651
2022-23,2023-05-06,Bournemouth,Chelsea,3,2022-23,Independent Poisson,A,A,0.2400056916518053,0.2132655866252195,0.5467287217229753
2022-23,2023-05-06,Liverpool,Brentford,3,2022-23,Independent Poisson,H,H,0.7746517930530898,0.1443588405289592,0.080989366417951
2022-23,2023-05-06,Man City,Leeds,3,2022-23,Independent Poisson,H,H,0.955439012230418,0.0349432527871388,0.0096177349824432
2022-23,2023-05-06,Tottenham,Crystal Palace,3,2022-23,Independent Poisson,H,H,0.5594054949309022,0.2143623192610587,0.226232185808039
2022-23,2023-05-06,Wolves,Aston Villa,3,2022-23,Independent Poisson,H,A,0.2621839972424536,0.2478562073680881,0.4899597953894583
2022-23,2023-05-07,Newcastle,Arsenal,3,2022-23,Independent Poisson,A,H,0.4574677345758023,0.2501721520834942,0.2923601133407035
2022-23,2023-05-07,West Ham,Man United,3,2022-23,Independent Poisson,H,A,0.2291514415850559,0.2181603480992205,0.5526882103157233
2022-23,2023-05-08,Brighton,Everton,3,2022-23,Independent Poisson,A,H,0.6751201280838979,0.2011242646781097,0.1237556072379924
2022-23,2023-05-08,Fulham,Leicester,3,2022-23,Independent Poisson,H,H,0.3723221019682966,0.2660632579291508,0.3616146401025525
2022-23,2023-05-08,Nott'm Forest,Southampton,3,2022-23,Independent Poisson,H,H,0.5255358018069427,0.2527519841636452,0.221712214029412
2022-23,2023-05-13,Aston Villa,Tottenham,3,2022-23,Independent Poisson,H,H,0.3847970681669471,0.256667643087845,0.3585352887452077
2022-23,2023-05-13,Chelsea,Nott'm Forest,3,2022-23,Independent Poisson,D,H,0.6203118288420719,0.2074675168581061,0.1722206542998218
2022-23,2023-05-13,Crystal Palace,Bournemouth,3,2022-23,Independent Poisson,H,H,0.5286416590473839,0.2353161150713521,0.2360422258812637
2022-23,2023-05-13,Leeds,Newcastle,3,2022-23,Independent Poisson,D,A,0.1610309448856157,0.1907212278260276,0.6482478272883568
2022-23,2023-05-13,Man United,Wolves,3,2022-23,Independent Poisson,H,H,0.6184245819576877,0.2082587858189542,0.173316632223358
2022-23,2023-05-13,Southampton,Fulham,3,2022-23,Independent Poisson,A,A,0.3383543985643614,0.2777024197147982,0.3839431817208404
2022-23,2023-05-14,Arsenal,Brighton,3,2022-23,Independent Poisson,A,H,0.7101816943544628,0.1630937143205478,0.1267245913249893
2022-23,2023-05-14,Brentford,West Ham,3,2022-23,Independent Poisson,H,H,0.4537688373611011,0.2489823966430537,0.2972487659958452
2022-23,2023-05-14,Everton,Man City,3,2022-23,Independent Poisson,A,A,0.0933068676669963,0.1637403182844163,0.7429528140485873
2022-23,2023-05-15,Leicester,Liverpool,3,2022-23,Independent Poisson,A,A,0.2901834184121474,0.2613390664786071,0.4484775151092453
2022-23,2023-05-18,Newcastle,Brighton,3,2022-23,Independent Poisson,H,H,0.5774996457898467,0.2231262109602972,0.199374143249856
2022-23,2023-05-20,Bournemouth,Man United,3,2022-23,Independent Poisson,A,A,0.1706070015345765,0.1962952360500152,0.6330977624154082
2022-23,2023-05-20,Fulham,Crystal Palace,3,2022-23,Independent Poisson,D,H,0.3965906714931463,0.2506920327708512,0.3527172957360026
2022-23,2023-05-20,Liverpool,Aston Villa,3,2022-23,Independent Poisson,D,H,0.6944189075140804,0.1770137083193828,0.1285673841665367
2022-23,2023-05-20,Nott'm Forest,Arsenal,3,2022-23,Independent Poisson,H,A,0.1803256710405972,0.2131417476182152,0.6065325813411877
2022-23,2023-05-20,Tottenham,Brentford,3,2022-23,Independent Poisson,A,H,0.5068078506311524,0.2387461493210916,0.254446000047756
2022-23,2023-05-20,Wolves,Everton,3,2022-23,Independent Poisson,D,A,0.3678312556071585,0.2487640239225986,0.3834047204702427
2022-23,2023-05-21,Brighton,Southampton,3,2022-23,Independent Poisson,H,H,0.7755632753678621,0.151789939894567,0.0726467847375709
2022-23,2023-05-21,Man City,Chelsea,3,2022-23,Independent Poisson,H,H,0.8534141107388398,0.0967291590426622,0.0498567302184977
2022-23,2023-05-21,West Ham,Leeds,3,2022-23,Independent Poisson,H,H,0.5381704668954589,0.2360440431928409,0.2257854899117002
2022-23,2023-05-22,Newcastle,Leicester,3,2022-23,Independent Poisson,D,H,0.746614865435919,0.1624354549164324,0.0909496796476486
2022-23,2023-05-24,Brighton,Man City,3,2022-23,Independent Poisson,D,A,0.270566279405033,0.2354583452003034,0.4939753753946636
2022-23,2023-05-25,Man United,Chelsea,3,2022-23,Independent Poisson,H,H,0.4898967663817355,0.2326901238577034,0.2774131097605609
2022-23,2023-05-28,Arsenal,Wolves,3,2022-23,Independent Poisson,H,H,0.8644655363005638,0.0868528489852543,0.0486816147141818
2022-23,2023-05-28,Aston Villa,Brighton,3,2022-23,Independent Poisson,H,H,0.4165453881890155,0.2600172594674316,0.3234373523435529
2022-23,2023-05-28,Brentford,Man City,3,2022-23,Independent Poisson,H,A,0.1586665258317401,0.2000975059125434,0.6412359682557163
2022-23,2023-05-28,Chelsea,Newcastle,3,2022-23,Independent Poisson,D,A,0.3690377031173814,0.2591620943736689,0.3718002025089496
2022-23,2023-05-28,Crystal Palace,Nott'm Forest,3,2022-23,Independent Poisson,D,H,0.5414755630980619,0.2251720993527756,0.2333523375491624
2022-23,2023-05-28,Everton,Bournemouth,3,2022-23,Independent Poisson,H,H,0.4710376237969807,0.2481139083169962,0.2808484678860231
2022-23,2023-05-28,Leeds,Tottenham,3,2022-23,Independent Poisson,A,A,0.3030008508189459,0.2408207558477643,0.4561783933332897
2022-23,2023-05-28,Leicester,West Ham,3,2022-23,Independent Poisson,H,H,0.4241539129987508,0.2590478952949187,0.3167981917063306
2022-23,2023-05-28,Man United,Fulham,3,2022-23,Independent Poisson,H,H,0.6433625303649051,0.2081560399221067,0.148481429712988
2022-23,2023-05-28,Southampton,Liverpool,3,2022-23,Independent Poisson,D,A,0.1573806273243088,0.2066379846031004,0.6359813880725905
2023-24,2023-08-11,Burnley,Man City,4,2023-24,Independent Poisson,A,A,0.1236838494147178,0.1604355287566329,0.7158806218286491
2023-24,2023-08-12,Arsenal,Nott'm Forest,4,2023-24,Independent Poisson,H,H,0.767623704281839,0.1454703162928399,0.0869059794253209
2023-24,2023-08-12,Bournemouth,West Ham,4,2023-24,Independent Poisson,D,H,0.4595709551660177,0.2664917295303121,0.27393731530367
2023-24,2023-08-12,Brighton,Luton,4,2023-24,Independent Poisson,H,H,0.5661246034316618,0.226850074817416,0.2070253217509221
2023-24,2023-08-12,Everton,Fulham,4,2023-24,Independent Poisson,A,H,0.3949210624332218,0.2681543922584329,0.3369245453083452
2023-24,2023-08-12,Newcastle,Aston Villa,4,2023-24,Independent Poisson,H,H,0.403753995166772,0.2428838344177648,0.3533621704154632
2023-24,2023-08-12,Sheffield United,Crystal Palace,4,2023-24,Independent Poisson,A,A,0.2556369419032299,0.2479559919138305,0.4964070661829395
2023-24,2023-08-13,Brentford,Tottenham,4,2023-24,Independent Poisson,D,H,0.4493603047857347,0.2478678570470602,0.3027718381672052
2023-24,2023-08-13,Chelsea,Liverpool,4,2023-24,Independent Poisson,D,A,0.2770807088383098,0.2350394202830184,0.4878798708786717
2023-24,2023-08-14,Man United,Wolves,4,2023-24,Independent Poisson,H,H,0.6384684158473797,0.2003822417404105,0.1611493424122099
2023-24,2023-08-18,Nott'm Forest,Sheffield United,4,2023-24,Independent Poisson,H,H,0.4714431399595886,0.2597188104208022,0.2688380496196092
2023-24,2023-08-19,Fulham,Brentford,4,2023-24,Independent Poisson,A,A,0.3282710824717993,0.2604214614424152,0.4113074560857856
2023-24,2023-08-19,Liverpool,Bournemouth,4,2023-24,Independent Poisson,H,H,0.694026521442769,0.1774303626427172,0.1285431159145138
2023-24,2023-08-19,Man City,Newcastle,4,2023-24,Independent Poisson,H,H,0.6567581451866751,0.1801876971813201,0.1630541576320047
2023-24,2023-08-19,Tottenham,Man United,4,2023-24,Independent Poisson,H,A,0.3323282865116167,0.2499568271282842,0.4177148863600991
2023-24,2023-08-19,Wolves,Brighton,4,2023-24,Independent Poisson,A,A,0.2044937160125024,0.2200599524247062,0.5754463315627911
2023-24,2023-08-20,Aston Villa,Everton,4,2023-24,Independent Poisson,H,H,0.5455919406767831,0.2399373065386917,0.2144707527845253
2023-24,2023-08-20,West Ham,Chelsea,4,2023-24,Independent Poisson,H,H,0.3779938250846715,0.2470922342627824,0.3749139406525461
2023-24,2023-08-21,Crystal Palace,Arsenal,4,2023-24,Independent Poisson,A,A,0.2713836834962666,0.2416106023743785,0.4870057141293548
2023-24,2023-08-25,Chelsea,Luton,4,2023-24,Independent Poisson,H,H,0.487764828762345,0.2477711297173346,0.2644640415203204
2023-24,2023-08-26,Arsenal,Fulham,4,2023-24,Independent Poisson,D,H,0.7569503415009107,0.1504700857968038,0.0925795727022855
2023-24,2023-08-26,Bournemouth,Tottenham,4,2023-24,Independent Poisson,A,A,0.2395069743925746,0.2321373055629277,0.5283557200444979
2023-24,2023-08-26,Brentford,Crystal Palace,4,2023-24,Independent Poisson,D,H,0.575250485934091,0.2205312087790967,0.2042183052868124
2023-24,2023-08-26,Brighton,West Ham,4,2023-24,Independent Poisson,A,H,0.5579595006794047,0.2244534607679351,0.2175870385526602
2023-24,2023-08-26,Everton,Wolves,4,2023-24,Independent Poisson,A,H,0.3918205361831521,0.2837845094015958,0.3243949544152521
2023-24,2023-08-26,Man United,Nott'm Forest,4,2023-24,Independent Poisson,H,H,0.600872886785639,0.2125818247491596,0.1865452884652013
2023-24,2023-08-27,Burnley,Aston Villa,4,2023-24,Independent Poisson,A,A,0.2861326573775398,0.2585005294015536,0.4553668132209064
2023-24,2023-08-27,Newcastle,Liverpool,4,2023-24,Independent Poisson,A,A,0.3668177965812602,0.2413917178674021,0.3917904855513376
2023-24,2023-08-27,Sheffield United,Man City,4,2023-24,Independent Poisson,A,A,0.0905809209708055,0.1400101080355913,0.7694089709936032
2023-24,2023-09-01,Luton,West Ham,4,2023-24,Independent Poisson,A,A,0.244479818235951,0.25055586762004,0.504964314144009
2023-24,2023-09-02,Brentford,Bournemouth,4,2023-24,Independent Poisson,D,H,0.6079418316003113,0.2224720064768829,0.1695861619228059
2023-24,2023-09-02,Brighton,Newcastle,4,2023-24,Independent Poisson,H,H,0.4260178308874832,0.2497165927667821,0.3242655763457347
2023-24,2023-09-02,Burnley,Tottenham,4,2023-24,Independent Poisson,A,A,0.1689271814043658,0.2163121765104992,0.6147606420851348
2023-24,2023-09-02,Chelsea,Nott'm Forest,4,2023-24,Independent Poisson,A,H,0.534130468584188,0.2363936637461003,0.2294758676697116
2023-24,2023-09-02,Man City,Fulham,4,2023-24,Independent Poisson,H,H,0.8555786005255817,0.0958699880300849,0.0485514114443332
2023-24,2023-09-02,Sheffield United,Everton,4,2023-24,Independent Poisson,D,A,0.3447004311947164,0.2887192705239486,0.3665802982813351
2023-24,2023-09-03,Arsenal,Man United,4,2023-24,Independent Poisson,H,H,0.5789713120621836,0.2170178491666243,0.204010838771192
2023-24,2023-09-03,Crystal Palace,Wolves,4,2023-24,Independent Poisson,H,H,0.5070718102928361,0.238344430684948,0.2545837590222157
2023-24,2023-09-03,Liverpool,Aston Villa,4,2023-24,Independent Poisson,H,H,0.5980335933392078,0.2151674930882523,0.1867989135725399
2023-24,2023-09-16,Aston Villa,Crystal Palace,4,2023-24,Independent Poisson,H,H,0.4660907390804895,0.2497214931587174,0.2841877677607931
2023-24,2023-09-16,Fulham,Luton,4,2023-24,Independent Poisson,H,H,0.4773249727810152,0.2561715765078676,0.2665034507111172
2023-24,2023-09-16,Man United,Brighton,4,2023-24,Independent Poisson,A,H,0.5459805488995669,0.2185976423744083,0.2354218087260246
2023-24,2023-09-16,Newcastle,Brentford,4,2023-24,Independent Poisson,H,H,0.4458438779831373,0.2446828723222788,0.3094732496945839
2023-24,2023-09-16,Tottenham,Sheffield United,4,2023-24,Independent Poisson,H,H,0.7610648226767971,0.1525383688895858,0.0863968084336172
2023-24,2023-09-16,West Ham,Man City,4,2023-24,Independent Poisson,A,A,0.1623356050321454,0.1852126283652173,0.6524517666026373
2023-24,2023-09-16,Wolves,Liverpool,4,2023-24,Independent Poisson,A,A,0.1422705386255122,0.1816106096209141,0.6761188517535739
2023-24,2023-09-17,Bournemouth,Chelsea,4,2023-24,Independent Poisson,D,A,0.296483071001953,0.253158270949296,0.4503586580487509
2023-24,2023-09-17,Everton,Arsenal,4,2023-24,Independent Poisson,A,A,0.1848076507317707,0.2097584823311614,0.6054338669370676
2023-24,2023-09-18,Nott'm Forest,Burnley,4,2023-24,Independent Poisson,D,H,0.504489152887984,0.2534739602905222,0.2420368868214938
2023-24,2023-09-23,Brentford,Everton,4,2023-24,Independent Poisson,A,H,0.610058863938168,0.2258984518351124,0.1640426842267195
2023-24,2023-09-23,Burnley,Man United,4,2023-24,Independent Poisson,A,A,0.2329617596127465,0.2480683959252692,0.5189698444619844
2023-24,2023-09-23,Crystal Palace,Fulham,4,2023-24,Independent Poisson,D,H,0.4805279925722865,0.2590389673704681,0.2604330400572454
2023-24,2023-09-23,Luton,Wolves,4,2023-24,Independent Poisson,D,H,0.4079044801503388,0.2707884030051731,0.321307116844488
2023-24,2023-09-23,Man City,Nott'm Forest,4,2023-24,Independent Poisson,H,H,0.821354896957498,0.1179057159581527,0.0607393870843493
2023-24,2023-09-24,Arsenal,Tottenham,4,2023-24,Independent Poisson,D,H,0.4746243287043469,0.2465616985725555,0.2788139727230977
2023-24,2023-09-24,Brighton,Bournemouth,4,2023-24,Independent Poisson,H,H,0.7094886473174755,0.1799900918170235,0.1105212608655012
2023-24,2023-09-24,Chelsea,Aston Villa,4,2023-24,Independent Poisson,A,A,0.3144420598395163,0.2577890079963749,0.4277689321641089
2023-24,2023-09-24,Liverpool,West Ham,4,2023-24,Independent Poisson,H,H,0.7699007223255747,0.1443092822983119,0.0857899953761135
2023-24,2023-09-24,Sheffield United,Newcastle,4,2023-24,Independent Poisson,A,A,0.1848760873060114,0.2161958935751094,0.598928019118879
2023-24,2023-09-30,Aston Villa,Brighton,4,2023-24,Independent Poisson,H,A,0.3419395590241263,0.2607416155579897,0.3973188254178839
2023-24,2023-09-30,Bournemouth,Arsenal,4,2023-24,Independent Poisson,A,A,0.189774627521938,0.2162722077859676,0.5939531646920942
2023-24,2023-09-30,Everton,Luton,4,2023-24,Independent Poisson,A,H,0.4395684598063638,0.2650437291713354,0.2953878110223008
2023-24,2023-09-30,Man United,Crystal Palace,4,2023-24,Independent Poisson,A,H,0.5669607899033695,0.2302552564552734,0.2027839536413569
2023-24,2023-09-30,Newcastle,Burnley,4,2023-24,Independent Poisson,H,H,0.7259444997823179,0.1745840989025825,0.0994714013150996
2023-24,2023-09-30,Tottenham,Liverpool,4,2023-24,Independent Poisson,H,A,0.3018749892093317,0.2459509963645317,0.4521740144261366
2023-24,2023-09-30,West Ham,Sheffield United,4,2023-24,Independent Poisson,H,H,0.653781373772373,0.2128331822759178,0.1333854439517091
2023-24,2023-09-30,Wolves,Man City,4,2023-24,Independent Poisson,H,A,0.0740477854222913,0.1289876796334967,0.796964534944212
2023-24,2023-10-01,Nott'm Forest,Brentford,4,2023-24,Independent Poisson,D,A,0.3665210462476186,0.251216401605586,0.3822625521467953
2023-24,2023-10-02,Fulham,Chelsea,4,2023-24,Independent Poisson,A,H,0.4075586877772707,0.2545121073256187,0.3379292048971107
2023-24,2023-10-03,Luton,Burnley,4,2023-24,Independent Poisson,A,H,0.5054756537829136,0.2674895837821444,0.2270347624349419
2023-24,2023-10-07,Burnley,Chelsea,4,2023-24,Independent Poisson,A,A,0.2548521554812279,0.2469586289093596,0.4981892156094125
2023-24,2023-10-07,Crystal Palace,Nott'm Forest,4,2023-24,Independent Poisson,D,H,0.4708754988584215,0.2558441418371875,0.2732803593043909
2023-24,2023-10-07,Everton,Bournemouth,4,2023-24,Independent Poisson,H,H,0.4832782121983868,0.2679744826635278,0.2487473051380852
2023-24,2023-10-07,Fulham,Sheffield United,4,2023-24,Independent Poisson,H,H,0.5954664294163321,0.2337559451220468,0.170777625461621
2023-24,2023-10-07,Luton,Tottenham,4,2023-24,Independent Poisson,A,A,0.1487490706064234,0.2021438180047547,0.6491071113888216
2023-24,2023-10-07,Man United,Brentford,4,2023-24,Independent Poisson,H,H,0.5202646408215597,0.2378097466178674,0.241925612560573
2023-24,2023-10-08,Arsenal,Man City,4,2023-24,Independent Poisson,H,A,0.3667209591112523,0.2380437139898047,0.3952353268989431
2023-24,2023-10-08,Brighton,Liverpool,4,2023-24,Independent Poisson,D,A,0.3040997850157984,0.2449482183339599,0.4509519966502414
2023-24,2023-10-08,West Ham,Newcastle,4,2023-24,Independent Poisson,D,A,0.2590113994803756,0.2442837874761446,0.4967048130434796
2023-24,2023-10-08,Wolves,Aston Villa,4,2023-24,Independent Poisson,D,A,0.2861730500027185,0.2481629490585057,0.4656640009387757
2023-24,2023-10-21,Bournemouth,Wolves,4,2023-24,Independent Poisson,A,A,0.3306516625520279,0.2640421864402129,0.4053061510077592
2023-24,2023-10-21,Brentford,Burnley,4,2023-24,Independent Poisson,H,H,0.6236684910297363,0.2193836323214893,0.1569478766487745
2023-24,2023-10-21,Chelsea,Arsenal,4,2023-24,Independent Poisson,D,A,0.2111560208691807,0.2193840048883605,0.5694599742424588
2023-24,2023-10-21,Liverpool,Everton,4,2023-24,Independent Poisson,H,H,0.7867294568113801,0.1390428615961111,0.0742276815925089
2023-24,2023-10-21,Man City,Brighton,4,2023-24,Independent Poisson,H,H,0.8054015089903265,0.1227451233261488,0.0718533676835246
2023-24,2023-10-21,Newcastle,Crystal Palace,4,2023-24,Independent Poisson,H,H,0.6068974770811982,0.220714762091653,0.1723877608271486
2023-24,2023-10-21,Nott'm Forest,Luton,4,2023-24,Independent Poisson,D,H,0.4789082194973825,0.2571682600651948,0.2639235204374227
2023-24,2023-10-21,Sheffield United,Man United,4,2023-24,Independent Poisson,A,A,0.1819014772138373,0.2189589228846133,0.5991395999015494
2023-24,2023-10-22,Aston Villa,West Ham,4,2023-24,Independent Poisson,H,H,0.5603738484086022,0.235425036962759,0.2042011146286388
2023-24,2023-10-23,Tottenham,Fulham,4,2023-24,Independent Poisson,H,H,0.7207908898102051,0.1690843725163948,0.1101247376734
2023-24,2023-10-27,Crystal Palace,Tottenham,4,2023-24,Independent Poisson,A,A,0.3792055670109331,0.2394148337823839,0.3813795992066828
2023-24,2023-10-28,Arsenal,Sheffield United,4,2023-24,Independent Poisson,H,H,0.8288335186969378,0.1186054825733799,0.0525609987296824
2023-24,2023-10-28,Bournemouth,Burnley,4,2023-24,Independent Poisson,H,H,0.665018309524964,0.2080508317548946,0.1269308587201414
2023-24,2023-10-28,Chelsea,Brentford,4,2023-24,Independent Poisson,A,H,0.4488340145488187,0.2684826463272612,0.2826833391239201
2023-24,2023-10-28,Wolves,Newcastle,4,2023-24,Independent Poisson,D,A,0.1816701969009371,0.2146641505631953,0.6036656525358677
2023-24,2023-10-29,Aston Villa,Luton,4,2023-24,Independent Poisson,H,H,0.4875666178367401,0.2684503417696311,0.2439830403936287
2023-24,2023-10-29,Brighton,Fulham,4,2023-24,Independent Poisson,D,H,0.6294852190047975,0.2072869057706506,0.1632278752245519
2023-24,2023-10-29,Liverpool,Nott'm Forest,4,2023-24,Independent Poisson,H,H,0.7726848469332597,0.1465576645900136,0.0807574884767267
2023-24,2023-10-29,Man United,Man City,4,2023-24,Independent Poisson,A,A,0.2430859948212383,0.2292152235532504,0.5276987816255112
2023-24,2023-10-29,West Ham,Everton,4,2023-24,Independent Poisson,A,H,0.485379072930967,0.2552135041747507,0.2594074228942822
2023-24,2023-11-04,Brentford,West Ham,4,2023-24,Independent Poisson,H,H,0.5228286491060748,0.2427338372440539,0.2344375136498714
2023-24,2023-11-04,Burnley,Crystal Palace,4,2023-24,Independent Poisson,A,A,0.345294737023004,0.2729129614396532,0.3817923015373425
2023-24,2023-11-04,Everton,Brighton,4,2023-24,Independent Poisson,D,A,0.3450997047723144,0.2685013299490658,0.3863989652786198
2023-24,2023-11-04,Fulham,Man United,4,2023-24,Independent Poisson,A,A,0.2903806806791434,0.2466810232198699,0.4629382961009866
2023-24,2023-11-04,Man City,Bournemouth,4,2023-24,Independent Poisson,H,H,0.9205818926565053,0.0576531771292036,0.0217649302142911
2023-24,2023-11-04,Newcastle,Arsenal,4,2023-24,Independent Poisson,H,A,0.1558448049848794,0.2152170190125458,0.628938176002575
2023-24,2023-11-04,Sheffield United,Wolves,4,2023-24,Independent Poisson,H,A,0.2650477966622886,0.2510291683672359,0.4839230349704756
2023-24,2023-11-05,Luton,Liverpool,4,2023-24,Independent Poisson,D,A,0.1288965510385803,0.1789478603123495,0.6921555886490702
2023-24,2023-11-05,Nott'm Forest,Aston Villa,4,2023-24,Independent Poisson,H,A,0.1810711138565173,0.2308256870439001,0.5881031990995825
2023-24,2023-11-06,Tottenham,Chelsea,4,2023-24,Independent Poisson,A,H,0.6532345020575259,0.1926952496796315,0.1540702482628427
2023-24,2023-11-11,Arsenal,Burnley,4,2023-24,Independent Poisson,H,H,0.8513596083840542,0.1054425618429027,0.043197829773043
2023-24,2023-11-11,Bournemouth,Newcastle,4,2023-24,Independent Poisson,H,A,0.1721255975824999,0.1979407342005809,0.6299336682169192
2023-24,2023-11-11,Crystal Palace,Everton,4,2023-24,Independent Poisson,A,H,0.465845753030873,0.2633819554839632,0.2707722914851638
2023-24,2023-11-11,Man United,Luton,4,2023-24,Independent Poisson,H,H,0.6146210404140426,0.2188189494110382,0.166560010174919
2023-24,2023-11-11,Wolves,Tottenham,4,2023-24,Independent Poisson,H,A,0.2659976267622969,0.238397558721943,0.49560481451576
2023-24,2023-11-12,Aston Villa,Fulham,4,2023-24,Independent Poisson,H,H,0.6152596149841443,0.219619548968231,0.1651208360476248
2023-24,2023-11-12,Brighton,Sheffield United,4,2023-24,Independent Poisson,D,H,0.8018544010931745,0.1357818254049203,0.0623637735019051
2023-24,2023-11-12,Chelsea,Man City,4,2023-24,Independent Poisson,D,A,0.1336550822697096,0.1946497354271863,0.6716951823031041
2023-24,2023-11-12,Liverpool,Brentford,4,2023-24,Independent Poisson,H,H,0.6034554362836247,0.219063811557548,0.1774807521588273
2023-24,2023-11-12,West Ham,Nott'm Forest,4,2023-24,Independent Poisson,H,H,0.4965314725310327,0.2494255003215135,0.2540430271474536
2023-24,2023-11-25,Brentford,Arsenal,4,2023-24,Independent Poisson,A,A,0.2377225913658812,0.2236443155884306,0.5386330930456881
2023-24,2023-11-25,Burnley,West Ham,4,2023-24,Independent Poisson,A,A,0.303189589315171,0.2587550250257595,0.4380553856590695
2023-24,2023-11-25,Luton,Crystal Palace,4,2023-24,Independent Poisson,H,H,0.3992778733446733,0.2706269080683393,0.3300952185869874
2023-24,2023-11-25,Man City,Liverpool,4,2023-24,Independent Poisson,D,H,0.537071412347774,0.219910421386616,0.24301816626561
2023-24,2023-11-25,Newcastle,Chelsea,4,2023-24,Independent Poisson,H,H,0.4616063622481525,0.2618862510686721,0.2765073866831751
2023-24,2023-11-25,Nott'm Forest,Brighton,4,2023-24,Independent Poisson,A,A,0.3210974213059833,0.2477567266638562,0.4311458520301603
2023-24,2023-11-25,Sheffield United,Bournemouth,4,2023-24,Independent Poisson,A,H,0.4206623701179048,0.2632451053851913,0.3160925244969039
2023-24,2023-11-26,Everton,Man United,4,2023-24,Independent Poisson,A,A,0.3032816890727735,0.2718577033259864,0.42486060760124
2023-24,2023-11-26,Tottenham,Aston Villa,4,2023-24,Independent Poisson,A,H,0.4715760944657647,0.2459149387968736,0.2825089667373616
2023-24,2023-11-27,Fulham,Wolves,4,2023-24,Independent Poisson,H,A,0.3541363182452234,0.2643257235727907,0.3815379581819858
2023-24,2023-12-02,Arsenal,Wolves,4,2023-24,Independent Poisson,H,H,0.7455581921756306,0.1516900415587545,0.102751766265615
2023-24,2023-12-02,Brentford,Luton,4,2023-24,Independent Poisson,H,H,0.5574376173709368,0.2383911731242717,0.2041712095047914
2023-24,2023-12-02,Burnley,Sheffield United,4,2023-24,Independent Poisson,H,H,0.4694989119096356,0.2757787680719407,0.2547223200184234
2023-24,2023-12-02,Newcastle,Man United,4,2023-24,Independent Poisson,H,H,0.4815333811284554,0.250907284407129,0.2675593344644154
2023-24,2023-12-02,Nott'm Forest,Everton,4,2023-24,Independent Poisson,A,H,0.4764770393124001,0.2499990688873999,0.2735238918001998
2023-24,2023-12-03,Bournemouth,Aston Villa,4,2023-24,Independent Poisson,D,A,0.156687409878257,0.212708434367568,0.630604155754175
2023-24,2023-12-03,Chelsea,Brighton,4,2023-24,Independent Poisson,H,H,0.4469879338881457,0.2457414196090811,0.3072706465027729
2023-24,2023-12-03,Liverpool,Fulham,4,2023-24,Independent Poisson,H,H,0.7787563206731278,0.1418739107787858,0.0793697685480862
2023-24,2023-12-03,Man City,Tottenham,4,2023-24,Independent Poisson,D,H,0.82339927455428,0.1112082141971756,0.0653925112485443
2023-24,2023-12-03,West Ham,Crystal Palace,4,2023-24,Independent Poisson,D,H,0.4811516101676349,0.2472210945916855,0.2716272952406795
2023-24,2023-12-05,Luton,Arsenal,4,2023-24,Independent Poisson,A,A,0.1426343555827293,0.2026243364369987,0.6547413079802722
2023-24,2023-12-05,Wolves,Burnley,4,2023-24,Independent Poisson,H,H,0.5229672178974043,0.2570616390183018,0.2199711430842939
2023-24,2023-12-06,Aston Villa,Man City,4,2023-24,Independent Poisson,H,A,0.2271621843613652,0.2214605863022342,0.5513772293364005
2023-24,2023-12-06,Brighton,Brentford,4,2023-24,Independent Poisson,H,H,0.5706374104140841,0.2291176587535375,0.2002449308323783
2023-24,2023-12-06,Crystal Palace,Bournemouth,4,2023-24,Independent Poisson,A,H,0.5685084939530124,0.2394438917803858,0.1920476142666016
2023-24,2023-12-06,Fulham,Nott'm Forest,4,2023-24,Independent Poisson,H,H,0.4614923161044253,0.2667750998285917,0.2717325840669827
2023-24,2023-12-06,Man United,Chelsea,4,2023-24,Independent Poisson,H,H,0.4193659473666538,0.259001435216427,0.321632617416919
2023-24,2023-12-06,Sheffield United,Liverpool,4,2023-24,Independent Poisson,A,A,0.0359210137559283,0.0803578257032559,0.8837211605408156
2023-24,2023-12-07,Everton,Newcastle,4,2023-24,Independent Poisson,H,A,0.2251902838323099,0.2247905777762201,0.5500191383914699
2023-24,2023-12-07,Tottenham,West Ham,4,2023-24,Independent Poisson,A,H,0.5650105479531207,0.2296573547593553,0.2053320972875242
2023-24,2023-12-09,Aston Villa,Arsenal,4,2023-24,Independent Poisson,H,H,0.3956631777549461,0.2488683717251004,0.3554684505199534
2023-24,2023-12-09,Brighton,Burnley,4,2023-24,Independent Poisson,D,H,0.6863353837183587,0.2002329673916034,0.1134316488900378
2023-24,2023-12-09,Crystal Palace,Liverpool,4,2023-24,Independent Poisson,A,A,0.1565840107039918,0.2067770177693767,0.6366389715266313
2023-24,2023-12-09,Man United,Bournemouth,4,2023-24,Independent Poisson,A,H,0.6388184387791086,0.2215841538709407,0.1395974073499506
2023-24,2023-12-09,Sheffield United,Brentford,4,2023-24,Independent Poisson,H,A,0.1860159254404307,0.2311911019797094,0.5827929725798598
2023-24,2023-12-09,Wolves,Nott'm Forest,4,2023-24,Independent Poisson,D,H,0.3730909503794255,0.2600624150380957,0.3668466345824787
2023-24,2023-12-10,Everton,Chelsea,4,2023-24,Independent Poisson,H,H,0.4203970968135697,0.2572441264712296,0.3223587767152007
2023-24,2023-12-10,Fulham,West Ham,4,2023-24,Independent Poisson,H,A,0.2832953432129826,0.2578264750050053,0.458878181782012
2023-24,2023-12-10,Luton,Man City,4,2023-24,Independent Poisson,A,A,0.0817814707837815,0.1372929885608781,0.7809255406553403
2023-24,2023-12-10,Tottenham,Newcastle,4,2023-24,Independent Poisson,H,H,0.4811905107063895,0.2408039823076387,0.2780055069859719
2023-24,2023-12-15,Nott'm Forest,Tottenham,4,2023-24,Independent Poisson,A,A,0.2546970811496499,0.2284135455490694,0.5168893733012806
2023-24,2023-12-16,Burnley,Everton,4,2023-24,Independent Poisson,A,A,0.2995360338382608,0.2906947705088253,0.409769195652914
2023-24,2023-12-16,Chelsea,Sheffield United,4,2023-24,Independent Poisson,H,H,0.7271882527157882,0.1730823873719036,0.0997293599123081
2023-24,2023-12-16,Man City,Crystal Palace,4,2023-24,Independent Poisson,D,H,0.8542468491594967,0.0987288116543718,0.0470243391861314
2023-24,2023-12-16,Newcastle,Fulham,4,2023-24,Independent Poisson,H,H,0.4309341712550724,0.2471665347663332,0.3218992939785943
2023-24,2023-12-17,Arsenal,Brighton,4,2023-24,Independent Poisson,H,H,0.6601033057104959,0.188127050606282,0.151769643683222
2023-24,2023-12-17,Brentford,Aston Villa,4,2023-24,Independent Poisson,A,A,0.2996168705989029,0.250576414776718,0.449806714624379
2023-24,2023-12-17,Liverpool,Man United,4,2023-24,Independent Poisson,D,H,0.6937033297794322,0.1761412179345533,0.1301554522860143
2023-24,2023-12-17,West Ham,Wolves,4,2023-24,Independent Poisson,H,H,0.4810516715089743,0.2480138680444318,0.2709344604465937
2023-24,2023-12-21,Crystal Palace,Brighton,4,2023-24,Independent Poisson,D,A,0.3461811556364842,0.2604484284512526,0.393370415912263
2023-24,2023-12-22,Aston Villa,Sheffield United,4,2023-24,Independent Poisson,D,H,0.7912803208199576,0.1415300936911391,0.0671895854889032
2023-24,2023-12-23,Fulham,Burnley,4,2023-24,Independent Poisson,A,H,0.4857030636261574,0.2629417096418668,0.2513552267319759
2023-24,2023-12-23,Liverpool,Arsenal,4,2023-24,Independent Poisson,D,H,0.482930205168587,0.2343938644306702,0.2826759304007427
2023-24,2023-12-23,Luton,Newcastle,4,2023-24,Independent Poisson,H,A,0.2595035149456036,0.2436004144728326,0.4968960705815637
2023-24,2023-12-23,Nott'm Forest,Bournemouth,4,2023-24,Independent Poisson,A,H,0.4029050375327409,0.259534129141208,0.3375608333260511
2023-24,2023-12-23,Tottenham,Everton,4,2023-24,Independent Poisson,H,H,0.6146990887202932,0.2239911240846115,0.1613097871950952
2023-24,2023-12-23,West Ham,Man United,4,2023-24,Independent Poisson,H,A,0.3333780525400348,0.2555390117668441,0.4110829356931212
2023-24,2023-12-24,Wolves,Chelsea,4,2023-24,Independent Poisson,H,A,0.3444424815983863,0.2414719440879267,0.414085574313687
2023-24,2023-12-26,Bournemouth,Fulham,4,2023-24,Independent Poisson,H,A,0.3469279101092685,0.2702241190331977,0.382847970857534
2023-24,2023-12-26,Burnley,Liverpool,4,2023-24,Independent Poisson,A,A,0.1170552406533037,0.1902766530341361,0.6926681063125599
2023-24,2023-12-26,Man United,Aston Villa,4,2023-24,Independent Poisson,H,H,0.4331298972406065,0.2586257827428037,0.3082443200165899
2023-24,2023-12-26,Newcastle,Nott'm Forest,4,2023-24,Independent Poisson,A,H,0.6427825943847716,0.2074722142027979,0.1497451914124304
2023-24,2023-12-26,Sheffield United,Luton,4,2023-24,Independent Poisson,A,A,0.2245802845906674,0.2537677678491207,0.5216519475602118
2023-24,2023-12-27,Brentford,Wolves,4,2023-24,Independent Poisson,A,H,0.4595142317347995,0.2499987213986808,0.2904870468665196
2023-24,2023-12-27,Chelsea,Crystal Palace,4,2023-24,Independent Poisson,H,H,0.5882201874962907,0.2155314209464911,0.1962483915572181
2023-24,2023-12-27,Everton,Man City,4,2023-24,Independent Poisson,A,A,0.1816109487738659,0.2009531174812324,0.6174359337449016
2023-24,2023-12-28,Arsenal,West Ham,4,2023-24,Independent Poisson,A,H,0.6669923000693769,0.1905577315026911,0.1424499684279321
2023-24,2023-12-28,Brighton,Tottenham,4,2023-24,Independent Poisson,H,H,0.4379310933099642,0.2435512523659935,0.3185176543240422
2023-24,2023-12-30,Aston Villa,Burnley,4,2023-24,Independent Poisson,H,H,0.7453134215521872,0.1664124253520311,0.0882741530957816
2023-24,2023-12-30,Crystal Palace,Brentford,4,2023-24,Independent Poisson,H,H,0.4648268369893079,0.2648327990123713,0.2703403639983208
2023-24,2023-12-30,Luton,Chelsea,4,2023-24,Independent Poisson,A,A,0.2695610008395191,0.2585008004265472,0.4719381987339336
2023-24,2023-12-30,Man City,Sheffield United,4,2023-24,Independent Poisson,H,H,0.9521889338322416,0.0385778313683704,0.0092332347993879
2023-24,2023-12-30,Nott'm Forest,Man United,4,2023-24,Independent Poisson,H,A,0.2656139986346322,0.2667883852833312,0.4675976160820367
2023-24,2023-12-30,Wolves,Everton,4,2023-24,Independent Poisson,H,H,0.3784904432776702,0.2863009963885817,0.3352085603337479
2023-24,2023-12-31,Fulham,Arsenal,4,2023-24,Independent Poisson,H,A,0.1556075118508724,0.216663347041722,0.6277291411074053
2023-24,2023-12-31,Tottenham,Bournemouth,4,2023-24,Independent Poisson,H,H,0.6869530486247346,0.1947100470360094,0.1183369043392559
2023-24,2024-01-01,Liverpool,Newcastle,4,2023-24,Independent Poisson,H,H,0.6801617900814785,0.1870664474916631,0.1327717624268582
2023-24,2024-01-02,West Ham,Brighton,4,2023-24,Independent Poisson,D,H,0.4039074047408949,0.2666314571438255,0.3294611381152794
2023-24,2024-01-12,Burnley,Luton,4,2023-24,Independent Poisson,D,H,0.366111261668105,0.2907067183950848,0.3431820199368104
2023-24,2024-01-13,Chelsea,Fulham,4,2023-24,Independent Poisson,H,H,0.5446612090496392,0.2363306210179061,0.2190081699324546
2023-24,2024-01-13,Newcastle,Man City,4,2023-24,Independent Poisson,A,A,0.2346010244397076,0.2257692255450351,0.5396297500152573
2023-24,2024-01-14,Everton,Aston Villa,4,2023-24,Independent Poisson,D,A,0.2682231550413637,0.2462366269491759,0.4855402180094604
2023-24,2024-01-14,Man United,Tottenham,4,2023-24,Independent Poisson,D,H,0.4467586583400921,0.2518288910775481,0.3014124505823597
2023-24,2024-01-20,Arsenal,Crystal Palace,4,2023-24,Independent Poisson,H,H,0.7055037613709157,0.1769435478733934,0.1175526907556908
2023-24,2024-01-20,Brentford,Nott'm Forest,4,2023-24,Independent Poisson,H,H,0.4857912894686669,0.2597190597623331,0.2544896507689999
2023-24,2024-01-21,Bournemouth,Liverpool,4,2023-24,Independent Poisson,A,A,0.1458923318873119,0.2053957538026301,0.6487119143100577
2023-24,2024-01-21,Sheffield United,West Ham,4,2023-24,Independent Poisson,D,A,0.2427047543815664,0.2670992757321366,0.490195969886297
2023-24,2024-01-22,Brighton,Wolves,4,2023-24,Independent Poisson,D,H,0.5775618317994196,0.2243002141553048,0.1981379540452754
2023-24,2024-01-30,Aston Villa,Newcastle,4,2023-24,Independent Poisson,A,H,0.4951097261947561,0.2471907337600871,0.2576995400451569
2023-24,2024-01-30,Crystal Palace,Sheffield United,4,2023-24,Independent Poisson,H,H,0.5944319027739424,0.2405204096069639,0.1650476876190936
2023-24,2024-01-30,Fulham,Everton,4,2023-24,Independent Poisson,D,H,0.394678775640199,0.2585288271933655,0.3467923971664354
2023-24,2024-01-30,Luton,Brighton,4,2023-24,Independent Poisson,H,A,0.28259749397875,0.2725502630428764,0.4448522429783736
2023-24,2024-01-30,Nott'm Forest,Arsenal,4,2023-24,Independent Poisson,A,A,0.1659052643979148,0.2154358684836465,0.6186588671184388
2023-24,2024-01-31,Liverpool,Chelsea,4,2023-24,Independent Poisson,H,H,0.794355400263562,0.132918485426731,0.072726114309707
2023-24,2024-01-31,Man City,Burnley,4,2023-24,Independent Poisson,H,H,0.9193836465079316,0.0603930445663513,0.0202233089257171
2023-24,2024-01-31,Tottenham,Brentford,4,2023-24,Independent Poisson,H,H,0.6255096984718227,0.216523064527158,0.1579672370010194
2023-24,2024-02-01,West Ham,Bournemouth,4,2023-24,Independent Poisson,D,H,0.5859645816141572,0.2295948117931113,0.1844406065927315
2023-24,2024-02-01,Wolves,Man United,4,2023-24,Independent Poisson,A,A,0.3643464226895945,0.2530186046627722,0.3826349726476334
2023-24,2024-02-03,Brighton,Crystal Palace,4,2023-24,Independent Poisson,H,H,0.5858524424200521,0.2265651525300867,0.1875824050498611
2023-24,2024-02-03,Burnley,Fulham,4,2023-24,Independent Poisson,D,H,0.4523281741674027,0.2737661998555851,0.273905625977012
2023-24,2024-02-03,Everton,Tottenham,4,2023-24,Independent Poisson,D,A,0.2144979301338348,0.2270736120853155,0.5584284577808496
2023-24,2024-02-03,Newcastle,Luton,4,2023-24,Independent Poisson,D,H,0.581524817510972,0.2353994948544926,0.1830756876345353
2023-24,2024-02-03,Sheffield United,Aston Villa,4,2023-24,Independent Poisson,A,A,0.2076988498221852,0.2338855213913054,0.5584156287865092
2023-24,2024-02-04,Arsenal,Liverpool,4,2023-24,Independent Poisson,H,A,0.3439090343870481,0.254621760839997,0.4014692047729548
2023-24,2024-02-04,Bournemouth,Nott'm Forest,4,2023-24,Independent Poisson,D,H,0.5077121976398729,0.2619081080292503,0.2303796943308767
2023-24,2024-02-04,Chelsea,Wolves,4,2023-24,Independent Poisson,A,A,0.3480964961758216,0.256027525922309,0.3958759779018691
2023-24,2024-02-04,Man United,West Ham,4,2023-24,Independent Poisson,H,H,0.5593759157334179,0.2402089414222134,0.2004151428443683
2023-24,2024-02-05,Brentford,Man City,4,2023-24,Independent Poisson,A,A,0.1396260808299669,0.1872998453522638,0.6730740738177692
2023-24,2024-02-10,Fulham,Bournemouth,4,2023-24,Independent Poisson,H,H,0.4326534573200622,0.2565280550249444,0.3108184876549933
2023-24,2024-02-10,Liverpool,Burnley,4,2023-24,Independent Poisson,H,H,0.8847401879503434,0.0817955071759452,0.0334643048737113
2023-24,2024-02-10,Luton,Sheffield United,4,2023-24,Independent Poisson,A,H,0.5910805167894124,0.248477564990781,0.1604419182198064
2023-24,2024-02-10,Man City,Everton,4,2023-24,Independent Poisson,H,H,0.8764655856173106,0.0854543413946057,0.0380800729880837
2023-24,2024-02-10,Nott'm Forest,Newcastle,4,2023-24,Independent Poisson,A,A,0.2339839559386175,0.2550861686130041,0.5109298754483781
2023-24,2024-02-10,Tottenham,Brighton,4,2023-24,Independent Poisson,H,H,0.5131056087478407,0.2475878536080836,0.2393065376440755
2023-24,2024-02-10,Wolves,Brentford,4,2023-24,Independent Poisson,A,H,0.4770490261820303,0.2544126828985429,0.2685382909194267
2023-24,2024-02-11,Aston Villa,Man United,4,2023-24,Independent Poisson,A,H,0.5795890939939958,0.2187279678597224,0.2016829381462817
2023-24,2024-02-11,West Ham,Arsenal,4,2023-24,Independent Poisson,A,A,0.2347572247636563,0.2446685256666972,0.5205742495696466
2023-24,2024-02-12,Crystal Palace,Chelsea,4,2023-24,Independent Poisson,A,H,0.419115362047616,0.2503345448683804,0.3305500930840035
2023-24,2024-02-17,Brentford,Liverpool,4,2023-24,Independent Poisson,A,A,0.155599754241991,0.2027417816672835,0.6416584640907255
2023-24,2024-02-17,Burnley,Arsenal,4,2023-24,Independent Poisson,A,A,0.0937873695665441,0.1627593409489885,0.7434532894844674
2023-24,2024-02-17,Fulham,Aston Villa,4,2023-24,Independent Poisson,A,A,0.2944533194897289,0.2451927759276133,0.4603539045826577
2023-24,2024-02-17,Man City,Chelsea,4,2023-24,Independent Poisson,D,H,0.8164985679906678,0.1215906224859789,0.0619108095233531
2023-24,2024-02-17,Newcastle,Bournemouth,4,2023-24,Independent Poisson,D,H,0.7144724635938993,0.1685619250769829,0.1169656113291177
2023-24,2024-02-17,Nott'm Forest,West Ham,4,2023-24,Independent Poisson,H,H,0.3907714093581944,0.2706725921691353,0.3385559984726703
2023-24,2024-02-17,Tottenham,Wolves,4,2023-24,Independent Poisson,A,H,0.5816587185240752,0.2177620667945036,0.2005792146814211
2023-24,2024-02-18,Luton,Man United,4,2023-24,Independent Poisson,A,A,0.322157423282259,0.2686245911598498,0.4092179855578911
2023-24,2024-02-18,Sheffield United,Brighton,4,2023-24,Independent Poisson,A,A,0.2137462993543348,0.2438471875939879,0.5424065130516773
2023-24,2024-02-19,Everton,Crystal Palace,4,2023-24,Independent Poisson,D,H,0.5382660211621193,0.2360408254643582,0.2256931533735223
2023-24,2024-02-20,Man City,Brentford,4,2023-24,Independent Poisson,H,H,0.8555638698740871,0.0992510644219967,0.0451850657039163
2023-24,2024-02-21,Liverpool,Luton,4,2023-24,Independent Poisson,H,H,0.7853443693254224,0.1364056354016784,0.078249995272899
2023-24,2024-02-24,Arsenal,Newcastle,4,2023-24,Independent Poisson,H,H,0.597428553981675,0.2201308120612846,0.1824406339570404
2023-24,2024-02-24,Aston Villa,Nott'm Forest,4,2023-24,Independent Poisson,H,H,0.6710189449593266,0.1926780671727633,0.1363029878679101
2023-24,2024-02-24,Bournemouth,Man City,4,2023-24,Independent Poisson,A,A,0.1379496125076849,0.1963407622557987,0.6657096252365164
2023-24,2024-02-24,Brighton,Everton,4,2023-24,Independent Poisson,D,H,0.5725392674511102,0.2271984580291199,0.2002622745197698
2023-24,2024-02-24,Crystal Palace,Burnley,4,2023-24,Independent Poisson,H,H,0.547304262666237,0.2399181838830252,0.2127775534507378
2023-24,2024-02-24,Man United,Fulham,4,2023-24,Independent Poisson,A,H,0.6348569768123442,0.2052273274281847,0.1599156957594712
2023-24,2024-02-25,Wolves,Sheffield United,4,2023-24,Independent Poisson,H,H,0.730806544446937,0.1688837816175305,0.1003096739355323
2023-24,2024-02-26,West Ham,Brentford,4,2023-24,Independent Poisson,H,H,0.487884923024664,0.2460722227059202,0.2660428542694159
2023-24,2024-03-02,Brentford,Chelsea,4,2023-24,Independent Poisson,D,H,0.4093398464107239,0.2379641626856264,0.3526959909036497
2023-24,2024-03-02,Everton,West Ham,4,2023-24,Independent Poisson,A,H,0.4715038928399646,0.2547636824802455,0.27373242467979
2023-24,2024-03-02,Fulham,Brighton,4,2023-24,Independent Poisson,H,A,0.2680422653286129,0.2484900497128682,0.4834676849585187
2023-24,2024-03-02,Luton,Aston Villa,4,2023-24,Independent Poisson,A,A,0.229038896716538,0.2476865526541951,0.5232745506292671
2023-24,2024-03-02,Newcastle,Wolves,4,2023-24,Independent Poisson,H,H,0.5687666092913894,0.2303519709012285,0.200881419807382
2023-24,2024-03-02,Nott'm Forest,Liverpool,4,2023-24,Independent Poisson,A,A,0.1071518066605113,0.1719252949543798,0.7209228983851086
2023-24,2024-03-02,Tottenham,Crystal Palace,4,2023-24,Independent Poisson,H,H,0.6249422281354418,0.2138183422205205,0.1612394296440377
2023-24,2024-03-03,Burnley,Bournemouth,4,2023-24,Independent Poisson,A,A,0.3654286420733157,0.2484776058364595,0.3860937520902248
2023-24,2024-03-03,Man City,Man United,4,2023-24,Independent Poisson,H,H,0.7867079330256872,0.1340274735056224,0.0792645934686904
2023-24,2024-03-04,Sheffield United,Arsenal,4,2023-24,Independent Poisson,A,A,0.0493380012810365,0.1010219536865872,0.849640045032376
2023-24,2024-03-09,Arsenal,Brentford,4,2023-24,Independent Poisson,H,H,0.8019161287598324,0.1292050668449636,0.0688788043952039
2023-24,2024-03-09,Bournemouth,Sheffield United,4,2023-24,Independent Poisson,D,H,0.7156032364445081,0.1810746879448489,0.1033220756106429
2023-24,2024-03-09,Crystal Palace,Luton,4,2023-24,Independent Poisson,D,H,0.4165831028569096,0.250744717115561,0.3326721800275291
2023-24,2024-03-09,Man United,Everton,4,2023-24,Independent Poisson,H,H,0.6264924405128021,0.2078257797904074,0.1656817796967906
2023-24,2024-03-09,Wolves,Fulham,4,2023-24,Independent Poisson,H,H,0.381325798026126,0.2689118740342688,0.3497623279396051
2023-24,2024-03-10,Aston Villa,Tottenham,4,2023-24,Independent Poisson,A,H,0.6277471165373762,0.1914835353574233,0.1807693481052006
2023-24,2024-03-10,Brighton,Nott'm Forest,4,2023-24,Independent Poisson,H,H,0.6147752276777739,0.2101777162243887,0.1750470560978372
2023-24,2024-03-10,Liverpool,Man City,4,2023-24,Independent Poisson,D,H,0.5413187357178897,0.2211884632117767,0.2374928010703334
2023-24,2024-03-10,West Ham,Burnley,4,2023-24,Independent Poisson,D,H,0.733980977924933,0.1627673144522901,0.1032517076227767
2023-24,2024-03-11,Chelsea,Newcastle,4,2023-24,Independent Poisson,H,A,0.3670493143233723,0.2588920848627743,0.3740586008138533
2023-24,2024-03-13,Bournemouth,Luton,4,2023-24,Independent Poisson,H,H,0.4562966146327266,0.2544307756998647,0.2892726096674086
2023-24,2024-03-16,Burnley,Brentford,4,2023-24,Independent Poisson,H,A,0.3131859988640726,0.2496685455774658,0.4371454555584615
2023-24,2024-03-16,Fulham,Tottenham,4,2023-24,Independent Poisson,H,A,0.2792912246957857,0.2316750237417607,0.4890337515624535
2023-24,2024-03-16,Luton,Nott'm Forest,4,2023-24,Independent Poisson,D,H,0.4889828926097687,0.25805647452503,0.2529606328652012
2023-24,2024-03-17,West Ham,Aston Villa,4,2023-24,Independent Poisson,D,H,0.3798539805853738,0.2431581203151528,0.3769878990994734
2023-24,2024-03-30,Aston Villa,Wolves,4,2023-24,Independent Poisson,H,H,0.6771505226542022,0.1819152414812744,0.1409342358645234
2023-24,2024-03-30,Bournemouth,Everton,4,2023-24,Independent Poisson,H,H,0.4563972718529956,0.2494999166601338,0.2941028114868705
2023-24,2024-03-30,Brentford,Man United,4,2023-24,Independent Poisson,D,H,0.4079788401152207,0.2335348728004271,0.3584862870843522
2023-24,2024-03-30,Chelsea,Burnley,4,2023-24,Independent Poisson,D,H,0.666656414641907,0.2033309946127627,0.1300125907453306
2023-24,2024-03-30,Newcastle,West Ham,4,2023-24,Independent Poisson,H,H,0.56996377264113,0.2308604609420358,0.1991757664168342
2023-24,2024-03-30,Nott'm Forest,Crystal Palace,4,2023-24,Independent Poisson,D,H,0.3726314806992814,0.2593369038964886,0.3680316154042297
2023-24,2024-03-30,Sheffield United,Fulham,4,2023-24,Independent Poisson,D,A,0.2149739617718953,0.2385716459285038,0.5464543922996006
2023-24,2024-03-30,Tottenham,Luton,4,2023-24,Independent Poisson,H,H,0.6678118017050518,0.1939328792603858,0.1382553190345624
2023-24,2024-03-31,Liverpool,Brighton,4,2023-24,Independent Poisson,H,H,0.730010669430041,0.1620165030807558,0.1079728274892032
2023-24,2024-03-31,Man City,Arsenal,4,2023-24,Independent Poisson,D,H,0.422024452970137,0.2338567704579765,0.3441187765718865
2023-24,2024-04-02,Bournemouth,Crystal Palace,4,2023-24,Independent Poisson,H,H,0.433784481530161,0.2587817548700115,0.3074337635998274
2023-24,2024-04-02,Burnley,Wolves,4,2023-24,Independent Poisson,D,A,0.3260116543023277,0.2724713893101141,0.4015169563875582
2023-24,2024-04-02,Newcastle,Everton,4,2023-24,Independent Poisson,D,H,0.671236981599661,0.189071318992994,0.1396916994073447
2023-24,2024-04-02,Nott'm Forest,Fulham,4,2023-24,Independent Poisson,H,A,0.3301491966979709,0.267021526685062,0.402829276616967
2023-24,2024-04-02,West Ham,Tottenham,4,2023-24,Independent Poisson,D,H,0.4514264586480969,0.2360702953003365,0.3125032460515666
2023-24,2024-04-03,Arsenal,Luton,4,2023-24,Independent Poisson,H,H,0.8627345096499919,0.0968715148969637,0.0403939754530443
2023-24,2024-04-03,Brentford,Brighton,4,2023-24,Independent Poisson,D,A,0.2899124962327438,0.2409681530040274,0.4691193507632288
2023-24,2024-04-03,Man City,Aston Villa,4,2023-24,Independent Poisson,H,H,0.7697485042224964,0.1477079502236118,0.0825435455538917
2023-24,2024-04-04,Chelsea,Man United,4,2023-24,Independent Poisson,H,H,0.429368852445777,0.245626745189939,0.3250044023642838
2023-24,2024-04-04,Liverpool,Sheffield United,4,2023-24,Independent Poisson,H,H,0.943591385105397,0.0424639651185618,0.0139446497760411
2023-24,2024-04-06,Aston Villa,Brentford,4,2023-24,Independent Poisson,D,H,0.6507800382696979,0.200881103310808,0.148338858419494
2023-24,2024-04-06,Brighton,Arsenal,4,2023-24,Independent Poisson,A,A,0.2083768670917521,0.2246611546761577,0.56696197823209
2023-24,2024-04-06,Crystal Palace,Man City,4,2023-24,Independent Poisson,A,A,0.0749953051627936,0.1399032168899378,0.7851014779472687
2023-24,2024-04-06,Everton,Burnley,4,2023-24,Independent Poisson,H,H,0.5233061932238711,0.2489600522823469,0.227733754493782
2023-24,2024-04-06,Fulham,Newcastle,4,2023-24,Independent Poisson,A,A,0.2366936404300891,0.2319675719245576,0.531338787645353
2023-24,2024-04-06,Luton,Bournemouth,4,2023-24,Independent Poisson,H,H,0.4282069527340724,0.26581922465045,0.3059738226154778
2023-24,2024-04-06,Wolves,West Ham,4,2023-24,Independent Poisson,A,A,0.3379793872673392,0.2527850977125363,0.4092355150201244
2023-24,2024-04-07,Man United,Liverpool,4,2023-24,Independent Poisson,D,A,0.3483525476020239,0.2574480593594122,0.3941993930385639
2023-24,2024-04-07,Sheffield United,Chelsea,4,2023-24,Independent Poisson,D,A,0.2104214016319707,0.2289750586046718,0.5606035397633573
2023-24,2024-04-07,Tottenham,Nott'm Forest,4,2023-24,Independent Poisson,H,H,0.6393378380754855,0.2059194687896976,0.1547426931348166
2023-24,2024-04-13,Bournemouth,Man United,4,2023-24,Independent Poisson,D,A,0.3224818835135675,0.2386050737853955,0.4389130427010369
2023-24,2024-04-13,Brentford,Sheffield United,4,2023-24,Independent Poisson,H,H,0.7041301644982452,0.1793263874277277,0.1165434480740269
2023-24,2024-04-13,Burnley,Brighton,4,2023-24,Independent Poisson,D,A,0.2915988781441695,0.2533752616012823,0.4550258602545481
2023-24,2024-04-13,Man City,Luton,4,2023-24,Independent Poisson,H,H,0.8834928192792392,0.0831003390808032,0.0334068416399574
2023-24,2024-04-13,Newcastle,Tottenham,4,2023-24,Independent Poisson,H,H,0.4544801230267829,0.2389178233961797,0.3066020535770373
2023-24,2024-04-13,Nott'm Forest,Wolves,4,2023-24,Independent Poisson,D,A,0.365336199335131,0.2545234014647357,0.3801403992001332
2023-24,2024-04-14,Arsenal,Aston Villa,4,2023-24,Independent Poisson,A,H,0.7490368975383366,0.1519691679547577,0.0989939345069055
2023-24,2024-04-14,Liverpool,Crystal Palace,4,2023-24,Independent Poisson,A,H,0.849353320230366,0.100978131066333,0.0496685487033009
2023-24,2024-04-14,West Ham,Fulham,4,2023-24,Independent Poisson,A,H,0.5486354345623672,0.2202512590708223,0.2311133063668106
2023-24,2024-04-15,Chelsea,Everton,4,2023-24,Independent Poisson,H,H,0.598495092589456,0.2182793822932135,0.1832255251173305
2023-24,2024-04-20,Luton,Brentford,4,2023-24,Independent Poisson,A,A,0.3458417575382221,0.2547367370579365,0.3994215054038414
2023-24,2024-04-20,Sheffield United,Burnley,4,2023-24,Independent Poisson,A,H,0.3675202409941953,0.2723425712966248,0.3601371877091798
2023-24,2024-04-20,Wolves,Arsenal,4,2023-24,Independent Poisson,A,A,0.2077545938558803,0.208007647131418,0.5842377590127017
2023-24,2024-04-21,Aston Villa,Bournemouth,4,2023-24,Independent Poisson,H,H,0.6997477456570171,0.1725921908342878,0.1276600635086951
2023-24,2024-04-21,Crystal Palace,West Ham,4,2023-24,Independent Poisson,H,A,0.370096954546994,0.2587675529456332,0.3711354925073729
2023-24,2024-04-21,Everton,Nott'm Forest,4,2023-24,Independent Poisson,H,H,0.422591147717322,0.258394628089144,0.3190142241935342
2023-24,2024-04-21,Fulham,Liverpool,4,2023-24,Independent Poisson,A,A,0.1669025878218244,0.2037350137870287,0.6293623983911466
2023-24,2024-04-23,Arsenal,Chelsea,4,2023-24,Independent Poisson,H,H,0.6994909165120051,0.1741244892866625,0.1263845942013326
2023-24,2024-04-24,Crystal Palace,Newcastle,4,2023-24,Independent Poisson,H,A,0.3661218097459235,0.2516286819052804,0.3822495083487959
2023-24,2024-04-24,Everton,Liverpool,4,2023-24,Independent Poisson,H,A,0.1696349737702532,0.2083914577278788,0.6219735685018678
2023-24,2024-04-24,Man United,Sheffield United,4,2023-24,Independent Poisson,H,H,0.8120378475239791,0.1283704384887981,0.0595917139872227
2023-24,2024-04-24,Wolves,Bournemouth,4,2023-24,Independent Poisson,A,H,0.4196692839672959,0.2492376065215119,0.3310931095111921
2023-24,2024-04-25,Brighton,Man City,4,2023-24,Independent Poisson,A,A,0.167088769807543,0.2010405167664577,0.6318707134259991
2023-24,2024-04-27,Aston Villa,Chelsea,4,2023-24,Independent Poisson,D,H,0.5182237866474719,0.2228475574107574,0.2589286559417706
2023-24,2024-04-27,Everton,Brentford,4,2023-24,Independent Poisson,H,H,0.393644396873516,0.2572367677200934,0.3491188354063904
2023-24,2024-04-27,Fulham,Crystal Palace,4,2023-24,Independent Poisson,D,A,0.333743491052632,0.2607945672473226,0.4054619417000453
2023-24,2024-04-27,Man United,Burnley,4,2023-24,Independent Poisson,D,H,0.7493727655624899,0.1662047618637586,0.0844224725737514
2023-24,2024-04-27,Newcastle,Sheffield United,4,2023-24,Independent Poisson,H,H,0.8108626635287697,0.1285533770225699,0.0605839594486603
2023-24,2024-04-27,West Ham,Liverpool,4,2023-24,Independent Poisson,D,A,0.1903491534763913,0.2106321199004062,0.5990187266232024
2023-24,2024-04-27,Wolves,Luton,4,2023-24,Independent Poisson,H,H,0.5814405961206528,0.2340397066408711,0.184519697238476
2023-24,2024-04-28,Bournemouth,Brighton,4,2023-24,Independent Poisson,H,A,0.3115981552635777,0.2240647145889352,0.464337130147487
2023-24,2024-04-28,Nott'm Forest,Man City,4,2023-24,Independent Poisson,A,A,0.0432909046964952,0.0942722007183832,0.8624368945851217
2023-24,2024-04-28,Tottenham,Arsenal,4,2023-24,Independent Poisson,A,A,0.2655518516504763,0.2462136081415065,0.488234540208017
2023-24,2024-05-02,Chelsea,Tottenham,4,2023-24,Independent Poisson,H,H,0.513477477531491,0.2265385545307366,0.2599839679377722
2023-24,2024-05-03,Luton,Everton,4,2023-24,Independent Poisson,D,A,0.3670808345461478,0.2562589721779738,0.3766601932758784
2023-24,2024-05-04,Arsenal,Bournemouth,4,2023-24,Independent Poisson,H,H,0.8015826160852879,0.1279449626760382,0.0704724212386739
2023-24,2024-05-04,Brentford,Fulham,4,2023-24,Independent Poisson,D,H,0.4594203074958929,0.2452352726689903,0.2953444198351167
2023-24,2024-05-04,Burnley,Newcastle,4,2023-24,Independent Poisson,A,A,0.1610995877712974,0.2152269303765896,0.623673481852113
2023-24,2024-05-04,Man City,Wolves,4,2023-24,Independent Poisson,H,H,0.8541370809690858,0.097329904670399,0.048533014360515
2023-24,2024-05-04,Sheffield United,Nott'm Forest,4,2023-24,Independent Poisson,A,A,0.2953481404544671,0.2396705634092402,0.4649812961362928
2023-24,2024-05-05,Brighton,Aston Villa,4,2023-24,Independent Poisson,H,A,0.3013700333380182,0.2539130585591986,0.4447169081027833
2023-24,2024-05-05,Chelsea,West Ham,4,2023-24,Independent Poisson,H,H,0.669878786966795,0.1936788162152738,0.1364423968179311
2023-24,2024-05-05,Liverpool,Tottenham,4,2023-24,Independent Poisson,H,H,0.7617866889362107,0.1381524782283371,0.1000608328354521
2023-24,2024-05-06,Crystal Palace,Man United,4,2023-24,Independent Poisson,H,A,0.3095038038998603,0.2359776158921968,0.4545185802079429
2023-24,2024-05-11,Bournemouth,Brentford,4,2023-24,Independent Poisson,A,A,0.3500745305363723,0.2481801151402747,0.4017453543233529
2023-24,2024-05-11,Everton,Sheffield United,4,2023-24,Independent Poisson,H,H,0.6435903649965977,0.2000859106020029,0.156323724401399
2023-24,2024-05-11,Fulham,Man City,4,2023-24,Independent Poisson,A,A,0.0771977667248085,0.1385542866577603,0.7842479466174311
2023-24,2024-05-11,Newcastle,Brighton,4,2023-24,Independent Poisson,D,H,0.6256604695167589,0.2016529910971205,0.1726865393861203
2023-24,2024-05-11,Nott'm Forest,Chelsea,4,2023-24,Independent Poisson,A,A,0.1719255978001111,0.2052582585015274,0.6228161436983615
2023-24,2024-05-11,Tottenham,Burnley,4,2023-24,Independent Poisson,H,H,0.6901400928212669,0.1819151172848826,0.1279447898938503
2023-24,2024-05-11,West Ham,Luton,4,2023-24,Independent Poisson,H,H,0.6261130985704568,0.2059579061934648,0.1679289952360784
2023-24,2024-05-11,Wolves,Crystal Palace,4,2023-24,Independent Poisson,A,A,0.3309038772015649,0.2594731233914067,0.4096229994070285
2023-24,2024-05-12,Man United,Arsenal,4,2023-24,Independent Poisson,A,A,0.2428390146346724,0.2426311612195434,0.5145298241457843
2023-24,2024-05-13,Aston Villa,Liverpool,4,2023-24,Independent Poisson,D,H,0.4091450388039352,0.2387169312579016,0.3521380299381631
2023-24,2024-05-14,Tottenham,Man City,4,2023-24,Independent Poisson,A,A,0.1802628490814291,0.2036231120227468,0.6161140388958241
2023-24,2024-05-15,Brighton,Chelsea,4,2023-24,Independent Poisson,A,A,0.3127605204107505,0.2526601803288519,0.4345792992603974
2023-24,2024-05-15,Man United,Newcastle,4,2023-24,Independent Poisson,H,H,0.4722841504813275,0.2485569141957642,0.2791589353229081
2023-24,2024-05-19,Arsenal,Everton,4,2023-24,Independent Poisson,H,H,0.7844454470278144,0.1362531992235776,0.079301353748608
2023-24,2024-05-19,Brentford,Newcastle,4,2023-24,Independent Poisson,A,A,0.2769304123218625,0.2396293219939064,0.4834402656842311
2023-24,2024-05-19,Brighton,Man United,4,2023-24,Independent Poisson,A,H,0.3907842555440002,0.2455219748822881,0.3636937695737117
2023-24,2024-05-19,Burnley,Nott'm Forest,4,2023-24,Independent Poisson,A,A,0.3630206457449474,0.2603789062145059,0.3766004480405467
2023-24,2024-05-19,Chelsea,Bournemouth,4,2023-24,Independent Poisson,H,H,0.6539949193719192,0.1935861430391069,0.1524189375889739
2023-24,2024-05-19,Crystal Palace,Aston Villa,4,2023-24,Independent Poisson,H,A,0.3131063904823764,0.2476311625617812,0.4392624469558421
2023-24,2024-05-19,Liverpool,Wolves,4,2023-24,Independent Poisson,H,H,0.847912025493961,0.0993975076470576,0.0526904668589809
2023-24,2024-05-19,Luton,Fulham,4,2023-24,Independent Poisson,A,H,0.4025976383520226,0.2430151674012582,0.3543871942467189
2023-24,2024-05-19,Man City,West Ham,4,2023-24,Independent Poisson,H,H,0.9101596482484126,0.0627361314704715,0.0271042202811158
2023-24,2024-05-19,Sheffield United,Tottenham,4,2023-24,Independent Poisson,A,A,0.1974467418664834,0.2051168744438055,0.5974363836897112
2024-25,2024-08-16,Man United,Fulham,5,2024-25,Independent Poisson,H,H,0.5520282433098889,0.2211114273360862,0.2268603293540247
2024-25,2024-08-17,Arsenal,Wolves,5,2024-25,Independent Poisson,H,H,0.8240474353900392,0.1189460934200761,0.0570064711898847
2024-25,2024-08-17,Everton,Brighton,5,2024-25,Independent Poisson,A,H,0.4192507726981085,0.2527901466917112,0.3279590806101804
2024-25,2024-08-17,Ipswich,Liverpool,5,2024-25,Independent Poisson,A,A,0.2106605398903122,0.2185504490820014,0.5707890110276865
2024-25,2024-08-17,Newcastle,Southampton,5,2024-25,Independent Poisson,H,H,0.6721097978737035,0.1950760711949931,0.1328141309313033
2024-25,2024-08-17,Nott'm Forest,Bournemouth,5,2024-25,Independent Poisson,D,A,0.2955491872793155,0.2541760475603421,0.4502747651603423
2024-25,2024-08-17,West Ham,Aston Villa,5,2024-25,Independent Poisson,A,A,0.237602963384551,0.2304080678752695,0.5319889687401794
2024-25,2024-08-18,Brentford,Crystal Palace,5,2024-25,Independent Poisson,H,H,0.3808102574253994,0.2543983851817247,0.3647913573928759
2024-25,2024-08-18,Chelsea,Man City,5,2024-25,Independent Poisson,A,A,0.2651692682455295,0.2253779069624605,0.50945282479201
2024-25,2024-08-19,Leicester,Tottenham,5,2024-25,Independent Poisson,D,A,0.2849701708188339,0.2378821294821694,0.4771476996989967
2024-25,2024-08-24,Aston Villa,Arsenal,5,2024-25,Independent Poisson,A,A,0.2529693432549659,0.2220987945901444,0.5249318621548896
2024-25,2024-08-24,Brighton,Man United,5,2024-25,Independent Poisson,H,A,0.3720625154177022,0.2497553297425516,0.3781821548397461
2024-25,2024-08-24,Crystal Palace,West Ham,5,2024-25,Independent Poisson,A,H,0.4280075085373481,0.2542030584420885,0.3177894330205633
2024-25,2024-08-24,Fulham,Leicester,5,2024-25,Independent Poisson,H,H,0.4229028084632996,0.2596458339441895,0.3174513575925111
2024-25,2024-08-24,Man City,Ipswich,5,2024-25,Independent Poisson,H,H,0.8626230414724293,0.0961531616604872,0.0412237968670834
2024-25,2024-08-24,Southampton,Nott'm Forest,5,2024-25,Independent Poisson,A,A,0.2874198808176229,0.2598738205108924,0.4527062986714846
2024-25,2024-08-24,Tottenham,Everton,5,2024-25,Independent Poisson,H,H,0.577389524267234,0.235142514788738,0.1874679609440279
2024-25,2024-08-25,Bournemouth,Newcastle,5,2024-25,Independent Poisson,D,A,0.3077607643226732,0.2497671761307987,0.4424720595465282
2024-25,2024-08-25,Liverpool,Brentford,5,2024-25,Independent Poisson,H,H,0.7282954399908845,0.1625796109414519,0.1091249490676635
2024-25,2024-08-25,Wolves,Chelsea,5,2024-25,Independent Poisson,A,A,0.3116063806351075,0.2507890654129284,0.4376045539519642
2024-25,2024-08-31,Arsenal,Brighton,5,2024-25,Independent Poisson,D,H,0.6687733408772342,0.1833664420845873,0.1478602170381786
2024-25,2024-08-31,Brentford,Southampton,5,2024-25,Independent Poisson,H,H,0.5412666424364496,0.2451849999215031,0.213548357642047
2024-25,2024-08-31,Everton,Bournemouth,5,2024-25,Independent Poisson,A,H,0.3741239966460503,0.2681557230532471,0.3577202803007024
2024-25,2024-08-31,Ipswich,Fulham,5,2024-25,Independent Poisson,D,A,0.3414081103928773,0.2671162073675839,0.3914756822395389
2024-25,2024-08-31,Leicester,Aston Villa,5,2024-25,Independent Poisson,A,A,0.2654184621694878,0.2427009005122802,0.4918806373182319
2024-25,2024-08-31,Nott'm Forest,Wolves,5,2024-25,Independent Poisson,D,H,0.4459665393244106,0.2778969539553821,0.2761365067202073
2024-25,2024-08-31,West Ham,Man City,5,2024-25,Independent Poisson,A,A,0.1088205803634054,0.1558720558014176,0.7353073638351768
2024-25,2024-09-01,Chelsea,Crystal Palace,5,2024-25,Independent Poisson,D,H,0.5747605832139244,0.2354448574101133,0.189794559375962
2024-25,2024-09-01,Man United,Liverpool,5,2024-25,Independent Poisson,A,A,0.2571046873358264,0.2203181688959243,0.5225771437682492
2024-25,2024-09-01,Newcastle,Tottenham,5,2024-25,Independent Poisson,H,H,0.4219573112367904,0.2608460058575967,0.3171966829056129
2024-25,2024-09-14,Aston Villa,Everton,5,2024-25,Independent Poisson,H,H,0.6483282872996454,0.2112619225736492,0.1404097901267056
2024-25,2024-09-14,Bournemouth,Chelsea,5,2024-25,Independent Poisson,A,A,0.3205598519994113,0.2490717162440724,0.4303684317565164
2024-25,2024-09-14,Brighton,Ipswich,5,2024-25,Independent Poisson,D,H,0.5965761141284028,0.2213005773061319,0.182123308565465
2024-25,2024-09-14,Crystal Palace,Leicester,5,2024-25,Independent Poisson,D,H,0.4919333910334491,0.2516055563590607,0.2564610526074902
2024-25,2024-09-14,Fulham,West Ham,5,2024-25,Independent Poisson,D,H,0.4091201406652315,0.252775875034483,0.3381039843002853
2024-25,2024-09-14,Liverpool,Nott'm Forest,5,2024-25,Independent Poisson,A,H,0.7961099009900857,0.1307806480261005,0.0731094509838136
2024-25,2024-09-14,Man City,Brentford,5,2024-25,Independent Poisson,H,H,0.8768070717531752,0.0825873219240791,0.0406056063227455
2024-25,2024-09-14,Southampton,Man United,5,2024-25,Independent Poisson,A,A,0.1893365637373045,0.227595215080678,0.5830682211820174
2024-25,2024-09-15,Tottenham,Arsenal,5,2024-25,Independent Poisson,A,A,0.3121664966505928,0.2292726483905363,0.4585608549588711
2024-25,2024-09-15,Wolves,Newcastle,5,2024-25,Independent Poisson,A,A,0.2454111430054603,0.2427680309453596,0.51182082604918
2024-25,2024-09-21,Aston Villa,Wolves,5,2024-25,Independent Poisson,H,H,0.6471013533789673,0.2091329941903643,0.1437656524306684
2024-25,2024-09-21,Crystal Palace,Man United,5,2024-25,Independent Poisson,D,A,0.3123113728622576,0.2548747790020784,0.4328138481356642
2024-25,2024-09-21,Fulham,Newcastle,5,2024-25,Independent Poisson,H,A,0.2322417642194849,0.2274059662092542,0.5403522695712608
2024-25,2024-09-21,Leicester,Everton,5,2024-25,Independent Poisson,D,H,0.4181305036109151,0.2785294870683037,0.3033400093207813
2024-25,2024-09-21,Liverpool,Bournemouth,5,2024-25,Independent Poisson,H,H,0.7314296477109443,0.159338787784932,0.1092315645041234
2024-25,2024-09-21,Southampton,Ipswich,5,2024-25,Independent Poisson,D,A,0.2558426079753793,0.2641051762483439,0.4800522157762769
2024-25,2024-09-21,Tottenham,Brentford,5,2024-25,Independent Poisson,H,H,0.4878137990311889,0.2447606441853332,0.2674255567834778
2024-25,2024-09-21,West Ham,Chelsea,5,2024-25,Independent Poisson,A,A,0.2893353977999612,0.2452388622043128,0.4654257399957258
2024-25,2024-09-22,Brighton,Nott'm Forest,5,2024-25,Independent Poisson,D,H,0.5216786406653817,0.2429028831146822,0.2354184762199361
2024-25,2024-09-22,Man City,Arsenal,5,2024-25,Independent Poisson,D,H,0.6813393118700878,0.1648318807605391,0.1538288073693732
2024-25,2024-09-28,Arsenal,Leicester,5,2024-25,Independent Poisson,H,H,0.8199585809765195,0.1192362421677184,0.0608051768557621
2024-25,2024-09-28,Brentford,West Ham,5,2024-25,Independent Poisson,D,H,0.4259202311057102,0.247661762192892,0.3264180067013977
2024-25,2024-09-28,Chelsea,Brighton,5,2024-25,Independent Poisson,H,H,0.5500316602583601,0.2331588218256591,0.2168095179159808
2024-25,2024-09-28,Everton,Crystal Palace,5,2024-25,Independent Poisson,H,A,0.3608000988290469,0.2565740312677286,0.3826258699032244
2024-25,2024-09-28,Newcastle,Man City,5,2024-25,Independent Poisson,D,A,0.1901517433296135,0.2051003892053593,0.6047478674650271
2024-25,2024-09-28,Nott'm Forest,Fulham,5,2024-25,Independent Poisson,A,H,0.3782464274629867,0.2758433808663861,0.3459101916706271
2024-25,2024-09-28,Wolves,Liverpool,5,2024-25,Independent Poisson,A,A,0.0854919169640452,0.1398912566653576,0.774616826370597
2024-25,2024-09-29,Ipswich,Aston Villa,5,2024-25,Independent Poisson,D,A,0.307168757995214,0.2481936967318313,0.4446375452729545
2024-25,2024-09-29,Man United,Tottenham,5,2024-25,Independent Poisson,A,H,0.4138383616551412,0.2475261016249405,0.3386355367199182
2024-25,2024-09-30,Bournemouth,Southampton,5,2024-25,Independent Poisson,H,H,0.5883820507695605,0.2335807100016513,0.1780372392287881
2024-25,2024-10-05,Arsenal,Southampton,5,2024-25,Independent Poisson,H,H,0.901784641892344,0.0725485772577327,0.0256667808499231
2024-25,2024-10-05,Brentford,Wolves,5,2024-25,Independent Poisson,H,H,0.5211377359598659,0.2454474757817151,0.2334147882584191
2024-25,2024-10-05,Crystal Palace,Liverpool,5,2024-25,Independent Poisson,A,A,0.1232611042244055,0.1737561880345478,0.7029827077410464
2024-25,2024-10-05,Everton,Newcastle,5,2024-25,Independent Poisson,D,A,0.2974679538570236,0.245845331040395,0.4566867151025815
2024-25,2024-10-05,Leicester,Bournemouth,5,2024-25,Independent Poisson,H,H,0.3740297581534516,0.2548454615493042,0.3711247802972441
2024-25,2024-10-05,Man City,Fulham,5,2024-25,Independent Poisson,H,H,0.8652989616515281,0.0913254085039117,0.0433756298445601
2024-25,2024-10-05,West Ham,Ipswich,5,2024-25,Independent Poisson,H,H,0.4848131042123913,0.24971039494144,0.2654765008461685
2024-25,2024-10-06,Aston Villa,Man United,5,2024-25,Independent Poisson,D,H,0.545356182144197,0.2255747940048369,0.2290690238509661
2024-25,2024-10-06,Brighton,Tottenham,5,2024-25,Independent Poisson,H,A,0.3124116829344566,0.247286033572557,0.4403022834929864
2024-25,2024-10-06,Chelsea,Nott'm Forest,5,2024-25,Independent Poisson,D,H,0.6992995762635834,0.1786383521661011,0.1220620715703152
2024-25,2024-10-19,Bournemouth,Arsenal,5,2024-25,Independent Poisson,H,A,0.1392134182572228,0.1787749292226993,0.6820116525200777
2024-25,2024-10-19,Fulham,Aston Villa,5,2024-25,Independent Poisson,A,H,0.3963965846783362,0.2538436956631983,0.3497597196584654
2024-25,2024-10-19,Ipswich,Everton,5,2024-25,Independent Poisson,A,H,0.428163718710174,0.2613251391139053,0.3105111421759207
2024-25,2024-10-19,Man United,Brentford,5,2024-25,Independent Poisson,H,H,0.5207243069609789,0.2306993647658546,0.2485763282731665
2024-25,2024-10-19,Newcastle,Brighton,5,2024-25,Independent Poisson,A,H,0.5697709855599775,0.2223174738246942,0.2079115406153281
2024-25,2024-10-19,Southampton,Leicester,5,2024-25,Independent Poisson,A,A,0.2831063328812717,0.2553840649592431,0.4615096021594852
2024-25,2024-10-19,Tottenham,West Ham,5,2024-25,Independent Poisson,H,H,0.5684068151150781,0.2203232046122619,0.2112699802726599
2024-25,2024-10-20,Liverpool,Chelsea,5,2024-25,Independent Poisson,H,H,0.6774432920704789,0.1808480903392454,0.1417086175902757
2024-25,2024-10-20,Wolves,Man City,5,2024-25,Independent Poisson,A,A,0.0701211714032743,0.1181469141002904,0.8117319144964353
2024-25,2024-10-21,Nott'm Forest,Crystal Palace,5,2024-25,Independent Poisson,H,H,0.4074847607283161,0.2682507360405997,0.3242645032310841
2024-25,2024-10-25,Leicester,Nott'm Forest,5,2024-25,Independent Poisson,A,H,0.3849471349085175,0.2640996529991836,0.3509532120922989
2024-25,2024-10-26,Aston Villa,Bournemouth,5,2024-25,Independent Poisson,D,H,0.6052527349730135,0.2093638713334921,0.1853833936934941
2024-25,2024-10-26,Brentford,Ipswich,5,2024-25,Independent Poisson,H,H,0.5024910827634468,0.2398867796940601,0.257622137542493
2024-25,2024-10-26,Brighton,Wolves,5,2024-25,Independent Poisson,D,H,0.5975131656136475,0.2244910209187778,0.1779958134675745
2024-25,2024-10-26,Everton,Fulham,5,2024-25,Independent Poisson,D,H,0.3714283247214125,0.2651354105804799,0.3634362646981076
2024-25,2024-10-26,Man City,Southampton,5,2024-25,Independent Poisson,H,H,0.9355394513368132,0.048494684276136,0.0159658643870508
2024-25,2024-10-27,Arsenal,Liverpool,5,2024-25,Independent Poisson,D,H,0.5046058306703664,0.2207936287494128,0.2746005405802209
2024-25,2024-10-27,Chelsea,Newcastle,5,2024-25,Independent Poisson,H,H,0.5152238671870605,0.2361548447689156,0.2486212880440238
2024-25,2024-10-27,Crystal Palace,Tottenham,5,2024-25,Independent Poisson,H,A,0.2166913881185908,0.231229266522264,0.552079345359145
2024-25,2024-10-27,West Ham,Man United,5,2024-25,Independent Poisson,H,H,0.3816431525256563,0.2500915043164958,0.3682653431578481
2024-25,2024-11-02,Bournemouth,Man City,5,2024-25,Independent Poisson,H,A,0.1229250156179356,0.1648225426605658,0.7122524417214984
2024-25,2024-11-02,Ipswich,Leicester,5,2024-25,Independent Poisson,D,H,0.411216249827958,0.2616691553813529,0.3271145947906893
2024-25,2024-11-02,Liverpool,Brighton,5,2024-25,Independent Poisson,H,H,0.7661614565671804,0.1430523899427781,0.0907861534900415
2024-25,2024-11-02,Newcastle,Arsenal,5,2024-25,Independent Poisson,H,A,0.2173750008683556,0.2080203888685916,0.5746046102630529
2024-25,2024-11-02,Nott'm Forest,West Ham,5,2024-25,Independent Poisson,H,H,0.4503239345736149,0.2496894015369779,0.299986663889407
2024-25,2024-11-02,Southampton,Everton,5,2024-25,Independent Poisson,H,A,0.2591234601036268,0.2603828102116609,0.4804937296847121
2024-25,2024-11-02,Wolves,Crystal Palace,5,2024-25,Independent Poisson,D,A,0.3269257802205497,0.2547614489215978,0.4183127708578525
2024-25,2024-11-03,Man United,Chelsea,5,2024-25,Independent Poisson,D,H,0.3817361528251878,0.2459685291711734,0.3722953180036388
2024-25,2024-11-03,Tottenham,Aston Villa,5,2024-25,Independent Poisson,H,H,0.4661163371112684,0.2448523393367035,0.2890313235520279
2024-25,2024-11-04,Fulham,Brentford,5,2024-25,Independent Poisson,H,H,0.4385301664483327,0.2397091369142047,0.3217606966374627
2024-25,2024-11-09,Brentford,Bournemouth,5,2024-25,Independent Poisson,H,A,0.3718575198368965,0.2516584221149496,0.3764840580481539
2024-25,2024-11-09,Brighton,Man City,5,2024-25,Independent Poisson,H,A,0.1897522694646615,0.2018607232584958,0.6083870072768427
2024-25,2024-11-09,Crystal Palace,Fulham,5,2024-25,Independent Poisson,A,H,0.4133054257757428,0.2669206671281025,0.3197739070961546
2024-25,2024-11-09,Liverpool,Aston Villa,5,2024-25,Independent Poisson,H,H,0.6735454374834309,0.183171587599477,0.1432829749170921
2024-25,2024-11-09,West Ham,Everton,5,2024-25,Independent Poisson,D,H,0.4745799607996468,0.2548794411917396,0.2705405980086137
2024-25,2024-11-09,Wolves,Southampton,5,2024-25,Independent Poisson,H,H,0.5624896091276212,0.2424678796035147,0.1950425112688643
2024-25,2024-11-10,Chelsea,Arsenal,5,2024-25,Independent Poisson,D,H,0.4258191198976126,0.2428364141623185,0.3313444659400685
2024-25,2024-11-10,Man United,Leicester,5,2024-25,Independent Poisson,H,H,0.585038220444842,0.2187197517400073,0.1962420278151508
2024-25,2024-11-10,Nott'm Forest,Newcastle,5,2024-25,Independent Poisson,A,H,0.4030121462677958,0.2556651545960765,0.3413226991361274
2024-25,2024-11-10,Tottenham,Ipswich,5,2024-25,Independent Poisson,A,H,0.6482747321242405,0.2084573250908035,0.143267942784956
2024-25,2024-11-23,Arsenal,Nott'm Forest,5,2024-25,Independent Poisson,H,H,0.7778605059664778,0.1377466556547034,0.0843928383788188
2024-25,2024-11-23,Aston Villa,Crystal Palace,5,2024-25,Independent Poisson,D,H,0.6159039992070222,0.217196807453459,0.1668991933395188
2024-25,2024-11-23,Bournemouth,Brighton,5,2024-25,Independent Poisson,A,H,0.4019499449023452,0.2517065204359392,0.3463435346617157
2024-25,2024-11-23,Everton,Brentford,5,2024-25,Independent Poisson,D,H,0.4246690215531216,0.2546852184803137,0.3206457599665646
2024-25,2024-11-23,Fulham,Wolves,5,2024-25,Independent Poisson,A,H,0.5400380288474108,0.2377678066854529,0.2221941644671361
2024-25,2024-11-23,Leicester,Chelsea,5,2024-25,Independent Poisson,A,A,0.2301190662017483,0.2285079477070201,0.5413729860912314
2024-25,2024-11-23,Man City,Tottenham,5,2024-25,Independent Poisson,A,H,0.7026311304428923,0.1653470917258542,0.1320217778312535
2024-25,2024-11-24,Ipswich,Man United,5,2024-25,Independent Poisson,D,A,0.3277845194151907,0.2495381271925049,0.4226773533923046
2024-25,2024-11-24,Southampton,Liverpool,5,2024-25,Independent Poisson,A,A,0.0702972020516242,0.1351457282280734,0.7945570697203025
2024-25,2024-11-25,Newcastle,West Ham,5,2024-25,Independent Poisson,A,H,0.5361812629702107,0.2389095838091581,0.2249091532206311
2024-25,2024-11-29,Brighton,Southampton,5,2024-25,Independent Poisson,D,H,0.7149317753695601,0.1797399021120043,0.1053283225184355
2024-25,2024-11-30,Brentford,Leicester,5,2024-25,Independent Poisson,H,H,0.4748829063938771,0.2327661586184812,0.2923509349876417
2024-25,2024-11-30,Crystal Palace,Newcastle,5,2024-25,Independent Poisson,D,A,0.2998423211709404,0.2608084743056408,0.4393492045234187
2024-25,2024-11-30,Nott'm Forest,Ipswich,5,2024-25,Independent Poisson,H,H,0.4586501758795868,0.2661404987716781,0.275209325348735
2024-25,2024-11-30,West Ham,Arsenal,5,2024-25,Independent Poisson,A,A,0.2082103395023374,0.2092433100647335,0.5825463504329288
2024-25,2024-11-30,Wolves,Bournemouth,5,2024-25,Independent Poisson,A,H,0.386132276377729,0.2616977972949111,0.3521699263273598
2024-25,2024-12-01,Chelsea,Aston Villa,5,2024-25,Independent Poisson,H,H,0.5830147398932154,0.2135556605473544,0.2034295995594301
2024-25,2024-12-01,Liverpool,Man City,5,2024-25,Independent Poisson,H,H,0.4579930567607065,0.2324838254358321,0.3095231178034613
2024-25,2024-12-01,Man United,Everton,5,2024-25,Independent Poisson,H,H,0.5612332005103697,0.2332261469177956,0.2055406525718343
2024-25,2024-12-01,Tottenham,Fulham,5,2024-25,Independent Poisson,D,H,0.6142487452435981,0.211940277788124,0.1738109769682778
2024-25,2024-12-03,Ipswich,Crystal Palace,5,2024-25,Independent Poisson,A,H,0.4607064269887924,0.2609117895849161,0.2783817834262915
2024-25,2024-12-03,Leicester,West Ham,5,2024-25,Independent Poisson,H,H,0.4185462236656533,0.264207101149322,0.3172466751850247
2024-25,2024-12-04,Arsenal,Man United,5,2024-25,Independent Poisson,H,H,0.6075151347956333,0.2034980618844242,0.1889868033199425
2024-25,2024-12-04,Aston Villa,Brentford,5,2024-25,Independent Poisson,H,H,0.6213698739240641,0.2059535443952684,0.1726765816806675
2024-25,2024-12-04,Everton,Wolves,5,2024-25,Independent Poisson,H,H,0.5309501371187257,0.2523056579091104,0.216744204972164
2024-25,2024-12-04,Man City,Nott'm Forest,5,2024-25,Independent Poisson,H,H,0.8535795905594867,0.0977652128066308,0.0486551966338824
2024-25,2024-12-04,Newcastle,Liverpool,5,2024-25,Independent Poisson,D,A,0.1833386471965162,0.2063842621315702,0.6102770906719135
2024-25,2024-12-04,Southampton,Chelsea,5,2024-25,Independent Poisson,A,A,0.0945747750125451,0.1683516501031879,0.737073574884267
2024-25,2024-12-05,Bournemouth,Tottenham,5,2024-25,Independent Poisson,H,A,0.2627307205883482,0.2362727465386902,0.5009965328729618
2024-25,2024-12-05,Fulham,Brighton,5,2024-25,Independent Poisson,H,H,0.403680166216985,0.2456175349438112,0.3507022988392038
2024-25,2024-12-07,Aston Villa,Southampton,5,2024-25,Independent Poisson,H,H,0.7648943228868366,0.160465610907395,0.0746400662057684
2024-25,2024-12-07,Brentford,Newcastle,5,2024-25,Independent Poisson,H,H,0.3792537934165757,0.2484360465814734,0.3723101600019508
2024-25,2024-12-07,Crystal Palace,Man City,5,2024-25,Independent Poisson,D,A,0.1252652306614224,0.1788990588239154,0.6958357105146622
2024-25,2024-12-07,Man United,Nott'm Forest,5,2024-25,Independent Poisson,A,H,0.5434126948134945,0.2414501064597219,0.2151371987267835
2024-25,2024-12-08,Fulham,Arsenal,5,2024-25,Independent Poisson,D,A,0.2086329851344648,0.2278838723418102,0.5634831425237248
2024-25,2024-12-08,Ipswich,Bournemouth,5,2024-25,Independent Poisson,A,A,0.3088468704508907,0.2630432010450752,0.4281099285040339
2024-25,2024-12-08,Leicester,Brighton,5,2024-25,Independent Poisson,D,A,0.257085877872754,0.2458118796587146,0.4971022424685313
2024-25,2024-12-08,Tottenham,Chelsea,5,2024-25,Independent Poisson,A,H,0.3805355609893059,0.2517728823796348,0.3676915566310593
2024-25,2024-12-09,West Ham,Wolves,5,2024-25,Independent Poisson,H,H,0.5188824281948534,0.2371542600865617,0.2439633117185848
2024-25,2024-12-14,Arsenal,Everton,5,2024-25,Independent Poisson,D,H,0.790332233356263,0.1344764523908074,0.0751913142529293
2024-25,2024-12-14,Liverpool,Fulham,5,2024-25,Independent Poisson,D,H,0.7343661224095307,0.1626224682361614,0.1030114093543079
2024-25,2024-12-14,Newcastle,Leicester,5,2024-25,Independent Poisson,H,H,0.6245844308171489,0.2021206899785592,0.173294879204292
2024-25,2024-12-14,Nott'm Forest,Aston Villa,5,2024-25,Independent Poisson,H,H,0.3895845213911409,0.2511009096219127,0.3593145689869462
2024-25,2024-12-14,Wolves,Ipswich,5,2024-25,Independent Poisson,A,H,0.4182704426983846,0.2662180998819466,0.3155114574196687
2024-25,2024-12-15,Brighton,Crystal Palace,5,2024-25,Independent Poisson,A,H,0.5509317789641379,0.2323871565758192,0.2166810644600428
2024-25,2024-12-15,Chelsea,Brentford,5,2024-25,Independent Poisson,H,H,0.6794966481174762,0.1867533546146054,0.1337499972679183
2024-25,2024-12-15,Man City,Man United,5,2024-25,Independent Poisson,A,H,0.7131242020594719,0.16183113812798,0.1250446598125479
2024-25,2024-12-15,Southampton,Tottenham,5,2024-25,Independent Poisson,A,A,0.1554175291041601,0.1892500066827813,0.6553324642130585
2024-25,2024-12-16,Bournemouth,West Ham,5,2024-25,Independent Poisson,D,H,0.4675548486982239,0.2452218012199506,0.2872233500818255
2024-25,2024-12-21,Aston Villa,Man City,5,2024-25,Independent Poisson,H,A,0.3303125457570133,0.2272837549138654,0.4424036993291215
2024-25,2024-12-21,Brentford,Nott'm Forest,5,2024-25,Independent Poisson,A,H,0.3832792225419469,0.2443207409936991,0.3724000364643538
2024-25,2024-12-21,Crystal Palace,Arsenal,5,2024-25,Independent Poisson,A,A,0.177671247565877,0.2079802123753856,0.6143485400587374
2024-25,2024-12-21,Ipswich,Newcastle,5,2024-25,Independent Poisson,A,A,0.2702077738373037,0.2399751639212312,0.489817062241465
2024-25,2024-12-21,West Ham,Brighton,5,2024-25,Independent Poisson,D,A,0.3734504035063737,0.2486340203016706,0.3779155761919558
2024-25,2024-12-22,Everton,Chelsea,5,2024-25,Independent Poisson,D,A,0.1940218980309878,0.2190030269228934,0.5869750750461187
2024-25,2024-12-22,Fulham,Southampton,5,2024-25,Independent Poisson,D,H,0.7373095256711726,0.1677019642297208,0.0949885100991067
2024-25,2024-12-22,Leicester,Wolves,5,2024-25,Independent Poisson,A,H,0.4599081975351116,0.2477680691125713,0.2923237333523169
2024-25,2024-12-22,Man United,Bournemouth,5,2024-25,Independent Poisson,A,H,0.4929290521377167,0.2416602830964542,0.265410664765829
2024-25,2024-12-22,Tottenham,Liverpool,5,2024-25,Independent Poisson,A,A,0.2725929863124602,0.2219430317557569,0.5054639819317828
2024-25,2024-12-26,Bournemouth,Crystal Palace,5,2024-25,Independent Poisson,D,H,0.498470798933714,0.2501685616303125,0.2513606394359736
2024-25,2024-12-26,Chelsea,Fulham,5,2024-25,Independent Poisson,A,H,0.6363343113167426,0.1985299544894401,0.1651357341938173
2024-25,2024-12-26,Liverpool,Leicester,5,2024-25,Independent Poisson,H,H,0.8594965232854364,0.0942322370312206,0.0462712396833432
2024-25,2024-12-26,Man City,Everton,5,2024-25,Independent Poisson,D,H,0.7230694204403414,0.1655104647886127,0.111420114771046
2024-25,2024-12-26,Newcastle,Aston Villa,5,2024-25,Independent Poisson,H,H,0.5316447247501594,0.2297845383849011,0.2385707368649393
2024-25,2024-12-26,Nott'm Forest,Tottenham,5,2024-25,Independent Poisson,H,A,0.3227344116761996,0.2363963354368364,0.4408692528869639
2024-25,2024-12-26,Southampton,West Ham,5,2024-25,Independent Poisson,A,A,0.2420604039891969,0.2376065611999274,0.5203330348108757
2024-25,2024-12-26,Wolves,Man United,5,2024-25,Independent Poisson,H,A,0.2676308760454037,0.2358195059298619,0.4965496180247344
2024-25,2024-12-27,Arsenal,Ipswich,5,2024-25,Independent Poisson,H,H,0.8368263208154154,0.1113200965917342,0.0518535825928504
2024-25,2024-12-27,Brighton,Brentford,5,2024-25,Independent Poisson,D,H,0.4918914762214273,0.2339470061822628,0.2741615175963099
2024-25,2024-12-29,Crystal Palace,Southampton,5,2024-25,Independent Poisson,H,H,0.7125121106531225,0.1870364434070481,0.1004514459398294
2024-25,2024-12-29,Everton,Nott'm Forest,5,2024-25,Independent Poisson,A,H,0.3977694464665647,0.2906486364787523,0.3115819170546831
2024-25,2024-12-29,Fulham,Bournemouth,5,2024-25,Independent Poisson,D,H,0.4912980035854646,0.2566824920663831,0.252019504348152
2024-25,2024-12-29,Leicester,Man City,5,2024-25,Independent Poisson,A,A,0.1508720959250994,0.1946690088869999,0.6544588951879007
2024-25,2024-12-29,Tottenham,Wolves,5,2024-25,Independent Poisson,D,H,0.6675251917418791,0.1868947356987001,0.1455800725594208
2024-25,2024-12-29,West Ham,Liverpool,5,2024-25,Independent Poisson,A,A,0.1584806175490135,0.1800255591483262,0.6614938233026603
2024-25,2024-12-30,Aston Villa,Brighton,5,2024-25,Independent Poisson,D,H,0.4346042160370359,0.2468902170124784,0.3185055669504859
2024-25,2024-12-30,Ipswich,Chelsea,5,2024-25,Independent Poisson,H,A,0.2296073440825248,0.2380282332357595,0.5323644226817157
2024-25,2024-12-30,Man United,Newcastle,5,2024-25,Independent Poisson,A,A,0.3251164700903385,0.2322206669868174,0.442662862922844
2024-25,2025-01-01,Brentford,Arsenal,5,2024-25,Independent Poisson,A,A,0.1360906831906125,0.1663040669305374,0.69760524987885
2024-25,2025-01-04,Aston Villa,Leicester,5,2024-25,Independent Poisson,H,H,0.6767013243511539,0.1954885323072099,0.1278101433416361
2024-25,2025-01-04,Bournemouth,Everton,5,2024-25,Independent Poisson,H,H,0.492503887152363,0.260561357806653,0.246934755040984
2024-25,2025-01-04,Brighton,Arsenal,5,2024-25,Independent Poisson,D,A,0.1973634088794016,0.213140268193952,0.5894963229266461
2024-25,2025-01-04,Crystal Palace,Chelsea,5,2024-25,Independent Poisson,D,A,0.3223347500578235,0.2489665149992876,0.4286987349428887
2024-25,2025-01-04,Man City,West Ham,5,2024-25,Independent Poisson,H,H,0.8111508083145018,0.1255338773745807,0.0633153143109175
2024-25,2025-01-04,Southampton,Brentford,5,2024-25,Independent Poisson,A,A,0.1950278784938663,0.2287541450917018,0.5762179764144321
2024-25,2025-01-04,Tottenham,Newcastle,5,2024-25,Independent Poisson,A,H,0.4751743467562711,0.2231452900181678,0.3016803632255611
2024-25,2025-01-05,Fulham,Ipswich,5,2024-25,Independent Poisson,D,H,0.6220170045309941,0.2236944060535401,0.1542885894154658
2024-25,2025-01-05,Liverpool,Man United,5,2024-25,Independent Poisson,D,H,0.8007092306835408,0.1254031565513296,0.0738876127651295
2024-25,2025-01-06,Wolves,Nott'm Forest,5,2024-25,Independent Poisson,A,A,0.3371708796632616,0.2744698660535211,0.3883592542832175
2024-25,2025-01-14,Brentford,Man City,5,2024-25,Independent Poisson,D,A,0.2566445469237928,0.2160582888125913,0.527297164263616
2024-25,2025-01-14,Chelsea,Bournemouth,5,2024-25,Independent Poisson,D,H,0.600381776385148,0.2132869473265209,0.1863312762883309
2024-25,2025-01-14,Nott'm Forest,Liverpool,5,2024-25,Independent Poisson,D,A,0.1728826144655378,0.1854652222937742,0.6416521632406877
2024-25,2025-01-14,West Ham,Fulham,5,2024-25,Independent Poisson,H,H,0.4170032420479498,0.248609909663763,0.3343868482882872
2024-25,2025-01-15,Arsenal,Tottenham,5,2024-25,Independent Poisson,H,H,0.7380093773494153,0.1552690175757676,0.1067216050748171
2024-25,2025-01-15,Everton,Aston Villa,5,2024-25,Independent Poisson,A,H,0.3840974590834772,0.2687966921964244,0.3471058487200982
2024-25,2025-01-15,Leicester,Crystal Palace,5,2024-25,Independent Poisson,A,A,0.3325214660643478,0.2548194719473973,0.4126590619882548
2024-25,2025-01-15,Newcastle,Wolves,5,2024-25,Independent Poisson,H,H,0.6999612498554479,0.1813466484707094,0.1186921016738425
2024-25,2025-01-16,Ipswich,Brighton,5,2024-25,Independent Poisson,A,A,0.3503626154386521,0.2524865538122036,0.3971508307491442
2024-25,2025-01-16,Man United,Southampton,5,2024-25,Independent Poisson,H,H,0.7618685692681886,0.1584703884304707,0.0796610423013407
2024-25,2025-01-18,Arsenal,Aston Villa,5,2024-25,Independent Poisson,D,H,0.7384279545670105,0.1665442858274811,0.0950277596055082
2024-25,2025-01-18,Brentford,Liverpool,5,2024-25,Independent Poisson,A,A,0.1454810740018976,0.1652982410304207,0.6892206849676819
2024-25,2025-01-18,Leicester,Fulham,5,2024-25,Independent Poisson,A,A,0.3622231776728645,0.2671996803076057,0.3705771420195296
2024-25,2025-01-18,Newcastle,Bournemouth,5,2024-25,Independent Poisson,A,H,0.6797413093067685,0.1936274779458037,0.1266312127474279
2024-25,2025-01-18,West Ham,Crystal Palace,5,2024-25,Independent Poisson,A,H,0.385500017694797,0.2497638836749849,0.3647360986302181
2024-25,2025-01-19,Everton,Tottenham,5,2024-25,Independent Poisson,H,A,0.3559145057895218,0.2606283551835301,0.383457139026948
2024-25,2025-01-19,Ipswich,Man City,5,2024-25,Independent Poisson,A,A,0.2129864688143601,0.2327752078521643,0.5542383233334754
2024-25,2025-01-19,Man United,Brighton,5,2024-25,Independent Poisson,A,H,0.5104804544014165,0.2451322127769793,0.2443873328216042
2024-25,2025-01-19,Nott'm Forest,Southampton,5,2024-25,Independent Poisson,H,H,0.6828919425094556,0.1973639021989569,0.1197441552915874
2024-25,2025-01-20,Chelsea,Wolves,5,2024-25,Independent Poisson,H,H,0.7001027886563973,0.1815972862627966,0.1182999250808059
2024-25,2025-01-25,Bournemouth,Nott'm Forest,5,2024-25,Independent Poisson,H,H,0.4178968618495696,0.2731605308250265,0.3089426073254038
2024-25,2025-01-25,Brighton,Everton,5,2024-25,Independent Poisson,A,H,0.5543493406715886,0.2375496369977871,0.2081010223306242
2024-25,2025-01-25,Liverpool,Ipswich,5,2024-25,Independent Poisson,H,H,0.8838775064133783,0.0832194688587339,0.0329030247278878
2024-25,2025-01-25,Man City,Chelsea,5,2024-25,Independent Poisson,H,H,0.6264708750008473,0.1999556753282736,0.173573449670879
2024-25,2025-01-25,Southampton,Newcastle,5,2024-25,Independent Poisson,A,A,0.1456976684146328,0.1879567609169857,0.6663455706683813
2024-25,2025-01-25,Wolves,Arsenal,5,2024-25,Independent Poisson,A,A,0.1245437394354524,0.1726472983268521,0.7028089622376954
2024-25,2025-01-26,Aston Villa,West Ham,5,2024-25,Independent Poisson,D,H,0.6449815463588287,0.1999360352845695,0.1550824183566017
2024-25,2025-01-26,Crystal Palace,Brentford,5,2024-25,Independent Poisson,A,H,0.5176489509909119,0.2286525396096996,0.2536985093993882
2024-25,2025-01-26,Fulham,Man United,5,2024-25,Independent Poisson,A,H,0.5053826142496267,0.232746618954216,0.261870766796157
2024-25,2025-01-26,Tottenham,Leicester,5,2024-25,Independent Poisson,A,H,0.7054420019284962,0.1779677677618438,0.11659023030966
2024-25,2025-02-01,Bournemouth,Liverpool,5,2024-25,Independent Poisson,A,A,0.2023777082205503,0.2078471380689975,0.5897751537104523
2024-25,2025-02-01,Everton,Leicester,5,2024-25,Independent Poisson,H,H,0.510285786926594,0.2516166870779051,0.2380975259955008
2024-25,2025-02-01,Ipswich,Southampton,5,2024-25,Independent Poisson,A,H,0.5524233987797976,0.237841576203987,0.2097350250162153
2024-25,2025-02-01,Newcastle,Fulham,5,2024-25,Independent Poisson,A,H,0.5852360280988891,0.2207868241686805,0.1939771477324302
2024-25,2025-02-01,Nott'm Forest,Brighton,5,2024-25,Independent Poisson,H,H,0.3979329633209018,0.2499959683930774,0.3520710682860211
2024-25,2025-02-01,Wolves,Aston Villa,5,2024-25,Independent Poisson,H,A,0.2768628672002003,0.2555235672834862,0.4676135655163135
2024-25,2025-02-02,Arsenal,Man City,5,2024-25,Independent Poisson,H,H,0.4520098662073755,0.2276782216720657,0.3203119121205586
2024-25,2025-02-02,Brentford,Tottenham,5,2024-25,Independent Poisson,A,H,0.4326427368135601,0.2401539396440278,0.3272033235424119
2024-25,2025-02-02,Man United,Crystal Palace,5,2024-25,Independent Poisson,A,H,0.4739862261629592,0.2482892220287545,0.2777245518082861
2024-25,2025-02-03,Chelsea,West Ham,5,2024-25,Independent Poisson,H,H,0.7396923219208662,0.1581006615006772,0.1022070165784564
2024-25,2025-02-12,Everton,Liverpool,5,2024-25,Independent Poisson,D,A,0.1794619962335882,0.208531349321042,0.61200665444537
2024-25,2025-02-14,Brighton,Chelsea,5,2024-25,Independent Poisson,H,A,0.3685463476097057,0.2571969236116229,0.3742567287786714
2024-25,2025-02-15,Aston Villa,Ipswich,5,2024-25,Independent Poisson,D,H,0.6894920868395025,0.18884517121018,0.1216627419503174
2024-25,2025-02-15,Crystal Palace,Everton,5,2024-25,Independent Poisson,A,H,0.43260445616675,0.2555985726355018,0.3117969711977482
2024-25,2025-02-15,Fulham,Nott'm Forest,5,2024-25,Independent Poisson,H,H,0.418593745036934,0.2580129124441986,0.3233933425188673
2024-25,2025-02-15,Leicester,Arsenal,5,2024-25,Independent Poisson,A,A,0.0940228414404543,0.1503831844312533,0.7555939741282922
2024-25,2025-02-15,Man City,Newcastle,5,2024-25,Independent Poisson,H,H,0.7332236884415598,0.156077396613563,0.1106989149448771
2024-25,2025-02-15,Southampton,Bournemouth,5,2024-25,Independent Poisson,A,A,0.1375738156369177,0.1814616470679639,0.6809645372951184
2024-25,2025-02-15,West Ham,Brentford,5,2024-25,Independent Poisson,A,H,0.393512292824439,0.2379014809258991,0.3685862262496619
2024-25,2025-02-16,Liverpool,Wolves,5,2024-25,Independent Poisson,H,H,0.8798037517694253,0.081656771831872,0.0385394763987027
2024-25,2025-02-16,Tottenham,Man United,5,2024-25,Independent Poisson,H,H,0.5591993466883118,0.2229748628417912,0.2178257904698969
2024-25,2025-02-19,Aston Villa,Liverpool,5,2024-25,Independent Poisson,D,A,0.1888384659584927,0.2077110097323505,0.6034505243091569
2024-25,2025-02-21,Leicester,Brentford,5,2024-25,Independent Poisson,A,A,0.2833425927860437,0.2534982302019259,0.4631591770120302
2024-25,2025-02-22,Arsenal,West Ham,5,2024-25,Independent Poisson,A,H,0.8254197853857415,0.113579725391589,0.0610004892226695
2024-25,2025-02-22,Aston Villa,Chelsea,5,2024-25,Independent Poisson,H,H,0.5877810999472824,0.2226583683079245,0.1895605317447929
2024-25,2025-02-22,Bournemouth,Wolves,5,2024-25,Independent Poisson,A,H,0.6279604629193796,0.2063526682224338,0.1656868688581864
2024-25,2025-02-22,Everton,Man United,5,2024-25,Independent Poisson,D,H,0.4340660110649322,0.2588201764206694,0.3071138125143983
2024-25,2025-02-22,Fulham,Crystal Palace,5,2024-25,Independent Poisson,A,H,0.4441563959001732,0.2541314681501605,0.3017121359496663
2024-25,2025-02-22,Ipswich,Tottenham,5,2024-25,Independent Poisson,A,A,0.2185598600866793,0.215524301341292,0.5659158385720285
2024-25,2025-02-22,Southampton,Brighton,5,2024-25,Independent Poisson,A,A,0.1712960114876534,0.2065479665375933,0.6221560219747532
2024-25,2025-02-23,Man City,Liverpool,5,2024-25,Independent Poisson,A,H,0.496898819403884,0.2245363318732083,0.2785648487229077
2024-25,2025-02-23,Newcastle,Nott'm Forest,5,2024-25,Independent Poisson,H,H,0.4701293990784474,0.2438855425012319,0.2859850584203206
2024-25,2025-02-25,Brighton,Bournemouth,5,2024-25,Independent Poisson,H,H,0.4881410093806531,0.2447413987707,0.267117591848647
2024-25,2025-02-25,Chelsea,Southampton,5,2024-25,Independent Poisson,H,H,0.8094761321349735,0.1298801268841659,0.0606437409808605
2024-25,2025-02-25,Crystal Palace,Aston Villa,5,2024-25,Independent Poisson,H,H,0.4900910760933514,0.2508472911478772,0.2590616327587713
2024-25,2025-02-25,Wolves,Fulham,5,2024-25,Independent Poisson,A,H,0.3648691480586067,0.2826736852101407,0.3524571667312526
2024-25,2025-02-26,Brentford,Everton,5,2024-25,Independent Poisson,D,H,0.4633046478323828,0.2572808819496697,0.2794144702179473
2024-25,2025-02-26,Liverpool,Newcastle,5,2024-25,Independent Poisson,H,H,0.8329353894109629,0.1089862500696163,0.0580783605194209
2024-25,2025-02-26,Man United,Ipswich,5,2024-25,Independent Poisson,H,H,0.6455980215989697,0.2030902702506161,0.1513117081504141
2024-25,2025-02-26,Nott'm Forest,Arsenal,5,2024-25,Independent Poisson,D,A,0.2976162114589923,0.2367236656214803,0.4656601229195273
2024-25,2025-02-26,Tottenham,Man City,5,2024-25,Independent Poisson,A,A,0.2621466777221273,0.2145127310989972,0.5233405911788753
2024-25,2025-02-27,West Ham,Leicester,5,2024-25,Independent Poisson,H,H,0.6074603685849735,0.2218988806023789,0.1706407508126474
2024-25,2025-03-08,Brentford,Aston Villa,5,2024-25,Independent Poisson,A,H,0.4960672572903358,0.2455370974366918,0.2583956452729723
2024-25,2025-03-08,Brighton,Fulham,5,2024-25,Independent Poisson,H,H,0.5161532615116676,0.2471691783714428,0.2366775601168894
2024-25,2025-03-08,Crystal Palace,Ipswich,5,2024-25,Independent Poisson,H,H,0.6675438543873151,0.1897537040163952,0.1427024415962897
2024-25,2025-03-08,Liverpool,Southampton,5,2024-25,Independent Poisson,H,H,0.9579646586447697,0.0321568219677722,0.009878519387458
2024-25,2025-03-08,Nott'm Forest,Man City,5,2024-25,Independent Poisson,H,A,0.293531200529743,0.225213984053289,0.4812548154169677
2024-25,2025-03-08,Wolves,Everton,5,2024-25,Independent Poisson,D,A,0.344827700247426,0.2748022514990859,0.3803700482534878
2024-25,2025-03-09,Chelsea,Leicester,5,2024-25,Independent Poisson,H,H,0.8069126630220801,0.1289740772106996,0.0641132597672201
2024-25,2025-03-09,Man United,Arsenal,5,2024-25,Independent Poisson,D,A,0.189850429990621,0.2146007010072597,0.5955488690021192
2024-25,2025-03-09,Tottenham,Bournemouth,5,2024-25,Independent Poisson,D,H,0.4382190942676333,0.2474496855134821,0.3143312202188845
2024-25,2025-03-10,West Ham,Newcastle,5,2024-25,Independent Poisson,A,A,0.3435651025465593,0.2566057044008899,0.3998291930525507
2024-25,2025-03-15,Bournemouth,Brentford,5,2024-25,Independent Poisson,A,H,0.4639967758761414,0.2523338530319337,0.2836693710919249
2024-25,2025-03-15,Everton,West Ham,5,2024-25,Independent Poisson,D,H,0.4754223749529449,0.2524731580132041,0.2721044670338509
2024-25,2025-03-15,Ipswich,Nott'm Forest,5,2024-25,Independent Poisson,A,A,0.1508904731796657,0.1868398836045102,0.6622696432158238
2024-25,2025-03-15,Man City,Brighton,5,2024-25,Independent Poisson,D,H,0.6795238602458278,0.1816115437391519,0.1388645960150203
2024-25,2025-03-15,Southampton,Wolves,5,2024-25,Independent Poisson,A,A,0.2098636336237936,0.2322784118558453,0.5578579545203609
2024-25,2025-03-16,Arsenal,Chelsea,5,2024-25,Independent Poisson,H,H,0.604128035053813,0.2088223631634411,0.187049601782746
2024-25,2025-03-16,Fulham,Tottenham,5,2024-25,Independent Poisson,H,H,0.4219878353841362,0.2491684848625206,0.3288436797533431
2024-25,2025-03-16,Leicester,Man United,5,2024-25,Independent Poisson,A,A,0.2283954634430444,0.2338156183115095,0.5377889182454461
2024-25,2025-04-01,Arsenal,Fulham,5,2024-25,Independent Poisson,H,H,0.738370320478887,0.1596978010518955,0.1019318784692173
2024-25,2025-04-01,Nott'm Forest,Man United,5,2024-25,Independent Poisson,H,H,0.5097449519537742,0.2297302897639637,0.260524758282262
2024-25,2025-04-01,Wolves,West Ham,5,2024-25,Independent Poisson,H,H,0.3980320292802469,0.2660094410769987,0.3359585296427544
2024-25,2025-04-02,Bournemouth,Ipswich,5,2024-25,Independent Poisson,A,H,0.613725880831475,0.2160843730552051,0.1701897461133197
2024-25,2025-04-02,Brighton,Aston Villa,5,2024-25,Independent Poisson,A,H,0.4824700372091514,0.2520343338007667,0.2654956289900818
2024-25,2025-04-02,Liverpool,Everton,5,2024-25,Independent Poisson,H,H,0.801226963723001,0.1285713727693797,0.0702016635076192
2024-25,2025-04-02,Man City,Leicester,5,2024-25,Independent Poisson,H,H,0.8806033763235304,0.0849799176735865,0.0344167060028831
2024-25,2025-04-02,Newcastle,Brentford,5,2024-25,Independent Poisson,H,H,0.5632770109579455,0.2245164478575257,0.2122065411845287
2024-25,2025-04-02,Southampton,Crystal Palace,5,2024-25,Independent Poisson,D,A,0.1320870938254674,0.1850406100500767,0.6828722961244559
2024-25,2025-04-03,Chelsea,Tottenham,5,2024-25,Independent Poisson,H,H,0.5037024898796028,0.2354751678353077,0.2608223422850896
2024-25,2025-04-05,Aston Villa,Nott'm Forest,5,2024-25,Independent Poisson,H,H,0.5556768952920244,0.2258441905678525,0.2184789141401232
2024-25,2025-04-05,Crystal Palace,Brighton,5,2024-25,Independent Poisson,H,H,0.4604868240697472,0.2579047786763679,0.2816083972538847
2024-25,2025-04-05,Everton,Arsenal,5,2024-25,Independent Poisson,D,A,0.2805011102843877,0.2516091531845483,0.4678897365310639
2024-25,2025-04-05,Ipswich,Wolves,5,2024-25,Independent Poisson,A,H,0.4549236681927129,0.2586419665779327,0.2864343652293543
2024-25,2025-04-05,West Ham,Bournemouth,5,2024-25,Independent Poisson,D,A,0.2687781908599392,0.2437735828441702,0.4874482262958904
2024-25,2025-04-06,Brentford,Chelsea,5,2024-25,Independent Poisson,D,A,0.2640568701882556,0.2411999979946309,0.4947431318171133
2024-25,2025-04-06,Fulham,Liverpool,5,2024-25,Independent Poisson,H,A,0.1973472741757749,0.2218635599756439,0.5807891658485812
2024-25,2025-04-06,Man United,Man City,5,2024-25,Independent Poisson,D,A,0.3013208088696649,0.2277180751097478,0.4709611160205872
2024-25,2025-04-06,Tottenham,Southampton,5,2024-25,Independent Poisson,H,H,0.7938714280916364,0.1409320056130966,0.0651965662952671
2024-25,2025-04-07,Leicester,Newcastle,5,2024-25,Independent Poisson,A,A,0.1777120330641934,0.21518908071725,0.6070988862185566
2024-25,2025-04-12,Arsenal,Brentford,5,2024-25,Independent Poisson,D,H,0.7419972262364095,0.1577881621302984,0.1002146116332921
2024-25,2025-04-12,Brighton,Leicester,5,2024-25,Independent Poisson,D,H,0.6536153302054948,0.2063836534797089,0.1400010163147962
2024-25,2025-04-12,Man City,Crystal Palace,5,2024-25,Independent Poisson,H,H,0.6585953107483062,0.1964826786188434,0.1449220106328505
2024-25,2025-04-12,Nott'm Forest,Everton,5,2024-25,Independent Poisson,A,H,0.4958843664978285,0.2470264267277078,0.2570892067744635
2024-25,2025-04-12,Southampton,Aston Villa,5,2024-25,Independent Poisson,A,A,0.1487787917316413,0.2001902175421562,0.6510309907262022
2024-25,2025-04-13,Chelsea,Ipswich,5,2024-25,Independent Poisson,D,H,0.6334986189242103,0.2132400628858825,0.1532613181899071
2024-25,2025-04-13,Liverpool,West Ham,5,2024-25,Independent Poisson,H,H,0.7998158909729174,0.128634005798619,0.0715501032284633
2024-25,2025-04-13,Newcastle,Man United,5,2024-25,Independent Poisson,H,H,0.5335939104925265,0.2336462473088605,0.2327598421986129
2024-25,2025-04-13,Wolves,Tottenham,5,2024-25,Independent Poisson,H,A,0.3227784898849599,0.2583576926876945,0.4188638174273453
2024-25,2025-04-14,Bournemouth,Fulham,5,2024-25,Independent Poisson,H,H,0.478920737645584,0.2549840234074612,0.2660952389469548
2024-25,2025-04-16,Newcastle,Crystal Palace,5,2024-25,Independent Poisson,H,H,0.6916695237775969,0.181650412082545,0.126680064139858
2024-25,2025-04-19,Aston Villa,Newcastle,5,2024-25,Independent Poisson,H,A,0.2795300905257908,0.2442053066992374,0.4762646027749717
2024-25,2025-04-19,Brentford,Brighton,5,2024-25,Independent Poisson,H,H,0.4607527394023041,0.2466564797110309,0.2925907808866649
2024-25,2025-04-19,Crystal Palace,Bournemouth,5,2024-25,Independent Poisson,D,H,0.4845223907824773,0.245629452168777,0.2698481570487456
2024-25,2025-04-19,Everton,Man City,5,2024-25,Independent Poisson,A,A,0.307000627706374,0.2351300790488421,0.4578692932447839
2024-25,2025-04-19,West Ham,Southampton,5,2024-25,Independent Poisson,D,H,0.6214183509312873,0.2163149303461065,0.1622667187226062
2024-25,2025-04-20,Fulham,Chelsea,5,2024-25,Independent Poisson,A,H,0.3765896977078994,0.2606219171189597,0.3627883851731409
2024-25,2025-04-20,Ipswich,Arsenal,5,2024-25,Independent Poisson,A,A,0.1197146607711876,0.1757526777718195,0.7045326614569929
2024-25,2025-04-20,Leicester,Liverpool,5,2024-25,Independent Poisson,A,A,0.0753237706135403,0.1282340923632227,0.7964421370232371
2024-25,2025-04-20,Man United,Wolves,5,2024-25,Independent Poisson,A,H,0.5376297687488514,0.2408876134065336,0.221482617844615
2024-25,2025-04-21,Tottenham,Nott'm Forest,5,2024-25,Independent Poisson,A,H,0.5044681784487649,0.2330988390615386,0.2624329824896965
2024-25,2025-04-22,Man City,Aston Villa,5,2024-25,Independent Poisson,H,H,0.6835780756981482,0.1903058386706494,0.126116085631202
2024-25,2025-04-23,Arsenal,Crystal Palace,5,2024-25,Independent Poisson,D,H,0.8362067211491504,0.1091729140011645,0.0546203648496848
2024-25,2025-04-26,Brighton,West Ham,5,2024-25,Independent Poisson,H,H,0.5378264902181598,0.2303616325591445,0.2318118772226956
2024-25,2025-04-26,Chelsea,Everton,5,2024-25,Independent Poisson,H,H,0.5272733477090488,0.2380985827551803,0.2346280695357707
2024-25,2025-04-26,Newcastle,Ipswich,5,2024-25,Independent Poisson,H,H,0.7620581367981277,0.1484947968306435,0.0894470663712287
2024-25,2025-04-26,Southampton,Fulham,5,2024-25,Independent Poisson,A,A,0.1583856065082275,0.2107089262797311,0.6309054672120412
2024-25,2025-04-26,Wolves,Leicester,5,2024-25,Independent Poisson,H,H,0.5560134653855446,0.2405575885515107,0.2034289460629447
2024-25,2025-04-27,Bournemouth,Man United,5,2024-25,Independent Poisson,D,H,0.494890595227992,0.2442027420766018,0.2609066626954058
2024-25,2025-04-27,Liverpool,Tottenham,5,2024-25,Independent Poisson,H,H,0.7091498618812487,0.1665821719501266,0.1242679661686246
2024-25,2025-05-01,Nott'm Forest,Brentford,5,2024-25,Independent Poisson,A,H,0.4968393317526398,0.2426680726464998,0.2604925956008605
2024-25,2025-05-02,Man City,Wolves,5,2024-25,Independent Poisson,H,H,0.7629314451214328,0.1489682632859281,0.0881002915926389
2024-25,2025-05-03,Arsenal,Bournemouth,5,2024-25,Independent Poisson,A,H,0.7659845609571204,0.1432643485065647,0.0907510905363148
2024-25,2025-05-03,Aston Villa,Fulham,5,2024-25,Independent Poisson,H,H,0.5532493114971531,0.2206604065430841,0.2260902819597628
2024-25,2025-05-03,Everton,Ipswich,5,2024-25,Independent Poisson,D,H,0.6480349335757072,0.1996056730612959,0.1523593933629969
2024-25,2025-05-03,Leicester,Southampton,5,2024-25,Independent Poisson,H,H,0.4132760744968514,0.2654094387008162,0.3213144868023322
2024-25,2025-05-04,Brentford,Man United,5,2024-25,Independent Poisson,H,H,0.5836392439989871,0.2198393856453358,0.1965213703556772
2024-25,2025-05-04,Brighton,Newcastle,5,2024-25,Independent Poisson,D,A,0.2548823108706098,0.2283523608054617,0.5167653283239285
2024-25,2025-05-04,Chelsea,Liverpool,5,2024-25,Independent Poisson,H,A,0.2916513728415643,0.2425031754720864,0.4658454516863494
2024-25,2025-05-04,West Ham,Tottenham,5,2024-25,Independent Poisson,D,A,0.3636824593744893,0.2442756432233465,0.392041897402164
2024-25,2025-05-05,Crystal Palace,Nott'm Forest,5,2024-25,Independent Poisson,D,H,0.5048855448187322,0.2254084609146106,0.2697059942666571
2024-25,2025-05-10,Bournemouth,Aston Villa,5,2024-25,Independent Poisson,A,H,0.4100347776847688,0.2642994878356856,0.3256657344795457
2024-25,2025-05-10,Fulham,Everton,5,2024-25,Independent Poisson,A,H,0.4223738961958477,0.246201248561827,0.3314248552423252
2024-25,2025-05-10,Ipswich,Brentford,5,2024-25,Independent Poisson,A,A,0.2580485143669941,0.2434037473293903,0.4985477383036155
2024-25,2025-05-10,Southampton,Man City,5,2024-25,Independent Poisson,D,A,0.050980395247021,0.1131367280167079,0.8358828767362713
2024-25,2025-05-10,Wolves,Brighton,5,2024-25,Independent Poisson,A,H,0.3834920135031988,0.2428254998270475,0.3736824866697537
2024-25,2025-05-11,Liverpool,Arsenal,5,2024-25,Independent Poisson,D,H,0.4860388835859376,0.2228328761215373,0.291128240292525
2024-25,2025-05-11,Man United,West Ham,5,2024-25,Independent Poisson,A,H,0.5279480704242785,0.2305201517935352,0.2415317777821861
2024-25,2025-05-11,Newcastle,Chelsea,5,2024-25,Independent Poisson,H,H,0.5394493906410893,0.2269764309669622,0.2335741783919483
2024-25,2025-05-11,Nott'm Forest,Leicester,5,2024-25,Independent Poisson,D,H,0.6531465401570102,0.2057134960123565,0.1411399638306332
2024-25,2025-05-11,Tottenham,Crystal Palace,5,2024-25,Independent Poisson,A,H,0.4475398828794441,0.2366889690605246,0.3157711480600311
2024-25,2025-05-16,Aston Villa,Tottenham,5,2024-25,Independent Poisson,H,H,0.5644363616133543,0.2192987617277187,0.2162648766589268
2024-25,2025-05-16,Chelsea,Man United,5,2024-25,Independent Poisson,H,H,0.589479366446253,0.2088291226525945,0.2016915109011525
2024-25,2025-05-18,Arsenal,Newcastle,5,2024-25,Independent Poisson,H,H,0.5480113735415283,0.2197547939568941,0.2322338325015777
2024-25,2025-05-18,Brentford,Fulham,5,2024-25,Independent Poisson,A,H,0.5617822784278941,0.2194557676183358,0.21876195395377
2024-25,2025-05-18,Everton,Southampton,5,2024-25,Independent Poisson,H,H,0.7355799153537246,0.1619276521091784,0.1024924325370971
2024-25,2025-05-18,Leicester,Ipswich,5,2024-25,Independent Poisson,H,A,0.3460861238409937,0.2654764578289853,0.3884374183300209
2024-25,2025-05-18,West Ham,Nott'm Forest,5,2024-25,Independent Poisson,A,H,0.4012898084987455,0.2464398526481521,0.3522703388531022
2024-25,2025-05-19,Brighton,Liverpool,5,2024-25,Independent Poisson,H,A,0.2595012663232975,0.2263910786393468,0.5141076550373556
2024-25,2025-05-20,Crystal Palace,Wolves,5,2024-25,Independent Poisson,H,H,0.4691689417373348,0.2471131483524334,0.2837179099102317
2024-25,2025-05-20,Man City,Bournemouth,5,2024-25,Independent Poisson,H,H,0.7016228401251138,0.172543964754982,0.125833195119904
2024-25,2025-05-25,Bournemouth,Leicester,5,2024-25,Independent Poisson,H,H,0.6105431376771391,0.2175057893529958,0.1719510729698651
2024-25,2025-05-25,Fulham,Man City,5,2024-25,Independent Poisson,A,A,0.2208342204242295,0.2368986515706143,0.5422671280051559
2024-25,2025-05-25,Ipswich,West Ham,5,2024-25,Independent Poisson,A,A,0.297364131302908,0.2437253804610238,0.4589104882360684
2024-25,2025-05-25,Liverpool,Crystal Palace,5,2024-25,Independent Poisson,D,H,0.7230860575060672,0.1544097018775344,0.1225042406163983
2024-25,2025-05-25,Man United,Aston Villa,5,2024-25,Independent Poisson,H,H,0.4123592089455571,0.2478935382737222,0.3397472527807207
2024-25,2025-05-25,Newcastle,Everton,5,2024-25,Independent Poisson,A,H,0.5534919178189401,0.2240848339912748,0.2224232481897849
2024-25,2025-05-25,Nott'm Forest,Chelsea,5,2024-25,Independent Poisson,A,H,0.4426091824806774,0.2590314763108048,0.2983593412085178
2024-25,2025-05-25,Southampton,Arsenal,5,2024-25,Independent Poisson,A,A,0.0391316973464017,0.0900173584330149,0.8708509442205832
2024-25,2025-05-25,Tottenham,Brighton,5,2024-25,Independent Poisson,A,H,0.4464454957400025,0.2394143090748783,0.3141401951851192
2024-25,2025-05-25,Wolves,Brentford,5,2024-25,Independent Poisson,D,A,0.2875175417434736,0.2509298315323829,0.4615526267241435
