Season,Date,HomeTeam,AwayTeam,Fold,EvaluationSeason,Model,ActualOutcome,PredictedOutcome,Probability_H,Probability_D,Probability_A
2020-21,2020-09-12,Crystal Palace,Southampton,1,2020-21,Tuned Random Forest,H,A,0.3239213263915237,0.3001005303736438,0.375978143234833
2020-21,2020-09-12,Fulham,Arsenal,1,2020-21,Tuned Random Forest,A,A,0.2555286766252135,0.2149175258117843,0.5295537975630019
2020-21,2020-09-12,Liverpool,Leeds,1,2020-21,Tuned Random Forest,H,H,0.685753975344435,0.2027010308451608,0.1115449938104045
2020-21,2020-09-12,West Ham,Newcastle,1,2020-21,Tuned Random Forest,A,A,0.3296067433591011,0.2936454720809682,0.376747784559931
2020-21,2020-09-13,Tottenham,Everton,1,2020-21,Tuned Random Forest,A,H,0.5138915537132686,0.3050361878712709,0.1810722584154614
2020-21,2020-09-13,West Brom,Leicester,1,2020-21,Tuned Random Forest,A,A,0.2683214937739394,0.2323506954812108,0.4993278107448501
2020-21,2020-09-14,Brighton,Chelsea,1,2020-21,Tuned Random Forest,A,A,0.2949948670385813,0.2261973453910104,0.4788077875704082
2020-21,2020-09-14,Sheffield United,Wolves,1,2020-21,Tuned Random Forest,A,H,0.3625770919054951,0.2969132486046098,0.3405096594898956
2020-21,2020-09-19,Arsenal,West Ham,1,2020-21,Tuned Random Forest,H,H,0.7102149739312132,0.1831914796655603,0.1065935464032265
2020-21,2020-09-19,Everton,West Brom,1,2020-21,Tuned Random Forest,H,H,0.6341131594985567,0.2180188108949401,0.1478680296065036
2020-21,2020-09-19,Leeds,Fulham,1,2020-21,Tuned Random Forest,H,H,0.5402998292165819,0.2580512868372945,0.2016488839461239
2020-21,2020-09-19,Man United,Crystal Palace,1,2020-21,Tuned Random Forest,A,H,0.6208105038103018,0.2359576145841478,0.1432318816055509
2020-21,2020-09-20,Chelsea,Liverpool,1,2020-21,Tuned Random Forest,A,A,0.3043695329735332,0.1920287287678413,0.5036017382586258
2020-21,2020-09-20,Leicester,Burnley,1,2020-21,Tuned Random Forest,H,H,0.4729288058078073,0.2936008682033661,0.2334703259888273
2020-21,2020-09-20,Newcastle,Brighton,1,2020-21,Tuned Random Forest,A,H,0.471992064499262,0.2919659411140247,0.2360419943867135
2020-21,2020-09-20,Southampton,Tottenham,1,2020-21,Tuned Random Forest,A,A,0.3033611428897926,0.2536423417444723,0.4429965153657351
2020-21,2020-09-21,Aston Villa,Sheffield United,1,2020-21,Tuned Random Forest,H,A,0.3073556786627714,0.2367678425084697,0.4558764788287588
2020-21,2020-09-21,Wolves,Man City,1,2020-21,Tuned Random Forest,A,A,0.3077828298640066,0.1908928683264212,0.5013243018095722
2020-21,2020-09-26,Brighton,Man United,1,2020-21,Tuned Random Forest,A,A,0.3097781772973292,0.2339455199948784,0.4562763027077928
2020-21,2020-09-26,Burnley,Southampton,1,2020-21,Tuned Random Forest,A,H,0.4481516170627528,0.2958795006530549,0.2559688822841929
2020-21,2020-09-26,Crystal Palace,Everton,1,2020-21,Tuned Random Forest,A,A,0.3229882297562901,0.3025693446258565,0.3744424256178535
2020-21,2020-09-26,West Brom,Chelsea,1,2020-21,Tuned Random Forest,D,A,0.2329207954483049,0.2246105143877447,0.5424686901639507
2020-21,2020-09-27,Man City,Leicester,1,2020-21,Tuned Random Forest,A,H,0.6002887302596811,0.2407493163763417,0.1589619533639778
2020-21,2020-09-27,Sheffield United,Leeds,1,2020-21,Tuned Random Forest,A,H,0.3548126205161369,0.2915269257049826,0.3536604537788805
2020-21,2020-09-27,Tottenham,Newcastle,1,2020-21,Tuned Random Forest,D,H,0.6792908134920834,0.2064259433773768,0.1142832431305398
2020-21,2020-09-27,West Ham,Wolves,1,2020-21,Tuned Random Forest,H,A,0.2663250819502405,0.2236610798518208,0.5100138381979391
2020-21,2020-09-28,Fulham,Aston Villa,1,2020-21,Tuned Random Forest,A,A,0.3403087854879227,0.2967825894238796,0.3629086250881982
2020-21,2020-09-28,Liverpool,Arsenal,1,2020-21,Tuned Random Forest,H,H,0.6590410694950856,0.2103607110546178,0.1305982194502971
2020-21,2020-10-03,Chelsea,Crystal Palace,1,2020-21,Tuned Random Forest,H,H,0.6341572718481522,0.2314363072505913,0.1344064209012569
2020-21,2020-10-03,Everton,Brighton,1,2020-21,Tuned Random Forest,H,H,0.6184319749681291,0.2339861777886854,0.1475818472431851
2020-21,2020-10-03,Leeds,Man City,1,2020-21,Tuned Random Forest,D,A,0.254000175770975,0.1721629509806881,0.5738368732483372
2020-21,2020-10-03,Newcastle,Burnley,1,2020-21,Tuned Random Forest,H,H,0.3677569894226784,0.2979274374984888,0.3343155730788331
2020-21,2020-10-04,Arsenal,Sheffield United,1,2020-21,Tuned Random Forest,H,H,0.656598917344405,0.2252612355366735,0.1181398471189214
2020-21,2020-10-04,Aston Villa,Liverpool,1,2020-21,Tuned Random Forest,H,A,0.1821450989003442,0.1341516216476287,0.683703279452027
2020-21,2020-10-04,Leicester,West Ham,1,2020-21,Tuned Random Forest,A,H,0.7095539510411034,0.1856232272872684,0.1048228216716278
2020-21,2020-10-04,Man United,Tottenham,1,2020-21,Tuned Random Forest,A,H,0.4750040871335184,0.3167396678686131,0.2082562449978689
2020-21,2020-10-04,Southampton,West Brom,1,2020-21,Tuned Random Forest,H,H,0.5754430554260715,0.2397811808078653,0.1847757637660634
2020-21,2020-10-04,Wolves,Fulham,1,2020-21,Tuned Random Forest,H,H,0.6777326931699332,0.1992438685917587,0.1230234382383081
2020-21,2020-10-17,Chelsea,Southampton,1,2020-21,Tuned Random Forest,D,H,0.6374362015584208,0.2504441252531783,0.1121196731884006
2020-21,2020-10-17,Everton,Liverpool,1,2020-21,Tuned Random Forest,D,A,0.3395942810046424,0.1910845108824281,0.4693212081129294
2020-21,2020-10-17,Man City,Arsenal,1,2020-21,Tuned Random Forest,H,H,0.5744778696132432,0.2564032403410703,0.1691188900456877
2020-21,2020-10-17,Newcastle,Man United,1,2020-21,Tuned Random Forest,A,A,0.3577467619848198,0.2380033748661781,0.4042498631490019
2020-21,2020-10-18,Crystal Palace,Brighton,1,2020-21,Tuned Random Forest,D,H,0.4480981436370427,0.2828319488095258,0.2690699075534319
2020-21,2020-10-18,Leicester,Aston Villa,1,2020-21,Tuned Random Forest,A,H,0.624255437595393,0.2225589830733621,0.1531855793312448
2020-21,2020-10-18,Sheffield United,Fulham,1,2020-21,Tuned Random Forest,D,H,0.5722485176700469,0.2400835030299849,0.1876679792999683
2020-21,2020-10-18,Tottenham,West Ham,1,2020-21,Tuned Random Forest,D,H,0.6934494045884283,0.1967503118568012,0.1098002835547708
2020-21,2020-10-19,Leeds,Wolves,1,2020-21,Tuned Random Forest,A,H,0.3752499125688412,0.2976162315353587,0.3271338558958003
2020-21,2020-10-19,West Brom,Burnley,1,2020-21,Tuned Random Forest,D,A,0.3145617092203409,0.251755077437031,0.4336832133426284
2020-21,2020-10-23,Aston Villa,Leeds,1,2020-21,Tuned Random Forest,A,H,0.4245887514939271,0.2741078477539293,0.3013034007521438
2020-21,2020-10-24,Fulham,Crystal Palace,1,2020-21,Tuned Random Forest,A,A,0.2691565263043768,0.2421853858607134,0.4886580878349099
2020-21,2020-10-24,Liverpool,Sheffield United,1,2020-21,Tuned Random Forest,H,H,0.7783840770071075,0.1379298285562979,0.0836860944365947
2020-21,2020-10-24,Man United,Chelsea,1,2020-21,Tuned Random Forest,D,H,0.3816842670504545,0.3174308048659924,0.3008849280835534
2020-21,2020-10-24,West Ham,Man City,1,2020-21,Tuned Random Forest,D,A,0.2571904651069061,0.1739954409943288,0.5688140938987651
2020-21,2020-10-25,Arsenal,Leicester,1,2020-21,Tuned Random Forest,A,H,0.5011429026058715,0.3256343173826284,0.1732227800115005
2020-21,2020-10-25,Southampton,Everton,1,2020-21,Tuned Random Forest,H,A,0.3218728039348165,0.3218423305447391,0.3562848655204446
2020-21,2020-10-25,Wolves,Newcastle,1,2020-21,Tuned Random Forest,D,H,0.6098345705991465,0.2443192742689904,0.1458461551318633
2020-21,2020-10-26,Brighton,West Brom,1,2020-21,Tuned Random Forest,D,H,0.5718729060276929,0.2476042830594786,0.1805228109128282
2020-21,2020-10-26,Burnley,Tottenham,1,2020-21,Tuned Random Forest,A,A,0.2543546590909451,0.2303249139895923,0.5153204269194629
2020-21,2020-10-30,Wolves,Crystal Palace,1,2020-21,Tuned Random Forest,H,H,0.5642716024482347,0.2726924296525871,0.1630359678991788
2020-21,2020-10-31,Burnley,Chelsea,1,2020-21,Tuned Random Forest,A,A,0.2678302794702085,0.2372900146606232,0.4948797058691688
2020-21,2020-10-31,Liverpool,West Ham,1,2020-21,Tuned Random Forest,H,H,0.711871810978945,0.1810614427568119,0.1070667462642435
2020-21,2020-10-31,Sheffield United,Man City,1,2020-21,Tuned Random Forest,A,A,0.1859409571662403,0.1391243841535676,0.6749346586801918
2020-21,2020-11-01,Aston Villa,Southampton,1,2020-21,Tuned Random Forest,A,A,0.3644610044456547,0.2674913522539741,0.3680476433003716
2020-21,2020-11-01,Man United,Arsenal,1,2020-21,Tuned Random Forest,A,H,0.4958451199312062,0.3133952354173602,0.1907596446514341
2020-21,2020-11-01,Newcastle,Everton,1,2020-21,Tuned Random Forest,H,A,0.2866296356480339,0.2776321713880929,0.4357381929638734
2020-21,2020-11-01,Tottenham,Brighton,1,2020-21,Tuned Random Forest,H,H,0.7164102815862078,0.192793046119663,0.0907966722941287
2020-21,2020-11-02,Fulham,West Brom,1,2020-21,Tuned Random Forest,H,H,0.4503294688231128,0.2494619093774507,0.300208621799436
2020-21,2020-11-02,Leeds,Leicester,1,2020-21,Tuned Random Forest,A,A,0.3157437067228019,0.326692776452751,0.3575635168244472
2020-21,2020-11-06,Brighton,Burnley,1,2020-21,Tuned Random Forest,D,H,0.4725360013988312,0.2448849023917563,0.2825790962094128
2020-21,2020-11-06,Southampton,Newcastle,1,2020-21,Tuned Random Forest,H,H,0.4970746538335816,0.2951724203769486,0.2077529257894697
2020-21,2020-11-07,Chelsea,Sheffield United,1,2020-21,Tuned Random Forest,H,H,0.7193962018206784,0.1890422465109187,0.0915615516684028
2020-21,2020-11-07,Crystal Palace,Leeds,1,2020-21,Tuned Random Forest,H,A,0.3393770920199002,0.3037528503137999,0.3568700576663004
2020-21,2020-11-07,Everton,Man United,1,2020-21,Tuned Random Forest,A,H,0.4091292086185001,0.279710538802725,0.3111602525787748
2020-21,2020-11-07,West Ham,Fulham,1,2020-21,Tuned Random Forest,H,H,0.6141429502144647,0.2321200393058832,0.153737010479652
2020-21,2020-11-08,Arsenal,Aston Villa,1,2020-21,Tuned Random Forest,A,H,0.6176774124946102,0.2436374388220338,0.138685148683356
2020-21,2020-11-08,Leicester,Wolves,1,2020-21,Tuned Random Forest,H,H,0.4486575727506528,0.2944599466032381,0.2568824806461091
2020-21,2020-11-08,Man City,Liverpool,1,2020-21,Tuned Random Forest,D,A,0.3597443307933243,0.2730384312430938,0.3672172379635818
2020-21,2020-11-08,West Brom,Tottenham,1,2020-21,Tuned Random Forest,A,A,0.2098598136620167,0.2118202331107369,0.5783199532272468
2020-21,2020-11-21,Aston Villa,Brighton,1,2020-21,Tuned Random Forest,A,H,0.4426226131756812,0.2782571802811102,0.279120206543209
2020-21,2020-11-21,Man United,West Brom,1,2020-21,Tuned Random Forest,H,H,0.6995037445886272,0.1977041243095568,0.1027921311018158
2020-21,2020-11-21,Newcastle,Chelsea,1,2020-21,Tuned Random Forest,A,A,0.2046856643083894,0.1641266474517534,0.6311876882398577
2020-21,2020-11-21,Tottenham,Man City,1,2020-21,Tuned Random Forest,H,H,0.3916222556531304,0.2300702386800474,0.3783075056668222
2020-21,2020-11-22,Fulham,Everton,1,2020-21,Tuned Random Forest,A,A,0.2790178160558132,0.2407489511450137,0.4802332327991733
2020-21,2020-11-22,Leeds,Arsenal,1,2020-21,Tuned Random Forest,D,A,0.2948300334329993,0.2448284446933284,0.4603415218736721
2020-21,2020-11-22,Liverpool,Leicester,1,2020-21,Tuned Random Forest,H,H,0.6415295277548917,0.224742709991214,0.1337277622538946
2020-21,2020-11-22,Sheffield United,West Ham,1,2020-21,Tuned Random Forest,A,A,0.3209068718544826,0.3308586924779629,0.3482344356675549
2020-21,2020-11-23,Burnley,Crystal Palace,1,2020-21,Tuned Random Forest,H,A,0.3465174615206606,0.3022813288572989,0.3512012096220409
2020-21,2020-11-23,Wolves,Southampton,1,2020-21,Tuned Random Forest,D,H,0.4261146847992574,0.3264501297663379,0.2474351854344047
2020-21,2020-11-27,Crystal Palace,Newcastle,1,2020-21,Tuned Random Forest,A,H,0.4537975050441847,0.2576623490639295,0.2885401458918853
2020-21,2020-11-28,Brighton,Liverpool,1,2020-21,Tuned Random Forest,D,A,0.1454736886125004,0.1133971215154699,0.7411291898720292
2020-21,2020-11-28,Everton,Leeds,1,2020-21,Tuned Random Forest,A,H,0.5634313162792834,0.2680348854176896,0.1685337983030269
2020-21,2020-11-28,Man City,Burnley,1,2020-21,Tuned Random Forest,H,H,0.7394943621354239,0.1671674729513892,0.0933381649131867
2020-21,2020-11-28,West Brom,Sheffield United,1,2020-21,Tuned Random Forest,H,H,0.4080847177651319,0.2404268043809256,0.3514884778539426
2020-21,2020-11-29,Arsenal,Wolves,1,2020-21,Tuned Random Forest,A,H,0.3928503491308455,0.3197318345150462,0.2874178163541088
2020-21,2020-11-29,Chelsea,Tottenham,1,2020-21,Tuned Random Forest,D,H,0.3831891580771362,0.3438988397725503,0.2729120021503139
2020-21,2020-11-29,Southampton,Man United,1,2020-21,Tuned Random Forest,A,H,0.3838060853674709,0.2916784249145302,0.3245154897179992
2020-21,2020-11-30,Leicester,Fulham,1,2020-21,Tuned Random Forest,A,H,0.7304781984461771,0.1731689335138722,0.0963528680399507
2020-21,2020-11-30,West Ham,Aston Villa,1,2020-21,Tuned Random Forest,H,H,0.4923821973392639,0.2771297567593156,0.230488045901421
2020-21,2020-12-05,Burnley,Everton,1,2020-21,Tuned Random Forest,D,H,0.4219840012435152,0.2655888205307872,0.3124271782256973
2020-21,2020-12-05,Chelsea,Leeds,1,2020-21,Tuned Random Forest,H,H,0.6965050524680099,0.2103050368445487,0.0931899106874411
2020-21,2020-12-05,Man City,Fulham,1,2020-21,Tuned Random Forest,H,H,0.7556728464531355,0.1580281155387035,0.0862990380081606
2020-21,2020-12-05,West Ham,Man United,1,2020-21,Tuned Random Forest,A,A,0.3325451996370965,0.2210472002142548,0.4464076001486492
2020-21,2020-12-06,Liverpool,Wolves,1,2020-21,Tuned Random Forest,H,H,0.7101196322401423,0.1812892066263919,0.1085911611334654
2020-21,2020-12-06,Sheffield United,Leicester,1,2020-21,Tuned Random Forest,A,A,0.2653235609886502,0.228661921998998,0.5060145170123518
2020-21,2020-12-06,Tottenham,Arsenal,1,2020-21,Tuned Random Forest,H,H,0.6291803938159252,0.2472822962459354,0.123537309938139
2020-21,2020-12-06,West Brom,Crystal Palace,1,2020-21,Tuned Random Forest,A,A,0.3465449451418156,0.2707905830778012,0.3826644717803833
2020-21,2020-12-07,Brighton,Southampton,1,2020-21,Tuned Random Forest,A,A,0.3250549862116274,0.275864687705382,0.3990803260829911
2020-21,2020-12-11,Leeds,West Ham,1,2020-21,Tuned Random Forest,A,H,0.3592909267044655,0.2997551326661407,0.3409539406293943
2020-21,2020-12-12,Everton,Chelsea,1,2020-21,Tuned Random Forest,H,A,0.2335511744206173,0.1778064839288929,0.5886423416504895
2020-21,2020-12-12,Man United,Man City,1,2020-21,Tuned Random Forest,D,A,0.3231711003104414,0.245045618622231,0.4317832810673273
2020-21,2020-12-12,Newcastle,West Brom,1,2020-21,Tuned Random Forest,H,H,0.6002014723664881,0.2335515948564256,0.1662469327770856
2020-21,2020-12-12,Wolves,Aston Villa,1,2020-21,Tuned Random Forest,A,H,0.644080044275948,0.2189607323209278,0.1369592234031243
2020-21,2020-12-13,Arsenal,Burnley,1,2020-21,Tuned Random Forest,A,H,0.5918082169155899,0.2406061114970109,0.1675856715873998
2020-21,2020-12-13,Crystal Palace,Tottenham,1,2020-21,Tuned Random Forest,D,A,0.1942681470560235,0.1588124637911342,0.6469193891528419
2020-21,2020-12-13,Fulham,Liverpool,1,2020-21,Tuned Random Forest,D,A,0.1650582950692091,0.1333591157936465,0.7015825891371437
2020-21,2020-12-13,Leicester,Brighton,1,2020-21,Tuned Random Forest,H,H,0.6826845495879713,0.206331855281087,0.1109835951309409
2020-21,2020-12-13,Southampton,Sheffield United,1,2020-21,Tuned Random Forest,H,H,0.6246442668848853,0.238111075084814,0.1372446580303004
2020-21,2020-12-15,Man City,West Brom,1,2020-21,Tuned Random Forest,D,H,0.8005129508944772,0.1243028740012035,0.0751841751043192
2020-21,2020-12-15,Wolves,Chelsea,1,2020-21,Tuned Random Forest,H,A,0.302810761743201,0.286277089152587,0.4109121491042116
2020-21,2020-12-16,Arsenal,Southampton,1,2020-21,Tuned Random Forest,D,H,0.3657232182040342,0.3267945662404193,0.307482215555547
2020-21,2020-12-16,Fulham,Brighton,1,2020-21,Tuned Random Forest,D,H,0.3784374452467369,0.2649755932625322,0.3565869614907312
2020-21,2020-12-16,Leeds,Newcastle,1,2020-21,Tuned Random Forest,H,H,0.3784074322199923,0.2813909539146264,0.3402016138653816
2020-21,2020-12-16,Leicester,Everton,1,2020-21,Tuned Random Forest,A,H,0.5436113469013234,0.2849117606673454,0.1714768924313313
2020-21,2020-12-16,Liverpool,Tottenham,1,2020-21,Tuned Random Forest,H,H,0.6276494263867144,0.2261683525379185,0.146182221075367
2020-21,2020-12-16,West Ham,Crystal Palace,1,2020-21,Tuned Random Forest,D,H,0.4716247121856982,0.3044995491044526,0.2238757387098489
2020-21,2020-12-17,Aston Villa,Burnley,1,2020-21,Tuned Random Forest,D,H,0.4911245240250071,0.2434999592505114,0.2653755167244814
2020-21,2020-12-17,Sheffield United,Man United,1,2020-21,Tuned Random Forest,A,A,0.2102004177049613,0.1597112469680952,0.6300883353269435
2020-21,2020-12-19,Crystal Palace,Liverpool,1,2020-21,Tuned Random Forest,A,A,0.1521909370651478,0.1181888923585931,0.729620170576259
2020-21,2020-12-19,Everton,Arsenal,1,2020-21,Tuned Random Forest,H,H,0.4776148164655351,0.2756114312829666,0.2467737522514982
2020-21,2020-12-19,Newcastle,Fulham,1,2020-21,Tuned Random Forest,D,H,0.5800828856885807,0.2560018243995139,0.163915289911905
2020-21,2020-12-19,Southampton,Man City,1,2020-21,Tuned Random Forest,A,A,0.3462749241712807,0.2050309655422985,0.4486941102864208
2020-21,2020-12-20,Brighton,Sheffield United,1,2020-21,Tuned Random Forest,D,H,0.594121402844281,0.2110363283802813,0.1948422687754372
2020-21,2020-12-20,Man United,Leeds,1,2020-21,Tuned Random Forest,H,H,0.662472254696234,0.2325572746156375,0.104970470688128
2020-21,2020-12-20,Tottenham,Leicester,1,2020-21,Tuned Random Forest,A,H,0.6096499749165463,0.2614764717652154,0.1288735533182386
2020-21,2020-12-20,West Brom,Aston Villa,1,2020-21,Tuned Random Forest,A,H,0.3735513477136544,0.2962090968426153,0.3302395554437306
2020-21,2020-12-21,Burnley,Wolves,1,2020-21,Tuned Random Forest,H,A,0.3551697258179494,0.2375922795340162,0.4072379946480343
2020-21,2020-12-21,Chelsea,West Ham,1,2020-21,Tuned Random Forest,H,H,0.6423463135193362,0.2449571060135532,0.1126965804671105
2020-21,2020-12-26,Arsenal,Chelsea,1,2020-21,Tuned Random Forest,H,A,0.3014241120081382,0.247285341240962,0.4512905467508996
2020-21,2020-12-26,Aston Villa,Crystal Palace,1,2020-21,Tuned Random Forest,H,H,0.4949989289577791,0.2433138946584932,0.2616871763837273
2020-21,2020-12-26,Fulham,Southampton,1,2020-21,Tuned Random Forest,D,A,0.2770159214427208,0.2270101515159325,0.4959739270413466
2020-21,2020-12-26,Leicester,Man United,1,2020-21,Tuned Random Forest,D,A,0.351374929057938,0.226559896090471,0.422065174851591
2020-21,2020-12-26,Man City,Newcastle,1,2020-21,Tuned Random Forest,H,H,0.7208363377575158,0.1822169527072679,0.0969467095352164
2020-21,2020-12-26,Sheffield United,Everton,1,2020-21,Tuned Random Forest,A,A,0.2607486078174743,0.2549568095967749,0.4842945825857507
2020-21,2020-12-27,Leeds,Burnley,1,2020-21,Tuned Random Forest,H,H,0.4446449745695503,0.2633474921194614,0.2920075333109881
2020-21,2020-12-27,Liverpool,West Brom,1,2020-21,Tuned Random Forest,D,H,0.8624541681926053,0.0800911700716862,0.0574546617357091
2020-21,2020-12-27,West Ham,Brighton,1,2020-21,Tuned Random Forest,D,H,0.5572059347756423,0.2623812602889499,0.1804128049354081
2020-21,2020-12-27,Wolves,Tottenham,1,2020-21,Tuned Random Forest,D,H,0.403422929320464,0.3077371917466738,0.2888398789328629
2020-21,2020-12-28,Chelsea,Aston Villa,1,2020-21,Tuned Random Forest,D,H,0.639959419566549,0.2376929077512919,0.122347672682159
2020-21,2020-12-28,Crystal Palace,Leicester,1,2020-21,Tuned Random Forest,D,A,0.2469604721198524,0.2048776157564754,0.5481619121236723
2020-21,2020-12-29,Brighton,Arsenal,1,2020-21,Tuned Random Forest,A,A,0.3354205320725743,0.2636208889125021,0.4009585790149237
2020-21,2020-12-29,Burnley,Sheffield United,1,2020-21,Tuned Random Forest,H,H,0.5427167498609023,0.2690048618139263,0.1882783883251712
2020-21,2020-12-29,Man United,Wolves,1,2020-21,Tuned Random Forest,H,H,0.6427129225474135,0.2395754656227899,0.117711611829796
2020-21,2020-12-29,Southampton,West Ham,1,2020-21,Tuned Random Forest,D,H,0.5046443341326537,0.3053602326970895,0.189995433170257
2020-21,2020-12-29,West Brom,Leeds,1,2020-21,Tuned Random Forest,A,A,0.2882002079150552,0.2312622504028524,0.4805375416820928
2020-21,2020-12-30,Newcastle,Liverpool,1,2020-21,Tuned Random Forest,D,A,0.126756434694398,0.1076214289858283,0.7656221363197744
2020-21,2021-01-01,Everton,West Ham,1,2020-21,Tuned Random Forest,A,H,0.5904095600516215,0.2719510507056966,0.1376393892426815
2020-21,2021-01-01,Man United,Aston Villa,1,2020-21,Tuned Random Forest,H,H,0.6834371952090983,0.202911290253965,0.1136515145369367
2020-21,2021-01-02,Brighton,Wolves,1,2020-21,Tuned Random Forest,D,A,0.3018937594558792,0.2428609405462627,0.455245299997858
2020-21,2021-01-02,Crystal Palace,Sheffield United,1,2020-21,Tuned Random Forest,H,H,0.6212666536340877,0.2135607137920891,0.1651726325738228
2020-21,2021-01-02,Tottenham,Leeds,1,2020-21,Tuned Random Forest,H,H,0.6315891991671705,0.2527454949798449,0.1156653058529843
2020-21,2021-01-02,West Brom,Arsenal,1,2020-21,Tuned Random Forest,A,A,0.2693830388658347,0.2512765925728036,0.4793403685613613
2020-21,2021-01-03,Chelsea,Man City,1,2020-21,Tuned Random Forest,A,A,0.3784259633180085,0.2127923466459249,0.4087816900360662
2020-21,2021-01-03,Newcastle,Leicester,1,2020-21,Tuned Random Forest,A,A,0.301813486760937,0.2564108964108483,0.4417756168282142
2020-21,2021-01-04,Southampton,Liverpool,1,2020-21,Tuned Random Forest,H,A,0.1982324408804935,0.1505649554582612,0.6512026036612453
2020-21,2021-01-12,Burnley,Man United,1,2020-21,Tuned Random Forest,A,A,0.2111833653499853,0.1450440892068606,0.6437725454431538
2020-21,2021-01-12,Sheffield United,Newcastle,1,2020-21,Tuned Random Forest,H,H,0.3954261715068498,0.2353485154081754,0.3692253130849748
2020-21,2021-01-12,Wolves,Everton,1,2020-21,Tuned Random Forest,A,H,0.3848818337911387,0.3154599146146723,0.2996582515941894
2020-21,2021-01-13,Man City,Brighton,1,2020-21,Tuned Random Forest,H,H,0.758426352151866,0.1533709658613954,0.0882026819867386
2020-21,2021-01-13,Tottenham,Fulham,1,2020-21,Tuned Random Forest,D,H,0.7652027838730853,0.1494370038971116,0.0853602122298037
2020-21,2021-01-14,Arsenal,Crystal Palace,1,2020-21,Tuned Random Forest,D,H,0.5840498537317906,0.2627621214492355,0.1531880248189731
2020-21,2021-01-16,Fulham,Chelsea,1,2020-21,Tuned Random Forest,A,A,0.2663789129708972,0.2395613895913583,0.4940596974377445
2020-21,2021-01-16,Leeds,Brighton,1,2020-21,Tuned Random Forest,A,H,0.5509446313675121,0.267507489743943,0.1815478788885446
2020-21,2021-01-16,Leicester,Southampton,1,2020-21,Tuned Random Forest,H,H,0.4912382239656854,0.3087669440445822,0.1999948319897329
2020-21,2021-01-16,West Ham,Burnley,1,2020-21,Tuned Random Forest,H,H,0.4825373689884616,0.2862140191599508,0.2312486118515879
2020-21,2021-01-16,Wolves,West Brom,1,2020-21,Tuned Random Forest,A,H,0.6614420751908939,0.2071864025516605,0.1313715222574462
2020-21,2021-01-17,Liverpool,Man United,1,2020-21,Tuned Random Forest,D,H,0.6299485216270856,0.2257587145494022,0.144292763823512
2020-21,2021-01-17,Man City,Crystal Palace,1,2020-21,Tuned Random Forest,H,H,0.787966784739255,0.1267775893902554,0.0852556258704897
2020-21,2021-01-17,Sheffield United,Tottenham,1,2020-21,Tuned Random Forest,A,A,0.2683234793873833,0.2387362975688274,0.4929402230437891
2020-21,2021-01-18,Arsenal,Newcastle,1,2020-21,Tuned Random Forest,H,H,0.5897434715591607,0.2569198539871971,0.1533366744536419
2020-21,2021-01-19,Leicester,Chelsea,1,2020-21,Tuned Random Forest,H,H,0.4143394182986069,0.3356310392992577,0.2500295424021354
2020-21,2021-01-19,West Ham,West Brom,1,2020-21,Tuned Random Forest,H,H,0.6884665353194178,0.1987514812870777,0.1127819833935046
2020-21,2021-01-20,Fulham,Man United,1,2020-21,Tuned Random Forest,A,A,0.1827852089742453,0.1324209035074255,0.6847938875183287
2020-21,2021-01-20,Man City,Aston Villa,1,2020-21,Tuned Random Forest,H,H,0.7429931404090521,0.1562146310069638,0.100792228583984
2020-21,2021-01-21,Liverpool,Burnley,1,2020-21,Tuned Random Forest,A,H,0.834053863158325,0.095373924919664,0.0705722119220105
2020-21,2021-01-23,Aston Villa,Newcastle,1,2020-21,Tuned Random Forest,H,H,0.5738355911270021,0.1967402407718635,0.2294241681011342
2020-21,2021-01-26,Crystal Palace,West Ham,1,2020-21,Tuned Random Forest,A,H,0.3637133069412729,0.3272747340400361,0.3090119590186912
2020-21,2021-01-26,Newcastle,Leeds,1,2020-21,Tuned Random Forest,A,H,0.3964086164962538,0.2750273251895501,0.3285640583141957
2020-21,2021-01-26,Southampton,Arsenal,1,2020-21,Tuned Random Forest,A,H,0.3839770735601107,0.3277268543283462,0.2882960721115431
2020-21,2021-01-26,West Brom,Man City,1,2020-21,Tuned Random Forest,A,A,0.1606381151402588,0.128548766149731,0.7108131187100105
2020-21,2021-01-27,Brighton,Fulham,1,2020-21,Tuned Random Forest,D,H,0.5728486647244712,0.239694696474449,0.1874566388010794
2020-21,2021-01-27,Burnley,Aston Villa,1,2020-21,Tuned Random Forest,H,H,0.4294214456287315,0.3175974647173986,0.2529810896538704
2020-21,2021-01-27,Chelsea,Wolves,1,2020-21,Tuned Random Forest,D,H,0.6163571792597792,0.2551781768667517,0.1284646438734689
2020-21,2021-01-27,Everton,Leicester,1,2020-21,Tuned Random Forest,D,H,0.3656711264731881,0.3475961952536287,0.2867326782731833
2020-21,2021-01-27,Man United,Sheffield United,1,2020-21,Tuned Random Forest,A,H,0.8353358572826156,0.0959427442487139,0.0687213984686716
2020-21,2021-01-28,Tottenham,Liverpool,1,2020-21,Tuned Random Forest,A,A,0.3631310546431301,0.2261874384083616,0.4106815069485078
2020-21,2021-01-30,Arsenal,Man United,1,2020-21,Tuned Random Forest,D,A,0.3201999592360745,0.2409177854981066,0.4388822552658187
2020-21,2021-01-30,Crystal Palace,Wolves,1,2020-21,Tuned Random Forest,H,H,0.4235363710344387,0.2631912163552656,0.313272412610296
2020-21,2021-01-30,Everton,Newcastle,1,2020-21,Tuned Random Forest,A,H,0.668771465462282,0.2188213967530768,0.1124071377846411
2020-21,2021-01-30,Man City,Sheffield United,1,2020-21,Tuned Random Forest,H,H,0.8349911561598833,0.1026474426528938,0.0623614011872234
2020-21,2021-01-30,Southampton,Aston Villa,1,2020-21,Tuned Random Forest,A,H,0.533028023967131,0.2819570983115136,0.185014877721356
2020-21,2021-01-30,West Brom,Fulham,1,2020-21,Tuned Random Forest,D,H,0.4149654993181143,0.2757072471121308,0.309327253569755
2020-21,2021-01-31,Brighton,Tottenham,1,2020-21,Tuned Random Forest,H,A,0.2727911091163859,0.2248146369022965,0.5023942539813177
2020-21,2021-01-31,Chelsea,Burnley,1,2020-21,Tuned Random Forest,H,H,0.6295744221164443,0.2404746901870715,0.1299508876964838
2020-21,2021-01-31,Leicester,Leeds,1,2020-21,Tuned Random Forest,A,H,0.6010401552859042,0.2699029280965129,0.1290569166175819
2020-21,2021-01-31,West Ham,Liverpool,1,2020-21,Tuned Random Forest,A,A,0.2817630706070466,0.1999573027143226,0.5182796266786304
2020-21,2021-02-02,Man United,Southampton,1,2020-21,Tuned Random Forest,H,H,0.6728882120373417,0.2189864760000926,0.1081253119625652
2020-21,2021-02-02,Newcastle,Crystal Palace,1,2020-21,Tuned Random Forest,A,H,0.4109088843480065,0.2692203361984288,0.3198707794535646
2020-21,2021-02-02,Sheffield United,West Brom,1,2020-21,Tuned Random Forest,H,H,0.5831775868427609,0.2392884636783111,0.1775339494789271
2020-21,2021-02-02,Wolves,Arsenal,1,2020-21,Tuned Random Forest,H,H,0.3568994044968128,0.3337235368937445,0.3093770586094426
2020-21,2021-02-03,Aston Villa,West Ham,1,2020-21,Tuned Random Forest,A,H,0.3649332402844398,0.2819567849442014,0.3531099747713589
2020-21,2021-02-03,Burnley,Man City,1,2020-21,Tuned Random Forest,A,A,0.137562579921595,0.1285432479047699,0.7338941721736358
2020-21,2021-02-03,Fulham,Leicester,1,2020-21,Tuned Random Forest,A,A,0.2348276037648196,0.2091768341594595,0.5559955620757209
2020-21,2021-02-03,Leeds,Everton,1,2020-21,Tuned Random Forest,A,H,0.3676848535054852,0.3181617269701532,0.3141534195243617
2020-21,2021-02-03,Liverpool,Brighton,1,2020-21,Tuned Random Forest,A,H,0.8435847977100803,0.0904213905273247,0.065993811762595
2020-21,2021-02-04,Tottenham,Chelsea,1,2020-21,Tuned Random Forest,A,H,0.4317410464592968,0.304410020983421,0.2638489325572826
2020-21,2021-02-06,Aston Villa,Arsenal,1,2020-21,Tuned Random Forest,H,A,0.3526504198731661,0.251900367523266,0.3954492126035682
2020-21,2021-02-06,Burnley,Brighton,1,2020-21,Tuned Random Forest,D,H,0.4435341833651022,0.3119410376093899,0.2445247790255079
2020-21,2021-02-06,Fulham,West Ham,1,2020-21,Tuned Random Forest,D,A,0.2671532994560745,0.2439865068595429,0.4888601936843826
2020-21,2021-02-06,Man United,Everton,1,2020-21,Tuned Random Forest,D,H,0.7081282456903759,0.1951244946734813,0.0967472596361421
2020-21,2021-02-06,Newcastle,Southampton,1,2020-21,Tuned Random Forest,H,H,0.4275633320490671,0.2161982339363648,0.3562384340145684
2020-21,2021-02-07,Liverpool,Man City,1,2020-21,Tuned Random Forest,A,H,0.4059091055916929,0.3004950200990693,0.2935958743092376
2020-21,2021-02-07,Sheffield United,Chelsea,1,2020-21,Tuned Random Forest,A,A,0.2600967455757041,0.2251430058420384,0.5147602485822572
2020-21,2021-02-07,Tottenham,West Brom,1,2020-21,Tuned Random Forest,H,H,0.7718750807722479,0.1497239485495006,0.0784009706782517
2020-21,2021-02-07,Wolves,Leicester,1,2020-21,Tuned Random Forest,D,H,0.358752207070575,0.3158145418949939,0.3254332510344314
2020-21,2021-02-08,Leeds,Crystal Palace,1,2020-21,Tuned Random Forest,H,H,0.4665955962634268,0.2559619466150007,0.2774424571215727
2020-21,2021-02-13,Brighton,Aston Villa,1,2020-21,Tuned Random Forest,D,H,0.3786574407756548,0.2952515395779436,0.3260910196464015
2020-21,2021-02-13,Crystal Palace,Burnley,1,2020-21,Tuned Random Forest,A,H,0.4213173391257825,0.271331592226681,0.3073510686475366
2020-21,2021-02-13,Leicester,Liverpool,1,2020-21,Tuned Random Forest,H,A,0.3828354325667657,0.2245993674449731,0.392565199988261
2020-21,2021-02-13,Man City,Tottenham,1,2020-21,Tuned Random Forest,H,H,0.7140820576486309,0.1807472026204686,0.1051707397308993
2020-21,2021-02-14,Arsenal,Leeds,1,2020-21,Tuned Random Forest,H,H,0.4781680385975784,0.3270104942438344,0.1948214671585879
2020-21,2021-02-14,Everton,Fulham,1,2020-21,Tuned Random Forest,A,H,0.6898185536512592,0.196448847899155,0.1137325984495854
2020-21,2021-02-14,Southampton,Wolves,1,2020-21,Tuned Random Forest,A,H,0.4063887310095901,0.2844633097057739,0.3091479592846363
2020-21,2021-02-14,West Brom,Man United,1,2020-21,Tuned Random Forest,D,A,0.2039674725273355,0.1605298350823298,0.635502692390335
2020-21,2021-02-15,Chelsea,Newcastle,1,2020-21,Tuned Random Forest,H,H,0.7276551368527404,0.1807062284515619,0.091638634695698
2020-21,2021-02-15,West Ham,Sheffield United,1,2020-21,Tuned Random Forest,H,H,0.7102505690879899,0.1879051146079346,0.1018443163040754
2020-21,2021-02-17,Burnley,Fulham,1,2020-21,Tuned Random Forest,D,H,0.579779181491787,0.2434391520353541,0.1767816664728588
2020-21,2021-02-17,Everton,Man City,1,2020-21,Tuned Random Forest,A,A,0.2290344331635546,0.1467033211967748,0.6242622456396706
2020-21,2021-02-19,Wolves,Leeds,1,2020-21,Tuned Random Forest,H,H,0.4897246147535816,0.3066230064215383,0.2036523788248803
2020-21,2021-02-20,Burnley,West Brom,1,2020-21,Tuned Random Forest,D,H,0.6862637677220674,0.1936348653053008,0.1201013669726321
2020-21,2021-02-20,Fulham,Sheffield United,1,2020-21,Tuned Random Forest,H,H,0.4842230074779435,0.2222115256436135,0.2935654668784433
2020-21,2021-02-20,Liverpool,Everton,1,2020-21,Tuned Random Forest,A,H,0.7013558648794632,0.2072018630969965,0.0914422720235402
2020-21,2021-02-20,Southampton,Chelsea,1,2020-21,Tuned Random Forest,D,A,0.2642578747454092,0.2133637688228723,0.5223783564317181
2020-21,2021-02-21,Arsenal,Man City,1,2020-21,Tuned Random Forest,A,A,0.2052389578304851,0.1489182033614152,0.6458428388080995
2020-21,2021-02-21,Aston Villa,Leicester,1,2020-21,Tuned Random Forest,A,A,0.2993119777110029,0.2268670072111309,0.4738210150778662
2020-21,2021-02-21,Man United,Newcastle,1,2020-21,Tuned Random Forest,H,H,0.8007972492498082,0.11816723869545,0.0810355120547418
2020-21,2021-02-21,West Ham,Tottenham,1,2020-21,Tuned Random Forest,H,H,0.44706004250972,0.295663299719387,0.2572766577708933
2020-21,2021-02-22,Brighton,Crystal Palace,1,2020-21,Tuned Random Forest,A,H,0.5263383237529986,0.2187584158308265,0.2549032604161748
2020-21,2021-02-23,Leeds,Southampton,1,2020-21,Tuned Random Forest,H,H,0.4936036226696524,0.2260473935453802,0.2803489837849668
2020-21,2021-02-27,Leeds,Aston Villa,1,2020-21,Tuned Random Forest,A,H,0.4504712870934353,0.3073124193440204,0.2422162935625448
2020-21,2021-02-27,Man City,West Ham,1,2020-21,Tuned Random Forest,H,H,0.8044005675795877,0.118001222595072,0.0775982098253403
2020-21,2021-02-27,Newcastle,Wolves,1,2020-21,Tuned Random Forest,D,A,0.3101988909679507,0.2583912462568857,0.431409862775163
2020-21,2021-02-27,West Brom,Brighton,1,2020-21,Tuned Random Forest,H,A,0.3183040866817613,0.2621620963413548,0.4195338169768839
2020-21,2021-02-28,Chelsea,Man United,1,2020-21,Tuned Random Forest,D,H,0.4007098173617444,0.3147563549912048,0.2845338276470508
2020-21,2021-02-28,Crystal Palace,Fulham,1,2020-21,Tuned Random Forest,D,H,0.4934747356524075,0.2897721033482389,0.2167531609993532
2020-21,2021-02-28,Leicester,Arsenal,1,2020-21,Tuned Random Forest,A,H,0.6042298509926061,0.265889364981839,0.1298807840255542
2020-21,2021-02-28,Sheffield United,Liverpool,1,2020-21,Tuned Random Forest,A,A,0.2339255347115531,0.1755031063482241,0.5905713589402226
2020-21,2021-02-28,Tottenham,Burnley,1,2020-21,Tuned Random Forest,H,H,0.6527939546633131,0.2237806477613136,0.123425397575373
2020-21,2021-03-01,Everton,Southampton,1,2020-21,Tuned Random Forest,H,H,0.574852849216284,0.2653121862016,0.1598349645821164
2020-21,2021-03-02,Man City,Wolves,1,2020-21,Tuned Random Forest,H,H,0.8070790288780527,0.1200776316138271,0.0728433395081197
2020-21,2021-03-03,Burnley,Leicester,1,2020-21,Tuned Random Forest,D,A,0.25274055393842,0.2102483094244979,0.5370111366370822
2020-21,2021-03-03,Crystal Palace,Man United,1,2020-21,Tuned Random Forest,D,A,0.1935865876135617,0.1526975140007599,0.6537158983856782
2020-21,2021-03-03,Sheffield United,Aston Villa,1,2020-21,Tuned Random Forest,H,A,0.3218845454866055,0.2705214779954358,0.4075939765179585
2020-21,2021-03-04,Fulham,Tottenham,1,2020-21,Tuned Random Forest,A,A,0.2875947108713095,0.2209144074220786,0.4914908817066121
2020-21,2021-03-04,Liverpool,Chelsea,1,2020-21,Tuned Random Forest,A,H,0.5837756025737929,0.2759322669836754,0.1402921304425321
2020-21,2021-03-04,West Brom,Everton,1,2020-21,Tuned Random Forest,A,A,0.266229755877355,0.2102464953333292,0.5235237487893153
2020-21,2021-03-06,Aston Villa,Wolves,1,2020-21,Tuned Random Forest,D,H,0.4277571370144684,0.2597479789353324,0.3124948840501996
2020-21,2021-03-06,Brighton,Leicester,1,2020-21,Tuned Random Forest,A,A,0.277894233702307,0.2161096008248695,0.5059961654728234
2020-21,2021-03-06,Burnley,Arsenal,1,2020-21,Tuned Random Forest,D,A,0.3353032021814879,0.2580059418634924,0.4066908559550195
2020-21,2021-03-06,Sheffield United,Southampton,1,2020-21,Tuned Random Forest,A,H,0.4586247252603312,0.2228810684550973,0.3184942062845711
2020-21,2021-03-07,Liverpool,Fulham,1,2020-21,Tuned Random Forest,A,H,0.8153428137040746,0.1151051866317411,0.0695519996641839
2020-21,2021-03-07,Man City,Man United,1,2020-21,Tuned Random Forest,A,H,0.7673520014077441,0.1398410372867536,0.0928069613055014
2020-21,2021-03-07,Tottenham,Crystal Palace,1,2020-21,Tuned Random Forest,H,H,0.7222557763414549,0.1966043254928406,0.0811398981657048
2020-21,2021-03-07,West Brom,Newcastle,1,2020-21,Tuned Random Forest,D,H,0.4307819185417222,0.2362813199950466,0.3329367614632311
2020-21,2021-03-08,Chelsea,Everton,1,2020-21,Tuned Random Forest,H,H,0.5974727998389929,0.2693878414959668,0.13313935866504
2020-21,2021-03-08,West Ham,Leeds,1,2020-21,Tuned Random Forest,H,H,0.5368427445419541,0.2979794294813299,0.1651778259767155
2020-21,2021-03-10,Man City,Southampton,1,2020-21,Tuned Random Forest,H,H,0.824552090667659,0.1132474490121551,0.0622004603201857
2020-21,2021-03-12,Newcastle,Aston Villa,1,2020-21,Tuned Random Forest,D,H,0.4073216467521757,0.2821818186105785,0.3104965346372462
2020-21,2021-03-13,Crystal Palace,West Brom,1,2020-21,Tuned Random Forest,H,H,0.5749397536398456,0.2494172816241728,0.1756429647359816
2020-21,2021-03-13,Everton,Burnley,1,2020-21,Tuned Random Forest,A,H,0.6079929473100055,0.2538531182376742,0.1381539344523197
2020-21,2021-03-13,Fulham,Man City,1,2020-21,Tuned Random Forest,A,A,0.1878878353347264,0.1251486166625108,0.6869635480027624
2020-21,2021-03-13,Leeds,Chelsea,1,2020-21,Tuned Random Forest,D,A,0.2597746398675548,0.1922963707752576,0.5479289893571878
2020-21,2021-03-14,Arsenal,Tottenham,1,2020-21,Tuned Random Forest,H,H,0.395668738587801,0.3246245909737028,0.2797066704384973
2020-21,2021-03-14,Leicester,Sheffield United,1,2020-21,Tuned Random Forest,H,H,0.7980361024665871,0.1268018355166742,0.0751620620167391
2020-21,2021-03-14,Man United,West Ham,1,2020-21,Tuned Random Forest,H,H,0.7021857147042204,0.1931203335472055,0.1046939517485733
2020-21,2021-03-14,Southampton,Brighton,1,2020-21,Tuned Random Forest,A,H,0.5633602373141198,0.2395742125098524,0.1970655501760278
2020-21,2021-03-15,Wolves,Liverpool,1,2020-21,Tuned Random Forest,A,A,0.314816765206085,0.2078702364805043,0.47731299831341
2020-21,2021-03-19,Fulham,Leeds,1,2020-21,Tuned Random Forest,A,H,0.3802862170578786,0.2856259086709257,0.3340878742711962
2020-21,2021-03-20,Brighton,Newcastle,1,2020-21,Tuned Random Forest,H,H,0.518400698098467,0.2307007865392416,0.2508985153622914
2020-21,2021-03-21,Aston Villa,Tottenham,1,2020-21,Tuned Random Forest,A,A,0.309409142918697,0.2077265449888367,0.4828643120924662
2020-21,2021-03-21,West Ham,Arsenal,1,2020-21,Tuned Random Forest,D,H,0.4281356305928218,0.3145718461593721,0.2572925232478064
2020-21,2021-04-03,Arsenal,Liverpool,1,2020-21,Tuned Random Forest,A,A,0.3580076164305151,0.222194667648001,0.4197977159214833
2020-21,2021-04-03,Chelsea,West Brom,1,2020-21,Tuned Random Forest,A,H,0.7985679436125147,0.1284759760318629,0.0729560803556228
2020-21,2021-04-03,Leeds,Sheffield United,1,2020-21,Tuned Random Forest,H,H,0.6462544168711069,0.2144046326790366,0.1393409504498565
2020-21,2021-04-03,Leicester,Man City,1,2020-21,Tuned Random Forest,A,A,0.3072263843512355,0.1861284304633949,0.5066451851853693
2020-21,2021-04-04,Aston Villa,Fulham,1,2020-21,Tuned Random Forest,H,H,0.658922839117193,0.1958906390138391,0.145186521868968
2020-21,2021-04-04,Man United,Brighton,1,2020-21,Tuned Random Forest,H,H,0.7968236070535643,0.122718070808647,0.0804583221377885
2020-21,2021-04-04,Newcastle,Tottenham,1,2020-21,Tuned Random Forest,D,A,0.2354376524371516,0.1964981649863165,0.568064182576532
2020-21,2021-04-04,Southampton,Burnley,1,2020-21,Tuned Random Forest,H,H,0.4300331307078958,0.2581778313881551,0.3117890379039493
2020-21,2021-04-05,Everton,Crystal Palace,1,2020-21,Tuned Random Forest,D,H,0.5712123773064512,0.2613154379353154,0.1674721847582335
2020-21,2021-04-05,Wolves,West Ham,1,2020-21,Tuned Random Forest,A,H,0.3854646983730475,0.3237687588781633,0.2907665427487902
2020-21,2021-04-09,Fulham,Wolves,1,2020-21,Tuned Random Forest,A,A,0.3236464820156773,0.2554552375590511,0.4208982804252717
2020-21,2021-04-10,Crystal Palace,Chelsea,1,2020-21,Tuned Random Forest,A,A,0.2956765937152621,0.231451009405734,0.4728723968790037
2020-21,2021-04-10,Liverpool,Aston Villa,1,2020-21,Tuned Random Forest,H,H,0.7441643660118323,0.1689418257205242,0.086893808267643
2020-21,2021-04-10,Man City,Leeds,1,2020-21,Tuned Random Forest,A,H,0.8294568830620557,0.1048516425920688,0.0656914743458752
2020-21,2021-04-11,Burnley,Newcastle,1,2020-21,Tuned Random Forest,A,H,0.5639888622516595,0.2472769149369757,0.1887342228113648
2020-21,2021-04-11,Sheffield United,Arsenal,1,2020-21,Tuned Random Forest,A,A,0.2326208436573743,0.2096013935865492,0.5577777627560764
2020-21,2021-04-11,Tottenham,Man United,1,2020-21,Tuned Random Forest,A,A,0.343949908479765,0.2304689058575423,0.4255811856626919
2020-21,2021-04-11,West Ham,Leicester,1,2020-21,Tuned Random Forest,H,H,0.4208084828521807,0.3322674164203736,0.2469241007274467
2020-21,2021-04-12,Brighton,Everton,1,2020-21,Tuned Random Forest,D,A,0.32106127185378,0.2551418210972809,0.4237969070489393
2020-21,2021-04-12,West Brom,Southampton,1,2020-21,Tuned Random Forest,H,A,0.3129777164578855,0.2115801823878707,0.4754421011542437
2020-21,2021-04-16,Everton,Tottenham,1,2020-21,Tuned Random Forest,D,H,0.4281586174152664,0.2986191826364181,0.2732221999483155
2020-21,2021-04-17,Newcastle,West Ham,1,2020-21,Tuned Random Forest,H,A,0.2610401705605393,0.2108805288914275,0.5280793005480334
2020-21,2021-04-17,Wolves,Sheffield United,1,2020-21,Tuned Random Forest,H,H,0.7019126124122039,0.1838740530036014,0.1142133345841953
2020-21,2021-04-18,Arsenal,Fulham,1,2020-21,Tuned Random Forest,D,H,0.7407815850732691,0.1765496918538536,0.0826687230728772
2020-21,2021-04-18,Man United,Burnley,1,2020-21,Tuned Random Forest,H,H,0.8059662412085261,0.1205006853671224,0.0735330734243514
2020-21,2021-04-19,Leeds,Liverpool,1,2020-21,Tuned Random Forest,D,A,0.2632959549262305,0.158345737702052,0.5783583073717172
2020-21,2021-04-20,Chelsea,Brighton,1,2020-21,Tuned Random Forest,D,H,0.7189167497558271,0.1905786008102355,0.0905046494339371
2020-21,2021-04-21,Aston Villa,Man City,1,2020-21,Tuned Random Forest,A,A,0.1958415104162612,0.1272606857181434,0.6768978038655953
2020-21,2021-04-21,Tottenham,Southampton,1,2020-21,Tuned Random Forest,H,H,0.7429998331590221,0.175761111731113,0.0812390551098652
2020-21,2021-04-22,Leicester,West Brom,1,2020-21,Tuned Random Forest,H,H,0.781969978403469,0.1348812384290781,0.0831487831674521
2020-21,2021-04-23,Arsenal,Everton,1,2020-21,Tuned Random Forest,A,H,0.5197612885027464,0.2927124891933834,0.1875262223038708
2020-21,2021-04-24,Liverpool,Newcastle,1,2020-21,Tuned Random Forest,D,H,0.7971171564587836,0.1357365988545683,0.0671462446866479
2020-21,2021-04-24,Sheffield United,Brighton,1,2020-21,Tuned Random Forest,H,A,0.2776028552299726,0.2560050515511676,0.4663920932188597
2020-21,2021-04-24,West Ham,Chelsea,1,2020-21,Tuned Random Forest,A,H,0.4075920649152068,0.3314606854831294,0.2609472496016644
2020-21,2021-04-25,Aston Villa,West Brom,1,2020-21,Tuned Random Forest,D,H,0.6528070012181735,0.2021683689760528,0.1450246298057733
2020-21,2021-04-25,Leeds,Man United,1,2020-21,Tuned Random Forest,D,A,0.242517438648697,0.1780474525512922,0.5794351088000101
2020-21,2021-04-25,Wolves,Burnley,1,2020-21,Tuned Random Forest,A,H,0.517984040961031,0.2914654978500276,0.1905504611889417
2020-21,2021-04-26,Leicester,Crystal Palace,1,2020-21,Tuned Random Forest,H,H,0.7432561557681362,0.1736934367908615,0.0830504074410016
2020-21,2021-04-30,Southampton,Leicester,1,2020-21,Tuned Random Forest,D,A,0.2450062366291801,0.2075170081145278,0.5474767552562926
2020-21,2021-05-01,Brighton,Leeds,1,2020-21,Tuned Random Forest,H,A,0.3429304460223127,0.2587296162854,0.3983399376922876
2020-21,2021-05-01,Chelsea,Fulham,1,2020-21,Tuned Random Forest,H,H,0.7871896600622459,0.1404264834705721,0.0723838564671823
2020-21,2021-05-01,Crystal Palace,Man City,1,2020-21,Tuned Random Forest,A,A,0.1842939157806422,0.1304861626392525,0.685219921580106
2020-21,2021-05-01,Everton,Aston Villa,1,2020-21,Tuned Random Forest,A,H,0.5971359772804868,0.2494053730788222,0.1534586496406914
2020-21,2021-05-02,Newcastle,Arsenal,1,2020-21,Tuned Random Forest,A,A,0.3258697737826023,0.2669003376406147,0.407229888576783
2020-21,2021-05-02,Tottenham,Sheffield United,1,2020-21,Tuned Random Forest,H,H,0.7662066133486778,0.1524111875623853,0.0813821990889369
2020-21,2021-05-03,Burnley,West Ham,1,2020-21,Tuned Random Forest,A,H,0.3632212667621144,0.2835722348066991,0.3532064984311866
2020-21,2021-05-03,West Brom,Wolves,1,2020-21,Tuned Random Forest,D,A,0.2959012268593348,0.2291813277050467,0.4749174454356188
2020-21,2021-05-07,Leicester,Newcastle,1,2020-21,Tuned Random Forest,A,H,0.7354651745412407,0.1742829691158718,0.0902518563428871
2020-21,2021-05-08,Leeds,Tottenham,1,2020-21,Tuned Random Forest,H,A,0.3517157091176232,0.2636880610277483,0.3845962298546284
2020-21,2021-05-08,Liverpool,Southampton,1,2020-21,Tuned Random Forest,H,H,0.7555759197317885,0.1722855025692225,0.0721385776989888
2020-21,2021-05-08,Man City,Chelsea,1,2020-21,Tuned Random Forest,A,H,0.7611966717948023,0.1520446813035364,0.0867586469016614
2020-21,2021-05-08,Sheffield United,Crystal Palace,1,2020-21,Tuned Random Forest,A,A,0.35220630688471,0.2384173773354125,0.4093763157798778
2020-21,2021-05-09,Arsenal,West Brom,1,2020-21,Tuned Random Forest,H,H,0.7053375110713219,0.1971879421491936,0.0974745467794842
2020-21,2021-05-09,Aston Villa,Man United,1,2020-21,Tuned Random Forest,A,A,0.2343743254867471,0.1663919504489461,0.5992337240643064
2020-21,2021-05-09,West Ham,Everton,1,2020-21,Tuned Random Forest,A,H,0.5361380129240527,0.2811338415545026,0.182728145521445
2020-21,2021-05-09,Wolves,Brighton,1,2020-21,Tuned Random Forest,H,H,0.5292166181397111,0.2746416409758211,0.1961417408844674
2020-21,2021-05-10,Fulham,Burnley,1,2020-21,Tuned Random Forest,A,A,0.3545212737208039,0.2415161224655198,0.4039626038136763
2020-21,2021-05-11,Man United,Leicester,1,2020-21,Tuned Random Forest,A,H,0.7040953375283164,0.1979655557618665,0.0979391067098168
2020-21,2021-05-11,Southampton,Crystal Palace,1,2020-21,Tuned Random Forest,H,H,0.4540234309216427,0.2465008338226335,0.2994757352557238
2020-21,2021-05-12,Chelsea,Arsenal,1,2020-21,Tuned Random Forest,A,H,0.5970545038590631,0.2727444495973239,0.1302010465436122
2020-21,2021-05-13,Aston Villa,Everton,1,2020-21,Tuned Random Forest,D,H,0.3723953569082277,0.2557682305211114,0.3718364125706614
2020-21,2021-05-13,Man United,Liverpool,1,2020-21,Tuned Random Forest,A,H,0.5122062444366595,0.2682070159817352,0.2195867395816048
2020-21,2021-05-14,Newcastle,Man City,1,2020-21,Tuned Random Forest,A,A,0.2142809121375673,0.1446518280597659,0.6410672598026669
2020-21,2021-05-15,Brighton,West Ham,1,2020-21,Tuned Random Forest,D,A,0.2921104227817711,0.2271341220592776,0.4807554551589514
2020-21,2021-05-15,Burnley,Leeds,1,2020-21,Tuned Random Forest,A,H,0.3750791489295569,0.3084637764875596,0.3164570745828836
2020-21,2021-05-15,Southampton,Fulham,1,2020-21,Tuned Random Forest,H,H,0.5530960021315117,0.2750675035673936,0.1718364943010946
2020-21,2021-05-16,Crystal Palace,Aston Villa,1,2020-21,Tuned Random Forest,H,H,0.3909482126016811,0.2824494790702441,0.3266023083280748
2020-21,2021-05-16,Everton,Sheffield United,1,2020-21,Tuned Random Forest,A,H,0.6888985124155989,0.199289251741771,0.1118122358426298
2020-21,2021-05-16,Tottenham,Wolves,1,2020-21,Tuned Random Forest,H,H,0.686286244322138,0.2039966793309537,0.1097170763469081
2020-21,2021-05-16,West Brom,Liverpool,1,2020-21,Tuned Random Forest,A,A,0.1910631333545358,0.142830135037918,0.6661067316075463
2020-21,2021-05-18,Brighton,Man City,1,2020-21,Tuned Random Forest,H,A,0.20885050728906,0.1535760048488388,0.6375734878621011
2020-21,2021-05-18,Chelsea,Leicester,1,2020-21,Tuned Random Forest,H,H,0.5521919234912512,0.2866505668557148,0.1611575096530342
2020-21,2021-05-18,Man United,Fulham,1,2020-21,Tuned Random Forest,D,H,0.8150196673446566,0.1190389547048438,0.0659413779505002
2020-21,2021-05-18,Southampton,Leeds,1,2020-21,Tuned Random Forest,A,H,0.3568491139965895,0.3145591665416138,0.3285917194617972
2020-21,2021-05-19,Burnley,Liverpool,1,2020-21,Tuned Random Forest,A,A,0.2292570051855402,0.1467846377154967,0.6239583570989634
2020-21,2021-05-19,Crystal Palace,Arsenal,1,2020-21,Tuned Random Forest,A,A,0.2913792800307724,0.2248065059707196,0.4838142139985076
2020-21,2021-05-19,Everton,Wolves,1,2020-21,Tuned Random Forest,H,H,0.5307282807250574,0.2687179831946986,0.2005537360802446
2020-21,2021-05-19,Newcastle,Sheffield United,1,2020-21,Tuned Random Forest,H,H,0.66079586075497,0.2008223340220405,0.1383818052229894
2020-21,2021-05-19,Tottenham,Aston Villa,1,2020-21,Tuned Random Forest,A,H,0.6714403016471202,0.2242649652205662,0.1042947331323131
2020-21,2021-05-19,West Brom,West Ham,1,2020-21,Tuned Random Forest,A,A,0.2739212757717197,0.242765664460769,0.4833130597675115
2020-21,2021-05-23,Arsenal,Brighton,1,2020-21,Tuned Random Forest,H,H,0.645982736709474,0.2437339562762445,0.1102833070142805
2020-21,2021-05-23,Aston Villa,Chelsea,1,2020-21,Tuned Random Forest,H,A,0.2517396011941353,0.1737112275768023,0.5745491712290622
2020-21,2021-05-23,Fulham,Newcastle,1,2020-21,Tuned Random Forest,A,A,0.3272135473667735,0.263905198768748,0.4088812538644787
2020-21,2021-05-23,Leeds,West Brom,1,2020-21,Tuned Random Forest,H,H,0.6437919239226798,0.2476786605165632,0.1085294155607565
2020-21,2021-05-23,Leicester,Tottenham,1,2020-21,Tuned Random Forest,A,H,0.4557502352849867,0.3169640576919229,0.2272857070230906
2020-21,2021-05-23,Liverpool,Crystal Palace,1,2020-21,Tuned Random Forest,H,H,0.7866536391029276,0.1460195116434372,0.0673268492536356
2020-21,2021-05-23,Man City,Everton,1,2020-21,Tuned Random Forest,H,H,0.8048131831632447,0.1270475105991442,0.068139306237611
2020-21,2021-05-23,Sheffield United,Burnley,1,2020-21,Tuned Random Forest,H,A,0.3135131331919287,0.2472879021693996,0.4391989646386713
2020-21,2021-05-23,West Ham,Southampton,1,2020-21,Tuned Random Forest,H,H,0.6550964027044798,0.2176448354895906,0.127258761805929
2020-21,2021-05-23,Wolves,Man United,1,2020-21,Tuned Random Forest,A,A,0.2749020660530349,0.2070288933721546,0.5180690405748104
2021-22,2021-08-13,Brentford,Arsenal,2,2021-22,Tuned Random Forest,H,A,0.2327938529238636,0.2034750348458096,0.5637311122303271
2021-22,2021-08-14,Burnley,Brighton,2,2021-22,Tuned Random Forest,A,A,0.3346227056285208,0.2834550319801824,0.3819222623912973
2021-22,2021-08-14,Chelsea,Crystal Palace,2,2021-22,Tuned Random Forest,H,H,0.6300247263349402,0.2063562582990091,0.1636190153660505
2021-22,2021-08-14,Everton,Southampton,2,2021-22,Tuned Random Forest,H,H,0.5038601921203161,0.2607556076785677,0.2353842002011163
2021-22,2021-08-14,Leicester,Wolves,2,2021-22,Tuned Random Forest,H,H,0.5029126913284594,0.2677846302499151,0.2293026784216258
2021-22,2021-08-14,Man United,Leeds,2,2021-22,Tuned Random Forest,H,H,0.5359833248600938,0.2431566207102869,0.2208600544296198
2021-22,2021-08-14,Norwich,Liverpool,2,2021-22,Tuned Random Forest,A,A,0.1825155464572682,0.176288372350672,0.6411960811920604
2021-22,2021-08-14,Watford,Aston Villa,2,2021-22,Tuned Random Forest,H,A,0.3270293684470101,0.2815888412327456,0.3913817903202446
2021-22,2021-08-15,Newcastle,West Ham,2,2021-22,Tuned Random Forest,A,A,0.2961504011948046,0.2588979878554622,0.4449516109497339
2021-22,2021-08-15,Tottenham,Man City,2,2021-22,Tuned Random Forest,H,A,0.2079197121932207,0.1843938021222059,0.6076864856845733
2021-22,2021-08-21,Aston Villa,Newcastle,2,2021-22,Tuned Random Forest,H,H,0.3583646870974032,0.2835229364389518,0.3581123764636454
2021-22,2021-08-21,Brighton,Watford,2,2021-22,Tuned Random Forest,H,H,0.4492764397547266,0.2702851795308307,0.2804383807144429
2021-22,2021-08-21,Crystal Palace,Brentford,2,2021-22,Tuned Random Forest,D,A,0.3286597609874436,0.2808202641505554,0.3905199748620014
2021-22,2021-08-21,Leeds,Everton,2,2021-22,Tuned Random Forest,D,A,0.3331467929458552,0.2846968642041466,0.3821563428499986
2021-22,2021-08-21,Liverpool,Burnley,2,2021-22,Tuned Random Forest,H,H,0.7561410551336191,0.1287629834322229,0.1150959614341581
2021-22,2021-08-21,Man City,Norwich,2,2021-22,Tuned Random Forest,H,H,0.7017577644754897,0.1684310395553606,0.1298111959691496
2021-22,2021-08-22,Arsenal,Chelsea,2,2021-22,Tuned Random Forest,A,A,0.337466261251257,0.2910069053914112,0.3715268333573322
2021-22,2021-08-22,Southampton,Man United,2,2021-22,Tuned Random Forest,D,A,0.1712169066255911,0.1708087611086562,0.6579743322657531
2021-22,2021-08-22,Wolves,Tottenham,2,2021-22,Tuned Random Forest,A,A,0.2410063419071951,0.2158851574721049,0.5431085006207005
2021-22,2021-08-23,West Ham,Leicester,2,2021-22,Tuned Random Forest,H,H,0.3752905639397376,0.2877848468588798,0.3369245892013838
2021-22,2021-08-28,Aston Villa,Brentford,2,2021-22,Tuned Random Forest,D,A,0.3196759466536405,0.2838233831205489,0.3965006702258107
2021-22,2021-08-28,Brighton,Everton,2,2021-22,Tuned Random Forest,A,A,0.3312309165358418,0.2765185777181295,0.3922505057460294
2021-22,2021-08-28,Liverpool,Chelsea,2,2021-22,Tuned Random Forest,D,H,0.497655901370356,0.2489609101789199,0.253383188450724
2021-22,2021-08-28,Man City,Arsenal,2,2021-22,Tuned Random Forest,H,H,0.6754830008048145,0.1780097300708804,0.1465072691243053
2021-22,2021-08-28,Newcastle,Southampton,2,2021-22,Tuned Random Forest,D,A,0.354065973299848,0.2816295247078883,0.3643045019922641
2021-22,2021-08-28,Norwich,Leicester,2,2021-22,Tuned Random Forest,A,A,0.2072918598633504,0.2124617162711739,0.5802464238654768
2021-22,2021-08-28,West Ham,Crystal Palace,2,2021-22,Tuned Random Forest,D,H,0.6670966756485215,0.1836450590101851,0.1492582653412937
2021-22,2021-08-29,Burnley,Leeds,2,2021-22,Tuned Random Forest,D,A,0.2830560389676045,0.2425776023466247,0.4743663586857711
2021-22,2021-08-29,Tottenham,Watford,2,2021-22,Tuned Random Forest,H,H,0.6634071233972495,0.1926961709682038,0.1438967056345463
2021-22,2021-08-29,Wolves,Man United,2,2021-22,Tuned Random Forest,A,A,0.1778984869685402,0.1736805136276634,0.6484209994037967
2021-22,2021-09-11,Arsenal,Norwich,2,2021-22,Tuned Random Forest,H,H,0.6123877015250666,0.2162158251167298,0.1713964733582038
2021-22,2021-09-11,Brentford,Brighton,2,2021-22,Tuned Random Forest,A,H,0.4087654272204612,0.2775322089391835,0.3137023638403558
2021-22,2021-09-11,Chelsea,Aston Villa,2,2021-22,Tuned Random Forest,H,H,0.6904057664077653,0.1711718363748734,0.1384223972173611
2021-22,2021-09-11,Crystal Palace,Tottenham,2,2021-22,Tuned Random Forest,H,A,0.2209247855571522,0.215940957517049,0.5631342569257989
2021-22,2021-09-11,Leicester,Man City,2,2021-22,Tuned Random Forest,A,A,0.2057371229983252,0.1856629004405455,0.6085999765611293
2021-22,2021-09-11,Man United,Newcastle,2,2021-22,Tuned Random Forest,H,H,0.7488013548241842,0.1317681235666921,0.1194305216091237
2021-22,2021-09-11,Southampton,West Ham,2,2021-22,Tuned Random Forest,D,A,0.2192028837054422,0.2139321726005612,0.566864943693997
2021-22,2021-09-11,Watford,Wolves,2,2021-22,Tuned Random Forest,A,H,0.3627430928689525,0.2842651038456376,0.3529918032854104
2021-22,2021-09-12,Leeds,Liverpool,2,2021-22,Tuned Random Forest,A,A,0.1945223992594547,0.1911172834697211,0.6143603172708247
2021-22,2021-09-13,Everton,Burnley,2,2021-22,Tuned Random Forest,H,H,0.5835333902402016,0.2395697710220053,0.1768968387377932
2021-22,2021-09-17,Newcastle,Leeds,2,2021-22,Tuned Random Forest,D,A,0.3106775671486104,0.2615335095550374,0.4277889232963526
2021-22,2021-09-18,Aston Villa,Everton,2,2021-22,Tuned Random Forest,H,A,0.2551964139379963,0.2467832140525707,0.4980203720094335
2021-22,2021-09-18,Burnley,Arsenal,2,2021-22,Tuned Random Forest,A,A,0.2612929919002124,0.2207944582909829,0.517912549808805
2021-22,2021-09-18,Liverpool,Crystal Palace,2,2021-22,Tuned Random Forest,H,H,0.7855315211206416,0.1117054008175451,0.1027630780618129
2021-22,2021-09-18,Man City,Southampton,2,2021-22,Tuned Random Forest,D,H,0.7669103336734701,0.1319887627757375,0.1011009035507922
2021-22,2021-09-18,Norwich,Watford,2,2021-22,Tuned Random Forest,A,A,0.2555727524342827,0.2341882743905654,0.5102389731751525
2021-22,2021-09-18,Wolves,Brentford,2,2021-22,Tuned Random Forest,A,A,0.3369563008275283,0.2833271547117641,0.379716544460708
2021-22,2021-09-19,Brighton,Leicester,2,2021-22,Tuned Random Forest,H,A,0.3271885042504166,0.264686227647146,0.4081252681024379
2021-22,2021-09-19,Tottenham,Chelsea,2,2021-22,Tuned Random Forest,A,A,0.3381148738353506,0.2961773318062876,0.3657077943583622
2021-22,2021-09-19,West Ham,Man United,2,2021-22,Tuned Random Forest,A,A,0.2317153028646433,0.1944018169522411,0.5738828801831151
2021-22,2021-09-25,Brentford,Liverpool,2,2021-22,Tuned Random Forest,D,A,0.1521199605198822,0.1572532116532053,0.6906268278269125
2021-22,2021-09-25,Chelsea,Man City,2,2021-22,Tuned Random Forest,A,A,0.3226672111185535,0.282397718601209,0.3949350702802379
2021-22,2021-09-25,Everton,Norwich,2,2021-22,Tuned Random Forest,H,H,0.661139585628666,0.2043927720745974,0.1344676422967367
2021-22,2021-09-25,Leeds,West Ham,2,2021-22,Tuned Random Forest,A,A,0.3303285369457873,0.3216127553893051,0.3480587076649079
2021-22,2021-09-25,Leicester,Burnley,2,2021-22,Tuned Random Forest,D,H,0.6210975711537009,0.2179124700969916,0.1609899587493073
2021-22,2021-09-25,Man United,Aston Villa,2,2021-22,Tuned Random Forest,A,H,0.8003147489462118,0.1101823814716929,0.0895028695820951
2021-22,2021-09-25,Watford,Newcastle,2,2021-22,Tuned Random Forest,D,H,0.4556971541005608,0.2599361112890899,0.2843667346103495
2021-22,2021-09-26,Arsenal,Tottenham,2,2021-22,Tuned Random Forest,H,H,0.3682882860319502,0.3001041056366763,0.3316076083313743
2021-22,2021-09-26,Southampton,Wolves,2,2021-22,Tuned Random Forest,A,H,0.3893688821769438,0.2742962335881777,0.3363348842348787
2021-22,2021-09-27,Crystal Palace,Brighton,2,2021-22,Tuned Random Forest,D,A,0.3319930629482847,0.307975589623524,0.3600313474281914
2021-22,2021-10-02,Brighton,Arsenal,2,2021-22,Tuned Random Forest,D,A,0.3456651423630024,0.2555968016804484,0.3987380559565496
2021-22,2021-10-02,Burnley,Norwich,2,2021-22,Tuned Random Forest,D,H,0.5935138233045133,0.2398328331551256,0.1666533435403613
2021-22,2021-10-02,Chelsea,Southampton,2,2021-22,Tuned Random Forest,H,H,0.785757189486436,0.12154609294029,0.0926967175732733
2021-22,2021-10-02,Leeds,Watford,2,2021-22,Tuned Random Forest,H,H,0.5096963055494129,0.2586573860088622,0.2316463084417247
2021-22,2021-10-02,Man United,Everton,2,2021-22,Tuned Random Forest,D,H,0.5984483873940749,0.2234524436684447,0.1780991689374803
2021-22,2021-10-02,Wolves,Newcastle,2,2021-22,Tuned Random Forest,H,H,0.4953669856413502,0.2756244848455402,0.2290085295131097
2021-22,2021-10-03,Crystal Palace,Leicester,2,2021-22,Tuned Random Forest,D,A,0.3347338959081977,0.2440795160770164,0.421186588014786
2021-22,2021-10-03,Liverpool,Man City,2,2021-22,Tuned Random Forest,D,H,0.3573533397393003,0.339765402866293,0.3028812573944068
2021-22,2021-10-03,Tottenham,Aston Villa,2,2021-22,Tuned Random Forest,H,H,0.452524536767367,0.2993118213022952,0.2481636419303375
2021-22,2021-10-03,West Ham,Brentford,2,2021-22,Tuned Random Forest,A,H,0.5137038389660603,0.2748649762203046,0.2114311848136353
2021-22,2021-10-16,Aston Villa,Wolves,2,2021-22,Tuned Random Forest,A,H,0.3744752699120406,0.2819816009228903,0.3435431291650695
2021-22,2021-10-16,Brentford,Chelsea,2,2021-22,Tuned Random Forest,A,A,0.2206283692179611,0.196215670544554,0.5831559602374848
2021-22,2021-10-16,Leicester,Man United,2,2021-22,Tuned Random Forest,H,A,0.2116757332852082,0.1953129598222674,0.5930113068925242
2021-22,2021-10-16,Man City,Burnley,2,2021-22,Tuned Random Forest,H,H,0.8050282891637116,0.1065891883358661,0.0883825225004225
2021-22,2021-10-16,Norwich,Brighton,2,2021-22,Tuned Random Forest,D,A,0.2091482599936752,0.2181401569733494,0.5727115830329756
2021-22,2021-10-16,Southampton,Leeds,2,2021-22,Tuned Random Forest,H,A,0.3456159527738144,0.2603972500001498,0.3939867972260361
2021-22,2021-10-16,Watford,Liverpool,2,2021-22,Tuned Random Forest,A,A,0.1530026254618713,0.161362056723436,0.6856353178146926
2021-22,2021-10-17,Everton,West Ham,2,2021-22,Tuned Random Forest,A,H,0.3743590702927292,0.2928839927580588,0.3327569369492125
2021-22,2021-10-17,Newcastle,Tottenham,2,2021-22,Tuned Random Forest,A,A,0.2442624611034893,0.2146555004269899,0.5410820384695206
2021-22,2021-10-18,Arsenal,Crystal Palace,2,2021-22,Tuned Random Forest,D,H,0.5791223392197705,0.2418727637598539,0.1790048970203756
2021-22,2021-10-22,Arsenal,Aston Villa,2,2021-22,Tuned Random Forest,H,H,0.5473621431311417,0.2524286911408875,0.2002091657279707
2021-22,2021-10-23,Brighton,Man City,2,2021-22,Tuned Random Forest,A,A,0.1917172207431524,0.1747310412080019,0.6335517380488462
2021-22,2021-10-23,Chelsea,Norwich,2,2021-22,Tuned Random Forest,H,H,0.7869258606606302,0.1265670764649276,0.0865070628744422
2021-22,2021-10-23,Crystal Palace,Newcastle,2,2021-22,Tuned Random Forest,D,H,0.5081038171061554,0.2758738592827139,0.2160223236111306
2021-22,2021-10-23,Everton,Watford,2,2021-22,Tuned Random Forest,A,H,0.6124790419077767,0.2275495630379176,0.1599713950543057
2021-22,2021-10-23,Leeds,Wolves,2,2021-22,Tuned Random Forest,D,H,0.3566385514002078,0.3105776201659435,0.332783828433849
2021-22,2021-10-23,Southampton,Burnley,2,2021-22,Tuned Random Forest,D,H,0.5081729039078707,0.2746271435465267,0.2171999525456031
2021-22,2021-10-24,Brentford,Leicester,2,2021-22,Tuned Random Forest,A,A,0.3610542912828681,0.2770182803109952,0.3619274284061372
2021-22,2021-10-24,Man United,Liverpool,2,2021-22,Tuned Random Forest,A,A,0.3098349949913946,0.3145424691205833,0.3756225358880222
2021-22,2021-10-24,West Ham,Tottenham,2,2021-22,Tuned Random Forest,H,H,0.4469932215509076,0.2599536375722061,0.2930531408768865
2021-22,2021-10-30,Burnley,Brentford,2,2021-22,Tuned Random Forest,H,A,0.3139446241927684,0.2873939405282326,0.3986614352789991
2021-22,2021-10-30,Leicester,Arsenal,2,2021-22,Tuned Random Forest,A,H,0.3844861055593672,0.3172475956218066,0.2982662988188269
2021-22,2021-10-30,Liverpool,Brighton,2,2021-22,Tuned Random Forest,D,H,0.7951963643270894,0.1114424077814128,0.0933612278914979
2021-22,2021-10-30,Man City,Crystal Palace,2,2021-22,Tuned Random Forest,A,H,0.8157338846021019,0.1007501575970474,0.0835159578008511
2021-22,2021-10-30,Newcastle,Chelsea,2,2021-22,Tuned Random Forest,A,A,0.130968403820121,0.1556872457381101,0.7133443504417682
2021-22,2021-10-30,Tottenham,Man United,2,2021-22,Tuned Random Forest,A,H,0.4106934722322657,0.2607721398374319,0.3285343879303029
2021-22,2021-10-30,Watford,Southampton,2,2021-22,Tuned Random Forest,A,H,0.3708407789509361,0.2913022401194998,0.3378569809295639
2021-22,2021-10-31,Aston Villa,West Ham,2,2021-22,Tuned Random Forest,A,A,0.229381880283477,0.219970250985065,0.5506478687314588
2021-22,2021-10-31,Norwich,Leeds,2,2021-22,Tuned Random Forest,A,A,0.2325002263656674,0.2182124681000073,0.5492873055343259
2021-22,2021-11-01,Wolves,Everton,2,2021-22,Tuned Random Forest,H,H,0.4076449749309733,0.2611517867765391,0.3312032382924876
2021-22,2021-11-05,Southampton,Aston Villa,2,2021-22,Tuned Random Forest,H,H,0.4915554428877878,0.2224090646517265,0.2860354924604859
2021-22,2021-11-06,Brentford,Norwich,2,2021-22,Tuned Random Forest,A,H,0.6700596924787323,0.1854101782995262,0.1445301292217406
2021-22,2021-11-06,Brighton,Newcastle,2,2021-22,Tuned Random Forest,D,H,0.5174501326546854,0.2708605948582621,0.2116892724870533
2021-22,2021-11-06,Chelsea,Burnley,2,2021-22,Tuned Random Forest,D,H,0.8143093902777995,0.1020887560612893,0.0836018536609115
2021-22,2021-11-06,Crystal Palace,Wolves,2,2021-22,Tuned Random Forest,H,A,0.3352209127991387,0.3032041995295735,0.361574887671288
2021-22,2021-11-06,Man United,Man City,2,2021-22,Tuned Random Forest,A,A,0.3112081228222658,0.2734076522129834,0.4153842249647509
2021-22,2021-11-07,Arsenal,Watford,2,2021-22,Tuned Random Forest,H,H,0.661935548323602,0.2085699524440707,0.1294944992323273
2021-22,2021-11-07,Everton,Tottenham,2,2021-22,Tuned Random Forest,D,H,0.4575834393514753,0.2424986217719199,0.2999179388766053
2021-22,2021-11-07,Leeds,Leicester,2,2021-22,Tuned Random Forest,D,H,0.3753154320596445,0.2743415862574681,0.3503429816828876
2021-22,2021-11-07,West Ham,Liverpool,2,2021-22,Tuned Random Forest,H,A,0.2534524032414122,0.1996649015071441,0.5468826952514436
2021-22,2021-11-20,Aston Villa,Brighton,2,2021-22,Tuned Random Forest,H,H,0.3691791420941417,0.2866997721174692,0.3441210857883891
2021-22,2021-11-20,Burnley,Crystal Palace,2,2021-22,Tuned Random Forest,D,A,0.343884262712562,0.2874826762218402,0.3686330610655977
2021-22,2021-11-20,Leicester,Chelsea,2,2021-22,Tuned Random Forest,A,A,0.2171042372802806,0.2115198189337617,0.5713759437859579
2021-22,2021-11-20,Liverpool,Arsenal,2,2021-22,Tuned Random Forest,H,H,0.676539446527937,0.1792873763918851,0.1441731770801783
2021-22,2021-11-20,Newcastle,Brentford,2,2021-22,Tuned Random Forest,D,H,0.4553412198078376,0.2472328799771505,0.2974259002150119
2021-22,2021-11-20,Norwich,Southampton,2,2021-22,Tuned Random Forest,H,A,0.2468639816013253,0.2518369617561095,0.5012990566425659
2021-22,2021-11-20,Watford,Man United,2,2021-22,Tuned Random Forest,H,A,0.2236597181052582,0.2166816668913441,0.5596586150033978
2021-22,2021-11-20,Wolves,West Ham,2,2021-22,Tuned Random Forest,H,A,0.2691283463521999,0.2686387733999629,0.462232880247837
2021-22,2021-11-21,Man City,Everton,2,2021-22,Tuned Random Forest,H,H,0.7580848824062364,0.1314599132928106,0.1104552043009543
2021-22,2021-11-21,Tottenham,Leeds,2,2021-22,Tuned Random Forest,H,H,0.489962677094319,0.2945042569218569,0.2155330659838244
2021-22,2021-11-27,Arsenal,Newcastle,2,2021-22,Tuned Random Forest,H,H,0.628780350734064,0.2281119060981139,0.1431077431678222
2021-22,2021-11-27,Brighton,Leeds,2,2021-22,Tuned Random Forest,D,H,0.4194386951984906,0.2582805483633551,0.3222807564381547
2021-22,2021-11-27,Crystal Palace,Aston Villa,2,2021-22,Tuned Random Forest,A,H,0.4907029260102602,0.2843027298903801,0.2249943440993596
2021-22,2021-11-27,Liverpool,Southampton,2,2021-22,Tuned Random Forest,H,H,0.7965756905367016,0.1042307537121075,0.0991935557511913
2021-22,2021-11-27,Norwich,Wolves,2,2021-22,Tuned Random Forest,D,A,0.2303976705287742,0.2463700250367579,0.523232304434468
2021-22,2021-11-28,Brentford,Everton,2,2021-22,Tuned Random Forest,H,H,0.4807800388386811,0.2310554735500374,0.2881644876112811
2021-22,2021-11-28,Chelsea,Man United,2,2021-22,Tuned Random Forest,D,H,0.6887792774765972,0.1739114558538455,0.1373092666695581
2021-22,2021-11-28,Leicester,Watford,2,2021-22,Tuned Random Forest,H,H,0.5789642979252023,0.2326060180408135,0.1884296840339835
2021-22,2021-11-28,Man City,West Ham,2,2021-22,Tuned Random Forest,H,H,0.6879999513171821,0.1637843728215414,0.1482156758612773
2021-22,2021-11-30,Leeds,Crystal Palace,2,2021-22,Tuned Random Forest,H,H,0.425560038131569,0.2852121682037865,0.2892277936646442
2021-22,2021-11-30,Newcastle,Norwich,2,2021-22,Tuned Random Forest,D,H,0.6462677704498312,0.1963250191243989,0.1574072104257699
2021-22,2021-12-01,Aston Villa,Man City,2,2021-22,Tuned Random Forest,A,A,0.1492016831927569,0.1489817932707772,0.7018165235364656
2021-22,2021-12-01,Everton,Liverpool,2,2021-22,Tuned Random Forest,A,A,0.1747169221594713,0.1708527874217715,0.654430290418757
2021-22,2021-12-01,Southampton,Leicester,2,2021-22,Tuned Random Forest,D,A,0.2677242254378623,0.244118117758382,0.4881576568037564
2021-22,2021-12-01,Watford,Chelsea,2,2021-22,Tuned Random Forest,A,A,0.1426386784717166,0.1411166905989112,0.7162446309293723
2021-22,2021-12-01,West Ham,Brighton,2,2021-22,Tuned Random Forest,D,H,0.6418167096992492,0.2051609928653724,0.1530222974353784
2021-22,2021-12-01,Wolves,Burnley,2,2021-22,Tuned Random Forest,D,H,0.5032378424840309,0.2850985680599966,0.2116635894559725
2021-22,2021-12-02,Man United,Arsenal,2,2021-22,Tuned Random Forest,H,H,0.4592730696425095,0.2914617673659649,0.2492651629915258
2021-22,2021-12-02,Tottenham,Brentford,2,2021-22,Tuned Random Forest,H,H,0.5348671766747983,0.2585139541885953,0.206618869136607
2021-22,2021-12-04,Newcastle,Burnley,2,2021-22,Tuned Random Forest,H,H,0.3948211985923905,0.286687881469215,0.3184909199383947
2021-22,2021-12-04,Southampton,Brighton,2,2021-22,Tuned Random Forest,D,H,0.3595760294852162,0.2864857306977082,0.3539382398170755
2021-22,2021-12-04,Watford,Man City,2,2021-22,Tuned Random Forest,A,A,0.1423516703738958,0.1371496385441754,0.7204986910819283
2021-22,2021-12-04,West Ham,Chelsea,2,2021-22,Tuned Random Forest,H,A,0.2899749380056081,0.2602389482524254,0.4497861137419672
2021-22,2021-12-04,Wolves,Liverpool,2,2021-22,Tuned Random Forest,A,A,0.1956379439652726,0.1601191641960919,0.6442428918386351
2021-22,2021-12-05,Aston Villa,Leicester,2,2021-22,Tuned Random Forest,H,A,0.3268599718088967,0.266649089309679,0.4064909388814243
2021-22,2021-12-05,Leeds,Brentford,2,2021-22,Tuned Random Forest,D,H,0.5105110524254811,0.2483387379789995,0.2411502095955194
2021-22,2021-12-05,Man United,Crystal Palace,2,2021-22,Tuned Random Forest,H,H,0.6610356446206925,0.1962760555885063,0.1426882997908006
2021-22,2021-12-05,Tottenham,Norwich,2,2021-22,Tuned Random Forest,H,H,0.6555146953994958,0.2011199061967453,0.1433653984037585
2021-22,2021-12-06,Everton,Arsenal,2,2021-22,Tuned Random Forest,H,A,0.2864656327032172,0.2795001477691549,0.4340342195276278
2021-22,2021-12-10,Brentford,Watford,2,2021-22,Tuned Random Forest,H,H,0.551186703410516,0.2507543626946412,0.1980589338948425
2021-22,2021-12-11,Arsenal,Southampton,2,2021-22,Tuned Random Forest,H,H,0.6266735030714188,0.2188189949749504,0.1545075019536313
2021-22,2021-12-11,Chelsea,Leeds,2,2021-22,Tuned Random Forest,H,H,0.7409188321954628,0.1421190422285783,0.1169621255759591
2021-22,2021-12-11,Liverpool,Aston Villa,2,2021-22,Tuned Random Forest,H,H,0.7966808937627433,0.1063652793991188,0.0969538268381383
2021-22,2021-12-11,Man City,Wolves,2,2021-22,Tuned Random Forest,H,H,0.7829449869891741,0.1179504700761583,0.0991045429346678
2021-22,2021-12-11,Norwich,Man United,2,2021-22,Tuned Random Forest,A,A,0.2146695062009355,0.2166401851838479,0.5686903086152169
2021-22,2021-12-12,Burnley,West Ham,2,2021-22,Tuned Random Forest,D,A,0.2520473417982746,0.2401411979979575,0.507811460203768
2021-22,2021-12-12,Crystal Palace,Everton,2,2021-22,Tuned Random Forest,H,H,0.5183791697080353,0.2006386430862728,0.280982187205692
2021-22,2021-12-12,Leicester,Newcastle,2,2021-22,Tuned Random Forest,H,H,0.5646405908106461,0.2510764665771391,0.1842829426122157
2021-22,2021-12-14,Man City,Leeds,2,2021-22,Tuned Random Forest,H,H,0.7672009035830268,0.1317180395097501,0.1010810569072233
2021-22,2021-12-14,Norwich,Aston Villa,2,2021-22,Tuned Random Forest,A,A,0.2512703795876533,0.2330900951068294,0.515639525305518
2021-22,2021-12-15,Arsenal,West Ham,2,2021-22,Tuned Random Forest,H,H,0.3770812269130911,0.293184249669326,0.3297345234175832
2021-22,2021-12-15,Brighton,Wolves,2,2021-22,Tuned Random Forest,A,H,0.3633244175163567,0.2771374810303277,0.3595381014533156
2021-22,2021-12-15,Crystal Palace,Southampton,2,2021-22,Tuned Random Forest,D,H,0.544399251323359,0.2510912597115632,0.2045094889650783
2021-22,2021-12-16,Chelsea,Everton,2,2021-22,Tuned Random Forest,D,H,0.7826714354662764,0.1201660483549183,0.0971625161788055
2021-22,2021-12-16,Liverpool,Newcastle,2,2021-22,Tuned Random Forest,H,H,0.8358820884044512,0.0903609156289485,0.0737569959666001
2021-22,2021-12-18,Leeds,Arsenal,2,2021-22,Tuned Random Forest,A,A,0.2754230032630632,0.2615967232413168,0.4629802734956201
2021-22,2021-12-19,Newcastle,Man City,2,2021-22,Tuned Random Forest,A,A,0.1234261653609851,0.1122118095060161,0.7643620251329986
2021-22,2021-12-19,Tottenham,Liverpool,2,2021-22,Tuned Random Forest,D,A,0.2171538721469167,0.1831992629170066,0.5996468649360767
2021-22,2021-12-19,Wolves,Chelsea,2,2021-22,Tuned Random Forest,D,A,0.2575630736188186,0.1850927560574998,0.557344170323682
2021-22,2021-12-26,Aston Villa,Chelsea,2,2021-22,Tuned Random Forest,A,A,0.2586946941831766,0.2063519198413387,0.5349533859754847
2021-22,2021-12-26,Brighton,Brentford,2,2021-22,Tuned Random Forest,H,H,0.3724571301640384,0.2638603853056633,0.3636824845302984
2021-22,2021-12-26,Man City,Leicester,2,2021-22,Tuned Random Forest,H,H,0.8008884504728787,0.1060107761094971,0.0931007734176248
2021-22,2021-12-26,Norwich,Arsenal,2,2021-22,Tuned Random Forest,A,A,0.1930148302969352,0.2084340110462472,0.5985511586568183
2021-22,2021-12-26,Tottenham,Crystal Palace,2,2021-22,Tuned Random Forest,H,H,0.5790375217744875,0.2489009208436283,0.1720615573818842
2021-22,2021-12-26,West Ham,Southampton,2,2021-22,Tuned Random Forest,A,H,0.6096155474209871,0.235045414359826,0.1553390382191868
2021-22,2021-12-27,Newcastle,Man United,2,2021-22,Tuned Random Forest,D,A,0.2080367273195214,0.2279304230475767,0.5640328496329023
2021-22,2021-12-28,Crystal Palace,Norwich,2,2021-22,Tuned Random Forest,H,H,0.6786114136110758,0.1961321258565464,0.1252564605323778
2021-22,2021-12-28,Leicester,Liverpool,2,2021-22,Tuned Random Forest,H,A,0.1945825078656898,0.1837636832222817,0.6216538089120286
2021-22,2021-12-28,Southampton,Tottenham,2,2021-22,Tuned Random Forest,D,A,0.2083165761061924,0.2080451232869861,0.5836383006068213
2021-22,2021-12-28,Watford,West Ham,2,2021-22,Tuned Random Forest,A,A,0.2559440865008092,0.2720340372499509,0.4720218762492406
2021-22,2021-12-29,Brentford,Man City,2,2021-22,Tuned Random Forest,A,A,0.110731098445983,0.106628859922733,0.7826400416312842
2021-22,2021-12-29,Chelsea,Brighton,2,2021-22,Tuned Random Forest,D,H,0.7440275058004574,0.1364179278298726,0.1195545663696697
2021-22,2021-12-30,Man United,Burnley,2,2021-22,Tuned Random Forest,H,H,0.6681731448647985,0.1911169043921759,0.1407099507430259
2021-22,2022-01-01,Arsenal,Man City,2,2021-22,Tuned Random Forest,A,A,0.2206287605178015,0.1852948836720615,0.5940763558101367
2021-22,2022-01-01,Crystal Palace,West Ham,2,2021-22,Tuned Random Forest,A,A,0.2868567700228308,0.2478642939694635,0.4652789360077061
2021-22,2022-01-01,Watford,Tottenham,2,2021-22,Tuned Random Forest,A,A,0.2108191489596251,0.2543776021223908,0.5348032489179846
2021-22,2022-01-02,Brentford,Aston Villa,2,2021-22,Tuned Random Forest,H,H,0.3643605115224562,0.272270718224027,0.3633687702535169
2021-22,2022-01-02,Chelsea,Liverpool,2,2021-22,Tuned Random Forest,D,H,0.4022168310709365,0.288815257170388,0.3089679117586759
2021-22,2022-01-02,Everton,Brighton,2,2021-22,Tuned Random Forest,A,H,0.4081277216423711,0.2865384679978269,0.3053338103598025
2021-22,2022-01-02,Leeds,Burnley,2,2021-22,Tuned Random Forest,H,H,0.5140444655817739,0.2575528596934766,0.2284026747247496
2021-22,2022-01-03,Man United,Wolves,2,2021-22,Tuned Random Forest,A,H,0.627730435654168,0.2200819414958074,0.1521876228500248
2021-22,2022-01-11,Southampton,Brentford,2,2021-22,Tuned Random Forest,H,H,0.3845420294546723,0.2655222228506476,0.3499357476946801
2021-22,2022-01-12,West Ham,Norwich,2,2021-22,Tuned Random Forest,H,H,0.7388222187267007,0.1622085682174948,0.0989692130558036
2021-22,2022-01-14,Brighton,Crystal Palace,2,2021-22,Tuned Random Forest,D,H,0.4759536230752834,0.2757080596712659,0.248338317253451
2021-22,2022-01-15,Aston Villa,Man United,2,2021-22,Tuned Random Forest,D,A,0.2563967645753132,0.2462147309838816,0.4973885044408053
2021-22,2022-01-15,Man City,Chelsea,2,2021-22,Tuned Random Forest,H,H,0.6998464001619549,0.1549281125296138,0.1452254873084325
2021-22,2022-01-15,Newcastle,Watford,2,2021-22,Tuned Random Forest,D,H,0.5536143764649623,0.2436992834327519,0.2026863401022859
2021-22,2022-01-15,Norwich,Everton,2,2021-22,Tuned Random Forest,H,A,0.2752236266086832,0.2159600447164764,0.5088163286748407
2021-22,2022-01-15,Wolves,Southampton,2,2021-22,Tuned Random Forest,H,H,0.4905281005573774,0.2784271903911534,0.2310447090514692
2021-22,2022-01-16,Liverpool,Brentford,2,2021-22,Tuned Random Forest,H,H,0.8178148135479301,0.0906096653445981,0.0915755211074715
2021-22,2022-01-16,West Ham,Leeds,2,2021-22,Tuned Random Forest,A,H,0.7030181623407497,0.1779180962221268,0.1190637414371236
2021-22,2022-01-18,Brighton,Chelsea,2,2021-22,Tuned Random Forest,D,A,0.2642752584869218,0.2257453620029587,0.5099793795101202
2021-22,2022-01-19,Brentford,Man United,2,2021-22,Tuned Random Forest,A,A,0.2131272348376731,0.1930310317586886,0.5938417334036384
2021-22,2022-01-19,Leicester,Tottenham,2,2021-22,Tuned Random Forest,A,H,0.3552519927096091,0.3501504924906491,0.294597514799742
2021-22,2022-01-21,Watford,Norwich,2,2021-22,Tuned Random Forest,A,H,0.6116352419019558,0.2150834770658876,0.1732812810321569
2021-22,2022-01-22,Brentford,Wolves,2,2021-22,Tuned Random Forest,A,A,0.3083400486347703,0.2947560938414609,0.396903857523769
2021-22,2022-01-22,Everton,Aston Villa,2,2021-22,Tuned Random Forest,A,H,0.4307923651731187,0.2685794666452685,0.3006281681816131
2021-22,2022-01-22,Leeds,Newcastle,2,2021-22,Tuned Random Forest,A,H,0.5549057161216017,0.2602504639941188,0.1848438198842799
2021-22,2022-01-22,Man United,West Ham,2,2021-22,Tuned Random Forest,H,H,0.4489609839218337,0.297978500609822,0.2530605154683441
2021-22,2022-01-22,Southampton,Man City,2,2021-22,Tuned Random Forest,D,A,0.1249188191056891,0.1184511396745237,0.7566300412197873
2021-22,2022-01-23,Arsenal,Burnley,2,2021-22,Tuned Random Forest,D,H,0.6652488994588964,0.2050201687360622,0.1297309318050418
2021-22,2022-01-23,Chelsea,Tottenham,2,2021-22,Tuned Random Forest,H,H,0.5930755503476733,0.2128342926525875,0.194090156999739
2021-22,2022-01-23,Crystal Palace,Liverpool,2,2021-22,Tuned Random Forest,A,A,0.191482919866635,0.1844818493994249,0.6240352307339404
2021-22,2022-01-23,Leicester,Brighton,2,2021-22,Tuned Random Forest,D,H,0.4452440035500947,0.3082632391923142,0.2464927572575907
2021-22,2022-02-05,Burnley,Watford,2,2021-22,Tuned Random Forest,D,H,0.5465355671168847,0.25638464928119,0.1970797836019256
2021-22,2022-02-08,Burnley,Man United,2,2021-22,Tuned Random Forest,D,A,0.1854687952434358,0.1876063619357806,0.6269248428207842
2021-22,2022-02-08,Newcastle,Everton,2,2021-22,Tuned Random Forest,H,H,0.5198774762834101,0.2048262303148354,0.275296293401755
2021-22,2022-02-08,West Ham,Watford,2,2021-22,Tuned Random Forest,H,H,0.7054466062567001,0.181517894019938,0.1130354997233616
2021-22,2022-02-09,Aston Villa,Leeds,2,2021-22,Tuned Random Forest,D,H,0.4838327223653853,0.2298958865553604,0.2862713910792546
2021-22,2022-02-09,Man City,Brentford,2,2021-22,Tuned Random Forest,H,H,0.8423390597849189,0.0780240020508172,0.0796369381642638
2021-22,2022-02-09,Norwich,Crystal Palace,2,2021-22,Tuned Random Forest,D,A,0.2856096844148139,0.2366585526386501,0.4777317629465368
2021-22,2022-02-09,Tottenham,Southampton,2,2021-22,Tuned Random Forest,A,H,0.6237961586786841,0.2366018474107817,0.1396019939105339
2021-22,2022-02-10,Liverpool,Leicester,2,2021-22,Tuned Random Forest,H,H,0.807109755411419,0.0945935135190112,0.0982967310695696
2021-22,2022-02-10,Wolves,Arsenal,2,2021-22,Tuned Random Forest,A,D,0.332489947930291,0.3526575410094523,0.3148525110602566
2021-22,2022-02-12,Brentford,Crystal Palace,2,2021-22,Tuned Random Forest,D,H,0.3861773117801677,0.2952032588025244,0.3186194294173083
2021-22,2022-02-12,Everton,Leeds,2,2021-22,Tuned Random Forest,H,H,0.4491784544244176,0.2305434593932971,0.3202780861822854
2021-22,2022-02-12,Man United,Southampton,2,2021-22,Tuned Random Forest,D,H,0.6145901824741323,0.2404344056926363,0.1449754118332313
2021-22,2022-02-12,Norwich,Man City,2,2021-22,Tuned Random Forest,A,A,0.1443363819662133,0.1332974403860433,0.722366177647743
2021-22,2022-02-12,Watford,Brighton,2,2021-22,Tuned Random Forest,A,A,0.2663530910150173,0.2599517077447358,0.4736952012402473
2021-22,2022-02-13,Burnley,Liverpool,2,2021-22,Tuned Random Forest,A,A,0.1669851676514031,0.1757734984941525,0.6572413338544446
2021-22,2022-02-13,Leicester,West Ham,2,2021-22,Tuned Random Forest,D,H,0.3614110458111334,0.3064493555214356,0.3321395986674312
2021-22,2022-02-13,Newcastle,Aston Villa,2,2021-22,Tuned Random Forest,H,H,0.3832739589746872,0.2718780445327682,0.3448479964925448
2021-22,2022-02-13,Tottenham,Wolves,2,2021-22,Tuned Random Forest,A,H,0.4705972991802638,0.293020825357691,0.2363818754620452
2021-22,2022-02-15,Man United,Brighton,2,2021-22,Tuned Random Forest,H,H,0.5733533806729636,0.2551830687621413,0.1714635505648952
2021-22,2022-02-19,Arsenal,Brentford,2,2021-22,Tuned Random Forest,H,H,0.7002327504690714,0.184563136866794,0.1152041126641348
2021-22,2022-02-19,Aston Villa,Watford,2,2021-22,Tuned Random Forest,A,H,0.5792215231713563,0.2415020853108622,0.1792763915177819
2021-22,2022-02-19,Brighton,Burnley,2,2021-22,Tuned Random Forest,A,H,0.5486068267397146,0.2413732314437297,0.2100199418165559
2021-22,2022-02-19,Crystal Palace,Chelsea,2,2021-22,Tuned Random Forest,A,A,0.2102123941922211,0.1916592414892296,0.5981283643185493
2021-22,2022-02-19,Liverpool,Norwich,2,2021-22,Tuned Random Forest,H,H,0.8292218595796065,0.0905913595401781,0.0801867808802154
2021-22,2022-02-19,Man City,Tottenham,2,2021-22,Tuned Random Forest,A,H,0.8236035047312648,0.0931869458794539,0.0832095493892817
2021-22,2022-02-19,Southampton,Everton,2,2021-22,Tuned Random Forest,H,H,0.485130888116506,0.2818684774774141,0.2330006344060801
2021-22,2022-02-19,West Ham,Newcastle,2,2021-22,Tuned Random Forest,D,H,0.7139942503480667,0.1730426617466714,0.1129630879052612
2021-22,2022-02-20,Leeds,Man United,2,2021-22,Tuned Random Forest,A,A,0.2333840710059691,0.2439358374269665,0.5226800915670646
2021-22,2022-02-20,Wolves,Leicester,2,2021-22,Tuned Random Forest,H,H,0.4431953424918646,0.2579206687095333,0.2988839887986017
2021-22,2022-02-23,Burnley,Tottenham,2,2021-22,Tuned Random Forest,H,A,0.2602764002785228,0.2353892575779286,0.5043343421435488
2021-22,2022-02-23,Liverpool,Leeds,2,2021-22,Tuned Random Forest,H,H,0.8247894006021226,0.0966464913785675,0.0785641080193099
2021-22,2022-02-23,Watford,Crystal Palace,2,2021-22,Tuned Random Forest,A,H,0.3725744405982619,0.2773584631813131,0.3500670962204255
2021-22,2022-02-24,Arsenal,Wolves,2,2021-22,Tuned Random Forest,H,H,0.4939660701024915,0.2849128189636654,0.2211211109338435
2021-22,2022-02-25,Southampton,Norwich,2,2021-22,Tuned Random Forest,H,H,0.6762667273426995,0.2008231302476133,0.1229101424096868
2021-22,2022-02-26,Brentford,Newcastle,2,2021-22,Tuned Random Forest,A,H,0.4299676781086537,0.2620216648130747,0.3080106570782719
2021-22,2022-02-26,Brighton,Aston Villa,2,2021-22,Tuned Random Forest,A,H,0.4835243581395051,0.2680482832594325,0.2484273586010628
2021-22,2022-02-26,Crystal Palace,Burnley,2,2021-22,Tuned Random Forest,D,H,0.4405015668159731,0.2707497380468238,0.2887486951372033
2021-22,2022-02-26,Everton,Man City,2,2021-22,Tuned Random Forest,A,A,0.1432406903956486,0.1320449548646737,0.7247143547396774
2021-22,2022-02-26,Leeds,Tottenham,2,2021-22,Tuned Random Forest,A,A,0.3145704613917211,0.2761088323009904,0.4093207063072885
2021-22,2022-02-26,Man United,Watford,2,2021-22,Tuned Random Forest,D,H,0.7479409933195301,0.1495527522962343,0.1025062543842352
2021-22,2022-02-27,West Ham,Wolves,2,2021-22,Tuned Random Forest,H,H,0.4180614165595093,0.2822801328166281,0.2996584506238637
2021-22,2022-03-01,Burnley,Leicester,2,2021-22,Tuned Random Forest,A,H,0.3945421109723711,0.2293059481330849,0.376151940894544
2021-22,2022-03-05,Aston Villa,Southampton,2,2021-22,Tuned Random Forest,H,H,0.365929405412349,0.3053420690239963,0.328728525563655
2021-22,2022-03-05,Burnley,Chelsea,2,2021-22,Tuned Random Forest,A,A,0.2124426017234986,0.1974099156320154,0.5901474826444865
2021-22,2022-03-05,Leicester,Leeds,2,2021-22,Tuned Random Forest,H,H,0.6449302997371315,0.2103849177695615,0.1446847824933068
2021-22,2022-03-05,Liverpool,West Ham,2,2021-22,Tuned Random Forest,H,H,0.7849444401955199,0.1131611174050357,0.1018944423994448
2021-22,2022-03-05,Newcastle,Brighton,2,2021-22,Tuned Random Forest,H,H,0.411382234600319,0.2748637693055136,0.3137539960941669
2021-22,2022-03-05,Norwich,Brentford,2,2021-22,Tuned Random Forest,A,A,0.3507854751453804,0.2451173747922242,0.4040971500623962
2021-22,2022-03-05,Wolves,Crystal Palace,2,2021-22,Tuned Random Forest,A,H,0.5044612154921517,0.269064673109716,0.2264741113981326
2021-22,2022-03-06,Man City,Man United,2,2021-22,Tuned Random Forest,H,H,0.7503793725794642,0.1257409219654955,0.1238797054550408
2021-22,2022-03-06,Watford,Arsenal,2,2021-22,Tuned Random Forest,A,A,0.2076581318226263,0.1919392284030725,0.6004026397743015
2021-22,2022-03-07,Tottenham,Everton,2,2021-22,Tuned Random Forest,H,H,0.6267902092118028,0.2217538904204962,0.1514559003677013
2021-22,2022-03-10,Leeds,Aston Villa,2,2021-22,Tuned Random Forest,A,H,0.3513361452162845,0.3043959045391173,0.344267950244599
2021-22,2022-03-10,Norwich,Chelsea,2,2021-22,Tuned Random Forest,A,A,0.1734215852080687,0.1726357531953898,0.6539426615965414
2021-22,2022-03-10,Southampton,Newcastle,2,2021-22,Tuned Random Forest,A,H,0.4415789083262655,0.3025544409912869,0.2558666506824474
2021-22,2022-03-10,Wolves,Watford,2,2021-22,Tuned Random Forest,H,H,0.6517308232258515,0.1922902460802509,0.1559789306938983
2021-22,2022-03-12,Brentford,Burnley,2,2021-22,Tuned Random Forest,H,H,0.4150278191463643,0.2580302482803978,0.3269419325732386
2021-22,2022-03-12,Brighton,Liverpool,2,2021-22,Tuned Random Forest,A,A,0.1563272049852894,0.1664197640424996,0.6772530309722106
2021-22,2022-03-12,Man United,Tottenham,2,2021-22,Tuned Random Forest,H,H,0.464203791652088,0.2888443673822254,0.2469518409656865
2021-22,2022-03-13,Arsenal,Leicester,2,2021-22,Tuned Random Forest,H,H,0.5578321249012241,0.2618311629772817,0.1803367121214941
2021-22,2022-03-13,Chelsea,Newcastle,2,2021-22,Tuned Random Forest,H,H,0.7344652094102716,0.1438027419758512,0.121732048613877
2021-22,2022-03-13,Everton,Wolves,2,2021-22,Tuned Random Forest,A,A,0.2847646112348502,0.2777715825534437,0.4374638062117066
2021-22,2022-03-13,Leeds,Norwich,2,2021-22,Tuned Random Forest,H,H,0.608198027071246,0.221838545712924,0.1699634272158302
2021-22,2022-03-13,Southampton,Watford,2,2021-22,Tuned Random Forest,A,H,0.5885615145199403,0.2359641257001584,0.1754743597799014
2021-22,2022-03-13,West Ham,Aston Villa,2,2021-22,Tuned Random Forest,H,H,0.5187688508916068,0.2762696201652534,0.2049615289431399
2021-22,2022-03-14,Crystal Palace,Man City,2,2021-22,Tuned Random Forest,D,A,0.1541043056831996,0.1232343104943336,0.7226613838224664
2021-22,2022-03-16,Arsenal,Liverpool,2,2021-22,Tuned Random Forest,A,A,0.2711828058347013,0.2305896348194911,0.4982275593458078
2021-22,2022-03-16,Brighton,Tottenham,2,2021-22,Tuned Random Forest,A,A,0.2409264946292957,0.2467202522225283,0.5123532531481763
2021-22,2022-03-17,Everton,Newcastle,2,2021-22,Tuned Random Forest,H,H,0.3849493963303872,0.2904686029771773,0.3245820006924359
2021-22,2022-03-18,Wolves,Leeds,2,2021-22,Tuned Random Forest,A,H,0.6547799974053232,0.214785014567424,0.1304349880272528
2021-22,2022-03-19,Aston Villa,Arsenal,2,2021-22,Tuned Random Forest,A,A,0.2693939466189138,0.212871798912318,0.5177342544687685
2021-22,2022-03-20,Leicester,Brentford,2,2021-22,Tuned Random Forest,H,H,0.5204820496284693,0.2876696458058426,0.1918483045656884
2021-22,2022-03-20,Tottenham,West Ham,2,2021-22,Tuned Random Forest,H,H,0.4267310456210422,0.2925791938352815,0.2806897605436768
2021-22,2022-04-02,Brighton,Norwich,2,2021-22,Tuned Random Forest,D,H,0.6596505110298914,0.2022473112489362,0.1381021777211727
2021-22,2022-04-02,Burnley,Man City,2,2021-22,Tuned Random Forest,A,A,0.1500409326193825,0.1383881363066493,0.7115709310739683
2021-22,2022-04-02,Chelsea,Brentford,2,2021-22,Tuned Random Forest,A,H,0.7845801699325257,0.1231541832005241,0.09226564686695
2021-22,2022-04-02,Leeds,Southampton,2,2021-22,Tuned Random Forest,D,H,0.4014088811502278,0.2522924741750534,0.3462986446747191
2021-22,2022-04-02,Liverpool,Watford,2,2021-22,Tuned Random Forest,H,H,0.8103338322042861,0.1043205688498015,0.0853455989459129
2021-22,2022-04-02,Man United,Leicester,2,2021-22,Tuned Random Forest,D,H,0.554861657157497,0.2694837123825666,0.1756546304599367
2021-22,2022-04-02,Wolves,Aston Villa,2,2021-22,Tuned Random Forest,H,H,0.4577167028293463,0.2980501085824167,0.2442331885882369
2021-22,2022-04-03,Tottenham,Newcastle,2,2021-22,Tuned Random Forest,H,H,0.6914612062351609,0.1972679945328006,0.111270799232039
2021-22,2022-04-03,West Ham,Everton,2,2021-22,Tuned Random Forest,H,H,0.7031439235666814,0.1881261856524123,0.108729890780906
2021-22,2022-04-04,Crystal Palace,Arsenal,2,2021-22,Tuned Random Forest,H,A,0.2451129640920928,0.1870498632719545,0.5678371726359526
2021-22,2022-04-06,Burnley,Everton,2,2021-22,Tuned Random Forest,H,H,0.5088339936807614,0.2014032350280102,0.2897627712912285
2021-22,2022-04-08,Newcastle,Wolves,2,2021-22,Tuned Random Forest,H,A,0.3365371429021598,0.2928278539877701,0.3706350031100701
2021-22,2022-04-09,Arsenal,Brighton,2,2021-22,Tuned Random Forest,A,H,0.6513654583504025,0.2104990374924832,0.1381355041571145
2021-22,2022-04-09,Aston Villa,Tottenham,2,2021-22,Tuned Random Forest,A,A,0.2446850336903815,0.2303785793059897,0.5249363870036289
2021-22,2022-04-09,Everton,Man United,2,2021-22,Tuned Random Forest,H,A,0.1951741001419997,0.1826148289574262,0.6222110709005748
2021-22,2022-04-09,Southampton,Chelsea,2,2021-22,Tuned Random Forest,A,A,0.1830103391453465,0.1767130889610401,0.6402765718936136
2021-22,2022-04-09,Watford,Leeds,2,2021-22,Tuned Random Forest,A,H,0.3923579943121602,0.2303464034733405,0.3772956022144993
2021-22,2022-04-10,Brentford,West Ham,2,2021-22,Tuned Random Forest,H,A,0.2596320979326896,0.2363211158483723,0.5040467862189387
2021-22,2022-04-10,Leicester,Crystal Palace,2,2021-22,Tuned Random Forest,H,H,0.4376441126271163,0.3103174795613412,0.2520384078115427
2021-22,2022-04-10,Man City,Liverpool,2,2021-22,Tuned Random Forest,D,H,0.4849249852577678,0.2754274716254303,0.2396475431168017
2021-22,2022-04-10,Norwich,Burnley,2,2021-22,Tuned Random Forest,H,A,0.3448417110505029,0.2397408024823576,0.41541748646714
2021-22,2022-04-16,Man United,Norwich,2,2021-22,Tuned Random Forest,H,H,0.7211408725673228,0.1667985079408372,0.1120606194918401
2021-22,2022-04-16,Southampton,Arsenal,2,2021-22,Tuned Random Forest,H,A,0.2416763353698842,0.2156802418563173,0.5426434227737982
2021-22,2022-04-16,Tottenham,Brighton,2,2021-22,Tuned Random Forest,A,H,0.76583669689475,0.1387021628144813,0.0954611402907692
2021-22,2022-04-16,Watford,Brentford,2,2021-22,Tuned Random Forest,A,A,0.2904379949605993,0.2771293841742354,0.4324326208651656
2021-22,2022-04-17,Newcastle,Leicester,2,2021-22,Tuned Random Forest,H,A,0.3197118538568348,0.2757313507930425,0.4045567953501228
2021-22,2022-04-17,West Ham,Burnley,2,2021-22,Tuned Random Forest,D,H,0.6776294628800159,0.1953053274532158,0.1270652096667685
2021-22,2022-04-19,Liverpool,Man United,2,2021-22,Tuned Random Forest,H,H,0.7365056608349689,0.1453068935692688,0.1181874455957631
2021-22,2022-04-20,Chelsea,Arsenal,2,2021-22,Tuned Random Forest,A,H,0.6808718048345405,0.1698385850932878,0.1492896100721724
2021-22,2022-04-20,Everton,Leicester,2,2021-22,Tuned Random Forest,D,A,0.2749364174736555,0.2405261182023426,0.4845374643240023
2021-22,2022-04-20,Man City,Brighton,2,2021-22,Tuned Random Forest,H,H,0.7690032720366724,0.1207342155981734,0.1102625123651547
2021-22,2022-04-20,Newcastle,Crystal Palace,2,2021-22,Tuned Random Forest,H,H,0.3640136064115732,0.2952999574784702,0.3406864361099566
2021-22,2022-04-21,Burnley,Southampton,2,2021-22,Tuned Random Forest,H,H,0.4617258048526522,0.2246332831919467,0.3136409119554015
2021-22,2022-04-23,Arsenal,Man United,2,2021-22,Tuned Random Forest,H,H,0.4606732842695895,0.2515137400056741,0.287812975724737
2021-22,2022-04-23,Brentford,Tottenham,2,2021-22,Tuned Random Forest,D,A,0.2341532703261931,0.2325737345469245,0.5332729951268828
2021-22,2022-04-23,Leicester,Aston Villa,2,2021-22,Tuned Random Forest,D,H,0.5052119790907451,0.2861588446262858,0.2086291762829689
2021-22,2022-04-23,Man City,Watford,2,2021-22,Tuned Random Forest,H,H,0.7973167312005252,0.1158900600847925,0.0867932087146822
2021-22,2022-04-23,Norwich,Newcastle,2,2021-22,Tuned Random Forest,A,A,0.2602276844901293,0.2526872718318519,0.4870850436780191
2021-22,2022-04-24,Brighton,Southampton,2,2021-22,Tuned Random Forest,D,H,0.5051861277470717,0.2308378485703385,0.2639760236825905
2021-22,2022-04-24,Burnley,Wolves,2,2021-22,Tuned Random Forest,H,A,0.3154612853059125,0.27954593915597,0.4049927755381181
2021-22,2022-04-24,Chelsea,West Ham,2,2021-22,Tuned Random Forest,H,H,0.687785870654609,0.1738108307053298,0.1384032986400613
2021-22,2022-04-24,Liverpool,Everton,2,2021-22,Tuned Random Forest,H,H,0.8273613080057289,0.0921049140341058,0.0805337779601652
2021-22,2022-04-25,Crystal Palace,Leeds,2,2021-22,Tuned Random Forest,D,H,0.4994557892163108,0.2211825462990575,0.2793616644846316
2021-22,2022-04-28,Man United,Chelsea,2,2021-22,Tuned Random Forest,D,H,0.3827443931905492,0.2822960319780584,0.3349595748313917
2021-22,2022-04-30,Aston Villa,Norwich,2,2021-22,Tuned Random Forest,H,H,0.6571090318009811,0.1998324025194557,0.1430585656795632
2021-22,2022-04-30,Leeds,Man City,2,2021-22,Tuned Random Forest,A,A,0.1665336030867858,0.1535320543616878,0.6799343425515263
2021-22,2022-04-30,Newcastle,Liverpool,2,2021-22,Tuned Random Forest,A,A,0.1682338563207092,0.1436318204355552,0.6881343232437356
2021-22,2022-04-30,Southampton,Crystal Palace,2,2021-22,Tuned Random Forest,A,H,0.3717757992814522,0.2755880680600256,0.3526361326585225
2021-22,2022-04-30,Watford,Burnley,2,2021-22,Tuned Random Forest,A,A,0.3290228046853888,0.2829397257767788,0.3880374695378328
2021-22,2022-04-30,Wolves,Brighton,2,2021-22,Tuned Random Forest,A,H,0.4977316438318672,0.2759854042514985,0.2262829519166345
2021-22,2022-05-01,Everton,Chelsea,2,2021-22,Tuned Random Forest,H,A,0.1919278723505902,0.1493014924847889,0.658770635164621
2021-22,2022-05-01,Tottenham,Leicester,2,2021-22,Tuned Random Forest,H,H,0.633335500278166,0.2088872916665234,0.157777208055311
2021-22,2022-05-01,West Ham,Arsenal,2,2021-22,Tuned Random Forest,A,H,0.3859912124126083,0.2687332926682347,0.3452754949191568
2021-22,2022-05-02,Man United,Brentford,2,2021-22,Tuned Random Forest,H,H,0.5642259719324207,0.2621191219725884,0.1736549060949913
2021-22,2022-05-07,Brentford,Southampton,2,2021-22,Tuned Random Forest,H,H,0.4820151233404153,0.2438331484909701,0.2741517281686149
2021-22,2022-05-07,Brighton,Man United,2,2021-22,Tuned Random Forest,H,A,0.3132752381300543,0.2171440745577179,0.4695806873122283
2021-22,2022-05-07,Burnley,Aston Villa,2,2021-22,Tuned Random Forest,A,H,0.4040554157015394,0.2761007618676002,0.3198438224308604
2021-22,2022-05-07,Chelsea,Wolves,2,2021-22,Tuned Random Forest,D,H,0.7040711448851608,0.1699675540825429,0.1259613010322962
2021-22,2022-05-07,Crystal Palace,Watford,2,2021-22,Tuned Random Forest,H,H,0.6466242959687397,0.216649446622423,0.1367262574088375
2021-22,2022-05-07,Liverpool,Tottenham,2,2021-22,Tuned Random Forest,D,H,0.7227512682428768,0.1430565723277136,0.1341921594294099
2021-22,2022-05-08,Arsenal,Leeds,2,2021-22,Tuned Random Forest,H,H,0.6750346844368711,0.1924742214358281,0.1324910941273011
2021-22,2022-05-08,Leicester,Everton,2,2021-22,Tuned Random Forest,A,H,0.5017753571988708,0.2873805527351269,0.2108440900660026
2021-22,2022-05-08,Man City,Newcastle,2,2021-22,Tuned Random Forest,H,H,0.7624138843873837,0.1266067765128739,0.1109793390997431
2021-22,2022-05-08,Norwich,West Ham,2,2021-22,Tuned Random Forest,A,A,0.2387675918320513,0.2242528311020656,0.5369795770658836
2021-22,2022-05-10,Aston Villa,Liverpool,2,2021-22,Tuned Random Forest,A,A,0.1533883889212797,0.1429316066504064,0.7036800044283141
2021-22,2022-05-11,Leeds,Chelsea,2,2021-22,Tuned Random Forest,A,A,0.251292291792841,0.2138247286304661,0.534882979576693
2021-22,2022-05-11,Leicester,Norwich,2,2021-22,Tuned Random Forest,H,H,0.6603296985285195,0.2088266827229457,0.1308436187485343
2021-22,2022-05-11,Watford,Everton,2,2021-22,Tuned Random Forest,D,A,0.3097126703782377,0.2498797967455365,0.440407532876226
2021-22,2022-05-11,Wolves,Man City,2,2021-22,Tuned Random Forest,A,A,0.1514075716817249,0.1212075015382727,0.7273849267800023
2021-22,2022-05-12,Tottenham,Arsenal,2,2021-22,Tuned Random Forest,H,H,0.4448670219284151,0.286030293943066,0.2691026841285192
2021-22,2022-05-15,Aston Villa,Crystal Palace,2,2021-22,Tuned Random Forest,D,H,0.3656732891002368,0.2758642344429214,0.3584624764568421
2021-22,2022-05-15,Everton,Brentford,2,2021-22,Tuned Random Forest,A,H,0.3650871942384315,0.2864517286223914,0.3484610771391773
2021-22,2022-05-15,Leeds,Brighton,2,2021-22,Tuned Random Forest,D,H,0.37085039917051,0.2895182076071023,0.3396313932223879
2021-22,2022-05-15,Tottenham,Burnley,2,2021-22,Tuned Random Forest,H,H,0.6762470881870359,0.2060119646645885,0.1177409471483758
2021-22,2022-05-15,Watford,Leicester,2,2021-22,Tuned Random Forest,A,A,0.242703034455851,0.2332769288329229,0.5240200367112258
2021-22,2022-05-15,West Ham,Man City,2,2021-22,Tuned Random Forest,D,A,0.162814283747338,0.1199380217342506,0.7172476945184111
2021-22,2022-05-15,Wolves,Norwich,2,2021-22,Tuned Random Forest,D,H,0.6829654186766285,0.1862211893414287,0.1308133919819422
2021-22,2022-05-16,Newcastle,Arsenal,2,2021-22,Tuned Random Forest,H,A,0.2592914716136824,0.19502169854705,0.5456868298392678
2021-22,2022-05-17,Southampton,Liverpool,2,2021-22,Tuned Random Forest,A,A,0.1465981952092165,0.1203616438115897,0.7330401609791938
2021-22,2022-05-19,Aston Villa,Burnley,2,2021-22,Tuned Random Forest,D,H,0.4992564502905926,0.266265983727138,0.2344775659822695
2021-22,2022-05-19,Chelsea,Leicester,2,2021-22,Tuned Random Forest,D,H,0.6738029875429079,0.181123568558728,0.1450734438983638
2021-22,2022-05-19,Everton,Crystal Palace,2,2021-22,Tuned Random Forest,H,A,0.3522794786939216,0.2821775617969726,0.3655429595091063
2021-22,2022-05-22,Arsenal,Everton,2,2021-22,Tuned Random Forest,H,H,0.6426211970445282,0.2248947350317903,0.1324840679236806
2021-22,2022-05-22,Brentford,Leeds,2,2021-22,Tuned Random Forest,A,H,0.5619774260566577,0.2481042346176985,0.1899183393256436
2021-22,2022-05-22,Brighton,West Ham,2,2021-22,Tuned Random Forest,H,H,0.35300980062263,0.3087393772477793,0.3382508221295909
2021-22,2022-05-22,Burnley,Newcastle,2,2021-22,Tuned Random Forest,A,H,0.3815656806381782,0.2473501429484575,0.3710841764133646
2021-22,2022-05-22,Chelsea,Watford,2,2021-22,Tuned Random Forest,H,H,0.7700813185713347,0.1313606158597476,0.098558065568918
2021-22,2022-05-22,Crystal Palace,Man United,2,2021-22,Tuned Random Forest,H,A,0.3160414887592451,0.2096296371672419,0.474328874073513
2021-22,2022-05-22,Leicester,Southampton,2,2021-22,Tuned Random Forest,H,H,0.5399060598009787,0.2731218879866645,0.1869720522123571
2021-22,2022-05-22,Liverpool,Wolves,2,2021-22,Tuned Random Forest,H,H,0.7683172687574438,0.1283491309931708,0.1033336002493858
2021-22,2022-05-22,Man City,Aston Villa,2,2021-22,Tuned Random Forest,H,H,0.758104962528912,0.1311657301353883,0.1107293073357
2021-22,2022-05-22,Norwich,Tottenham,2,2021-22,Tuned Random Forest,A,A,0.1812360653092714,0.1881475963478699,0.6306163383428592
2022-23,2022-08-05,Crystal Palace,Arsenal,3,2022-23,Tuned Random Forest,A,A,0.2559512283019536,0.2044979221477301,0.5395508495503158
2022-23,2022-08-06,Bournemouth,Aston Villa,3,2022-23,Tuned Random Forest,H,A,0.3031195499344897,0.2591271056695461,0.4377533443959646
2022-23,2022-08-06,Everton,Chelsea,3,2022-23,Tuned Random Forest,A,A,0.1944218474127922,0.1791830926077935,0.6263950599794142
2022-23,2022-08-06,Fulham,Liverpool,3,2022-23,Tuned Random Forest,D,A,0.1813631619470039,0.1741375755324144,0.6444992625205817
2022-23,2022-08-06,Leeds,Wolves,3,2022-23,Tuned Random Forest,H,A,0.3489306089658218,0.2806407230459593,0.3704286679882192
2022-23,2022-08-06,Newcastle,Nott'm Forest,3,2022-23,Tuned Random Forest,H,H,0.50279224301072,0.2606145786581382,0.2365931783311417
2022-23,2022-08-06,Tottenham,Southampton,3,2022-23,Tuned Random Forest,H,H,0.6901318447288712,0.176296276202051,0.1335718790690775
2022-23,2022-08-07,Leicester,Brentford,3,2022-23,Tuned Random Forest,D,H,0.4787548953128509,0.2641343949568291,0.2571107097303202
2022-23,2022-08-07,Man United,Brighton,3,2022-23,Tuned Random Forest,A,H,0.497746892729871,0.2670014728273157,0.2352516344428136
2022-23,2022-08-07,West Ham,Man City,3,2022-23,Tuned Random Forest,A,A,0.1810369270847298,0.1784172230890449,0.6405458498262259
2022-23,2022-08-13,Arsenal,Leicester,3,2022-23,Tuned Random Forest,H,H,0.5382995137908901,0.2570394342685876,0.2046610519405219
2022-23,2022-08-13,Aston Villa,Everton,3,2022-23,Tuned Random Forest,H,A,0.3426758148580439,0.2900524389028895,0.3672717462390667
2022-23,2022-08-13,Brentford,Man United,3,2022-23,Tuned Random Forest,H,A,0.2795433413596538,0.2369085455682712,0.4835481130720752
2022-23,2022-08-13,Brighton,Newcastle,3,2022-23,Tuned Random Forest,D,A,0.3480384533658018,0.276455689180025,0.3755058574541737
2022-23,2022-08-13,Man City,Bournemouth,3,2022-23,Tuned Random Forest,H,H,0.7258359965390446,0.1477206253315456,0.1264433781294106
2022-23,2022-08-13,Southampton,Leeds,3,2022-23,Tuned Random Forest,D,A,0.3260091395310524,0.2900576644955384,0.3839331959734096
2022-23,2022-08-13,Wolves,Fulham,3,2022-23,Tuned Random Forest,D,H,0.502086842934351,0.2570448267764368,0.2408683302892124
2022-23,2022-08-14,Chelsea,Tottenham,3,2022-23,Tuned Random Forest,D,H,0.4030936889125237,0.2867897061458936,0.3101166049415835
2022-23,2022-08-14,Nott'm Forest,West Ham,3,2022-23,Tuned Random Forest,H,A,0.3055245988100665,0.2683831222398554,0.4260922789500787
2022-23,2022-08-15,Liverpool,Crystal Palace,3,2022-23,Tuned Random Forest,D,H,0.7331808058139203,0.1530997694003961,0.1137194247856834
2022-23,2022-08-20,Bournemouth,Arsenal,3,2022-23,Tuned Random Forest,A,A,0.1766655384224442,0.1939416039619164,0.6293928576156388
2022-23,2022-08-20,Crystal Palace,Aston Villa,3,2022-23,Tuned Random Forest,H,H,0.3911779412365604,0.2829824300880469,0.325839628675393
2022-23,2022-08-20,Everton,Nott'm Forest,3,2022-23,Tuned Random Forest,D,A,0.3288019452252651,0.2897392417726794,0.3814588130020561
2022-23,2022-08-20,Fulham,Brentford,3,2022-23,Tuned Random Forest,H,A,0.2435519604070057,0.2369199989719144,0.5195280406210795
2022-23,2022-08-20,Leicester,Southampton,3,2022-23,Tuned Random Forest,A,H,0.5485983977486689,0.2523566441545136,0.1990449580968172
2022-23,2022-08-20,Tottenham,Wolves,3,2022-23,Tuned Random Forest,H,H,0.6970890398645953,0.1740984365512673,0.1288125235841374
2022-23,2022-08-21,Leeds,Chelsea,3,2022-23,Tuned Random Forest,H,A,0.22506108160292,0.1836669950603279,0.5912719233367516
2022-23,2022-08-21,Newcastle,Man City,3,2022-23,Tuned Random Forest,D,A,0.1733803941861365,0.1753254257551018,0.651294180058762
2022-23,2022-08-21,West Ham,Brighton,3,2022-23,Tuned Random Forest,A,A,0.3459797133201602,0.2841577940047698,0.3698624926750706
2022-23,2022-08-22,Man United,Liverpool,3,2022-23,Tuned Random Forest,H,A,0.1872345886881475,0.1889478917083314,0.623817519603521
2022-23,2022-08-27,Arsenal,Fulham,3,2022-23,Tuned Random Forest,H,H,0.7462412542767731,0.1431358704683901,0.1106228752548369
2022-23,2022-08-27,Brentford,Everton,3,2022-23,Tuned Random Forest,D,H,0.4610570829078654,0.2833817368221549,0.2555611802699798
2022-23,2022-08-27,Brighton,Leeds,3,2022-23,Tuned Random Forest,H,H,0.4271535944902701,0.279695161371545,0.2931512441381853
2022-23,2022-08-27,Chelsea,Leicester,3,2022-23,Tuned Random Forest,H,H,0.6169209653613089,0.2345504980953899,0.1485285365433012
2022-23,2022-08-27,Liverpool,Bournemouth,3,2022-23,Tuned Random Forest,H,H,0.7338760717888914,0.1507930741478355,0.1153308540632733
2022-23,2022-08-27,Man City,Crystal Palace,3,2022-23,Tuned Random Forest,H,H,0.7536097793297939,0.1322672381745061,0.1141229824957002
2022-23,2022-08-27,Southampton,Man United,3,2022-23,Tuned Random Forest,A,A,0.2758313026983146,0.2189104806400836,0.5052582166616018
2022-23,2022-08-28,Aston Villa,West Ham,3,2022-23,Tuned Random Forest,A,A,0.3565666867986829,0.2848165527238443,0.3586167604774727
2022-23,2022-08-28,Nott'm Forest,Tottenham,3,2022-23,Tuned Random Forest,A,A,0.2262209580431309,0.1994555176813628,0.5743235242755057
2022-23,2022-08-28,Wolves,Newcastle,3,2022-23,Tuned Random Forest,D,A,0.2934617084711665,0.267118003893755,0.4394202876350788
2022-23,2022-08-30,Crystal Palace,Brentford,3,2022-23,Tuned Random Forest,D,H,0.3993462466958511,0.2860328653676188,0.3146208879365305
2022-23,2022-08-30,Fulham,Brighton,3,2022-23,Tuned Random Forest,H,A,0.247080520036158,0.2381074409189135,0.5148120390449281
2022-23,2022-08-30,Leeds,Everton,3,2022-23,Tuned Random Forest,D,H,0.480071882654734,0.2803017480968722,0.2396263692483938
2022-23,2022-08-30,Southampton,Chelsea,3,2022-23,Tuned Random Forest,H,A,0.1858260183404894,0.1932367373722741,0.6209372442872366
2022-23,2022-08-31,Arsenal,Aston Villa,3,2022-23,Tuned Random Forest,H,H,0.730050156713517,0.1523554485729796,0.1175943947135036
2022-23,2022-08-31,Bournemouth,Wolves,3,2022-23,Tuned Random Forest,D,A,0.3132867567740993,0.2715897031167165,0.4151235401091844
2022-23,2022-08-31,Liverpool,Newcastle,3,2022-23,Tuned Random Forest,H,H,0.6396210861368352,0.1915585551289317,0.1688203587342339
2022-23,2022-08-31,Man City,Nott'm Forest,3,2022-23,Tuned Random Forest,H,H,0.7844101286835815,0.113732431444258,0.1018574398721604
2022-23,2022-08-31,West Ham,Tottenham,3,2022-23,Tuned Random Forest,D,A,0.2258055792588176,0.2105888202614017,0.5636056004797803
2022-23,2022-09-01,Leicester,Man United,3,2022-23,Tuned Random Forest,A,A,0.30965237525989,0.2651285388728061,0.4252190858673043
2022-23,2022-09-03,Aston Villa,Man City,3,2022-23,Tuned Random Forest,D,A,0.1075142770267882,0.1423925368864128,0.7500931860867994
2022-23,2022-09-03,Brentford,Leeds,3,2022-23,Tuned Random Forest,H,A,0.3201375084805702,0.3034034799962738,0.3764590115231567
2022-23,2022-09-03,Chelsea,West Ham,3,2022-23,Tuned Random Forest,H,H,0.588318857052075,0.2511910393046223,0.1604901036433024
2022-23,2022-09-03,Everton,Liverpool,3,2022-23,Tuned Random Forest,D,A,0.1257671885871141,0.1555324285044556,0.7187003829084305
2022-23,2022-09-03,Newcastle,Crystal Palace,3,2022-23,Tuned Random Forest,D,H,0.4827793030087334,0.2770220921858659,0.2401986048054007
2022-23,2022-09-03,Nott'm Forest,Bournemouth,3,2022-23,Tuned Random Forest,A,H,0.5176324383595396,0.2842775922036874,0.1980899694367724
2022-23,2022-09-03,Tottenham,Fulham,3,2022-23,Tuned Random Forest,H,H,0.7517021713804751,0.1404815991497872,0.107816229469738
2022-23,2022-09-03,Wolves,Southampton,3,2022-23,Tuned Random Forest,H,H,0.3968024702713513,0.2902797074049189,0.3129178223237304
2022-23,2022-09-04,Brighton,Leicester,3,2022-23,Tuned Random Forest,H,H,0.5020246987661554,0.2774749135025424,0.220500387731302
2022-23,2022-09-04,Man United,Arsenal,3,2022-23,Tuned Random Forest,H,A,0.3068155312966933,0.328723855123903,0.3644606135794038
2022-23,2022-09-16,Aston Villa,Southampton,3,2022-23,Tuned Random Forest,H,H,0.3579573539930189,0.2909262313702047,0.3511164146367772
2022-23,2022-09-16,Nott'm Forest,Fulham,3,2022-23,Tuned Random Forest,A,H,0.4410127495568265,0.2963605520221173,0.2626266984210563
2022-23,2022-09-17,Newcastle,Bournemouth,3,2022-23,Tuned Random Forest,D,H,0.5568267049607023,0.2639544743787899,0.1792188206605077
2022-23,2022-09-17,Tottenham,Leicester,3,2022-23,Tuned Random Forest,H,H,0.6510672125116066,0.2118792833179948,0.1370535041703985
2022-23,2022-09-17,Wolves,Man City,3,2022-23,Tuned Random Forest,A,A,0.1335771575622202,0.1701691241629161,0.6962537182748638
2022-23,2022-09-18,Brentford,Arsenal,3,2022-23,Tuned Random Forest,A,A,0.2286345703483214,0.2190418912250458,0.5523235384266323
2022-23,2022-09-18,Everton,West Ham,3,2022-23,Tuned Random Forest,H,H,0.3765051906371464,0.274238081915776,0.3492567274470779
2022-23,2022-10-01,Arsenal,Tottenham,3,2022-23,Tuned Random Forest,H,D,0.3414839898398562,0.3441324656871222,0.3143835444730222
2022-23,2022-10-01,Bournemouth,Brentford,3,2022-23,Tuned Random Forest,D,A,0.3328096334563641,0.2970226658577219,0.3701677006859137
2022-23,2022-10-01,Crystal Palace,Chelsea,3,2022-23,Tuned Random Forest,A,A,0.2612279841792951,0.2061778686496189,0.5325941471710854
2022-23,2022-10-01,Fulham,Newcastle,3,2022-23,Tuned Random Forest,A,A,0.2910986714623617,0.2327650254038047,0.4761363031338337
2022-23,2022-10-01,Liverpool,Brighton,3,2022-23,Tuned Random Forest,D,H,0.6103142411772877,0.2166087817179945,0.1730769771047186
2022-23,2022-10-01,Southampton,Everton,3,2022-23,Tuned Random Forest,A,A,0.3519983152382451,0.2902571647923593,0.3577445199693961
2022-23,2022-10-01,West Ham,Wolves,3,2022-23,Tuned Random Forest,H,H,0.4602764509400894,0.2740342361271741,0.2656893129327363
2022-23,2022-10-02,Leeds,Aston Villa,3,2022-23,Tuned Random Forest,D,H,0.4497669820942913,0.2798358963472266,0.2703971215584819
2022-23,2022-10-02,Man City,Man United,3,2022-23,Tuned Random Forest,H,H,0.7381083489073974,0.1431963732693284,0.1186952778232749
2022-23,2022-10-03,Leicester,Nott'm Forest,3,2022-23,Tuned Random Forest,H,H,0.5189874190160542,0.2739321131765728,0.2070804678073726
2022-23,2022-10-08,Bournemouth,Leicester,3,2022-23,Tuned Random Forest,H,H,0.3885445555798245,0.2536479892408372,0.3578074551793379
2022-23,2022-10-08,Brighton,Tottenham,3,2022-23,Tuned Random Forest,A,A,0.2692016228752619,0.248082323055585,0.4827160540691536
2022-23,2022-10-08,Chelsea,Wolves,3,2022-23,Tuned Random Forest,H,H,0.6957788246743911,0.1744118572771118,0.1298093180484968
2022-23,2022-10-08,Man City,Southampton,3,2022-23,Tuned Random Forest,H,H,0.807029505067713,0.1044245989486506,0.0885458959836369
2022-23,2022-10-08,Newcastle,Brentford,3,2022-23,Tuned Random Forest,H,H,0.5097434109034039,0.2613756682043079,0.228880920892288
2022-23,2022-10-09,Arsenal,Liverpool,3,2022-23,Tuned Random Forest,H,A,0.3106257235921675,0.2601286218300276,0.4292456545778048
2022-23,2022-10-09,Crystal Palace,Leeds,3,2022-23,Tuned Random Forest,H,H,0.3872174741274879,0.2835278634419157,0.3292546624305966
2022-23,2022-10-09,Everton,Man United,3,2022-23,Tuned Random Forest,A,A,0.2903522632091247,0.2229486818107689,0.486699054980106
2022-23,2022-10-09,West Ham,Fulham,3,2022-23,Tuned Random Forest,H,H,0.5356107084362575,0.2545618732527603,0.2098274183109822
2022-23,2022-10-10,Nott'm Forest,Aston Villa,3,2022-23,Tuned Random Forest,D,A,0.3460950589844583,0.3054539150757051,0.3484510259398372
2022-23,2022-10-14,Brentford,Brighton,3,2022-23,Tuned Random Forest,H,A,0.3069831757876438,0.2796272762831382,0.4133895479292185
2022-23,2022-10-15,Fulham,Bournemouth,3,2022-23,Tuned Random Forest,D,H,0.3816712759638777,0.2894512238166823,0.3288775002194405
2022-23,2022-10-15,Leicester,Crystal Palace,3,2022-23,Tuned Random Forest,D,A,0.3500295421719953,0.2925588355865248,0.3574116222414802
2022-23,2022-10-15,Tottenham,Everton,3,2022-23,Tuned Random Forest,H,H,0.7243500064709893,0.1576403625841925,0.1180096309448179
2022-23,2022-10-15,Wolves,Nott'm Forest,3,2022-23,Tuned Random Forest,H,H,0.4941951329119121,0.2887589570639285,0.2170459100241588
2022-23,2022-10-16,Aston Villa,Chelsea,3,2022-23,Tuned Random Forest,A,A,0.1856614862850642,0.1957265275250406,0.6186119861898952
2022-23,2022-10-16,Leeds,Arsenal,3,2022-23,Tuned Random Forest,A,A,0.1517506741690518,0.1780834875402532,0.670165838290695
2022-23,2022-10-16,Liverpool,Man City,3,2022-23,Tuned Random Forest,H,A,0.280838076759324,0.2845807795498083,0.4345811436908677
2022-23,2022-10-16,Man United,Newcastle,3,2022-23,Tuned Random Forest,D,H,0.4830693091183341,0.2906870970713145,0.2262435938103517
2022-23,2022-10-16,Southampton,West Ham,3,2022-23,Tuned Random Forest,D,A,0.2697509842083604,0.2490450343580751,0.4812039814335646
2022-23,2022-10-18,Brighton,Nott'm Forest,3,2022-23,Tuned Random Forest,D,H,0.5772617986940948,0.2244925455987438,0.1982456557071613
2022-23,2022-10-18,Crystal Palace,Wolves,3,2022-23,Tuned Random Forest,H,H,0.5297675212043981,0.2493204996278371,0.2209119791677646
2022-23,2022-10-19,Bournemouth,Southampton,3,2022-23,Tuned Random Forest,A,H,0.4923778824559916,0.2387746983880227,0.2688474191559855
2022-23,2022-10-19,Brentford,Chelsea,3,2022-23,Tuned Random Forest,D,A,0.2030666395345136,0.2076495025263829,0.5892838579391039
2022-23,2022-10-19,Liverpool,West Ham,3,2022-23,Tuned Random Forest,H,H,0.708313274893165,0.1667919451826753,0.1248947799241597
2022-23,2022-10-19,Man United,Tottenham,3,2022-23,Tuned Random Forest,H,A,0.3244858036536706,0.3227696360847878,0.352744560261542
2022-23,2022-10-19,Newcastle,Everton,3,2022-23,Tuned Random Forest,H,H,0.5536317659606766,0.2522144640162822,0.1941537700230413
2022-23,2022-10-20,Fulham,Aston Villa,3,2022-23,Tuned Random Forest,H,H,0.3777022743131294,0.2757080483432861,0.3465896773435843
2022-23,2022-10-20,Leicester,Leeds,3,2022-23,Tuned Random Forest,H,H,0.4946680986277214,0.2639299063309833,0.2414019950412947
2022-23,2022-10-22,Chelsea,Man United,3,2022-23,Tuned Random Forest,D,H,0.4883345644639074,0.2856665788818125,0.2259988566542801
2022-23,2022-10-22,Everton,Crystal Palace,3,2022-23,Tuned Random Forest,H,A,0.3523588676654374,0.2850883332574678,0.3625527990770952
2022-23,2022-10-22,Man City,Brighton,3,2022-23,Tuned Random Forest,H,H,0.7830929345597533,0.1078308848905112,0.1090761805497354
2022-23,2022-10-22,Nott'm Forest,Liverpool,3,2022-23,Tuned Random Forest,H,A,0.1477803380753994,0.1675138429952045,0.6847058189293963
2022-23,2022-10-23,Aston Villa,Brentford,3,2022-23,Tuned Random Forest,H,H,0.4463002608191613,0.2470371091325224,0.3066626300483165
2022-23,2022-10-23,Leeds,Fulham,3,2022-23,Tuned Random Forest,A,H,0.4683848052150475,0.2838901850814206,0.2477250097035318
2022-23,2022-10-23,Southampton,Arsenal,3,2022-23,Tuned Random Forest,D,A,0.1454527671652549,0.1502775436161462,0.7042696892185992
2022-23,2022-10-23,Tottenham,Newcastle,3,2022-23,Tuned Random Forest,A,H,0.5810580076763988,0.2429160119091539,0.1760259804144478
2022-23,2022-10-23,Wolves,Leicester,3,2022-23,Tuned Random Forest,A,H,0.4336037425117182,0.2509120896281189,0.315484167860163
2022-23,2022-10-24,West Ham,Bournemouth,3,2022-23,Tuned Random Forest,H,H,0.5046388932598563,0.2644295401300618,0.230931566610082
2022-23,2022-10-29,Bournemouth,Tottenham,3,2022-23,Tuned Random Forest,A,A,0.2142074459550807,0.2175026048308645,0.5682899492140545
2022-23,2022-10-29,Brentford,Wolves,3,2022-23,Tuned Random Forest,D,H,0.5238510166275977,0.2523940850596601,0.2237548983127419
2022-23,2022-10-29,Brighton,Chelsea,3,2022-23,Tuned Random Forest,H,A,0.2406651986797803,0.221283307171497,0.5380514941487226
2022-23,2022-10-29,Crystal Palace,Southampton,3,2022-23,Tuned Random Forest,H,H,0.5121727244297914,0.2729959380801227,0.2148313374900851
2022-23,2022-10-29,Fulham,Everton,3,2022-23,Tuned Random Forest,D,H,0.3659728887116271,0.2908846235845262,0.343142487703847
2022-23,2022-10-29,Leicester,Man City,3,2022-23,Tuned Random Forest,A,A,0.1657339882305257,0.1812220381724941,0.6530439735969797
2022-23,2022-10-29,Liverpool,Leeds,3,2022-23,Tuned Random Forest,A,H,0.7589499724869632,0.1377169581384115,0.1033330693746253
2022-23,2022-10-29,Newcastle,Aston Villa,3,2022-23,Tuned Random Forest,H,H,0.6522572360192049,0.2049116982697307,0.1428310657110639
2022-23,2022-10-30,Arsenal,Nott'm Forest,3,2022-23,Tuned Random Forest,H,H,0.7808263199479812,0.1236407854550949,0.0955328945969239
2022-23,2022-10-30,Man United,West Ham,3,2022-23,Tuned Random Forest,H,H,0.5496341824951402,0.275416599197395,0.1749492183074643
2022-23,2022-11-05,Everton,Leicester,3,2022-23,Tuned Random Forest,A,H,0.3947542854048715,0.2702197024379171,0.3350260121572116
2022-23,2022-11-05,Leeds,Bournemouth,3,2022-23,Tuned Random Forest,H,H,0.5287607177409253,0.2582322577793156,0.2130070244797587
2022-23,2022-11-05,Man City,Fulham,3,2022-23,Tuned Random Forest,H,H,0.8254919603495607,0.0893241696699276,0.0851838699805117
2022-23,2022-11-05,Nott'm Forest,Brentford,3,2022-23,Tuned Random Forest,D,H,0.5075412919951395,0.2189580920274102,0.2735006159774502
2022-23,2022-11-05,Wolves,Brighton,3,2022-23,Tuned Random Forest,A,A,0.3117640849908313,0.2726358834499292,0.41560003155924
2022-23,2022-11-06,Aston Villa,Man United,3,2022-23,Tuned Random Forest,H,A,0.2068763612139826,0.2249631558290559,0.5681604829569612
2022-23,2022-11-06,Chelsea,Arsenal,3,2022-23,Tuned Random Forest,A,A,0.3307580914162812,0.3326841736107573,0.3365577349729617
2022-23,2022-11-06,Southampton,Newcastle,3,2022-23,Tuned Random Forest,A,A,0.2230877688395836,0.2519878194082406,0.5249244117521751
2022-23,2022-11-06,Tottenham,Liverpool,3,2022-23,Tuned Random Forest,A,H,0.387246734677713,0.248777359112309,0.3639759062099781
2022-23,2022-11-06,West Ham,Crystal Palace,3,2022-23,Tuned Random Forest,A,H,0.4135620330148418,0.2702289585761748,0.3162090084089834
2022-23,2022-11-12,Bournemouth,Everton,3,2022-23,Tuned Random Forest,H,H,0.3706560792493845,0.2780132251762557,0.35133069557436
2022-23,2022-11-12,Liverpool,Southampton,3,2022-23,Tuned Random Forest,H,H,0.7231849275810885,0.1536667227902089,0.1231483496287021
2022-23,2022-11-12,Man City,Brentford,3,2022-23,Tuned Random Forest,A,H,0.8190711952448863,0.0940623430665525,0.0868664616885612
2022-23,2022-11-12,Newcastle,Chelsea,3,2022-23,Tuned Random Forest,H,H,0.4625749806345791,0.2608164644234328,0.276608554941988
2022-23,2022-11-12,Nott'm Forest,Crystal Palace,3,2022-23,Tuned Random Forest,H,A,0.3352354396247157,0.2755749348899474,0.3891896254853376
2022-23,2022-11-12,Tottenham,Leeds,3,2022-23,Tuned Random Forest,H,H,0.701573906996904,0.1677293606254694,0.1306967323776268
2022-23,2022-11-12,West Ham,Leicester,3,2022-23,Tuned Random Forest,A,H,0.3794452822581939,0.2831798101420367,0.3373749075997697
2022-23,2022-11-12,Wolves,Arsenal,3,2022-23,Tuned Random Forest,A,A,0.1396798141240266,0.1595968065276001,0.7007233793483731
2022-23,2022-11-13,Brighton,Aston Villa,3,2022-23,Tuned Random Forest,A,H,0.5576214446946522,0.2356588235516233,0.206719731753724
2022-23,2022-11-13,Fulham,Man United,3,2022-23,Tuned Random Forest,A,A,0.2233784628543759,0.2121188669001347,0.5645026702454892
2022-23,2022-12-26,Arsenal,West Ham,3,2022-23,Tuned Random Forest,H,H,0.7328275917861491,0.1522692857421653,0.1149031224716861
2022-23,2022-12-26,Aston Villa,Liverpool,3,2022-23,Tuned Random Forest,A,A,0.1769263429728589,0.180978520932981,0.6420951360941602
2022-23,2022-12-26,Brentford,Tottenham,3,2022-23,Tuned Random Forest,D,A,0.2578570975430567,0.2119744540364109,0.5301684484205313
2022-23,2022-12-26,Crystal Palace,Fulham,3,2022-23,Tuned Random Forest,A,H,0.5060350896360649,0.2723034852179627,0.2216614251459725
2022-23,2022-12-26,Everton,Wolves,3,2022-23,Tuned Random Forest,A,H,0.5016727597431528,0.2466452776553943,0.2516819626014528
2022-23,2022-12-26,Leicester,Newcastle,3,2022-23,Tuned Random Forest,A,A,0.2997721186274902,0.3187063339450636,0.3815215474274467
2022-23,2022-12-26,Southampton,Brighton,3,2022-23,Tuned Random Forest,A,A,0.2631840521482855,0.242319317644202,0.4944966302075126
2022-23,2022-12-27,Chelsea,Bournemouth,3,2022-23,Tuned Random Forest,H,H,0.6664147309928319,0.1935624797516544,0.140022789255514
2022-23,2022-12-27,Man United,Nott'm Forest,3,2022-23,Tuned Random Forest,H,H,0.6963619322786511,0.1694890869012278,0.134148980820121
2022-23,2022-12-28,Leeds,Man City,3,2022-23,Tuned Random Forest,A,A,0.1544775512722333,0.1703236915558169,0.6751987571719495
2022-23,2022-12-30,Liverpool,Leicester,3,2022-23,Tuned Random Forest,H,H,0.7329699970382815,0.1461184323551976,0.1209115706065211
2022-23,2022-12-30,West Ham,Brentford,3,2022-23,Tuned Random Forest,A,H,0.4411600244476769,0.2426220512500857,0.316217924302237
2022-23,2022-12-31,Bournemouth,Crystal Palace,3,2022-23,Tuned Random Forest,A,A,0.3424783370013667,0.2492935675634438,0.4082280954351894
2022-23,2022-12-31,Brighton,Arsenal,3,2022-23,Tuned Random Forest,A,A,0.2292999619053158,0.2270972922435553,0.5436027458511286
2022-23,2022-12-31,Fulham,Southampton,3,2022-23,Tuned Random Forest,H,H,0.5314357803106745,0.2378245291325631,0.230739690556762
2022-23,2022-12-31,Man City,Everton,3,2022-23,Tuned Random Forest,D,H,0.7701932900254713,0.125528026663253,0.1042786833112752
2022-23,2022-12-31,Newcastle,Leeds,3,2022-23,Tuned Random Forest,D,H,0.700073291802752,0.1885811111796757,0.1113455970175723
2022-23,2022-12-31,Wolves,Man United,3,2022-23,Tuned Random Forest,A,A,0.2271112932736702,0.22771399511175,0.5451747116145798
2022-23,2023-01-01,Nott'm Forest,Chelsea,3,2022-23,Tuned Random Forest,D,A,0.2180292243649445,0.2190269492626086,0.562943826372446
2022-23,2023-01-01,Tottenham,Aston Villa,3,2022-23,Tuned Random Forest,A,H,0.7000831470104295,0.1703897187231356,0.1295271342664349
2022-23,2023-01-02,Brentford,Liverpool,3,2022-23,Tuned Random Forest,H,A,0.1917036539189478,0.2045599153373317,0.6037364307437203
2022-23,2023-01-03,Arsenal,Newcastle,3,2022-23,Tuned Random Forest,D,H,0.6108268327013415,0.2103617253681932,0.1788114419304646
2022-23,2023-01-03,Everton,Brighton,3,2022-23,Tuned Random Forest,A,A,0.2917523773698646,0.2589079370985169,0.4493396855316177
2022-23,2023-01-03,Leicester,Fulham,3,2022-23,Tuned Random Forest,A,H,0.4647148535649982,0.2734477818689037,0.2618373645660982
2022-23,2023-01-03,Man United,Bournemouth,3,2022-23,Tuned Random Forest,H,H,0.6994217515829538,0.174003170017351,0.1265750783996954
2022-23,2023-01-04,Aston Villa,Wolves,3,2022-23,Tuned Random Forest,D,H,0.4958584827981417,0.2846495852737197,0.219491931928138
2022-23,2023-01-04,Crystal Palace,Tottenham,3,2022-23,Tuned Random Forest,A,A,0.2845901059171011,0.2273921361460467,0.4880177579368519
2022-23,2023-01-04,Leeds,West Ham,3,2022-23,Tuned Random Forest,D,H,0.4986893296335021,0.2326652470228321,0.2686454233436658
2022-23,2023-01-04,Southampton,Nott'm Forest,3,2022-23,Tuned Random Forest,A,H,0.5357263118903891,0.2081757998220499,0.2560978882875612
2022-23,2023-01-05,Chelsea,Man City,3,2022-23,Tuned Random Forest,A,A,0.2479674904048941,0.2214761547468472,0.5305563548482584
2022-23,2023-01-12,Fulham,Chelsea,3,2022-23,Tuned Random Forest,H,A,0.30017433653264,0.2366781275401331,0.4631475359272265
2022-23,2023-01-13,Aston Villa,Leeds,3,2022-23,Tuned Random Forest,H,H,0.4471265093697619,0.3023805819744726,0.2504929086557644
2022-23,2023-01-14,Brentford,Bournemouth,3,2022-23,Tuned Random Forest,H,H,0.6330890097582331,0.2123771454330388,0.1545338448087277
2022-23,2023-01-14,Brighton,Liverpool,3,2022-23,Tuned Random Forest,H,A,0.2447824470692794,0.2009273197467581,0.5542902331839624
2022-23,2023-01-14,Everton,Southampton,3,2022-23,Tuned Random Forest,A,H,0.5476769783328406,0.2495768604371491,0.2027461612300102
2022-23,2023-01-14,Man United,Man City,3,2022-23,Tuned Random Forest,H,A,0.2969728489418495,0.2344995942759809,0.4685275567821696
2022-23,2023-01-14,Nott'm Forest,Leicester,3,2022-23,Tuned Random Forest,H,H,0.3710257108550956,0.2847838765810481,0.3441904125638568
2022-23,2023-01-14,Wolves,West Ham,3,2022-23,Tuned Random Forest,H,H,0.5040770566501483,0.2323237194849292,0.2635992238649225
2022-23,2023-01-15,Chelsea,Crystal Palace,3,2022-23,Tuned Random Forest,H,H,0.5746797533811376,0.2484949960887161,0.1768252505301457
2022-23,2023-01-15,Newcastle,Fulham,3,2022-23,Tuned Random Forest,H,H,0.6509499331022371,0.2042186401328816,0.144831426764881
2022-23,2023-01-15,Tottenham,Arsenal,3,2022-23,Tuned Random Forest,A,A,0.3248385615680431,0.2889803192316969,0.386181119200261
2022-23,2023-01-18,Crystal Palace,Man United,3,2022-23,Tuned Random Forest,D,A,0.2211770793099795,0.2419732307159626,0.5368496899740576
2022-23,2023-01-19,Man City,Tottenham,3,2022-23,Tuned Random Forest,H,H,0.667362822853976,0.170435746870349,0.1622014302756752
2022-23,2023-01-21,Bournemouth,Nott'm Forest,3,2022-23,Tuned Random Forest,D,A,0.3350080076298482,0.2503744779532585,0.4146175144168933
2022-23,2023-01-21,Crystal Palace,Newcastle,3,2022-23,Tuned Random Forest,D,A,0.2343368406744991,0.214713323683025,0.5509498356424759
2022-23,2023-01-21,Leicester,Brighton,3,2022-23,Tuned Random Forest,D,A,0.3076698532262988,0.2903528284280499,0.4019773183456515
2022-23,2023-01-21,Liverpool,Chelsea,3,2022-23,Tuned Random Forest,D,H,0.592957675105037,0.224025427307917,0.1830168975870462
2022-23,2023-01-21,Southampton,Aston Villa,3,2022-23,Tuned Random Forest,A,A,0.3160513692527039,0.2779950696810649,0.4059535610662312
2022-23,2023-01-21,West Ham,Everton,3,2022-23,Tuned Random Forest,H,H,0.5524788074152679,0.2439825560801024,0.2035386365046297
2022-23,2023-01-22,Arsenal,Man United,3,2022-23,Tuned Random Forest,H,H,0.6292552640946544,0.1893473877678391,0.1813973481375062
2022-23,2023-01-22,Leeds,Brentford,3,2022-23,Tuned Random Forest,D,A,0.309908434533604,0.2898963478011807,0.4001952176652155
2022-23,2023-01-22,Man City,Wolves,3,2022-23,Tuned Random Forest,H,H,0.7875862024770204,0.1117051244132866,0.1007086731096939
2022-23,2023-01-23,Fulham,Tottenham,3,2022-23,Tuned Random Forest,A,A,0.3120605254035446,0.2321961268175026,0.4557433477789522
2022-23,2023-02-03,Chelsea,Fulham,3,2022-23,Tuned Random Forest,D,H,0.5915251882454906,0.2276533977617312,0.1808214139927781
2022-23,2023-02-04,Aston Villa,Leicester,3,2022-23,Tuned Random Forest,A,H,0.4780382783346247,0.2889027641759966,0.2330589574893783
2022-23,2023-02-04,Brentford,Southampton,3,2022-23,Tuned Random Forest,H,H,0.5916494126567738,0.2382418417319401,0.1701087456112859
2022-23,2023-02-04,Brighton,Bournemouth,3,2022-23,Tuned Random Forest,H,H,0.6922074480136676,0.1833296665691136,0.124462885417219
2022-23,2023-02-04,Everton,Arsenal,3,2022-23,Tuned Random Forest,H,A,0.0983358362117113,0.0984090264582968,0.8032551373299919
2022-23,2023-02-04,Man United,Crystal Palace,3,2022-23,Tuned Random Forest,H,H,0.6531149897081164,0.1988561594829697,0.1480288508089137
2022-23,2023-02-04,Newcastle,West Ham,3,2022-23,Tuned Random Forest,D,H,0.6854803961477494,0.1902146230722179,0.1243049807800329
2022-23,2023-02-04,Wolves,Liverpool,3,2022-23,Tuned Random Forest,H,A,0.2143851217585669,0.2051956491290188,0.5804192291124138
2022-23,2023-02-05,Nott'm Forest,Leeds,3,2022-23,Tuned Random Forest,H,H,0.4385080188118141,0.2857566903631998,0.2757352908249858
2022-23,2023-02-05,Tottenham,Man City,3,2022-23,Tuned Random Forest,H,A,0.2656187824237839,0.2221450347153858,0.5122361828608304
2022-23,2023-02-08,Man United,Leeds,3,2022-23,Tuned Random Forest,D,H,0.7095662155889582,0.1653485816122975,0.1250852027987452
2022-23,2023-02-11,Arsenal,Brentford,3,2022-23,Tuned Random Forest,D,H,0.7011778786479483,0.159175471503319,0.1396466498487332
2022-23,2023-02-11,Bournemouth,Newcastle,3,2022-23,Tuned Random Forest,D,A,0.1924782292238268,0.1899797727651815,0.6175419980109919
2022-23,2023-02-11,Crystal Palace,Brighton,3,2022-23,Tuned Random Forest,D,A,0.312648879384962,0.2851958175990952,0.402155303015943
2022-23,2023-02-11,Fulham,Nott'm Forest,3,2022-23,Tuned Random Forest,H,H,0.4339627197460527,0.2644117044123731,0.301625575841574
2022-23,2023-02-11,Leicester,Tottenham,3,2022-23,Tuned Random Forest,H,A,0.2549501872464759,0.2190560213127202,0.5259937914408037
2022-23,2023-02-11,Southampton,Wolves,3,2022-23,Tuned Random Forest,A,A,0.3394632148054601,0.2722591504638383,0.3882776347307024
2022-23,2023-02-11,West Ham,Chelsea,3,2022-23,Tuned Random Forest,D,A,0.2617301840158201,0.2447056618715929,0.4935641541125866
2022-23,2023-02-12,Leeds,Man United,3,2022-23,Tuned Random Forest,A,A,0.2236995377003592,0.2156491931198714,0.5606512691797692
2022-23,2023-02-12,Man City,Aston Villa,3,2022-23,Tuned Random Forest,H,H,0.8091775790607018,0.0965360449234408,0.0942863760158571
2022-23,2023-02-13,Liverpool,Everton,3,2022-23,Tuned Random Forest,H,H,0.6901636611719685,0.1671614209124052,0.1426749179156264
2022-23,2023-02-15,Arsenal,Man City,3,2022-23,Tuned Random Forest,A,A,0.3670295672791642,0.2616254179009648,0.3713450148198713
2022-23,2023-02-18,Aston Villa,Arsenal,3,2022-23,Tuned Random Forest,A,A,0.1911934013361859,0.1667695415037875,0.6420370571600261
2022-23,2023-02-18,Brentford,Crystal Palace,3,2022-23,Tuned Random Forest,D,H,0.5247732214250028,0.2598712677545771,0.2153555108204199
2022-23,2023-02-18,Brighton,Fulham,3,2022-23,Tuned Random Forest,A,H,0.5558944933326013,0.2463696743637855,0.1977358323036135
2022-23,2023-02-18,Chelsea,Southampton,3,2022-23,Tuned Random Forest,A,H,0.6979332792651041,0.1787166061087067,0.123350114626189
2022-23,2023-02-18,Everton,Leeds,3,2022-23,Tuned Random Forest,H,H,0.4623826328027663,0.2557807616479109,0.281836605549323
2022-23,2023-02-18,Newcastle,Liverpool,3,2022-23,Tuned Random Forest,A,H,0.4171057642277017,0.2352030562447451,0.3476911795275534
2022-23,2023-02-18,Nott'm Forest,Man City,3,2022-23,Tuned Random Forest,D,A,0.151939195631476,0.1679315738856721,0.6801292304828512
2022-23,2023-02-18,Wolves,Bournemouth,3,2022-23,Tuned Random Forest,A,H,0.5255886409906455,0.2573855729684496,0.2170257860409043
2022-23,2023-02-19,Man United,Leicester,3,2022-23,Tuned Random Forest,H,H,0.6487058942858573,0.2022581706896932,0.1490359350244496
2022-23,2023-02-19,Tottenham,West Ham,3,2022-23,Tuned Random Forest,H,H,0.6096450301650372,0.2213189636550851,0.1690360061798776
2022-23,2023-02-24,Fulham,Wolves,3,2022-23,Tuned Random Forest,D,H,0.4332413672655915,0.2945810496639616,0.2721775830704463
2022-23,2023-02-25,Bournemouth,Man City,3,2022-23,Tuned Random Forest,A,A,0.1376005025643939,0.1536928491054469,0.7087066483301591
2022-23,2023-02-25,Crystal Palace,Liverpool,3,2022-23,Tuned Random Forest,D,A,0.2232454316025682,0.2030039612659743,0.5737506071314576
2022-23,2023-02-25,Everton,Aston Villa,3,2022-23,Tuned Random Forest,A,H,0.4434384098676256,0.2552289221009222,0.3013326680314526
2022-23,2023-02-25,Leeds,Southampton,3,2022-23,Tuned Random Forest,H,H,0.500085439992421,0.2729693488931606,0.2269452111144179
2022-23,2023-02-25,Leicester,Arsenal,3,2022-23,Tuned Random Forest,A,A,0.2129579007740273,0.1593480093342442,0.6276940898917285
2022-23,2023-02-25,West Ham,Nott'm Forest,3,2022-23,Tuned Random Forest,H,H,0.4541114555509547,0.2410882953199747,0.3048002491290707
2022-23,2023-02-26,Tottenham,Chelsea,3,2022-23,Tuned Random Forest,H,H,0.5322468512576818,0.2576594944269295,0.2100936543153887
2022-23,2023-03-01,Arsenal,Everton,3,2022-23,Tuned Random Forest,H,H,0.785214139284807,0.1192294865342819,0.095556374180912
2022-23,2023-03-01,Liverpool,Wolves,3,2022-23,Tuned Random Forest,H,H,0.7634980051846421,0.1311577955067245,0.1053441993086339
2022-23,2023-03-04,Arsenal,Bournemouth,3,2022-23,Tuned Random Forest,H,H,0.8126422747596977,0.1009249356559435,0.0864327895843588
2022-23,2023-03-04,Aston Villa,Crystal Palace,3,2022-23,Tuned Random Forest,H,H,0.4087171322409904,0.2749051850128746,0.3163776827461355
2022-23,2023-03-04,Brighton,West Ham,3,2022-23,Tuned Random Forest,H,H,0.5204915545732168,0.2561127984131481,0.2233956470136352
2022-23,2023-03-04,Chelsea,Leeds,3,2022-23,Tuned Random Forest,H,H,0.587907129764926,0.2273829752804022,0.1847098949546717
2022-23,2023-03-04,Man City,Newcastle,3,2022-23,Tuned Random Forest,H,H,0.7175626720707556,0.1371022755686076,0.1453350523606372
2022-23,2023-03-04,Southampton,Leicester,3,2022-23,Tuned Random Forest,H,A,0.3013207398600877,0.2470263500110451,0.4516529101288672
2022-23,2023-03-04,Wolves,Tottenham,3,2022-23,Tuned Random Forest,H,A,0.2298022909281612,0.2155430433039697,0.5546546657678688
2022-23,2023-03-05,Liverpool,Man United,3,2022-23,Tuned Random Forest,H,H,0.4786762018082692,0.2932010426888127,0.2281227555029185
2022-23,2023-03-05,Nott'm Forest,Everton,3,2022-23,Tuned Random Forest,D,H,0.532871498473336,0.2490484234498685,0.218080078076795
2022-23,2023-03-06,Brentford,Fulham,3,2022-23,Tuned Random Forest,H,H,0.4727670779031971,0.2794197401850726,0.2478131819117305
2022-23,2023-03-11,Bournemouth,Liverpool,3,2022-23,Tuned Random Forest,H,A,0.1123947316732256,0.1323863249184818,0.7552189434082928
2022-23,2023-03-11,Crystal Palace,Man City,3,2022-23,Tuned Random Forest,A,A,0.1325615563990621,0.1437526327016941,0.7236858108992429
2022-23,2023-03-11,Everton,Brentford,3,2022-23,Tuned Random Forest,H,A,0.2522239401303711,0.2444899547078817,0.5032861051617468
2022-23,2023-03-11,Leeds,Brighton,3,2022-23,Tuned Random Forest,D,A,0.2512416589756534,0.2280562161851969,0.5207021248391495
2022-23,2023-03-11,Leicester,Chelsea,3,2022-23,Tuned Random Forest,A,A,0.2897417375698282,0.2655480970789398,0.4447101653512321
2022-23,2023-03-11,Tottenham,Nott'm Forest,3,2022-23,Tuned Random Forest,H,H,0.7045614319066211,0.1759799925025226,0.1194585755908569
2022-23,2023-03-12,Fulham,Arsenal,3,2022-23,Tuned Random Forest,A,A,0.2097768369421199,0.1764271837379439,0.6137959793199359
2022-23,2023-03-12,Man United,Southampton,3,2022-23,Tuned Random Forest,D,H,0.7444679291663503,0.147283158291257,0.1082489125423929
2022-23,2023-03-12,Newcastle,Wolves,3,2022-23,Tuned Random Forest,H,H,0.6777267717732556,0.1942407249149761,0.1280325033117686
2022-23,2023-03-12,West Ham,Aston Villa,3,2022-23,Tuned Random Forest,D,H,0.4255306200516565,0.2618635172650734,0.3126058626832699
2022-23,2023-03-15,Brighton,Crystal Palace,3,2022-23,Tuned Random Forest,H,H,0.6320467722562481,0.2133223224191078,0.1546309053246439
2022-23,2023-03-15,Southampton,Brentford,3,2022-23,Tuned Random Forest,A,A,0.2796694534585932,0.2527456977409167,0.4675848488004901
2022-23,2023-03-17,Nott'm Forest,Newcastle,3,2022-23,Tuned Random Forest,A,A,0.2439292526875793,0.221297937318242,0.5347728099941785
2022-23,2023-03-18,Aston Villa,Bournemouth,3,2022-23,Tuned Random Forest,H,H,0.5334215434862634,0.2551575712995582,0.2114208852141784
2022-23,2023-03-18,Brentford,Leicester,3,2022-23,Tuned Random Forest,D,H,0.5599298859471945,0.2498449270348232,0.1902251870179817
2022-23,2023-03-18,Chelsea,Everton,3,2022-23,Tuned Random Forest,D,H,0.6316048535907856,0.2046007669832608,0.1637943794259533
2022-23,2023-03-18,Southampton,Tottenham,3,2022-23,Tuned Random Forest,D,A,0.2270630729839414,0.1847853170500245,0.588151609966034
2022-23,2023-03-18,Wolves,Leeds,3,2022-23,Tuned Random Forest,A,H,0.4774859040753952,0.2719970327452524,0.2505170631793517
2022-23,2023-03-19,Arsenal,Crystal Palace,3,2022-23,Tuned Random Forest,H,H,0.7748075064045166,0.1216610561641843,0.1035314374312993
2022-23,2023-04-01,Arsenal,Leeds,3,2022-23,Tuned Random Forest,H,H,0.8185125533374056,0.0948490430954305,0.0866384035671646
2022-23,2023-04-01,Bournemouth,Fulham,3,2022-23,Tuned Random Forest,H,H,0.3781325071099568,0.2780137236656949,0.3438537692243488
2022-23,2023-04-01,Brighton,Brentford,3,2022-23,Tuned Random Forest,D,H,0.4496195900522304,0.2751391139317617,0.2752412960160076
2022-23,2023-04-01,Chelsea,Aston Villa,3,2022-23,Tuned Random Forest,A,H,0.5449263394973538,0.2538227013032108,0.2012509591994345
2022-23,2023-04-01,Crystal Palace,Leicester,3,2022-23,Tuned Random Forest,H,H,0.4757327040761221,0.2335237457418718,0.2907435501820057
2022-23,2023-04-01,Man City,Liverpool,3,2022-23,Tuned Random Forest,H,H,0.7232037860296343,0.1491699764396442,0.1276262375307208
2022-23,2023-04-01,Nott'm Forest,Wolves,3,2022-23,Tuned Random Forest,D,H,0.4507779526498344,0.2475921172158477,0.301629930134318
2022-23,2023-04-02,Newcastle,Man United,3,2022-23,Tuned Random Forest,H,H,0.4417915302721932,0.265117277034505,0.2930911926933021
2022-23,2023-04-02,West Ham,Southampton,3,2022-23,Tuned Random Forest,H,H,0.4912146326441842,0.2844712837793448,0.2243140835764705
2022-23,2023-04-03,Everton,Tottenham,3,2022-23,Tuned Random Forest,D,A,0.2090409531414164,0.1989949594973856,0.5919640873611978
2022-23,2023-04-04,Bournemouth,Brighton,3,2022-23,Tuned Random Forest,A,A,0.234886362349389,0.2387221620441315,0.5263914756064796
2022-23,2023-04-04,Chelsea,Liverpool,3,2022-23,Tuned Random Forest,D,A,0.260298537874174,0.2201771051302831,0.5195243569955426
2022-23,2023-04-04,Leeds,Nott'm Forest,3,2022-23,Tuned Random Forest,H,H,0.5334237691606292,0.2172396924498636,0.2493365383895072
2022-23,2023-04-04,Leicester,Aston Villa,3,2022-23,Tuned Random Forest,A,H,0.3470452526251411,0.3194413083847915,0.3335134389900677
2022-23,2023-04-05,Man United,Brentford,3,2022-23,Tuned Random Forest,H,H,0.5109762823155501,0.2770880586737245,0.2119356590107253
2022-23,2023-04-05,West Ham,Newcastle,3,2022-23,Tuned Random Forest,A,A,0.2603311105379385,0.2313115740657105,0.5083573153963505
2022-23,2023-04-08,Aston Villa,Nott'm Forest,3,2022-23,Tuned Random Forest,H,H,0.6388234280705617,0.2064862098726319,0.1546903620568062
2022-23,2023-04-08,Brentford,Newcastle,3,2022-23,Tuned Random Forest,A,A,0.31408286162721,0.2655023185884733,0.4204148197843165
2022-23,2023-04-08,Fulham,West Ham,3,2022-23,Tuned Random Forest,A,H,0.4842182815020927,0.2355468161374553,0.2802349023604517
2022-23,2023-04-08,Leicester,Bournemouth,3,2022-23,Tuned Random Forest,A,H,0.5570719806119433,0.2490558432438414,0.1938721761442151
2022-23,2023-04-08,Man United,Everton,3,2022-23,Tuned Random Forest,H,H,0.6921287115944311,0.1767704713079157,0.1311008170976534
2022-23,2023-04-08,Southampton,Man City,3,2022-23,Tuned Random Forest,A,A,0.1184312988588317,0.1268194916235602,0.7547492095176074
2022-23,2023-04-08,Tottenham,Brighton,3,2022-23,Tuned Random Forest,H,H,0.5168386624953137,0.2674253895047153,0.2157359479999711
2022-23,2023-04-08,Wolves,Chelsea,3,2022-23,Tuned Random Forest,H,A,0.2603251100475544,0.2273514294900937,0.5123234604623516
2022-23,2023-04-09,Leeds,Crystal Palace,3,2022-23,Tuned Random Forest,A,H,0.4795916207731153,0.2359614799760842,0.2844468992508006
2022-23,2023-04-09,Liverpool,Arsenal,3,2022-23,Tuned Random Forest,D,H,0.3500148981169547,0.309542165649358,0.340442936233687
2022-23,2023-04-15,Aston Villa,Newcastle,3,2022-23,Tuned Random Forest,H,A,0.3158061685956024,0.2979755523597384,0.3862182790446591
2022-23,2023-04-15,Chelsea,Brighton,3,2022-23,Tuned Random Forest,A,H,0.3880170932037921,0.2974863514327988,0.3144965553634096
2022-23,2023-04-15,Everton,Fulham,3,2022-23,Tuned Random Forest,A,H,0.4644021746351267,0.2446605247817203,0.2909373005831533
2022-23,2023-04-15,Man City,Leicester,3,2022-23,Tuned Random Forest,H,H,0.8480633083990031,0.0744216008377357,0.0775150907632611
2022-23,2023-04-15,Southampton,Crystal Palace,3,2022-23,Tuned Random Forest,A,A,0.2953376428436868,0.2519179521660347,0.4527444049902788
2022-23,2023-04-15,Tottenham,Bournemouth,3,2022-23,Tuned Random Forest,A,H,0.7303047379009698,0.1657969341382448,0.1038983279607862
2022-23,2023-04-15,Wolves,Brentford,3,2022-23,Tuned Random Forest,H,A,0.3523120311964932,0.2811012188665361,0.3665867499369714
2022-23,2023-04-16,Nott'm Forest,Man United,3,2022-23,Tuned Random Forest,A,A,0.224862572226948,0.1814978746811657,0.5936395530918858
2022-23,2023-04-16,West Ham,Arsenal,3,2022-23,Tuned Random Forest,D,A,0.1432272895716954,0.1736769794622776,0.6830957309660264
2022-23,2023-04-17,Leeds,Liverpool,3,2022-23,Tuned Random Forest,A,A,0.1921983212485701,0.1786513842693245,0.6291502944821055
2022-23,2023-04-21,Arsenal,Southampton,3,2022-23,Tuned Random Forest,D,H,0.7873994820645348,0.1182166612056178,0.0943838567298476
2022-23,2023-04-22,Brentford,Aston Villa,3,2022-23,Tuned Random Forest,D,H,0.3631662404371133,0.3171020759546473,0.31973168360824
2022-23,2023-04-22,Crystal Palace,Everton,3,2022-23,Tuned Random Forest,D,H,0.510422742623165,0.2551576238367466,0.234419633540088
2022-23,2023-04-22,Fulham,Leeds,3,2022-23,Tuned Random Forest,H,H,0.4860294800430687,0.2622590759265946,0.2517114440303363
2022-23,2023-04-22,Leicester,Wolves,3,2022-23,Tuned Random Forest,H,H,0.4159134520170675,0.2702205130070918,0.3138660349758415
2022-23,2023-04-22,Liverpool,Nott'm Forest,3,2022-23,Tuned Random Forest,H,H,0.7968902720950504,0.1175548119325194,0.0855549159724294
2022-23,2023-04-23,Bournemouth,West Ham,3,2022-23,Tuned Random Forest,A,H,0.4219101526277947,0.2549606295930602,0.3231292177791446
2022-23,2023-04-23,Newcastle,Tottenham,3,2022-23,Tuned Random Forest,H,H,0.4506495188335976,0.2934564146264594,0.2558940665399423
2022-23,2023-04-25,Aston Villa,Fulham,3,2022-23,Tuned Random Forest,H,H,0.519166632186954,0.2615073217934923,0.2193260460195534
2022-23,2023-04-25,Leeds,Leicester,3,2022-23,Tuned Random Forest,D,H,0.4897223125154197,0.2346081637887238,0.2756695236958565
2022-23,2023-04-25,Wolves,Crystal Palace,3,2022-23,Tuned Random Forest,H,H,0.3707160602457519,0.2969830210061585,0.3323009187480898
2022-23,2023-04-26,Chelsea,Brentford,3,2022-23,Tuned Random Forest,A,H,0.4757644966169965,0.2620485594229572,0.262186943960046
2022-23,2023-04-26,Man City,Arsenal,3,2022-23,Tuned Random Forest,H,H,0.6032526569804544,0.2098150667329604,0.1869322762865849
2022-23,2023-04-26,Nott'm Forest,Brighton,3,2022-23,Tuned Random Forest,H,A,0.2441984216993056,0.2295643993871503,0.5262371789135439
2022-23,2023-04-26,West Ham,Liverpool,3,2022-23,Tuned Random Forest,A,A,0.2392985229510503,0.1798329732968798,0.5808685037520703
2022-23,2023-04-27,Everton,Newcastle,3,2022-23,Tuned Random Forest,A,A,0.1897703929371677,0.1946023485933544,0.6156272584694779
2022-23,2023-04-27,Southampton,Bournemouth,3,2022-23,Tuned Random Forest,A,H,0.4480327896790423,0.2609897105406518,0.2909774997803062
2022-23,2023-04-27,Tottenham,Man United,3,2022-23,Tuned Random Forest,D,H,0.4225342619749878,0.2704419823415495,0.3070237556834627
2022-23,2023-04-29,Brentford,Nott'm Forest,3,2022-23,Tuned Random Forest,H,H,0.6181377410241422,0.2115498007570233,0.170312458218835
2022-23,2023-04-29,Brighton,Wolves,3,2022-23,Tuned Random Forest,H,H,0.6336093321088152,0.2122452327393032,0.1541454351518809
2022-23,2023-04-29,Crystal Palace,West Ham,3,2022-23,Tuned Random Forest,H,H,0.4061359829290726,0.2702517784930914,0.3236122385778358
2022-23,2023-04-30,Bournemouth,Leeds,3,2022-23,Tuned Random Forest,H,H,0.4822291231347736,0.2581239415191332,0.2596469353460931
2022-23,2023-04-30,Fulham,Man City,3,2022-23,Tuned Random Forest,A,A,0.1169786443182706,0.1201438340692106,0.7628775216125182
2022-23,2023-04-30,Liverpool,Tottenham,3,2022-23,Tuned Random Forest,H,H,0.6222163974220513,0.202455155766385,0.1753284468115632
2022-23,2023-04-30,Man United,Aston Villa,3,2022-23,Tuned Random Forest,H,H,0.5499700002442321,0.2440385547281044,0.2059914450276636
2022-23,2023-04-30,Newcastle,Southampton,3,2022-23,Tuned Random Forest,H,H,0.7412524265712296,0.1558513109960883,0.1028962624326825
2022-23,2023-05-01,Leicester,Everton,3,2022-23,Tuned Random Forest,D,H,0.5315533965591149,0.2498193518730909,0.2186272515677935
2022-23,2023-05-02,Arsenal,Chelsea,3,2022-23,Tuned Random Forest,H,H,0.7227322378547819,0.1565339512408624,0.120733810904356
2022-23,2023-05-03,Liverpool,Fulham,3,2022-23,Tuned Random Forest,H,H,0.7508154054971167,0.1444594915033776,0.1047251029995064
2022-23,2023-05-03,Man City,West Ham,3,2022-23,Tuned Random Forest,H,H,0.8351026983414217,0.0830286497995182,0.0818686518590601
2022-23,2023-05-04,Brighton,Man United,3,2022-23,Tuned Random Forest,H,A,0.3659438589667262,0.2489310005854822,0.3851251404477914
2022-23,2023-05-06,Bournemouth,Chelsea,3,2022-23,Tuned Random Forest,A,H,0.3749752420571972,0.2583946593573099,0.3666300985854933
2022-23,2023-05-06,Liverpool,Brentford,3,2022-23,Tuned Random Forest,H,H,0.6746341564494416,0.1740333282499616,0.1513325153005977
2022-23,2023-05-06,Man City,Leeds,3,2022-23,Tuned Random Forest,H,H,0.8500281645057707,0.08142958154504,0.0685422539491887
2022-23,2023-05-06,Tottenham,Crystal Palace,3,2022-23,Tuned Random Forest,H,H,0.5579944810268113,0.2501233059280758,0.1918822130451127
2022-23,2023-05-06,Wolves,Aston Villa,3,2022-23,Tuned Random Forest,H,A,0.3213457349204171,0.276087115928025,0.4025671491515582
2022-23,2023-05-07,Newcastle,Arsenal,3,2022-23,Tuned Random Forest,A,H,0.3854669535048101,0.2806247523931558,0.3339082941020344
2022-23,2023-05-07,West Ham,Man United,3,2022-23,Tuned Random Forest,H,A,0.2562397443396657,0.2149787380845523,0.5287815175757818
2022-23,2023-05-08,Brighton,Everton,3,2022-23,Tuned Random Forest,A,H,0.6994836967348166,0.1887466533851362,0.1117696498800473
2022-23,2023-05-08,Fulham,Leicester,3,2022-23,Tuned Random Forest,H,H,0.440532132567619,0.2613144882922119,0.2981533791401692
2022-23,2023-05-08,Nott'm Forest,Southampton,3,2022-23,Tuned Random Forest,H,H,0.5347474094583962,0.2592496850522399,0.2060029054893635
2022-23,2023-05-13,Aston Villa,Tottenham,3,2022-23,Tuned Random Forest,H,H,0.4696543455685841,0.2358180288021432,0.2945276256292728
2022-23,2023-05-13,Chelsea,Nott'm Forest,3,2022-23,Tuned Random Forest,D,H,0.6108478407029662,0.2202620636423845,0.1688900956546495
2022-23,2023-05-13,Crystal Palace,Bournemouth,3,2022-23,Tuned Random Forest,H,H,0.5083583911301803,0.271386447589778,0.2202551612800412
2022-23,2023-05-13,Leeds,Newcastle,3,2022-23,Tuned Random Forest,D,A,0.190474752708071,0.1529041594643232,0.6566210878276061
2022-23,2023-05-13,Man United,Wolves,3,2022-23,Tuned Random Forest,H,H,0.683290868735906,0.1936781147345148,0.1230310165295796
2022-23,2023-05-13,Southampton,Fulham,3,2022-23,Tuned Random Forest,A,A,0.3004593444380857,0.2411402612838381,0.4584003942780769
2022-23,2023-05-14,Arsenal,Brighton,3,2022-23,Tuned Random Forest,A,H,0.7266047712317607,0.1480350263032248,0.1253602024650147
2022-23,2023-05-14,Brentford,West Ham,3,2022-23,Tuned Random Forest,H,H,0.4914549035904384,0.2666376186780401,0.2419074777315215
2022-23,2023-05-14,Everton,Man City,3,2022-23,Tuned Random Forest,A,A,0.1042310362776546,0.1006146087000969,0.795154355022248
2022-23,2023-05-15,Leicester,Liverpool,3,2022-23,Tuned Random Forest,A,A,0.158233710411429,0.1567561425356459,0.6850101470529247
2022-23,2023-05-18,Newcastle,Brighton,3,2022-23,Tuned Random Forest,H,H,0.5729711261789695,0.2251399436212783,0.2018889301997521
2022-23,2023-05-20,Bournemouth,Man United,3,2022-23,Tuned Random Forest,A,A,0.2132205212876219,0.1850173419318199,0.6017621367805578
2022-23,2023-05-20,Fulham,Crystal Palace,3,2022-23,Tuned Random Forest,D,H,0.404538309781389,0.282233075136046,0.3132286150825653
2022-23,2023-05-20,Liverpool,Aston Villa,3,2022-23,Tuned Random Forest,D,H,0.6651794179423843,0.1866986134439349,0.1481219686136818
2022-23,2023-05-20,Nott'm Forest,Arsenal,3,2022-23,Tuned Random Forest,H,A,0.2061808220720261,0.1713381798050982,0.6224809981228749
2022-23,2023-05-20,Tottenham,Brentford,3,2022-23,Tuned Random Forest,A,H,0.4940460775365769,0.2867169131397294,0.2192370093236942
2022-23,2023-05-20,Wolves,Everton,3,2022-23,Tuned Random Forest,D,H,0.4562229334609118,0.296264053779027,0.2475130127600606
2022-23,2023-05-21,Brighton,Southampton,3,2022-23,Tuned Random Forest,H,H,0.7121164117267512,0.18664542581878,0.1012381624544695
2022-23,2023-05-21,Man City,Chelsea,3,2022-23,Tuned Random Forest,H,H,0.8181928791720211,0.0962206418792747,0.0855864789487041
2022-23,2023-05-21,West Ham,Leeds,3,2022-23,Tuned Random Forest,H,H,0.5025506563884328,0.2765266468175459,0.2209226967940209
2022-23,2023-05-22,Newcastle,Leicester,3,2022-23,Tuned Random Forest,D,H,0.7686262184863295,0.1364369306792337,0.0949368508344369
2022-23,2023-05-24,Brighton,Man City,3,2022-23,Tuned Random Forest,D,A,0.1777004813630938,0.1719837638227277,0.6503157548141782
2022-23,2023-05-25,Man United,Chelsea,3,2022-23,Tuned Random Forest,H,H,0.5840402927412113,0.2454010124988659,0.1705586947599225
2022-23,2023-05-28,Arsenal,Wolves,3,2022-23,Tuned Random Forest,H,H,0.7632832521435156,0.1346012707980813,0.1021154770584032
2022-23,2023-05-28,Aston Villa,Brighton,3,2022-23,Tuned Random Forest,H,H,0.4234205303670175,0.2729448111296793,0.3036346585033033
2022-23,2023-05-28,Brentford,Man City,3,2022-23,Tuned Random Forest,H,A,0.1708910774118892,0.1648769871287183,0.6642319354593913
2022-23,2023-05-28,Chelsea,Newcastle,3,2022-23,Tuned Random Forest,D,A,0.2840292804765211,0.2159405344214755,0.5000301851020037
2022-23,2023-05-28,Crystal Palace,Nott'm Forest,3,2022-23,Tuned Random Forest,D,H,0.4937164688497281,0.2811096755316463,0.2251738556186252
2022-23,2023-05-28,Everton,Bournemouth,3,2022-23,Tuned Random Forest,H,H,0.461625024477821,0.280588749896017,0.2577862256261618
2022-23,2023-05-28,Leeds,Tottenham,3,2022-23,Tuned Random Forest,A,A,0.2912960008230778,0.205251466632346,0.5034525325445756
2022-23,2023-05-28,Leicester,West Ham,3,2022-23,Tuned Random Forest,H,H,0.4335352943226936,0.2534112477562363,0.3130534579210702
2022-23,2023-05-28,Man United,Fulham,3,2022-23,Tuned Random Forest,H,H,0.657505860572291,0.1957614976846899,0.1467326417430196
2022-23,2023-05-28,Southampton,Liverpool,3,2022-23,Tuned Random Forest,D,A,0.1285429538977549,0.111189475344706,0.7602675707575388
2023-24,2023-08-11,Burnley,Man City,4,2023-24,Tuned Random Forest,A,A,0.2025932222536371,0.1898537684860387,0.6075530092603252
2023-24,2023-08-12,Arsenal,Nott'm Forest,4,2023-24,Tuned Random Forest,H,H,0.730854322484828,0.1577655072613851,0.1113801702537867
2023-24,2023-08-12,Bournemouth,West Ham,4,2023-24,Tuned Random Forest,D,A,0.3379867193651091,0.2696219528384985,0.3923913277963922
2023-24,2023-08-12,Brighton,Luton,4,2023-24,Tuned Random Forest,H,H,0.5520689216961598,0.2443226030043268,0.2036084752995137
2023-24,2023-08-12,Everton,Fulham,4,2023-24,Tuned Random Forest,A,H,0.3580806042095147,0.2839018523169067,0.3580175434735792
2023-24,2023-08-12,Newcastle,Aston Villa,4,2023-24,Tuned Random Forest,H,H,0.4595232208484136,0.2692569094201836,0.2712198697314027
2023-24,2023-08-12,Sheffield United,Crystal Palace,4,2023-24,Tuned Random Forest,A,A,0.2663214892792767,0.2372293734450239,0.4964491372756995
2023-24,2023-08-13,Brentford,Tottenham,4,2023-24,Tuned Random Forest,D,H,0.3877640857057327,0.2738628628760021,0.3383730514182655
2023-24,2023-08-13,Chelsea,Liverpool,4,2023-24,Tuned Random Forest,D,A,0.2367516820550842,0.1883259535709675,0.5749223643739486
2023-24,2023-08-14,Man United,Wolves,4,2023-24,Tuned Random Forest,H,H,0.6805234708762493,0.1910924924792582,0.1283840366444922
2023-24,2023-08-18,Nott'm Forest,Sheffield United,4,2023-24,Tuned Random Forest,H,H,0.4744580054704154,0.274544103672183,0.2509978908574022
2023-24,2023-08-19,Fulham,Brentford,4,2023-24,Tuned Random Forest,A,A,0.2967871720950499,0.235089492227264,0.468123335677686
2023-24,2023-08-19,Liverpool,Bournemouth,4,2023-24,Tuned Random Forest,H,H,0.6911728971549487,0.1689989387520737,0.1398281640929771
2023-24,2023-08-19,Man City,Newcastle,4,2023-24,Tuned Random Forest,H,H,0.6127026570079711,0.2130934560854097,0.1742038869066188
2023-24,2023-08-19,Tottenham,Man United,4,2023-24,Tuned Random Forest,H,A,0.3196087243349862,0.2620510473623377,0.418340228302676
2023-24,2023-08-19,Wolves,Brighton,4,2023-24,Tuned Random Forest,A,A,0.2395903572501695,0.2329909470120116,0.5274186957378193
2023-24,2023-08-20,Aston Villa,Everton,4,2023-24,Tuned Random Forest,H,H,0.5513855174920412,0.2455672069417169,0.203047275566242
2023-24,2023-08-20,West Ham,Chelsea,4,2023-24,Tuned Random Forest,H,A,0.3399810699555879,0.2812015037432487,0.3788174263011638
2023-24,2023-08-21,Crystal Palace,Arsenal,4,2023-24,Tuned Random Forest,A,A,0.2302010034054492,0.1866603905813253,0.5831386060132262
2023-24,2023-08-25,Chelsea,Luton,4,2023-24,Tuned Random Forest,H,H,0.5057636523027239,0.2626149514817642,0.2316213962155121
2023-24,2023-08-26,Arsenal,Fulham,4,2023-24,Tuned Random Forest,D,H,0.7779979912311608,0.1247779226403916,0.0972240861284468
2023-24,2023-08-26,Bournemouth,Tottenham,4,2023-24,Tuned Random Forest,A,A,0.2063245806022595,0.2172091440976792,0.5764662753000619
2023-24,2023-08-26,Brentford,Crystal Palace,4,2023-24,Tuned Random Forest,D,H,0.5489278607186506,0.2464723818939585,0.2045997573873909
2023-24,2023-08-26,Brighton,West Ham,4,2023-24,Tuned Random Forest,A,H,0.5613206404031322,0.2454270360834182,0.1932523235134495
2023-24,2023-08-26,Everton,Wolves,4,2023-24,Tuned Random Forest,A,H,0.3633610328695871,0.295709100724309,0.340929866406104
2023-24,2023-08-26,Man United,Nott'm Forest,4,2023-24,Tuned Random Forest,H,H,0.6433159501009148,0.2016494843746417,0.1550345655244433
2023-24,2023-08-27,Burnley,Aston Villa,4,2023-24,Tuned Random Forest,A,A,0.2572708858758873,0.2240620408229267,0.5186670733011861
2023-24,2023-08-27,Newcastle,Liverpool,4,2023-24,Tuned Random Forest,A,A,0.321722895627163,0.2471003186855132,0.4311767856873237
2023-24,2023-08-27,Sheffield United,Man City,4,2023-24,Tuned Random Forest,A,A,0.1755061115115959,0.2103629125664024,0.6141309759220025
2023-24,2023-09-01,Luton,West Ham,4,2023-24,Tuned Random Forest,A,A,0.3397477790887876,0.2975930467910731,0.3626591741201388
2023-24,2023-09-02,Brentford,Bournemouth,4,2023-24,Tuned Random Forest,D,H,0.7039834903006328,0.172690635894553,0.1233258738048141
2023-24,2023-09-02,Brighton,Newcastle,4,2023-24,Tuned Random Forest,H,H,0.3878251947524898,0.2702821396078068,0.3418926656397034
2023-24,2023-09-02,Burnley,Tottenham,4,2023-24,Tuned Random Forest,A,A,0.2203037731908965,0.2338567218171111,0.5458395049919925
2023-24,2023-09-02,Chelsea,Nott'm Forest,4,2023-24,Tuned Random Forest,A,H,0.5052810585160367,0.2613613628612816,0.2333575786226819
2023-24,2023-09-02,Man City,Fulham,4,2023-24,Tuned Random Forest,H,H,0.8063693721045446,0.1058270124545892,0.0878036154408655
2023-24,2023-09-02,Sheffield United,Everton,4,2023-24,Tuned Random Forest,D,H,0.3700800816266674,0.2795851428778345,0.3503347754954979
2023-24,2023-09-03,Arsenal,Man United,4,2023-24,Tuned Random Forest,H,H,0.473477241683888,0.2789715702457694,0.2475511880703428
2023-24,2023-09-03,Crystal Palace,Wolves,4,2023-24,Tuned Random Forest,H,H,0.4511892296678844,0.2818556293344166,0.2669551409976994
2023-24,2023-09-03,Liverpool,Aston Villa,4,2023-24,Tuned Random Forest,H,H,0.6338258987535602,0.210385537569681,0.1557885636767588
2023-24,2023-09-16,Aston Villa,Crystal Palace,4,2023-24,Tuned Random Forest,H,H,0.4683575453734763,0.2771471606078132,0.2544952940187109
2023-24,2023-09-16,Fulham,Luton,4,2023-24,Tuned Random Forest,H,H,0.4445486098866084,0.2890968455989144,0.2663545445144776
2023-24,2023-09-16,Man United,Brighton,4,2023-24,Tuned Random Forest,A,H,0.4463686019139209,0.2771852935300916,0.2764461045559871
2023-24,2023-09-16,Newcastle,Brentford,4,2023-24,Tuned Random Forest,H,H,0.4094769867884055,0.2898569097300427,0.3006661034815517
2023-24,2023-09-16,Tottenham,Sheffield United,4,2023-24,Tuned Random Forest,H,H,0.7898971232730077,0.1203491811568204,0.0897536955701721
2023-24,2023-09-16,West Ham,Man City,4,2023-24,Tuned Random Forest,A,A,0.2113070870525936,0.1961259934420119,0.5925669195053951
2023-24,2023-09-16,Wolves,Liverpool,4,2023-24,Tuned Random Forest,A,A,0.1845352896370008,0.1993726926042081,0.6160920177587914
2023-24,2023-09-17,Bournemouth,Chelsea,4,2023-24,Tuned Random Forest,D,A,0.2885338294786989,0.2494333006190583,0.462032869902243
2023-24,2023-09-17,Everton,Arsenal,4,2023-24,Tuned Random Forest,A,A,0.1770660372144362,0.2033031155721321,0.6196308472134323
2023-24,2023-09-18,Nott'm Forest,Burnley,4,2023-24,Tuned Random Forest,D,H,0.4863061038617254,0.2901493396954696,0.2235445564428057
2023-24,2023-09-23,Brentford,Everton,4,2023-24,Tuned Random Forest,A,H,0.6054320451935297,0.2314783443834252,0.1630896104230454
2023-24,2023-09-23,Burnley,Man United,4,2023-24,Tuned Random Forest,A,A,0.208171339272955,0.2117803889010183,0.580048271826027
2023-24,2023-09-23,Crystal Palace,Fulham,4,2023-24,Tuned Random Forest,D,H,0.476158259946188,0.2805612070866004,0.2432805329672122
2023-24,2023-09-23,Luton,Wolves,4,2023-24,Tuned Random Forest,D,H,0.4459008071858014,0.2595208208897825,0.2945783719244159
2023-24,2023-09-23,Man City,Nott'm Forest,4,2023-24,Tuned Random Forest,H,H,0.827127980769592,0.0960929570400545,0.0767790621903525
2023-24,2023-09-24,Arsenal,Tottenham,4,2023-24,Tuned Random Forest,D,H,0.4900309691270447,0.2827223159310966,0.227246714941859
2023-24,2023-09-24,Brighton,Bournemouth,4,2023-24,Tuned Random Forest,H,H,0.6981820378105134,0.1814620802715748,0.1203558819179117
2023-24,2023-09-24,Chelsea,Aston Villa,4,2023-24,Tuned Random Forest,A,A,0.3413998669923506,0.2818373938262596,0.37676273918139
2023-24,2023-09-24,Liverpool,West Ham,4,2023-24,Tuned Random Forest,H,H,0.7452007379974261,0.1456716876679889,0.1091275743345848
2023-24,2023-09-24,Sheffield United,Newcastle,4,2023-24,Tuned Random Forest,A,A,0.2035824067738122,0.2162381288181535,0.5801794644080345
2023-24,2023-09-30,Aston Villa,Brighton,4,2023-24,Tuned Random Forest,H,H,0.3589829859479044,0.318689927992823,0.3223270860592727
2023-24,2023-09-30,Bournemouth,Arsenal,4,2023-24,Tuned Random Forest,A,A,0.1529838169245438,0.1856341782672524,0.6613820048082034
2023-24,2023-09-30,Everton,Luton,4,2023-24,Tuned Random Forest,A,H,0.449328030955779,0.2605400110805285,0.2901319579636925
2023-24,2023-09-30,Man United,Crystal Palace,4,2023-24,Tuned Random Forest,A,H,0.6077642608711257,0.2336097101969589,0.158626028931916
2023-24,2023-09-30,Newcastle,Burnley,4,2023-24,Tuned Random Forest,H,H,0.7116749719884302,0.1703396060112366,0.1179854220003332
2023-24,2023-09-30,Tottenham,Liverpool,4,2023-24,Tuned Random Forest,H,A,0.2724178884240154,0.207494408979707,0.520087702596278
2023-24,2023-09-30,West Ham,Sheffield United,4,2023-24,Tuned Random Forest,H,H,0.5807988495025377,0.2482713606552369,0.1709297898422256
2023-24,2023-09-30,Wolves,Man City,4,2023-24,Tuned Random Forest,H,A,0.1162294002020232,0.1791462960439595,0.7046243037540171
2023-24,2023-10-01,Nott'm Forest,Brentford,4,2023-24,Tuned Random Forest,D,A,0.3270017937217895,0.2634299593405353,0.4095682469376749
2023-24,2023-10-02,Fulham,Chelsea,4,2023-24,Tuned Random Forest,A,H,0.3713085917968892,0.2843360662456899,0.3443553419574206
2023-24,2023-10-03,Luton,Burnley,4,2023-24,Tuned Random Forest,A,H,0.5006785917398349,0.2861540930382887,0.2131673152218771
2023-24,2023-10-07,Burnley,Chelsea,4,2023-24,Tuned Random Forest,A,A,0.273252845901234,0.2587675855572776,0.4679795685414887
2023-24,2023-10-07,Crystal Palace,Nott'm Forest,4,2023-24,Tuned Random Forest,D,H,0.5056243397986594,0.2705462172356948,0.2238294429656459
2023-24,2023-10-07,Everton,Bournemouth,4,2023-24,Tuned Random Forest,H,H,0.4814207866006715,0.2874302536641954,0.2311489597351338
2023-24,2023-10-07,Fulham,Sheffield United,4,2023-24,Tuned Random Forest,H,H,0.5404468247998022,0.2768611261265921,0.1826920490736062
2023-24,2023-10-07,Luton,Tottenham,4,2023-24,Tuned Random Forest,A,A,0.1563144129012984,0.202409509560577,0.6412760775381249
2023-24,2023-10-07,Man United,Brentford,4,2023-24,Tuned Random Forest,H,H,0.5205215078342375,0.2590840379839277,0.2203944541818353
2023-24,2023-10-08,Arsenal,Man City,4,2023-24,Tuned Random Forest,H,A,0.2974513953954386,0.2284887763883931,0.4740598282161685
2023-24,2023-10-08,Brighton,Liverpool,4,2023-24,Tuned Random Forest,D,A,0.2684158452838639,0.1968673678475761,0.5347167868685604
2023-24,2023-10-08,West Ham,Newcastle,4,2023-24,Tuned Random Forest,D,A,0.2699496832240911,0.2204271957691147,0.5096231210067942
2023-24,2023-10-08,Wolves,Aston Villa,4,2023-24,Tuned Random Forest,D,A,0.2105833249398823,0.2182050351785213,0.5712116398815963
2023-24,2023-10-21,Bournemouth,Wolves,4,2023-24,Tuned Random Forest,A,A,0.3056488301251719,0.2607181538785681,0.43363301599626
2023-24,2023-10-21,Brentford,Burnley,4,2023-24,Tuned Random Forest,H,H,0.5637330099626203,0.2612905313061091,0.1749764587312708
2023-24,2023-10-21,Chelsea,Arsenal,4,2023-24,Tuned Random Forest,D,A,0.1734007732414227,0.1939970137174079,0.632602213041169
2023-24,2023-10-21,Liverpool,Everton,4,2023-24,Tuned Random Forest,H,H,0.8028295407139694,0.1118794498380902,0.0852910094479402
2023-24,2023-10-21,Man City,Brighton,4,2023-24,Tuned Random Forest,H,H,0.7312664589766834,0.1557847562783248,0.1129487847449914
2023-24,2023-10-21,Newcastle,Crystal Palace,4,2023-24,Tuned Random Forest,H,H,0.6404397870602022,0.2293855707033592,0.1301746422364383
2023-24,2023-10-21,Nott'm Forest,Luton,4,2023-24,Tuned Random Forest,D,H,0.4738835408445461,0.2906378053727481,0.2354786537827066
2023-24,2023-10-21,Sheffield United,Man United,4,2023-24,Tuned Random Forest,A,A,0.1888149322448144,0.2209882509266094,0.5901968168285765
2023-24,2023-10-22,Aston Villa,West Ham,4,2023-24,Tuned Random Forest,H,H,0.5381932260688381,0.257021196232511,0.2047855776986509
2023-24,2023-10-23,Tottenham,Fulham,4,2023-24,Tuned Random Forest,H,H,0.742831375808572,0.1535508570280964,0.103617767163331
2023-24,2023-10-27,Crystal Palace,Tottenham,4,2023-24,Tuned Random Forest,A,A,0.2119223872025668,0.2172889257897946,0.570788687007639
2023-24,2023-10-28,Arsenal,Sheffield United,4,2023-24,Tuned Random Forest,H,H,0.7751400487468754,0.1341598058758309,0.0907001453772936
2023-24,2023-10-28,Bournemouth,Burnley,4,2023-24,Tuned Random Forest,H,H,0.5103267391262116,0.2278458012739507,0.2618274595998378
2023-24,2023-10-28,Chelsea,Brentford,4,2023-24,Tuned Random Forest,A,H,0.4166855049674222,0.2557569822346219,0.3275575127979563
2023-24,2023-10-28,Wolves,Newcastle,4,2023-24,Tuned Random Forest,D,A,0.2021363935759751,0.2102071466703284,0.5876564597536968
2023-24,2023-10-29,Aston Villa,Luton,4,2023-24,Tuned Random Forest,H,H,0.7215481255097486,0.1704977208006014,0.1079541536896501
2023-24,2023-10-29,Brighton,Fulham,4,2023-24,Tuned Random Forest,D,H,0.6441582529091362,0.2096339830444647,0.1462077640463992
2023-24,2023-10-29,Liverpool,Nott'm Forest,4,2023-24,Tuned Random Forest,H,H,0.7656218415945314,0.1339057679090463,0.1004723904964225
2023-24,2023-10-29,Man United,Man City,4,2023-24,Tuned Random Forest,A,A,0.2669878286457259,0.2223720874736617,0.5106400838806127
2023-24,2023-10-29,West Ham,Everton,4,2023-24,Tuned Random Forest,A,H,0.5067140898257744,0.2744604521400317,0.2188254580341945
2023-24,2023-11-04,Brentford,West Ham,4,2023-24,Tuned Random Forest,H,H,0.5340144900771627,0.2490420219792178,0.2169434879436192
2023-24,2023-11-04,Burnley,Crystal Palace,4,2023-24,Tuned Random Forest,A,A,0.2912138677088525,0.2583507218528808,0.450435410438267
2023-24,2023-11-04,Everton,Brighton,4,2023-24,Tuned Random Forest,D,A,0.2766237507615544,0.2277300653085159,0.4956461839299297
2023-24,2023-11-04,Fulham,Man United,4,2023-24,Tuned Random Forest,A,A,0.2405091579777718,0.2183256088943663,0.5411652331278619
2023-24,2023-11-04,Man City,Bournemouth,4,2023-24,Tuned Random Forest,H,H,0.7817859264046706,0.1251837275849117,0.0930303460104175
2023-24,2023-11-04,Newcastle,Arsenal,4,2023-24,Tuned Random Forest,H,A,0.3038581123420539,0.2462158403873562,0.4499260472705902
2023-24,2023-11-04,Sheffield United,Wolves,4,2023-24,Tuned Random Forest,H,A,0.2512080896737366,0.2417772909540982,0.5070146193721649
2023-24,2023-11-05,Luton,Liverpool,4,2023-24,Tuned Random Forest,D,A,0.145519754326752,0.1872341304524841,0.6672461152207639
2023-24,2023-11-05,Nott'm Forest,Aston Villa,4,2023-24,Tuned Random Forest,H,A,0.1996743827330171,0.2230312700478909,0.5772943472190917
2023-24,2023-11-06,Tottenham,Chelsea,4,2023-24,Tuned Random Forest,A,H,0.6917439117626433,0.1865393048604767,0.1217167833768797
2023-24,2023-11-11,Arsenal,Burnley,4,2023-24,Tuned Random Forest,H,H,0.7518351024689711,0.1495554478996509,0.0986094496313782
2023-24,2023-11-11,Bournemouth,Newcastle,4,2023-24,Tuned Random Forest,H,A,0.1902964941001332,0.1969460175027449,0.6127574883971223
2023-24,2023-11-11,Crystal Palace,Everton,4,2023-24,Tuned Random Forest,A,H,0.5177088176763915,0.2566247386254528,0.2256664436981559
2023-24,2023-11-11,Man United,Luton,4,2023-24,Tuned Random Forest,H,H,0.6695817353331334,0.1884170150065498,0.142001249660317
2023-24,2023-11-11,Wolves,Tottenham,4,2023-24,Tuned Random Forest,H,A,0.2606604230358498,0.2210679862507711,0.5182715907133797
2023-24,2023-11-12,Aston Villa,Fulham,4,2023-24,Tuned Random Forest,H,H,0.6788376832167838,0.1929591917746938,0.1282031250085225
2023-24,2023-11-12,Brighton,Sheffield United,4,2023-24,Tuned Random Forest,D,H,0.713406627049437,0.1675276647263285,0.1190657082242351
2023-24,2023-11-12,Chelsea,Man City,4,2023-24,Tuned Random Forest,D,A,0.1855312268909894,0.1923412862691288,0.6221274868398825
2023-24,2023-11-12,Liverpool,Brentford,4,2023-24,Tuned Random Forest,H,H,0.7094054272614718,0.1660074557627421,0.1245871169757851
2023-24,2023-11-12,West Ham,Nott'm Forest,4,2023-24,Tuned Random Forest,H,H,0.4207164172934205,0.2658556901370182,0.3134278925695615
2023-24,2023-11-25,Brentford,Arsenal,4,2023-24,Tuned Random Forest,A,A,0.2552836377325836,0.2221626131151965,0.52255374915222
2023-24,2023-11-25,Burnley,West Ham,4,2023-24,Tuned Random Forest,A,A,0.2844933622929088,0.2452439671802295,0.4702626705268616
2023-24,2023-11-25,Luton,Crystal Palace,4,2023-24,Tuned Random Forest,H,H,0.4223208410778465,0.2601261900018706,0.3175529689202832
2023-24,2023-11-25,Man City,Liverpool,4,2023-24,Tuned Random Forest,D,H,0.5586548562758182,0.2494020321492227,0.1919431115749592
2023-24,2023-11-25,Newcastle,Chelsea,4,2023-24,Tuned Random Forest,H,H,0.5832598388525623,0.2381816834611506,0.1785584776862872
2023-24,2023-11-25,Nott'm Forest,Brighton,4,2023-24,Tuned Random Forest,A,A,0.2611107308359329,0.2377465714284128,0.5011426977356543
2023-24,2023-11-25,Sheffield United,Bournemouth,4,2023-24,Tuned Random Forest,A,H,0.5138350499073986,0.2180796355332758,0.2680853145593259
2023-24,2023-11-26,Everton,Man United,4,2023-24,Tuned Random Forest,A,A,0.2530513188617084,0.2330735455565204,0.5138751355817712
2023-24,2023-11-26,Tottenham,Aston Villa,4,2023-24,Tuned Random Forest,A,H,0.4493906947859163,0.3012432937326612,0.2493660114814229
2023-24,2023-11-27,Fulham,Wolves,4,2023-24,Tuned Random Forest,H,H,0.397954357981707,0.2806594006003847,0.321386241417908
2023-24,2023-12-02,Arsenal,Wolves,4,2023-24,Tuned Random Forest,H,H,0.7754252431330735,0.1299234251421122,0.0946513317248147
2023-24,2023-12-02,Brentford,Luton,4,2023-24,Tuned Random Forest,H,H,0.5729706645908963,0.2446312658536811,0.1823980695554224
2023-24,2023-12-02,Burnley,Sheffield United,4,2023-24,Tuned Random Forest,H,H,0.569504280930246,0.2193899157912895,0.2111058032784649
2023-24,2023-12-02,Newcastle,Man United,4,2023-24,Tuned Random Forest,H,H,0.4843735966078689,0.2507714164996624,0.2648549868924695
2023-24,2023-12-02,Nott'm Forest,Everton,4,2023-24,Tuned Random Forest,A,H,0.4881779295841532,0.2444818297294858,0.2673402406863611
2023-24,2023-12-03,Bournemouth,Aston Villa,4,2023-24,Tuned Random Forest,D,A,0.1865135995611762,0.2153683819822615,0.5981180184565628
2023-24,2023-12-03,Chelsea,Brighton,4,2023-24,Tuned Random Forest,H,H,0.3859076398430273,0.2774883002833091,0.3366040598736639
2023-24,2023-12-03,Liverpool,Fulham,4,2023-24,Tuned Random Forest,H,H,0.7756049344762547,0.129303622937188,0.0950914425865582
2023-24,2023-12-03,Man City,Tottenham,4,2023-24,Tuned Random Forest,D,H,0.7435191071941686,0.1458096435061307,0.1106712492997009
2023-24,2023-12-03,West Ham,Crystal Palace,4,2023-24,Tuned Random Forest,D,H,0.4916808815913091,0.2706543934184608,0.23766472499023
2023-24,2023-12-05,Luton,Arsenal,4,2023-24,Tuned Random Forest,A,A,0.1240007005336339,0.1492804599229205,0.7267188395434462
2023-24,2023-12-05,Wolves,Burnley,4,2023-24,Tuned Random Forest,H,H,0.5022691469491298,0.2866900598979919,0.2110407931528788
2023-24,2023-12-06,Aston Villa,Man City,4,2023-24,Tuned Random Forest,H,A,0.2695883422443855,0.1846603424382537,0.5457513153173614
2023-24,2023-12-06,Brighton,Brentford,4,2023-24,Tuned Random Forest,H,H,0.4619265401626122,0.2740789435091779,0.2639945163282098
2023-24,2023-12-06,Crystal Palace,Bournemouth,4,2023-24,Tuned Random Forest,A,H,0.5091049958350495,0.2795089396563881,0.2113860645085625
2023-24,2023-12-06,Fulham,Nott'm Forest,4,2023-24,Tuned Random Forest,H,H,0.4821198147668016,0.2756594427760504,0.2422207424571482
2023-24,2023-12-06,Man United,Chelsea,4,2023-24,Tuned Random Forest,H,H,0.5273192749313546,0.2519637159922749,0.2207170090763703
2023-24,2023-12-06,Sheffield United,Liverpool,4,2023-24,Tuned Random Forest,A,A,0.1335361188542352,0.1647791874458071,0.7016846936999578
2023-24,2023-12-07,Everton,Newcastle,4,2023-24,Tuned Random Forest,H,A,0.2470351770639674,0.225956276572526,0.5270085463635067
2023-24,2023-12-07,Tottenham,West Ham,4,2023-24,Tuned Random Forest,A,H,0.6531755769607255,0.2048185654962553,0.1420058575430191
2023-24,2023-12-09,Aston Villa,Arsenal,4,2023-24,Tuned Random Forest,H,A,0.3240051561405381,0.2269272750490639,0.4490675688103983
2023-24,2023-12-09,Brighton,Burnley,4,2023-24,Tuned Random Forest,D,H,0.7050866534101954,0.1795341794522065,0.1153791671375976
2023-24,2023-12-09,Crystal Palace,Liverpool,4,2023-24,Tuned Random Forest,A,A,0.1481209593228405,0.1860251600838494,0.6658538805933106
2023-24,2023-12-09,Man United,Bournemouth,4,2023-24,Tuned Random Forest,A,H,0.704087984123393,0.1754869090895515,0.1204251067870556
2023-24,2023-12-09,Sheffield United,Brentford,4,2023-24,Tuned Random Forest,H,A,0.2190003602670996,0.2189929208513378,0.5620067188815626
2023-24,2023-12-09,Wolves,Nott'm Forest,4,2023-24,Tuned Random Forest,D,H,0.5046402628352861,0.2781053775200611,0.2172543596446531
2023-24,2023-12-10,Everton,Chelsea,4,2023-24,Tuned Random Forest,H,H,0.3799766166482796,0.2734777910079805,0.3465455923437395
2023-24,2023-12-10,Fulham,West Ham,4,2023-24,Tuned Random Forest,H,A,0.3508409775930337,0.2896894859709394,0.3594695364360271
2023-24,2023-12-10,Luton,Man City,4,2023-24,Tuned Random Forest,A,A,0.1714185928481766,0.1755268017563797,0.6530546053954442
2023-24,2023-12-10,Tottenham,Newcastle,4,2023-24,Tuned Random Forest,H,H,0.4067187646251351,0.2974944866051507,0.2957867487697145
2023-24,2023-12-15,Nott'm Forest,Tottenham,4,2023-24,Tuned Random Forest,A,A,0.2447573625904999,0.2375984279404955,0.5176442094690048
2023-24,2023-12-16,Burnley,Everton,4,2023-24,Tuned Random Forest,A,A,0.2846979920190998,0.2533085753039545,0.4619934326769456
2023-24,2023-12-16,Chelsea,Sheffield United,4,2023-24,Tuned Random Forest,H,H,0.6990415955456657,0.1656720396967346,0.1352863647575994
2023-24,2023-12-16,Man City,Crystal Palace,4,2023-24,Tuned Random Forest,D,H,0.7679184519268464,0.1295100792616471,0.1025714688115075
2023-24,2023-12-16,Newcastle,Fulham,4,2023-24,Tuned Random Forest,H,H,0.6577315500607428,0.2020785569610765,0.1401898929781803
2023-24,2023-12-17,Arsenal,Brighton,4,2023-24,Tuned Random Forest,H,H,0.6752796754528958,0.1840774424367657,0.1406428821103382
2023-24,2023-12-17,Brentford,Aston Villa,4,2023-24,Tuned Random Forest,A,A,0.2383154010099683,0.2372198599598343,0.5244647390301973
2023-24,2023-12-17,Liverpool,Man United,4,2023-24,Tuned Random Forest,D,H,0.7331754983254265,0.1494519655293762,0.1173725361451975
2023-24,2023-12-17,West Ham,Wolves,4,2023-24,Tuned Random Forest,H,H,0.4699858167409508,0.2820200803593803,0.2479941028996692
2023-24,2023-12-21,Crystal Palace,Brighton,4,2023-24,Tuned Random Forest,D,A,0.281081190900506,0.2438388218067355,0.4750799872927587
2023-24,2023-12-22,Aston Villa,Sheffield United,4,2023-24,Tuned Random Forest,D,H,0.7768226692299849,0.1305308399370099,0.0926464908330055
2023-24,2023-12-23,Fulham,Burnley,4,2023-24,Tuned Random Forest,A,H,0.5462714245071701,0.2561901823187089,0.1975383931741211
2023-24,2023-12-23,Liverpool,Arsenal,4,2023-24,Tuned Random Forest,D,H,0.4652123303048338,0.2801925931302109,0.2545950765649558
2023-24,2023-12-23,Luton,Newcastle,4,2023-24,Tuned Random Forest,H,A,0.2109332045965831,0.1891857150796976,0.5998810803237192
2023-24,2023-12-23,Nott'm Forest,Bournemouth,4,2023-24,Tuned Random Forest,A,H,0.3679082831715746,0.3280930360893753,0.3039986807390505
2023-24,2023-12-23,Tottenham,Everton,4,2023-24,Tuned Random Forest,H,H,0.6443800554719556,0.2051087516015711,0.1505111929264738
2023-24,2023-12-23,West Ham,Man United,4,2023-24,Tuned Random Forest,H,A,0.3046928533605383,0.2367354635667103,0.4585716830727517
2023-24,2023-12-24,Wolves,Chelsea,4,2023-24,Tuned Random Forest,H,H,0.3760296670754033,0.267233713637668,0.3567366192869286
2023-24,2023-12-26,Bournemouth,Fulham,4,2023-24,Tuned Random Forest,H,H,0.4134861752999258,0.2685122422616383,0.3180015824384357
2023-24,2023-12-26,Burnley,Liverpool,4,2023-24,Tuned Random Forest,A,A,0.1620149452888886,0.1644887228249367,0.6734963318861757
2023-24,2023-12-26,Man United,Aston Villa,4,2023-24,Tuned Random Forest,H,H,0.3604981089046548,0.3214961422764759,0.3180057488188692
2023-24,2023-12-26,Newcastle,Nott'm Forest,4,2023-24,Tuned Random Forest,A,H,0.7293973669785716,0.1644442420552519,0.1061583909661769
2023-24,2023-12-26,Sheffield United,Luton,4,2023-24,Tuned Random Forest,A,A,0.3192341967672247,0.240992342130915,0.4397734611018603
2023-24,2023-12-27,Brentford,Wolves,4,2023-24,Tuned Random Forest,A,H,0.4762731245556865,0.2767694671155522,0.246957408328762
2023-24,2023-12-27,Chelsea,Crystal Palace,4,2023-24,Tuned Random Forest,H,H,0.503588628373123,0.2771047478395996,0.2193066237872779
2023-24,2023-12-27,Everton,Man City,4,2023-24,Tuned Random Forest,A,A,0.2129858389147678,0.187497777704362,0.5995163833808708
2023-24,2023-12-28,Arsenal,West Ham,4,2023-24,Tuned Random Forest,A,H,0.7395376700146261,0.1447236331388429,0.1157386968465309
2023-24,2023-12-28,Brighton,Tottenham,4,2023-24,Tuned Random Forest,H,H,0.356287039056389,0.3122075444270966,0.3315054165165145
2023-24,2023-12-30,Aston Villa,Burnley,4,2023-24,Tuned Random Forest,H,H,0.725192707184833,0.168302760812577,0.10650453200259
2023-24,2023-12-30,Crystal Palace,Brentford,4,2023-24,Tuned Random Forest,H,H,0.4683906280383876,0.2476747187003654,0.2839346532612469
2023-24,2023-12-30,Luton,Chelsea,4,2023-24,Tuned Random Forest,A,A,0.3090135165782496,0.2574388658255289,0.4335476175962214
2023-24,2023-12-30,Man City,Sheffield United,4,2023-24,Tuned Random Forest,H,H,0.7956555979743544,0.1151977504254035,0.0891466516002426
2023-24,2023-12-30,Nott'm Forest,Man United,4,2023-24,Tuned Random Forest,H,A,0.2249408651013952,0.2273860681677015,0.5476730667309037
2023-24,2023-12-30,Wolves,Everton,4,2023-24,Tuned Random Forest,H,H,0.3842763047176393,0.2981429353619393,0.3175807599204216
2023-24,2023-12-31,Fulham,Arsenal,4,2023-24,Tuned Random Forest,H,A,0.1926431126195614,0.1884858154543691,0.6188710719260696
2023-24,2023-12-31,Tottenham,Bournemouth,4,2023-24,Tuned Random Forest,H,H,0.6751662064319003,0.1879466814561458,0.1368871121119542
2023-24,2024-01-01,Liverpool,Newcastle,4,2023-24,Tuned Random Forest,H,H,0.6917834939423407,0.1692239592263054,0.138992546831354
2023-24,2024-01-02,West Ham,Brighton,4,2023-24,Tuned Random Forest,D,H,0.3842147642785931,0.2758613121655113,0.3399239235558953
2023-24,2024-01-12,Burnley,Luton,4,2023-24,Tuned Random Forest,D,H,0.4486807982343664,0.2419167528232434,0.30940244894239
2023-24,2024-01-13,Chelsea,Fulham,4,2023-24,Tuned Random Forest,H,H,0.5128144276915831,0.2759323167447745,0.2112532555636426
2023-24,2024-01-13,Newcastle,Man City,4,2023-24,Tuned Random Forest,A,A,0.2326249115540831,0.1918135541212041,0.5755615343247127
2023-24,2024-01-14,Everton,Aston Villa,4,2023-24,Tuned Random Forest,D,A,0.2609368641285939,0.2410393207174397,0.4980238151539664
2023-24,2024-01-14,Man United,Tottenham,4,2023-24,Tuned Random Forest,D,D,0.3362680835619581,0.3541512052741077,0.3095807111639341
2023-24,2024-01-20,Arsenal,Crystal Palace,4,2023-24,Tuned Random Forest,H,H,0.7442247336472338,0.1447396010250919,0.1110356653276739
2023-24,2024-01-20,Brentford,Nott'm Forest,4,2023-24,Tuned Random Forest,H,H,0.4883531606189304,0.2748702997537028,0.2367765396273673
2023-24,2024-01-21,Bournemouth,Liverpool,4,2023-24,Tuned Random Forest,A,A,0.1590968157816771,0.1847557318144994,0.6561474524038232
2023-24,2024-01-21,Sheffield United,West Ham,4,2023-24,Tuned Random Forest,D,A,0.1999998488907395,0.2199025712473457,0.5800975798619148
2023-24,2024-01-22,Brighton,Wolves,4,2023-24,Tuned Random Forest,D,H,0.5437629502082095,0.2560144030681908,0.2002226467236002
2023-24,2024-01-30,Aston Villa,Newcastle,4,2023-24,Tuned Random Forest,A,H,0.5923567714165412,0.2278178871795796,0.1798253414038797
2023-24,2024-01-30,Crystal Palace,Sheffield United,4,2023-24,Tuned Random Forest,H,H,0.6334412174988058,0.202809661047777,0.1637491214534175
2023-24,2024-01-30,Fulham,Everton,4,2023-24,Tuned Random Forest,D,H,0.4080858592264469,0.276684118078095,0.3152300226954581
2023-24,2024-01-30,Luton,Brighton,4,2023-24,Tuned Random Forest,H,A,0.255753863533215,0.2352393786963211,0.5090067577704642
2023-24,2024-01-30,Nott'm Forest,Arsenal,4,2023-24,Tuned Random Forest,A,A,0.1931858245984793,0.1778260824422652,0.628988092959256
2023-24,2024-01-31,Liverpool,Chelsea,4,2023-24,Tuned Random Forest,H,H,0.774742601042132,0.1273116060566929,0.097945792901175
2023-24,2024-01-31,Man City,Burnley,4,2023-24,Tuned Random Forest,H,H,0.8019207569938546,0.1157513258512078,0.0823279171549378
2023-24,2024-01-31,Tottenham,Brentford,4,2023-24,Tuned Random Forest,H,H,0.6350510785815844,0.218238837228171,0.1467100841902453
2023-24,2024-02-01,West Ham,Bournemouth,4,2023-24,Tuned Random Forest,D,H,0.5017069950120826,0.2854296536460895,0.2128633513418279
2023-24,2024-02-01,Wolves,Man United,4,2023-24,Tuned Random Forest,A,A,0.3363802155025371,0.2420392712848279,0.4215805132126348
2023-24,2024-02-03,Brighton,Crystal Palace,4,2023-24,Tuned Random Forest,H,H,0.5386792296709452,0.2631192816153093,0.1982014887137461
2023-24,2024-02-03,Burnley,Fulham,4,2023-24,Tuned Random Forest,D,A,0.3661956903432906,0.2318059136847217,0.4019983959719881
2023-24,2024-02-03,Everton,Tottenham,4,2023-24,Tuned Random Forest,D,A,0.2555058276029455,0.2217672589865484,0.5227269134105061
2023-24,2024-02-03,Newcastle,Luton,4,2023-24,Tuned Random Forest,D,H,0.6589527059184951,0.2005063002202394,0.1405409938612654
2023-24,2024-02-03,Sheffield United,Aston Villa,4,2023-24,Tuned Random Forest,A,A,0.1946007213062455,0.1986392848155376,0.6067599938782174
2023-24,2024-02-04,Arsenal,Liverpool,4,2023-24,Tuned Random Forest,H,H,0.3820444957042296,0.3056756120022119,0.3122798922935583
2023-24,2024-02-04,Bournemouth,Nott'm Forest,4,2023-24,Tuned Random Forest,D,H,0.4511733368315395,0.3068137052176847,0.2420129579507758
2023-24,2024-02-04,Chelsea,Wolves,4,2023-24,Tuned Random Forest,A,H,0.4498161501164167,0.2951055658168494,0.2550782840667348
2023-24,2024-02-04,Man United,West Ham,4,2023-24,Tuned Random Forest,H,H,0.474899524261638,0.2837726833571143,0.2413277923812474
2023-24,2024-02-05,Brentford,Man City,4,2023-24,Tuned Random Forest,A,A,0.1485740083752191,0.1786152267782634,0.6728107648465173
2023-24,2024-02-10,Fulham,Bournemouth,4,2023-24,Tuned Random Forest,H,H,0.4266692329820272,0.2617463313151744,0.3115844357027981
2023-24,2024-02-10,Liverpool,Burnley,4,2023-24,Tuned Random Forest,H,H,0.8020557103202012,0.1202942254967405,0.0776500641830579
2023-24,2024-02-10,Luton,Sheffield United,4,2023-24,Tuned Random Forest,A,H,0.6530798992405615,0.1978754353206676,0.1490446654387714
2023-24,2024-02-10,Man City,Everton,4,2023-24,Tuned Random Forest,H,H,0.7735406740928291,0.1293562370043549,0.0971030889028159
2023-24,2024-02-10,Nott'm Forest,Newcastle,4,2023-24,Tuned Random Forest,A,A,0.297982590054443,0.2335417092137929,0.4684757007317647
2023-24,2024-02-10,Tottenham,Brighton,4,2023-24,Tuned Random Forest,H,H,0.6072210920668075,0.2173704861721799,0.1754084217610135
2023-24,2024-02-10,Wolves,Brentford,4,2023-24,Tuned Random Forest,A,H,0.4965881929130447,0.2648287618437123,0.238583045243243
2023-24,2024-02-11,Aston Villa,Man United,4,2023-24,Tuned Random Forest,A,H,0.5094759230847629,0.2461270521384518,0.2443970247767858
2023-24,2024-02-11,West Ham,Arsenal,4,2023-24,Tuned Random Forest,A,A,0.2475605428940099,0.2165972839192758,0.5358421731867143
2023-24,2024-02-12,Crystal Palace,Chelsea,4,2023-24,Tuned Random Forest,A,H,0.3779925587833379,0.2722723010738187,0.3497351401428433
2023-24,2024-02-17,Brentford,Liverpool,4,2023-24,Tuned Random Forest,A,A,0.131738077446636,0.1719887193356459,0.6962732032177178
2023-24,2024-02-17,Burnley,Arsenal,4,2023-24,Tuned Random Forest,A,A,0.1296848247819194,0.1603213599075694,0.7099938153105114
2023-24,2024-02-17,Fulham,Aston Villa,4,2023-24,Tuned Random Forest,A,A,0.2816969948090251,0.2250812761368447,0.4932217290541303
2023-24,2024-02-17,Man City,Chelsea,4,2023-24,Tuned Random Forest,D,H,0.8100794192768097,0.1007504943322501,0.0891700863909399
2023-24,2024-02-17,Newcastle,Bournemouth,4,2023-24,Tuned Random Forest,D,H,0.6595003813485446,0.2059034312834327,0.1345961873680227
2023-24,2024-02-17,Nott'm Forest,West Ham,4,2023-24,Tuned Random Forest,H,A,0.328202388785862,0.2340231442125165,0.4377744670016219
2023-24,2024-02-17,Tottenham,Wolves,4,2023-24,Tuned Random Forest,A,H,0.6781056549834081,0.1896048725696807,0.132289472446911
2023-24,2024-02-18,Luton,Man United,4,2023-24,Tuned Random Forest,A,A,0.2125800282295671,0.2133395813014691,0.5740803904689635
2023-24,2024-02-18,Sheffield United,Brighton,4,2023-24,Tuned Random Forest,A,A,0.2051370650825076,0.2104162842238928,0.5844466506935991
2023-24,2024-02-19,Everton,Crystal Palace,4,2023-24,Tuned Random Forest,D,H,0.4842997991745659,0.2774729554826481,0.2382272453427856
2023-24,2024-02-20,Man City,Brentford,4,2023-24,Tuned Random Forest,H,H,0.7962678931798247,0.1169018994376006,0.0868302073825753
2023-24,2024-02-21,Liverpool,Luton,4,2023-24,Tuned Random Forest,H,H,0.8243264401048043,0.1012639210069358,0.07440963888826
2023-24,2024-02-24,Arsenal,Newcastle,4,2023-24,Tuned Random Forest,H,H,0.7194313848208472,0.1585140700831979,0.1220545450959545
2023-24,2024-02-24,Aston Villa,Nott'm Forest,4,2023-24,Tuned Random Forest,H,H,0.7157523051769232,0.1691640260941974,0.1150836687288788
2023-24,2024-02-24,Bournemouth,Man City,4,2023-24,Tuned Random Forest,A,A,0.1336302463748185,0.1576877487279386,0.7086820048972424
2023-24,2024-02-24,Brighton,Everton,4,2023-24,Tuned Random Forest,D,H,0.5910084026394641,0.2318498270485066,0.1771417703120296
2023-24,2024-02-24,Crystal Palace,Burnley,4,2023-24,Tuned Random Forest,H,H,0.5312304283029115,0.2660256024157568,0.2027439692813317
2023-24,2024-02-24,Man United,Fulham,4,2023-24,Tuned Random Forest,A,H,0.7031688528114999,0.1724816646361342,0.1243494825523662
2023-24,2024-02-25,Wolves,Sheffield United,4,2023-24,Tuned Random Forest,H,H,0.6757588254186049,0.1964144921742427,0.1278266824071526
2023-24,2024-02-26,West Ham,Brentford,4,2023-24,Tuned Random Forest,H,H,0.4694522392979393,0.2613340011421527,0.2692137595599079
2023-24,2024-03-02,Brentford,Chelsea,4,2023-24,Tuned Random Forest,D,H,0.3733691794376109,0.2690668540341001,0.3575639665282895
2023-24,2024-03-02,Everton,West Ham,4,2023-24,Tuned Random Forest,A,H,0.4748755406569463,0.2262589869659622,0.2988654723770917
2023-24,2024-03-02,Fulham,Brighton,4,2023-24,Tuned Random Forest,H,A,0.3043894201617408,0.2548336529428452,0.4407769268954142
2023-24,2024-03-02,Luton,Aston Villa,4,2023-24,Tuned Random Forest,A,A,0.1890278530479753,0.204052415603914,0.606919731348111
2023-24,2024-03-02,Newcastle,Wolves,4,2023-24,Tuned Random Forest,H,H,0.5656733046535728,0.2294312364918689,0.2048954588545583
2023-24,2024-03-02,Nott'm Forest,Liverpool,4,2023-24,Tuned Random Forest,A,A,0.1235562709474387,0.1459044162101816,0.7305393128423796
2023-24,2024-03-02,Tottenham,Crystal Palace,4,2023-24,Tuned Random Forest,H,H,0.7210227479441725,0.1684129904309423,0.1105642616248853
2023-24,2024-03-03,Burnley,Bournemouth,4,2023-24,Tuned Random Forest,A,A,0.2875692824738614,0.2392911487791527,0.4731395687469856
2023-24,2024-03-03,Man City,Man United,4,2023-24,Tuned Random Forest,H,H,0.7643013766665023,0.1351575463793569,0.1005410769541403
2023-24,2024-03-04,Sheffield United,Arsenal,4,2023-24,Tuned Random Forest,A,A,0.1180634892495607,0.1360295293447626,0.7459069814056764
2023-24,2024-03-09,Arsenal,Brentford,4,2023-24,Tuned Random Forest,H,H,0.8240268049134264,0.101341157012561,0.0746320380740122
2023-24,2024-03-09,Bournemouth,Sheffield United,4,2023-24,Tuned Random Forest,D,H,0.6302348577224807,0.2246003643615633,0.1451647779159557
2023-24,2024-03-09,Crystal Palace,Luton,4,2023-24,Tuned Random Forest,D,H,0.4860022067761449,0.2876977811311739,0.226300012092681
2023-24,2024-03-09,Man United,Everton,4,2023-24,Tuned Random Forest,H,H,0.6355472067400599,0.207660696989934,0.1567920962700064
2023-24,2024-03-09,Wolves,Fulham,4,2023-24,Tuned Random Forest,H,H,0.4404596595466157,0.2910327181179963,0.2685076223353883
2023-24,2024-03-10,Aston Villa,Tottenham,4,2023-24,Tuned Random Forest,A,H,0.495561485276141,0.2689350450608107,0.2355034696630489
2023-24,2024-03-10,Brighton,Nott'm Forest,4,2023-24,Tuned Random Forest,H,H,0.5970422170534835,0.2379703889264592,0.1649873940200575
2023-24,2024-03-10,Liverpool,Man City,4,2023-24,Tuned Random Forest,D,H,0.4469817421800873,0.2798107747171929,0.2732074831027196
2023-24,2024-03-10,West Ham,Burnley,4,2023-24,Tuned Random Forest,D,H,0.6545701755128449,0.2074432285820016,0.137986595905153
2023-24,2024-03-11,Chelsea,Newcastle,4,2023-24,Tuned Random Forest,H,H,0.3869512238309813,0.2783977831766468,0.3346509929923722
2023-24,2024-03-13,Bournemouth,Luton,4,2023-24,Tuned Random Forest,H,H,0.5225449813308619,0.2655478575360925,0.2119071611330459
2023-24,2024-03-16,Burnley,Brentford,4,2023-24,Tuned Random Forest,H,A,0.3308787460399998,0.2219299174442717,0.4471913365157288
2023-24,2024-03-16,Fulham,Tottenham,4,2023-24,Tuned Random Forest,H,A,0.2559602948700814,0.2286780140261402,0.5153616911037784
2023-24,2024-03-16,Luton,Nott'm Forest,4,2023-24,Tuned Random Forest,D,H,0.4715895175177956,0.2428432054155384,0.2855672770666661
2023-24,2024-03-17,West Ham,Aston Villa,4,2023-24,Tuned Random Forest,D,A,0.3518060133840394,0.2436197450373565,0.4045742415786044
2023-24,2024-03-30,Aston Villa,Wolves,4,2023-24,Tuned Random Forest,H,H,0.6530882546138892,0.1915884472615521,0.1553232981245597
2023-24,2024-03-30,Bournemouth,Everton,4,2023-24,Tuned Random Forest,H,H,0.5011372525012202,0.2364632504507762,0.2623994970480038
2023-24,2024-03-30,Brentford,Man United,4,2023-24,Tuned Random Forest,D,A,0.2821523900685709,0.2311375599134776,0.4867100500179516
2023-24,2024-03-30,Chelsea,Burnley,4,2023-24,Tuned Random Forest,D,H,0.67164077414381,0.1981160073304765,0.1302432185257139
2023-24,2024-03-30,Newcastle,West Ham,4,2023-24,Tuned Random Forest,H,H,0.548065200330765,0.2406397123844991,0.2112950872847364
2023-24,2024-03-30,Nott'm Forest,Crystal Palace,4,2023-24,Tuned Random Forest,D,H,0.4425791117457485,0.2440732905877342,0.3133475976665175
2023-24,2024-03-30,Sheffield United,Fulham,4,2023-24,Tuned Random Forest,D,A,0.2312222523591898,0.2129031480797116,0.5558745995610985
2023-24,2024-03-30,Tottenham,Luton,4,2023-24,Tuned Random Forest,H,H,0.6901560124335488,0.1969959030433467,0.1128480845231045
2023-24,2024-03-31,Liverpool,Brighton,4,2023-24,Tuned Random Forest,H,H,0.7921725957129478,0.1126345790843299,0.095192825202722
2023-24,2024-03-31,Man City,Arsenal,4,2023-24,Tuned Random Forest,D,H,0.5158377628516192,0.2661804707704506,0.2179817663779302
2023-24,2024-04-02,Bournemouth,Crystal Palace,4,2023-24,Tuned Random Forest,H,H,0.4556677824879246,0.2940869560480811,0.2502452614639942
2023-24,2024-04-02,Burnley,Wolves,4,2023-24,Tuned Random Forest,D,A,0.2663366626764007,0.2290312887706385,0.5046320485529605
2023-24,2024-04-02,Newcastle,Everton,4,2023-24,Tuned Random Forest,D,H,0.6741531853481519,0.1963207055958349,0.1295261090560129
2023-24,2024-04-02,Nott'm Forest,Fulham,4,2023-24,Tuned Random Forest,H,A,0.3227757969975963,0.3329500745472448,0.3442741284551596
2023-24,2024-04-02,West Ham,Tottenham,4,2023-24,Tuned Random Forest,D,A,0.3396257131385523,0.2366785901709147,0.4236956966905332
2023-24,2024-04-03,Arsenal,Luton,4,2023-24,Tuned Random Forest,H,H,0.8411987150998896,0.0929146305563884,0.0658866543437222
2023-24,2024-04-03,Brentford,Brighton,4,2023-24,Tuned Random Forest,D,A,0.3195544161750366,0.2530886824950077,0.4273569013299556
2023-24,2024-04-03,Man City,Aston Villa,4,2023-24,Tuned Random Forest,H,H,0.704479988672275,0.1597292824653278,0.1357907288623971
2023-24,2024-04-04,Chelsea,Man United,4,2023-24,Tuned Random Forest,H,A,0.3371232937218891,0.2573737739553823,0.4055029323227285
2023-24,2024-04-04,Liverpool,Sheffield United,4,2023-24,Tuned Random Forest,H,H,0.8332431031179565,0.0992911426885292,0.067465754193514
2023-24,2024-04-06,Aston Villa,Brentford,4,2023-24,Tuned Random Forest,D,H,0.66803316750277,0.1991956626673753,0.1327711698298548
2023-24,2024-04-06,Brighton,Arsenal,4,2023-24,Tuned Random Forest,A,A,0.1569605369680246,0.1855016992128639,0.6575377638191112
2023-24,2024-04-06,Crystal Palace,Man City,4,2023-24,Tuned Random Forest,A,A,0.1475499648943942,0.1731758069889797,0.6792742281166264
2023-24,2024-04-06,Everton,Burnley,4,2023-24,Tuned Random Forest,H,H,0.5857407197339809,0.2378936040368321,0.1763656762291869
2023-24,2024-04-06,Fulham,Newcastle,4,2023-24,Tuned Random Forest,A,A,0.2898962552245435,0.2192007540834755,0.4909029906919811
2023-24,2024-04-06,Luton,Bournemouth,4,2023-24,Tuned Random Forest,H,A,0.3128366410920846,0.2772672485521164,0.409896110355799
2023-24,2024-04-06,Wolves,West Ham,4,2023-24,Tuned Random Forest,A,H,0.4133988406038991,0.2683137206405631,0.3182874387555379
2023-24,2024-04-07,Man United,Liverpool,4,2023-24,Tuned Random Forest,D,A,0.2654113039184763,0.2220117288612812,0.5125769672202424
2023-24,2024-04-07,Sheffield United,Chelsea,4,2023-24,Tuned Random Forest,D,A,0.1954051755262127,0.2029540097263379,0.6016408147474491
2023-24,2024-04-07,Tottenham,Nott'm Forest,4,2023-24,Tuned Random Forest,H,H,0.6971709708019862,0.1925644770967416,0.1102645521012719
2023-24,2024-04-13,Bournemouth,Man United,4,2023-24,Tuned Random Forest,D,A,0.2942556415374766,0.2166938995901557,0.4890504588723673
2023-24,2024-04-13,Brentford,Sheffield United,4,2023-24,Tuned Random Forest,H,H,0.6247380419920675,0.2310585173085036,0.1442034406994288
2023-24,2024-04-13,Burnley,Brighton,4,2023-24,Tuned Random Forest,D,A,0.2574700918837465,0.2022144956835561,0.540315412432697
2023-24,2024-04-13,Man City,Luton,4,2023-24,Tuned Random Forest,H,H,0.8152637775492307,0.1046345157996476,0.080101706651122
2023-24,2024-04-13,Newcastle,Tottenham,4,2023-24,Tuned Random Forest,H,H,0.3978790728113122,0.3136175099410693,0.2885034172476187
2023-24,2024-04-13,Nott'm Forest,Wolves,4,2023-24,Tuned Random Forest,D,H,0.4281701131092324,0.2451399137045532,0.3266899731862145
2023-24,2024-04-14,Arsenal,Aston Villa,4,2023-24,Tuned Random Forest,A,H,0.7472370769916348,0.1386784736245885,0.1140844493837766
2023-24,2024-04-14,Liverpool,Crystal Palace,4,2023-24,Tuned Random Forest,A,H,0.7988022026770585,0.1164476074084372,0.084750189914505
2023-24,2024-04-14,West Ham,Fulham,4,2023-24,Tuned Random Forest,A,H,0.5344495025258725,0.2536985160394028,0.2118519814347249
2023-24,2024-04-15,Chelsea,Everton,4,2023-24,Tuned Random Forest,H,H,0.5406254085319876,0.2563261810802464,0.2030484103877662
2023-24,2024-04-20,Luton,Brentford,4,2023-24,Tuned Random Forest,A,H,0.4064869125952057,0.2603646054501552,0.3331484819546393
2023-24,2024-04-20,Sheffield United,Burnley,4,2023-24,Tuned Random Forest,A,H,0.4344645565083315,0.2476387602531158,0.3178966832385526
2023-24,2024-04-20,Wolves,Arsenal,4,2023-24,Tuned Random Forest,A,A,0.1613939506195617,0.1571230800932719,0.6814829692871663
2023-24,2024-04-21,Aston Villa,Bournemouth,4,2023-24,Tuned Random Forest,H,H,0.6871786685494407,0.1815259368595585,0.1312953945910005
2023-24,2024-04-21,Crystal Palace,West Ham,4,2023-24,Tuned Random Forest,H,H,0.4060926867438039,0.264090457308509,0.3298168559476874
2023-24,2024-04-21,Everton,Nott'm Forest,4,2023-24,Tuned Random Forest,H,H,0.4785277066208915,0.2747807998413282,0.2466914935377804
2023-24,2024-04-21,Fulham,Liverpool,4,2023-24,Tuned Random Forest,A,A,0.2076711683272341,0.1927052782701876,0.599623553402579
2023-24,2024-04-23,Arsenal,Chelsea,4,2023-24,Tuned Random Forest,H,H,0.7480116387689935,0.142858151759346,0.1091302094716599
2023-24,2024-04-24,Crystal Palace,Newcastle,4,2023-24,Tuned Random Forest,H,A,0.2556589666879587,0.2436338818242867,0.5007071514877549
2023-24,2024-04-24,Everton,Liverpool,4,2023-24,Tuned Random Forest,H,A,0.1790370348063653,0.1851340019308209,0.6358289632628145
2023-24,2024-04-24,Man United,Sheffield United,4,2023-24,Tuned Random Forest,H,H,0.7291250379376313,0.1629805292319172,0.1078944328304518
2023-24,2024-04-24,Wolves,Bournemouth,4,2023-24,Tuned Random Forest,A,H,0.4806024224954348,0.2653577060771345,0.2540398714274306
2023-24,2024-04-25,Brighton,Man City,4,2023-24,Tuned Random Forest,A,A,0.1754356835818406,0.1864554642953399,0.6381088521228189
2023-24,2024-04-27,Aston Villa,Chelsea,4,2023-24,Tuned Random Forest,D,H,0.6255357051067363,0.2076898429779919,0.1667744519152726
2023-24,2024-04-27,Everton,Brentford,4,2023-24,Tuned Random Forest,H,H,0.3908908734842989,0.2799663210570957,0.3291428054586057
2023-24,2024-04-27,Fulham,Crystal Palace,4,2023-24,Tuned Random Forest,D,H,0.425625208399877,0.2691339960796327,0.3052407955204903
2023-24,2024-04-27,Man United,Burnley,4,2023-24,Tuned Random Forest,D,H,0.7060142228784565,0.1800937657177154,0.1138920114038278
2023-24,2024-04-27,Newcastle,Sheffield United,4,2023-24,Tuned Random Forest,H,H,0.737076890658556,0.1656624728141341,0.0972606365273101
2023-24,2024-04-27,West Ham,Liverpool,4,2023-24,Tuned Random Forest,D,A,0.2287674913229107,0.206805319759204,0.5644271889178852
2023-24,2024-04-27,Wolves,Luton,4,2023-24,Tuned Random Forest,H,H,0.5210896330035208,0.2706532696982394,0.20825709729824
2023-24,2024-04-28,Bournemouth,Brighton,4,2023-24,Tuned Random Forest,H,H,0.4207237501567087,0.26334110423758,0.3159351456057111
2023-24,2024-04-28,Nott'm Forest,Man City,4,2023-24,Tuned Random Forest,A,A,0.1102928091767532,0.1498351649337353,0.739872025889511
2023-24,2024-04-28,Tottenham,Arsenal,4,2023-24,Tuned Random Forest,A,A,0.267739369176393,0.2105113801835062,0.5217492506401005
2023-24,2024-05-02,Chelsea,Tottenham,4,2023-24,Tuned Random Forest,H,H,0.3966795958016428,0.2826862591056885,0.3206341450926691
2023-24,2024-05-03,Luton,Everton,4,2023-24,Tuned Random Forest,D,A,0.2856317320028963,0.2402199515989471,0.4741483163981566
2023-24,2024-05-04,Arsenal,Bournemouth,4,2023-24,Tuned Random Forest,H,H,0.8004833065824315,0.1133679030802989,0.0861487903372693
2023-24,2024-05-04,Brentford,Fulham,4,2023-24,Tuned Random Forest,D,H,0.44336153747498,0.2533710451391112,0.3032674173859093
2023-24,2024-05-04,Burnley,Newcastle,4,2023-24,Tuned Random Forest,A,A,0.2035968029453547,0.1862084681619583,0.6101947288926876
2023-24,2024-05-04,Man City,Wolves,4,2023-24,Tuned Random Forest,H,H,0.8182506825394907,0.1007558907222468,0.0809934267382618
2023-24,2024-05-04,Sheffield United,Nott'm Forest,4,2023-24,Tuned Random Forest,A,A,0.3221997636588644,0.2206365171854737,0.4571637191556628
2023-24,2024-05-05,Brighton,Aston Villa,4,2023-24,Tuned Random Forest,H,A,0.2883057770991557,0.2402862087915627,0.4714080141092817
2023-24,2024-05-05,Chelsea,West Ham,4,2023-24,Tuned Random Forest,H,H,0.5817001969560657,0.2338935124690327,0.1844062905749019
2023-24,2024-05-05,Liverpool,Tottenham,4,2023-24,Tuned Random Forest,H,H,0.6899822509033428,0.1767132407551082,0.1333045083415489
2023-24,2024-05-06,Crystal Palace,Man United,4,2023-24,Tuned Random Forest,H,A,0.2966685165012291,0.2146743394099911,0.4886571440887796
2023-24,2024-05-11,Bournemouth,Brentford,4,2023-24,Tuned Random Forest,A,H,0.4046696859092255,0.2920328312561088,0.3032974828346661
2023-24,2024-05-11,Everton,Sheffield United,4,2023-24,Tuned Random Forest,H,H,0.6429927452807801,0.2169028323932414,0.1401044223259784
2023-24,2024-05-11,Fulham,Man City,4,2023-24,Tuned Random Forest,A,A,0.113098898057268,0.1532953807477673,0.7336057211949645
2023-24,2024-05-11,Newcastle,Brighton,4,2023-24,Tuned Random Forest,D,H,0.6839809961995215,0.1756734240941726,0.1403455797063058
2023-24,2024-05-11,Nott'm Forest,Chelsea,4,2023-24,Tuned Random Forest,A,A,0.2317814304405229,0.225134931478692,0.5430836380807849
2023-24,2024-05-11,Tottenham,Burnley,4,2023-24,Tuned Random Forest,H,H,0.6999365588514617,0.1771136498176918,0.1229497913308458
2023-24,2024-05-11,West Ham,Luton,4,2023-24,Tuned Random Forest,H,H,0.5516800079158615,0.2542600622566628,0.1940599298274755
2023-24,2024-05-11,Wolves,Crystal Palace,4,2023-24,Tuned Random Forest,A,H,0.3715436951401725,0.3179664256346829,0.3104898792251446
2023-24,2024-05-12,Man United,Arsenal,4,2023-24,Tuned Random Forest,A,A,0.2334559780568351,0.2247926535386033,0.5417513684045616
2023-24,2024-05-13,Aston Villa,Liverpool,4,2023-24,Tuned Random Forest,D,A,0.3699450648083852,0.2133765296664935,0.4166784055251213
2023-24,2024-05-14,Tottenham,Man City,4,2023-24,Tuned Random Forest,A,A,0.2065981032472139,0.1956924229197075,0.5977094738330785
2023-24,2024-05-15,Brighton,Chelsea,4,2023-24,Tuned Random Forest,A,H,0.3986844508351949,0.2947425014141073,0.3065730477506976
2023-24,2024-05-15,Man United,Newcastle,4,2023-24,Tuned Random Forest,H,H,0.4005158476041523,0.3181988176278182,0.2812853347680293
2023-24,2024-05-19,Arsenal,Everton,4,2023-24,Tuned Random Forest,H,H,0.8348714605947761,0.0927015187705361,0.0724270206346873
2023-24,2024-05-19,Brentford,Newcastle,4,2023-24,Tuned Random Forest,A,A,0.2971874771471063,0.2326944209610581,0.4701181018918357
2023-24,2024-05-19,Brighton,Man United,4,2023-24,Tuned Random Forest,A,H,0.3940350363862466,0.2435350592319709,0.3624299043817828
2023-24,2024-05-19,Burnley,Nott'm Forest,4,2023-24,Tuned Random Forest,A,H,0.4591782653594208,0.2350468108523053,0.305774923788274
2023-24,2024-05-19,Chelsea,Bournemouth,4,2023-24,Tuned Random Forest,H,H,0.6963784984206127,0.1862878839869588,0.1173336175924285
2023-24,2024-05-19,Crystal Palace,Aston Villa,4,2023-24,Tuned Random Forest,H,A,0.3115780876907509,0.2266103767006091,0.4618115356086398
2023-24,2024-05-19,Liverpool,Wolves,4,2023-24,Tuned Random Forest,H,H,0.7971995098647102,0.1189179737457217,0.0838825163895678
2023-24,2024-05-19,Luton,Fulham,4,2023-24,Tuned Random Forest,A,A,0.3680046369916772,0.2460234766051501,0.3859718864031728
2023-24,2024-05-19,Man City,West Ham,4,2023-24,Tuned Random Forest,H,H,0.8397470062296676,0.090393315659764,0.0698596781105681
2023-24,2024-05-19,Sheffield United,Tottenham,4,2023-24,Tuned Random Forest,A,A,0.1902902715949818,0.189787743984611,0.6199219844204078
